128 60
468703.17090431211
0.037430580268485815
0.095068693478332023
0.081973208891369512
0.09291943228930867
0.082733834226215178
0.091433240265100135
0.12424088988587755
0.089472736107078232
0.078751453531585025
0.084262873357947007
0.081744646493574047
0.13788065947352174
0.10019065965225465
0.091101784938741326
0.12486101206974219
0.098647758398386076
0.090273690208232144
0.083582429169124728
0.080078471169817408
0.081745660859506936
0.10932268320089991
0.083917932312577756
0.082354905084637178
0.10081480412739491
0.10842536304047513
0.088776051161529979
0.12651541954221993
0.084623553646207356
0.093802960948975347
0.079356305693484744
0.072894287823284026
0.034715819265443294
0.081925648984466332
0.16641761447319595
0.18610926456902849
0.20430167299903734
0.18425470693109139
0.1948468628151015
0.20568293787310232
0.21043987994382701
0.21624113696207356
0.18711894446536256
0.19122740600515115
0.2055830539027263
0.2288243799686889
0.21457758650150394
0.19777327269965586
0.26485947695543505
0.19809913477523639
0.18923528827721822
0.20227098378609729
0.18895737021547834
0.18547193145266652
0.20186331851885028
0.24274140930545432
0.18347752593246636
0.21470415613141036
0.23300635901238453
0.22075366107543565
0.1968671188535345
0.19090171493440752
0.18514416082499854
0.18327426978668682
0.083697078185406337
0.081660087946023488
0.17706951047230807
0.22112853874665703
0.20506341843223772
0.20010706037059761
0.21116453093261942
0.22580718589450163
0.21102365451898741
0.18627448724373635
0.20539229555670843
0.28338689145694734
0.20283966972740264
0.20353540137321469
0.24113892607397211
0.19304942873409778
0.22587902471006799
0.22241036893002886
0.19396617123005697
0.20740658123555555
0.2314769217148433
0.20570917778952183
0.20585999614391817
0.22557806582757689
0.20132845960696452
0.20647750472550602
0.22073421208703287
0.2401731149950288
0.21946942922930074
0.21943613936581252
0.2424958544171647
0.21342001714748499
0.10110225217275019
0.10089223825802753
0.24049134387009211
0.21986191291252774
0.25394871428427718
0.23098168143321987
0.19587852994710739
0.22301024736919825
0.22644943435064557
0.19518827559537405
0.19038003700517239
0.21093724814415274
0.20961238522061557
0.21227346155171464
0.23670383213289925
0.19923852558260913
0.21590082728347282
0.20116073894796943
0.2352664377589731
0.25240708457714317
0.23164480126577683
0.19256548464396592
0.20436280157298783
0.22153752716162364
0.24719317218788375
0.20654024247540889
0.2132408824974861
0.21044518832041659
0.21060297384211601
0.21058352499823724
0.21911950179773082
0.24027223004056678
0.086724357440590982
0.091864375092092596
0.19156224045638279
0.222588386070737
0.22519556462643397
0.20012004697217764
0.21201997227649427
0.22164796301696699
0.22912406347019229
0.20316427425041608
0.20201899881227747
0.24456044202640562
0.20492303896939365
0.19303639807521034
0.21901533603146747
0.22707074701436941
0.21116973415879797
0.2050820124102381
0.26538987921919505
0.2353265964084777
0.19160680535933472
0.20451861098585694
0.21232927393154175
0.24652990462255178
0.23923656786227337
0.21979214213044002
0.21949850358117437
0.20204240588563291
0.22098121369054891
0.2029129689955165
0.23121787231840821
0.20739129068793208
0.085410981263840113
0.10806467218389969
0.18727427267492472
0.24717749984313583
0.2035185472253245
0.19629137011350775
0.2117691464565177
0.18829964009252501
0.20161467426579324
0.20144441350224138
0.1875640378008549
0.19718253614221881
0.22932070116330458
0.22369585346431878
0.23218587933536528
0.23790813468392449
0.22289869738509779
0.20457472205967928
0.21819879422383831
0.1945137453765455
0.20684940291991821
0.20129340354880712
0.21904730642212147
0.21041099476991726
0.2555533705782212
0.24784250639997532
0.23247925148302626
0.20264873271239989
0.23535636808466703
0.21323892688256543
0.21359898453158385
0.22136690644293144
0.087001295129591386
0.14260868410706112
0.18760361543800386
0.19248958630608762
0.21368967989725149
0.2253116894482817
0.21889635803525256
0.22677163808509238
0.20788448574409549
0.19724655729766352
0.28277309928163785
0.21738808160302225
0.19272057760573141
0.2061170958784303
0.21745992633870051
0.23513551897375159
0.21875769439227019
0.23834581600846591
0.22478265925927732
0.20494243576439766
0.19422754706613665
0.19866811016110059
0.20318712651144447
0.22291418357304699
0.28172878100021587
0.19869706793102093
0.20004918381866654
0.20401249502658472
0.20283145613074702
0.2189759986594727
0.21058276996210468
0.23426075963523865
0.081413860638698474
0.093326897933854527
0.21947882074136921
0.23706841588492569
0.21476759209801738
0.2542086298926135
0.22171849257387241
0.24272400178730835
0.20583402007822477
0.20417818790551523
0.21436461297477957
0.21384803893666671
0.23674416295536399
0.22975261960378088
0.21050582390275488
0.20898566643798816
0.23254067446854204
0.26202034357876564
0.22652393423091099
0.19899685035040537
0.21901974714359612
0.21140264222649041
0.21619363269544584
0.20141801340624246
0.24096702945688905
0.23602415351353351
0.24825932970614156
0.22319032881926018
0.22888604571825244
0.25051946417826615
0.24342221651685519
0.21313855781877225
0.074558933029014354
0.13114694922926365
0.18153999928952785
0.2226524851032764
0.212048347022367
0.20394027949258503
0.21176915521922104
0.2316458119886495
0.25591343688637253
0.204102436813552
0.19850571928132121
0.20544521366170737
0.20173241932582425
0.20020032393749454
0.19406943020529799
0.30627946428744474
0.2454724838157403
0.23493481477957293
0.20428279871891541
0.20629924776579747
0.22112986615664024
0.22425792875172315
0.21037025283303618
0.18670485440471399
0.25901784912170989
0.24056405283024634
0.20273811221267121
0.22149733477891018
0.25601368503119426
0.21739998086649739
0.20763967209723669
0.22476956713630977
0.092691199754249776
0.090003558406784104
0.200325873458157
0.19607300228917299
0.24806400265375866
0.21084100324370555
0.23555843671552831
0.2117980375085228
0.19590612280627273
0.22516965391543281
0.22330478197388351
0.24072349416681396
0.25825944740079232
0.22859568306220057
0.19995921271536632
0.24969221000553282
0.24910244592990047
0.23124256561296552
0.25758547189665987
0.23155560907663203
0.21101863536455973
0.2035344723102166
0.20051236452572438
0.21210968047801404
0.22430881023500307
0.20258662313072956
0.23129937624039329
0.2120313485443733
0.20188612522093255
0.24043042613940407
0.22970200512493263
0.21213647118477572
0.082532452197958489
0.11452271813993152
0.18107901614380592
0.21330730280241353
0.20537053457819959
0.22165824368253256
0.26704306363310915
0.20952585368529641
0.22334104010735298
0.19999042990303259
0.21786085861704843
0.21609102815355491
0.23958204212286033
0.22887452964957331
0.20670501392740184
0.25475724179590142
0.23233410576264452
0.22818234612169466
0.21428708571866203
0.23705588696560675
0.24003975517559969
0.21967554265363293
0.22489080004039988
0.19928444276259322
0.22459140636991068
0.18784099777186794
0.22307064542701321
0.19630844549771423
0.21301200140313437
0.20846294065812179
0.21876637460547357
0.19032604588796448
0.10421196565117261
0.099226374577983695
0.21185726287251108
0.21451782783102039
0.21040828846788467
0.23004049736664084
0.20383184961046719
0.22809835889610944
0.20867755788566383
0.2062228305416301
0.26952677900631949
0.23903224123609229
0.21509081357040055
0.22744326152077252
0.20325252242553091
0.21088455145741652
0.22006324578226022
0.22515201387648465
0.24628617595364216
0.21440250666579153
0.22778045038339734
0.2036008651103014
0.20435950066413802
0.23212455961671274
0.21616219367027331
0.20698135966264802
0.19750518299468392
0.24211059834082976
0.21782990706271779
0.23072201777808143
0.26328587720003382
0.21551931300682919
0.11040576934505504
0.10830758385150796
0.22089536421847816
0.24059263154538155
0.1929197945798618
0.27781496840476289
0.23511225679852496
0.209335392356334
0.20364733105827945
0.20706473384052562
0.22584326324418494
0.21275558572799003
0.20407905329098588
0.22224137161873417
0.22073667562832813
0.22548069145883423
0.22232431579888121
0.21463268628065915
0.24093386577716161
0.1972774434534256
0.21099492325709232
0.25662746028698902
0.21759939890418781
0.20801851415318584
0.23149628778560649
0.22145734989701493
0.20557140133859619
0.22761217376888734
0.20429628361604538
0.24017987040425889
0.22196478926257307
0.23497829975303544
0.10622491547995322
0.11178426331541824
0.18567033918728559
0.2042803964394459
0.22569791627174179
0.24331865176602446
0.22738531176525684
0.22484264768108267
0.2192481136080551
0.20099377436733226
0.2606244797483121
0.22143287706313766
0.21960236555176266
0.21238784731563257
0.22235643382046455
0.22134486038978457
0.21363572208864703
0.20624620105148217
0.2287661973915662
0.20043617066375854
0.22319837956037741
0.22619003148931682
0.20904810330184553
0.22158799051584041
0.21291778350966836
0.20128000937199622
0.19605507927011925
0.19853522132086932
0.2597595858049726
0.22661320085814085
0.23007435448050376
0.23467636133196046
0.090723544609641299
0.085547857608399946
0.17659687273032162
0.21715796265212176
0.24719144989506181
0.27780663757796353
0.25355541799995002
0.21867397748781819
0.22853608278567528
0.20139071568813022
0.20168960997212251
0.21602458286442081
0.2856352770238812
0.20239653493695117
0.21265636023924872
0.2182634738285055
0.19374043325365381
0.21045735454190853
0.19076823090688974
0.20465404551132596
0.21277143739433024
0.24683295165076338
0.25105114040098453
0.19817461452776142
0.21734229639609079
0.24321983317995691
0.19081298441301725
0.20177695189402037
0.22139819401557101
0.21069253566046345
0.19953882628558667
0.21123157508343723
0.0872355500180408
0.095133036851511352
0.18529448087402567
0.1928406120465356
0.22160302669864607
0.22571020534115857
0.21609379653234001
0.26138640897672694
0.22080576749258277
0.2645105402302641
0.22348253241082927
0.22651972364879328
0.1953615791035655
0.20088598293544574
0.23200955920694999
0.22326055669994141
0.23603605021165611
0.19491062392666547
0.22447969631179063
0.20677780100476528
0.26103969059515009
0.2107667977817598
0.19450067566069656
0.18477781102473556
0.2291750990153229
0.21670233918543769
0.21725774255590652
0.19315746318812674
0.24360116462598411
0.21676853890100245
0.19710272323731937
0.19911590189052811
0.080360174395059186
0.10926618244085141
0.21715539646085738
0.22133282018722147
0.22540523393469256
0.21048816515941693
0.24354205311230198
0.22130423148139497
0.22134329713201861
0.23097462211691233
0.21357889913509409
0.207473780052712
0.20712977500572138
0.22424295107089998
0.25459272140491934
0.24076991794938929
0.23852438197963463
0.23380158321795513
0.213413893504282
0.21496590197155049
0.18878893759194279
0.20236915122422763
0.2255476103319192
0.23717201510899405
0.22654397555038708
0.20090691971259159
0.23965355105253694
0.24447455042951211
0.24900465891109758
0.20965747841719715
0.20014935501504089
0.19367527790778341
0.073188117457658006
0.07735306457070551
0.18028636163591619
0.20899018287029375
0.19210600635092517
0.22151870563515635
0.22783096945609482
0.25179806610693162
0.2597751246072626
0.23002260595719909
0.21280046625582058
0.25126260059847955
0.20878256573175966
0.21324711078300485
0.21698005655189018
0.20764733203188862
0.21407665127696793
0.24994303786998648
0.23068771386824796
0.236354517981337
0.2001344595945187
0.21121954569968973
0.20230322161675995
0.21749856174805299
0.19462499890189275
0.19518534871065929
0.21672377169889923
0.21333785656652773
0.233367651514191
0.22450379302517823
0.19917396475508148
0.17756791039792277
0.07704494842001243
0.077537992801509942
0.18612979040529451
0.22993165912940466
0.27325222325541176
0.21310184388026826
0.24342847458920988
0.19807118485297845
0.20997953844958833
0.22248384256243833
0.21337814080081058
0.2033914929067254
0.20277967433112387
0.2332420486806206
0.226074855793471
0.19676797326879802
0.21283253739385263
0.23952337784975264
0.2291032487730876
0.24372959990401041
0.22343212366989249
0.21165314595326093
0.20951298435764507
0.21499602767133025
0.21244656878947682
0.24118429098291977
0.24143180845672535
0.23207497654067222
0.22123621640818744
0.2358242316433512
0.2324548659225629
0.20877463459150433
0.087167742556301123
0.079032332926972468
0.20594986855489977
0.20478882675211837
0.21971658741658792
0.21256183883170407
0.20633217739812942
0.21743269613913815
0.22210775417832465
0.21728014693174191
0.20658632714001021
0.20775194266323535
0.22774980234420486
0.23161118888422944
0.23630243503254506
0.19584695384902714
0.21317566973682839
0.24022497297775838
0.21946350344006488
0.22135240003784704
0.18863585903459532
0.20025065592552288
0.22762585130166843
0.21400404418830177
0.20880184556855189
0.20154890527096334
0.22201654486670347
0.2306630591263325
0.23358979849381817
0.20650845991452321
0.22304950267284734
0.2401633448708832
0.084372440252549724
0.12005877404902084
0.20961737517151613
0.22159614318322066
0.21441623772014121
0.21039900891982374
0.21159025908649456
0.23472301349951391
0.21808055126071202
0.21892786814594811
0.21199173437445604
0.22349249007167121
0.21201244304481662
0.24288142215853276
0.23245180981604424
0.2567455290770041
0.20676989484321756
0.22859620961441254
0.23381633015344516
0.23105587991079912
0.23938134714197848
0.22879897510996097
0.191326579540509
0.23762387094161519
0.25456848510456914
0.23374201661020558
0.22356584658519596
0.20889591464081195
0.2124905094091096
0.1989933681368545
0.23079393974371473
0.20373323226318893
0.13702723299335753
0.083897971826679088
0.23344998061545866
0.22676745175173438
0.214840882694603
0.20602626888729259
0.21233771821178948
0.23851564500489578
0.21305769694007576
0.1989919458361151
0.21636037102575897
0.21278859479830714
0.2117498982639206
0.22910731180429822
0.19483433682300916
0.2105383688453947
0.21837728775066659
0.2181056383954865
0.20938106913766358
0.2374277280204069
0.21731094484243912
0.22040295020778189
0.21956321176510488
0.25439125758376258
0.20696205327884684
0.21005701817257558
0.21162379299093678
0.25038823037880709
0.23589082302947306
0.2020972045801217
0.2087297917098799
0.21711624460901574
0.13451460656652534
0.090061354745744518
0.2023220453424448
0.25203528037002348
0.24069049034019538
0.20430446367484734
0.21957958400571484
0.22902566797362123
0.2003053574959279
0.2161623322080588
0.19379062177967679
0.21374873926727631
0.1840278067405246
0.19556510814080591
0.19800841864778501
0.22403828117474672
0.22437057471208305
0.22514569256032538
0.21233537699687152
0.21155226205042876
0.18805712479115289
0.21473767727651571
0.23639901005577324
0.23762316480049325
0.24080217969464257
0.20682041311356414
0.19524050308450902
0.20741906406254837
0.23121947322514161
0.21221458738768104
0.22084544211170623
0.23132259250748496
0.091484015567451088
0.09242201866501612
0.17971593268954392
0.20014759951029895
0.21167594742500928
0.22404439423500475
0.22341622738553255
0.22037853729831858
0.20582994310524863
0.19463342684239621
0.19254666479982865
0.18689944757606203
0.21398194310296678
0.21509029728967757
0.23564742293916596
0.22272825580416258
0.2373848484953881
0.20539544537582735
0.21669642581828136
0.22869798285875681
0.24087872007668845
0.23001957540654333
0.20368582817114339
0.21026132496038516
0.20381853340988362
0.20871928665366021
0.19557011904172564
0.2173590643449001
0.25593674969880842
0.24113252152893769
0.2317302755532003
0.24649224271756037
0.090884075497710839
0.075581550580708548
0.18554986626520034
0.20254044301944399
0.20561953291066101
0.20287285704545699
0.22668518973583138
0.23104990732286265
0.19577760130351027
0.18619934356656428
0.21724785660182874
0.22414114414455913
0.22416439728640294
0.21742583543302366
0.22574392731904555
0.25029376308351847
0.22692980406852992
0.20388989826045878
0.2058081544721011
0.19194886997825994
0.22585373356925784
0.22251514662400007
0.20942876406387398
0.19448070184679145
0.21968432868348453
0.20878425170243475
0.22079976619339073
0.19651510890864796
0.20584355160930104
0.25798956612205293
0.22463534063755652
0.19594403786453501
0.081632097650785745
0.11217536159602932
0.19788200566794481
0.20134249317282876
0.21350758835883263
0.19337733201091062
0.20298978134911694
0.22876924842987853
0.21241862340152692
0.20915223293909219
0.23323041520265106
0.20559118787877956
0.23864792059693593
0.20221632986425186
0.21134355713658876
0.20952173087403181
0.19456028605972139
0.21580945427575138
0.23015590342590206
0.19673157918060263
0.21029767620416562
0.24837579353453995
0.25923838998498017
0.20827420699716515
0.23377719617599035
0.22068055489158292
0.20412099187071908
0.18886340484227615
0.19698530934890893
0.20105965014042801
0.22029733327311804
0.21231636587168776
0.094340956096186993
0.098158815522897763
0.1932685034045073
0.22190218265438355
0.20856444876820004
0.19704439027633963
0.21696085492769318
0.22484517874995427
0.19472354327183761
0.21030470676103288
0.22129093989782586
0.25596063596247565
0.19252259829558216
0.2238785645088546
0.26233212140208989
0.20297326291078641
0.1985186749098197
0.19738537706430279
0.20554875748351289
0.18708404074302284
0.20878401476730654
0.21275440695636144
0.29475649996556608
0.23245886826503726
0.23116214793704393
0.20924299613925562
0.20989758801652747
0.25195186304126382
0.2165612030260779
0.2292868903224225
0.21788438616239345
0.21144272930558775
0.11207703785292798
0.085428925994323932
0.18783081412280059
0.21073803602496408
0.21356339153365389
0.21888101548529545
0.20756057814621062
0.2321686965044884
0.22992128411716922
0.21398804492422632
0.21747704155453818
0.23461040838715172
0.18067318021217182
0.21481489988939217
0.20840999414145689
0.21467639411541886
0.20807476297763874
0.2164377352643275
0.21901739239939533
0.19443596212580574
0.19463555252542039
0.2198606873893855
0.19671679247357218
0.20746155372990707
0.21433076666417875
0.20691909972691902
0.23715747742945692
0.25440648543137684
0.23554189489098473
0.26859504826775787
0.20804828726137861
0.21255322133630308
0.15308803776906468
0.10548214679964417
0.18556339118019574
0.20295890472829189
0.24567287673219931
0.24312464089179761
0.21338106777977198
0.23298162492674093
0.22347645262596724
0.20041381831406388
0.22067184866679168
0.20837980056622621
0.23421197790567425
0.21483475408915978
0.2161099327989798
0.23249285620217125
0.22592432418589833
0.22549759118800566
0.23225823112991498
0.22424357758999119
0.20725275235087531
0.20886444149333291
0.20422999547294665
0.19735063579452108
0.24354396171525519
0.22013992600773083
0.21727128516371083
0.19981530571473829
0.22543728276712971
0.20164078355662871
0.21112185851914445
0.24091081081212967
0.096115951423779863
0.083342351654858302
0.17356510075378329
0.18678388111990199
0.21498535895755197
0.22199618186706371
0.23060942597928588
0.19149031729486501
0.22361507757425725
0.22415718608482429
0.24060511350525687
0.25128259660075319
0.20313979651974787
0.21404052619653036
0.22001610827009133
0.22441906715788695
0.19290672602749948
0.18565093853099479
0.18968272104842307
0.20996896483623886
0.21541982547522293
0.20477076630986632
0.19459547911022601
0.18987283947854883
0.20573792342296848
0.22795894944287382
0.20042297526601513
0.21619743766365979
0.2164502725394922
0.20479010135873574
0.21649701369044663
0.20968441556064563
0.088288878974073864
0.075939454289579336
0.19665482601811779
0.20737282380265909
0.2011053172191746
0.21058425620870563
0.22799413168001256
0.19639894643308684
0.23093036072942119
0.2097048044361316
0.21506646899411563
0.20059179130289015
0.19959190788179229
0.20451049985256534
0.20346707082316864
0.18118841286685089
0.20156371290950362
0.22119726509461576
0.21507841824398799
0.18684566920821702
0.18498596664552869
0.21401006896302666
0.16768672116394229
0.18133465002723392
0.19312546512636403
0.19469355160943244
0.20684445502670562
0.20767000666048493
0.19377700665136877
0.21940748059596693
0.26518744497136576
0.21180318557847222
0.075333947077785138
0.045522759275766538
0.096330314458947491
0.092942158978762276
0.10545890976869915
0.086968712532953754
0.082212272505769235
0.074247112192586978
0.1175458481153264
0.13513866779205336
0.15061426589565316
0.1507405235932589
0.10199303083394959
0.079012189595085186
0.081702432745380638
0.10523227346864134
0.098688853408609292
0.12128464977469233
0.079794270628417624
0.075834112940393328
0.14003257163617117
0.086631187333156889
0.088318243682053307
0.10556478834205146
0.12331973917583847
0.086592704098547885
0.082033118692555668
0.10535469672771107
0.10462011394007042
0.10549347855475874
0.092834670391232887
0.096941456972618148
0.02980774265743753
0.068088569573976507
0.19377815249851382
0.20990313363495078
0.20853503602684043
0.25610951209702304
0.18316641132347411
0.18510540045270366
0.21814979462058351
0.18397637435779005
0.17728966222016576
0.18051510766337864
0.19372517446700163
0.17939538801285188
0.18703519413021222
0.20228607268652177
0.19209102783972343
0.20084339103582929
0.21880743898515326
0.19114036440706939
0.22843635234189316
0.20085490758449073
0.21550336420883046
0.19945725274300338
0.22269296398791713
0.19889044793245483
0.20480805903648261
0.19368102169752002
0.18439414576692964
0.18367471193712245
0.19725819421799701
0.18151542834457923
0.066035859869211858
0.18004839362833081
0.40825800604894952
0.43544206128649859
0.42989247881983661
0.41943437972600328
0.4204383714548599
0.42078969817621792
0.41963701283435806
0.42187375612611694
0.41951898561393131
0.41400480435501735
0.42106994556706195
0.42887311237073394
0.42622518372655349
0.44061509653804515
0.43089037046012307
0.42061285187988989
0.42609795969478503
0.42716787029280273
0.44686609826019419
0.43513040350292792
0.43067452004473078
0.4447835413575556
0.42865720392911294
0.43682228480059387
0.44107319331011446
0.44763085872176889
0.43439950055832488
0.42717378334214684
0.41509362086938734
0.40348673678020197
0.22450914696233504
0.20759348113103601
0.43770715717593661
0.47651099345227299
0.47345758836260837
0.4727302546792676
0.47622160385892914
0.46126990407466983
0.44619631164816276
0.44842611145106337
0.45074521346090862
0.46320611598444539
0.45409002048331337
0.45451676306276168
0.4590315622086622
0.45367751163608766
0.46356529944982822
0.46187847169351481
0.45851241544795557
0.46771824617109697
0.4691799186619165
0.46688205542067079
0.45995717832167299
0.46055090867799048
0.45756797584102521
0.45924639860908073
0.47222575515139742
0.480568864132148
0.47108751900172652
0.45661588548745158
0.44442329822263843
0.44489121587030589
0.2323524235434315
0.20823420514106344
0.41838294243473118
0.46569992297339635
0.46832806151980388
0.46872116245792422
0.45932955337774312
0.46584490684166768
0.46276730826257112
0.46209575009838655
0.45219812516649488
0.46615893433815364
0.44813069508490277
0.44084846057485061
0.446576710700129
0.44730726950493305
0.45903170488684397
0.4622705270641233
0.45756373544430695
0.45862075954510889
0.46226249307622269
0.45829137579774759
0.45880776980987487
0.46291594819424392
0.4651793028295258
0.46889091530783189
0.47245108378762124
0.47193955324639791
0.46772099770268089
0.44674634754804748
0.45056854200504332
0.44866038395640073
0.19811419145057405
0.17423867133476947
0.42340611233709952
0.47016957064565584
0.46381322021522031
0.46135306258740388
0.4532446159026407
0.46048491478427667
0.46875613538075833
0.4567418386403142
0.47266212612295372
0.4604531746151812
0.4505317970277794
0.44372405053875152
0.4468999613036107
0.45200867727535682
0.45565433889681278
0.46101933265518313
0.46399261108180029
0.45363397347140588
0.45144384034283802
0.4503179454861258
0.46289304655259095
0.4649057882664453
0.47326726136445446
0.46023027696901736
0.45846197894353241
0.47176621887643877
0.45665348993484428
0.4469421213160954
0.45910472639670147
0.44131612917108165
0.17786711166685865
0.18842806897023295
0.42919622483539699
0.46984469992024613
0.46029861866708638
0.45843565041195705
0.4528773252833827
0.4545715900962059
0.46697532358534266
0.46668342424018888
0.47159282027955562
0.4552106725931952
0.46489450590114934
0.4572144715236926
0.44840593521273558
0.45774746608703559
0.45879300219999969
0.45975012025711887
0.4649444851272409
0.45615230508051491
0.43534400138085239
0.46603596712452966
0.4628276272457188
0.46689513311012393
0.4667441248108935
0.46046207265882511
0.46261799197054493
0.46855871793527265
0.46623270178554121
0.46167139945589952
0.45779976264549943
0.42480289916434261
0.19868571234831087
0.18378886967755878
0.42522422297702683
0.48267651240774989
0.46468377411563994
0.44595578399899988
0.44941299153198899
0.45269953528526902
0.45403402559325629
0.45300209849325113
0.45772271932818159
0.45827299017112233
0.47016163359147106
0.47140923792471601
0.45817371384822719
0.45412520869150397
0.46909990179477895
0.47764634735302169
0.47212794055201263
0.46668016275775048
0.47170382466506816
0.45619576286440294
0.45591497198286018
0.45383200388729589
0.4601500066253425
0.47162373510261996
0.47143515094461014
0.47344349177441952
0.46296481008031831
0.45394994550404044
0.44262010380048722
0.42028519857792979
0.18599087163637321
0.17427089739997623
0.4260430829831468
0.46837407380114593
0.4643433854494799
0.45789686212406278
0.4488977510014896
0.45152082289408535
0.45191613839545752
0.44706923644071933
0.44538462332732759
0.45208929201682091
0.46910182878353374
0.46897020688090546
0.46431734786131018
0.45895103331528442
0.45933880879534356
0.46060053424241698
0.46021581931087868
0.46922960261795899
0.46124454549947341
0.46195024236248139
0.4570866920602048
0.45634083218960825
0.46213183168359917
0.46197854443438663
0.46095595100395381
0.46222407759891154
0.46385714938544514
0.47182553251302339
0.45300357483768572
0.43053612556698667
0.20325673565740998
0.19890402133522952
0.42881899596448253
0.46177356554711513
0.46186935926529404
0.45488355047172491
0.45312812086129722
0.46402105365898688
0.46330626175363904
0.45286130576396671
0.45111915383097739
0.45140281452896369
0.46852213969905987
0.48018101648346734
0.46529509653954465
0.46057640282594076
0.4583754315490004
0.45649365795227165
0.45932733223072419
0.46184701442720033
0.46202112511213222
0.46260723567191947
0.45258762772869277
0.45604647743559407
0.47102588628616432
0.46818315195236521
0.45723448192773725
0.4549006481900939
0.4656850596669681
0.46552874168836034
0.45993892995473579
0.44209338379904434
0.19140726609647293
0.20240731701575709
0.42197971426660968
0.44910545003530933
0.44900723367139878
0.46099600655099493
0.46791037483906522
0.47147874952008467
0.45887766814809133
0.46500677218071879
0.46300027109031161
0.45636240846852955
0.4672604309429747
0.47158759328978062
0.46648965994586272
0.46962618196029182
0.47076751028723718
0.47067564177737781
0.4725170513091182
0.46720958409514635
0.45923933565250025
0.45249633773823994
0.4446054454436269
0.45838520344166567
0.47624430244681737
0.47661225936353935
0.47356297802739661
0.45580338176783297
0.45830823511897345
0.46797361584414632
0.45886616484920539
0.45770153658251589
0.19035001565083759
0.18474844308923433
0.41961137033198581
0.46152957229647729
0.45745141869802902
0.4682518382377367
0.48531389755859566
0.4732921050868073
0.4643480720882483
0.45663540035729527
0.45479441952767691
0.4521090986483306
0.46556658322052269
0.45979145456221793
0.45891979090462337
0.46831514750590092
0.46477947465862213
0.46465472597248125
0.46510054353158681
0.45718510661301015
0.45660689717325903
0.45019718518549195
0.45734937679133536
0.46044619327104575
0.46240049319083754
0.47050510789031402
0.46793317503203719
0.45905196911839158
0.45981179590671695
0.47003633108430426
0.47271000022311849
0.44664584726591655
0.19342566518787307
0.18567527297521441
0.42749426189363515
0.47088040110791962
0.46812691465665007
0.47037299436556779
0.47520708307595921
0.47067664026359679
0.46690324896527868
0.47085683573852571
0.4651388487853827
0.46104344360369615
0.46765606245737523
0.46325055047596014
0.45995330051433142
0.46502945636908916
0.4636820373965711
0.46584607150919682
0.47702063622035218
0.46194636321633104
0.4603420134606348
0.46425565102674793
0.46269953112921647
0.46065080892142163
0.4581335096889288
0.46214791369616209
0.45286819775055426
0.45765747482813313
0.46195673358040384
0.46855436194044109
0.48182388194504666
0.45645015091694452
0.18542522291094476
0.22172314278019006
0.43797209905392231
0.46554293377467365
0.45937865500761693
0.47087479611392236
0.48149017903352637
0.481120805230074
0.47273839320177802
0.48154138281860903
0.47679389226777263
0.47254060533548453
0.46223155177352354
0.46688797210295951
0.47058319459715864
0.47544806898650771
0.46739483427871115
0.46885118212083327
0.47599185980789877
0.47993880616603551
0.48710010839789364
0.47948367973848849
0.45603775704008692
0.44974518078799619
0.46113996074491809
0.45601833775193057
0.45253498843409046
0.45882028495510557
0.46374350124347441
0.48227895120070757
0.49281447188202515
0.45867900793483785
0.17373099222856433
0.19576398507905687
0.44125057995814221
0.45994992684653124
0.46327387620479937
0.47236193993034536
0.47880459734824943
0.4802038586936328
0.47500507960625049
0.46333546642515216
0.46879235820906201
0.46962812897210349
0.46535551589857221
0.4691964238511015
0.4806305229521935
0.47075459503987982
0.46937001311498433
0.45510896035902687
0.46701113712687087
0.4656691162117057
0.47648145958288673
0.45703563820088461
0.45040249577714703
0.45783792084625302
0.45749714544607889
0.4543860704914055
0.45659553039024731
0.46330173630521082
0.47231875561627212
0.47951498900475975
0.4858969034844825
0.45165614341261334
0.18622233265872634
0.18126545257225485
0.42715431376563556
0.45826359568160946
0.47159121549165539
0.48099508555169107
0.4692326665222965
0.47213366098122245
0.46469028897074055
0.4549500431678849
0.45733095265294998
0.46596093169210206
0.47175252020658581
0.466112780811762
0.47130463070073864
0.47191866090564216
0.46180833211092781
0.45296992339323833
0.45794942379243897
0.46595602602843966
0.44506314525243279
0.44482631486600083
0.46631583244011759
0.46811983974998866
0.4541580596263704
0.46017115208635923
0.44446083586645041
0.45432337227892833
0.47105968263578996
0.47159585644145507
0.47522730276902625
0.44403497279439313
0.18574633958002737
0.22107258188501491
0.42346916713650967
0.46199938410913532
0.47118216944728225
0.48435654460900845
0.48186402246940563
0.47916665536353581
0.46541044833809053
0.45366906422479447
0.44718987981054209
0.4526264637209127
0.45507553668130873
0.45842987533214125
0.47983730510694633
0.46984448039079574
0.46134802966906358
0.45542342669478492
0.46160539519298477
0.46149451633183425
0.45000348822797259
0.45295855933319784
0.47235143039831551
0.46855134231699186
0.46717931006585667
0.45355708605714012
0.45598339758089496
0.45619336998895871
0.46981968500583282
0.47390153292466886
0.46509169217038215
0.44392802549748117
0.17595271319860109
0.21428651997804754
0.42963179122174916
0.46317286555118342
0.47199279573748121
0.47095441181188141
0.46951699588534235
0.48458920556655927
0.48656902529165658
0.47102015879729614
0.45173417764129664
0.44307588803620163
0.45720988640611271
0.46317224344371594
0.46577170573279142
0.46605368863269087
0.46128808692890166
0.47377612339310632
0.47321321377072306
0.45710809353743731
0.44164136888326438
0.45694310697404938
0.47311507257566643
0.46073518341507796
0.48217617753427278
0.46142181961640755
0.45718830817693901
0.46913463141125222
0.47474448528913116
0.47700614209667136
0.45148811778733172
0.4288975769253856
0.20316727927754716
0.19043260047803787
0.41350425658525763
0.45685918277559046
0.46726653835120147
0.45540114470909249
0.45820873788375893
0.47098617677667598
0.47725130455642556
0.47117085132039732
0.4686740006537698
0.4580054123573003
0.46223153733506395
0.48157319289849526
0.48742361447431842
0.46428779582254764
0.46893701415882932
0.47474920551904132
0.46844745285333717
0.45995516400581615
0.4545357982160575
0.46104501875499826
0.46345184956608271
0.46446633257341174
0.47300859006311458
0.46331181757637202
0.45444657261037169
0.46132562430589391
0.47414481729416541
0.46805206816181616
0.4534439787138051
0.42402271566532301
0.17140827198821401
0.18583830154345091
0.40220277513323305
0.46208875807737715
0.47537549053494743
0.47195614395992153
0.47427667353784747
0.46636488956299654
0.46000033837499704
0.45562929850775219
0.47238024039947285
0.48746128523339799
0.47028719995142437
0.48515773261498313
0.47198080823726718
0.45659658732219977
0.46932027422449279
0.47207324112148819
0.47470402652886595
0.4648935435749702
0.45255982135130651
0.44849503571387245
0.46393555194349673
0.46164538962539275
0.47368274909817887
0.47093992010602065
0.47580834489548168
0.47050244215830272
0.46830395039460576
0.46136287439792606
0.44713095886304477
0.42533531053590307
0.22066734026557538
0.20714098191270119
0.4311862206834195
0.46205184520748532
0.46865621776634842
0.47635593750058386
0.47656749064302761
0.45903169451698073
0.45860644794498229
0.47161515512652852
0.47872435378612765
0.48054831753105426
0.47207885381601788
0.46092108894047729
0.46576763523600201
0.45777883893410587
0.4607092161476527
0.46740516150706907
0.46505755238759722
0.46580296677521654
0.45615351614092509
0.43854928007985722
0.45687501574947059
0.46732714356135485
0.472791898566846
0.46244500052466347
0.46908451527476003
0.47445523644585502
0.47001801863879522
0.46229703825590213
0.4508778998298843
0.42520992292040538
0.18280354596024795
0.21401153529662209
0.4383381122920198
0.46422217383021697
0.46621872771484024
0.46172763443111148
0.46769071630772863
0.46036312580901362
0.47171527980094363
0.48310841799137327
0.4623494225711241
0.45342834953055333
0.46494062010498882
0.45529749098141359
0.45686664614353434
0.45791746931124944
0.45440001118208873
0.46915355576447021
0.46271608053474583
0.47595620739956818
0.46477364889807948
0.44753550697002298
0.45354685010880003
0.46453326892123936
0.47134909171424327
0.45964020749949008
0.46337502730935015
0.46126732439526602
0.45848225350491034
0.45248954223059384
0.45506248219455131
0.43192921532900558
0.19867792461756456
0.20066585757275149
0.42524231134260937
0.47920448028080403
0.48180025396667492
0.46869823293016016
0.465458581135133
0.46734953249099837
0.46969752088976546
0.4678626345266349
0.45060026063439129
0.44425700088703185
0.44646454803167435
0.45606622084282178
0.47327604492855885
0.46360842941175084
0.45693468363020201
0.4626094006482071
0.46258530680887727
0.47280687524544224
0.47639787943532419
0.46386875413509476
0.47461791273588072
0.47444611506779039
0.46383783721238897
0.45952864139159044
0.46477943582179942
0.45915000550964036
0.45128829565093043
0.46278221798098096
0.45879193572938098
0.4386199935301745
0.21560005294915449
0.19805434367856228
0.43532496825986217
0.47672426494426079
0.47580390686927115
0.47556545934614397
0.47771563070220951
0.46461280270777405
0.4602792991387053
0.46092330880626775
0.45733831779524697
0.45283149412732798
0.45786584227837979
0.46017627049104876
0.46133143429375006
0.46617245950704839
0.47976243884891956
0.47357549680935274
0.4628466703710597
0.46011964902622088
0.45882520031999652
0.46595599837771284
0.47668501341950575
0.47252084341391715
0.46455707395818274
0.46044682035632217
0.46147809208273144
0.46179593816031173
0.46619579716457565
0.47536080786874946
0.4694472018703581
0.43853556596288779
0.21042095943314057
0.21582438788862382
0.41526184974607866
0.45853427097570715
0.45826234705201746
0.47709039847185636
0.47657463011912482
0.45876844624864344
0.4507561401967638
0.45380227845020543
0.45305774816942607
0.44636027041176463
0.45390967038664837
0.47787150328897304
0.47227065622846243
0.47089360113506734
0.4763649147163605
0.46283906169212019
0.45296598161814633
0.45343667013391242
0.46109213291107565
0.46188447781513919
0.46806325885846523
0.46994479828263436
0.47746044935540521
0.46265409666328694
0.45262995281814222
0.46228578905921403
0.47961037383857252
0.47514608047848761
0.47135615467318376
0.45198681594001672
0.27320209725414785
0.17710038449898816
0.41246610954527707
0.45665516319458199
0.45199034032114155
0.46663129334207959
0.46873266050237572
0.45902621500599611
0.45672104524895135
0.44981765606715368
0.44747048894998792
0.44414643614548321
0.45613600942521759
0.47738904975195678
0.47604414361922337
0.47161927223324707
0.47008921055849301
0.4613993076069926
0.45582120205850141
0.45921921958705747
0.46222021937786295
0.46767087689477377
0.4641918757624332
0.4533618985853255
0.46489190621007143
0.47180542322115798
0.4480672011106821
0.45102219394893267
0.46752399329087907
0.47439950195886277
0.47135276966416551
0.45719742001686375
0.2259303224569752
0.17481802835361065
0.41704078315745446
0.455437933596606
0.45837284360978148
0.45546744215200896
0.4601401174826637
0.46276717849680671
0.46103556519330063
0.45373456009520702
0.45358199738420235
0.45231362862849711
0.46073981567194361
0.47615549913330557
0.47947381731793121
0.46814307648357012
0.4584264441293176
0.44819636593979362
0.45706685717989093
0.45916890161492041
0.46703914804132746
0.46855833884695464
0.46546473369807773
0.45383865904297643
0.45860826851694569
0.45719794143334685
0.45298776850325995
0.4427674271282262
0.44511992525843269
0.46085849703972886
0.47381783630448066
0.45239351121956534
0.1947575038599493
0.24525624059431986
0.42081542789793563
0.46646028929826971
0.45067875869863494
0.44914059070388462
0.45398668480838811
0.46224885129285248
0.46653993260376975
0.47383424039385053
0.47093567984816193
0.45928401409514796
0.4530948950639116
0.46313528530752918
0.46820254645124676
0.45851826903590392
0.45292708628105438
0.44666339316710824
0.45538270643413586
0.46581112712706757
0.4623471303390006
0.46670561700474211
0.46708894570743642
0.45415559743765416
0.46109258952637777
0.46646302648329407
0.46437980723967531
0.45743424302386776
0.45641603788721513
0.46466578061868541
0.47284654941491516
0.45743195590161789
0.17505511419701236
0.18402590387626389
0.43344277231332756
0.46617069254292537
0.44972692030150074
0.45013553677412294
0.47006744338754147
0.47268052915249748
0.47671023792278588
0.47413645862886444
0.47347241032900839
0.46218098262001484
0.45931179998737598
0.4543022288354161
0.46672552837208164
0.47083674602573594
0.46036810357542318
0.44702985504229964
0.455251240340807
0.46550022903293869
0.46044860430798618
0.45927125614731845
0.4581253608232867
0.45004702234072458
0.45270879556470445
0.46295091899743845
0.4624268328900798
0.47467185147546354
0.47590878467410352
0.46957411475434846
0.46840044277803883
0.46092209352342778
0.19101883900257052
0.17834635630792989
0.42733695777558017
0.4558672746142679
0.45781700471306258
0.45453106755410261
0.47330325513667398
0.46592331201605874
0.47615210441701028
0.47457906112601966
0.47338567102556933
0.45998233208613004
0.46113285394119752
0.46310212771187065
0.46510998880535936
0.48040918252142606
0.45749941782679593
0.46175189402455818
0.45792698972835127
0.45978732868819239
0.4510847559934979
0.45289179737319096
0.45970417077829684
0.44523516862197188
0.45150984536824235
0.45685590274595322
0.45382333593853708
0.46418318386069218
0.46701196990483645
0.46671869222976098
0.45960341792267806
0.45116589964014453
0.24033055184744231
0.20608060009048795
0.42649547759618922
0.46047734131260254
0.46651089796182449
0.46368039651406684
0.4602911128091513
0.45319882603483219
0.45753577399680839
0.47739192431537847
0.47727006911009873
0.46968654207488791
0.46064469884108183
0.4710849232512157
0.46259512785723861
0.47969189888465497
0.4663432903521918
0.45482372118670705
0.46096232606467408
0.45712113573842567
0.45174735046859699
0.45012250579657104
0.4558873009088934
0.44537381641169277
0.45596005920766797
0.45538080282061216
0.44693983908395263
0.45513494067615051
0.45903145144900132
0.46681907164573178
0.4663959845658216
0.44567456089843166
0.18056011763683463
0.2066684663190772
0.41873907794088278
0.44500522285969296
0.46447282823759523
0.46829466817732279
0.45013801927352187
0.43402249262070142
0.45109151597519548
0.46785352550881137
0.46640781732779141
0.44843820315396166
0.45399929305036019
0.44749388396332523
0.44299777129307499
0.45385653397987519
0.44448005152596531
0.44895374870625693
0.45141509472617491
0.44304421904875485
0.44071680461699547
0.45202147405753884
0.44340400038735578
0.42681309899509728
0.45040780145716203
0.43994613474136829
0.44104488782140955
0.44687308550254612
0.45173856759247411
0.46236180805871357
0.44069357672977671
0.42846293706656718
0.1885436037610852
0.098003666903041867
0.19212637740907904
0.19488492978612587
0.24327288071316738
0.2017318593238871
0.18790461640718256
0.1765059956998101
0.19461164190071911
0.23258539980599122
0.19582268543501308
0.221867950932914
0.24953214752602201
0.20008049529610505
0.18287810635150789
0.24188252892768233
0.18740214150933124
0.18562291800543804
0.20308745551855473
0.17016988894423388
0.18745245404930524
0.21058397005262616
0.19156116776042151
0.19713413665942553
0.19762041206413544
0.20199291467997829
0.1868159521142263
0.17785337408559679
0.19611944632544479
0.22286704678028943
0.19407872694890743
0.17307929560445443
0.078194838905597669
0.099333843187927165
0.19098861003059342
0.20661604945547982
0.21127971121180603
0.21084285303965539
0.19457718464870444
0.21445821586704791
0.22473810048398704
0.18345710204875737
0.20431715038620243
0.19060046312246748
0.19414427104820403
0.19524142002889669
0.23712298813405477
0.24863775674634578
0.19814121457511699
0.19530716290825378
0.1998971654356245
0.22100539161111812
0.23613844927539734
0.20203431583901679
0.20369419268939573
0.24008914411137378
0.22144872755897221
0.22254214959943638
0.22264450124344251
0.20620280655937273
0.22445835409817291
0.19584520311113351
0.20053589062954436
0.18866724629910855
0.075203869411800031
0.18295082498334608
0.43498844733267455
0.47540963781357359
0.46121757635140959
0.46363381951747473
0.45962787638632785
0.45152852329929649
0.46077903156025191
0.45280755013588708
0.45459347427410352
0.45199653796347383
0.44769280403381362
0.45396599163697543
0.46566938934175622
0.4696135714778229
0.45933924636460871
0.45904117249699572
0.46502099192290114
0.46483018997289277
0.46179617505849263
0.46696785164509175
0.46238722957745471
0.47026179537627283
0.46164619804088203
0.47048315615198921
0.47367844669136122
0.47267118014194509
0.46854295920515104
0.46850059957781381
0.45641566828764574
0.45267475696740228
0.19921222673539693
0.20360284583724897
0.47011040907516349
0.50490029357909849
0.50270405199717505
0.50652129052695893
0.51071434681737315
0.49712710457085962
0.48762057932026631
0.49112750269186306
0.49470270189117682
0.50166628758172971
0.49705042560000245
0.4941991340780762
0.49142358080860582
0.48949716754184019
0.49135462743161357
0.50101534808877757
0.4992179117108359
0.49903698479266029
0.49905670002680375
0.49609057744825513
0.48921511377938443
0.48894702656334071
0.49182763052013273
0.49937164386079719
0.50567222700862069
0.51063409257747028
0.50393828054739653
0.49325864840692152
0.4857851527589393
0.48006656543316151
0.24886129714927663
0.19522786718415772
0.46223859199174788
0.49570764127629136
0.50121463638191777
0.50900212343295936
0.50670569805209575
0.5007918283748386
0.49522513330809681
0.4945630329112547
0.49470498854039252
0.49913528471749724
0.49050202697611983
0.48560709080455777
0.48193974601401579
0.49410213925250424
0.49766291094756271
0.49788585227464155
0.495011740076434
0.4884317325184202
0.49066810670051964
0.48908366006491383
0.47920601493525028
0.481415305858929
0.48996775169630064
0.50270965898680064
0.51207167592290603
0.51015116083561041
0.50332649742834989
0.4958263111763952
0.49693065454630952
0.4888301200312905
0.21583801048314261
0.20741635971881969
0.45292950387731773
0.489634382463283
0.49567127485777801
0.50198864313638358
0.49363673026401744
0.49310980652727543
0.49755321272468656
0.50324533007092453
0.50224281500420598
0.49511155285943231
0.48191581606081102
0.47736680351021082
0.48058434517656579
0.49242776685417317
0.49364205973273262
0.49158408068527987
0.49585828203707616
0.48700909719618823
0.4856845913203095
0.49066587418100521
0.49224357475717406
0.49494548490581192
0.4954794869690628
0.49546230510225597
0.50070652519664516
0.50382714872277023
0.50652322478749745
0.503557807251789
0.50499165532947887
0.48068030909639997
0.22724018656144471
0.20099020414213511
0.4535202640806964
0.49868465150490071
0.49741503694875117
0.49853748199057007
0.48997160753844632
0.48649972997808144
0.49224990986337352
0.49777608898376796
0.50075508755095921
0.4990191102556405
0.49557990670656898
0.48733569635665447
0.48393795954257229
0.48762882584538736
0.4900455065323544
0.50010348494752987
0.50622567152988707
0.49253896113664553
0.48328165146586083
0.48645785175456008
0.49572514680732249
0.49996457300447983
0.50145405550289313
0.50160965349089348
0.50462356124852992
0.50942726424087525
0.50970542705458854
0.50827968528988443
0.50066205887515725
0.46811797331375937
0.22713712367457703
0.20165291547011627
0.46821167862459495
0.50276770805304816
0.49764340280823072
0.49360214734926605
0.49296289385333086
0.48724636623264506
0.48408935558375049
0.48346711724998748
0.49209366739544924
0.50226163254425427
0.50853167900315899
0.49435670016991934
0.48554437482891927
0.48698985214768792
0.49472573031350409
0.50978663858592199
0.51268314648815971
0.50919279576426424
0.50450780914676208
0.49692545566047791
0.49120641908129281
0.48868943936558357
0.49864629783184788
0.51239494941030184
0.51352586517371568
0.50684526890311066
0.50201889877626527
0.49942354164019781
0.48552789938845997
0.4585549577000933
0.20918317733847425
0.20174917938181325
0.46027821385279211
0.49600525019851771
0.4886381484789819
0.49582530393762364
0.49788244022860034
0.49073284138829854
0.48073326680086687
0.47817494175351816
0.48727079034182669
0.48860790032531598
0.49933322865282098
0.49806216666392827
0.49088432115055497
0.49407293065298891
0.49694405448165202
0.50318672238346485
0.49973576258575797
0.50380208527834769
0.50365079905767873
0.50120958131253213
0.49234583475492794
0.48914311600238414
0.50061635492453815
0.50590715811108866
0.49821703551839891
0.49258025227564645
0.49593436845027261
0.49952864419062976
0.48645952434985629
0.46282382557741464
0.22913797441776898
0.21140962084621323
0.46540543173643001
0.49233739775446428
0.48107491063616398
0.48648386362815926
0.49357854870037748
0.49684548921723742
0.49222749365885232
0.48653783170410192
0.47848413938928075
0.47309220697634685
0.49009325758645583
0.49853238463721833
0.49418484351918479
0.48965381925948009
0.48768941455278908
0.49221629841312858
0.49097005950021855
0.49211064874109389
0.49429641043417644
0.49455773105401379
0.48770614611664603
0.4974416389103542
0.50504370625516593
0.50040957093456995
0.48527356901993296
0.47705832974837864
0.48454357621219007
0.49761151777985885
0.49810235412828369
0.48030088139747185
0.25476403623864241
0.23694812177391952
0.47035379865674121
0.49456317300778235
0.48418077945567189
0.48645307350093825
0.5004592771197498
0.50500445554287232
0.50275695003648413
0.49908934737098071
0.47965163051444426
0.47173704344015144
0.48349921676949664
0.49344525001633915
0.49602279447539349
0.49219722392670184
0.4872051673656147
0.49322297974081775
0.49998860491155855
0.50474647502512704
0.51221077129681103
0.50709205045718797
0.49190523834576344
0.49897987555403517
0.5062309666167355
0.50607007103458879
0.50187989104204056
0.48006476736383485
0.47920304988685436
0.49234434410823807
0.50187541770209254
0.49265369046602481
0.21658435867927117
0.18831248957607147
0.47361382397876978
0.50667414801438149
0.49868184595959036
0.49793091191189837
0.50767839976161988
0.50805401746368639
0.50606300615485933
0.50199767853638166
0.49051051531674372
0.47515243662889034
0.47625519769349706
0.48907661957833209
0.49813971673117224
0.4985492393655831
0.495318815947077
0.49856185220553567
0.49917608938525165
0.50704371758373656
0.51496029010748656
0.51384463750752263
0.49875255815670627
0.49394991221539158
0.50446219501650924
0.50687078337564861
0.50290434914470417
0.49273516312936427
0.48897370901779774
0.49526843985621999
0.50268904015919691
0.49110536524077703
0.21872164149481882
0.19533251133567697
0.48162055078683064
0.51753944331028967
0.502667952093382
0.49477163237460386
0.5080941341010462
0.51208174503745707
0.51608260579314646
0.51669820593788596
0.51255184265945974
0.50040125464128404
0.48588842230472779
0.49499443729416637
0.49898034920959289
0.50462583189374022
0.50449061744832213
0.49950089599412778
0.50045339658669141
0.50473870899329421
0.50520566123492927
0.5094769317826342
0.50358327410750681
0.49419646051012844
0.5008979890955797
0.49801478993125126
0.48853357430577593
0.49473943721241004
0.50008356836104251
0.500824161681937
0.51013887566065719
0.48934885291665869
0.2276098985242222
0.22442777579000217
0.48307114175079496
0.50691140141911339
0.49485443138064211
0.49194777345534574
0.51143961082947809
0.52023878681177993
0.52096497769257077
0.51833061934872793
0.51350589389915824
0.50517622229744608
0.49496644075583823
0.50301774044182679
0.50053557274217875
0.505385390622338
0.51071133761024012
0.5083480769803308
0.51050768051882101
0.51143633989586401
0.51653401301474378
0.51839593392197392
0.49983813574421604
0.49745635688983431
0.50052573554769775
0.49064359335167412
0.4843109910262145
0.49703799614558852
0.50391948664839392
0.51005663698358406
0.51916787928259422
0.48581129311189808
0.19396976962158699
0.20453449080332151
0.4724179637772864
0.49698151490960507
0.49021995611790042
0.49427004459819451
0.5100731402473565
0.52866090402158095
0.52006575021765589
0.50670698847798368
0.49782797851834348
0.50015789729705062
0.50656219447296336
0.51427380134329237
0.51269391276990905
0.51321347344752666
0.51102179217467913
0.50262344967749129
0.50081302674582384
0.49863917366796096
0.49911023571344126
0.50015692992200034
0.49179121900208078
0.4923371596721437
0.49286698847948207
0.48512247684802484
0.48951585288571037
0.50259304130760996
0.5021635197619746
0.50713765274165867
0.50976364798054563
0.47810681025924345
0.22083942233892873
0.19995908236337481
0.46198367309724492
0.49948852127827076
0.49194301215463498
0.4929540710452916
0.50323942274033506
0.51278811677289682
0.51104119666341485
0.49369726083771248
0.48658880257174858
0.49940640399510555
0.51099666976261038
0.51709837849073814
0.51535468215066571
0.5081371199892345
0.50670001394935671
0.50325336033023049
0.49519960601029678
0.4907086913285244
0.48017945817818952
0.47877734246306869
0.49949574710059774
0.49728361839829643
0.49212152597365205
0.49108413485125596
0.50281972986362755
0.50932157442238613
0.50392059777574938
0.51099346536415879
0.51307883783358355
0.48956985482798726
0.19550002367877289
0.2402066924696861
0.45412272060615716
0.49924939871814339
0.49026903933331506
0.4923424041281963
0.50080538029323673
0.50743080853982414
0.50886180072370057
0.4977571042315036
0.4943998374104564
0.50127042560123425
0.49634375934588276
0.49883875390492888
0.50247649558078467
0.49524307994095884
0.49856209548984554
0.50969179765900707
0.50180411457635732
0.49057995198860915
0.48447260764345201
0.49089576822456388
0.51160086748105804
0.49788393366426748
0.49463604578206305
0.49939100765047362
0.50478158335235801
0.50746516095090588
0.50602513054756548
0.51416232573829823
0.50982874052190341
0.48658162034576252
0.18570319761857204
0.23410832671743018
0.46000745568795726
0.49112400291621744
0.47749151550285662
0.48498349833158233
0.49428758556752861
0.50436614956562376
0.51168629969084334
0.50755385064293868
0.49882342400075319
0.49366327988209252
0.49090591415369184
0.48975576913234947
0.49716505428678393
0.4927827029857878
0.49150532052851975
0.50251611462656509
0.5012255846092899
0.49299224675842829
0.48836472163480327
0.49815772752305681
0.51321163045631257
0.50357429810251875
0.50568070702165702
0.50984193347381734
0.50102457279679868
0.50390995980313957
0.51209925811362156
0.51484030646295409
0.50248551911597628
0.47245412386232455
0.21518051210934852
0.20976061271010335
0.45184695784360029
0.48542091246006275
0.48539693699037406
0.49394583487287563
0.4927941806061587
0.49701569448639693
0.50705021963345265
0.50666242692912056
0.5022248729291301
0.49840899287189022
0.49844224398935555
0.50639850152473187
0.51467117780774874
0.50396269385598669
0.49760597644622545
0.50185360318906092
0.50351757352696325
0.49870316611696802
0.4907666826975004
0.4876197751942643
0.49762132167261142
0.50693164471884666
0.5159065933961825
0.50849873682497893
0.49572076046726099
0.49512212872866551
0.50009140302660104
0.50703873029799029
0.50055033407897642
0.47484686530426135
0.20861327884709679
0.21088474422464343
0.45863692593228694
0.50443704523447164
0.50819994243582522
0.50297700234620657
0.49797563143709611
0.49048047201188122
0.49289458392077562
0.49943570030029799
0.50671483531983375
0.51142870016103759
0.5109286589091665
0.51653014634347783
0.50888649421664767
0.49822559003710293
0.503218275668874
0.51015452319635346
0.50847634019781041
0.49799211961792561
0.4850094121493419
0.47559477395682098
0.47995663806334271
0.49856809114245165
0.50938972203585431
0.49976765557058106
0.50431984383391515
0.50943011966389107
0.50430545636961122
0.50062815215584078
0.48912769596003985
0.46765667031859742
0.20461076921153279
0.19611538654294283
0.4707377401446956
0.5206275751373608
0.51529628703435981
0.50807277880320123
0.50382840556188158
0.49164594467964146
0.49403920843895505
0.50830996750673718
0.51307034281178754
0.51584250686272093
0.50861719120023108
0.50486070962570317
0.49706188581176158
0.48906029452867333
0.49813374681930117
0.503360779725189
0.49701474678477364
0.48800261724505356
0.48280180082368368
0.47826659215830331
0.48057797818141879
0.49431056719149402
0.50307158411920427
0.50178499916096975
0.51302151183746647
0.50886677367262279
0.50184064378360593
0.49767926763922093
0.48356475848045949
0.45703731416215859
0.19623171945251963
0.22727135044562119
0.47338629473069854
0.52421245147765072
0.51365439631737531
0.50125628161997193
0.49758065006533492
0.49447581975907579
0.50344267244337226
0.51500347199107199
0.50842023236274192
0.50030047259600652
0.49872530897381662
0.4967514364770434
0.49399213621969007
0.48472132537422369
0.48748631009215276
0.49730818881255928
0.49233081738917261
0.4878374168507979
0.48914683517239071
0.49094166034816228
0.49613679208058509
0.49557610061546936
0.49920569253593039
0.50708982707811023
0.51733739343408669
0.50102064165355886
0.48761836479531506
0.49024783345297979
0.49135415329264243
0.47051591315990215
0.18730770801914179
0.20279414904703122
0.48246825468509474
0.52206268380042198
0.51267549117612621
0.49922764385616841
0.50035228113715624
0.50148362839072103
0.50267916656980571
0.500019172204759
0.49169521060115545
0.48622881191499678
0.48799204471075375
0.49552413080493629
0.4994719767293434
0.49388706697629259
0.49551032728833644
0.49823987251703328
0.50063569578812483
0.50405829921991818
0.50054236154320897
0.49636273767657285
0.50384661692188393
0.50582278130642488
0.50234147471877932
0.50132409914434739
0.5080193179548852
0.49037447120095051
0.47966991956122529
0.49134782294123597
0.50811329803804184
0.47572372599015611
0.21505874854687099
0.20472594158660265
0.46733800878843107
0.5072146971728354
0.49943559446277652
0.5013565109570669
0.50359695331522458
0.49113978858296814
0.48956788248280875
0.49505205896255122
0.49341066752711704
0.48962374624549543
0.49144134180050375
0.49588300883112169
0.50020082258184884
0.50288060484036989
0.50797122760228963
0.50205738758354368
0.49667225441214935
0.49887075588194785
0.49521875587329484
0.49131513127926779
0.50161912356795335
0.508328794687537
0.50799706102914788
0.50024702618116834
0.50400522890424937
0.49868534564822881
0.49154900020903447
0.49664042905992406
0.50470287425642191
0.48320809367294909
0.21816945651861255
0.20377715702265931
0.4595632473148864
0.49548510662495848
0.4860738062993446
0.49215717685079396
0.50291621605641401
0.49127458182842182
0.49262835703600411
0.50379885348834752
0.49977492357275255
0.49291951267853013
0.4986341439434015
0.50515265434727985
0.5025994241408861
0.50735017582444364
0.5168870716835009
0.50643107054688441
0.49483628070831687
0.49421455907795941
0.48600568731155175
0.4815431026809332
0.4921480268125572
0.50360077641789058
0.51537603385310049
0.50591320401281759
0.4946810810659526
0.49555184632244947
0.50028009551908825
0.49472113315191091
0.49384149665998517
0.48699196864056471
0.3210364833021388
0.19506570910517124
0.45657687601900532
0.49923601597755668
0.49319433450902239
0.49394675638908597
0.49857662961548005
0.49246155785292922
0.49743908640701628
0.50611146577649868
0.4970548153813184
0.48668574848172091
0.50294819513247502
0.51920342504830663
0.51569457864418988
0.51404096048060266
0.51399295301520509
0.4987587706057825
0.49270470104901115
0.49625314033549678
0.49601749766438291
0.4944452470269905
0.48816414167366068
0.49819081978822055
0.51608432434294726
0.51210619209716757
0.48922615845916023
0.48532417104544445
0.49655988184111011
0.4954315768416499
0.49396937409585334
0.49362387297729499
0.27851792091920069
0.23843405316156172
0.45611221003651009
0.50053100653116633
0.50025784908860449
0.49443116498917827
0.48938754905173476
0.48459595651903981
0.49209320462824652
0.50468603363983922
0.49768631013260345
0.48389076592775304
0.49729580448871608
0.51578774539723893
0.50983343924044933
0.50413615502891462
0.50373974608587357
0.49046613413265777
0.48564743486162532
0.49404704914636927
0.50498977078415563
0.5030846421204197
0.48930345086703947
0.4910444784050883
0.50324722084878359
0.50768640254972219
0.49621810156962526
0.48999258752278024
0.49448737317618885
0.49989240545384239
0.5008590719359487
0.48899729807463926
0.20311242410714103
0.2095891465339966
0.45526121501065209
0.49399534203442924
0.49393277866601171
0.49008334799851672
0.49627071198511735
0.50055378496259484
0.49651520256157983
0.49758760666918134
0.49751444624150215
0.48971877060504732
0.49399305915536446
0.49866905733002787
0.49720718672363412
0.4943346406243852
0.49851349331654671
0.49229079677769488
0.48379190369585051
0.49584279250566732
0.50311507220366769
0.49553016770096125
0.48786602885800318
0.48613064697242747
0.49140755336965147
0.49946145413479814
0.50265614966346583
0.49710591216736016
0.49878974046870345
0.5044486659766162
0.50201998937302994
0.48043493364043316
0.20203234729367986
0.18836330745630672
0.45255429019373139
0.49752680879274019
0.4936656440369479
0.49198029181616065
0.50997110226893327
0.51822973635824088
0.5074362025041762
0.49620602331161034
0.49589020001823092
0.49484242006670875
0.50242998183237197
0.49482449665584727
0.49536058886796058
0.50033504953691621
0.49998997944805829
0.4905603590610228
0.480073055536195
0.49207503030277594
0.50095674489591902
0.49394901253107287
0.4901831479857458
0.48642931451568405
0.49190752774721402
0.50049615292219352
0.50001428390487435
0.50341875076840903
0.50465975553770093
0.50308468160406306
0.49551145365436972
0.46803188213010233
0.20618345186302203
0.19635880108586698
0.46504646316665188
0.5035724941507117
0.49595719253594045
0.48930941320992377
0.5013986421764548
0.50645313937924419
0.50969621051875436
0.50938463637619336
0.49906141378510066
0.49724202494634018
0.50955797951584869
0.5016125615055963
0.49604246883183523
0.50150417127124258
0.50055667636673518
0.48904161759419496
0.4796621517277152
0.48798576181947484
0.49985310737921335
0.49808691596355475
0.4971691266389594
0.49060513397641142
0.49416443011508221
0.50636622409085874
0.50131217657546223
0.50095071358479759
0.49812342069562515
0.49184974979169294
0.49340908203025591
0.47967193661961688
0.24431904582885389
0.23002015681020543
0.47135312226072723
0.49938076023991623
0.49354240445126207
0.48868536216811609
0.49039233201614629
0.48980800953650511
0.4993635643304859
0.51267271672250669
0.50945763255348475
0.50353214094990983
0.50710030592250754
0.50647016396219613
0.49934352455705133
0.50153402088428722
0.49756837237032547
0.48919531909715291
0.48522679415226933
0.48739246227952759
0.49581502844931574
0.50159650900787012
0.50512931851679443
0.50019196244610953
0.49632028047479626
0.49633963360418998
0.49620944341606321
0.50029256484735007
0.50070520932128049
0.49895294885531444
0.50433378402465967
0.48837513614960854
0.22518327237900373
0.21182916508573807
0.45610384647874269
0.48613036519599606
0.48627751541643338
0.48178073910223029
0.47826363022237717
0.4692281998186979
0.47888567673205806
0.49419264606175423
0.48796496694963049
0.48393431987170926
0.47645210583642456
0.48413651118016837
0.47858403458294368
0.48440103999399731
0.47807575620557657
0.47249559682906966
0.47880463208563256
0.47902580715925114
0.47755307391904805
0.48292426348270084
0.47984036408707481
0.49029490991690028
0.48571884855422726
0.4769746819843671
0.4758886141886714
0.48872370980073565
0.4896460343044966
0.49164606201912447
0.48811229995683297
0.4650443172392823
0.19122500992265862
0.096734552142262745
0.18439501883929113
0.22557821621194496
0.20026208924338793
0.21766632175049386
0.21077117762578015
0.2066645789148539
0.20888233186915106
0.2246466420690317
0.27127345319802182
0.20417415466408576
0.21952215476461759
0.20260769336764287
0.2545926399568505
0.25994036569326689
0.21896511330748847
0.19391306868632172
0.19119169046741977
0.21651975289959408
0.2037673466494215
0.22127705414229248
0.2015113794838711
0.1965704651875099
0.18830566904080331
0.19563302042959546
0.22625716743566138
0.22388625852645797
0.20871547084033784
0.22323893497374114
0.1826277241174129
0.17418738355276892
0.096786323603107433
0.075161805368969936
0.17134795940502279
0.19964672158221974
0.18880657535356987
0.23600295258988818
0.21937335575988318
0.23087568805750128
0.22353640167884681
0.2065606395257058
0.19809334468627432
0.21931566530001931
0.23307446295972412
0.20222079274163623
0.20645406745326064
0.22484271202326644
0.20294128873184067
0.21077689776405154
0.21573187958791365
0.25201233180990995
0.21010672794719035
0.23863686690776592
0.20664611929998236
0.19535522864591756
0.20125520052923379
0.2163178818290091
0.22192555360226809
0.23236627855852929
0.22325146175940691
0.24382230026111801
0.23386153178435024
0.20666994690991425
0.097810058970217953
0.19853157555761403
0.43748862205782518
0.46303254090276946
0.46128253301176375
0.47720089516416725
0.46818573200906993
0.46325644250562498
0.45698080322378204
0.46224294900513102
0.46069545803836492
0.46613838921936268
0.45993376344935694
0.4639314165266798
0.47273103786629145
0.46973110985198685
0.45918938397941178
0.46172713259343884
0.46173752114664462
0.47385100338652719
0.47607415325426972
0.48032529532582263
0.46883147586026735
0.45777484927263606
0.45913546459739546
0.46744459777841008
0.47218096854920083
0.47551588845777187
0.46942690277236798
0.4596937241673531
0.45905314313170176
0.45650976112184266
0.18852300026330968
0.22432043435357499
0.47903222826525926
0.50504374037254518
0.49807930554386176
0.50285461574178325
0.50874907137527015
0.50871012938332183
0.49768347115738276
0.4972581911265635
0.50120732749245123
0.50238959166624331
0.5011104468678288
0.49680980640167904
0.49936253904012767
0.50056277026282714
0.49630159018683584
0.50115927226551271
0.49853811516703928
0.49804470715561033
0.50436284038247947
0.50368826468420258
0.4924811626325985
0.48999443456579483
0.49096212068899131
0.49535342339468097
0.50166471389060041
0.50682641929411576
0.50165916437008184
0.48691033438025416
0.48759833099508942
0.48338138372059603
0.23948554735098659
0.21131220343223847
0.46883967107228186
0.49788859302684157
0.4967192951462594
0.49815355308979398
0.4982695607260112
0.50423407028362721
0.49916403295712913
0.49838145855570709
0.49843474458121562
0.49285135923658041
0.49455197841863269
0.49100306396273491
0.49413024761121715
0.50446564671783534
0.49977170872989235
0.50161349826212243
0.50410867723026787
0.49589355786856193
0.49619933014518419
0.4953408172876248
0.47950262127601051
0.48150130695714172
0.4972376510835716
0.50042897771527795
0.50580437598042005
0.50806206914170826
0.49986400419591631
0.49282135268738497
0.49572144372082372
0.48149654628947142
0.27717523222937135
0.2016072362453015
0.46276192961129731
0.49457109744635902
0.49977419950749835
0.49744187573740178
0.48646468768581325
0.48733597978683707
0.49661426888997917
0.50479062666683627
0.49934985179551916
0.48670662645754159
0.48673557327732875
0.48801344476587655
0.49283939634054352
0.49524638576600283
0.48630302638420581
0.48954276890621889
0.49629614831289492
0.49460778561646845
0.49314478785035937
0.49735290253613773
0.49130984310819997
0.49481268451377891
0.50700863037384103
0.5042366904493939
0.5000921655492907
0.49954831914196629
0.50373119590122661
0.50827717465899835
0.50534793125432487
0.48311235404542691
0.21500193074470517
0.21471033289040209
0.46280903678787416
0.50358441987100977
0.50557903640817248
0.50312566706486095
0.49171832569501539
0.48726835843064703
0.49774303122058289
0.49950574483118876
0.49618568982279548
0.49460149055991381
0.4963958722015171
0.49638743527948032
0.4979707928853418
0.48896847183089232
0.47820603644469845
0.49439709068375143
0.50489500975235924
0.49734115854735367
0.49201576275626918
0.50151508165387515
0.50504264556834499
0.50958402558023208
0.51686195782874922
0.51569812793097647
0.50703352907120469
0.50452413428008303
0.508286177730366
0.5124460857366685
0.50391535770756402
0.47498617794076364
0.20760317118224936
0.21026108206037952
0.46715351551854928
0.5042516268393813
0.5042953437512695
0.50452518722558004
0.49978943326784536
0.49112140121898795
0.49227286265898279
0.48777124162089408
0.49785152097786572
0.50111704298014481
0.50946392552576769
0.50252413203386437
0.49754514152750662
0.4933210579241078
0.48529068907007822
0.50940133253490683
0.52009396321561974
0.51482449584026579
0.50247229476492206
0.50465300044057049
0.49836950173929834
0.49822451308501187
0.51023205333573296
0.51471669117233843
0.50959190100418439
0.50385296411824632
0.50472445866355609
0.50845823474837248
0.4996992758656848
0.46755870066366922
0.21035088289593065
0.24221901476743801
0.46213138447476276
0.48778583958007876
0.48634349137777771
0.49614843216673665
0.50080302653284681
0.48908420350237525
0.47980859364697381
0.47787518574580384
0.49052578788119577
0.49386873344606064
0.5029783559775387
0.50327549270822391
0.50299116413732492
0.5075049594019363
0.50255952737971843
0.511037624614187
0.50695467505543756
0.50499072427649194
0.50637345004723933
0.50523161269278327
0.49210398970790131
0.49355695315228959
0.50371014982934359
0.50655865001460887
0.49785919352988767
0.49529706744162211
0.49954085511498936
0.50522664318130595
0.50342528892684679
0.47244263828370631
0.22571256066575174
0.23658610745193059
0.460508317549157
0.48511462805207084
0.48147633875969231
0.48909299917791016
0.50053991855319757
0.50161158063546973
0.48950274733034055
0.48189639395535894
0.47805773479982006
0.4749356938546152
0.49211867982080032
0.50469745555121703
0.51037859014990161
0.50949004324317493
0.50790856119656236
0.50119553132499972
0.49244573681998
0.48804431095814527
0.4981198902647388
0.50385762126551759
0.50319932738285766
0.50466867251596126
0.50977687378355485
0.5101462719311165
0.49547942351369317
0.48897612080531433
0.49188454755289152
0.50008763518838506
0.5049818330125585
0.4807141194208262
0.22504660661959083
0.22120345153780419
0.46742603577054176
0.49152650986215485
0.48589097927433639
0.48898579610983905
0.51010719197821675
0.52354967569289879
0.51059281588561323
0.49774753250419074
0.48380915297293259
0.47735022207495648
0.49030839620187361
0.49983622331393385
0.50244572821710565
0.50007242450956979
0.49365291275709589
0.49788615470610798
0.49954717220309608
0.50074907299003968
0.51136151445824074
0.52614047241747131
0.52453016141714814
0.51686744290192987
0.51562420269466958
0.51816625316477238
0.50531455614562282
0.48731396515875713
0.48085805268831983
0.48831398730615261
0.4975484895855527
0.48071090060015692
0.20529707175632178
0.24291130915017708
0.48546718881484896
0.50671769452089743
0.49663950480276503
0.49459148683455062
0.50996480061268046
0.52337851961168924
0.52047924673226709
0.50894339301179736
0.4967659016798614
0.48773027179401141
0.48102474403512235
0.49159850277517425
0.50290339001413242
0.50324436106961667
0.49548388028610885
0.50299721030783329
0.50334479613335037
0.50695836935442906
0.51874601334160086
0.52586228785165168
0.51886441198983468
0.50726505359626684
0.51217853433109883
0.51218858789378618
0.50210153121428824
0.49380380983311528
0.48888664986132124
0.48809069872528621
0.50072389558708752
0.48708329723897514
0.18086258376735548
0.19822636296509044
0.46579350285395871
0.51343466329513521
0.50375565025366509
0.49809873635183444
0.50574114837470385
0.51502074258494113
0.51808181158209798
0.51190437598580263
0.51035033672315455
0.5013090729476124
0.47896410800992612
0.49516942289313814
0.50083318121954667
0.49986962818436836
0.49695035441122054
0.49530263411721526
0.49850621947569335
0.50320776191840522
0.50738843074879625
0.51317485518980466
0.51074055424007592
0.50489965736772058
0.51058440177680164
0.50909445417064736
0.49092066469230722
0.49454549934702291
0.50331706847446678
0.50118975603710592
0.51047886282914734
0.48660792052923479
0.20449612684646787
0.25648741338863423
0.47306379177973673
0.50382313480424745
0.50017200035379983
0.4991298581574995
0.50862569182206119
0.51555792432972403
0.51435099876587675
0.50830298750571179
0.50725883265595206
0.50331912711000859
0.50210295199733779
0.5107980500472753
0.50050912501457034
0.49876255791583241
0.50175985243780541
0.49859864959393324
0.500543291881276
0.50241625204654417
0.51180743482304547
0.51575672973059516
0.51099116640981201
0.51527667036780089
0.51190485367640182
0.50602358925228308
0.49128012028574758
0.49865106451747049
0.5115027736722445
0.51447850171765475
0.51331284144139822
0.49035935849488543
0.21496513772979484
0.24245421907143291
0.4705434178536918
0.49734007366951066
0.4951360671002708
0.49956880812067322
0.50307493578678131
0.50762893274843468
0.50936833389818159
0.50128110061108755
0.49393786655762567
0.49634210282431329
0.5155878669288545
0.52234800380966873
0.51627839620585902
0.51328577108994777
0.50780240266439869
0.49916633882789002
0.49968774326307491
0.50118916009427095
0.50808538564502814
0.5096494613091499
0.50388629592501943
0.51376269665963203
0.50538466596257203
0.50143534999672046
0.5016936552332959
0.50047444557343534
0.50260565066396745
0.50762391650899252
0.50262392628433439
0.48696018479374448
0.21070997582035633
0.23684185329484556
0.46367722204670125
0.50003874417347327
0.49617569446808446
0.49849115660898241
0.49728128328862903
0.50244639540920444
0.50364229160519824
0.49270495511114254
0.48679607672233782
0.49445434781465131
0.51624671218053553
0.52432613661408489
0.51893161946035826
0.50881496487975342
0.51052432286263716
0.50587262019290935
0.49636493729866488
0.49520444261712127
0.4971538968401108
0.48872470602936557
0.4978866191767139
0.50398116325644959
0.49712611967253884
0.50065522657503181
0.50989797749515697
0.50590151302743458
0.49761559005223549
0.50240657305709635
0.50826858219504789
0.48734486863005749
0.21597916285188085
0.26439313148109461
0.47366396249584308
0.50012198481695203
0.48914641909968337
0.49030550227730335
0.49631399268761672
0.50014765197267852
0.49765727077999522
0.49533286715879915
0.49967281369580979
0.50728357898664667
0.51034859649119946
0.51056607624776584
0.50613510804389694
0.49848195177880422
0.51086836776976696
0.51591770275190152
0.50395628832873018
0.4971842123420937
0.49882656774782264
0.49860672436081588
0.50395494647926864
0.49473391929262461
0.49369698408697382
0.50377628245235773
0.51073872796451436
0.51056008945599951
0.50278641997043727
0.50288841462327327
0.50921623999134336
0.48715935466110444
0.23706527259077145
0.23111553847287322
0.46627062930674407
0.48965393381998984
0.47572637836974141
0.48292081413041188
0.49255041889671108
0.49855667706802159
0.50103134069273847
0.50504980874604433
0.50353989016276235
0.50251586590978536
0.50038696821247786
0.49657493831965904
0.49594967050886535
0.49420499382980215
0.49905196201054175
0.50435001493482645
0.50490976729152381
0.50355124410337793
0.5025499149416448
0.50809246685640297
0.50935539579376277
0.50027822578167547
0.50401128187180966
0.50992243949527094
0.51058941829495652
0.51009812772446339
0.5038005873377206
0.50656788378033679
0.50661663123711442
0.47249178083042687
0.18321024468502309
0.22565668342987513
0.45233182194168514
0.48114481022694444
0.48223998668161933
0.49282070601287115
0.49191172277439432
0.49261755444228728
0.50553951531221186
0.50849757483961899
0.49733274851146619
0.4940159764499491
0.49801263376314253
0.50486763184899786
0.51114759349921934
0.50430349444327482
0.50029896134268959
0.50849560199121213
0.51127829643805323
0.50663634794990142
0.49942757465990323
0.49605408678781476
0.49521318323455188
0.50484935198490966
0.51392693954064417
0.51117535369210076
0.50721900294081435
0.50354418494652531
0.49546641450161966
0.50138245329913456
0.50809381256340169
0.48323629947929647
0.20628399731907768
0.24565483303593291
0.46755966119837394
0.49996860745983346
0.50210557249042498
0.50175454780184592
0.49560651402054889
0.48491440922348639
0.49444160612232013
0.50452204566517045
0.4954538096197057
0.49323580592461752
0.50355462394524197
0.51190962531453765
0.51351698128706735
0.5077500256034877
0.50948376918548322
0.51767352901518093
0.51529761706466992
0.50329261397839875
0.49177866237946982
0.49111434826173878
0.48501082073881907
0.50473543723490177
0.51536651574526227
0.5089403383373311
0.50800792163206365
0.5057462605500751
0.49641323676885457
0.4972613302674691
0.49882154023333214
0.47463370902181884
0.22430085946298281
0.21787302140445347
0.47605779815853022
0.51095598953196542
0.50178999385608691
0.49555604755538485
0.49738847715239526
0.49777378530950583
0.50096061776557121
0.50515309860000213
0.49953360201300356
0.50260660190978657
0.50478969168975896
0.50559876631882428
0.50623108137749273
0.49484166823396669
0.49866829437741744
0.50363364596575366
0.50276231821171669
0.49531330030708792
0.49144054289608352
0.50137892946935458
0.49432618386565286
0.49611605160461109
0.50441501838579628
0.51080341593227208
0.51664889319544871
0.50412083562173293
0.49133158661685111
0.49160996339930163
0.49392902944144207
0.47325002896710611
0.20129015050109583
0.19354576210162994
0.47912451059224326
0.52332553397459902
0.50649722909634254
0.48976492720158826
0.49478518538737787
0.5046466755535497
0.51089029751902038
0.50950068551663164
0.5050933497935497
0.50400354844726414
0.49971333466233214
0.49916700878721565
0.49967174761327909
0.48596652364049026
0.48805050593234856
0.4936524820323161
0.49728187295771076
0.49019839390064901
0.49558226705365804
0.51588266857927634
0.51406923910700975
0.49903669112903332
0.49796264763278864
0.50752760123953033
0.51122482593254293
0.49424848557838058
0.48607617836128331
0.48563280270901354
0.49554160335949998
0.47815611923132956
0.19433346018325215
0.20134079836697624
0.47650020727081926
0.52250946282878152
0.5096311054503887
0.49654675232822526
0.49933929962591561
0.50231386327901306
0.50093952220181914
0.49710272347791451
0.50250122258638275
0.50089628718247592
0.49995090382052049
0.50366108147067701
0.50456458124267678
0.49367189264645045
0.48728209349468349
0.4927642310152332
0.50212788581180301
0.49996393437062631
0.50307166754107602
0.50669713054380983
0.50771513501072796
0.50842435605675917
0.50051040075388775
0.50079203770318026
0.50156310517365954
0.49027863620131429
0.48181326215777198
0.48991693499664624
0.50754195441516692
0.48615601138083508
0.22150448705218156
0.20846844920741775
0.46484357666164511
0.50646752398611083
0.49710786841657056
0.49683811198348388
0.49613719375345
0.49027636533368957
0.48679866269360073
0.48961696282582051
0.49349925556170965
0.49637773747484587
0.50048132260996647
0.50337589576497921
0.51133912377484891
0.5060741037147104
0.50410869302440098
0.50233028090351273
0.50338359487642304
0.50265655650848284
0.50282522583027489
0.49711119818783667
0.49950660325022728
0.5109748583541982
0.5066978516124051
0.50007940096442693
0.50255003129231246
0.49533160911429225
0.4841475200257585
0.48933791673470028
0.50074696514833994
0.48779510492716366
0.22025240478607364
0.19407429606331958
0.4613764143329831
0.49491714838202561
0.48834954375109468
0.48946353249110164
0.49669379476396508
0.4919986882283518
0.49271899582847117
0.49729154983459883
0.49448793282333875
0.49727065860775405
0.50761345469192654
0.51139395584450387
0.51176868136867715
0.51485266053225631
0.51717252959139492
0.50938198888751796
0.50076854725134379
0.49814679465117589
0.48767446982474832
0.48084392173176976
0.48983401050023095
0.50901925902250356
0.51232278640161955
0.50374473867824254
0.49805752041819812
0.49180804537297801
0.48902822291182985
0.48552609726553253
0.48858694664461438
0.48451234292847561
0.19408037294834127
0.20304282037162874
0.45483010950916908
0.50023412985937377
0.48884144305742355
0.49060344001411049
0.49694036656051305
0.49252710308513631
0.49566563971059235
0.50140541176630826
0.49413358495779613
0.49192430814567661
0.51303255792880598
0.51949194416960942
0.51012278783230136
0.51229975635289393
0.51684457097391334
0.50523745798075104
0.49777239747943286
0.49921985098312943
0.49346372586915432
0.49092152952666185
0.49186070392283665
0.50857444878032276
0.51625641253304377
0.50985848364694297
0.49204239673683547
0.49111222449036346
0.49910866035162316
0.48997788666035053
0.49441211781512884
0.49208030021416432
0.22759287384282748
0.25528104643722099
0.45770388288877956
0.49765898380331441
0.49527526685133444
0.49531670020331775
0.49255456369456896
0.48327936107389102
0.48851352638869233
0.49752711964354435
0.49684811147831237
0.49036240006313192
0.50342550639956019
0.51112689057336014
0.49910920793009911
0.49934990698888443
0.51101118033246218
0.50223715891521337
0.49793424437103462
0.50107705263603963
0.50160134421943192
0.50021836860868718
0.49616272758345314
0.50085073933703295
0.50431701019800057
0.50712559755219222
0.50310365651763522
0.50448481965112135
0.5069659242627168
0.49873178055746364
0.50100702649260542
0.49042846924331823
0.23674457131047316
0.22976361024858874
0.45772457407716777
0.48938341241410743
0.4967098347031636
0.49957865705432164
0.50058871995896592
0.49936380156278976
0.49188466040662127
0.48686402226356584
0.49602701727523307
0.49596409754737303
0.49604425758947207
0.50164055535363739
0.49592914932857496
0.49711290409586395
0.50562827655812725
0.50396829553956302
0.49484352726190423
0.49762299197688636
0.49820625004652658
0.4879197152502957
0.48993170153048321
0.49686336568170186
0.49700766425013276
0.50454623503069296
0.5075295855319627
0.50372638287848948
0.50429135929167812
0.50300291199359293
0.49854097620006821
0.47033651281801186
0.20624401285786362
0.22025563999412345
0.45381279616963111
0.49688178825495194
0.50481769309398516
0.49983887725089571
0.50345806845232099
0.50929747017757254
0.50193605650487372
0.48543934253116749
0.48932710874794921
0.49829405081565453
0.51000823369858206
0.50948756726650379
0.50277302246493416
0.50385400531067148
0.50428069688979704
0.49959622684455879
0.48443850083079287
0.49089869606384345
0.49687082824105844
0.48415623341670116
0.48618604035834517
0.49599860876059282
0.50269978326557108
0.50884097171657594
0.50846398866759268
0.5013656388509985
0.49989306784372073
0.50407357922445761
0.49795606457864072
0.46310057662329907
0.20585590363757872
0.19572158837192294
0.46383672697000927
0.50681706027734186
0.51076000894651252
0.4978514001007906
0.49665017720609905
0.50470693079737239
0.51140347649753848
0.50416747263293105
0.49461897472553151
0.50227870186241519
0.5268808595511062
0.52261931682433072
0.50125378495024198
0.49734759929719308
0.50279551191278393
0.49847164078172279
0.48293793274531166
0.49111456417947408
0.49970109379786204
0.48928886610443079
0.48587569348571868
0.49091113185615737
0.49981040544656458
0.51094510268005955
0.51597321547776409
0.50783777027720889
0.49793007719245991
0.49228023125176806
0.49525697634415217
0.47658090710286982
0.22138139274164712
0.2404410329209285
0.47470142941772409
0.50353852880383854
0.50171117649648345
0.49539109129760989
0.48804291761399499
0.49166189336051036
0.50334993932958261
0.50616411532768846
0.49800276806651267
0.50406818636631368
0.51958364976792604
0.5174718253078936
0.50314110500660714
0.492286062605791
0.49523761684417883
0.4952740108246006
0.48884762211359567
0.49535416743465432
0.50043635488650751
0.49612527720731803
0.48887784802762102
0.49571143694165198
0.49592315215020882
0.49809811497561352
0.50592590746027077
0.50654092625400793
0.50155067703259271
0.49956585540783977
0.50914026980417015
0.49260266191535529
0.19195796407543311
0.21992686409999787
0.45484693146578753
0.48086958664683749
0.48188380944005776
0.47532538147486048
0.46460631204991193
0.46172304063954656
0.47633135755709993
0.48586972446134946
0.47587598665591568
0.48009941026321173
0.47785465012134604
0.47571426826857283
0.48268979577072718
0.47983477717025613
0.47367439066569605
0.47909226500298352
0.48446661135309022
0.48555153760547171
0.48028211295849355
0.47700921878998537
0.46949415552648799
0.48192369055556722
0.4840163186491665
0.47225765551776733
0.48224017757146398
0.48949481819190971
0.48471135035171903
0.48593067793919015
0.49189826665849756
0.47076195881616512
0.23160056884443478
0.10380383069492205
0.17586403045719723
0.21946388343663348
0.22856398888013327
0.22647746228080703
0.20436560633203255
0.19743172314071611
0.19437635146022059
0.23421337819843485
0.20608297622358401
0.20967910603844123
0.19759400423861892
0.22070960728131397
0.2062615699645193
0.22006903509359566
0.22186020846205201
0.20367830895947173
0.23946674710397775
0.20531579231542388
0.23135208714731001
0.22665404638253497
0.20454786799824426
0.21768852648918641
0.20018918531655505
0.23182449239232764
0.21618357978943462
0.20430115469647697
0.23249520263698195
0.21429025359855891
0.21781817513310212
0.25213024694356612
0.1451771759088821
0.1040868396310741
0.17426922688429605
0.23639963960111435
0.23356806205353914
0.21599945681470054
0.20666374352754166
0.26835220229771301
0.22968417806156557
0.21010977527829472
0.21783051243215523
0.22796290719439832
0.21489020564894429
0.21123400564966938
0.20345314348667393
0.23891889998920038
0.23599926015532577
0.19636924731304667
0.18392198895615869
0.20361044872099784
0.19121109021054924
0.27986864285473972
0.24439080943663388
0.19099945371953672
0.19928456869173941
0.19875003672118463
0.2084040448116268
0.195856833731678
0.18191788321888339
0.27229750419761339
0.21537205500519885
0.21509155058837298
0.086508437064558366
0.18452160301201359
0.42496368764762593
0.46151812412064491
0.45934508171696548
0.47371197175999613
0.47277908654922984
0.47316318619714232
0.46157416947818708
0.45507919485498344
0.47293965241335767
0.46584754620887703
0.46137264715535115
0.47638476826758996
0.48642002431442155
0.47725662154376514
0.47047412634269464
0.46379010679582994
0.45810697310668352
0.46602009908001824
0.46293136285920927
0.47567849409036245
0.45941409590847898
0.45921836370661201
0.45772125114652051
0.47072972741698593
0.47351258531219825
0.48198105074163405
0.46415771704640768
0.4553824619497458
0.468100898682137
0.46953455167260288
0.18887905588614978
0.21623576831458763
0.47287888484766838
0.50086469462838323
0.50274388513373858
0.50966532487119054
0.50768710703788311
0.50956332224828993
0.50524044539562685
0.49946636203110262
0.50217123141709186
0.50089345339340252
0.49995756559567678
0.49821945224007463
0.50699614972682239
0.51290800972663531
0.50355591507160857
0.49814029746778504
0.49251605930529774
0.50096863033397554
0.50170162048447753
0.50279569316887351
0.4996150602536224
0.49745953000021115
0.49432050021531998
0.49181825051284345
0.50007885064818236
0.50458517378172874
0.49621830819222085
0.48614469171768915
0.48808188192901691
0.48203410574569044
0.19835003334537613
0.22890649447242409
0.46773575953699609
0.50162488356199297
0.50335857342051737
0.50095085953627261
0.50179426321625353
0.50576158578634944
0.50574118803179791
0.51047980979275676
0.50426040188843702
0.49252448259781451
0.49790372173649877
0.49553055847278449
0.50401714646812834
0.50702744118212073
0.49801006884444671
0.49908037963811797
0.50532515773069564
0.50678566664482438
0.49767550215448786
0.49267026451274443
0.49218002440641484
0.4985642832813082
0.50093582785979229
0.49036197997122571
0.49101360935606214
0.49751597660400687
0.49437219040360375
0.4916944323676995
0.49018147765825104
0.47599088978317777
0.26002678993603512
0.2157970664278645
0.45864129780680879
0.49377803714522023
0.49894711937617192
0.50025724414979711
0.4955230687798145
0.49562564387414759
0.50093219959095492
0.50977311847334628
0.49941730586547939
0.48579482590562612
0.49679047738242793
0.49611271828517467
0.4976665244703305
0.49549978855203197
0.49004744585310939
0.49403095071824066
0.50319983160166015
0.50218623612187507
0.49544185310612548
0.494475045137372
0.49568951230657771
0.50184922326756454
0.51387668697029265
0.50641617707974307
0.49106280411364583
0.48784539558843165
0.4987882085417345
0.50357251231831579
0.50208435682593755
0.49116541856000784
0.20740417462089175
0.22308132310164719
0.46696532401466834
0.4956986756732466
0.50094407605615066
0.50274555728403558
0.49412696448770838
0.4907547134971057
0.50033405767565786
0.50061100507150735
0.49729074871016182
0.49485336502986732
0.50108847208255836
0.49609756028325264
0.49477746755666785
0.49159119789247357
0.48863615704338281
0.49705926689724145
0.49650440505426507
0.49098442184936364
0.4909945165998198
0.50385926785216351
0.51078178441090349
0.51404440015749242
0.52502364082708075
0.51703895705320391
0.49910140727198166
0.49373576718693923
0.5020093126570887
0.50488267301094181
0.49994017742720337
0.48664074486403064
0.22927105265076131
0.27139784180899068
0.47311266921300033
0.49969760132946928
0.50329522667328708
0.4992675807252186
0.49547095522794321
0.48705825902705457
0.49385546680538961
0.49195382709039287
0.50018100028231505
0.50154667857624657
0.50609466144551341
0.50603684638513902
0.50531258782835997
0.50053695556085398
0.4964000561368162
0.50961659542708881
0.50681195360281928
0.49815674226314011
0.49367546468303192
0.50525860516181098
0.51214647872981089
0.5133655510641002
0.51493979534573953
0.50344996078702109
0.49318680328034681
0.49230055829323677
0.49624986054140086
0.50123680761435219
0.49999165421447317
0.48073667857907088
0.2083068808870561
0.22286674320158778
0.46289855557399712
0.4877842904720433
0.49013669869186882
0.49414005643169218
0.49949079301003724
0.49117027958263526
0.4850848144154965
0.48631734937161059
0.49677743108041766
0.49527724640657866
0.50064075718774159
0.51111531131634536
0.51625562802500546
0.51521799330607421
0.51483208368753575
0.51585056504287474
0.50660530514189051
0.49810817575540078
0.49989454693176932
0.50770950907155388
0.50522962441064578
0.50080125057300484
0.50153341247756678
0.49548269679000106
0.48789291286057795
0.49345569743089002
0.50027869511874201
0.50161636899978912
0.49992855150734389
0.47435680117573487
0.22381201999327691
0.2418503361410197
0.46294402901850495
0.48303632146989856
0.48838180510982865
0.5005221733457017
0.50583415385544039
0.50466828489495563
0.49882418930329281
0.49160834963323474
0.48861345944030654
0.48307470372963524
0.49574574040577646
0.51149687318319081
0.51861662454126112
0.52139634917638666
0.52305407244009239
0.51429564692106033
0.49847188231851935
0.4879190105086128
0.49717806704580214
0.51352163206778911
0.51166304090196801
0.50473653059987356
0.50802815563190329
0.51009968909354086
0.50084505246861244
0.50075540893528225
0.50387003087569182
0.50167875549496521
0.49748792878315096
0.46885796774069322
0.17729688557629561
0.22092344302590256
0.47006407277429324
0.49094742189477664
0.48452882618899512
0.49219135779164674
0.51117889308501108
0.52421799270706748
0.52318149589592289
0.5078522433341911
0.49405238054041628
0.48467800438548381
0.49218764418446459
0.50255609553974745
0.50637355861004807
0.50305188156421099
0.50089323828206456
0.5032635151318714
0.49734494862337936
0.48875579235462763
0.50090952539456912
0.52384477798911178
0.52728014123198186
0.52013653724605746
0.52722597643421631
0.52188246536587424
0.50663386694380408
0.49758593434011233
0.4940496704139396
0.49200536557969987
0.49467420830311243
0.48282565806543964
0.21514838589722848
0.2155589617191857
0.47752867704251917
0.49829682356046495
0.48256453884437905
0.47862920567762857
0.49989958512936827
0.51728906371715022
0.51734997040377506
0.5070680496946971
0.50120993209976628
0.49600480414608267
0.48998820138621607
0.49467632145710105
0.50215148198460025
0.49647422451135392
0.48742774827499669
0.50129160658927385
0.50354607493718129
0.49942482851466707
0.50495940608259815
0.51438500999191683
0.51978448842641489
0.51475051305997188
0.52142349099088081
0.51425588208379103
0.50054203738075898
0.49136916417724807
0.48978531866492064
0.49133241975299852
0.50084356676337338
0.48502508388241611
0.24329880094610934
0.21999605264645225
0.47001646980884482
0.5057649021272933
0.49366991162632734
0.48442323078991906
0.49629728566706371
0.5035601232367054
0.49855626903260075
0.49400271977300275
0.50432078202286823
0.50936234450954831
0.49928558280820357
0.50680294281837424
0.5000912662553163
0.49594218965758541
0.4924047639620644
0.4991577591671747
0.51099026890589938
0.50727808465765212
0.50027616936980734
0.49926024171532063
0.50733211044690996
0.50821398601866685
0.51457717780203449
0.51486144930239663
0.49506806499023603
0.48931949334933755
0.49848112831055186
0.50281630783609943
0.50673663148611581
0.48962407732908392
0.22141383881312424
0.22627547851548571
0.47341067729482056
0.49732898665080694
0.49315222365389227
0.49830391830369547
0.50347000265196318
0.50132523807982754
0.4957309267159401
0.49770163072574636
0.5039810347127911
0.50463044950440461
0.50419993174296451
0.51040700598580901
0.49654654309563001
0.49795523150417187
0.50497430548124667
0.50319648112624604
0.50460411813128236
0.5013244004805435
0.49875638705721054
0.49626725598259214
0.49970481210079987
0.51286211949432148
0.51241892267154476
0.51420964675423764
0.50132279050549255
0.49799559987878672
0.50771910201808512
0.51209637894493243
0.50506635562008861
0.49012030457005262
0.27207449586758448
0.23564956811584065
0.46839053087549293
0.49071795056029949
0.49298744827892049
0.50064651777915614
0.50174033168310139
0.49702448276786165
0.49660755502995191
0.50432446688974475
0.50265406116976463
0.49697080422845341
0.51251556604403625
0.51739670055617515
0.51087216862846874
0.50669854165161543
0.50710416483949683
0.50533828249270996
0.49946353777255542
0.49967087251066822
0.50022455245622544
0.4988243106438322
0.50198089986820915
0.51407435297474791
0.50405705247627908
0.50286552182603006
0.50344280396762797
0.49790654160579512
0.50277901732385644
0.5096951207840027
0.50129759655655814
0.4815361121642136
0.21407742725411677
0.24840905151289389
0.46424453887690692
0.49242948337253262
0.49840631967066107
0.50496072735358721
0.50170675031172229
0.49856912541166698
0.49872082371019116
0.49948978378588077
0.49348771773008054
0.49436545723599795
0.51734286015315289
0.52221074725042316
0.51582326471258133
0.50365462720017773
0.50516156705953985
0.51141599307592767
0.50216307781291381
0.4975408295913758
0.50402729048914785
0.4943423600884449
0.49581770800732622
0.50196126003188291
0.49521615869426844
0.49438200956639017
0.50196915155373956
0.49917898396292693
0.49762362281943118
0.49830497678007113
0.49541025647070325
0.47661285196901171
0.20406267345890078
0.27591944245447336
0.46191495077053962
0.4933651677001612
0.49300863662769484
0.4991909474832994
0.49750000243815551
0.49623869929507647
0.49328363399901071
0.49026466926070733
0.49383702689234227
0.50654080254598699
0.5199843472236404
0.5121447362367082
0.50697028988073822
0.49881618483205625
0.50467073784268246
0.51687626646607521
0.51372382695848806
0.50467162569331803
0.51065850602452523
0.50623023725796079
0.49912226992013881
0.49948255780710249
0.49747005316549125
0.49807131159992407
0.50726045929590013
0.51058232730910336
0.50428644307822923
0.49850231797908484
0.49706934552894333
0.47851126213479561
0.1896468793572339
0.24714084194698477
0.47118245088022209
0.49366675079618255
0.49083046084873255
0.4999431009043192
0.49475392023331294
0.49286551047965771
0.49748290191256389
0.49908339891448605
0.49730318255215444
0.50755094148130853
0.51272325095478666
0.50287786401738399
0.50200783370987034
0.50093733706109145
0.50488121311189815
0.50773011000055146
0.51067149634376163
0.5109556777206693
0.51350920060036198
0.51405263178353033
0.50591979300795387
0.50639870011968613
0.50318305799668817
0.50184303552625553
0.51309039596661055
0.51468985021497204
0.50548044762070188
0.5088484866126245
0.50881379340539812
0.47748852880277837
0.21746098861061905
0.22949044845004704
0.47012460221935282
0.4919566764647551
0.49491600614005132
0.50268264931768325
0.49415539042160384
0.49646188192779078
0.50777702976685346
0.50854858347703691
0.49674020255371776
0.49384845263033961
0.49768814917886611
0.50506856353849716
0.51366964995090847
0.50932880183932183
0.51282784407414017
0.51842766705510102
0.5160201699416147
0.50727221847774362
0.50238322270422053
0.50381178931270953
0.5018045307387915
0.5121411064135829
0.50831230600009691
0.50324876310004341
0.50894755363051902
0.50418088056473254
0.49671507245446617
0.50523599335024338
0.51271338762819652
0.48751952018317379
0.18115195092038655
0.23540944331431896
0.46729783095045868
0.49430383043406284
0.5010810679993184
0.50557373039841869
0.50250314295349352
0.50168930805988632
0.50414527873555726
0.51088716122326039
0.49706731605664178
0.48741205625202899
0.49044066399228053
0.50396302296600815
0.51260172827622152
0.50862034066755601
0.51774738959255573
0.52666786999577697
0.51823423408109492
0.50313394709294557
0.49382589689558565
0.50505820264067247
0.50267891853147106
0.50943249396283641
0.51183368809917107
0.51230624840515981
0.50739092273183006
0.49380300416061174
0.49269452464986879
0.4983928650539805
0.50153274101185685
0.47263391790850295
0.20292776215402997
0.22232101692800266
0.46404202640392611
0.49788878988363505
0.50088641535327383
0.50379457068078626
0.50719454908088335
0.51631622740648297
0.51147594272763652
0.50773256801794275
0.49609798196560967
0.49456481180261336
0.49711933618043136
0.50367258644040724
0.50922242116544725
0.49841044963556552
0.50094644525893006
0.50917654908473053
0.50468483180740231
0.4992019378544173
0.49720736734913773
0.51607668210581437
0.50791994079351788
0.49915722132837681
0.50392740765229427
0.51619480423106812
0.51325939687230715
0.49560766633231357
0.49504362890772607
0.49705615813887549
0.49319027344356436
0.46660438007092769
0.22121993690413785
0.19557906002778386
0.46380863950699286
0.51238447480870275
0.50440902530203113
0.49244843226690133
0.50178213671203131
0.51580499383592593
0.51426761608907468
0.50311949658068378
0.49422225522454155
0.49682849593573131
0.49716711062481861
0.49774223372722703
0.50098484658370945
0.49099865952731514
0.49138577418261187
0.50085164205375865
0.50306712855955527
0.49798325107677838
0.50036500093193981
0.52247152608721592
0.52300050770511775
0.50240871307332924
0.49802163197521992
0.50722405064807163
0.50812662148841414
0.49658280863877385
0.49770131672856555
0.49189922142970638
0.49144895999772531
0.47371254679176739
0.22429404190702587
0.26656549884486386
0.47406125591796472
0.50743803446920566
0.49363305050222622
0.49047363551418133
0.49974072822082866
0.50625042051963332
0.50175355278334599
0.49756216814352827
0.50123901441980667
0.5038642801690163
0.49918730214229917
0.50148237347127522
0.50424603656562828
0.49648055933940627
0.49063287820978851
0.49334499635521223
0.50213135104841289
0.5009080098324975
0.50398055269537267
0.50501036269233757
0.50561330523643599
0.50099444843856755
0.4934900419640269
0.49888473435864583
0.50306265781637416
0.49749240459190658
0.49080739812554419
0.49058456822099655
0.49921190010361899
0.48442738343636066
0.22222984088040423
0.19692722812056307
0.46295597081064443
0.49332849813140406
0.48982753013873426
0.49041008735273495
0.49591199118172258
0.49866227042306838
0.4928088626042032
0.49166545448297638
0.49650256828664907
0.50448437877898267
0.50375736791583858
0.50820138035360474
0.51117402703482895
0.50503395349653868
0.50096331169420683
0.49867224564293161
0.50232196556716968
0.50432871821958569
0.50598613373057089
0.49686821335948189
0.49575371694064552
0.50340056652003407
0.49959851594813343
0.50192924627619018
0.50702975180563792
0.49646336593933621
0.48439198279764317
0.49248357825777855
0.50129384718177306
0.48551631744798057
0.20714319676988407
0.21223203436383184
0.46701188848080577
0.49273517672112177
0.4922119949244152
0.48930287724315719
0.49483153514289935
0.49742678610451191
0.49212961315824783
0.48848081372725627
0.48722892154672975
0.49918900981493824
0.50681836802110558
0.50951434684200347
0.51400205292525836
0.51133648887988759
0.50770169656621178
0.50259815570070554
0.50382690798161167
0.49971387038560211
0.4855122276825215
0.47551005844620853
0.4839184281758987
0.50466366961179621
0.50428339318158866
0.5062042558010359
0.50445429786747276
0.49275943372056241
0.48576513152256334
0.49164128390021816
0.4954692486604837
0.48095813203584231
0.2125213401946332
0.24010845192889202
0.4621850732442081
0.4940466481576421
0.48897264230086956
0.4926472185339047
0.49239260141448038
0.49373622842834752
0.4942224049000643
0.49453565411839234
0.49137596417774326
0.4960289639978907
0.50713050658429337
0.51021193625823746
0.50784796835195467
0.5029635012232998
0.50457634264220153
0.50729967334585524
0.50727800908247578
0.50163569631352356
0.48590080933637192
0.47696803576149172
0.48339740938853065
0.50668083072208259
0.50777316241380011
0.50359947933861038
0.49277035291426841
0.49059806132663469
0.49158900633587799
0.4926006149424258
0.50035725033753731
0.48747910235743186
0.21652944329745907
0.19951844643875313
0.45919522605601648
0.49269608271801529
0.49318437021958028
0.49437904236170066
0.48391421870201151
0.48338462007516225
0.48700096708019824
0.48813975012423205
0.49375190697824756
0.49719097343967061
0.5018146997342452
0.5060247090719624
0.50319102905961355
0.49778145268261609
0.50460648892558524
0.51322126358060649
0.51445063436153127
0.50365697777353169
0.4926171446916629
0.48752456255910609
0.49264880354010582
0.50661934733793013
0.50635773525029693
0.50312519997530514
0.4981603355745981
0.50096239319808611
0.50207706292927501
0.49486726195218816
0.4937368428012005
0.47885245431457252
0.20327755538803399
0.201947341717756
0.45746439098435765
0.49002458962835516
0.49393145329163146
0.49452646660790361
0.48527527462685377
0.48739242402365368
0.48648622093454164
0.48117242250674785
0.49552565326082659
0.50161082018402459
0.49582135855955639
0.50160390451745929
0.50212854878219659
0.50282030837292546
0.50179786067716303
0.50620578673705752
0.50604622265720001
0.4981658831162854
0.48826288690809821
0.48724468592896253
0.49517090865809921
0.5030468123902101
0.50337581988846458
0.50556850124436603
0.50047343053565219
0.50122288441915064
0.50283721290623962
0.49819716579952028
0.48755178637377833
0.46652650510774168
0.25393686929951831
0.18180940855027503
0.4480389712687417
0.49240639889594806
0.49809029603336091
0.49694307716252134
0.49415053838155532
0.49673712717326196
0.49429179651569172
0.48294987967685044
0.49116186055167077
0.49900630811130448
0.50722410334813417
0.50940543350431045
0.50181361691429627
0.50169021176634365
0.49760725009458873
0.50034621394049361
0.49729891527753867
0.49559793188999413
0.49501916690002634
0.49165808042974668
0.48974371617432333
0.49433039179281701
0.49698816396668877
0.50148063624958517
0.50326818406941987
0.50120782209199166
0.50068494425925691
0.49920862880333805
0.49371750363545674
0.47178420180421993
0.23518242753241997
0.20250466813543849
0.45487372558799571
0.49760229930926098
0.50372149201043237
0.49707574898152512
0.49572329378460234
0.49878830420357867
0.50073153738125775
0.50004276518413404
0.49781025082449437
0.50302111419948348
0.51920379417770024
0.51901791836333599
0.503291176845308
0.49445246174792912
0.49514233732374385
0.50002344241326591
0.49152560754608227
0.49481609658943104
0.50245095114909555
0.49970794534666785
0.48685669117793395
0.48401412428455493
0.48892270690546924
0.50131200129165243
0.5159152746117569
0.50923560425050818
0.4996263772199746
0.48930813688790981
0.4888270458539653
0.47748425866931532
0.20871606970225795
0.21359066395302023
0.4598517190804135
0.49790652017265991
0.51043780853138454
0.50235210025535204
0.49208922024346857
0.49367527447185083
0.49929681241942975
0.4999177907725143
0.49460302463269884
0.5001168193494161
0.50938193041263435
0.51007720315069949
0.50697859239334486
0.49355261570333925
0.49724421904519894
0.49952790228399158
0.4916241712330896
0.49817903459228874
0.50613872652460246
0.49992170674754527
0.4840180647954247
0.48327934557980567
0.49195564186096541
0.49904284794727333
0.51225214365440253
0.50832197841943205
0.50059908632732342
0.4958580150620302
0.49741227987032255
0.47794640340905042
0.23346286572613487
0.20952895829429199
0.44628725520661044
0.47541090435115069
0.48365420964418299
0.48792030996591718
0.46762982962952004
0.46879135910612668
0.48239103442585074
0.48631105073902892
0.47493492105569723
0.47335654932229626
0.47121027664427195
0.47342747847717132
0.488701992659479
0.48175896628162296
0.48748663647097429
0.49477497947386739
0.48302709792505227
0.48377957188074172
0.48838680033232013
0.47425237529203762
0.46276463773102561
0.47010363323669518
0.48236586387807123
0.48002997099862565
0.48329500740793574
0.48809356681179883
0.48776618410876593
0.48497872343776433
0.48291316980115812
0.46312608385512827
0.2228576164735622
0.11996296675406301
0.22499835746484978
0.2334096044240706
0.19196841119655028
0.20493439743758141
0.20974834889301902
0.21492288881567131
0.22896858325104505
0.20777927752246153
0.20390528524822477
0.20701353572243092
0.18660512080000091
0.18927714603290394
0.22234501240841142
0.23159619210678872
0.20641155029641614
0.22276057031611946
0.2089985679161544
0.23416659514944546
0.22965081874559193
0.20494327118627803
0.19992418579619356
0.23396421141339516
0.25628084609494656
0.21272754305331984
0.20374376845844167
0.20617788789061367
0.24111734017171541
0.24995089883641364
0.22271670135384172
0.18797804559820594
0.098578652160908317
0.08546387534387094
0.20927723636823461
0.26319358232096784
0.20893750502926509
0.22110458621229956
0.2105276782299699
0.23268435686031788
0.23169992181318846
0.23814961317366903
0.20414125634787705
0.21848524125452193
0.1968256377297713
0.21315655065186778
0.231379816323114
0.21505834154219891
0.21523561337623559
0.19997157832641602
0.22440110588438858
0.22123304652790099
0.21668021311529692
0.21881038074729864
0.22066018533892839
0.22733111537342729
0.18590854732426593
0.18424341886648377
0.20668933407488776
0.19846396363386556
0.18924423231446635
0.21108214441262826
0.27918314888832929
0.20343769024660027
0.11490226395864241
0.19493213334726833
0.42011639711585363
0.46288288055946281
0.46600689353470182
0.46354747053787365
0.45920684594952954
0.46545983271822666
0.46233323369427554
0.45668035074694524
0.46770664193736827
0.47055887784134803
0.47559730368656383
0.46821957026351735
0.46327309768393021
0.47526478948549467
0.47458704689617542
0.47386021055820476
0.46141571549262805
0.45819990067072675
0.45226377602074813
0.45653910983113827
0.46652254405421112
0.46074739921773289
0.45341025758832354
0.45649256442219188
0.46208682003877333
0.46398316609423779
0.45973682793470139
0.46619688477165161
0.46604669284215344
0.45513308151796844
0.2080046007483384
0.1875159004335884
0.46514806433191186
0.50290423023355968
0.50848433981177332
0.50301490503491397
0.49518200197075768
0.49906788124468121
0.49994492651542327
0.49460415156130755
0.49327428914377475
0.49613199854324397
0.50462525750164888
0.49116606337277541
0.48853274147860964
0.49834160219318757
0.50251996789264886
0.49977197637492882
0.49097571326119854
0.50300628603553665
0.49408316106094025
0.49570643232727241
0.50668327105873345
0.50775489088172521
0.49755018075150542
0.48568513754791071
0.49303604822490821
0.50575690509091775
0.50036752169691523
0.50279130631760516
0.50189152974302575
0.48560228518891252
0.20370005801236449
0.19786762891707799
0.46504989856118384
0.50621237143063635
0.50798700940227426
0.50102682107584029
0.50328827968558321
0.50838383965755907
0.50605068295984634
0.50325541333266521
0.49671309553249765
0.49127639553088243
0.50116181632958767
0.49521425929783403
0.49076258681680707
0.49766718280442263
0.50044494035810927
0.49751711777657165
0.50209131154117459
0.51252454469255193
0.49477711507093147
0.4909477216620366
0.51020483604805034
0.51630768143142025
0.5034428319376576
0.48236574622565265
0.48722823664222964
0.50062741368308472
0.50075034916410976
0.50274769050868873
0.49804540167354505
0.47725983919563608
0.24019389679608985
0.21182390347407024
0.46870122679735976
0.50162127085185026
0.50085085921721784
0.5047341161479576
0.50742310073246299
0.50527504333263684
0.50108093712841506
0.50059651238119074
0.49402113957034388
0.48611768346665379
0.50235408637859857
0.49947063044672829
0.48971043694680788
0.49149725770637143
0.49548889814653324
0.49506990885814328
0.50405563524893982
0.51235385758151064
0.49658275792827256
0.49031920195769219
0.5078439607241757
0.5160048768083505
0.51531788247203236
0.50435682892291067
0.49266626399243191
0.49762296304097015
0.50689544965024746
0.5094495403559417
0.50353501557748404
0.48381023736951811
0.1984950267641982
0.2314675874866616
0.45959682335828511
0.49754490174237614
0.50556159848777382
0.50652438041889403
0.49823946703483124
0.4924166975405499
0.49389183207969922
0.49875596503187364
0.49867944725635566
0.50119862646435831
0.50996730067140561
0.50412642160410825
0.49189059140231972
0.49419652735863079
0.49620415487532982
0.49407056462589138
0.49349244231214978
0.49672633137459754
0.49440185202867382
0.49775645509773492
0.50842580786288916
0.50918748330895758
0.51303700311232792
0.50891376179386427
0.49516482059748979
0.49964785664406958
0.50777535166886678
0.50396146745322323
0.49471416452053457
0.48444272823416729
0.25971210615375651
0.23177881968535549
0.46027010507885502
0.49670948248858821
0.50466678240105456
0.50194920794057896
0.49243771190073171
0.4835800443103172
0.49121738134849047
0.4970308200478526
0.50473969249196948
0.50847202465543595
0.51021033372880575
0.50808813001728803
0.50203563696484632
0.50388316203233974
0.50338098418901811
0.50134847119146031
0.49463213692130659
0.49132484534120363
0.49282214676637692
0.49985983286611618
0.50540026971285457
0.50539707851656857
0.50567423938565914
0.49711208723710038
0.48646084742396067
0.4922867615427573
0.49628520056707409
0.49548946343677924
0.49272598460170242
0.48577857572610872
0.22791186930459115
0.22811375338714157
0.4533376525363047
0.48396547487930042
0.49363680775864649
0.49963139949970964
0.50367202505262687
0.49719691829230672
0.49605903698495146
0.50019272393263825
0.50644769150777103
0.50206967023643212
0.50772486844956266
0.51100493378126677
0.50543611494777219
0.50724374394259886
0.51194317345638818
0.50864109438272664
0.4983415226270308
0.48796806873128074
0.49094145047150956
0.50003595532172385
0.49975452457105862
0.49101316559573938
0.49362011093670999
0.49028442888492813
0.48600187697963598
0.49303579486844679
0.49596131688999001
0.49067937531479344
0.48719813925857164
0.47580615064707604
0.20991073075673111
0.21648894705221658
0.46638842925615748
0.48664320404752426
0.49179034604466082
0.50494139101065794
0.5089713945107418
0.50548871039751242
0.50766355903884575
0.50680910453726924
0.50611604774224894
0.49676169624531502
0.50335440030795819
0.50827500347361643
0.50383594398276488
0.50951641785953028
0.51654774679102367
0.51168277921854544
0.49864507697275728
0.48445839191081824
0.49274821183382972
0.51109095065000221
0.50660731655595048
0.49288397806717277
0.4954892587441127
0.49340078443530389
0.49759856776350775
0.50187342461610707
0.50064080724384219
0.49548442005660398
0.4882139471558965
0.46866714881573029
0.20613017654654414
0.20949950384493726
0.47497871388652607
0.49454219613069261
0.47790804431802936
0.49215091187242699
0.50693057412757869
0.5096848033327791
0.51402260553903045
0.5068526921217632
0.50072197632036108
0.49074903380313262
0.49188993881137105
0.4963980629266973
0.49857905431244254
0.49431734391985704
0.49887444952532278
0.50040016577806268
0.49124211714594046
0.48482285613747061
0.49883808408298241
0.51467581464460987
0.5126146966397338
0.50675527135659781
0.51430917518495389
0.50528032082627916
0.50199773236735468
0.49989695933777323
0.49630268583511783
0.49626774073139424
0.49389536262584827
0.47572103337129762
0.20125537147005543
0.24025709797474459
0.47253353065312409
0.5013136033751292
0.47968670299496646
0.48164441415616105
0.49778293329466888
0.49679039258372693
0.49767631900746739
0.50018161656277782
0.49861079030746014
0.49215936523163278
0.4911160494956896
0.49000355122767636
0.49673057041707269
0.49515727736764353
0.49208140403390482
0.49793200133569793
0.49908686242241251
0.49825812011348625
0.50240204204363692
0.50575433879504639
0.50743682076054031
0.50828075395849481
0.51857259378234288
0.50979545914415947
0.50091553694564339
0.49353627108523757
0.49190104943684165
0.49463065718051902
0.49864289201731582
0.48217927262768295
0.2182316952044788
0.21463815106137404
0.47101438581544042
0.51008946195571558
0.49523856174214292
0.49236118181291705
0.49696293338053305
0.48652649604604975
0.47729047847897937
0.48891519770686032
0.50529113212946608
0.5092241419720952
0.49876042223302652
0.50138779206549489
0.50729749731289064
0.50713753477801149
0.50062575662751374
0.51327325547499525
0.52506074641726996
0.51193143926403806
0.50291055582115063
0.49887550877679898
0.50093531093802646
0.4992091222563802
0.50997700530246903
0.51305292456157969
0.49791247339367234
0.4875551034085116
0.49817170577393671
0.50822002306544389
0.50847911541443991
0.49788346175491999
0.23515602528921775
0.20433793256452598
0.47444917748215448
0.50429091547834182
0.49374659703438356
0.50126397784628651
0.50345964797173659
0.49112778117182859
0.47902288298747792
0.49470051662768483
0.5097400487259498
0.50628249074384091
0.49447866464696066
0.50164251293680873
0.49851890710499175
0.50254363956416359
0.50970395956199965
0.51445724737058451
0.51312820418151761
0.50264538729648633
0.4937325093221121
0.48444771252480734
0.48971313510600151
0.50147814400521362
0.50459595117941669
0.50588503085017578
0.50065879222228526
0.49774189127942464
0.50524799463360137
0.51633351731972155
0.51193362275212484
0.49922479274448378
0.26049507141130551
0.21919013773675367
0.47252782717913944
0.4993670954780039
0.493339501141978
0.49784225512062458
0.50489828761290612
0.49813100526688631
0.49130536516757406
0.50666762219255534
0.51347168048537173
0.50698796190258366
0.49947296704040695
0.50238748168193936
0.50003326676281945
0.49556542006052734
0.512636065375628
0.52145377453657404
0.50623517588523625
0.49430369119691869
0.49180945831546702
0.48714080966768386
0.4958321373243903
0.50443378931784222
0.49974849726590498
0.49302238769676088
0.49566506924651088
0.50020855051304636
0.50400686443829024
0.51470136587583704
0.5057035591275173
0.47722846578464678
0.21388644317420241
0.20212502031299265
0.45935259320286187
0.49596149731122702
0.49473019790777778
0.50177023276865917
0.51017657168802477
0.50885007872722043
0.51120806095406046
0.51235060471231375
0.50578382407340361
0.50080336960038063
0.5066816426310331
0.51090937788197177
0.50499517107389624
0.48871793646465339
0.49822553147247872
0.52441166931900451
0.51502271919862952
0.50534866411966617
0.5032059599074109
0.49595525338940516
0.49809244708981337
0.4970714286504746
0.49508111785332176
0.49057818531558156
0.4895127163861368
0.49404009181169245
0.50173871336709175
0.50334960453441102
0.4888431037182604
0.46936455416718909
0.20793674248260788
0.19572771085625895
0.45345402442648614
0.49128712858603463
0.49089871028557469
0.50202990873570708
0.50593841682153273
0.5010099878355424
0.50264451936611321
0.50464320559136255
0.50129708368738979
0.49921555281025953
0.50410117171165147
0.50541406733901839
0.50056339216003787
0.49516799958785496
0.49638190877963978
0.51370166869378908
0.52187307357820922
0.51730354298686854
0.51117595112275305
0.50628634665798022
0.5027925739431256
0.50297293369980822
0.49975574684816509
0.494237648988684
0.49645289959965971
0.50747328520078727
0.50884636945756423
0.49626497664354041
0.48465372739136042
0.46886249959047183
0.19748584445228173
0.24582426841136365
0.46786668623214983
0.49521007331577016
0.49960852019596513
0.50879354396350573
0.49787046826251102
0.49450795436951667
0.49979150074391865
0.501493251667952
0.50011893489709802
0.50177976663686308
0.50207345411475601
0.49918199001875513
0.49839645568186153
0.50159032931062331
0.50056350361267377
0.50109593629361837
0.50953610887170275
0.51164131064904717
0.51044482439593408
0.51188218867024726
0.51203748530826187
0.51398889680562099
0.50332651652649674
0.49578810606041879
0.50475750876817338
0.51294271517939405
0.51169872067561561
0.50886131609663132
0.49900584877404913
0.47023475421622629
0.21085541911760514
0.22880051778007576
0.46452496522866848
0.50062285950691909
0.5044995146846486
0.50463862330009268
0.48996927010955332
0.49871679827790633
0.50399424483056765
0.50230367824149758
0.49932022154918104
0.49632018635527136
0.498035239159212
0.504159816058526
0.50677834756506857
0.50237576535829154
0.5089238500629637
0.51178666002293494
0.50944661904639255
0.50186881488787027
0.50406066907037128
0.50970145398145661
0.5161857462417937
0.51758874344176986
0.50234661450752016
0.49839458210276444
0.5055034170242283
0.5035540174679255
0.50764005762651654
0.51380625138543956
0.5072142893875573
0.47385307819589578
0.18223917041505897
0.23035811656388569
0.45774327117423824
0.49551050310472566
0.505207031462242
0.50414884608847321
0.49992083439880985
0.50604524723158595
0.50482998340083307
0.50567285212463975
0.50018825220434704
0.49151163924528646
0.49142445531523532
0.5015333305184515
0.50502203146688107
0.50215779309054243
0.51226220024702174
0.52009535906390636
0.51036358338559618
0.49981078392765166
0.49516811846677994
0.51079586835589952
0.51567994945342333
0.51448992929809756
0.50569268500115383
0.50924033337976871
0.50239707880004381
0.49633551373224338
0.50976133931056378
0.51250858977393099
0.50366452514046767
0.47473137180409597
0.23951242902217351
0.23040548093452021
0.4557172163499616
0.49606094120874722
0.50799749316260789
0.50720038502722353
0.50658078221277025
0.51252472486528566
0.51202282616330452
0.50611804795348236
0.50032072965383489
0.49842257115748279
0.49825830290296325
0.49973670604091763
0.50146731335212846
0.4973152027145763
0.50459870233723181
0.51238148402208084
0.50264656405406594
0.49357242812954094
0.49553615142898971
0.51484488144351259
0.50910627085493554
0.49998233815915794
0.50351471165498529
0.51486174924341022
0.51091757344411781
0.49910152788445811
0.51404898015632483
0.51402370179374623
0.50058911926812633
0.47561408407797046
0.19695232761795403
0.19859125062192118
0.46191624765422901
0.50793172464087111
0.51174050690955897
0.502964147861512
0.50704930254539193
0.5157998602763243
0.51570261609720147
0.50258203178811156
0.49662687007626255
0.50292100571259923
0.50546690023364005
0.50272549273351985
0.50282374801993435
0.49875442006130766
0.50168479359973084
0.50769387327258775
0.5012381374306133
0.4909336593263649
0.49944513997588319
0.51544146687008152
0.51093470212096037
0.50156248225242661
0.50762053621040393
0.51727208569022731
0.51759461546614538
0.51284776192152759
0.5203872651332645
0.51477929879075701
0.49842611840377138
0.47537506576653626
0.20199233325696514
0.19927611337830944
0.45129686648697076
0.50233537071785006
0.49571689487120962
0.49193661573116104
0.50226288545284692
0.51039684751167458
0.50947003960952331
0.50065990508249847
0.49580017476815547
0.5035009555053237
0.49856180754394819
0.50059336166710888
0.50451781419240771
0.50674350189366868
0.50620758934321497
0.50263882688443917
0.49886415666691203
0.4980573811395248
0.50689866767251046
0.5051836592302128
0.49563923007435567
0.49389061546581031
0.50062109233478713
0.50539017422599397
0.50749790343975587
0.5110980106723183
0.50347220849354979
0.498442516213847
0.49732832919490005
0.48270927186737661
0.21545667576137151
0.20179740536014593
0.45463242370775842
0.49354163082146651
0.49250570148097206
0.48858708727489009
0.4964061215451871
0.50259497833856481
0.50334528316841909
0.49830885263916486
0.49361094601394262
0.50353877055727114
0.50047923759095703
0.51115114367281445
0.51490474243212037
0.50919284762919803
0.50683807260187785
0.49951832671242896
0.49797063858962543
0.49775343373155567
0.50275845887548398
0.49737417077545537
0.48616412612872006
0.48756544363750232
0.49448040930899323
0.4966935502291801
0.50516430153515879
0.50496016014885181
0.49331355683364453
0.50046312555831496
0.50452147171282524
0.48690421219996438
0.22221166622171259
0.21607905052816767
0.45577342067564491
0.4933258147389889
0.4924577358271503
0.48688558651361036
0.48984808910414485
0.49507225864186893
0.49540004705334878
0.48947103153727411
0.48206606881052477
0.49421151538539854
0.50185850985158176
0.51579559901325833
0.51971047792418845
0.50953311328526585
0.50046027586453823
0.49601245028104346
0.50185239986453334
0.49729064968827436
0.49104614554877302
0.47888248326429617
0.47915512324930964
0.4907406923547345
0.49708134179192143
0.50041087409323159
0.50669979929615627
0.49951610769381743
0.48958401446000899
0.50153757577805713
0.50194081360788811
0.48062017649608912
0.21993276877631027
0.22342692889861057
0.46667511744235779
0.49170825420658953
0.49008437223677143
0.49479572928807869
0.49011366229309616
0.49161442021061452
0.49562169767449021
0.49493990781471997
0.48430299483242922
0.49134816474544751
0.496710175498768
0.50044181710828228
0.50332392674360904
0.50046209164083888
0.49673136201462098
0.49681217429283336
0.50604198758200836
0.50484563825728757
0.5001795196903559
0.48027312157469337
0.48314123665746589
0.50164128224621651
0.49903526770873674
0.49408579471464115
0.49372348290402296
0.49304808937021188
0.48841934560206518
0.49651460179229562
0.49920859931241862
0.47618005244990524
0.21990163717411179
0.22029130429261798
0.46858085508994696
0.50160096355197514
0.50124036325761012
0.49898361352496706
0.48773242521048793
0.48898616869129363
0.49395970246348608
0.49385656075818513
0.49255975823406184
0.49341358630816118
0.49516395034693317
0.49769758811705822
0.49904496570111523
0.4992213275811837
0.5050905844308673
0.51022893620363374
0.50843779130457967
0.50242741620231302
0.50388860260019097
0.49231234748945468
0.489865980503847
0.50421452843907633
0.5025424286074861
0.49661425090236017
0.49575401932209651
0.49985761113168176
0.49896347368354099
0.49536857642823523
0.4883493472926479
0.47141423769015572
0.22365734989244798
0.20064188327529431
0.47175020847657995
0.50811838233138806
0.50166389202104145
0.49747034791888783
0.48658509958926643
0.48480004507956875
0.48899109316052558
0.49308681393117809
0.49900918769054631
0.49816524389168998
0.49745297385981779
0.49900152119956237
0.49675832813185983
0.49911215842745915
0.50812549813456753
0.51280391111025581
0.50571250328592687
0.49818432583916916
0.50126826410028968
0.49884056389123527
0.49402354271347748
0.49810197685400032
0.50349487404779658
0.50552263945331233
0.49965404001616981
0.50253200953496813
0.50220770638015633
0.49434285674621148
0.48218271210290042
0.46977141657884042
0.20069187018209705
0.21526720989485643
0.46556563271585921
0.50157227152337969
0.5029726376579462
0.50474566867611559
0.4932951554540484
0.48321824510367056
0.48356720986385415
0.49073418428817533
0.49778571258836091
0.49757629306262663
0.50134692426629301
0.50333636083176159
0.49732826613033582
0.49711578967854003
0.49960137395935711
0.50715790856708243
0.50560425492462324
0.5015736635777065
0.50633494775877785
0.50819401103512907
0.50067175975201217
0.49387683211383365
0.49401989473245428
0.5001024393169482
0.49942801983326662
0.5006633690127783
0.49661156896921005
0.48614371392538319
0.48075968725136076
0.47077609304782664
0.21447688656640343
0.2072029497340549
0.45427618007698251
0.4953611971360129
0.50396382420604813
0.49862501356352562
0.49439569957413004
0.48486958837388716
0.48367615209215148
0.49530082041795703
0.50276828452445499
0.50351156515259432
0.50631413290120841
0.50688601138422951
0.50826047030906762
0.50295038674140913
0.49345719945348709
0.49234850049423901
0.49227177324212101
0.49518455230630243
0.50931167952252177
0.50670008643244147
0.49575835426461184
0.48524065910747449
0.48599374105666981
0.49394814627839928
0.50341187316316149
0.50063694235665912
0.49235783065039657
0.4789814175661643
0.47852341914108232
0.47320693381629619
0.2312022198340716
0.20548894380429095
0.45518569107277634
0.49883434062108456
0.50675051902607171
0.49808152054349925
0.49570009790688935
0.4937227072927306
0.49320570945499626
0.49605050708785225
0.50058980869584568
0.5034543728336478
0.49917695980902715
0.50399126436542341
0.5169331945532496
0.51127853398200396
0.5042933932369229
0.49721866561969641
0.48877675515954933
0.49976418313780024
0.51572393040190567
0.50852478338976304
0.49050116744748851
0.48361760213486676
0.49352768189931445
0.50092098806569418
0.51073602576348298
0.50621819985490624
0.50307005635424551
0.49667667477445449
0.48885323266417241
0.46564404690527256
0.20281743634238292
0.23056466236474527
0.44368900922331267
0.47323817569978993
0.48467312343811975
0.48470897218277309
0.48210773829957654
0.48418974665635228
0.48316262557816803
0.48634636586517815
0.48105817724371319
0.48073874241308817
0.47497505255320832
0.48519883455753776
0.49476741507599881
0.49137434351274656
0.49867266248129066
0.49262281914447886
0.4807288673415771
0.48867536239390208
0.49244376142213547
0.49026481123478016
0.47735888476435517
0.4790249531983507
0.48685170023097807
0.48650638114280781
0.48913710370534036
0.48817997903596838
0.49182865885216992
0.49119707372135823
0.48628422594769422
0.46006690701640857
0.21573980277090388
0.088835923750330378
0.22650896488371275
0.22296053210339781
0.22097844053555205
0.2290167433902083
0.2663447539468648
0.22139178935888415
0.20846389352142208
0.20188760187183391
0.18387318355703483
0.24671286831653938
0.19828706087309492
0.20727581533744438
0.21441424197204506
0.24870175349506035
0.22920443596805068
0.20934013386627437
0.27228895117586854
0.24482202750244847
0.24296590350645719
0.19573750812270238
0.25306175479520887
0.20780463467936322
0.200237588540991
0.22887506017761136
0.23016830031002661
0.19575052039211208
0.23433757748491355
0.23889251903978839
0.21180814853775567
0.19581422472840096
0.090133258987723397
0.083903751702571777
0.19824808890248671
0.21781842576038943
0.24449698464563224
0.22604699388856372
0.216387297197707
0.22836909247921283
0.23532127539667497
0.21301901988033076
0.2047937918404453
0.21891103182714697
0.20085832797806782
0.23404810016346173
0.2043342361724777
0.22181238322285896
0.18995520912993202
0.22407045508599693
0.23442921164210007
0.19851454614862316
0.20805698644690149
0.20062104480160986
0.19904578695005826
0.20189311451992212
0.19589413018523727
0.22075586015376061
0.21202740965210304
0.19506827415776648
0.22595158022083434
0.21446511087669851
0.23651838760528796
0.2011056556162017
0.11044778770634292
0.18289222042893974
0.43526827879980762
0.46533457767397768
0.46091888517231522
0.46069694024737751
0.4578160528898475
0.46026269669881842
0.45200212913671556
0.45310903631252852
0.46660155458009955
0.47354520135567307
0.47403303400162849
0.45790911696777559
0.46669133787434597
0.46279328178102386
0.45224024502850918
0.46425915474915797
0.46907566163229691
0.45197999393890204
0.45106635951069513
0.45692347968276986
0.45165247849869927
0.44675886346147892
0.46381527470181877
0.46400276631754855
0.44494467877505145
0.44765982981831837
0.46011460358808393
0.45170029614971646
0.46149665020171143
0.4608406128498127
0.20658555294503789
0.21294603651224289
0.45980466643108731
0.49292699597477158
0.49454622797767489
0.49556659571059264
0.49833252019374408
0.49370592680044206
0.48976935757259094
0.4927457066175297
0.4954355227854334
0.49797809255885545
0.5085081620398807
0.49403828384055248
0.49116369960155815
0.50276910561407351
0.50108431688711774
0.49866293496297132
0.48755243231046846
0.49167323678091895
0.49295436003260523
0.49659930678647674
0.5004891469410595
0.50611170931931815
0.50192696194139763
0.48744708110518759
0.48702466643592812
0.49581751817800246
0.49960626308632411
0.50705341353236799
0.51098966484738295
0.48996314215643977
0.19303750604639436
0.18111548997921262
0.4591131590288744
0.49777693033418868
0.49808039547475147
0.49792011892141308
0.50497806260878286
0.50360255724662983
0.5003187447024996
0.50001060844961198
0.49767912009347048
0.49782383710789424
0.50818550355042136
0.50300172446351077
0.49095623083074169
0.49785937988915424
0.50192029268955496
0.50197709260473067
0.49852984969728531
0.50220871779765885
0.49499974196576657
0.49599199172830322
0.50584131559513468
0.5163518212036714
0.51200643400465562
0.49112203994474185
0.49275952134746553
0.50391759231568489
0.50537739075661636
0.5109332646118111
0.51354569270255057
0.49132203384140366
0.18525342645262682
0.22030410389481156
0.46002601818313216
0.50015664537135951
0.50464581818339593
0.50511879461918807
0.50888059307618472
0.50551399121059015
0.50026910172981454
0.49813280806744414
0.49390042328242867
0.49382311579279436
0.50665762454367058
0.50661740865597105
0.48788384903309306
0.48431689062929478
0.49448281666552224
0.50043600551724776
0.50892116564312673
0.51229923826668533
0.49689152499651273
0.49187189998364733
0.50378216276634546
0.51086393754460913
0.51584630949071142
0.50846498687243524
0.4991553161957446
0.50595519997162686
0.51212520494007652
0.51744385752382094
0.51568480423594365
0.49082300903921222
0.20151547255589178
0.22104598416098772
0.46255939377787314
0.50095523871976411
0.51020903211681834
0.50889093658611495
0.50439451826484083
0.49297914166098827
0.49389506213989509
0.49922876038649999
0.49316391916774899
0.49702441160878041
0.51107234406698143
0.51232547547601948
0.49616400941341315
0.49224076089345703
0.49265966370222369
0.49300559052408843
0.50333274841581832
0.51089390859559891
0.49886379884096671
0.4925686707910939
0.50056996522396602
0.50166025810682113
0.50793224881516297
0.50912495295155213
0.49544747919273052
0.50596111063136628
0.51490791896163202
0.51006621439472133
0.50231155015097306
0.4892802978852509
0.20671012650817033
0.22672843741254128
0.45727330414358114
0.49787121699438636
0.50813564929974597
0.50699913907110994
0.50031928773689394
0.49212887780315184
0.50071397546123142
0.50879760074074731
0.50676342604815139
0.50350166556744713
0.50952049747169592
0.51494302377914658
0.50501336178237832
0.50462507301274273
0.49967447677799226
0.49191985272175348
0.4989648615390927
0.50561991709927423
0.50477282620997377
0.49956156693748288
0.49613304553231646
0.49656123062535279
0.50230809843811075
0.49962410959211145
0.490131582817186
0.49814882569433994
0.50189856134710664
0.49800150658125342
0.49302991500472265
0.48542373744713924
0.23491309542768277
0.22140341306674446
0.45699544685013443
0.49064959845222628
0.50326413319344643
0.50634100487270928
0.50672719055816551
0.50333627159621175
0.50548172991352058
0.50749220744513768
0.51127812859239408
0.50680417760393337
0.5069622729094958
0.51402392501914307
0.50515070815687391
0.50641669107078169
0.50770695579898051
0.49672896083321333
0.49761542635023803
0.50254846226555738
0.50551300918572062
0.50323463875725205
0.49021220532614107
0.48174439055537865
0.49045002742119476
0.49357171874328576
0.49258980189869728
0.49269172605514239
0.49410402208269161
0.49219333005187488
0.49222407515309186
0.48247679120277942
0.24522712279176917
0.22824409872323739
0.47415118873680118
0.50248801435489066
0.50379483703839445
0.50868385083594858
0.51465423381947051
0.50899693148777703
0.50283889222399469
0.50177026747490749
0.51058083179043767
0.51005752008325667
0.50927855054012139
0.51215465432489549
0.5025161352184192
0.50376751410548859
0.51383123516884843
0.50553659462143463
0.4989077139359846
0.49644937804152584
0.50171575831187432
0.50996304184875485
0.50108318512160499
0.48463609424565346
0.48191194093774942
0.48280994138964511
0.49406442022410257
0.4947629037483805
0.49452702469030041
0.4945867035881622
0.48454876859511126
0.46760846275126022
0.21080956303291212
0.23702235054153264
0.48325098668861738
0.50620921490023862
0.49414740377698557
0.50119916436832845
0.51261858165820362
0.50708826978566091
0.49991236897675961
0.49811718289877621
0.50167157686168928
0.49954469999446643
0.49832574393805401
0.50141842732151987
0.49997165778366409
0.49784991688861263
0.50780034497889326
0.5034036877502347
0.49740658514097752
0.49329512627332894
0.49939508024912616
0.50881331224989057
0.50266658591992353
0.49390777553038401
0.49573982807876771
0.49140136719066041
0.49877003890205457
0.49793074418530298
0.49580188641549749
0.49643061214938394
0.48554497070014002
0.46295787009556549
0.19177344192235038
0.24278559761015567
0.47560682698579965
0.51377917996300737
0.49579966149953042
0.50135409119712759
0.51027999648353295
0.49554776832127873
0.49030540166254721
0.50043849898571069
0.50079260926349589
0.49343727910798668
0.49662977863498636
0.4964406566815629
0.49773455165974695
0.49923973165659619
0.50276065231124945
0.49787852400245597
0.50101695185978101
0.50341225110437016
0.50413569954885029
0.50108082054998426
0.50186832987256036
0.50058463475679515
0.5059590078738595
0.51018817375870396
0.50834241323176654
0.50024810069165737
0.49666093667583677
0.49379731924677939
0.49218308387010556
0.47705407014380474
0.24045339101792021
0.26085098715561766
0.47877207392679461
0.51989799782445478
0.50951918164105314
0.50717956798189434
0.50017635372225255
0.48343498301386262
0.47428207980928866
0.49874413796272865
0.51516392972778191
0.51222764860004033
0.49989131738268799
0.49701869164034518
0.50361367111473587
0.50479554550591021
0.50451835301880454
0.51442852225471358
0.51485908664649582
0.50523201222350655
0.5034297818744895
0.50535905364402667
0.50720612483070049
0.49892782839830307
0.50631719673075493
0.51658252734346743
0.50676694514780818
0.49648634716257967
0.50127064752844308
0.49752519201494394
0.49661756145693497
0.48912429480519076
0.23032559208247599
0.22632584736946343
0.47155621888784405
0.51204684204779483
0.50592981216568711
0.50640939743256308
0.50440402641817017
0.48948488099501203
0.47279501605974256
0.49144955478341612
0.5147704924889015
0.51643203619873224
0.49772302025309673
0.49549950372712337
0.49858160141245217
0.50097455925327328
0.50609736710996689
0.51412645622421416
0.50817783207251832
0.50132131830980253
0.49983788164509835
0.4948115552935336
0.49674104974686678
0.50001705063909974
0.50501250398553366
0.5075547733139536
0.50304347350995848
0.50189360167695518
0.50971767248886724
0.50960655999588611
0.50021277189783175
0.4818310815505093
0.21836886512987264
0.2289229395770013
0.47117065136165237
0.50576519366822204
0.50303307557316168
0.50621610101270031
0.51241932525211487
0.50333867179026182
0.49082418758546614
0.49766674177505882
0.50940111090429652
0.51103471053631622
0.4986339115434778
0.50042316543372656
0.49863696886551373
0.48996316395632766
0.50303693940669092
0.51430700023407172
0.50042674639205154
0.49311181687355315
0.49021901723117256
0.48788943097431292
0.49399355473343448
0.50200921675689114
0.50569914067945121
0.49826125052134201
0.49607522879752158
0.50347640101723734
0.51086374546122348
0.51314856303953837
0.49592999392608844
0.46367589474771731
0.19874231030542772
0.23529256732283743
0.4744223965681475
0.50273951956747664
0.49823264410995682
0.50577254949661521
0.51364954935444929
0.51237817219708581
0.50933369607907431
0.50896938212971854
0.50694082247417283
0.50040525957328685
0.49740581589407251
0.50630189103273338
0.5089543496653347
0.49038013880301551
0.49764696373445766
0.51566539806377909
0.50624385668252314
0.498381207528727
0.49679071665271207
0.49701539002568568
0.50009015582517569
0.4990626921604126
0.49930609095853146
0.49087335969140311
0.48707226963240857
0.49656588544578367
0.50621404779422952
0.50826126310956377
0.4930742139096847
0.46730126974753472
0.18700098959951561
0.20919714815178597
0.46139309687146907
0.50221798481264945
0.49799966572942811
0.50814018790068904
0.50847393513431416
0.50225820708127289
0.50468022190857331
0.51131481286579039
0.50821151995901115
0.49574381767220144
0.49143606653892324
0.50127420544284684
0.4987141199483402
0.49662613736231703
0.49883720015417626
0.50846377146376054
0.50676948931452359
0.5094199433459734
0.50578957139086445
0.5049054930993474
0.50311995263760667
0.50299673078418972
0.49996869136900446
0.48969994947011874
0.48850137074543631
0.50253949765293549
0.50801369409003172
0.50099673870223438
0.49180161557892893
0.47853400417908681
0.21496028558107755
0.22565937934506339
0.46395968652722885
0.50429186329714493
0.51318525634742074
0.51488659987336838
0.50362231922286471
0.5031504043957159
0.50702694007649629
0.5062528743116691
0.50518403722354233
0.49439340977487556
0.48452866030925379
0.49103369287704807
0.49196033454507243
0.4947565362688362
0.4959443570374546
0.49724009679379583
0.49846900365601438
0.50757335799353986
0.50999498095804863
0.50868806185962556
0.50696044214740654
0.51576995285887817
0.50850549232114506
0.49509570530381947
0.49855049688689734
0.50445122124506647
0.50213388177505058
0.50202026593429894
0.49383240885922125
0.47568955716111089
0.1993685593355923
0.2069393651997059
0.46603990044132237
0.50826778683772245
0.51772052995671003
0.5103506505700125
0.49817765136933545
0.50488070442161659
0.50409229094610808
0.50036798829108498
0.50160236271880532
0.49624710255788407
0.48526497549718545
0.49437133075362238
0.50083198117413807
0.49420524382076658
0.49531541940747781
0.49905608605011381
0.49418116776721793
0.4979200133363727
0.5046687008178663
0.50535105091415422
0.50738604294176648
0.51703170498230888
0.50686250307183278
0.50286859643715198
0.50678365966567285
0.50558229209236283
0.5069034768582058
0.50800293078084302
0.49804304443110214
0.47389584762461012
0.17955105102988608
0.21002983183707857
0.46689795273049478
0.51145201888459702
0.51581291440106125
0.50582220085485363
0.49815059695331959
0.49816325229181252
0.49572668332079201
0.49849044301329126
0.49980574202092581
0.49746964920059267
0.49362918971150527
0.49517825955779032
0.49548986656416272
0.48870751566893866
0.49673285752710178
0.51276541239976459
0.50209700185875161
0.49371840492848829
0.4959745543297906
0.50098021252752611
0.50600796367717982
0.50925632660308051
0.50240642577811512
0.50572145998902396
0.5025471544985155
0.50380528172555639
0.51486300440386523
0.51193543992875412
0.50319403442698574
0.47946941685761146
0.21956379308183188
0.20458094060999457
0.46837279988815739
0.50940431090061311
0.51034349101135812
0.50403831713099456
0.50021482165493114
0.49631358472800008
0.50040866066466905
0.50330450270202243
0.50581374988314054
0.50411758554237918
0.50293760694099987
0.49542450917304337
0.4915219967580155
0.49113328497971215
0.50476309750046955
0.52152814479194343
0.50980034195256407
0.49912675786865585
0.50447395203998002
0.5096220297055355
0.5002608879442102
0.49489827720348489
0.50142572595718948
0.50966116614701562
0.50872869035257517
0.50390008589121349
0.51712048826522028
0.5154457882813468
0.5044041246577371
0.47961724295347657
0.2031452516901979
0.19321148669647592
0.46785824421687172
0.50651741530708672
0.50534790053114176
0.50247812071823805
0.50675797249557797
0.50053077031923188
0.50799050736711149
0.50738935442095301
0.51298957682349799
0.5163141393636933
0.51563861333812644
0.50664175432446501
0.4984684547818608
0.49366570056595549
0.50418534833394812
0.51872568615011394
0.50951393780158794
0.50053561941385005
0.5145213407519289
0.5171183030534735
0.50220702546563412
0.49810059391314782
0.5081821943549073
0.51757601035507128
0.52412992638347433
0.51886490396760021
0.51843968735917034
0.51510413365056418
0.50601804950908924
0.47652488920789277
0.18596094290701853
0.19166557254244834
0.45159749256311976
0.49235960623424219
0.49253824791293305
0.49574863469072394
0.50228560579188086
0.50504451298558428
0.51177823440082304
0.50397033883473275
0.50230942654013078
0.5063729319709086
0.50898996321888812
0.50480916280658028
0.50575979069785493
0.50369073669775732
0.50697312863119659
0.50949260416317688
0.5002094395543113
0.50019036946278261
0.51495504709573037
0.51517606056518106
0.49392391913797645
0.49357798687755011
0.50638873112039451
0.50584131467058391
0.50408999152291378
0.51322541826246715
0.50953311376141985
0.49850094837892522
0.49623679161679868
0.48140470828699972
0.22570499290145807
0.22904578513411014
0.44948827062587998
0.49270226034639836
0.49454879677428681
0.49376535207693761
0.49744664375244696
0.50200527888897817
0.50764385087477293
0.50060973215043025
0.49561669540962727
0.49455879990179641
0.49955004323453156
0.51612209564873857
0.52055841269055014
0.51134080776642321
0.50796068586715404
0.50462009995055068
0.496455299673557
0.49262868329828885
0.50232484033584535
0.50564479327472411
0.48601330723058372
0.48442244494519793
0.49301123262498142
0.48854405040447996
0.49503636628920655
0.50179354797338971
0.4957473149345335
0.4934058400996098
0.49985694875088149
0.48366177982380792
0.23215491462979146
0.19734163763360624
0.45677587657341495
0.49779289855177056
0.49675556891031514
0.49241631921315221
0.49578304801364081
0.49671546266175021
0.50047821302965623
0.50036251542761467
0.48711828475071789
0.4866787644351116
0.50161979262985767
0.52180307586290542
0.52063290512419436
0.50561127250092075
0.49941818244023184
0.49516387356985159
0.49814274066534586
0.49757024013142909
0.49864763218210906
0.49296317080735319
0.48927855285182448
0.49245148864542415
0.49646856012055635
0.49050602370864016
0.49581926422834954
0.49871370814841681
0.49052253889505482
0.49640755534284697
0.50084620844945471
0.48097846881379586
0.25626621247429765
0.18127106727178904
0.46110613516164206
0.49471018202901362
0.49701301920921487
0.50242911290443548
0.49903836265933277
0.49561160601741133
0.4978047018747136
0.5004904889763091
0.48442995318794241
0.48686625302097658
0.50136645874718677
0.50363385374856562
0.50122741788187219
0.49857967048639124
0.49813232808459262
0.49730891318742015
0.50402190161177773
0.50535831097119932
0.5108432734979409
0.49939911964973072
0.4951213140682667
0.50352479193115396
0.50055745020678422
0.48761093310200798
0.49233813367100476
0.49900796402788772
0.49497304499542166
0.50330377185348474
0.50400541279760214
0.48842282704762918
0.21175858745236192
0.29816334571387487
0.47116557536129255
0.50536277478248248
0.50813674570101508
0.50783010934005501
0.49883921715869523
0.49767067196020381
0.49779954035057172
0.49561957828704922
0.48990297239074182
0.49602064718885736
0.50475555337985489
0.49906308170632618
0.49314767770456863
0.49945258948239485
0.50874541010079566
0.51008690937632284
0.50517258979253543
0.50214677756015325
0.51137065111173252
0.50539133152770666
0.49870672223324414
0.49722813923984244
0.4962947470581196
0.49375815661399908
0.50070048557104285
0.50986990474442395
0.50557293192555985
0.50128114203361573
0.49327902305212068
0.47484112403828654
0.21210013386897894
0.216225072302519
0.47681034389270782
0.51290148047390061
0.51625545456602173
0.51108401818906324
0.49620295351704735
0.49127818009483054
0.49414794221727332
0.49554746369737152
0.49805229584596217
0.49776211512775254
0.50457177503715533
0.50346179368802946
0.49667054513462333
0.49911948387516725
0.51081285231083573
0.51407613753818893
0.50204150178597862
0.50151123354313487
0.51300575179533869
0.51212762144228208
0.50162331516500136
0.49161118624629424
0.49243503425822677
0.4965029412228984
0.4975141444395253
0.50633542124154263
0.5057812587163818
0.49677042252589265
0.48955450802534034
0.47028604788605982
0.2014451106753756
0.20834452151887434
0.46023564572502312
0.49696397403900555
0.50731048659784117
0.5147406058688585
0.4989713930155989
0.48390211979761594
0.48554409272732102
0.4939170882456948
0.50209275338724513
0.49743060404968364
0.49951611400669305
0.5046753879861462
0.50337092066551636
0.49843541602641278
0.50167151328271453
0.50466497211577954
0.49839243343543294
0.50205226011674409
0.51440562822771596
0.51586834100657453
0.50906747545283493
0.49752760450169048
0.49545163290058691
0.50580119163520176
0.50241856968529031
0.50284285469182111
0.49858771100363097
0.48994220394058341
0.492220039197593
0.48116413950409165
0.22924653467619319
0.21020040533209025
0.45509492982024413
0.48941975898046708
0.50316232549214412
0.50633948506363002
0.50237054094054268
0.48843968940913052
0.48526616605093498
0.49293426258623058
0.49887244318622731
0.50226087622427495
0.49842453174476536
0.50440541501987368
0.51017772589870025
0.50886933893724517
0.4984151086761931
0.48929076914885694
0.48314248398167298
0.49190727651617228
0.50758435958049164
0.50368135171756723
0.50252047898197716
0.49580160068421408
0.4961191445986175
0.50474782890045178
0.50682360804487403
0.50373159089167796
0.49379657721497483
0.48361899412025666
0.48443317632414878
0.47330734551728759
0.21743427088243014
0.20051876140588665
0.44976547500632047
0.49107272067103863
0.50032155541086154
0.50138947354365093
0.50665465793760778
0.50068026395361453
0.49401215726587261
0.49242468818443952
0.49656832103469573
0.50706367100602834
0.49825670623929708
0.50440659058082671
0.51899250363558747
0.52203558308413356
0.51078366442692114
0.49169364857266307
0.48255060601072897
0.49652644789878664
0.51216961858887544
0.50703140429634819
0.50110340478742921
0.49341498100219755
0.49477286299181289
0.50128380237382753
0.50574081632166223
0.49909171096007904
0.49503061268489645
0.49157135996884949
0.49085651595969004
0.47056381631495708
0.1960978573427602
0.2044372491873602
0.4354480804416303
0.47172749285368898
0.47307581085163852
0.48371939023802324
0.49084033739128241
0.49284763071103688
0.48302344417276094
0.47513752267429099
0.48158666834309244
0.49184697474929767
0.48519547428306209
0.48766634983566309
0.49240702690567323
0.49714713606787458
0.49522152224198307
0.47901272725963762
0.47503732769643364
0.49196780061435813
0.49464984687394059
0.49100589018739549
0.49023314601852391
0.48288607919883242
0.48152637778041718
0.48564687934170575
0.48379108408049853
0.47430680613076021
0.48032180085283338
0.48127300768288256
0.48775435150610252
0.46241516823180201
0.21126820158207765
0.11899086626879801
0.22198959155818712
0.23501597695444135
0.22473857953333767
0.21808717231968047
0.21906568663349404
0.21311638062478408
0.2385448472031835
0.22245491486231203
0.24217641585850308
0.23942287814235846
0.20478222845906247
0.20044900409855915
0.21809571395376665
0.22175648961670855
0.22318995136413308
0.21786095909294245
0.21453173644776849
0.26316132305447798
0.20425591963050771
0.2222286900638753
0.24064666715934491
0.19079727418272627
0.19776653227767832
0.21216469356199746
0.21890759448210559
0.20128553123217768
0.2022802085090718
0.21020396963007024
0.21467431577785959
0.22944375277531068
0.09433753254666892
0.12046650518042
0.18546965544566613
0.19951649127687132
0.20453752348791224
0.21853352835052367
0.23116232793361394
0.21695509673966643
0.27985242656802045
0.22061151152020742
0.25326173932265766
0.23057141515045684
0.23710469404854656
0.25413184657521831
0.19813195918329052
0.2122693970068335
0.18945230361291596
0.21057305916818275
0.23563246937590587
0.21575067560635017
0.25639356928049195
0.19610618517290077
0.188105946079554
0.20583508502300396
0.26221550547182293
0.20698711897014052
0.18590753387863229
0.20056912218996217
0.21045752558415501
0.25255155419706365
0.22289801231218456
0.19942883556968882
0.0960822952471245
0.18293167362692303
0.44148031143797967
0.45150931492134838
0.45212575940709915
0.45702289049357964
0.47222724102198099
0.47630383142729504
0.46421354493390549
0.46397823402618765
0.46061586078812417
0.46715329628063668
0.47020630619335213
0.46196304218309875
0.46764731882170302
0.46219941497321765
0.45968800764947454
0.45421847397507292
0.46149121922998998
0.45087727300435765
0.45819570574733293
0.45059039489849162
0.44962019180811291
0.44490241435832051
0.46049538383788235
0.46125699949099225
0.44198353227642556
0.44122241866529577
0.45177342445996005
0.45587672100600196
0.45756362367309406
0.44472183717258956
0.18907707912797547
0.1966215605815152
0.46136952949003834
0.47581891994270431
0.47747384116830233
0.49371771336974946
0.50308877366294735
0.49673502680279363
0.48881989679524257
0.48881197408141108
0.49375564898812341
0.50080357108688434
0.50823356799332264
0.49303826522499289
0.49494124872975315
0.51087166517921345
0.50891455902840588
0.50133388709453708
0.48619261765026361
0.48318820655433853
0.49590055657998117
0.49900783307904101
0.49326672760571233
0.49622054847768815
0.50277386982283268
0.49593490390798811
0.49650483061245082
0.49894356790630739
0.4944202672792754
0.49708371076538371
0.49675888085028985
0.4796444734266937
0.18949115104486569
0.19547831313464303
0.44182297697508055
0.47941774412994748
0.48633336424554657
0.49755975620149645
0.50558519465306029
0.50041885417952026
0.4996743096565871
0.50168080404387239
0.50338749059476873
0.5062632991027054
0.51373341869854883
0.50762472199166797
0.49605620870490486
0.50092127720304347
0.50433171285398171
0.51017427399081017
0.50237818742240814
0.4914232167905625
0.49919532907538433
0.50232560422030348
0.49705666158684847
0.5029328413519587
0.51030981858100632
0.50142095413311372
0.49709377736401078
0.50301858958413681
0.50610797767527804
0.50749843637056968
0.50721404120809244
0.48728783081067062
0.21725586736812072
0.20105100673897261
0.44394276020113754
0.48813940876054168
0.49847528760297199
0.5015925625935278
0.50278845259334803
0.50039271483811154
0.50134972392609944
0.50089307051056697
0.50174060923235575
0.50508243507402828
0.50906639836866163
0.50833515949497876
0.49052103263153535
0.48753285477689151
0.49766929066122201
0.50891691497732028
0.51168234049582384
0.50234597970024419
0.49706649513121554
0.49507358960579428
0.49540786691788397
0.50128523376735412
0.50890229853552982
0.503279504369192
0.49112244399705385
0.49312110337858739
0.50423478147975409
0.51293532216719506
0.5173117126161012
0.49698265028353539
0.18408577154477646
0.21444583426469738
0.44839614878971767
0.49676359564600892
0.50209664834234047
0.50181281313845427
0.50737010706597341
0.49690625610249167
0.49797170920422751
0.49744580515499875
0.49197393631605996
0.49579240900678828
0.50368863382504681
0.50808344136812733
0.49633500437783407
0.48930402598912148
0.49528674967239428
0.50494521671569248
0.50870524542852402
0.50747047380336296
0.5007004819359796
0.49602426923774862
0.50047429775340369
0.5027116048839716
0.50318723440596846
0.49913320548869844
0.49107787741599068
0.49864721704784787
0.50533554359186028
0.50927027963995175
0.50674595914865872
0.49119310944468797
0.2028098524845777
0.21697305487039109
0.45497343232497733
0.50150512325367547
0.50067226588649205
0.50012897486936414
0.50718895992350488
0.50146436825762664
0.50754971131378235
0.51068169916350303
0.50453298538226399
0.49705681600936763
0.49943885762813361
0.5082240123742966
0.49952667629570013
0.49376639170650122
0.49777934597803997
0.50303758414713373
0.50748184288877252
0.51237703468437512
0.51352095165506451
0.50714120327386225
0.50628784373545743
0.51007364601940119
0.50560807675592534
0.49942318046887169
0.49604947502602004
0.49672729353285977
0.49720350605354147
0.50277075011295957
0.4980541428232193
0.48045311190498002
0.21650041712126303
0.19246374148417836
0.45698937426091446
0.50260142781061279
0.50084217781958873
0.50131346012166156
0.50567591166276837
0.50019581192213269
0.50432056753550103
0.50759712995260819
0.50874638484824641
0.50557030135122105
0.50111342657498581
0.50796845438159255
0.5026853234638744
0.50184060208842785
0.50029556743617032
0.49431948642002577
0.5010603723673992
0.51393272977424331
0.51982938154654434
0.51231942656289231
0.49819552223952812
0.49453081477006294
0.49565432474062504
0.49675195795172561
0.49722246791427088
0.49044867339880149
0.49373857725195142
0.50296206321780146
0.49987758864241438
0.48163868388070818
0.2055184742965605
0.22071510907095679
0.47794699976352789
0.51361190395609591
0.51067069574111768
0.50791656266855478
0.51229813278012226
0.50105127534935245
0.49412336565737569
0.49693747511232506
0.50677962045279634
0.51443585700465877
0.51246392958633169
0.51061099982325275
0.50214911620688762
0.4994170447522544
0.50085711590972615
0.49659325139594757
0.50010101427611031
0.50819836075207581
0.51106320764262658
0.50627901811407361
0.50088030266572192
0.49257272823292603
0.48676999509853514
0.48782550505779582
0.49256639588157486
0.48817249669848045
0.49301629789293111
0.50188312314208638
0.48961216623617204
0.47133070714395742
0.19018824101010284
0.23235550916248093
0.48641580104804677
0.51552587708142361
0.51040748700557237
0.50737579663072552
0.51311026427586315
0.50852085845081862
0.50133538499889851
0.49987195428958997
0.50116137937655181
0.50865272202747935
0.50747460883928042
0.50446289690888269
0.49979764618201544
0.49709164533193845
0.50314802421496529
0.50069029941929388
0.50445710628306717
0.50487262147621703
0.50123525394394997
0.49897800738124976
0.49914220528589487
0.49996936290956362
0.49697877269914809
0.49236993523896078
0.49208877313617044
0.49502552148777912
0.49801281697546196
0.5045627122646662
0.49306057886784171
0.46916444405138497
0.21909028967137226
0.25014980290892769
0.48933573349633913
0.51827409634764221
0.50964472219273871
0.50658531167648757
0.51259674988170967
0.50724599851255436
0.50621155867894796
0.50812277425862384
0.50285268308722242
0.49717562702348234
0.50248628886155411
0.50372099308235019
0.49774674276685943
0.49741731999887101
0.50473369292522052
0.50202932577427084
0.50567309819925998
0.50639149230760161
0.50323633612542562
0.50180196177301828
0.50126655653317931
0.50400060797567536
0.50695900402777405
0.50635618018737416
0.50456865331279654
0.5018362336497324
0.5029730895138278
0.50687266935238473
0.50064677561441706
0.47917681073244506
0.22316498984852265
0.28315442955548281
0.49323453079119323
0.51840369586929635
0.51370494196171934
0.5060726736816783
0.49956011450648874
0.49659601871208153
0.49612048141253257
0.50602217278704875
0.51291629456428378
0.50862333351114475
0.49805154180900929
0.49811693138562108
0.49548351897081838
0.49414979166582063
0.49979023893026781
0.50854298490458083
0.50482290286323261
0.49485130620788709
0.49323374930441582
0.50281545536753791
0.50811282517362866
0.501004955963954
0.50877027988180401
0.51628636876377632
0.50598322130597528
0.49090929260016292
0.48862790504397818
0.48864035103579495
0.48562684576482373
0.47236066983692854
0.21714628593149521
0.23686971211514143
0.48106766551635427
0.5140091769467281
0.51555631676228186
0.5112518224162178
0.51074200185163277
0.50100509541444083
0.48841997251364294
0.49264079096554403
0.50442298733629598
0.51394218295203076
0.49693059052308564
0.4949076180267849
0.49833532849449569
0.495423981382557
0.49969267451953758
0.50423304109026312
0.4943311118290008
0.49017914046438993
0.49309527752798427
0.49867583670526389
0.49857809769540434
0.49500767425345671
0.50222257808329651
0.50686583630366244
0.49871256296073091
0.48968262414100422
0.49277946329805783
0.4949613391940671
0.48991628380923929
0.47385141386136326
0.26613154042797466
0.22804336442972059
0.46906604954580572
0.50279901200617716
0.5084242081425574
0.51276324236933557
0.5165597094784834
0.51000675298469522
0.49565433249347596
0.49315175421136614
0.50040005132319298
0.5062583016814014
0.49909786538099521
0.50273204805414295
0.50258956511142039
0.49617122152053678
0.50201107629402786
0.49998780521633113
0.48802722547895133
0.49106766246655448
0.49445838316277385
0.49650885055478933
0.49818517708097165
0.50267646343732719
0.50474142983576298
0.49896016208123833
0.49650690056632119
0.49809418133279076
0.50802889925469241
0.51002611236551598
0.49794974009203036
0.4711957195137868
0.20000014695783927
0.20783184176914593
0.46987753715242281
0.50102544432063689
0.50168777827059174
0.50955261678028596
0.51326605995332897
0.51034317541748142
0.50494493594358303
0.5016343070160042
0.50211510803338733
0.49853923175775844
0.49671127451535352
0.50295904793841195
0.50379224526947664
0.50386992935407082
0.51058389342929766
0.50155912124387536
0.48852092141881126
0.49554679754882736
0.50484645380070126
0.50473253136402929
0.50278082150595627
0.50533861971277416
0.5036238988368178
0.49549996218464076
0.49616475867988591
0.50134300326220793
0.50961292136762748
0.51041355873067629
0.50216097264331316
0.48077324643068814
0.21188816594184626
0.19046070148300487
0.46392081311195932
0.50382549811554667
0.50673995849814391
0.51404894270159285
0.51056354978593044
0.50495060525431257
0.49989621522320443
0.50048347021361284
0.50369488840957
0.4986063549905449
0.49619782229332965
0.49955102569902571
0.49754755001103612
0.50716438098697392
0.51736637266912566
0.50756187289247823
0.49437254142962894
0.50556831601181762
0.50773763763665936
0.50200855909565456
0.49733607962466958
0.50218557019330989
0.5030566298899718
0.49658483472470655
0.49768154603495995
0.50518240852984564
0.50616547661561972
0.50544031764226904
0.50353669438823778
0.48449232397833109
0.21535636845841405
0.21014711539179773
0.45269078687295833
0.50630754657047405
0.5169231700774799
0.51689287628848302
0.50619896866731118
0.5039553052635527
0.501601677958462
0.4976816807737473
0.4995943687334824
0.50049360390512221
0.49776378320287124
0.49862460564473737
0.49630947574677031
0.50539070869006453
0.5130183611669239
0.49951988030199856
0.49178628772581412
0.50984138196249296
0.50774020348019844
0.49839649639559463
0.4967225194288174
0.50992697932412778
0.5093918127415461
0.50056587429685628
0.50099094657609655
0.50038276724565844
0.49647533401199617
0.50199881087662779
0.50026037510591725
0.4810318508035844
0.2364890512732703
0.20205580128551329
0.4521920166247913
0.50694029151331321
0.51648576581081918
0.51409551054811542
0.50538751939343307
0.50598093029673563
0.50581103191507903
0.49656031940027195
0.49355583146565102
0.50033374894183358
0.49449213407485271
0.49879765976018792
0.50699374148072096
0.5078137809583263
0.50193967667507478
0.49313537178989375
0.49039359547573791
0.50123998131085545
0.50075592107552891
0.49563841569648454
0.49536553510652082
0.51329467572134335
0.51573346634030626
0.50997229047974046
0.50915664151063644
0.50579983368436809
0.50408963880103941
0.50865945725786221
0.50756091727454533
0.48795165516164551
0.22899401304962771
0.22946224930026485
0.4667968660388423
0.51686166156624813
0.51734295994785895
0.50622641542923341
0.4961249626399829
0.49437465244990975
0.49888810807276357
0.49518202749532886
0.4923348989191515
0.49947045763759818
0.49955439933729939
0.49881470069935185
0.500700569846111
0.49689082022265135
0.49458062473784764
0.50214838829108477
0.50360268697663746
0.49607814699648289
0.49350862692362357
0.49293358314272678
0.49811881596312185
0.50918455016230924
0.51377488896807155
0.51115125991432586
0.50613859596054145
0.50638952424604211
0.51134081237721973
0.50913328833009974
0.5095923262566876
0.49239825166873002
0.2398957357750231
0.24868823434208964
0.4705906451933497
0.51503353823467524
0.50828839368536627
0.50211079830804961
0.49245738851952775
0.48813259314901064
0.4929797804888375
0.49643993285105575
0.5015587022855299
0.50887778814419371
0.51420649981276856
0.50652378651990382
0.50055722311427797
0.49800945763941912
0.50373790309860988
0.51715135506821719
0.50932694899579101
0.5011993966969599
0.50107696991400563
0.49741447157867558
0.49874914673639492
0.50322421250557581
0.51142109787036938
0.51103174937869711
0.5078323324954831
0.49947599839775536
0.50733655685655399
0.51175460333425049
0.51001006241776503
0.48176415968930297
0.16993568628936789
0.23055293321904438
0.46712656074629244
0.50770325656031534
0.4991317418041944
0.49681770816726295
0.49882330417973031
0.49526598921500825
0.5026360509604868
0.50692201663454839
0.51379454685045023
0.51798016374864697
0.51921267438684104
0.51378778873459496
0.50271156207602008
0.49465575077944979
0.50280687732177098
0.51618783775225963
0.51299940101457786
0.50588667166125634
0.51219219635038804
0.50319582052793643
0.50155041588420501
0.50239070771008865
0.50625648170345094
0.5092482967065266
0.51483039928846008
0.507902250568534
0.50508882253607124
0.50844314308257199
0.51628680106823055
0.48215730205378482
0.19756956281146856
0.1833929617781021
0.45882090376555223
0.48766987751297303
0.48595895255372379
0.49358937406555858
0.50249499194915492
0.50220478691845538
0.50462855130790729
0.50397422162122973
0.50738170617155398
0.50894010055132965
0.5148433387766681
0.51073922632020841
0.50434415077184247
0.4995405154759382
0.50031484367380907
0.5056745188532219
0.50087878614029802
0.49753795555575525
0.50748500866933821
0.50345979020586329
0.49538372251352214
0.49790242794156142
0.49716087955481858
0.49401046881842042
0.49894166499793474
0.50659942834672866
0.50242314070901528
0.49392759291952537
0.50076035418978782
0.48122780889802175
0.23276749721747586
0.19381041228912016
0.45345447134245098
0.4896568501235703
0.484783206031628
0.49089728433997326
0.50082532007383995
0.50512000416291902
0.50359654254784558
0.5007489812685294
0.49971466956184529
0.49905295340827482
0.5067723835088852
0.5133309558191903
0.51572571912725695
0.51127351157466638
0.50343317415520572
0.50169955334641492
0.49459534122707255
0.49030914425333499
0.49984927111944816
0.49885929386854666
0.49237192315189848
0.48866310391642648
0.48857917297931663
0.4830916075593133
0.4869165038295506
0.4961094433236749
0.4922473777709041
0.48521001611084585
0.49713954333193938
0.48731102363540246
0.27463689765906818
0.20795425059916317
0.45537037160056976
0.49879933377473529
0.49001106197148642
0.49386478467283895
0.50359669965898735
0.50414388326734472
0.5009952040624468
0.50304589659945009
0.49412087894935197
0.4956151712625424
0.5068002641620345
0.5169337983812774
0.51726181346166455
0.50753106494852152
0.50032424138403575
0.49741571745845975
0.49758225636096609
0.50203578840635077
0.50717089965248963
0.50346634954276903
0.50602346945109267
0.50219927793642793
0.49970142633802994
0.49261352785416623
0.48503704723854008
0.48915686622626453
0.48803385181791176
0.48659790935633712
0.4952700636256212
0.48336513730869535
0.20587176323776291
0.23097564431093648
0.46211692113360697
0.50526011997912779
0.50395348534441642
0.5037622300578668
0.50904441635863296
0.50379534808871163
0.49801717413527241
0.50211785106688311
0.49338403931832786
0.49846612535577073
0.51465215792753527
0.51499608537134411
0.51185393318492989
0.50344662513637339
0.50156219257659218
0.50457930238577942
0.50562941708036291
0.50778521418346689
0.51312776628147638
0.5107842284459323
0.51366513688050075
0.51341313823640611
0.50794023026064039
0.4958043370305894
0.48389814797034975
0.48965191174506506
0.49559679053030931
0.49998026443582877
0.49935981018497466
0.47755414439483124
0.19762832708227362
0.21700879060263459
0.47938084116486485
0.50929049382585667
0.50763058918086601
0.50428373017084405
0.49663206094096868
0.49862252037658589
0.49816009787311871
0.50082122642321347
0.49930943727294852
0.51023881802223958
0.52408374064751728
0.51751356706388574
0.50827890764955108
0.50103182174121608
0.5053836957840141
0.51363064133864655
0.50741805567515019
0.50604163605407526
0.51361654563934933
0.51195637773535996
0.50234597259118852
0.49638269919103212
0.50016401883814776
0.49739556412226921
0.49837592458756924
0.50177113773838866
0.50582460787710659
0.50559458068664942
0.49611318463318477
0.47285487320693481
0.23674222519191468
0.22174565720532169
0.46956724362302249
0.50979387226340933
0.50849395663387786
0.50396770079392716
0.49324050511351603
0.49238444943716725
0.49722776060729013
0.50039837322746217
0.507921952809816
0.5083574911602855
0.51981924011335001
0.51509979332585798
0.50375817872691897
0.49707510901480012
0.50263343263690319
0.50839430965471766
0.4984170004037905
0.49976769942521793
0.51095157286345028
0.51246273851152857
0.50083090327533064
0.48852182582112719
0.48763612844387577
0.49209459250589577
0.49846801195336321
0.50553470743834938
0.50568978687488464
0.49669983771695503
0.4910428714622771
0.47650298649705686
0.19742426749124295
0.21750602057971744
0.46086553797903274
0.49160696512902591
0.49791470178758213
0.50647774442348226
0.49847712552478024
0.4917719489506967
0.49343335898153418
0.49903726747822336
0.5090677301807679
0.50326875799304516
0.50417741749379641
0.50994701509801865
0.50767636816487904
0.49861723254939849
0.4922328418356598
0.4920663585454087
0.48673041286967311
0.49347903426121664
0.50421362282383031
0.50773386841503454
0.50823924350893124
0.49501424262677901
0.49076910028536636
0.5000945293944723
0.50317592906110264
0.50344887383428583
0.50063644604117763
0.49103227277176353
0.49483120370559297
0.4832139970156738
0.21117237600707475
0.19622065313823905
0.45669172375134032
0.48899747597971738
0.49806805012518801
0.51019814060064372
0.50724689457175831
0.49752403523016453
0.49296834414575968
0.49523737840414228
0.49560349611745896
0.50139389830053716
0.49666045873655901
0.50285748729457502
0.50295905212479397
0.49815168791855313
0.49278924570130844
0.48582871597801092
0.4790162966423957
0.48263541142860411
0.49167405545785609
0.49878791081918655
0.51473862075058641
0.5070680040360338
0.49967695139800627
0.50552595530438937
0.50924751764663012
0.50398349038982915
0.49747295349484666
0.48490376256338763
0.4820840718073709
0.47268429344529928
0.21962781992163341
0.23604215195758971
0.45819025654967888
0.49498455832509375
0.50448073450683162
0.51035776240061037
0.51056922375133373
0.5039941768541385
0.50039396626159982
0.49385114395405183
0.49415665691348803
0.50357389029345667
0.4991246418918559
0.50324806138849731
0.51002249065790373
0.51273526990739637
0.51025070037906628
0.49106033251930348
0.47942339724721916
0.4824806830951523
0.48916617248289085
0.50283640281582609
0.52082560731221406
0.50545182994466709
0.49208159024375814
0.49924147193880891
0.5055008755666599
0.49669139691418501
0.49137211151018545
0.48616680966532105
0.48716908904274514
0.46866449378802444
0.20507795180345265
0.18377493647889034
0.44573880908449154
0.47336261125860618
0.4759867321206348
0.48570478428543029
0.49323387462149809
0.48993044235660077
0.48896306011157342
0.47896170848458253
0.48380371033712621
0.48592984123107957
0.48470992136871638
0.48617255203026838
0.49113935340077008
0.49774767296750794
0.49253990038114692
0.47851108488961569
0.47520898266281825
0.47955244771067734
0.48253434179503529
0.4901818499115726
0.49619499379480825
0.48697855674275231
0.48031360062319017
0.49213769613283975
0.48482144667531657
0.47411130534807172
0.47281691819296073
0.47927007524287413
0.48239930624880895
0.46161756562521239
0.21121093559946658
0.090769980973186337
0.21551471858600471
0.22294901490074351
0.21805644766262919
0.2133488932263003
0.22032824481889182
0.19853874693407614
0.20223980039879086
0.2258859512904472
0.24331875592421637
0.22388402387602499
0.23129207522527157
0.21464756019484738
0.2231888060969105
0.19786707297697614
0.20293143723473381
0.18660220922301896
0.21789499509353352
0.21354097175902656
0.20432837155361311
0.20744781479060639
0.1967752979380511
0.19836130962423168
0.21207503621406057
0.21889923231328234
0.22683179510190971
0.23727965781736554
0.20628413473989887
0.19981754196454971
0.25593394792579394
0.22882086830808127
0.096255304430694993
0.082284553345385272
0.23045037398992943
0.22081872814781911
0.21410194554897519
0.23185049231306551
0.21565101729244507
0.21997787655830001
0.22366895292760858
0.24056672911181792
0.21307647177769568
0.21846180827341852
0.24524303283617077
0.21561160503910584
0.19209019988176082
0.20699874783255803
0.22145474481680594
0.28928262301362612
0.23647330104596975
0.20481962385598404
0.24574963139951669
0.24298542811614329
0.19459357829681448
0.22957099957924804
0.22799702244406472
0.21413858341294784
0.2276265536883591
0.22053688054124243
0.25070164600463568
0.2248563753937394
0.22675808805558559
0.20857339813817669
0.072627211839607297
0.20269328461355324
0.43650880217490112
0.45462172655657279
0.46139183828413927
0.46958439406627678
0.47444531744123625
0.4761785192148798
0.47062295279418553
0.4605395309434353
0.45673282623879363
0.45770356058245049
0.46482715274233899
0.45199905771382193
0.45690623153070148
0.47002064486229655
0.48136701215203204
0.47116834445917005
0.46766598453208158
0.45757487297010802
0.46015917591287131
0.45628147236617561
0.44146457187817167
0.45720396010328568
0.47137329698110536
0.46706603966078736
0.45193326955055924
0.46161646737106143
0.46834977428746
0.45872696141475322
0.45406415110195608
0.44300718300978936
0.18491544762453554
0.26388663121182609
0.46316205097057522
0.48140304092647762
0.4858437478230499
0.49504639619932644
0.49867204177552871
0.50031595884587798
0.49522472230754799
0.48324237550123866
0.4855733108558164
0.49340883004126185
0.50015202081515253
0.48985881103723472
0.49285647983874209
0.51337688546409199
0.52217718549764103
0.51555697662349853
0.49673511891978567
0.49030564256126841
0.49840143626876315
0.49559723357633068
0.48378802288648326
0.4882521678263399
0.49887454975468692
0.49703307430936916
0.50348668963096432
0.51499455515410009
0.49959167138297805
0.48726530260707657
0.48915243650824936
0.47208918248787679
0.22265845295477604
0.19861984648725764
0.44611008989914547
0.48138078844714671
0.48879100273832371
0.49353701147719059
0.49507451746544939
0.49697378649351925
0.49969486889940701
0.49318675325508715
0.4956047862164587
0.50315258070880409
0.50580437244976617
0.49756249094742239
0.49045747469440631
0.49819039601095388
0.50843896884856477
0.51172136997969309
0.50007130470400185
0.49208672725391228
0.499471913930852
0.49951641469311342
0.49508723032202662
0.49320947372943441
0.49789230978293314
0.50132048156541253
0.50208702203558164
0.50869984082730801
0.50877324986978878
0.50099291612190955
0.49865197405986661
0.4827425319223439
0.24724120198757993
0.18889436687042968
0.44653719802319275
0.49149050768042984
0.49890343362546963
0.49880581398441998
0.49762159086443891
0.49364970509317052
0.49401987036924228
0.49296801721482364
0.49757395452075354
0.50979015904528113
0.50746877632996812
0.50161053829516866
0.49008113033344503
0.48857596259791924
0.4984430256835633
0.50604898349293304
0.50174255347594565
0.49646564462407994
0.49669977909127327
0.49382732995136924
0.50110975759616572
0.49746901658489279
0.49764667734604096
0.50071929698226569
0.49470941455930245
0.49137148136743852
0.49936961499075067
0.50459942526111212
0.50492782064788788
0.48713198488708798
0.19719857480601785
0.19686205191368022
0.44967487279979773
0.4991439916012716
0.50079613509344401
0.49978957768369803
0.50783272166359228
0.49884763839168295
0.49598325189409259
0.49203154965075296
0.48892020716781215
0.50037313544128492
0.50083831847000704
0.50363918142637576
0.49484878297526746
0.48722853358841439
0.49574098176736048
0.5044538242415787
0.50258447564390862
0.50374387546032096
0.50230700556680474
0.49597971048892581
0.50301771952025576
0.49824685769345334
0.49023827812785942
0.49136322006895844
0.4927558445494169
0.49099573096810883
0.49713253112233574
0.50194934204294583
0.50270646388364781
0.48374006022690125
0.22539663877474153
0.22469100932570613
0.46523683688866219
0.50128460009935571
0.49200722360901439
0.49327807193051809
0.5030999828149284
0.49564249832803181
0.50005400483263185
0.5073919568567643
0.5003548761024984
0.49363103977348921
0.49236051969615829
0.5003779721785957
0.49463463449775941
0.48886112101434714
0.49692917791639996
0.50520020711737135
0.50472969115087452
0.50616833088218571
0.50820227726507528
0.50924444119806112
0.5153414993496257
0.51059127132554583
0.49423525362318732
0.49055329762870492
0.49602439819518684
0.49199352889060233
0.49684771018940888
0.50379681664396347
0.5000603013426087
0.47859405046478676
0.20314039230241127
0.24465694109740654
0.47120108651631243
0.50049067415620041
0.49398369837508022
0.49631848648218074
0.4978875191443381
0.48857672273724556
0.49503630696030965
0.50925700847147704
0.50760192833010853
0.50142981821789401
0.50361215808969073
0.50485673482456028
0.49760892055065448
0.49524279504057456
0.49590475287613367
0.49300250606165924
0.4931524497799305
0.50032584937934932
0.5051885711408769
0.50245548700643539
0.50190185629351036
0.50171076257555636
0.4934293048255185
0.49320197062277377
0.49338466003131115
0.49044127629958939
0.49587924656745769
0.50738046616924992
0.50085939281216785
0.48536773804374378
0.2178087018702016
0.22788999111069586
0.47511403813594477
0.50918828840687491
0.50536043505287054
0.50403263987437841
0.49854284486570583
0.48786084011771436
0.49269966102172996
0.50361926824626124
0.50905115667642076
0.51008710544847036
0.515691352394688
0.51484030451605822
0.50088270440478089
0.49600415717031643
0.49881801118306168
0.49622045002155629
0.49354204966610205
0.5001332019615512
0.50027635164201534
0.4904536563971944
0.49124597807198311
0.49445045178831265
0.49480904795910224
0.49706272563670634
0.49193174692256975
0.48471189216770905
0.49073119018314848
0.50386165566127117
0.4948668839213286
0.47529219246528143
0.23815236590792538
0.23505608318401425
0.47178023064855018
0.51051523162986656
0.50708896209973309
0.50372959298329179
0.50671493438968607
0.50387792096746087
0.50317981307810733
0.50334641389952384
0.50724795160371372
0.51071652941545487
0.51017227182205649
0.5068299469044989
0.49624935255535008
0.49445507426922641
0.50558603941936975
0.50819048538306222
0.50348933799576912
0.50426169353302674
0.50506828547768556
0.49802438829983292
0.49391035227709434
0.4960114665992752
0.50263206143300343
0.503445007247735
0.49718542267135807
0.4906875154938371
0.49537456146138642
0.50881352778465294
0.5026863062710657
0.47479263549517847
0.22707498597353912
0.25878069863890191
0.47548567575609518
0.50765566736641221
0.50381463590471087
0.50215616818898123
0.510493144515204
0.50772381199799776
0.50636740503756039
0.50721292357322834
0.50670915209494916
0.50089197159053467
0.50048194976859328
0.50209979605953658
0.49620100526583727
0.49798487366419508
0.51002003350539427
0.51432267810683363
0.50812693983552304
0.50600504417158965
0.5075940467197535
0.50512463921189898
0.49701416437665846
0.49917147436837883
0.51036539183027196
0.50849906625712082
0.5034007294009506
0.50256843700033593
0.50801921979914488
0.5155307957135884
0.51044770592879907
0.48188162700606813
0.22734827111722547
0.20872662570791053
0.48496792752691076
0.50885442728676578
0.50680132101672937
0.49870834471035136
0.49000192252337649
0.49367092679126556
0.49948802492600702
0.50611478799202836
0.50669229417390915
0.50355994567048912
0.49233458987715489
0.49214579059622632
0.4973818713939544
0.49897314109881291
0.50486255037154248
0.51041514410954347
0.50547718161540178
0.49888486290420575
0.49379073928762546
0.50188651886298008
0.50831963412151782
0.50344914186307732
0.50742978968461738
0.51104973454532332
0.50379555795754694
0.49708612932514651
0.49002680836104862
0.49775927121272323
0.49945529738706668
0.48519057211057282
0.21092434377521024
0.24628634135544331
0.4832541310160311
0.51889619448949309
0.51222572773334429
0.49481870770897263
0.49214030842321865
0.49671538802593634
0.49944695105303777
0.50034099104956253
0.49873107660560728
0.50490077335445505
0.49456119131776766
0.49090433138997847
0.49912795844626018
0.49555595931014784
0.49729562893270973
0.50120132090745584
0.49609141835171588
0.4941697021566735
0.49336997008869904
0.50646585072449235
0.50779293736599407
0.49884156727689893
0.4983278698706744
0.50167791932851713
0.49712846844593217
0.49093903331239008
0.48968378806023954
0.4971225574180686
0.4924683901115316
0.47824071876523289
0.18604202646734452
0.23728055694249134
0.47036410891895225
0.51072359881910834
0.50322163061761205
0.49533870607322694
0.50280988684100181
0.50669363046472948
0.50114079062979
0.49985039871130399
0.49919850621968825
0.5028579730597682
0.50257486570937548
0.49945331944563698
0.4988274687090169
0.49360537721404729
0.49445864678320323
0.4924156900667454
0.49075287248036858
0.49662346195678375
0.50170167502202745
0.50675296510581802
0.50657511913819764
0.50090718663669143
0.49654479389706951
0.49560903996592198
0.49820065149117976
0.50276466528373576
0.50646852453923252
0.50905534685349429
0.50220885544753135
0.48318140052043446
0.23136010844236959
0.23327214735360802
0.47296763666229269
0.50325046789236794
0.50027371273951027
0.49906229062152435
0.50607529762718739
0.50509192359422672
0.50288029691027847
0.50807977873751931
0.50592661992783738
0.49876606084982156
0.49854988130223427
0.49805443071420236
0.4968050218782239
0.49818122100441031
0.50233532147798343
0.49224877756909646
0.48909512527919058
0.49549193831168764
0.50541330935496265
0.50777628687925769
0.5051421654134971
0.50408508117786011
0.50395762101766461
0.50833807934168551
0.51083779483855529
0.50850780444586263
0.51138435443230568
0.50996476752895947
0.50917588128190239
0.49208080562240453
0.20702663806199051
0.20054418400302343
0.46836778926252426
0.49914725821148742
0.50552721072109463
0.50608709686772346
0.50503289141026741
0.50162788916472645
0.49986321226567032
0.50498531452533746
0.50426384376512734
0.49760985263456819
0.49768817127511544
0.49971934089234005
0.49796181646736071
0.50202634533903612
0.50990910148697866
0.49624556969614131
0.4898499521697845
0.50032838011235015
0.50098489022628123
0.49754183509064803
0.496422604887715
0.49719531085071539
0.50429674226145482
0.51624064418713611
0.51540065577018523
0.5029390734578767
0.50149123588445543
0.50228690150248956
0.50254705698926139
0.48404186348844974
0.20166242693072498
0.23303626868169877
0.46371297248448601
0.50111144265974039
0.50670932857332918
0.50096327960825271
0.49130798051284347
0.49543514107284709
0.49750983286455075
0.49370403574138122
0.4923151451953669
0.49518276040654136
0.5024656775202001
0.50430150950821562
0.49706031299828907
0.50335977560606959
0.50854615676931414
0.49084534662696805
0.48782962675541008
0.50428618959258331
0.5002890872552026
0.49424289946519506
0.49461510014676996
0.49603167500658762
0.50018713090425948
0.50938618099084665
0.50962624314983218
0.50021480198552304
0.49938831553760726
0.50264642468440901
0.49695269499593014
0.47862334871850981
0.20853887286397077
0.21975984139857266
0.46404339029882236
0.50275360626971288
0.50125801148850291
0.49544793672359311
0.49125899883698487
0.49743848136035229
0.50347313896774293
0.49456927394189903
0.48849919478260773
0.49124183109661446
0.4998652456079572
0.50492991543185761
0.50393903983155286
0.50639712537404991
0.505193882420924
0.49300607649279016
0.4904656621195308
0.50118775130501148
0.49730789850733259
0.49469466336164136
0.49525820346122373
0.50005882503370347
0.50783417189582081
0.50962576403655091
0.50435389078068049
0.50348320950640491
0.50751831897896393
0.512902758368178
0.50520448648078875
0.48001082446641397
0.21645747848124822
0.24158755121677541
0.46616344185784714
0.50704554867221208
0.50320867374820888
0.49294156274101214
0.48721405809749707
0.49129587553617571
0.4983746963696602
0.49302765271914128
0.48747410012673759
0.49518447385723474
0.5053734959742987
0.50378045141381389
0.49630342212299333
0.4938671489429825
0.4955929257153367
0.49991610813284043
0.50526947284368529
0.49923871107428497
0.49112773800636467
0.49658377826668521
0.49679551047122178
0.49920010346276977
0.50974245436133925
0.50957870731344801
0.50282762712693496
0.50646095459151064
0.51123764424031071
0.51374899739728763
0.50787683216209678
0.48581777385082942
0.20525531833628619
0.21974405570709984
0.4710167277902943
0.505317252611858
0.49822271822668107
0.49503817870842043
0.49468540037818687
0.49091244028043973
0.49227697705106083
0.49113347483187414
0.49560460666509565
0.50703606752134001
0.51366807286544081
0.50561845255120041
0.4969524678212448
0.49614997731883331
0.49923152427908307
0.50667919379808402
0.50422132240643291
0.49820651714318792
0.49406740505402935
0.49988012031669649
0.50622107300688468
0.50167035023483253
0.50428733665441638
0.5082084082495133
0.50560414255708652
0.49610832211963946
0.50051138757748381
0.51164226067502949
0.50765009096989655
0.47875072270164942
0.23207909725511588
0.25081195385608063
0.4720044418420119
0.50340609752067378
0.49420290444559639
0.49837162934976975
0.5042056026957572
0.50179616964978191
0.49984026825345645
0.4986372002263072
0.50178414255128712
0.50399162790825169
0.51018118611639629
0.50680814077943948
0.50001915326531854
0.50121893776526416
0.50619386664098565
0.51017033484742402
0.50362392341271256
0.49706021425521635
0.49583285153113854
0.50383456043329111
0.51473543056077153
0.50706953633037055
0.5013010039462521
0.50022534934287421
0.50028784002026117
0.49202482207491161
0.49327961516300445
0.50351287998411809
0.51283989399927721
0.48679178027675629
0.1873122524696692
0.2097723972135736
0.46274283501106495
0.49336387916424546
0.48449044476089731
0.49204996430864867
0.50600045409757988
0.50352000511139305
0.49338629798742994
0.49859350949082126
0.50360313357911435
0.49973202142516904
0.50621231689906754
0.50533745894874926
0.50420797555473351
0.50592649809330636
0.50473486614635954
0.50740169455460882
0.5055356109908693
0.49582762122774504
0.50042251160376583
0.50688294504351206
0.50951525567379485
0.49979381086729058
0.49360406070657487
0.49280182165888742
0.49111397837094639
0.49261458998485591
0.49305088889220605
0.49609342369543047
0.50738590533030559
0.48973945340269931
0.22540064175733465
0.20329482641701391
0.45400688112017384
0.48380744252115226
0.47502107309760933
0.48755694690345769
0.50454085725556186
0.50477060094545778
0.49394421285804213
0.49727680970422938
0.4952690851264317
0.499249122040895
0.50977167649718202
0.51528883231051326
0.51571402536050792
0.50956465614501822
0.49939636382617675
0.50071671975106025
0.50355905923968325
0.50529724094704653
0.5095289125476512
0.5062166086147063
0.50858085692763366
0.49379654132156575
0.49025057117366766
0.49016504736146943
0.49198197170181174
0.49779399773177907
0.49761941654011288
0.49044635232055894
0.49853794561151554
0.48929348294498026
0.19388690127719768
0.23892977988714187
0.45564782350316019
0.48611286298347545
0.47350157332305032
0.48259139634789022
0.50257328559522996
0.50125681573916991
0.4911969916985392
0.49677426252767287
0.49231618762292984
0.49741650841447049
0.5071048111440809
0.51567162145336065
0.51366169713607368
0.50327812794963722
0.49633415819086307
0.50155901605366104
0.50825859234026816
0.51664489576194939
0.51653313814379997
0.51339424461789274
0.52065444433026165
0.50573703804896863
0.50190294344699549
0.49822664863650457
0.48523980109244047
0.48956828078526582
0.50116220154030078
0.49540784988434644
0.49782832706290908
0.48639150080641586
0.2820801070019805
0.25301440584253826
0.4553350660434598
0.49512000046783439
0.49106529693507189
0.49297166992046398
0.49966131220480059
0.49758514365996687
0.48857113682870085
0.49651032324925259
0.49182240822921675
0.49783240590362993
0.50969813398795438
0.51699405162362166
0.51344235879782774
0.50222741561652473
0.50359983735064673
0.51013492555165352
0.50783567732015944
0.51284945325734754
0.51725554113745176
0.51732840853036421
0.52219018422208863
0.51133757589956874
0.50513743710976788
0.49367121025762251
0.4793747999758956
0.48312478923521512
0.4983233714549784
0.50334540559086616
0.49737554164189329
0.46730517219958984
0.22642967131861255
0.20502196484487725
0.46597376606227575
0.50312426099206009
0.50347257874993501
0.50315574429591481
0.49102898207546442
0.48228240400476469
0.4788324122243639
0.49289521629785282
0.49567890050383701
0.50752413443359778
0.52461381472087332
0.52512453207075571
0.51161200228152781
0.49260010463150888
0.50313785097226227
0.51304546135998708
0.50469334824376721
0.50693458653459644
0.51728605535518568
0.51093067498844869
0.49933327090536728
0.4982752048353643
0.49787914120636573
0.49191075794137273
0.49070925241150493
0.49423800292545439
0.50105383461783404
0.50358735766251961
0.50021498399320818
0.46833411191073732
0.22123325045862108
0.21522412507364708
0.46967962829910354
0.50792488046789164
0.50173293867369995
0.50319354310535491
0.4891317559264059
0.48105682027251251
0.48244951982386042
0.49407417129711184
0.50295188818257219
0.50231544683901397
0.52458740118988734
0.52187077428967832
0.50414906176447805
0.49129997053665975
0.49092963346707602
0.49965427001760565
0.49623908155749707
0.49589362442920237
0.5059965307067309
0.50471136176867215
0.49460777672527534
0.49241571464635792
0.49106847482561855
0.49430024939409983
0.50230806632795189
0.50183463075634072
0.49894736370424181
0.49885685040662442
0.49829320336175525
0.47669410922432026
0.20573734713307568
0.21952854392999596
0.46283710625651819
0.49409932828142211
0.49564899083111197
0.49969195006714823
0.48957218898050131
0.48743398948676203
0.49084581437323366
0.49758942110909637
0.50672215648005714
0.50463613572051869
0.51265699962695532
0.51643936842205107
0.51051662463191538
0.50139348964912889
0.48990122049383356
0.48990595789460128
0.48934964241815654
0.48859573964334624
0.49375580510951955
0.49662254261991701
0.50174905193650543
0.49494583877140358
0.48934013927357012
0.49583687670244275
0.50472564139749576
0.50135191476410668
0.49494018219951241
0.49528510902307998
0.49765237095112597
0.4800734813153027
0.20290058138557621
0.19951910271939655
0.45312261091611972
0.49373957431116611
0.50233121399765002
0.5117839959366588
0.5053286303142247
0.49878147484565466
0.4972400961557184
0.49937498654762325
0.50129706348770742
0.50968267160056713
0.50807831040811247
0.50693050441208209
0.49950224960480311
0.49672362176254742
0.49290640233220684
0.49194805315563966
0.48417765985622419
0.47968005629100363
0.47947437594710224
0.48974189967857268
0.51691587219626589
0.50730876525838065
0.49438239872151679
0.49698941967647386
0.50332497334016213
0.50115826796375973
0.49541047716945963
0.49128618693907861
0.49102435194318345
0.47536251401576585
0.24200703033787158
0.2196415320939398
0.46247663207464046
0.49919157131935293
0.5133764407241499
0.51911526229140326
0.50848224200778791
0.50196655338492513
0.50291823818806147
0.49717970745440665
0.49545992797725413
0.50522945640280714
0.5040556857014159
0.49970367903823121
0.4985168742729878
0.50179539562715791
0.50793917173331515
0.50343425866166247
0.48605683107991565
0.47678138736250214
0.4730243422961391
0.49342320679697849
0.52170787063148993
0.5015589983701646
0.48848274442046219
0.49230009250947954
0.49942941616686964
0.49402614571480308
0.48947083659050677
0.49394616553984605
0.50307340222490049
0.47265867941451317
0.24702831804445499
0.19400933848116114
0.45366656359212509
0.48537334803437782
0.4882519324127681
0.48469475600369699
0.48203052976366045
0.48695552743235232
0.48061470601870582
0.47757848203047815
0.47559482598108072
0.47983491503292658
0.48307363127574166
0.47897683600643165
0.48175384728596277
0.4920216705491175
0.49039560137414751
0.48684197627566467
0.47432582003726892
0.47299536365130074
0.47054505636046884
0.48244130546963671
0.49157677558085694
0.47917532473589686
0.47973483353167395
0.48731127431339738
0.48442598872243775
0.47951324778308851
0.46913387246269694
0.47551049303610277
0.4859554451612878
0.45690357466997517
0.2123204976131971
0.082691136137907156
0.22632824076066341
0.20591955824683705
0.22884521517174769
0.21285533617116104
0.22746246740629006
0.21147639735137999
0.1950318641805347
0.19326350894719155
0.22286092305351382
0.20749351915763353
0.2233007806629243
0.19205095058495089
0.19807167844808549
0.25389509211390909
0.22287731087815779
0.19931408243416252
0.20209042927949528
0.20098680585727979
0.22590254599518475
0.20034926091304422
0.21245290996949071
0.21426265781311493
0.24816890016554163
0.21889236367628873
0.22892921348771147
0.20341269540932144
0.19963574543369128
0.21027401978256646
0.24267437797522465
0.21838637630245583
0.092458608451959495
0.1135006087841499
0.22223997610834539
0.25338231259755417
0.20771250896087079
0.2271797032590831
0.23812296096406257
0.21427441164436856
0.20770840301823207
0.21822314338578316
0.25898619440659731
0.27319718306930457
0.19620070925604541
0.20535638289376279
0.19440345589996208
0.21495148832108227
0.19673266479813509
0.22510376065050888
0.2638833222753007
0.24855312117367731
0.22236777918120509
0.23051596287604834
0.19953830014582521
0.20151595771589165
0.19437729705589551
0.21651718859837593
0.21728411560522101
0.19470495312774486
0.21793491828078501
0.2280744032776322
0.19416778837794404
0.17884577334293275
0.074236990112455589
0.22730184831310835
0.43109333255068499
0.4608303608877321
0.47002469094006805
0.46937690007079647
0.47178267190300471
0.47289138068722092
0.46593530762061125
0.46616220717858242
0.46981100815619758
0.46458024765154771
0.47445142855929623
0.46460492820515681
0.46347922848644163
0.46846404279501219
0.4727464424528891
0.48493991441080236
0.48409208185083619
0.47051834939224141
0.47078247351183872
0.47394252310452112
0.45542404835866473
0.45686021177025277
0.45907964922264466
0.46050466466570744
0.45364592808878595
0.46289236176008136
0.45854732582441055
0.44592646215244108
0.45149470323615032
0.44019147372907957
0.22109941844903924
0.21744606111533074
0.46503600613822887
0.49498035485887765
0.50116359016022005
0.50171108432974387
0.49935459779320157
0.50330512153208806
0.49525659139580808
0.48601192494070716
0.48678840399058143
0.490181771953209
0.49218386997247193
0.49349702361980469
0.50151559826632475
0.50854553894130772
0.51598807036171646
0.51649278546691102
0.49911917757829682
0.49257419861257179
0.50321826802729996
0.50229630038317818
0.49366413410726251
0.49335189447503958
0.4965801475884552
0.49677439261744721
0.50118023048559412
0.51356164634886126
0.50614608332009359
0.4865062021681984
0.49076144484105233
0.47610792402079283
0.23270002896331712
0.19100573882916377
0.45448825851952335
0.50124569182426704
0.50336273449155111
0.49834523413398374
0.49861471553811254
0.49827265694069894
0.49043933105711207
0.48756128641463581
0.49224491718041924
0.49981877913933864
0.49981316322857489
0.5000462882922837
0.49938609133301054
0.50033130470741449
0.51312562891850888
0.51024802391681645
0.49371709617789433
0.4932876256745411
0.49843920013658594
0.4951867617259712
0.49719139839902687
0.49962568442268118
0.49767203041673375
0.49420478150780744
0.49793311356424369
0.50623328140558166
0.50804529544357058
0.49629366382718992
0.49686002976156618
0.48566761594697455
0.20577953394804871
0.1858980702135066
0.46104255760771629
0.50112859261763421
0.5088294683495912
0.51036392215022253
0.51042918984488372
0.49975467573983012
0.48515647321378558
0.48689052809962557
0.49708414033779574
0.50902611218351934
0.51126693982354321
0.50542196629307812
0.49889166721369038
0.50050925566762927
0.50809251623853258
0.50370447345202563
0.50310403200180909
0.50695459071393867
0.50006514785394418
0.48951812111228832
0.50619713184970927
0.50772258587563224
0.49894619422474729
0.49703393404911045
0.4961542142023484
0.49439564748252579
0.498744072288133
0.49981873447867464
0.49989027413634962
0.48187289995466165
0.2319167324673975
0.22658547982348692
0.45794537668625573
0.49986234366410975
0.50799749978200193
0.51363075734488006
0.514783386481098
0.50178601902356867
0.48904620790196629
0.4928805204338948
0.49610359028562112
0.50194009377987792
0.50928515949822806
0.50893539624719641
0.50038356228950354
0.49825162375024024
0.4985374368259699
0.49880626024878305
0.50650803863841154
0.51206725049338009
0.50257516492780008
0.49161548661383181
0.50239285568190839
0.50379145753274557
0.49351068283072691
0.49060952135765806
0.49640344367971961
0.49327406918087041
0.498054348730612
0.4986837091320625
0.49930935500212092
0.47720586036786383
0.21878737196677178
0.20771444037744763
0.46489579097363204
0.4953639911401001
0.49764501792104504
0.49935883041859813
0.50185414178936827
0.49242989066378912
0.49069160002290441
0.49986662194942799
0.49702386955697103
0.49162395459281788
0.49960395853604778
0.50253172876395091
0.49459116918461243
0.49196676428742481
0.49427072245626219
0.49924967985389068
0.50107656607311679
0.50027917194227733
0.50094019807958179
0.49824659655085812
0.50442512577976106
0.50453359509746931
0.49208636618521112
0.48909752042229704
0.49740393641567815
0.49721586260336154
0.50337755822768271
0.49719358064035085
0.49367426506050521
0.47944417990447263
0.22063482364295023
0.22985193022536704
0.45908655319995978
0.49458353142432815
0.49144676457848535
0.49534449604827419
0.49480539634788068
0.48800917161256452
0.49213751977007603
0.5008307911545965
0.49707377088547783
0.49405608585059363
0.50324098999435285
0.50358562051329192
0.50158319113662064
0.49727576225677461
0.49753571754239723
0.49665242790574976
0.490873299553305
0.49293165434462527
0.49758233998895379
0.49287449405964945
0.49526277779833838
0.49900471593323031
0.49534822913394255
0.49036737965888527
0.49081380942549657
0.49909568278665623
0.50790276625261299
0.50429713956312283
0.49651813890939045
0.48266236736020762
0.25341150481655722
0.25732826036299156
0.46899218234449835
0.50426317703905099
0.49467086415111411
0.49283724476004531
0.49165649023785485
0.48941712881385263
0.4952723800218003
0.50343390609311045
0.50276883540239925
0.49894475849200343
0.51283049740175968
0.52087583907395019
0.51221986669339614
0.50432592793827868
0.50739633890590441
0.50760329903356882
0.49399242168118673
0.49279567041446959
0.49311130760577965
0.48313101268574382
0.48637576131455124
0.4936984197576007
0.49541864568370919
0.49285389375256833
0.49026595056294392
0.4914698057269451
0.49561930241774721
0.50002807780343661
0.49091990749441722
0.47610064118068507
0.22704918773405472
0.26794854689737468
0.47156828746522944
0.50529981112568156
0.49881816196462464
0.49811206622025611
0.49720393132535073
0.49608991798692414
0.49722968109983923
0.5011688583172611
0.50772063868487316
0.50196113348663818
0.5037883094440353
0.51479881054188759
0.50736170495016597
0.50059823456264063
0.51376376711701799
0.52138338653169092
0.51066186606658082
0.50154902086250142
0.49891624506067106
0.49714377492609502
0.49311979679945273
0.49676555947282086
0.50437032600607901
0.50242116693031125
0.49608056004330858
0.49000952173936824
0.49369761325517059
0.49680896531701202
0.49335022191091321
0.47720951512053345
0.22713184022724436
0.24490629995939461
0.47891198111970529
0.50488674848573578
0.50073208936160385
0.50051560033006803
0.50459590904814322
0.50145099767119483
0.49917643211260126
0.50546534990005387
0.50915633031349949
0.49887571093178096
0.48882496419748478
0.49787775191506306
0.50172893501078331
0.50097814406504348
0.50723238862336772
0.51284369962470366
0.51234760579159244
0.50621827742078673
0.50297415404016699
0.50342803289633964
0.49752457395313959
0.50274883052507835
0.51555579927669559
0.51219005053370037
0.50098763277389757
0.49547655024309445
0.50127707354310591
0.50221885437356373
0.49816596158919618
0.48091752234917745
0.25810906688875496
0.20981053712687664
0.47429669365819793
0.50532428033733012
0.50769608905830133
0.50067998785068679
0.49176485080342319
0.49241488122309374
0.49889551158991163
0.50700245599918403
0.50255770036689651
0.49886261634311313
0.48474441634546511
0.48780314701461841
0.499214663809248
0.50291746636166923
0.50246855434490623
0.49960130838589484
0.49954987496568859
0.50081640031965591
0.49630063463712681
0.50165967681274581
0.50070475824088168
0.5028737538680258
0.50509604994519108
0.51042612681161037
0.49983651208201957
0.49234740768115726
0.4890519120378507
0.49459564282723595
0.50007345883103149
0.48069222291772257
0.235208337478228
0.23131501425368484
0.48493210841506629
0.51770078939325459
0.50730126821095634
0.4916800475842657
0.48588826408761326
0.49144216102101829
0.49959871559213481
0.50236999876759936
0.49365666482858872
0.49360626382252454
0.49098221510720319
0.49232465069256226
0.50148181850696805
0.49556056099953005
0.49036722638688529
0.48888299178648992
0.49527089289170839
0.49992986705185577
0.49678897560374835
0.50668838282481699
0.5067089707706024
0.49836080418589174
0.49247730864781886
0.50372704164730353
0.49649075608204291
0.49079410601208673
0.488999295639377
0.49148159750015497
0.49167175234843014
0.4760563616106992
0.21453767332367979
0.22065502390872885
0.47652329233845903
0.51665740410823546
0.5049666825069159
0.4936180342690098
0.50099182017458099
0.50353966963377961
0.50034852624439152
0.49906362885546263
0.48888980913677932
0.48985176483214588
0.50028093527064588
0.49590994923922377
0.49622143195611351
0.48657143283446336
0.48586798630677697
0.48301745596418527
0.48756130785014329
0.49610444025382805
0.50236466605653896
0.51237393375068019
0.51009860799951567
0.49916936571794573
0.49481995529724676
0.50220318487984372
0.50133303786031136
0.50063891891241297
0.49906134875760683
0.49311199092390301
0.4915030789311175
0.48014097829875618
0.20656357838238271
0.25399030931837091
0.4632554826450882
0.50588585283317433
0.50249725236574683
0.49861037787000351
0.50783228224512578
0.50796351954073593
0.50267921042972197
0.50642032265577031
0.50179724527802294
0.49466894411836299
0.49746837685210799
0.49912756520979368
0.50030404737838785
0.49118603504503022
0.48652623355990854
0.4839592335448184
0.48723114715365168
0.49090741287260103
0.4957789179928197
0.50587039261578859
0.50749266650612956
0.50753629250549326
0.50863843212077586
0.51211142584809444
0.5084920902008313
0.50245751187594567
0.50013534936727444
0.4977905756362811
0.50187910682033843
0.49342161067939894
0.23286833399593229
0.2240991126321393
0.45143533981329848
0.49543354833469272
0.5017212714472975
0.5030982695667815
0.50469382778295857
0.50350814620028983
0.50617817192957426
0.50831657326875235
0.50379140812426271
0.50004788695822555
0.50104028555088287
0.5081826597227429
0.50847414896439824
0.49771518607288157
0.48630884857616802
0.48668632504654941
0.49637222085203825
0.4979218783863904
0.4936275247386151
0.49905428357909526
0.50091208337240078
0.49985695813211772
0.50610366525384154
0.52271473869462615
0.51758227579486782
0.49905824083003153
0.49471867430241989
0.49721683951572765
0.50041353505548503
0.48572281813876933
0.23454016186748455
0.22366660251433032
0.46177104150876214
0.50075410493058381
0.49760689167686162
0.49111830453943561
0.49097559473715391
0.49359385849809567
0.50499290467681657
0.4999042231013035
0.49382945867740058
0.49953522963078212
0.50646648469549371
0.512234368333507
0.50796389691277366
0.49909664948296417
0.49304163288235225
0.49026050174109803
0.49550497766456325
0.50309719620640636
0.49919615951618196
0.49941369725476076
0.49725845342289787
0.49290515793643236
0.49646419421266974
0.50842907674767479
0.50854365133984059
0.49849926424227314
0.49795254517125231
0.4973747023065504
0.49588783163207867
0.48182215550749002
0.22051062333133969
0.20837958737133871
0.46789384861180089
0.50057772619126251
0.48929918197954797
0.48026454665316853
0.48312225357232419
0.49041488781728138
0.50044616279799847
0.49873770929638039
0.49252543559182738
0.49081472550116123
0.50050052182924454
0.51074290491489438
0.50337644563363304
0.49385193857550136
0.49716032865320126
0.49673427641041534
0.49746363724576559
0.50108655033784066
0.49572750418737832
0.4957742035701434
0.50103485439901652
0.50178051642307542
0.50437248553006997
0.50280416054607047
0.498438196500335
0.50269310890282615
0.50616992919156911
0.49898287121262463
0.49486648128635158
0.48283463138815313
0.20712842661575506
0.23731260476026675
0.46382983953805557
0.49478688384449693
0.49195670587863655
0.48044180391592456
0.48438438323070537
0.48943304010037314
0.49224244000303008
0.4917635243753985
0.48808535508998641
0.49035510765809648
0.50350430346106623
0.50532637695508653
0.49105000200637028
0.48478106054043602
0.49441024871232597
0.4992310856858459
0.50344578739571266
0.49884394937397747
0.48964279638825636
0.49537114360778955
0.49550130620773442
0.49500573187097036
0.49960276153551936
0.49616257212566284
0.49598176529648458
0.50977336405717866
0.51245635120667399
0.50692021032527679
0.49879001631063813
0.48497479710717079
0.22344419055517495
0.22015708810479925
0.46720388774126348
0.495795875358987
0.49156590963440339
0.48829662243833355
0.49395018713727967
0.49586424132987345
0.49416692673509022
0.49177102022270885
0.4961241421688512
0.49814831698737877
0.50695695137997443
0.50242723498605724
0.49349095663585457
0.49043396760770241
0.49353982479242603
0.49988085835321783
0.5036963803076443
0.49930316277872944
0.49128476675470678
0.50133774831317524
0.50496926748490234
0.49529149542779077
0.4929593108507071
0.49859880907046106
0.50435846481918278
0.5006055552063311
0.50168203705506698
0.50843355572552085
0.50403325042112523
0.48086030502207222
0.22097319474011268
0.25505473826559727
0.47229610478872586
0.49942288025530052
0.49203819764385248
0.49710263194988558
0.5072721930066888
0.506870586980532
0.4972360781632677
0.48957782023149876
0.49573387241581962
0.4949244563208447
0.498790313181185
0.50143268005846209
0.49984642676592489
0.50383715762741688
0.50568295187748891
0.50271208469434359
0.4967454403955518
0.49221608587544857
0.48937580448670154
0.50197776598488097
0.51638923084460797
0.50914954922922961
0.49865620227155288
0.49698196934984434
0.4983081814192285
0.49459257004847235
0.49534498751286621
0.50179002377333748
0.50997551584769307
0.47781044638765607
0.19213777445962726
0.21332147389426151
0.46626315794752937
0.49576662338194344
0.49273225426872286
0.49928824200511274
0.51069443461200836
0.50774720254269379
0.4933033287307782
0.48944653429042467
0.49324878132037586
0.49098728130676972
0.49737354166187547
0.50352062600279635
0.50697664465794712
0.51392468261500357
0.51032489918087909
0.50916953192402059
0.50874617988902315
0.50040893727336888
0.50742414865860641
0.51721515668577045
0.52013117256845864
0.50392524471078048
0.50144854557568741
0.50061045384531855
0.49850730416338168
0.5010480854263728
0.50379723106107044
0.506537882808479
0.5151691439145889
0.49039586856494322
0.22133007685425229
0.20916203070791001
0.45033293097668653
0.48599614782007161
0.48900042900788476
0.50016897784375214
0.50867764001604965
0.50397916133211929
0.49227740665841746
0.49072620039482129
0.49195239784219785
0.49660457228094895
0.50145140179506276
0.50849432824762553
0.50940077524011962
0.50834723968612328
0.50031310793148098
0.50415180641995216
0.51291840427311519
0.51958779471446914
0.52218743872607098
0.52381017984645439
0.52240568978689284
0.49775846255542788
0.49871728272220134
0.5016191972674453
0.50077445053475855
0.50491512455010501
0.51332793234206908
0.5035602277412794
0.50792015407787583
0.48898078908966719
0.19648975685562792
0.20722684759193799
0.45405849778650914
0.48824960273612272
0.4855915102102073
0.49263401080922986
0.50570557755405099
0.50053184055381161
0.48589335947838674
0.49189455836301982
0.49376035301291021
0.49719511777429687
0.49994543449577872
0.50852748405820436
0.50711603096148683
0.50154899234202666
0.49409124821769607
0.50137093848509462
0.50876350995389386
0.51922954600181104
0.51569280926390815
0.51777157458800027
0.52465283249609285
0.49943523590276168
0.4973630610407232
0.49534926029353804
0.48745146418028906
0.49000262541953038
0.50869497664001828
0.5039197612920413
0.50240887057778449
0.48604364299643976
0.24832885032041857
0.20100023337470332
0.45495485533596963
0.49372664380351705
0.49510893792847732
0.49352176523999064
0.49718332475700211
0.49188622426732448
0.47759581934133577
0.48744628319965116
0.49069056600486072
0.49210676022833338
0.49663829375750801
0.50385232925215884
0.50332801346458322
0.49804617720142269
0.49996827362488766
0.50349181672571519
0.50351802948190216
0.50714797346927565
0.51311293847793493
0.52028170123702611
0.51355080150764731
0.50025361364032195
0.49717366880988234
0.4837344466120177
0.47868950467970628
0.48813215826649481
0.50547556828540707
0.50745437421142225
0.49571609680674733
0.46576855612191592
0.23301068856042886
0.21249632434085822
0.45378721853455534
0.49494218977009241
0.50312361960957963
0.50684363590859549
0.49195606566840866
0.47840806788868523
0.4655579159847274
0.47888852279122196
0.48181090424849538
0.49567549476513217
0.50789844828410924
0.50455551700981094
0.49694146289003605
0.4950158017736247
0.50802150421622594
0.51212280149758904
0.50551008215964943
0.50193139975725154
0.51048911418617904
0.51034346541796693
0.49514587703574098
0.49749483159067226
0.49729346250278478
0.49161803565133949
0.49289727133711225
0.50208123150352169
0.50601853298144184
0.50340758950718101
0.49754018583649467
0.46312316637856005
0.19480610048381281
0.195717928293309
0.45760733149873128
0.49468892041061968
0.49621520258045587
0.50310573395512892
0.49374312470001486
0.48407539936455485
0.47638480307220815
0.47995208085050706
0.48183633966355999
0.49096543837768447
0.51267043548177404
0.50959558638307656
0.5023649147685143
0.50333605507697043
0.513137331553155
0.51498007949069735
0.50507244444442512
0.49650933341547571
0.50255897117174886
0.50259339008850701
0.49578085019626172
0.49732590933622423
0.49680778793862501
0.50486405352753416
0.5096534867121264
0.50202129440360987
0.49705889020636895
0.5009409916974491
0.50232343145291136
0.48213603181006021
0.1912085441295526
0.20454305474621537
0.45681371615571448
0.4897522364229428
0.49080125514081574
0.49430706085661308
0.48940804046965714
0.48688245417197773
0.48822975985960226
0.49388699742498465
0.49924258755213519
0.5007771217196072
0.50976440442885929
0.50944249896826721
0.50518660555029438
0.50883145413029129
0.509264129125515
0.50404181682366134
0.49754410442025243
0.49463558857868245
0.49581758724440894
0.50070235576330691
0.50205245905912499
0.4960643399162441
0.49099897056744979
0.50451869256193749
0.51289253094471643
0.50426079109001753
0.50041785274790973
0.51097357318553749
0.50592740718682105
0.48363784767881357
0.21357081140287287
0.24804134961301028
0.45766754041782748
0.49776027509596787
0.5017325443699997
0.50585742439859405
0.50048839405742285
0.49041848949104511
0.49418950178064935
0.50415214880540249
0.50328731949297834
0.50837035250273455
0.5118734893563508
0.50250190383709503
0.49418378826625597
0.49532824774466366
0.50292734618899027
0.49956893142791087
0.49337710899044757
0.49306789976343918
0.48819095942365026
0.49266786285548708
0.50990316722379403
0.49935848603363425
0.48836039983351665
0.49803624653876244
0.50371756583907334
0.50227996903912575
0.50102890700596459
0.50916693077512487
0.50532371379710794
0.48575412572120374
0.24798488551687811
0.27057220497592044
0.47559275489237679
0.51064888428825139
0.51820830065047241
0.52022427447919095
0.50621904337990042
0.49134020039585913
0.49134140004782451
0.49437063471489695
0.49489819410874064
0.50488557084085628
0.50282584461805657
0.49072286938246445
0.48615348341670994
0.48832728887853238
0.50567076274537137
0.51338605935962589
0.50097086841422589
0.49670227475268919
0.48788975297946724
0.49070705624025424
0.50471717871544852
0.49244127727476655
0.48530158803660217
0.4939916242588428
0.49732620509266701
0.49307922483614675
0.49144629099238102
0.50433304979043536
0.51190452103743511
0.49303816225855263
0.20195011162425877
0.19534520288131932
0.44755103977329302
0.48853409779594653
0.4992689833190832
0.49322943820790677
0.4857516248975039
0.47918750605028104
0.47531740447485871
0.46668512364684811
0.47076765122854525
0.47854851064280074
0.47562897968031437
0.46499993546167923
0.46967739137752429
0.47214180129646532
0.4784217459288414
0.48718385259783348
0.48294953376356942
0.47526682386511165
0.47131375966351058
0.48413241025711634
0.48456085559451439
0.47223878212885928
0.47530962437353858
0.48445298356576005
0.48291572844593311
0.47499986131229832
0.46801644999199327
0.48090955697345789
0.48713049394212593
0.46213771186069363
0.22477097159638321
0.089465924934654231
0.21508174144750541
0.23655858988027076
0.21609990393201448
0.21767894194185047
0.2322381107109317
0.19523841427422511
0.21983909040432165
0.16951132603198527
0.18911484868364919
0.21034787560794005
0.2312116962002663
0.19529028113825642
0.22023902975977486
0.22204385084863351
0.21029176403251412
0.20347063379343833
0.24068921398264409
0.21159741213215108
0.22276681445187055
0.22500472425872142
0.22349206854938966
0.20891452054095508
0.19472192277887934
0.21174780581173067
0.20331604953540885
0.22835974063824677
0.18745438174720405
0.22177857650564378
0.25521932815280896
0.23160988579076958
0.15922430535192716
0.082692729086540379
0.19855952210687977
0.20031299196861208
0.27618509109787837
0.22390990229382898
0.2221272714197394
0.21616866995581419
0.22046324187501246
0.20624488785540479
0.21143498474725322
0.22032137196529758
0.2338606248906776
0.22300013952066355
0.2101492066919089
0.22020195718897087
0.20615743446533777
0.25185618391267617
0.21636071761122111
0.21529177121543119
0.23061784977878952
0.21761097473618143
0.19443273814432499
0.20779203280757694
0.25092881563301361
0.22384950738417048
0.2396026688679275
0.21175159365449966
0.20398774449806659
0.23305957647144462
0.20826123462930057
0.23573868956883104
0.12260159036281419
0.21072787810678609
0.43038722207277108
0.46535768616817408
0.48015446332575412
0.48422130409709191
0.47351454744842553
0.46716807042896741
0.45363023254270118
0.458357133755395
0.46923482734453131
0.46173860853744791
0.45987863394620898
0.47065325905063526
0.47348236368903479
0.4790151269029273
0.48182067953618846
0.47487876937813484
0.47656563837873633
0.47240027932708289
0.47780365450097328
0.47996288802975506
0.47564432783382743
0.46764851774434885
0.46750389098276335
0.46088921679822886
0.46158260244867566
0.46101419914935082
0.45553139212547422
0.4547324842328862
0.45749377298670568
0.44348961582481577
0.22200453239248705
0.22343810492785288
0.4568978310220505
0.49540842620873465
0.51039315678492614
0.5114682957495319
0.49986884714144225
0.49422907318679904
0.48394426532513135
0.48496113534796653
0.49434311370450368
0.49539274541214567
0.49525203755639413
0.505570221013252
0.5073138884646351
0.50674177789165886
0.5120263729501493
0.50885098327232181
0.49707942868989008
0.49861871490592957
0.50546343244777303
0.50488407651120959
0.50189884449249222
0.4984819815798972
0.50473613102414061
0.50370960708963564
0.50315094651405934
0.50695917452786909
0.50742671353456936
0.49847857839333348
0.49594027228870402
0.483575183769341
0.23471137358070271
0.20069766337898146
0.4547888569019522
0.49573536531726364
0.50790264936638752
0.50699295135704792
0.50232711853778245
0.49597672211923038
0.48084818359933634
0.48290127644594366
0.49473743700066042
0.50401802437051091
0.50505601872024064
0.51018478669162626
0.50707179886801468
0.50392117682178694
0.51555722585301444
0.50777854542367828
0.48937472190253278
0.49451095831577413
0.50162900525434728
0.4979568584557939
0.50164970979080392
0.50586120889841213
0.50681084370762841
0.49889048170869776
0.49679829838313466
0.49780388829516481
0.50901864191425505
0.50691173496723396
0.50040663386802953
0.4817268002841818
0.19856179799434712
0.19686839149208124
0.45701340506028032
0.4909314306788472
0.50462384586640663
0.51232952153184186
0.51398102660843514
0.50739377936251884
0.48513513367989874
0.48474951725183546
0.4958479493146945
0.50637064079550442
0.50399974149583482
0.50367853746539748
0.50425823749043286
0.50727740915627095
0.51361145228643401
0.50288318006360022
0.5006310594863822
0.50613283018734845
0.50510663706943992
0.49821181319271368
0.50557911888331708
0.50640696076396263
0.49853941952263853
0.49296905744620162
0.4920231698543639
0.4921278239620504
0.49775587047495978
0.50126496518078778
0.49874964553153983
0.48007058142848424
0.20424285634190628
0.2130027385110197
0.46563775823514908
0.49160472766705893
0.50266863117205884
0.51255365624550564
0.51693651039504562
0.51064772639641332
0.49258488745874146
0.49245911404112991
0.49857243664372186
0.50424323072300603
0.50509108156335014
0.50248378184783193
0.50273401636334036
0.50173176770674255
0.50127495219647622
0.49659549672055936
0.50548950669303905
0.50937870135546948
0.50130348500207456
0.49552581086380426
0.50262079049381214
0.50348247255959244
0.49948220886698702
0.49851397972960809
0.49878774654414587
0.49462117435386005
0.49628934662200391
0.49644898444300012
0.49592871045735448
0.475116535568126
0.19979027165245761
0.22457373335767641
0.46026737034990173
0.49537035165172733
0.49863208442222784
0.50466917609107809
0.5069075192502106
0.50106729161939767
0.49595072904593068
0.49303807332855215
0.49491731905994968
0.4999499287472538
0.50499780327380628
0.50051739985158039
0.49639682483167191
0.49216063799963755
0.49227250165500869
0.49775577093175216
0.50081444016929488
0.50224938967850186
0.49753273038781765
0.48976565446160408
0.49464619312247432
0.50138879413187676
0.50481049194570449
0.50346757556545818
0.49877105924633663
0.49555074878610406
0.50052504438817358
0.49627969268167765
0.4916246665862864
0.46967320146123659
0.19114265965289515
0.21421450717544444
0.47107542451561607
0.50208874182923191
0.49425058405422023
0.4987306127628644
0.50022542985501395
0.49670990689215938
0.4929120036334137
0.48881195088965251
0.49113623836600501
0.49807206455827785
0.5044473652565179
0.50411345029506738
0.50421440606959
0.49764537259058633
0.49759013229916216
0.49938789936977679
0.49765552633884885
0.50184638291625439
0.4976860658557547
0.4850888369405672
0.49289530054776959
0.49997245166669246
0.50530586278904555
0.50361091032640559
0.49203907871992869
0.4957820551372209
0.50737725839751291
0.50941650915963577
0.49956751920232689
0.47866476800509611
0.2128490987189007
0.21481153569360284
0.47885185885705356
0.50566904643584731
0.49047528150325054
0.49763663111544471
0.50037479587776568
0.50109558647625541
0.49712662472097002
0.49508547974668871
0.49925050177598379
0.50261826726775616
0.51035945005404348
0.51336519637886679
0.51267131856224679
0.50800112242040518
0.50944917646648535
0.50950569404086288
0.50879295745482611
0.50614228306062281
0.49227783162546457
0.48665240829156303
0.49398780301561301
0.49371870127164363
0.49550005355646887
0.49497122984336339
0.48874933079325006
0.49313760769418352
0.50802637598727529
0.51022457796736154
0.49497902756099693
0.47667844941513965
0.23082594372031925
0.22931998353265975
0.47853700017576722
0.50246834909578575
0.49687733622439334
0.50387325500593738
0.50232079400488194
0.50155516340891448
0.4970406044494815
0.49430849752957573
0.50234480887357313
0.50065669995533146
0.5040468792464089
0.51308517574333778
0.51049137240523412
0.50309534966217395
0.51085365221457413
0.51975443325737358
0.52220504477436536
0.51258583962400628
0.49510383299049326
0.49677463668861832
0.49618459277795796
0.49695702904309169
0.49687476065844971
0.49638929517716796
0.49076125369611107
0.49057771498127717
0.50308706178346396
0.50246192716958826
0.49707299334517807
0.48571494163030682
0.22534898728043454
0.27033743919133951
0.47003852519359429
0.5016563113128506
0.50314680511212517
0.50508484948290211
0.5046945654812206
0.50553837102286847
0.50113721840037462
0.49813982564820297
0.50147155734836779
0.4972279250976826
0.48691010370374121
0.49774981425931819
0.50293250151478053
0.49791438502762059
0.50197760067131658
0.50793783816662708
0.51218335841213636
0.50820726604663857
0.49763661150506472
0.50112111067255238
0.49358954126500398
0.49641851889125677
0.50481491463147898
0.50414899437651195
0.49366016595784612
0.49007620586235173
0.49633683076373619
0.49637484953129302
0.50270564233160075
0.49006110767371885
0.1797647038183878
0.19717445323186186
0.46695687085795501
0.50499440120919936
0.50392323343112166
0.50210548708580349
0.49896181158034303
0.50441174856542903
0.50872888564518293
0.50819289747575802
0.50027842456768468
0.49508158691102694
0.48649858546454811
0.49255536169864833
0.49997830974346297
0.49940041008230146
0.49497555911211444
0.49060742165688803
0.49281130720018862
0.49564405377522203
0.49401480806640186
0.49387667745595093
0.48251854733548122
0.48594065788889018
0.48994312042278976
0.50268981448606487
0.49517056972157908
0.4875250086506151
0.48951710511651392
0.49928121991286445
0.50602847226326797
0.48080007818155052
0.2076191505466928
0.2213713098233123
0.47259595724364156
0.51482048606888164
0.50959792291524753
0.50304746152650059
0.49276332798283379
0.49542058554429469
0.50426632758565793
0.50274662005724369
0.49147576946599825
0.4908486275226116
0.48780071131029867
0.49048970684702348
0.49790842184781892
0.4967153067136022
0.49069417321648434
0.48248158126445323
0.48394724221434193
0.4930605929105556
0.49876677143743381
0.49779664135551172
0.48924368946353824
0.48258601288966507
0.48074665576058784
0.49633301576620126
0.4957908562135987
0.49146523160377359
0.48927515071200672
0.49363133147982963
0.49809474838825818
0.48268407236408128
0.24438333116650646
0.2084867002135031
0.47343597868010295
0.50844340997752557
0.50876068357404158
0.50764648234099363
0.50417133221771138
0.50475464890287725
0.50646287792403522
0.50106884365921078
0.4874458695777944
0.48810442711451429
0.49239079908935057
0.49169758348503234
0.49719048450857578
0.49220524946585575
0.49143410636403023
0.48344734163642683
0.48081370063784679
0.48902142820965822
0.50564617777158993
0.51307555550046335
0.51212433151631886
0.49337153646500737
0.48513093468030904
0.4952605174453964
0.49961932795236402
0.49623515376968003
0.48372763616805442
0.48148157327334051
0.48894435583783064
0.48661891198426321
0.22034283803677671
0.21311523044484004
0.46515563577943914
0.50338788088415831
0.50572364292917782
0.50804521913113065
0.5118911763145183
0.51145366734487807
0.51041468585445327
0.50619909987523315
0.50322757473187685
0.49986019868363607
0.49475903151876199
0.50087272136804084
0.50765384075543651
0.50122967695788456
0.49124051176651978
0.48769925788311275
0.48732856211411452
0.49270065724345391
0.50163676050068939
0.50930175929421728
0.51284518183117711
0.50575822984147667
0.4994318132508081
0.50262554319011088
0.50165372886675108
0.49291509367602682
0.48053047631103829
0.48570672001586185
0.49967533646611229
0.4860150359434392
0.21385692384110946
0.19458123694705023
0.47068790486435863
0.49735040586028467
0.49961833655390753
0.50437946285537993
0.5110209308316338
0.51038319911724828
0.51046149567468635
0.50493176047435817
0.5022187125077161
0.50597404317881622
0.49921396069656271
0.50443675200563387
0.50947421350676336
0.50161458440242479
0.48888039911104259
0.4979426543819449
0.50393921942462616
0.50229466012464519
0.50256955618931154
0.50880334482530665
0.50582199099750147
0.49734632622520963
0.49626484380384339
0.50901817367456281
0.50989346212540554
0.49535904916365053
0.48801769964383102
0.49163003503959163
0.50279713098591072
0.48842590638373057
0.21445083496097819
0.20581819815891866
0.46404214196349008
0.50393015566095734
0.49482930466462915
0.49426911225081471
0.500710890639534
0.50254487523243907
0.51214372107009642
0.504351678201307
0.49724527740981889
0.50396587924355696
0.5099098979595057
0.51260674665771977
0.50892789850397291
0.49905498297831313
0.4921806624876594
0.50439410812694141
0.5073677792318172
0.50614676170883699
0.50256463610068003
0.50654840257578138
0.50433513749288617
0.49183500596580659
0.48999782028436861
0.50025849028376113
0.50613103080846666
0.49970471014395496
0.49290894066062546
0.49035525446513223
0.50046756702953799
0.48632212840193528
0.22538038195487498
0.22871072751944974
0.47077316521056345
0.50374710273733292
0.49499633729664877
0.48638941570939104
0.48866653027419893
0.49447041120578472
0.50947354394221511
0.51148532305382532
0.5039993582095611
0.50195058511919266
0.50516878279049338
0.51257619422792866
0.50340191326352335
0.49615518180950752
0.50222325957816283
0.51009245340329468
0.50944694279900304
0.50897615270169017
0.50026277591843005
0.49763335272564857
0.50086821618927868
0.49958716408481851
0.49981740998777435
0.49744356293540815
0.50009396722673827
0.5025667314368143
0.49607150548463336
0.48730743891423739
0.49779404963586144
0.48579855231191543
0.19354129900529191
0.2061408758307326
0.45122006234185286
0.49326542923891575
0.496636714428078
0.48466467477117209
0.48492996816029926
0.49117800620548613
0.49849536173625714
0.50431187439387903
0.50484705806266472
0.50065875056568965
0.49919043966679144
0.50727998862382262
0.49671169201744031
0.49024119232373625
0.49922375090654703
0.50243600783672882
0.50351461947958609
0.49882319644190032
0.49339209732359041
0.49778526936968043
0.49990521969444496
0.50375728017014054
0.5040528318529427
0.49397029321949765
0.49392204097190001
0.50478911644079105
0.49913628840126112
0.48881516766611327
0.49352045590270432
0.49316079497747195
0.2266384975414312
0.19271869921199944
0.4606484119809971
0.49327769232769519
0.49782971421208339
0.48988576465758898
0.49230290036326985
0.49858361677856838
0.50289350558346202
0.49782458686840192
0.49938735931322975
0.49327715185173604
0.49250522605678149
0.50557619451156444
0.50191424241688121
0.49362067082227234
0.49548784698741066
0.49807634869011663
0.50319763494816094
0.49824297764456887
0.49132127668961656
0.5001825124535263
0.50730064380527151
0.51235932246745519
0.50797689072209173
0.50286979511919538
0.50154851071718631
0.50421287268412263
0.49747453393010194
0.49495462322914779
0.49879300934192516
0.48025997371715745
0.22249312544106625
0.23177437556164288
0.4732784178726176
0.50344033058743987
0.5060569738575974
0.50255383173218859
0.51047609999658605
0.51426170748734146
0.5085093163679274
0.49430053660272683
0.49443803713790563
0.48822620435329739
0.48213481921146056
0.49586598111161123
0.5043379663408547
0.50049562112953339
0.49864627528206246
0.49993310015575398
0.500214436165073
0.49429554314693919
0.48510575909103065
0.48813082103188271
0.50711657293771795
0.5152156481715463
0.50961128318784987
0.5014940362690794
0.49714651507838481
0.5005656343447269
0.50040306629212461
0.49972649146606551
0.50435942709070836
0.48043393133456191
0.22710563138503567
0.25625720787628281
0.46993377615946114
0.50526509046702106
0.51104389253746585
0.51072596969817008
0.51089048078980759
0.51386773537483277
0.50687409832384123
0.49277219001012207
0.49143996990348504
0.48674187390826701
0.48495592196329074
0.49215869974840798
0.50473339432009878
0.50945772153338309
0.50386096516775203
0.50873660151679245
0.51132251688791142
0.50835075889204451
0.50573555243046764
0.50253778961496676
0.50465584097964356
0.50270761680298814
0.50206771282105134
0.49557814522968613
0.49776528870182768
0.50527029089653508
0.50418485048398221
0.5055464409849858
0.51819363123780471
0.48165873665817993
0.20356346904372224
0.25209500265981011
0.46916666462593121
0.49929746505432399
0.50989552443752717
0.51619581158233463
0.50636385561706299
0.49931663926579922
0.49324755383690638
0.489574712939157
0.49056613922462516
0.4942353498157453
0.49117195926016699
0.50031476934886854
0.50610688754800814
0.50451958957099419
0.49944688600232684
0.50838698639706559
0.51498392839962281
0.52493731614621719
0.52142151191115871
0.51424588488895884
0.51217059708137458
0.50015589963128426
0.50272071504871763
0.4983092295872254
0.49489794688315986
0.49896944914577257
0.50657904331668813
0.50685312517199954
0.51647024927239493
0.4890893342112822
0.2108608677879448
0.21365582093118624
0.46384608047329812
0.50154990073165906
0.50636626220296721
0.51379270149000544
0.51345196284257111
0.50271246923328505
0.49144572124785935
0.49550718813553374
0.49852210216832599
0.50049177662940858
0.49291821384866047
0.50821326359903751
0.51411408564364436
0.50652930365637228
0.49333607392122975
0.49849574703238314
0.5110356270379407
0.51890199356134192
0.51186168093992701
0.50864893712876735
0.51525185378243565
0.50203118213765818
0.49350071169353299
0.4856365577227571
0.48324162820411515
0.48871629246170006
0.50021309232412592
0.5016905872230133
0.50366411447767179
0.47824426134990372
0.20232601147903842
0.19198242534776036
0.46225180214911876
0.50214924422070439
0.50559010414048156
0.50308472529888615
0.49931703998235388
0.49335844627285264
0.48703138715390348
0.49899836976392675
0.50233888829146789
0.49974923636053231
0.49076767080622702
0.49615464232699752
0.50341032402889296
0.5023270723058566
0.49428579042542198
0.49637300252156047
0.50591459413082429
0.50490506526998702
0.50711859342984511
0.51055558549090985
0.50740617229360929
0.50281965909613058
0.49198734190676618
0.48141075313747245
0.48879176706923805
0.49369835286718172
0.50119348561589705
0.50181836665621837
0.48779337082674018
0.46167304994531888
0.22470088324189161
0.2093686988184808
0.45023377647501178
0.50209280228044983
0.50645163182240693
0.50012091960593152
0.48952028809688469
0.48425820094888272
0.48484626945281983
0.49123054831616925
0.49566377825122238
0.50091546985131208
0.49636190960559806
0.48809331177776233
0.49493022686463062
0.49984164218048005
0.49990216319020103
0.50350433424938035
0.50489819384410795
0.49968920981225901
0.51260962541577615
0.51289021885325503
0.49931893228249191
0.49927536935885153
0.49729339314611354
0.50101568827507492
0.50788143942446951
0.50585467134844675
0.50506075361669245
0.50018418344018323
0.48572508840426054
0.4585942795852917
0.2324961991705764
0.20335379567911238
0.45597520070796699
0.49861380798387461
0.49608779964482863
0.49379010618193525
0.49392929152751786
0.49688649668511392
0.48746305799012163
0.48203151965361529
0.48642706417954762
0.4964166836285378
0.50089179895235192
0.49625104844972578
0.50545118974734038
0.51097018987869003
0.51044484944247615
0.50988809569731752
0.50217532657424213
0.49804415788665785
0.51016499344674959
0.51535433477985237
0.50440420330354085
0.49808973536401763
0.493164149805214
0.50476991577939512
0.50843160613870286
0.50293334402949363
0.50220125936412296
0.49961246430503387
0.49489507136922728
0.4791464138252024
0.21035802861455527
0.20270095343900946
0.45833344184078567
0.49826521845085375
0.49035981751818358
0.49396678944069827
0.50067142332233316
0.49801442559236747
0.4889737037457082
0.48898908598026919
0.49649785722358325
0.50392073543998939
0.50863508982393879
0.50442148996430614
0.50340073886646641
0.51039769072057628
0.51247694436529834
0.5002201303775401
0.49492209621616573
0.49790674515414379
0.50864753354383752
0.51711650065191594
0.50744447436881479
0.49545853391006689
0.48773733405442593
0.49855248660446611
0.51137608867725848
0.51150596776434354
0.51190611251693807
0.51335331991493061
0.49787170841901424
0.47956941977091772
0.21772702653503159
0.20043836616516392
0.46041901659008055
0.50750855053720589
0.50404003280839438
0.50628933589970393
0.50599489466300285
0.49132674543959187
0.48942142916980053
0.50268027505086232
0.50666602636433566
0.50885680085879581
0.51106188174271228
0.50319626727749234
0.49322364758057968
0.49168142875823734
0.50365680849624728
0.50085584680117923
0.49379414404372685
0.49616806344962638
0.50089655087203788
0.50882866204778987
0.5084681926492306
0.49420362122278111
0.48372178951225842
0.49392896251890617
0.50442253172154594
0.50761263182519234
0.51092190020841777
0.51423726240708678
0.50218449364462447
0.48203058165121793
0.22297439595278271
0.20808259233068224
0.47394626553033692
0.51875553604506386
0.51920829999653628
0.51459313408896545
0.50434847730408416
0.486924821659667
0.48667600504988401
0.49428355994447259
0.49274057564980517
0.50352007404103716
0.50420485901516576
0.49802633728194229
0.49121627737410178
0.48123091725035971
0.49553162205134432
0.50809641223678137
0.50067490110837276
0.4996588202494992
0.49626002239421685
0.49450795594048363
0.49609075479732612
0.4872511031651045
0.48263710703978141
0.49648753774961379
0.49832363072150682
0.49638081088869956
0.50031035068081131
0.5057872737222211
0.50166638841475208
0.47916277801221524
0.20623969776675011
0.24695916766241424
0.45227792643312648
0.48910105687681121
0.50079356025208499
0.48933205313782535
0.48906886874929822
0.47708615643903818
0.47685730868588172
0.4697539170989683
0.46621940142875923
0.47364340693833301
0.478470131982353
0.48254309105896287
0.47995969076748524
0.46363778358069418
0.46827031900446714
0.48182102677119687
0.48187448598887167
0.48102519116739462
0.47765359363584092
0.47598964945492328
0.47640231691106893
0.47408825082533018
0.47618517893761092
0.48827831306452096
0.48656606043211997
0.47697859755725419
0.47842862392729257
0.48349255709784117
0.48269049551594678
0.45781301215116715
0.18459897465249536
0.090097627199101749
0.22454988480146745
0.21590614604124647
0.20716733669160439
0.20394396564785747
0.2255608961717612
0.19943732875855569
0.24639677966046594
0.22424242634758093
0.20452756397815042
0.20040181044978503
0.22006975305977858
0.21704676953043978
0.21802714994074848
0.2236643291422675
0.19933677410953518
0.22298147418310094
0.23645494689483454
0.24423546229132426
0.19252066129701856
0.21728412832910188
0.21645765901723102
0.21834588745832212
0.22861159073887299
0.24100560136972779
0.22050979239059978
0.22648485982854819
0.21320846538417923
0.20883823307068394
0.20746842906467114
0.20502694616986616
0.085631267847546336
0.099804366087315424
0.18779914129195013
0.23290423403952029
0.23150842190839577
0.22221331093140909
0.22732319690995503
0.21414267584161434
0.20654394397500625
0.22071323984937991
0.28752961419528222
0.20144788451792231
0.18850798406020397
0.20759024019459091
0.23431729606749868
0.20837398063389989
0.24724794416481627
0.23998039897115572
0.20082725331635398
0.20097536488695997
0.19060568377158837
0.21726397158896857
0.21093277637881436
0.21800362849732749
0.23455321664228218
0.23476282285661584
0.23150019613324474
0.21012332606877343
0.19938791360489766
0.21426128146174109
0.20509841769077547
0.22083987372044314
0.093305654778058855
0.21584514163832261
0.42862764138374215
0.45286413334097603
0.46650158456688595
0.47407309305825723
0.45496523616900564
0.44816624020155438
0.4458786196747756
0.45304301966046634
0.45637348409521827
0.44957857624726277
0.44796109350575553
0.46155304042441442
0.45820685906526715
0.45835045179330502
0.46450660864315818
0.47201076966510708
0.46636611080712193
0.4635877333178049
0.46647701433864275
0.46724865007281896
0.46515857677606198
0.45282186439306488
0.46822312579528969
0.47275378768757381
0.46335259480408725
0.47163656749276966
0.45461236562166812
0.46133916981532874
0.46209490127203628
0.44286846948157349
0.22026183733012022
0.21748375381161819
0.46456443389486302
0.4930275772441633
0.50481672396880439
0.50709055533211511
0.50039269076764892
0.48710690558384429
0.4795264989150872
0.48261748924742487
0.48939518304930468
0.49218957778161671
0.49269573018491264
0.49546408619825644
0.48818157194492839
0.48897734491185518
0.49923741801438382
0.50040560742607654
0.49740336926719725
0.50101541584214915
0.50177677245065344
0.49884854661657679
0.50101682541947001
0.49406423123294457
0.50781093233925267
0.50546704982865387
0.50110534732695022
0.50477672785370653
0.50174875145125652
0.50375413387829593
0.50616496773859676
0.4910815259634238
0.23481916009700601
0.20663359330905076
0.46405710364029024
0.49570932940818024
0.50502904870668353
0.50533473685870423
0.50426862350212387
0.49579721986369041
0.48847548326523282
0.48910661672982575
0.49438714268334877
0.50417902749297805
0.50604391980950758
0.49993053566210038
0.48872068014814207
0.48779487707267016
0.50203001419447113
0.50255401974159786
0.4939578315199612
0.49541985738317973
0.49872962074182742
0.49554179404442616
0.50140123988146978
0.49525259257536225
0.50127082474570117
0.50527985356831306
0.50085093900984279
0.50369786864615596
0.51034122457897801
0.50732657656197033
0.50401636492300572
0.48676970280370613
0.22972393691490575
0.20488611269971022
0.46039770484947939
0.4976847185465802
0.50863087864166301
0.51056454182417221
0.5134926129741697
0.50958151119393869
0.5019721908052277
0.49257001625894709
0.49341699389987465
0.50473757786319473
0.50247824347889225
0.49909303360341156
0.49114117318639522
0.48935427931144981
0.49778355961485121
0.49898459504218101
0.4932343910535254
0.49748856006539394
0.50232452232320746
0.4980034998795973
0.49692219141442384
0.49119624556129315
0.49755415790682123
0.50692591584781233
0.50250528444244458
0.50186747704329138
0.50732797900789828
0.50198734835062564
0.49544154862947032
0.47799981185311918
0.23703955311786834
0.20009964121803264
0.47061853287972832
0.4956945157944998
0.50222008472514523
0.51320238333971357
0.52018303580225966
0.51770231432659741
0.51340542140807965
0.49400131062116442
0.49397207031291684
0.50575689050878725
0.49870903930591981
0.48995391164919838
0.48762412086936446
0.48816765503742937
0.49249011947471599
0.49530495185897666
0.50141801301150779
0.50939683853686113
0.50380856901941495
0.49451960555671592
0.49238124308016468
0.49198627864868533
0.50219578910539764
0.5111465920973397
0.50756237914898739
0.50551619902975287
0.5004522639739829
0.49221223421453214
0.48595506062233434
0.46427298902777614
0.18743987376526394
0.21809185429608466
0.47398590655663214
0.50027157497987085
0.49754651927501237
0.50275572962829784
0.50479745144407673
0.51096483399498138
0.5146930614149553
0.49841124224631389
0.49283124556864122
0.50153736068455301
0.50393433944488308
0.49931045881828928
0.49149290820024333
0.48560841092501278
0.48972707267066168
0.49673412444343801
0.50316355947555769
0.51134861581098701
0.501563798704454
0.49109088341738338
0.48697841821362298
0.49048915861572606
0.50909874753279427
0.5100745798019366
0.50090729937051071
0.50282384881623032
0.49671113307584069
0.49120525252278835
0.4867218065660161
0.46740172410523229
0.18810374976503502
0.28038873218136284
0.48208066931601895
0.51248314940132833
0.50464502693034297
0.49925108348176195
0.49938677128071945
0.50787360519156532
0.50663840054186304
0.49051363652427088
0.48826421917067264
0.49651409954767539
0.5101532164225554
0.51115269078318604
0.50093982611915744
0.49281555837650987
0.49706032103582287
0.49808196942406208
0.49855588365566134
0.50699093315749033
0.50188475108720454
0.49655852864397959
0.49048074281531262
0.489530308456264
0.50744496501663505
0.50858620680486832
0.49463570774911497
0.4938554714612064
0.50189198609262053
0.50267233644156328
0.50073259918031343
0.47690493992093924
0.24119989196547778
0.2090381326065085
0.48031395792353604
0.50671101943185726
0.49789062428338732
0.50155490368954669
0.50590811123540369
0.51332394329302855
0.50734811197240448
0.48880243659968797
0.49447700154091939
0.499113363356114
0.50360295344886608
0.5074278655943264
0.50578868848639147
0.50735850850660424
0.51142520792797941
0.50648387189035871
0.51009303424679997
0.51542809393356603
0.50565300900176324
0.49785876948583446
0.49453177512466534
0.48830099408619071
0.49443738398162679
0.49845722629810901
0.49613574132753196
0.50111954263292213
0.51485975384842075
0.51273433230887322
0.50710236604898584
0.48205076473422875
0.21044791493233686
0.26847035148149423
0.47749463063296077
0.50200242817191443
0.49556183539900883
0.50471111393412216
0.50303249629119751
0.50677869205628645
0.50101559114586869
0.48566608552837898
0.493695350772408
0.49575721262032862
0.49538926082968343
0.50408273175195895
0.50762408089614219
0.50497266233121307
0.51011842888126002
0.51359612799708643
0.52224003492703563
0.52372866403217577
0.51189658951414185
0.50717900067744826
0.49498281773218572
0.49068034038774416
0.48684068022929611
0.48701621217483571
0.49373127685136853
0.50053387563649754
0.51172287552052176
0.50721696910125269
0.50885377558954736
0.48643753596639816
0.21126117652189091
0.23722036013889769
0.46925701015295823
0.49727915174572745
0.50130616149593799
0.50222812010519602
0.50167577888248671
0.50434057142125144
0.4984901612759724
0.48568643988409821
0.48663101589546504
0.49553069374796666
0.49273780662333494
0.49924829503966056
0.50051395689994727
0.49566679587455598
0.50006250381027584
0.50271604215895527
0.5091602535957388
0.51410179039300163
0.51078495879492192
0.51239457559153634
0.49565843790280045
0.49271257309328409
0.48793965015773055
0.49081561163629528
0.49320482897361612
0.49694580288756279
0.50441538175157163
0.50246438387053716
0.51143510939576975
0.49207939837764336
0.21980776079356062
0.18857593908309273
0.45891805587132856
0.49470904107389024
0.4891102787445023
0.49173801774159398
0.49636625048001543
0.49704247135958229
0.49813533160413903
0.50036509072489521
0.50295680207639448
0.50891594211876034
0.5019691215430897
0.50867141484203582
0.50496913360257456
0.50177108294187633
0.50275209589045389
0.4901310742874751
0.48923679450936602
0.4968373124893451
0.49910852721015692
0.49229005566993039
0.48097975123287323
0.48718288119321734
0.49242418633907414
0.50016667787177904
0.49695739209847373
0.49239124261537742
0.49700414235472379
0.50767790648169908
0.5112868344873247
0.48884927728671784
0.23123656772502182
0.2572235789846854
0.4771088142728846
0.50358806079190355
0.49154227664047745
0.49037055274889496
0.4891776111618657
0.48894985513488398
0.49407587529095037
0.50511742315443697
0.50816328099917674
0.51472357676082081
0.50479875639558458
0.5025607045141296
0.49927822736136551
0.50619636776960197
0.50622729598024652
0.49250017093008353
0.48981601535711916
0.4940003633665026
0.50153965533666967
0.49693451287996937
0.48770200857542467
0.49214550674460678
0.49293670162929354
0.49656678887235201
0.49453585669063294
0.49109983034802951
0.48700129522235497
0.49943029955731333
0.50648306906358498
0.48482577390456971
0.20494786689590058
0.21122513591034428
0.46464450821219488
0.49884660928014851
0.49996978653772084
0.50575960045023816
0.5064633175267701
0.50272481651161227
0.5020761065979592
0.50858822357770095
0.50853242322175574
0.51203742109648065
0.505965473088134
0.4985481804161867
0.49699473539701433
0.50161059216179327
0.50555007202435698
0.49875169221398918
0.4885781307478026
0.48830815372041297
0.5040330122492408
0.50869953689967651
0.50743574398355329
0.50139697156515362
0.49206579499493514
0.49450376832397053
0.49473085321377674
0.49450386629381538
0.4854410113871892
0.49336829013961253
0.5051997658625822
0.48404208728501785
0.2075244411220773
0.21782379896251469
0.46582050921415158
0.49708333282184158
0.50316066294030493
0.50977825829088541
0.51034911038512953
0.50321121311066763
0.50121516250265574
0.50683381524373916
0.51210800509167365
0.51068803143107777
0.50119478431198772
0.49687262912999958
0.49864336640375478
0.49468257296546719
0.49596062321757961
0.49847373940921519
0.49629334328776481
0.49767142816132975
0.50770170818664406
0.51119041875361515
0.51530679123082324
0.50585093428499373
0.49298641622813683
0.49667059284681103
0.49755863110460941
0.49584028622310417
0.48319301787583613
0.49725920004769719
0.51064700865482404
0.48402559325428635
0.24440515628146958
0.20440716050097729
0.46713264579791869
0.49412453715972232
0.49554054501438588
0.49965106246942759
0.50353916757231199
0.49893514471198436
0.49821694793780497
0.49912616755610562
0.50504989517561438
0.5065223368817573
0.49689110167340322
0.49430536311330137
0.4964902954602653
0.49678480218633836
0.49612691869368253
0.50083782369214813
0.50284585873048615
0.4983848744917751
0.50518618216293121
0.50844165367997085
0.50998091001564017
0.50014149621928139
0.49345417542018588
0.50008665214981718
0.50598659564310255
0.50248334404895834
0.48895236466935788
0.49585942049632192
0.50724364249124498
0.48511001101846163
0.21789834973774364
0.20823434827945422
0.45950220300928085
0.50050826253808978
0.49357545272106695
0.49394183912767409
0.49456243070163941
0.49687345480819622
0.50626191505433182
0.50168200203753655
0.50155879973107609
0.50419404431699999
0.50274710059379468
0.49888638316388173
0.49908977343744182
0.50246319510853643
0.50018821437884842
0.50206111291642885
0.50019237062711275
0.49255527368875479
0.49244507026219353
0.49708174997612592
0.50470080643400395
0.50080919090928167
0.49479725831340249
0.49525143613441019
0.50878712165030715
0.51165258800669677
0.49796959783034311
0.49179152850604491
0.50179517989242683
0.48130851270470248
0.2206343088118384
0.21290071531932805
0.46138872148857124
0.50331542152232989
0.49724380871647206
0.49896931969729935
0.50208907327982277
0.5010797088544755
0.50914448784563415
0.50558222371608263
0.50059877233402228
0.4983006403009827
0.50028374968219602
0.50462411381394745
0.49797565356429768
0.50357296121917927
0.50832339629143675
0.5064340799943805
0.50028291293511751
0.49171191492393301
0.48920641011072974
0.49329869909542789
0.49828323379376793
0.50164019181386432
0.50071888095798378
0.49502458751160355
0.50594383810462606
0.51261874337736979
0.50313359620236398
0.49346103911247996
0.49549140642928108
0.47671923938186123
0.24625616456007993
0.23508065123801283
0.4585198511491993
0.49419310496808005
0.49918521602304444
0.49793369752144256
0.50116994699806627
0.49803398338400295
0.50188326904680525
0.5040204860636226
0.50059013850106648
0.4945863791914778
0.49066236204555325
0.49438708952954341
0.49140884699029697
0.4984199480899984
0.50210779979616171
0.49869952629055081
0.48838109650215722
0.48966775268551338
0.4931893329483365
0.50095671001050135
0.50093918465930476
0.50668532526993415
0.51297089373241345
0.50581039652390059
0.50300922730402675
0.50746406757591322
0.50255305648716331
0.49492354541161115
0.49429465828215235
0.47822722413077406
0.24006566362024295
0.20473181869407542
0.45482694762635351
0.49182032159257089
0.5055364686922591
0.50044693741219681
0.49695806214491833
0.49922895653277205
0.50810071355406838
0.5022519960117191
0.49562146341399327
0.49427378246633519
0.48706987711971472
0.49386441367841299
0.49745677168563285
0.49825997201321942
0.50139825549186934
0.50370270935593087
0.50258434727633361
0.49467112119474049
0.49108225277162826
0.50123606904960949
0.50696928747520698
0.50986466173411504
0.51181263319024017
0.50746603198020068
0.50153722862062722
0.50231511545352525
0.49736668332001405
0.49830229941956078
0.49990133151467386
0.48308162037811181
0.2363696653027661
0.23664780276538505
0.45543529956651713
0.49219699556249047
0.50663719693922937
0.50463709357040543
0.50491906735941461
0.51348155165931575
0.52091684301566954
0.5019373082809987
0.48897781936414086
0.49013397559890415
0.48119440428982846
0.48967172552240934
0.50263778359641764
0.49913739410312241
0.50318056161145652
0.50941680205418771
0.51129923580282466
0.49329667910989372
0.48234380332386473
0.48169434016224699
0.49627567428154812
0.49853527541295817
0.49731250099688007
0.49623550999514887
0.49500936718936545
0.49932439165531423
0.50101563198310473
0.49877633079360928
0.49589721100823814
0.47557770785685927
0.2046911348750074
0.22394892054632129
0.46426596216716215
0.50419477170201754
0.51626805778779916
0.51696064737570158
0.50835809974101764
0.51183236131352916
0.51286023834300853
0.50073821848486244
0.4951627854446658
0.49395812149150575
0.47694407481015344
0.47786748642687693
0.49832139729432817
0.50485656800424905
0.50679184509469455
0.5094085117725462
0.50937319330312292
0.4990509774815175
0.48989366277110657
0.48064451211728737
0.49023930202840926
0.5018542311968649
0.5023412985194694
0.49063283104060162
0.49020469665135724
0.50013557366154782
0.50448976790188327
0.49749804926835506
0.49470930501842059
0.46802542523699797
0.21851165445138973
0.24078609902937759
0.47269868706574003
0.50471039729841727
0.51447525703638286
0.51795679933409522
0.50551298190749527
0.50354394485034271
0.49858883837395157
0.49815760023991956
0.49699900474094189
0.49291333820021799
0.48078267630627847
0.4880058959486237
0.49962984901574303
0.5030366375325479
0.51100985186363668
0.51438327286396979
0.50864062129672694
0.50523972945933815
0.50404584222619786
0.49661882821364184
0.50304063411423372
0.50696488563383113
0.50871186781539923
0.49699045709304795
0.48846713577118678
0.49298577175374381
0.50502490745431494
0.50568928511915112
0.50538884123673
0.47697421844615689
0.20383395800298112
0.20362707874192457
0.4770014120444378
0.50689421162162729
0.50883036947322535
0.51389115493975779
0.51485461666281107
0.51347526905284369
0.50166418429894188
0.50064214645246263
0.50023539156625219
0.49561950449161341
0.48557199322179995
0.50066272609412255
0.5104080534622697
0.50057474410222313
0.49951411035513782
0.50515184253795475
0.51121209005094592
0.51320574857512924
0.51275958164107061
0.5112556904587956
0.51790751163204074
0.51206327996987344
0.5007296299985402
0.48982081080386397
0.48459125863705854
0.49277517385138797
0.50136187585454017
0.50085060811054072
0.49853710106284976
0.47596700544397103
0.21588876539417601
0.26630249957486868
0.4941337790640975
0.51058376070110223
0.50397604654006811
0.50009453072737575
0.50053844718033591
0.50680553921996241
0.5066725643687866
0.50990008634769068
0.50525939326968505
0.49796805844951259
0.4887178019941682
0.49887340961165416
0.50176981693973011
0.49326997873913064
0.48963726839289329
0.49411008524647348
0.50680689101259879
0.50748892439713766
0.51292530655702784
0.51415699725526853
0.51846290710573228
0.50715734185445249
0.49337826584229921
0.49361498565267875
0.50078390727542543
0.50043710562781685
0.49685643346808633
0.49492694693414441
0.48700450996336214
0.47159454961055375
0.23852010852973812
0.21077772286200794
0.46633832521449331
0.51230446601076707
0.50446426815136003
0.49149508400042302
0.48742967637971368
0.4951746601103561
0.50308225366347681
0.51267355705013273
0.50612960489710312
0.49699692072893326
0.49390441373788013
0.49698255043923673
0.5039162325030685
0.49833178640334552
0.49097715188021385
0.49019816496909663
0.49485750860264971
0.49515512879925905
0.50484185123427772
0.5098605474094241
0.51365900899651584
0.50669944295548208
0.49865856584233431
0.50580967104372698
0.51116806469939691
0.50265843275592648
0.49537256401294982
0.48977547470723104
0.48235167614177432
0.46671871982529489
0.2302465354320701
0.20694099680099304
0.4603223479935965
0.51295614511561138
0.50514640235870722
0.48772414717912765
0.48893450674652933
0.49920361040611561
0.49767136839288972
0.50577687762909607
0.50953793920605339
0.50335561966561027
0.49757270849707885
0.49818560060160361
0.51182340100083457
0.5120906474218524
0.50011547250725596
0.49028215760571819
0.48816873747937967
0.49138741672166136
0.5014614658606602
0.51232530948193444
0.51170031234632651
0.51048281156811692
0.50633676557367735
0.50743526503069825
0.50194744363470745
0.49778198669725898
0.49753062464703507
0.48815331276645779
0.48163440627471887
0.47160146986045126
0.19573586569534601
0.2014384096751054
0.48288690760395808
0.52103178709414455
0.50895756417684757
0.49285019855619194
0.49861154482803127
0.50336256044875949
0.49087736078149602
0.49946673644719602
0.51758432860692327
0.51498260066325519
0.50768730383920646
0.50547718622161064
0.50797791490501198
0.50913218264397564
0.50403673836452134
0.49326576798759503
0.48696098615853706
0.49336355510428531
0.50741148831962246
0.52149376912904644
0.50128254494541469
0.49685640698086952
0.50012744913455176
0.50151446916154574
0.50420939773486528
0.50932021249126902
0.50812141074151906
0.49948720017086012
0.49036145878314885
0.4764438351974678
0.25487998235033504
0.19953727824214179
0.46995477906333832
0.51501238227573387
0.5050987513057924
0.50028837911605173
0.50446403007865115
0.50002124442624807
0.49135489031207119
0.5059906544555709
0.52105240376720896
0.51841548190949049
0.50745191888541874
0.50472841315411188
0.50030597081487593
0.49820747550515071
0.49962727896937148
0.49946881517874808
0.48865383644438981
0.49012088585665858
0.50051997788205016
0.51555649982395424
0.50045917191414013
0.48873315104352716
0.49191262944996744
0.49924238681128352
0.50492891174684351
0.50927538606652245
0.5053932666299068
0.49415547741176802
0.49561685794816596
0.48585830509253858
0.2130022290959212
0.22785064878861433
0.47656529568696587
0.51211025912904595
0.503036159952433
0.50209538386427255
0.5009268557467127
0.49346293998870289
0.48436722482736599
0.49473531090839556
0.50214755791885735
0.50765821541068579
0.4981560693646781
0.5002393416929749
0.50142594129584228
0.49611772874469545
0.49478489606131898
0.50024995499781588
0.49088580121182818
0.48650346448971088
0.48948804084563624
0.50160972195919018
0.5020707344597598
0.4954917985219553
0.49382839585005628
0.50595222670379214
0.50303024164318333
0.49478232093972829
0.49586286937864277
0.49100594380155593
0.49223434399912519
0.47347510839638701
0.19719669166424267
0.23694410436965638
0.46040706035193307
0.48571820111620034
0.47355984212948932
0.47540599296631586
0.47733172997479095
0.47234807233186415
0.46414380460315602
0.47237847068303801
0.47590171042075652
0.48288746176550085
0.48204665222196896
0.48920574089363533
0.48645494315714227
0.47641597786586704
0.47091221150416462
0.47717758253178888
0.47288641678703841
0.47796893343225899
0.47289384353743835
0.47574511083301585
0.49247056715714543
0.49245200663895883
0.49047919320934835
0.4947132808408064
0.48518125528459344
0.46919672521844691
0.4814278575736361
0.4849625492300752
0.48302780675279372
0.46420976078344428
0.19835174968347796
0.086597173589957846
0.18626621362490969
0.20572324534761066
0.2009202305160111
0.18662298294397731
0.25636483220663242
0.21866009623389684
0.21301201390241306
0.23974350539068659
0.1928172685900621
0.22404855173476085
0.2060592514093065
0.22392657728938808
0.2172832589341662
0.23019660216337232
0.19552021369840833
0.21196858472179539
0.239592906653816
0.21661091211818817
0.20404377134080795
0.23216915138683628
0.23656366532678311
0.25925896921320762
0.23297358670733209
0.20575783969567124
0.20596660775969317
0.20912369900279021
0.23349537454791025
0.20018234286183745
0.22199741311606011
0.19481448403979057
0.081585423141978586
0.10158467879052391
0.21446554424934647
0.21645071044396583
0.20807590273458115
0.21091818412803801
0.19962460467846385
0.20257503526442894
0.21981924367303643
0.21984497078062434
0.23989219843249002
0.2767504038759166
0.22346921579386173
0.21037071495559312
0.20662136813701329
0.2133609976402229
0.24316311398724641
0.23401911173467105
0.2311206240934176
0.20318250735424784
0.19690897238138852
0.22288260922529632
0.20745465020241061
0.21587299087162798
0.21643360897064767
0.2680429723788908
0.21895154864665367
0.23236005705992582
0.22506911100581434
0.19340296795553591
0.19997541362105961
0.18195400215167834
0.097839168674729887
0.19570297685003324
0.42897971106196969
0.45980237056537537
0.45544668144234762
0.46687563143322908
0.45451511897569574
0.45688685235130094
0.45111193116032405
0.44717434590225247
0.46621343261293652
0.46737212108228543
0.45970493578975052
0.44910783100968549
0.44361693013156867
0.45244862732897939
0.45709564003396985
0.47180754426732735
0.46978100556275632
0.47265884366226246
0.47462026189397633
0.47134535264828714
0.45920618042778988
0.44987056092643019
0.46296317996829245
0.47380095905281544
0.46608299897057731
0.46511891392926991
0.45673133397964361
0.46098899165411578
0.46814536851661531
0.44331919650277118
0.19643912901101374
0.21034108299383664
0.46053887956513079
0.48818710811651517
0.49598041109474433
0.50092161555167658
0.49802405813568068
0.48567430790242916
0.48366907730536751
0.48683727561021611
0.50100843583453847
0.50338026060591834
0.49270919866291313
0.48465684117398006
0.4802122615712951
0.48269341116102404
0.49154351678370506
0.49657978393547819
0.49711405051824042
0.49875457968172754
0.50292549675636622
0.50006756536535246
0.4935562642527998
0.48376305193650793
0.49655168014433831
0.50233213865800119
0.49832361628307803
0.50128676358991719
0.49698598139516686
0.50161286864867827
0.49981124209223349
0.47497435744061328
0.21399468136886368
0.21738653038618519
0.46464623128115695
0.4957559629021156
0.5011467323153409
0.49932177038571196
0.49945473032444521
0.48653639238262136
0.48858337633865995
0.49527964245133588
0.49673503500915889
0.5014472573564851
0.5056708757937578
0.49368498287470841
0.48008299828161632
0.47879333726766016
0.49051603228798596
0.49952711095281505
0.49663760397202938
0.49039277503894485
0.49248968787170333
0.49098439710190933
0.48830732420811329
0.4827434594881535
0.49564202174374117
0.50936789863671228
0.50690866161547565
0.50953547180562753
0.50782260765322518
0.50145770654042099
0.49316515917071557
0.47345299353655235
0.22007672912288215
0.22166483937194223
0.46948290377525803
0.50473574273577726
0.50667514850180351
0.50577637504446904
0.50493661228809217
0.49372927397265809
0.50028921819126693
0.50228508622389201
0.49352178201522001
0.49657941131912958
0.50941398048377096
0.50530556791899051
0.49254723878302437
0.48374571322983595
0.49298931655995204
0.50267903151920068
0.49853730288876102
0.49510657175763145
0.49476487870910396
0.48897060124465264
0.48061362389256812
0.48203333692442502
0.49554705497216534
0.50848197171507681
0.50971416619364796
0.51271645812622624
0.51181198277700335
0.49969888977460331
0.48624169051008226
0.46374234845697865
0.20668288214704383
0.21386649654366399
0.46978815711764421
0.4985376395284889
0.49681906798556741
0.50981256991863222
0.51081912149382858
0.50441665183366347
0.51685803740805325
0.50852749902002792
0.50076336847104064
0.50628557977650301
0.50606080714890245
0.49646679600225235
0.4899643671241225
0.48617745609028545
0.48974801902617443
0.49609746972883534
0.5006039828543124
0.50915518016995731
0.50494297243857811
0.4897427287154501
0.47906671970669212
0.4895375105280888
0.5023930490350379
0.50481098870004415
0.50535532262119576
0.50837583648582541
0.50132769359497209
0.49475711030968245
0.48304061488310451
0.46360757078683273
0.24671596741118904
0.23324836686646777
0.47392701194998921
0.49953674773212836
0.49140516663612888
0.49801259233980322
0.49899523707285143
0.50488483022311315
0.51584721405139833
0.50884970839841104
0.50371119873903092
0.505450006864125
0.503833739506242
0.49872521705881351
0.49114210893132798
0.48662042430927172
0.48774870715691959
0.49477454319977487
0.50054153217607711
0.5154330911465913
0.51052640792228832
0.49719936242770507
0.4798041103766309
0.48814700932831945
0.50148027977956233
0.49892448948928741
0.4964976067670025
0.49819711308664105
0.49046139786688597
0.48885292132421515
0.48925564362315377
0.47092895229160986
0.19194360818375381
0.22391405638935971
0.47673544611239616
0.50436900612044644
0.49876374491331826
0.49580729367786358
0.49616749098328894
0.50523022186074518
0.50885405121161498
0.4988908981482576
0.49237139735136021
0.49371000301702012
0.5039754074728261
0.50333892951792147
0.49868366333943259
0.4965114163595426
0.49816338881426553
0.49875797351224244
0.5022070874097313
0.51262626963382163
0.50992434315546742
0.50220909759038201
0.48325153746320176
0.48536226099151447
0.49495442376128246
0.49735643730941531
0.49046864323159778
0.49117575833071242
0.49685577316840301
0.4955058689135628
0.49622190547867001
0.47916043869380159
0.19951414495558858
0.21852131035693154
0.4713850203865193
0.50123887128244082
0.49876471156179392
0.50174937977376799
0.50633088549894989
0.51172453317196764
0.50723440571989642
0.49316602801463494
0.4884586417195676
0.49329578509360661
0.50356081044974366
0.50332064899291196
0.5023847322058983
0.50861808291764787
0.51353371333470033
0.50343719794637365
0.51087292185999156
0.51842779406458039
0.50929397141160204
0.49843435961665994
0.48611834591125086
0.48646930413221745
0.49041309586742576
0.49005118105450324
0.49216268513124878
0.49730372555688296
0.50702395375684661
0.5057786430125274
0.50565658614550058
0.48280603438902459
0.19835370944878203
0.20342933133948748
0.46690206416751218
0.50052907640539146
0.49926208672749461
0.50348359653175911
0.50264704310302488
0.50617171041635278
0.50089787746540926
0.48711127633738788
0.49073431563313341
0.49777675619717976
0.49993983294461597
0.50006440113823802
0.5018901595934242
0.50335574240475367
0.5115035023308484
0.50842719792845659
0.52016348640072341
0.52443562811778044
0.51418172262014228
0.50790627270623379
0.4903945620614853
0.48496870988000462
0.48409933825960388
0.4817808684979622
0.48864526328791347
0.49693520493166909
0.50567331950530492
0.50281435652325368
0.50537441190180232
0.48490636173557294
0.21540306817616289
0.21165228055273128
0.45694780062228962
0.4942569784460441
0.49984039441748657
0.49931646689976467
0.50140803661700195
0.50519367761133138
0.48976543336838019
0.47552924632659105
0.48344663192365822
0.49464675488550897
0.5032375503614106
0.50679777398476655
0.50890380343980413
0.50086954327290667
0.49846286707963411
0.49624466733075934
0.50597786389244603
0.51551576087554074
0.51550771582421406
0.51532789596184969
0.49630850533815879
0.48754459616212226
0.48984718886250311
0.48736033991402206
0.48875151476330764
0.49818317544480628
0.5114154499496526
0.5039675831690823
0.50179771521894057
0.4827885895024101
0.22670891291652689
0.21628074208147555
0.456383332594964
0.49228049606876412
0.49307187962822363
0.49005581060193543
0.4919185370542063
0.49154795091258613
0.4875631839932616
0.48548548775378259
0.49510774724702944
0.51189352599071747
0.51904299983060342
0.51251416250939874
0.50899208064776114
0.50386339385446677
0.4979641128686732
0.48897308396234657
0.49705072937312206
0.50278535662242463
0.49841264350148312
0.49890634493517838
0.491810034135784
0.49399861450906163
0.50144402097592922
0.49653459811916595
0.49206278579478402
0.49872774073780657
0.50386235307653826
0.50574842236736206
0.5016322503198557
0.47526430952982035
0.21219809015858901
0.24037036859313859
0.46928627387113819
0.49735953098077734
0.48626443664984031
0.48461439521556476
0.48395825712751983
0.48401778924757011
0.49230098028314756
0.49941478887205859
0.50858925738621064
0.52533756521838071
0.51650169035893079
0.50621906945848183
0.50038562349404092
0.50578676742852835
0.49913440254536262
0.49268610470995772
0.49792744592831273
0.49682503200969869
0.49743965123826794
0.49730977334303017
0.49530832685079051
0.50210512515619521
0.50388663699712777
0.49545507368129649
0.48836321655769188
0.49228904666595746
0.4930979093426256
0.50107994656236388
0.50338471852474498
0.4797517729423259
0.20194830971041067
0.24317458688321711
0.46873113881758222
0.49310192511220241
0.48974928329481909
0.49652676784386762
0.49366148011682481
0.49509389077036681
0.50170155244084624
0.50679753914522552
0.51581731663855934
0.52523971479669362
0.51551800670452408
0.50429724159074429
0.49667248409058923
0.49701944816679955
0.49421524037828829
0.49627444140293397
0.49409674159613109
0.4918858142027131
0.5028036795184293
0.50206613474089012
0.50416156433670967
0.5050875375774444
0.50444451319915318
0.49896823926725486
0.4888202486514201
0.48766567141901307
0.49476166502880176
0.50395588941161473
0.50799352622618754
0.48638709603140029
0.25850799929455393
0.22482609380547455
0.46523012480993031
0.49350763268732234
0.4999272274530131
0.50678193735913124
0.50333277816910027
0.50163427020743634
0.50522852606946556
0.50681646759120402
0.51205033080978624
0.51141948956584227
0.50064622123984781
0.50196577833158451
0.49533653409393247
0.48693326545380289
0.49003133855595699
0.49845620550876785
0.49841912784489301
0.49674677862059147
0.50120799895662937
0.5055255279508023
0.51791424175932588
0.51118911334219164
0.50495722283265221
0.49995005694959216
0.49153466990035005
0.48750847698337707
0.48778186189908157
0.50282161501874834
0.50770957434064046
0.4785661321377872
0.20629029027828519
0.22583276815298273
0.46700869799838779
0.48904187634693663
0.49546931850715692
0.50594034883120231
0.50262458804092713
0.49683690643102435
0.49948384310452015
0.50252300496430435
0.50569724907126701
0.50261081484624548
0.49777575121219031
0.49500799045010374
0.49011020503152453
0.49117443571551406
0.49728721965443945
0.50159609407078376
0.49931603742521186
0.48851992733245636
0.49338035386311369
0.50254716490423912
0.51522611762677306
0.51277562567825041
0.50286740194013646
0.49965757242766856
0.50251054962941211
0.50115025264085022
0.49240169708796355
0.49818763002943062
0.50393737953914031
0.4808182283760396
0.26576473884397778
0.17797379507215916
0.46532944109869906
0.49151872156163379
0.48893939031793515
0.50239155677126723
0.50163959665853375
0.49330820420603549
0.49440408683984455
0.49607487967697755
0.50006973020908163
0.50261576862421642
0.4999059796430898
0.49383724841468368
0.49015335161633
0.49741719467934392
0.50231481692329538
0.50143095333006782
0.49696585750314942
0.48343388896502726
0.48329153551676002
0.4950685151585445
0.51271053081477069
0.51806921572928866
0.50331688545304787
0.49599258896391885
0.50477756667112406
0.51077286015610313
0.50498867694502159
0.50165444442807672
0.50206669126754633
0.47641513085926107
0.22500663139577098
0.2106419323709349
0.47022668013012203
0.49779050485356757
0.49165876272815023
0.50660222287233891
0.5088935281615764
0.50074834162137161
0.49680219088584032
0.49114322428719465
0.49157838874806381
0.49621981293499656
0.499379851842361
0.49439871270082664
0.49366517696237172
0.50555163231462097
0.50973205359654816
0.50431297617863513
0.49637065289901772
0.48897387662088421
0.48545842375299414
0.49787530994251933
0.50585342567402014
0.51165545723248163
0.50455763969174627
0.49519428525495696
0.49892077291573905
0.50645495184569123
0.50697021246728236
0.50197244834474897
0.49941355789932695
0.47971693286611672
0.21562440760155563
0.2334210762491904
0.46764818798113628
0.49447211334366792
0.50146188214860499
0.51023984003980394
0.5082147294569388
0.50301676567952258
0.4982762207327231
0.49346444938685058
0.49097880940091143
0.49280254242952681
0.49401138978005604
0.48656174902978033
0.49217050792104922
0.50745871778796214
0.50810425098447187
0.4974744355052837
0.49170833018559323
0.49942785205390405
0.49950511065024583
0.50591333039972186
0.493495461395075
0.49534036695993877
0.5044332569532104
0.50301370009115498
0.49778419833425447
0.49721563482179271
0.50023990535577367
0.50025069804040434
0.50086170310995526
0.48102482683545406
0.24397588704915488
0.21854748133859045
0.45597578551126661
0.48786302690267913
0.50651392785421423
0.51173341618415014
0.50119793597322848
0.49956205409241994
0.50609480452019295
0.50052120650681509
0.49624081855989854
0.49964614549041514
0.49641716086440379
0.49100172573354001
0.49604309957262638
0.50762528939363383
0.51085670108884329
0.50891867688884806
0.50808246924556211
0.50456484782308697
0.49602271652338104
0.49947195612757389
0.49557388453689982
0.49061991305612923
0.49595468957764549
0.49726640562506097
0.49266331266844898
0.49273915168839072
0.49322445155852235
0.49879306013143454
0.50196808111171487
0.48170851752858845
0.20976622216559782
0.21294655978753019
0.44717487584401777
0.481331082815117
0.50321332496048243
0.50836092076252115
0.50176688977039363
0.50232617046773576
0.51576491819200998
0.50153662788765174
0.49416428646130911
0.50019469035845632
0.49111622567527574
0.49393537998654946
0.50338288611572102
0.50549831472185502
0.5107500331985384
0.51565237149381049
0.51348137336537003
0.49896384416958062
0.48738173133213636
0.48809127785019318
0.49945443634810405
0.5016746600786709
0.49603974785988575
0.49178404353422311
0.49571412698237816
0.49851237421168315
0.49456531822408856
0.4981434956412657
0.49775100467729361
0.48327616324240508
0.20433923327624573
0.2797769729675581
0.45842385753600179
0.4938594019667995
0.50802371620152365
0.51238222530236621
0.50419175744697586
0.49934585170445928
0.50227166198755868
0.50120752071369334
0.50020979520549813
0.49996891438029828
0.48696049003052405
0.48647050303446793
0.49668365963035743
0.50328446083608991
0.51122049313077422
0.5121824821546902
0.50369997148317935
0.49579782173802112
0.48705879194650303
0.48536355534144415
0.49907194306115621
0.50992039351694318
0.51167899297562636
0.50158026187505511
0.49851092114366263
0.50488101792016304
0.50315616697377041
0.49403884845790208
0.48787249572227465
0.47367688341981945
0.19838226219564653
0.22465302038019558
0.4708306880778253
0.50195133298263961
0.50617851467799302
0.51047343222129804
0.50704299942756526
0.50623039319808527
0.50446556767103745
0.50797426515243427
0.50752474131392977
0.49827424861022362
0.48527605087495462
0.49227886395061199
0.49669700980462872
0.50213139661900796
0.5136844304646927
0.51295574649064335
0.49815549549975485
0.49255688128133562
0.48608971088076319
0.48663711208461369
0.50489818829397659
0.51801334113567232
0.52084013812300189
0.50319448178950066
0.49158530229397779
0.49959168120854763
0.50598212437207424
0.50175675015163079
0.49470075811119663
0.47546725861438432
0.22871254359108409
0.25676573761327143
0.47706723642188731
0.50988407426439775
0.5031559359584582
0.50189066493108481
0.5118398956572402
0.51342564805944213
0.50815498465096709
0.50950667741643696
0.50877296905701741
0.50136454129019314
0.4885406255758919
0.50368157573198746
0.50682392365136375
0.49828890773593276
0.50331094224843309
0.50640499110481552
0.50319639741749556
0.49680620421584515
0.5008445599867708
0.500094893429055
0.51280183593652795
0.5201075151824659
0.51732765492667721
0.49702093932476676
0.48966988479664647
0.5018292203163649
0.50624748326857005
0.50388410700025055
0.49648653864316844
0.47970561271315759
0.22562818032111212
0.24576859425643188
0.47263571633701951
0.50937442875931205
0.50238144840145182
0.49281934109605241
0.49821250840020082
0.50527172067267989
0.50499056814968724
0.50283077195204295
0.50586210914019758
0.50203374850016336
0.49018705700994858
0.50104485735708237
0.5021393270292398
0.48952003560436042
0.48928427792061269
0.49650497890277884
0.50455987223072574
0.50004466952592996
0.50623698335962586
0.50674885237221823
0.51369144513642939
0.50600955060099817
0.49931783677387287
0.49376897235880135
0.49940615239359204
0.50776615671459924
0.50068442399002644
0.49781480508155235
0.49487536104014879
0.47992708847380794
0.1929446225767395
0.20830301092962283
0.46003538967908475
0.50228552369261092
0.50217709482366102
0.4925496249393051
0.49061528924548503
0.49458007408143256
0.49831453850832313
0.50991895504957929
0.51075129787626383
0.50282078902155747
0.49675945694283674
0.49959949484692329
0.50098921282405928
0.49580159761141951
0.48862561742367833
0.4883616073960883
0.49032038608445466
0.49290097360534779
0.49724484477385672
0.50342668372568267
0.51389423937661505
0.50476597115350064
0.5002760221060496
0.50036257323023436
0.5025060055585131
0.50461352490377209
0.49183708453326103
0.48467885510693631
0.48836724639475665
0.47467733539582169
0.19997871243717219
0.21884097166188496
0.46290823305575945
0.49762856910947406
0.50386053135824838
0.49615554085723196
0.48958863971601718
0.49016512371377469
0.4955530565593203
0.51191147968256079
0.51629859442379977
0.50602130560335568
0.49823613805971384
0.49822031491881408
0.50652704097737888
0.50828046303665098
0.50355579772181891
0.49883550946920707
0.49311396695755783
0.49626425730714424
0.49988348792792758
0.50876409809825851
0.51161765986325325
0.50875654845491125
0.5065635333186389
0.50406415922248182
0.49710852947736001
0.49459595895343228
0.48373161464577796
0.47301763319624923
0.48204741617616065
0.47648334813368975
0.20966547485196096
0.23392714219094551
0.47112849113193533
0.5032910992607833
0.5094094510673367
0.50189456889130202
0.49586684176721352
0.49957418996110914
0.50093575857560635
0.51147192211450965
0.52391487439706574
0.51222160042391862
0.50349676333432292
0.50262952506362513
0.50642992549890209
0.51062538293648496
0.51778230464742181
0.51138553460761216
0.49784565900146438
0.49891180377396421
0.50462916242989186
0.51469519898888094
0.50296536779446921
0.49513016894297718
0.49861862471629953
0.50381949342966892
0.49957513061262743
0.49983703057739703
0.49114788749053939
0.48632993178193218
0.49797306941768216
0.48778018936625717
0.27317760377559702
0.19767558717678213
0.45982239879793585
0.49796477132596551
0.49626505292476641
0.49377643189991077
0.49504748308780222
0.50501987581285623
0.50718073604996639
0.51472033559699271
0.52165443051087779
0.51425492000636142
0.5059547844655935
0.50622761990013099
0.50553827326543788
0.50676045997193564
0.51232873985688976
0.51014114804358135
0.49173991503110631
0.49057193957583045
0.4975901447094091
0.51231478679657028
0.50489157842830146
0.4899713934819071
0.49307834901861441
0.50399204170572676
0.50368132387787623
0.49716553623949139
0.48838991984247826
0.48521869988020594
0.50060155818582774
0.49419794992337585
0.21347173744590917
0.25512079215414341
0.46929619664219829
0.49697341311013782
0.49042915292202433
0.49215339851914508
0.4941746188814341
0.50024431498857547
0.4977944630255608
0.50314474394057507
0.51296605576405585
0.50955692181940537
0.49343877870551472
0.49930406738620109
0.50632197015628877
0.5052835050536516
0.50576449795161105
0.50427398747032148
0.48947346155815469
0.48136789114983658
0.48710416327458239
0.50516194235838896
0.5153502980600746
0.50001490214407596
0.49946897322887773
0.51155613619709717
0.50088313895646763
0.48533147148499628
0.4840503047074099
0.48420491462970289
0.49565392367675604
0.48506603220850542
0.19901164847659755
0.20594025388472897
0.44783004444788188
0.48095641541386142
0.47058322101961597
0.47227736403405485
0.46987407850737034
0.47483165961850515
0.46951122548521645
0.47433039033084562
0.47808145871735214
0.48209202319610156
0.46584692224616331
0.47380524767279114
0.48546832925308719
0.4892015441053546
0.48626363546461721
0.4815473752028549
0.48044046471443319
0.47325139970407476
0.47734074349483224
0.48775131737573707
0.505670868929322
0.49863630271965964
0.49733081768202553
0.49642930673528168
0.48129201346123129
0.47008469994346902
0.48291237233181084
0.48052750056906607
0.48215582378567212
0.46369197179423516
0.22671283267836118
0.10487589821902016
0.18484427625426278
0.22762412579672869
0.20691672569689837
0.18256859346826931
0.22445832957609513
0.20419058819535868
0.20853418175479055
0.22206821494440068
0.22507840913471969
0.19993142658486043
0.19644186845471065
0.20891540033628467
0.2170243797722958
0.23589307340372184
0.20072338718089996
0.21284064973779754
0.21717373661898443
0.23686197091128339
0.3031269272533994
0.21548044515330061
0.21809243944600284
0.22404315099344665
0.2411386763198114
0.22503867392115226
0.23616294616189498
0.23161424806412922
0.22744704121451118
0.21225928791965806
0.19272803759864746
0.18552429437887344
0.099369931322138796
0.12709867357070423
0.20604715940457002
0.22242600141101648
0.21074936423742202
0.20255689036648902
0.23063765669734376
0.22679407433325363
0.23861268098792474
0.20966601445273281
0.22184523243709886
0.21799475349550471
0.20698193565062534
0.20477219741482214
0.20020876781575916
0.21031793469005497
0.22130514494944853
0.25567521538772225
0.246106357868527
0.2139278797558852
0.23671087854439718
0.2239417329577324
0.20906418352065889
0.19107252113011308
0.22514708669960509
0.22594848914995205
0.26724008091107132
0.2137497802095964
0.22262204695005602
0.21855155102202359
0.21715382098784344
0.20818240375730498
0.094683545856432641
0.20712008544917548
0.44130007077073291
0.46521109574108349
0.46263646924569896
0.46147398314471405
0.46357694091093876
0.46354563716000441
0.46403524513658351
0.45357004483867719
0.46703287118657794
0.47466239890136264
0.46571251459243102
0.45896700312193078
0.44685937350508348
0.45529192328046642
0.46845704943275385
0.47000692896235352
0.46763753555190979
0.46577225083895796
0.48146067125003178
0.47897316681899987
0.46141116495562212
0.45358345063440919
0.46957594568729477
0.46687131437000196
0.46918427900337839
0.46139732127501215
0.46353865362912511
0.46834396486704594
0.45285269743320394
0.43386298599028794
0.20377339235738773
0.21780851132122278
0.45973333575364123
0.49325649283396472
0.4968093532659752
0.49825340625774439
0.49680722735497324
0.48909295308820233
0.48621857785511052
0.48868683216121556
0.50192844212827048
0.50153435973864346
0.49492661959652973
0.48370658377957604
0.47810370882095693
0.48342195870385035
0.49444290849804323
0.4980503952563512
0.4948437429376763
0.49331410315037261
0.50168008653389318
0.50166281693320347
0.49327178238763958
0.47867317852342267
0.48809364580917836
0.50363740071622365
0.50527985012116783
0.50116725798319917
0.49434877437476127
0.49962411004400309
0.49203001465973867
0.47233354872852296
0.20321548138509771
0.22106324038968433
0.4723452311060985
0.50244581364584717
0.50546300426301938
0.50115251921046045
0.49731365122619586
0.48822047266939084
0.48719693741525633
0.49385900370600794
0.49610721989122752
0.4978452540374303
0.50764395516897209
0.49368894117933693
0.47756391821667354
0.48281076925341965
0.50192202654470608
0.50445795363545787
0.49527910623292332
0.48542245917454679
0.49210734863682237
0.49552892696173662
0.48943838822003999
0.48737118369342075
0.49758229255262731
0.50838661683304187
0.51057241993991143
0.51376350824163919
0.5061918954354907
0.49943767658030047
0.49722554553257503
0.47799968476711358
0.2257949079018414
0.25276978196496169
0.4602299000482839
0.50041038645805491
0.50323341039550973
0.50576871712845473
0.50111445799396426
0.48558132719200758
0.49589345213472685
0.50405582675983962
0.49648169352753885
0.49391782286173191
0.50997965389177258
0.50788327679703049
0.4941344258888955
0.49103928308519817
0.50488557521981592
0.50356189126633322
0.49273183281420146
0.49283682206084789
0.49746115633778221
0.49090707245329746
0.48023487362990053
0.48800604789842467
0.49886180550944209
0.49891455944977176
0.5006821726163716
0.51208252479243355
0.51154920957157934
0.50317328336465283
0.50228944941980469
0.4778824775921377
0.25356145517949275
0.24555814191333528
0.46281032574906139
0.49380770999389639
0.48936467429391028
0.50621407357754344
0.49990406460284209
0.48788502378784371
0.5088502861976788
0.51678969794508023
0.50661643693859271
0.50308612746350856
0.50741213670015484
0.50585840091628698
0.4956471778089685
0.48897279069083077
0.49525215907192754
0.49326940352504334
0.49156629950251346
0.50272739779805464
0.50534380649692179
0.49244916400994432
0.47869314765840781
0.49148039449463665
0.49934640318472717
0.49245557546791707
0.48946274407933898
0.49384805482274957
0.49585045289555058
0.49856793339217459
0.49875065430068916
0.48321160812535013
0.23664389981801845
0.23401483691226424
0.47491728688486534
0.49015382898288329
0.48376152158338792
0.49337464963843719
0.49328505590900412
0.49181227433809255
0.50879836713138926
0.51347575545788371
0.50411872692588411
0.49909151168418936
0.49634185365237793
0.49690626470894395
0.49895783308710306
0.48938275646964252
0.48901225070976861
0.49273861824857956
0.49259653071158643
0.50062457741182176
0.50128934640036815
0.49666282795914873
0.4856454317118778
0.49131381902332499
0.49643777519938509
0.49396845582727977
0.48780039472552217
0.48489181490171407
0.48686962617627061
0.49077031339511201
0.495384273466137
0.49062875459499256
0.25007925852380597
0.20535387470191779
0.47111614695466292
0.48814241059287777
0.48740187906633647
0.49460425834770749
0.49637596357370584
0.49272119290669353
0.49956770293676867
0.50196244927484457
0.49411018091848669
0.49163557939570018
0.49738435035272455
0.49951665175170118
0.50094538044186232
0.4990176040267495
0.49921311360635945
0.49626795468210838
0.49789123122226475
0.5010433960241153
0.4954941151803976
0.49813503407933934
0.49034798423334236
0.49074015437341129
0.49263613386728433
0.49210865786380686
0.48291546483066611
0.4822792283433342
0.48925068943448008
0.48571580884193971
0.48553102686856586
0.47749761218221015
0.20204476395656096
0.21883359290275664
0.45968780863516245
0.49068773876939858
0.49348787241771297
0.49777724347258606
0.49728619838267124
0.49778474241127596
0.49877180600827958
0.49468849213779592
0.49124317559707464
0.5004052411984673
0.50723556361605626
0.5004844390391906
0.49738456443574947
0.5035331182449676
0.50824581730649188
0.49821461769895942
0.50315962355218147
0.50603615887963604
0.49733754240022732
0.5014992999480683
0.49131522098842501
0.49134225985914748
0.49054060797773741
0.48805483712070735
0.48645857070834914
0.48957832805323348
0.49830680158370561
0.49940237618469863
0.49922723481846631
0.48099625783162248
0.21358876569047869
0.23174945155092244
0.45459082875009971
0.49769085358270665
0.5014680835713089
0.4981776818228012
0.49220963008202612
0.49766345576543769
0.49444912650923162
0.48839046352737653
0.49902580241434458
0.50845326456282436
0.50827440338038699
0.49893543515287098
0.49496953876152078
0.49910406719417105
0.5079204507097137
0.49984963339907107
0.50468924589972974
0.50707094013135567
0.50279054710715732
0.50718738985888578
0.48948859826614288
0.4825740629359247
0.48647008635405192
0.4849331505417781
0.48884240559558417
0.49230021520353923
0.49972964183030394
0.50292674452368658
0.50474267501573444
0.48355111506308646
0.19853011631527864
0.20125806557460962
0.45253972690741678
0.49665378463835513
0.50239447468326803
0.49976671659972116
0.50067829668171526
0.50328803716578607
0.48771333013064561
0.48352329682340345
0.50066490582261092
0.50854846835591094
0.51823305937689446
0.51551433329283547
0.51503394282795645
0.50540508541676443
0.49728915421006187
0.48972281932979023
0.49602751853531318
0.50432167358287627
0.50862650847518498
0.51147636438002031
0.49518571249980925
0.48890884577618671
0.49617783629239087
0.48853550387606992
0.48455980564524981
0.49184440478904867
0.50542581166634992
0.50066423597080845
0.49461583213847621
0.47796344150209796
0.21273078549331884
0.2373541309068346
0.46121668009824052
0.4983661353738576
0.50195250987723816
0.50041153904758828
0.49218878429387797
0.49288764537847646
0.48998916716027596
0.48638137838429707
0.49862410693716486
0.50906543420289119
0.52112359426670063
0.51380378831736129
0.51016089015713972
0.4985637894329924
0.48557519056113324
0.48391595531543669
0.494176191444885
0.49831802804704683
0.49391486857509825
0.49632039434138203
0.49796859945848093
0.49800315081415258
0.50684109673979538
0.500268270146071
0.49161148101227925
0.49554066048430206
0.50176125008384365
0.49690409772720595
0.49065912024668151
0.48032036216949991
0.18627415917605558
0.22667437479788513
0.47582191042151212
0.49965223669410241
0.49362062920148836
0.49510776475223561
0.48658587194016717
0.48913291040724416
0.50053263235282563
0.49845426055995679
0.50141376236480584
0.51100588748387155
0.51330515173876534
0.50497500428603836
0.5002989463498968
0.50227819455064027
0.49265822050301661
0.49056271230922033
0.49663531561994212
0.49194537631312107
0.48788443898889966
0.4950905340860442
0.49717090473355369
0.49146197632149663
0.49484947067871193
0.49359598885189698
0.49040378333967877
0.49440316025209907
0.49321241551280903
0.49254196508708781
0.49771682106647608
0.49412149441534997
0.22569325455581579
0.24630298698534703
0.48211636894454485
0.50579034091072672
0.49488232854979175
0.49427440532175843
0.49028449536507751
0.49568533593538477
0.5074374632983305
0.50875299924996131
0.50938666873764027
0.52163242618348005
0.51120325591137317
0.50381590782419228
0.50165567107934117
0.50757347207268722
0.49974509559400232
0.49827257908625761
0.49786808859598902
0.49423722152605182
0.49961135625091457
0.50070267840291671
0.49878140454304698
0.4927649262924661
0.49311634775176738
0.49004891273644247
0.48750283480373013
0.4872359178371396
0.49143594691049791
0.49698304742189175
0.49855398167210041
0.48428802380310232
0.25884579245809469
0.20301959070940823
0.46734589224337048
0.50221656009520077
0.50089130586678077
0.49993341297453042
0.49585037064232029
0.50000206049826534
0.50945904304513479
0.51272533729191894
0.51041459325416427
0.51654403317256059
0.50884822562443432
0.51122529022134022
0.51157076850915495
0.50936273180005853
0.50084454066269968
0.50419845201919822
0.5005182936724456
0.49366700718919321
0.4971918507150645
0.50647381738545805
0.51366811526597489
0.5102786832590489
0.50192544882631529
0.49368870504010709
0.4905652168710079
0.48448635724672362
0.48540563570286621
0.49943094601208288
0.49553706586488616
0.47312632119845377
0.22531547259435741
0.21297676322056452
0.45970766206495972
0.48504055855469341
0.49002384980866709
0.50392805889985404
0.50264262396352288
0.49883326637221731
0.50218441714451845
0.50543450388695199
0.50560428427891246
0.50654311281097364
0.50529118343284185
0.50670957225524793
0.50307768778927164
0.50158616903617181
0.50343875695865181
0.50657466421187525
0.49940279340159549
0.48191321205532084
0.48512543930012636
0.50126331323586371
0.51130623196955272
0.51359072368449166
0.50533106108798287
0.50045453762486591
0.50122195383232837
0.49781992016909188
0.49357885648881078
0.50148930670077241
0.50531962804425146
0.47516935371488317
0.23009442079330417
0.20388667950312842
0.46117939676417796
0.48122820619062695
0.48055598920255621
0.50232126866058857
0.50817990540740854
0.49726459056026256
0.49165773955230846
0.4953159713260224
0.49883704264493633
0.5039171299902081
0.50016303298060127
0.49734175597229335
0.48847918702301485
0.49180547516056644
0.49933960400603639
0.50424557254242075
0.49689536729056422
0.47793696673433095
0.47502621630710107
0.48987396222239438
0.50674749383750872
0.51534585118777654
0.51288471937786673
0.50937064677658128
0.50361373219039074
0.50456656749024642
0.50694103163265603
0.50723599072186876
0.51166425351957234
0.49071549964030292
0.25004008911154824
0.19862594349481655
0.47159421349623609
0.49310538931394621
0.48218143993583451
0.50078325130929313
0.50597947593487258
0.49661902126194374
0.49043497319477247
0.48512417397828994
0.48659982827348386
0.49726413868695085
0.49840086239304321
0.49215371693367715
0.48850333085722014
0.49878820393812312
0.50423515242672046
0.50845611459964768
0.50218553631777108
0.48618408337629526
0.47606168391963882
0.49218422766074482
0.50362279717178238
0.50881410688603912
0.51184847973589032
0.50501778789784812
0.49085618089077704
0.49619185458177545
0.50687349510216317
0.50055922080331894
0.50270171577746514
0.485632715262026
0.22811709666655544
0.18786133860387816
0.46981952948959349
0.49761455820705552
0.49678002357209416
0.50798780729869242
0.50494892396364455
0.49885376665379394
0.49672410165633507
0.49307931105271802
0.48979681513773415
0.49497936903267264
0.4984920288272639
0.48464793951057467
0.49009065086745884
0.50738056063711368
0.51369017830360686
0.50995568454704698
0.5048002122761428
0.49946900504850089
0.49070882777818869
0.49967168155958336
0.49237369977651574
0.48992143649677189
0.49771598169193121
0.49371183894439019
0.47952692063362423
0.4839084775149497
0.49188137895783113
0.48986629915594354
0.49485160485784629
0.48478271865991812
0.19471195974450808
0.22019635894322445
0.47617253086985872
0.4955318970387052
0.50069859037225528
0.50779927789415591
0.5051843398954452
0.50079479279764072
0.50255197067055712
0.50171029842112391
0.49842163149839197
0.49987986377789434
0.50012014906397695
0.48871671192965466
0.49344271087278141
0.50813511027226721
0.51600304115275608
0.51205702974183742
0.5060732777946656
0.49735116524933976
0.48835435063270782
0.49589401593379057
0.49489732661959673
0.49139701240134309
0.48918237267752507
0.4818245591497321
0.47558122038230943
0.48223310480760045
0.48722562314838969
0.48999234121159513
0.49810543206024849
0.48564545124128011
0.19959665490410239
0.22477886069003097
0.46105040325762692
0.49400181200517113
0.50491385033047331
0.50592284156174383
0.50687809521988914
0.50322548575885995
0.50544185167901468
0.50103229700675433
0.4995077394184837
0.50134617485808108
0.49684807315606905
0.49478466005322563
0.50025494700619755
0.51097914008226863
0.51584425211196938
0.51522666179636323
0.50257445357598352
0.49063139759890945
0.48919940179237714
0.49654315384941888
0.50619023973158817
0.50831712602111445
0.50017799829015375
0.48748272904922796
0.48793369017964972
0.49200870713262751
0.49112070956008114
0.496815805935586
0.50324776515822134
0.49155962776382323
0.24573698908802691
0.24544375559277762
0.45789515263359326
0.49515259927514471
0.50729450876029558
0.50895970989251893
0.5082985556742875
0.50550387540311881
0.50294069474200442
0.50388911027339822
0.50597505047099856
0.50261053225239438
0.49373517353922008
0.49486551101565646
0.49802398921886082
0.50412756204475417
0.51188245392847609
0.51400946618413712
0.5011188281906398
0.49133170287525679
0.49000724907413756
0.49756927784994448
0.507401588211701
0.50887066777247014
0.50840250306117929
0.49985594177847731
0.49851839623774175
0.50299405164606048
0.49846667482449092
0.49400242851992382
0.49548183903249882
0.48484965142746089
0.21678621282019006
0.22410004665198988
0.46308587290108261
0.50006808032177763
0.50394194457107211
0.51115429362036202
0.51536255679525889
0.51135788957968142
0.50736072250776931
0.50996445537005208
0.51045371961365238
0.50510115241231845
0.49363122057306513
0.49916960609867406
0.49797900175107329
0.49841465336440433
0.50478337463708489
0.50727871240957711
0.49852131566355495
0.49011043815129607
0.48382966420025086
0.48968683669292934
0.50603987079831059
0.51204625436604201
0.51355319442842939
0.4989210908948809
0.49951214347087369
0.50421463272494083
0.50002436287591645
0.49705211844009911
0.49705396034213878
0.48571494404630783
0.19059854455481151
0.22811533318249724
0.46436326262304445
0.49705936139107226
0.49485885305673732
0.50388339638653701
0.51398565422769749
0.50882940704056623
0.50382228432472598
0.50302650047672104
0.50367275937317135
0.50575298263705304
0.49170860233055441
0.50581327264313924
0.50508641747218508
0.4990746532496676
0.50476302928725925
0.50748177517373694
0.50152214152695307
0.49166865570174789
0.4937595803493392
0.49759484858233383
0.50647770619429799
0.51280893717833109
0.50942565205131185
0.4959292710825054
0.49973507443293103
0.51006459630649037
0.50846047193041588
0.50408179522377372
0.50307829283839767
0.48200759005550414
0.19940907088306506
0.19308286080482856
0.45105525641964567
0.4907491249548544
0.49608151315256943
0.49837678164956062
0.50251602081832203
0.49712404155983608
0.49540142868775483
0.49326525221396433
0.49744386033514965
0.50128578698358495
0.49156021418160856
0.50524970393365942
0.50939876610358281
0.50042693106786107
0.49878482654137873
0.50269185816374107
0.50566265122026732
0.49724836056711563
0.5007590824096948
0.50347441852489183
0.5044882404138753
0.50049857179810975
0.49436273421189009
0.4817679585379363
0.48606450866759232
0.50633910670115745
0.51182229404517465
0.50368108098650743
0.50044369144952683
0.48704762973926935
0.23706503251127489
0.20411949977989929
0.44907506585540524
0.4892571406917377
0.49756944738476211
0.49559267165486304
0.49406857284833017
0.48614453614328423
0.48908967465281622
0.49675164305097869
0.50274380299291965
0.50340749483236669
0.49612701750557447
0.49821922614234482
0.50374154317383046
0.50431314619590573
0.49839459660078217
0.49453081838177937
0.49469085305043142
0.49463601425105574
0.4993879867292903
0.50355850842345184
0.49917355945868014
0.49208287627305264
0.48895328028807716
0.48169651131670616
0.48367208956898688
0.50108753826514407
0.5018143146469175
0.49448700778407362
0.49733878403940857
0.48350276872893055
0.21652961156578718
0.26623174279705808
0.46111149756574854
0.49231057956893487
0.49943293073340961
0.49881111587676241
0.4919826159340453
0.48944752073474557
0.49323329937608512
0.50213582805451129
0.50255962940535115
0.50021804030483807
0.49450671419600689
0.49212255706334701
0.50332228102829735
0.51287023886995398
0.51098725230331465
0.50328082128948071
0.49276061250250597
0.49727755077187852
0.50311358398044093
0.50688569757283353
0.50182581149295058
0.49432127821469907
0.4885681757154352
0.48873790729722577
0.49407568086571702
0.49798251159957174
0.48843323289866564
0.48062891569959854
0.49031844482173959
0.4857594113856758
0.30776552397999646
0.25317375252575414
0.46882113172460654
0.50054521234477056
0.50980621772631241
0.50526987570191262
0.49722892249803669
0.4986884474696931
0.50750627131758996
0.51003503766979941
0.50545414913292419
0.50034495371854915
0.496324297836366
0.49568120531892929
0.49832707009535498
0.51261322208437499
0.52139519343918284
0.51391438345213036
0.49638921604468267
0.49476578070705285
0.50054438012252911
0.50323565408193649
0.49380074029912402
0.48737430270538445
0.48827628610571244
0.49710700849392825
0.49815233389255259
0.49624299761347601
0.48982731787476563
0.49351803768414765
0.50496544339771421
0.49250257234008277
0.21822481009063796
0.23160066861737888
0.4611636198362748
0.49676262112560876
0.50130922130354671
0.49673331676458193
0.49715639160437414
0.50681244215084897
0.5124190314587983
0.5163950156480166
0.51188863675499041
0.5056788785030506
0.50234552312300795
0.50398412334696552
0.50301773003606776
0.50617810544476161
0.51433247526095527
0.51486926190968552
0.49563931659710497
0.49556698608655447
0.50059113541151212
0.5049952662006294
0.49480426701180785
0.48709875017297077
0.49183325541986628
0.51117146226236809
0.50809792645075558
0.49424666446837795
0.48403719929934186
0.49274571330214162
0.50797907685583066
0.49395674616212115
0.23515280625896842
0.21931131071448096
0.45505938694941833
0.49310434286021154
0.49434640679685682
0.49270241411222071
0.50024565858407655
0.5045993471191309
0.5025467755786025
0.51062828039809172
0.50757582977211702
0.49936706383441853
0.49216086175046969
0.49546646291614371
0.50470755860926864
0.50335628586945191
0.50243357222647145
0.50669055363251325
0.49616667886195492
0.4961648985679582
0.49849211080958628
0.5015113419555266
0.50566518281170203
0.49719607526073778
0.49716536638888531
0.51266791969004877
0.50496134421244498
0.49148014976487664
0.48500983414297455
0.48986187316416768
0.50116768061285233
0.48684413381475156
0.22984653206133435
0.22739012903890549
0.43863280694874462
0.47228655472065623
0.47037263801304935
0.47898661925385394
0.48659311265207794
0.48647587118581759
0.48327514486429102
0.48395311110323963
0.47321733694330181
0.47044208217749195
0.46769047138478914
0.47513412002804906
0.48692545010587118
0.49288885947378264
0.49063324321781127
0.48142855650952859
0.48188599181599784
0.48490356274682761
0.48118682776257987
0.49225857227068881
0.49754061087924112
0.48984874542246709
0.49288253729503056
0.49688628913556027
0.47839844148836647
0.47969778981767047
0.47643793023036068
0.48460981013540777
0.48692911880103446
0.46678750348046028
0.18933831395344372
0.086916386514588315
0.18551396702898498
0.20867821989410787
0.19460629491436271
0.19264568213628658
0.20518859601773978
0.20447669258267978
0.20492953040764561
0.20724838528623665
0.1754940296826995
0.19132763490542315
0.21320248239583525
0.22027231753901347
0.21739430710585733
0.21353219072048468
0.23755451152001905
0.20911071599711939
0.20444053423089245
0.23981095023301638
0.21653309479639271
0.21809902800353578
0.21218463608105598
0.21650134991493966
0.24464320417565119
0.21141575763159592
0.25034822733203654
0.20559916159492608
0.24288078748875153
0.21413127720487873
0.19197675707786216
0.18676782755550517
0.11808268250355329
0.1081289420422725
0.18853983811422195
0.19951744427249737
0.18794813687406201
0.2097804447781583
0.24883116028273231
0.24870112227982602
0.20820656698960521
0.21752524106017981
0.21377122911050864
0.21967947471180085
0.20364927613604775
0.21010134853955875
0.20885486456961538
0.20111741885034778
0.20508368160864274
0.21650489104809201
0.22740545957763109
0.20559343459750787
0.21048339072059014
0.23095948399776625
0.20198572073889626
0.22002599157589342
0.19602902548744572
0.20869817731254967
0.21372660235253188
0.22035162955368098
0.22664715464166157
0.20251892169762623
0.21787616320121014
0.19467503422149171
0.073122122259181646
0.19750417786874849
0.43269181278592705
0.46260783821173845
0.45705830474725284
0.46352070767661924
0.47024157586097309
0.45996365331483213
0.46383284822419546
0.46562674820428052
0.4719597081355914
0.45761897354291281
0.45973402464444268
0.44820487496909855
0.45624660371019221
0.45571117364296065
0.45951958767634082
0.46720203210312822
0.47048634496072422
0.4582878244385204
0.46326186380398504
0.47188615177113297
0.4616622450783251
0.45569671621196606
0.45921890022658501
0.46599131848071185
0.46577258313890979
0.46240407337823242
0.46055488588446092
0.45953895966540814
0.45918540224996657
0.4335625992851061
0.18070487986615175
0.22167063233028891
0.46814786303460937
0.50295285048050742
0.50232381052100938
0.50058923811241918
0.50265349994150288
0.49594272589611677
0.49221283976937441
0.49173717723399241
0.49678429048915168
0.49096164780176516
0.48110881696501356
0.48150354951946961
0.47987203821319419
0.48224427095638295
0.49647512362755908
0.50366332432388139
0.50096650027099465
0.4964845394561706
0.49894676449122449
0.50238363761816562
0.50011842677902552
0.48996800870854229
0.48918360736743099
0.49700889603952758
0.49947075863771978
0.49647137263386576
0.49529967745316594
0.50254862812305157
0.4963302930633855
0.47203449257262625
0.22009079206485785
0.24512735943256883
0.46652296697289763
0.50834542064624011
0.51324584272493079
0.50678778553344472
0.50016182305483925
0.49612241563476644
0.49673308668924693
0.49366325426681834
0.49407460587820323
0.49538371094511147
0.49572160014995775
0.49013566845974432
0.47994149327352187
0.48378899467680964
0.50076900550120718
0.50393135013178181
0.49487130849961547
0.49440389431231163
0.49763340720537053
0.50139054268728311
0.51175177019968865
0.50479553408932709
0.50430200728168917
0.49947963359609476
0.50145843834751902
0.5087195825104498
0.50308008633810597
0.50093103880118661
0.50625235445918615
0.48536037999538445
0.20145383606300546
0.21169942248271134
0.46031609206336943
0.50386770441958029
0.51043728233208951
0.50502816735209877
0.49754451316238985
0.49297584278055762
0.50072029011737307
0.5014478063050366
0.49767391373728698
0.49888146847784764
0.50512337344126268
0.50557022828598008
0.49854470749079921
0.49247041733628438
0.50052424664020956
0.49505540122821229
0.48924953700299595
0.49472745881897268
0.4988815314377103
0.49814546292496459
0.4991987898052696
0.49791220553773025
0.49666091251535704
0.49021159594591029
0.49338777610084222
0.50614232580620699
0.50744825360682921
0.50390650019706518
0.51125541500559424
0.48589024349010523
0.20236949749373515
0.21200634459716944
0.46592350157357326
0.50177622072846761
0.49797880860140037
0.50383328082056689
0.49744383199580289
0.49266966519840549
0.50309417453231575
0.50936166769477531
0.5037201145463831
0.5047104059392743
0.50572949045713622
0.51188202299468966
0.50566473677261059
0.48986319298271885
0.49212565540724462
0.48553930765720077
0.48132779886212002
0.49282498695606103
0.49925402982532974
0.49714213946062102
0.49236521554932267
0.48901322384213253
0.4894837969549985
0.48587571210209657
0.48377746004187472
0.48642891759910351
0.49576116334502868
0.50309637246412675
0.5090921126076533
0.50114257002157925
0.22936011010398946
0.21088931899523292
0.47210529328341655
0.49271598381514237
0.48820086656646405
0.49402361898745506
0.49475873362493428
0.49369064923584133
0.50297977905019808
0.50371432741050948
0.49753125594339992
0.49499761056057734
0.49347738508810285
0.50036227501337693
0.5050040484078504
0.49286956168760443
0.49459396641734299
0.48729869548545779
0.48045331468622865
0.48746653109360305
0.49225355726030623
0.50262002336338885
0.49845314601690532
0.49114905149027693
0.49088203907434169
0.49234781296926194
0.48899585884977631
0.48675123899205913
0.4938046597900061
0.49756859864607966
0.49884771423946928
0.4939821011416422
0.25396870508308528
0.23856388625059013
0.45750502597613341
0.47899029616616007
0.48681293501112904
0.49851487544654338
0.50256904348051967
0.49357638866368453
0.49397529690759723
0.49642566553792861
0.49573530218852657
0.49439005744179493
0.49657058521925157
0.49831831931355181
0.50028967197738794
0.5036271111502223
0.50300460050650897
0.49615164666517847
0.49666290346305714
0.49533978362757636
0.49598283505570362
0.51202775742128392
0.50650813249866089
0.4973925854038001
0.49650850737991481
0.49831864572089501
0.49085925552397791
0.48975608023354211
0.49106728792418869
0.49164533490753037
0.49031540798055823
0.48020789843902562
0.22664461308946635
0.22964964666890508
0.45352064376647833
0.48308152981169489
0.49126296605209768
0.50316429767935267
0.50116039476525132
0.49398211892243993
0.49442075030091565
0.49505433823341111
0.4939278076859514
0.49840013904986291
0.50676911505915123
0.49789762830262813
0.48714309942996875
0.49829437001127169
0.50840205207776179
0.50171383986370277
0.49729011969211206
0.50006714297715127
0.5047026466819674
0.52155009979836142
0.50597981644840462
0.50007963834048208
0.49541734967451295
0.49338233863729836
0.49370553653706484
0.49449466093728717
0.49526600433058215
0.49954918628508338
0.50112242678923302
0.47604509550337287
0.19862020252483864
0.19641517529227526
0.45749693046864809
0.49732537624351064
0.49903228446368469
0.49746313615176269
0.49166576278473739
0.49652436163848762
0.49587684756591055
0.49415382096393706
0.5016386790297197
0.50691400169456358
0.51239644330479583
0.50384696068376122
0.49417688846102104
0.50062843077151231
0.50850571989431825
0.49734605417326316
0.49362933248989721
0.50001976508649038
0.50554542751602216
0.51685462330264853
0.50213581852287281
0.499062669718352
0.49507207026902128
0.49384064427498536
0.49473554404607539
0.49380549119314199
0.49990789214698461
0.50459757512955727
0.50893957971931714
0.4907997183486737
0.19898786857784445
0.22898245399836933
0.45791016597157969
0.49835677968161107
0.4974688702716894
0.49623546596080148
0.49992891223210106
0.50168719009639773
0.49781720050235417
0.49964149117417089
0.5126947604867883
0.5194456006835525
0.52426805067603088
0.51947933765043919
0.51637919373104979
0.51335574870310818
0.5031721422239126
0.49140313689204917
0.49369520195984978
0.50211242700987646
0.50961784730005866
0.51389202227086195
0.50201725286927323
0.498733991651229
0.50193017946969143
0.49814827563719316
0.48899306329639447
0.4867125854635424
0.49870746619339518
0.49703070940160332
0.50343693696115688
0.49117692799982016
0.21280122067759075
0.2338103219396086
0.4614034997463492
0.49702933374336822
0.50427833649685383
0.5037048331518027
0.49279143830061478
0.49476422341066212
0.50043306772268537
0.49889653138595025
0.51138724414157066
0.50897604488124193
0.51539755515327756
0.5159859477788401
0.50999678188459041
0.50609113827975505
0.49370545306381736
0.48914290636462687
0.48998345246950875
0.49977640238215254
0.50410455220259809
0.50358254217089804
0.50186362739696477
0.50077369247644055
0.50533143787403834
0.51053252736367194
0.50431534340745421
0.50118769581975464
0.50264355258470117
0.49354324971815311
0.49545686413234086
0.49196657150438816
0.21996987152303196
0.20839638608681521
0.47501069206959212
0.50117966692744176
0.50017634662183275
0.50202027672751814
0.48892185396036836
0.49081963160035097
0.49853562702517845
0.48886717727421852
0.49573918890916868
0.50135728009356006
0.50378290854073049
0.50678154977283751
0.50115008589114363
0.5032142562362415
0.49665584431157073
0.49401351221891904
0.49221205627083181
0.49256876042326025
0.49371904066078054
0.49681609389080539
0.49521557778974068
0.48800743730373913
0.49252018428341432
0.50271925358117753
0.50579104721524404
0.50656678969336932
0.49873597429895866
0.49307070980720386
0.50027689513502593
0.49211076352920963
0.22282421907195926
0.23171937751666702
0.47720106791384054
0.50695872228526018
0.50161974704559631
0.50108002264391172
0.49494249148878666
0.49546205014874201
0.50048210030578477
0.49557529836025704
0.49768766902660655
0.50960317855404447
0.50430065648576172
0.50769874002212179
0.50701334944431276
0.51306935972185785
0.50453659893304303
0.50047326598093
0.49756016587559504
0.4985894272935939
0.50517748314770805
0.50289629540852032
0.48579001996708815
0.48056776639071858
0.48848500384779164
0.50002053890415299
0.50087069740507928
0.4973824299754504
0.49309376487990858
0.49282639090593089
0.49603376016637712
0.48014937904541921
0.24789519110143085
0.20777130032141533
0.46656465606941744
0.49742457123760608
0.50090746905864292
0.49934165115167206
0.49068558340197471
0.49306507306066705
0.50435126361858862
0.50606338110697635
0.5011739378579414
0.50398338739862236
0.50295979547385739
0.51506828249760861
0.52098233386722448
0.52173051672362358
0.51202643964751304
0.50493113868789419
0.49623782992139415
0.49378323790094142
0.50632839716153755
0.50958007499033497
0.4952157765453537
0.49230839522290148
0.49614094288137989
0.49983328165871255
0.50091947119703317
0.49119680304876095
0.48966234779584572
0.4985369785465093
0.495042946888684
0.47073658043538064
0.23469942820288556
0.20407821769486351
0.44988272211468372
0.48380683590802348
0.49008190217794412
0.50075852833165457
0.49685341290656804
0.49126750547384795
0.49762507011092272
0.50099414324342095
0.49936354788411347
0.49858230959772365
0.50211453163806952
0.51321384127681324
0.5176349327415336
0.51207680540187883
0.50530597066938177
0.50387545861991745
0.49394277082971089
0.4846854768398296
0.49599793677803627
0.50366583556581701
0.49996693109193402
0.50463766663476928
0.5052325899282526
0.50546240562797262
0.50592743181180333
0.4969060153020799
0.49585441972085126
0.50347236458495115
0.50672980513989474
0.48265950821486991
0.20603514244221402
0.20667259749924585
0.45539980749348885
0.48453590271435382
0.48409823326776602
0.500910290253336
0.50440276792023442
0.49379709564944579
0.49594032719647502
0.50005459576883671
0.50131182869227109
0.50051998512174012
0.50104435837886752
0.50401208483758453
0.50087237296565057
0.49566662337788464
0.4968268147892751
0.49881070031353664
0.49587967070362238
0.48507505685857433
0.48438897791165569
0.48847525159091965
0.49661915482042474
0.50796166887454686
0.51474635286756465
0.51346198127222431
0.50700014474998523
0.50045448855194874
0.50285338068876639
0.50439239766682209
0.51770185647902922
0.49884157898737541
0.20063563543382457
0.21889186642934774
0.46931330711820907
0.49688305459996196
0.48630192600600697
0.49783954066265884
0.50315739644243895
0.49711168316058668
0.49657557428480448
0.49397526404137937
0.49371093890747281
0.49557131663293652
0.49664718521052986
0.50054103279864781
0.49875774128888395
0.49641775739145838
0.50125140842717708
0.50697397032568281
0.5071202320132645
0.4891847151493931
0.47874339542576388
0.48649892477420553
0.49993686246226798
0.50751666621829139
0.51697036650221595
0.5117002042442973
0.49265765814948675
0.49297697317326122
0.5020508937379653
0.49852445080973473
0.50591852859337338
0.49106863201424822
0.23417226689201376
0.21405633016957312
0.48313137064768319
0.50379044076472668
0.49508488963188879
0.5042385480974434
0.50615450190643663
0.49973416909967866
0.50009363061710299
0.5023793824856162
0.49208139867134276
0.48633139561058497
0.48947511549807593
0.48874100483219485
0.49331102037622709
0.50007710363807101
0.50594309342830401
0.5086236399133961
0.51351665544547465
0.50149219250769772
0.48681999775899637
0.50083557216204877
0.50839756931507374
0.50483994269893273
0.50374266342832918
0.49882787767932807
0.48052481919030771
0.48287467791183797
0.48962704960455788
0.48786356078512028
0.49420858881079116
0.47688777424206746
0.19891738095073525
0.19690284871401159
0.48409383187758293
0.50209010779232655
0.4936099059799911
0.50314433837231665
0.51359513785620792
0.50323931432725111
0.49833928904190844
0.50629024958097746
0.49955836638099343
0.48908053035105631
0.4923106811867165
0.48891884178611256
0.49154035552815456
0.50051853637429899
0.50647338529719521
0.5048182192581695
0.50248995035625621
0.49131473922177671
0.48221844674604908
0.50271445149075977
0.51176314287432578
0.50892509147163034
0.50105234204078364
0.48877719819601506
0.47487125637913852
0.47699909173809774
0.48296756687286069
0.4871229415702078
0.4977390719599189
0.48325423999274553
0.23894356187090951
0.21318261658229967
0.46303843329485295
0.49860061760219127
0.49713726020955523
0.5027006718252508
0.51147198278836303
0.50147974230290338
0.4958936814449792
0.50184479230006496
0.50009003210188674
0.50010910329377167
0.50391945798308613
0.50060023168777767
0.49760151164100269
0.50387288796479568
0.51188044544167299
0.50852906953082677
0.49376438709708725
0.48356588639488818
0.48889381239118201
0.49892607744024592
0.50939305223695674
0.5103757009992187
0.5042139557209051
0.49278124089205622
0.48107977282663722
0.4759152737787164
0.48317457476487014
0.49348602112875295
0.50276674558217338
0.49063973352468127
0.22733574295079328
0.21436306204997368
0.45340706314364809
0.49398762575405697
0.50604343563029541
0.50223248438675128
0.50083794522728808
0.49949485469855021
0.49695092795370077
0.50092773358537046
0.50646786773479946
0.50890176522409591
0.49765059642738591
0.49678661929554785
0.49785020309931788
0.49798793406078434
0.4994631111096427
0.50362897265227513
0.50106653610099572
0.49462465410059114
0.49684027163910688
0.49547367556419947
0.49825908886474812
0.49865471265524075
0.49705163481648235
0.48411761179406021
0.48195068245768913
0.49029532710939466
0.50282492885136743
0.50192823518508001
0.49862178931058648
0.48974103972788913
0.218128893726069
0.2042953388449773
0.45514602544325267
0.50082720431368277
0.50658397607306493
0.50525893946344347
0.5085550288037326
0.50944967925737805
0.50566826483247729
0.50714266399097752
0.50981515209503003
0.50695868704946001
0.49511538579003556
0.49903418019524848
0.4979901653045023
0.49088522572583282
0.49177585698726811
0.49599668579727296
0.49594384546225706
0.49246232076927837
0.4928948387052251
0.49375623899573917
0.49883413152142614
0.49664031942881776
0.49015323272713673
0.48880502838066492
0.49309277852383765
0.4989590327053337
0.50234132049509872
0.49818100976850116
0.49607544113961222
0.48114168465599033
0.1995125194284251
0.21464275853252321
0.46448128499168967
0.49461199701560654
0.49735352568818053
0.50600755813644716
0.50873496733265677
0.50252036427190794
0.49942337415059124
0.49924080445218616
0.50027714271483126
0.50108940361038667
0.49039431328226279
0.5011922042507444
0.50403877282339682
0.49263412633861736
0.49788190600025617
0.5041781570176993
0.4976184770932745
0.49075397752077488
0.49603628289139112
0.50328717062346717
0.50328965224002642
0.49834631816316222
0.48892471303455509
0.4966732527599711
0.5044816114967533
0.50996432405949543
0.50608182403918578
0.49907267674625877
0.50281492980764531
0.48139233704159162
0.19684781098357881
0.20861973302389955
0.45772047470233551
0.48512587112195121
0.49315196590113203
0.50609161909904565
0.50687701737752089
0.49869741707030468
0.49625299810416806
0.4963759300501232
0.49588923994741346
0.49761410896665964
0.49291062552640791
0.50282450695196423
0.51495639757854328
0.50636161473141073
0.5049837927680253
0.50504684022892354
0.50338009169305742
0.49410870625191317
0.49562769653430827
0.50157770635010257
0.49421327662765818
0.49285628550582239
0.49292395096684422
0.49282532771576187
0.49255476740612236
0.50715304908040881
0.50883007576011352
0.50152259511370689
0.50179153101971374
0.48154021762300203
0.1779271487135051
0.24669781722400558
0.4535800466244807
0.48844876605934229
0.49163141198758431
0.50122462244821631
0.50136897529409175
0.49299177995147003
0.49198134654773495
0.49475329576902122
0.50093037869832702
0.50942410664695748
0.49827080648072181
0.49688429856384114
0.50944912197225167
0.50836201389337754
0.50643533930484164
0.50489133706391376
0.50097394886677726
0.49460267340555203
0.495701099184365
0.49812869756952854
0.48120391328104961
0.48429690416889432
0.49456811972511611
0.4863754911110903
0.48155816065164875
0.49459941458905698
0.49935775146876749
0.49359728929213204
0.49870254850216061
0.48321901347326623
0.22490213495796049
0.24007337296526118
0.46791411496304092
0.50393073125667232
0.50020003398332413
0.50054680687596198
0.50035653344310327
0.49792773788635414
0.49874179609094083
0.4948685035898987
0.49677944962011283
0.51278033269936396
0.49791541668999728
0.48856396603302088
0.4967012105587616
0.4999257846093953
0.50348945612117346
0.49902228562758821
0.4929508912233676
0.49214353277899248
0.49897032311588896
0.49645520508654667
0.48010238869959765
0.48038681305573738
0.48558341583015918
0.48604241502988021
0.48837699159955661
0.4971433594981205
0.49439102679824748
0.48471814167485222
0.49078852593425704
0.48536705213927667
0.24922248425921936
0.23108696190957723
0.47964703817372717
0.5178841194895375
0.50861790163842868
0.50222251348348601
0.50403934041655218
0.51391985063229351
0.51725274909278451
0.50622584471151455
0.49865722559667952
0.5053303216381515
0.50091315466467501
0.49130168050588691
0.48143787669176297
0.48910100645135096
0.50604525783396059
0.50250299829979683
0.48738645649546147
0.4907214148144356
0.50208811195665115
0.49399370126394532
0.47857397039037247
0.48104780335821656
0.48726191959717352
0.49362418544075226
0.49619661969619727
0.49373685449722188
0.48837290713652548
0.49048977691618534
0.49965813243678264
0.49334595832618328
0.23958631790955179
0.2701753362930126
0.47225787397253571
0.51180216184263361
0.50563913440597608
0.50327673695681863
0.50688095974309577
0.50847477275689201
0.50973968742922482
0.51292132078055364
0.50446169252818107
0.49969713295904766
0.50277544355178627
0.49871207913115828
0.48737635017076181
0.48790695083318242
0.5018513577977568
0.50650167969054061
0.4931520498083854
0.49735108561241542
0.50620387628448837
0.49633854786053005
0.4839521881606122
0.48713496522652994
0.49557378732593166
0.51118828802637228
0.50774166201987248
0.49547329340985119
0.4893593101329054
0.49206421879552814
0.50209200538551557
0.48575991156326487
0.21975641379748342
0.26873137280200149
0.4580766622774286
0.50366077719315117
0.50195010430451281
0.50331385536384676
0.50655500866680547
0.49976078848410999
0.50053660161817359
0.5096830388863961
0.49729685818865649
0.4875674502748083
0.49542592750149406
0.49176082837608137
0.49038689783468059
0.48967947509889803
0.48883943587570927
0.50174703169779067
0.50240891158847423
0.50649139885563144
0.50557858046557802
0.49349715924932347
0.49343034494016752
0.49595750212672046
0.49933203239186225
0.51109121147179681
0.50853663047493258
0.50259517433197909
0.49478385635270744
0.49275415824894458
0.50023468523484049
0.48797521940414607
0.23485566412641601
0.20379344239872726
0.42924255194567768
0.47505214709583748
0.47311527973637968
0.47852537967279724
0.49036080582469233
0.49415042414984722
0.4922556762755636
0.49174765044612606
0.47085256834121669
0.46447208225050929
0.48061367496894214
0.481220777074857
0.48202456450889031
0.48240615408997167
0.47861937417348299
0.48638785381362581
0.49247950012145747
0.48816228598069011
0.48427807002871404
0.47993430444917023
0.48649700874310725
0.48141639724123969
0.48118497173349722
0.48779044906020103
0.48448771567179011
0.48217045083850163
0.47352731380598106
0.47679022131633275
0.47900974617790265
0.47363727290624907
0.20759075420458678
0.083450457637309072
0.16623344163367521
0.22460643795262036
0.20194833069893389
0.21713968052582241
0.26230891887094987
0.2115532342464711
0.22920472172345899
0.21393431891258663
0.21160304779607694
0.19158223815313441
0.21904128695150074
0.22230953922948082
0.21001052725349356
0.23808605628823062
0.22629249009963276
0.2110965898991054
0.20951823003226397
0.2282891951102195
0.21054991307290505
0.21662562310392325
0.19500050124305637
0.23404437806705794
0.20460881864750907
0.21725750241693331
0.18739746430446858
0.20138817444462775
0.21626469410767857
0.24059380879190329
0.20939385953548553
0.21196603735068406
0.13465548536372179
0.097988612749953505
0.19227638981181233
0.19925947212110193
0.21122385425900006
0.2463282211445208
0.20992952847008281
0.20376924797513615
0.22204172371294448
0.23574369353340041
0.21754530272508757
0.21737916341394697
0.18656547243836816
0.21109088850818414
0.22192605363142076
0.19600282273582356
0.18609479990931799
0.19597020660032627
0.21243370529034991
0.21523453970933007
0.21046544706953368
0.22779846332316539
0.20111172671593744
0.2063117896841464
0.17819255979453358
0.22896239590594636
0.21533103870452688
0.23557993396831289
0.2415264849995474
0.2262322311305521
0.23905571350203134
0.18254907633417139
0.083054974973337317
0.19476461696282069
0.42555236003319785
0.4677821846510446
0.46967549505418388
0.4665656034563132
0.46737336346661784
0.46618610450488429
0.46638975130454524
0.46491317054967057
0.45328610966686472
0.46125317401578936
0.45772478433641939
0.46655583215805602
0.46068704974529773
0.45212747724334651
0.45941548202385568
0.4703357895446757
0.46492016636711325
0.45105199201883345
0.46475880811503151
0.4672646049488165
0.45770312220184461
0.45867794030917575
0.46339435279471985
0.46906242052090341
0.46231844942043926
0.4615984476660171
0.46692022479681627
0.47040370539072252
0.45999506335707885
0.43120338060952296
0.2215406255195522
0.21856923680656989
0.46737094977929283
0.50460130804551995
0.50672370956065116
0.50250351248245273
0.50920745393077982
0.50848441346272177
0.50573810829477439
0.49709350475233577
0.4980715139930299
0.49791719355195935
0.48705932007468727
0.49665527371081902
0.49177505819064943
0.48538823448051122
0.49598203190072171
0.5115562953977183
0.50374644966733029
0.49666012661103048
0.50555785797230246
0.50852199048986835
0.50091876108712396
0.49146459801347842
0.4893510671294391
0.49490544336169168
0.49278364042040468
0.49888474447452402
0.5050602344668601
0.50766756173253547
0.49686185213269163
0.47342499580538294
0.22562849449031369
0.23732107305870459
0.47323050626223667
0.5051231114545599
0.51276617990477957
0.5105406351131454
0.50354021682178685
0.50441152434520009
0.5030555048811518
0.49481424508716537
0.49694646901568262
0.49768593466687205
0.48905779240028874
0.49297161596269207
0.48863975667026827
0.48726891399942501
0.49920239045719478
0.50414302801064836
0.49554799564967539
0.50000279983587215
0.51031722191801521
0.51402844536259762
0.51665210919864257
0.50743661713944843
0.49928448477990023
0.48968223086927487
0.49590312941826525
0.51257573990524308
0.51261996404118126
0.50549642794182259
0.49659914319723125
0.47397933043222573
0.22821342100341099
0.22594437726347411
0.46080816188528628
0.50602956586822057
0.51245645945827212
0.50659143154254782
0.49224327514712973
0.49576697909452766
0.50150615158027201
0.50144013689121814
0.50598130831422061
0.50045510917562708
0.49200800891442859
0.49595027578769091
0.49625774336661199
0.49188079954215619
0.50114158762430305
0.49589084517093246
0.48924332353358052
0.49669198840053208
0.50321791963668039
0.50288105537649463
0.51128202750978646
0.50314047191182232
0.49626038925918342
0.48932155577110376
0.49960507510714997
0.51505233521959182
0.51451551082501978
0.50747713078207668
0.5026763432207495
0.48025659669708493
0.19804017321044023
0.19604148373568556
0.47593936077862942
0.50291773484903779
0.49807999717119839
0.50272429852325917
0.49875065003942043
0.49838796412447089
0.50324322321303472
0.51121919533185356
0.51701585417847906
0.5161578571099712
0.50460080088733184
0.50577304089514552
0.50381055563263022
0.49549693123338479
0.5026335348546449
0.49465154668766492
0.48307557026791531
0.48627994299345007
0.49211125749490853
0.50000388508308558
0.50256724777672568
0.49564583313105709
0.49101927505049237
0.49296524352208765
0.49801919589850641
0.49909068108769467
0.50358142940024819
0.51077869832155642
0.50776192076238691
0.49152923663582743
0.21876033248419222
0.2173808688368338
0.47343801978826411
0.50070160839092848
0.49296448010283411
0.50271828844201527
0.50678601975719828
0.50383959878292173
0.50318320165278918
0.50253971533469499
0.51104289277523252
0.51489690086648698
0.50316824847211128
0.50290696332407314
0.50497882740405264
0.50255541165996775
0.50320858744924302
0.4912085335041993
0.47741672832744431
0.47937993311733668
0.48476311534541255
0.50694875330701716
0.50509696872141652
0.49317644198099136
0.49034375787442314
0.49810628349257235
0.50181265262176955
0.49643863230759555
0.50297442994741803
0.50651005992557119
0.50405362914848195
0.48808888449853072
0.20204425584110802
0.20669353172295155
0.45983171614905238
0.49634241344081664
0.5011731279584779
0.51188924002704694
0.51337805783180679
0.50174134202046916
0.49837503263897925
0.49464486776014105
0.50446249970908497
0.50864036528773082
0.50691300005800233
0.50454934302768739
0.50564474354238342
0.5070874972191115
0.50031187152160028
0.49093451882427863
0.4851355477589635
0.4887562233784053
0.49304772944080688
0.51410613685131135
0.50650134878877995
0.49476052739850673
0.49664327568732691
0.50450513674222797
0.50154080638894216
0.50007397132064302
0.50008387415464661
0.5015257842006644
0.49960676349615668
0.47963738425744679
0.20778528914731287
0.23476148480605058
0.45267808676644444
0.49322294464766914
0.50675783600679725
0.5147681654398496
0.50927158874904088
0.50131877983991369
0.50301326446218053
0.50282748301847691
0.49922375862701052
0.49991188082235366
0.51294427169362666
0.50337137718523084
0.49503963696834702
0.50051124224361687
0.50474376276864485
0.49987746951007223
0.48866222803142134
0.4929894494851037
0.50471638394582363
0.52080367228029101
0.50423072730869345
0.49766363916610978
0.49823965954619476
0.49841548226105403
0.49948278527282808
0.50271451395513811
0.50336283389130099
0.50555844686084184
0.50018710339234396
0.47646355542993751
0.22215306275217253
0.22915761268219731
0.45846433921803803
0.49536433467836122
0.50007376336436471
0.50207605081013462
0.49714773885963071
0.49980034052954825
0.50353513109535908
0.51035610940867204
0.49913469765960339
0.49171861409905032
0.5094413264182448
0.50546587380711983
0.49378104674115575
0.49714419617647748
0.50250182651888831
0.49886886794583574
0.4956103037465876
0.500698986595976
0.50740427058261328
0.51376443612162714
0.50028779416547042
0.49901119606569677
0.49626969429231566
0.49220917947334064
0.49479164118408553
0.5000847860160913
0.50953877089192912
0.50640039329783493
0.49953480083223567
0.47660950269358987
0.19902720402540588
0.21411727386673285
0.45031774897759869
0.49437773575026556
0.49371997083407237
0.49313784665482147
0.49768072600526558
0.49869887948157454
0.50003680340721413
0.50464476445617568
0.50186377031944518
0.50258579115734237
0.51135727205041159
0.51235467525894296
0.51069515347129679
0.50994979406020169
0.50002244174896715
0.49697807347499245
0.50036496216297999
0.50299471067809021
0.50946652359804767
0.51223428905225743
0.50388254476857863
0.50039724243448158
0.49705844605977628
0.49155004393827334
0.48784238648209899
0.49314170748003677
0.5050272693328961
0.50340846753259094
0.50102929893177051
0.49413515738645691
0.24953415505973833
0.19915311800533331
0.4527718745249143
0.48695079566327204
0.49952083487123855
0.50599266480265082
0.49542268443915566
0.4937396736767185
0.49698588350768974
0.49554996831320847
0.50601182594032867
0.5113872071788611
0.51127707251547294
0.51436673552216883
0.51345599610347548
0.51094075950484807
0.50198671213865642
0.50237675538394577
0.50350468092415013
0.50788462503847853
0.50767404575840414
0.50538133563484
0.50396906711022071
0.49792529967498617
0.49767065562765483
0.50199190370684232
0.50046992885474639
0.50567773427878882
0.51138926367928761
0.50331860949915663
0.50280358510347545
0.4942011041684784
0.22346329711466023
0.20235664439044226
0.46972058487910173
0.49356887800698018
0.50188916321168486
0.50565705423277663
0.49297748053576002
0.48749115895816064
0.48788190984625102
0.48008830713617373
0.49368321438964119
0.50435543190148813
0.50377913324471213
0.51383071304228389
0.51071737836416353
0.50458967269179311
0.49863576311650032
0.50391494671556647
0.50015772162930694
0.50185519844117377
0.50090212594700467
0.49962947573711181
0.49816925105665777
0.49085023396908783
0.49821322281898645
0.50803738957770173
0.50462040612387726
0.5080007719669194
0.50503088560526255
0.5033534929381448
0.50364172451477274
0.48895433703044744
0.23889571242067176
0.25960989102625759
0.4720944858621246
0.50570629657548305
0.50376237935823109
0.50489214718862596
0.50324686243314498
0.49874914831636324
0.49281603502716775
0.48226735342091259
0.49061070055149103
0.50184069889314753
0.50527749461375182
0.51930419470564848
0.51859650651389433
0.5088762940255237
0.50001292371560835
0.50261656934086318
0.50293647004433584
0.50404736345146217
0.5077298497540419
0.50184393497371149
0.49238378854294884
0.48706345115253391
0.49825797395322668
0.51178218666785025
0.50028039116900647
0.49412033221101681
0.49455478096389238
0.49748996471871781
0.49950128363498292
0.47840804360152561
0.23550624300113382
0.20388041558542525
0.45736355423936714
0.49471845527454361
0.4951593016243569
0.50098398136493816
0.50101073441628308
0.50292725400371441
0.50288684194340849
0.49503783267636625
0.48902076955053309
0.49033600156640239
0.50249713459539858
0.51992061665795941
0.52385473548034267
0.51695886977937666
0.50733817794653924
0.50557549273061753
0.50061013034164537
0.49925283372528462
0.50905754114358959
0.50580665383994172
0.50127352809989489
0.4943287066464096
0.50365147491835116
0.51592576676854884
0.50168923417655831
0.48930170954769581
0.48966351885161935
0.49938253321789638
0.50107623997537343
0.4795370407314315
0.22028390568583492
0.23153936718908491
0.45055001082316037
0.48886149380377203
0.4915819247133521
0.50147289161017106
0.50133726348104646
0.49867358316202121
0.49525950335184643
0.49227178148507228
0.4841633031255167
0.48325244003628348
0.49766707006594629
0.51653968706822917
0.52250937220308524
0.51571536316189226
0.50251940792827687
0.50214239393356408
0.49944547989093735
0.49626572899893717
0.5045060523207493
0.50337609972472586
0.50004572009981296
0.49958246281093227
0.50965833420359974
0.51568157588459107
0.51132033311521308
0.49750835342323318
0.49377380040977231
0.50407967940297871
0.50649548793526844
0.48290352787772495
0.20014387473076076
0.20657969062393328
0.46013764513168876
0.49625020986136831
0.49690484955896214
0.5037424454413868
0.50242764982269827
0.49585744284584465
0.49716362190868407
0.50165839801285406
0.49532143297155717
0.49104097400175206
0.5019744464163638
0.50829903341384519
0.51336625854685791
0.50533750971472524
0.4972066972624517
0.49614306167561673
0.50193998292812947
0.50310291762015313
0.50499353901790545
0.49740732473326005
0.49355775995014339
0.49920180209171483
0.5087371640535755
0.51360681179457612
0.5103965167424217
0.49701727956483788
0.49630482360459083
0.50399374377266293
0.508112984717635
0.48424379835921655
0.21464388308131802
0.24217143908704034
0.46467843969533995
0.49912989515995648
0.49872000438531849
0.50387026296699267
0.50425350745058584
0.49988966480075014
0.49946210193110158
0.50513328026302629
0.50345120537130472
0.49984941571640606
0.5075177753941279
0.51028047945731425
0.50789719433733482
0.50372506730494349
0.5027348344785556
0.50811235841453184
0.51489109926042553
0.51245438442992419
0.50488391313032366
0.49976088536332081
0.50075309282657521
0.50181913071716722
0.50429075690844938
0.50820427049585748
0.50442382801317343
0.49150935886802161
0.49854966959654196
0.5053349106501217
0.50416565628434773
0.48305418774941222
0.20555123366321451
0.26401860139299099
0.47100454991314838
0.50326728679024524
0.50219089452778498
0.50809260096158493
0.50688847222398525
0.50094766170397687
0.5009600434401501
0.50631215391619677
0.50284964110818697
0.49957596101456769
0.50026717996828818
0.50241648626300306
0.50650754659207897
0.50529250317567376
0.50360648225031091
0.50396738320121792
0.51111430560803361
0.51228125001864355
0.50445826707910757
0.50995136317889023
0.51492022245320801
0.50606225631855872
0.49869427072178218
0.50304389225091983
0.49883842890622493
0.48955792433691775
0.49655862850715549
0.50383594610091531
0.50262617014356059
0.4812159926814461
0.22529976870644905
0.21998293679554753
0.47529988757703268
0.50214772697666432
0.49787446093317522
0.50782076769537798
0.5143213221000239
0.50296394288102941
0.50146325402732295
0.50707917808093905
0.50475802294664263
0.49793579072927618
0.49985409101645079
0.49959605620603986
0.50248030181287495
0.50460971361352558
0.50186873473171434
0.49821903370589526
0.50115631467287802
0.49801463272449759
0.4883826738948987
0.50516054809830935
0.5149727297463651
0.51066858826312733
0.5118503026584964
0.50588541146007426
0.48962550504932573
0.4833066834316142
0.49076581741547587
0.50291844408129138
0.50751476170352794
0.48339081740675943
0.23559277327443384
0.21411462816923912
0.47067212898924704
0.50466763803428849
0.50074717763392818
0.50211290269762177
0.50450112770407107
0.49297712882291489
0.49354697021913863
0.50136928636191835
0.50142497883140857
0.50440870115220171
0.51076946380823329
0.50785598046809954
0.50233410545392854
0.49941054740665758
0.50070623706382822
0.50108118663488366
0.50165321646827221
0.4967842456702205
0.49171804037399824
0.49605775734493956
0.50771387418885383
0.50611009233464099
0.50383730030353291
0.49706728160899205
0.47943041806931186
0.47202162642716006
0.48542660071778793
0.5026328297678424
0.50755996184349894
0.48418199606753393
0.21797558663162797
0.21394070812027735
0.46249884653301893
0.49818748908128241
0.51014869370517424
0.49940954699935136
0.48624324224757498
0.47981196988019859
0.48563821086024617
0.49465274697076428
0.49918920228297092
0.50092682895290408
0.49884900936504112
0.50487257972479227
0.50449660997670764
0.49130134418537291
0.48450387795883182
0.49493666856365898
0.5061671705881895
0.50359592205565407
0.50080892413930922
0.49313404726302951
0.49876722575867805
0.49696403022382168
0.48738473857654968
0.47790675701207003
0.47769658583667407
0.48940764015267496
0.50165014966555477
0.49905377699126741
0.48948068170197345
0.47390846472048981
0.19922914801287911
0.21038243202568177
0.45560721897351736
0.50108956728223397
0.50292888626009535
0.49446100123216008
0.4958935601162503
0.50130666767147847
0.50104823927593189
0.4973886668157475
0.49897385966659397
0.49928295229544811
0.4896925044896181
0.49911137378393428
0.50368321479981459
0.49141160233089837
0.48880053762786774
0.49173029456952044
0.49572254049783721
0.49882629389931227
0.50018534263754788
0.49849073007285416
0.4953985198698137
0.49376392009370262
0.48562450185085304
0.48366656890199705
0.48936123677486576
0.50460150371456358
0.50767066712700282
0.49334104990700772
0.48253348231194981
0.46992779885745106
0.18321038176306481
0.20714943994594842
0.47063003475862125
0.49831505403256526
0.49554732563690013
0.49513121197548005
0.4982902294795864
0.50205901408822773
0.5005469061412392
0.49988050258389977
0.49618681622785715
0.49467823563303154
0.48532741807075658
0.49211864141859746
0.5030238740091878
0.50219419234055174
0.50283100902136657
0.50250757910956489
0.49479162553946715
0.49706553930722347
0.50444199103975096
0.50926423982768732
0.4968938667636284
0.4921692561177935
0.48878928514150632
0.49586107974186505
0.50060502155868458
0.50664265646378814
0.5075171831640608
0.49579047626361439
0.49495010973059583
0.46979043407404159
0.22303205487655267
0.21377540075499427
0.47045963782403877
0.49295965845393575
0.49221294649027036
0.50227282984650001
0.50577374461598279
0.50374127290730242
0.49976622077682292
0.50375545093120344
0.50131081846303371
0.50382718864185405
0.50181363107197685
0.5004861193773128
0.51263112769619645
0.51304499723586117
0.51077541511049074
0.50661213740980782
0.4996838592734828
0.4966888382657178
0.49607895811588726
0.49831034807958124
0.48997606920200204
0.49416291450239613
0.50475449551053175
0.50716489366746831
0.5007313130754858
0.50157171867964723
0.50278174524391117
0.49558802312877775
0.49631266783685946
0.48375476427465902
0.18734736152148809
0.24200766782401642
0.47646073483905238
0.49290149674237377
0.49053545030245277
0.49976723804077577
0.50429549292156373
0.50106076495466556
0.49544326379456127
0.50292706874966675
0.5147692209010778
0.52412965901187358
0.50923966162551715
0.49797261397557718
0.5105977192992408
0.50666427341666231
0.50725203372918326
0.50755552763010803
0.50615399659071936
0.50132235460627994
0.49571889660130386
0.49070253337433051
0.47686574148693056
0.49095944465045693
0.5136625676286225
0.50663304537377651
0.490450173462742
0.49805061122456989
0.50157157375901129
0.48660069472005923
0.48623774363212502
0.48483526608900618
0.24420011089500332
0.20600700988449039
0.47211103432249824
0.50590923792492182
0.49986039111827868
0.50008933640973363
0.49727776403852547
0.4981321573781316
0.49758366519524727
0.49847569649329426
0.50853013580875328
0.52761297334808854
0.50681686443439633
0.49489449927425194
0.49333977320452355
0.48730761770206255
0.49252755747435634
0.49522140171912227
0.49671416441687488
0.49610287504327044
0.49983464559464608
0.48952002684083368
0.4712984867919886
0.48239255948658405
0.50061856945521221
0.49785959604702457
0.48586297658318167
0.49719653711265799
0.50298342610517255
0.48782384080933855
0.48605026437863263
0.47763402354472562
0.23554424761785242
0.2344611460748858
0.47013086318837904
0.50756126431208637
0.5017661212713117
0.50186602921449719
0.50399200234808084
0.50625956756583246
0.50794027917059026
0.5038865460652372
0.5018833068771279
0.51656966656325798
0.50842033917481599
0.49225287718454303
0.47694789914107666
0.47468442223484975
0.49506091122539037
0.49554743468458429
0.4868081047832325
0.49092735428426848
0.49812743026343664
0.48681966664078002
0.47299352455549187
0.47738248652548226
0.49259410231953504
0.49708563301837527
0.49101879570370333
0.48691842660368001
0.48859855228406113
0.48734162884942656
0.49353434689046849
0.47467964592287054
0.20202663200059168
0.24044660191037209
0.46671493708734607
0.50091426064566136
0.50095763813534366
0.50971975435601913
0.50777569647896825
0.50344709115657504
0.50657792646323885
0.50985722747433004
0.50476948527845455
0.50503433019581945
0.50964698639275163
0.4953315154980269
0.4794170950012851
0.47403076914646997
0.50127959034277136
0.49868390593928497
0.48566179063519199
0.48899942939223728
0.4949131031326342
0.48920682560165901
0.48530632538462715
0.4870011299791081
0.49178466874003746
0.50213913089635087
0.50090242626689097
0.48909712594024618
0.49070603279054048
0.49589795626491107
0.50121655994966241
0.47873002627010902
0.19879456997248016
0.21886486740558525
0.45629028959730006
0.50116420720187072
0.50259494683284622
0.51225994272789455
0.5055770782880955
0.49615426508249932
0.50415937453762949
0.50733231628229891
0.49809372114167511
0.48777732404667551
0.50608524600145433
0.49586229892886563
0.4863757004997043
0.47815216726814802
0.4867913508691058
0.49405757932323363
0.49498742771083215
0.49521976360150438
0.49133660087465997
0.48565580795349694
0.49140228522905394
0.49849304468174827
0.50089823431385705
0.5085958601335101
0.50509583492728327
0.4987328905693435
0.50155630939417961
0.50496498646557575
0.51010234484256156
0.48497403156680852
0.22949371154608164
0.19143955075433297
0.4315711338085515
0.47550961586135354
0.47848291133382942
0.48953263435630956
0.48609503103828899
0.49113125630613907
0.49473195148590238
0.48848480534310346
0.47565908099691634
0.46828067010264102
0.48707343244072521
0.48658419135874009
0.48262665127509519
0.47269811811089457
0.46911588244786412
0.47924968646876498
0.49182013687463888
0.48859773508670989
0.47487193331376176
0.47149406840827629
0.47604011792022943
0.48152035196271897
0.48531993269525736
0.48333591241970808
0.47986084441082022
0.4781190255792056
0.47906427526296036
0.47926947925756958
0.48830284001782448
0.47191307693595114
0.23935516488271494
0.091427428341733064
0.17054006042577988
0.20230807410898693
0.22176734147438501
0.22352747145381635
0.19511670139558571
0.2106732535919725
0.26461418487007904
0.19600728585616992
0.19791429938112245
0.2058373997715659
0.20537721235650386
0.25464533327265837
0.23882372522123749
0.26722307107939092
0.21906243356903385
0.22195371170436762
0.22067835013408388
0.22292889244552741
0.2232111275603027
0.20538886858600944
0.213256551822646
0.2058568606947101
0.2049849931816603
0.21705636084700974
0.18244964410667788
0.21257292777759743
0.21991710106540818
0.20560653012484106
0.22781353332099633
0.23116458640999721
0.091010250701782383
0.13113717675152192
0.23368287622643996
0.19072223696329296
0.23287983645002727
0.19876961348216804
0.23477411978690085
0.22022645699152907
0.24174339054112226
0.20118796562998698
0.23305167210027683
0.22105834050281298
0.21288488453310375
0.22135460468688822
0.20268581927852919
0.22089933443237605
0.21081668278240959
0.21777739440961819
0.22366811863737299
0.23850748516592102
0.21988220687172094
0.20503056945246451
0.25360639001153179
0.24427191031412263
0.22966992011248724
0.20291226781008589
0.20852159993438071
0.21231022758766291
0.18064247400351707
0.19481691394827991
0.23283671186028485
0.22330094630914085
0.087539383850682093
0.19629546066082179
0.44842632474129013
0.46761855246331907
0.468182380879757
0.46421411059516327
0.47413063459230509
0.47350926016048994
0.47465589694652321
0.46804676094460956
0.45805267282082152
0.46332543267312848
0.46585580899276585
0.47761186647684378
0.46350237948115619
0.45896627879108648
0.46817207538793243
0.47116713791813691
0.45515426090178851
0.44642805237469591
0.4633508863840064
0.45642342235703748
0.46129293837656948
0.46693341867587773
0.46613904261105554
0.467355345871446
0.46529971017345761
0.46235576650739696
0.46103824692910017
0.45936952310648221
0.4620037936986624
0.438877199780833
0.18923358478981156
0.19572285557564842
0.47695995081861731
0.50065964839354571
0.49980893421200134
0.5019313407663486
0.51237699919375346
0.51767566830622602
0.50941290026656494
0.49808791256585133
0.49578238584087136
0.50056104660576473
0.49504235527522472
0.5021084131297473
0.49604716971719137
0.49065742638286208
0.50046203772950881
0.50976159038934754
0.49306768269597789
0.49046838383278962
0.50074941272804208
0.50151116774957705
0.50053743617390323
0.49473530420167405
0.49272891057947737
0.49860149342025284
0.50012479701724932
0.50185069346598554
0.50995955713900754
0.50847260715581566
0.49244887246279306
0.47034806969588755
0.23887753518336602
0.2116007865495983
0.47014912476963311
0.50286447514168309
0.50293388452004439
0.50846722927558696
0.50792417912163668
0.5058774011036633
0.50511287071999489
0.50384653149346093
0.50263611253468998
0.50192440004370598
0.49394803459088094
0.49179523895098709
0.48999746189517324
0.49219319460941602
0.50146890775486619
0.50211812862223482
0.49343605288058751
0.4970800327834779
0.50906523408545745
0.51092173433012755
0.50927190670010736
0.50309994019527271
0.49765048347737245
0.49617121880591497
0.5026581251106631
0.50977387287082587
0.51432974118311336
0.50853813659417335
0.49710282689845603
0.47690022433744861
0.21353060422434439
0.2199312777831032
0.47109470921159186
0.50330325718686475
0.50444292951172243
0.50784620520414792
0.5015438429467769
0.49760087485883009
0.50019605959208702
0.50728946369835393
0.51035233376330491
0.50448050427159408
0.49657676531310108
0.4926511886379305
0.49305257032146532
0.49582738982701913
0.49932838473619157
0.498094207905389
0.49456057131964648
0.4999312853499413
0.50353955518972604
0.49679494708182287
0.50080893171272001
0.50258879178902161
0.49658728495903975
0.49188852124411131
0.50256489973903407
0.50921930613821986
0.50807935449621533
0.50823152915647329
0.50174825575867943
0.48496854166252168
0.20136736982393036
0.20345226913103284
0.47002593594617836
0.50251281239895429
0.50039873499258714
0.50954774778508605
0.50981370458261754
0.49900044036020857
0.50131430142771305
0.51039810182332346
0.51682079973427586
0.51317283694707083
0.50427762828778877
0.50341336876196308
0.50068549748808289
0.50116174968124549
0.50166431776276199
0.49593522579700483
0.49592786924220206
0.50129240853160684
0.4974305275713895
0.49904329825724281
0.49446694782353318
0.49609979302020646
0.49419779249038043
0.49367458329358982
0.50053904138410976
0.50121222196610571
0.50328694548333786
0.50708331653065797
0.50328019176823779
0.48583446432815036
0.24502778399435118
0.18950678601476703
0.46348223489807377
0.50843155945340834
0.50893651889411862
0.5141036777995176
0.51170253373158336
0.50164273481845223
0.50009058774768589
0.50105132722744872
0.51166807952931859
0.51529561311088234
0.50616680885312926
0.50523930425460706
0.50308619915280917
0.50063942738268918
0.49631321177277998
0.48700953335750491
0.48569858905897151
0.49074746836875499
0.48791774630541246
0.4990452042379161
0.49468061258549084
0.48984617160678018
0.49017016807746816
0.49714296881138559
0.50320984918296752
0.50241640599108561
0.50685601527532176
0.50633825811280164
0.50435396110332342
0.47822573132816981
0.19045493312398531
0.22618465683472205
0.45816674343221775
0.50850631284971481
0.52112454182067025
0.51901706121062674
0.50681112954615359
0.49800367418270036
0.49733141701162903
0.49097023319183891
0.50380753538410228
0.51398573492888422
0.50590575792062742
0.50019026877490691
0.50210266017425886
0.49738730864489561
0.48950318341536603
0.48427115738517273
0.48727759349086447
0.49424226908430768
0.49338956694191699
0.49867401847415338
0.49707253488160869
0.48768306609806283
0.49258089756711643
0.49946750144217283
0.50236539135105363
0.50463850687622325
0.50567272059001356
0.50735560414078162
0.50493076843069162
0.47094441589932812
0.21992350639177741
0.26052126253005348
0.46129014777468558
0.51145338912792004
0.52203877626916495
0.51233106475486201
0.50220889310929229
0.49986674909607692
0.50407640717894597
0.50436091387090054
0.5053027518839428
0.50927274114538068
0.50754355400544104
0.4967559003182711
0.49814981858761692
0.50343724700780479
0.49671495901835594
0.49135163325429337
0.49437257688072134
0.50022408954993802
0.50292567768924079
0.50507931060882483
0.50252499473731782
0.49613132989471043
0.49893716070201583
0.49740981291747843
0.49978008963571563
0.50705026598224245
0.50923020999486734
0.50846295394462393
0.50047633858733342
0.47002843943740025
0.23249948200335993
0.20050088402852848
0.46341905793336718
0.50827968043616822
0.50920324091466873
0.49840444556476315
0.49206950949086159
0.49882302469661316
0.50750743110533891
0.51478429353487998
0.50277510802762693
0.49257300062339265
0.50118648731817761
0.49950905331414375
0.49539494427939729
0.50043593813713971
0.49973676126214722
0.49666091510916893
0.50143523001518253
0.50984320798101068
0.50956452411706521
0.50503970250951047
0.50168587568992662
0.50247694161768808
0.50211372461604609
0.49721959422112161
0.49841947440834333
0.50933751434832453
0.51677787095757266
0.51056527938303686
0.49487998297098001
0.46888999601480752
0.18660033605872933
0.25730397255683446
0.45650533260176551
0.49910486031904278
0.49745421214433683
0.49208854630081533
0.49213009730455348
0.49794282418363323
0.49887480574403592
0.50134416701712892
0.4915712573406672
0.48291046261118914
0.4931090901665573
0.50163356933252612
0.49921621688216228
0.49395375329738955
0.49595460021292848
0.5043003639041711
0.50852206699456359
0.50715473560775803
0.50962181908454796
0.51056282823030308
0.50881976006026264
0.50570834284470267
0.50359123106360359
0.49696075841427911
0.49261927144249318
0.50092618701584279
0.50969108972693522
0.50390383542006922
0.49182643136539778
0.4736262339845182
0.20567342622889545
0.21414211457991156
0.4572804504918257
0.48500001015319932
0.49564953911499188
0.50021565991381955
0.49287152436270215
0.49390991150636188
0.49424775390345971
0.49805381578184793
0.50032405321628215
0.49970284607051635
0.49778959058645045
0.50791584791639299
0.50501486656339523
0.50020946302056712
0.49816150083735994
0.50525090932848837
0.50755970115310545
0.50903403256255597
0.50479542060228666
0.50088008745540569
0.50598583496722338
0.5079414344291393
0.49942176144421785
0.49965775102905274
0.50118534313454066
0.50732350072984578
0.51201478361792452
0.50629463437587918
0.50361975309375195
0.48849319718512402
0.2181188500714531
0.21027894053587481
0.46061606414924466
0.48821212387394614
0.50088176934579509
0.50035424942514484
0.48914493202136267
0.48375237027786888
0.48652295454011663
0.49237382980158495
0.50025993440634131
0.50448707592179853
0.49714030031941098
0.50683420653948419
0.50735522085104834
0.50103728106894796
0.49031583840917969
0.49998898954591026
0.50141435877527174
0.49186442749920745
0.49041407942186843
0.4941673079467041
0.49830332959299278
0.4994756806169332
0.49953221729160191
0.50239394488060396
0.50342017509205572
0.500347302844796
0.4991250905677333
0.50496084330497837
0.51083931685778117
0.49011422746854894
0.24866470717649097
0.227822613664277
0.48583301838286796
0.50457461696125705
0.50081406976693676
0.50195934994971836
0.504706556917358
0.49890087896753366
0.48915829364397145
0.48709163955695722
0.49856237948293974
0.50403144750960827
0.49512620550184677
0.50592364610386087
0.51307253270919817
0.5005487252988049
0.48961246722599033
0.49783302481625802
0.50530835419930853
0.49513018181809854
0.497347260826353
0.49499601188540709
0.50012272158258553
0.49713498826940256
0.49996928237863159
0.50763061532416809
0.49780370283835729
0.48487372236139892
0.48488856154442467
0.499106447066822
0.50553805655827344
0.48446500386283597
0.20758107097967499
0.25121174590962947
0.47923004312255829
0.50432187415743246
0.49650213857245556
0.50189749807929873
0.51161948996992357
0.51238698444751807
0.50624450004204347
0.49825006145398298
0.49412883067479441
0.49379616443599506
0.50012190140304869
0.51034425484203316
0.51141235289020326
0.5009466167013098
0.49585771565873105
0.50090868933064014
0.51064673609624744
0.5096124539688226
0.50529880706072106
0.49676859826030428
0.51173767103359591
0.50726360139470994
0.50946383024691844
0.51494777104952605
0.50283295549429619
0.48507401758619528
0.48112483374532761
0.49685786360109019
0.50554568122604648
0.4872473403372955
0.22635590860248622
0.23769825699597125
0.46852983316571489
0.5010485585208051
0.4990796479738473
0.5076763333079698
0.50896904905982876
0.5072385971339104
0.49962860797251185
0.49287120175299204
0.48094624151220677
0.48105334191772642
0.4986377399198767
0.51127840452694839
0.51131635159869082
0.50335055281588359
0.49750162671046122
0.50496606676795452
0.51880228575766574
0.50962466244029858
0.49957784864822863
0.4922497505091819
0.50293972343311444
0.50564977141017309
0.51164600916612479
0.51735650664473554
0.51719269312800598
0.50180641607334775
0.48995409297625564
0.49413642289801385
0.50321925601160489
0.48472032715545893
0.25286099384318617
0.20931703484108957
0.46940532613726732
0.50269166383594865
0.50488927627704505
0.50499673078809448
0.50146771277959501
0.50159879619603176
0.49861311066548253
0.50298079925839179
0.49210101986927773
0.48163626781499919
0.49563116843889438
0.50612903546204502
0.51075862286069662
0.50252094519400148
0.49387650009011907
0.49798265910392009
0.51536302479318719
0.51173942943915718
0.50616041703373915
0.49541657990243676
0.49649665234960055
0.49897458937443373
0.50145501626367683
0.5068155209262043
0.51219178856536718
0.50858115147596761
0.49332557679910816
0.49323919987581849
0.50199635194279657
0.48681881967260726
0.23798685328154176
0.23041529330988833
0.46196984149966414
0.49447854527436197
0.49876177770304625
0.50026290322862854
0.50297095125406199
0.50474009179976642
0.49996143508418195
0.51134863922943719
0.50892839546642687
0.50036554729951077
0.5050669959696189
0.5102697006518675
0.50787152257467083
0.50192002006149827
0.49876269198469714
0.50471569484853884
0.51629465669405472
0.51887453513150517
0.51677493069669933
0.50788991310048548
0.50526239536302897
0.49978342321573554
0.49316862893038754
0.49711857646665292
0.50427964232701494
0.49559834802187391
0.49567038089060833
0.50069544413741496
0.50385411894244159
0.48366969824054701
0.22992435385859666
0.20135750848695388
0.46677142140492417
0.49390235987231013
0.49894010534893402
0.50491798056195991
0.50600466557844159
0.50048899835132143
0.49571383553360776
0.50739693523406504
0.51152350654289236
0.50711774817426924
0.50473194453229231
0.5062112892572862
0.50814417168396597
0.51018605520379168
0.50496891259268684
0.5032073601331114
0.50714004748281327
0.51070742389523116
0.5166073470514958
0.52500562243606164
0.51862172727814049
0.5056827831779096
0.49585293109071343
0.49271758585059577
0.49534504936064278
0.48839609666102873
0.49816331600632335
0.50218868306408992
0.50101161216367418
0.47761589111664854
0.22877282435479246
0.23255061377575958
0.46180404749273291
0.49988917622678813
0.50317192617581252
0.50686483127474746
0.50773124372196499
0.49750534321380252
0.49891124109528401
0.5074988615747974
0.50926225805906022
0.50243801062347915
0.49811995328373887
0.49645176470634295
0.49985943900211777
0.50448377475001316
0.50215393564957167
0.4975056435849759
0.49676986756343328
0.50235113754717431
0.50577103163038228
0.51436225803366942
0.51713834326720931
0.5101991520681467
0.50842686077063026
0.49948965921228272
0.49299536377470704
0.49487070973895408
0.50747215939953594
0.50774255741278085
0.50229031737741758
0.4736201878165755
0.22152424001507545
0.20557919930292948
0.46765995014178574
0.50890155169653872
0.51226998341478758
0.50326404541222347
0.49779749391490524
0.48762619447544242
0.49308547307136319
0.50241208048590702
0.50002950925444578
0.49828970244034532
0.49984592037904163
0.49787791615366994
0.4973250522755665
0.48940629797491186
0.49071845710070755
0.49148201114987555
0.49365707532120445
0.50390377226248528
0.50401213737515338
0.50220240536038274
0.51018647369410997
0.50877878998293691
0.50322785512777357
0.49259462344547988
0.48519852439971195
0.49747956554700268
0.50962126555920861
0.5154879758309252
0.50550472589412421
0.47767584111777261
0.21739181283361456
0.20198753604105918
0.46258872296089854
0.5057645221541377
0.52133186751670169
0.5090300939534842
0.49048046230969805
0.48386952903717634
0.49147141215953277
0.49684348681726875
0.49981253511802826
0.49714784369989024
0.49293600308589092
0.50582252178815346
0.51025509409724379
0.49333027760149972
0.47975366001723163
0.48541845430011471
0.49401381449436338
0.4982156216572684
0.49630584219799534
0.49389094677954476
0.50422909938421645
0.49902829526820891
0.48770893251737096
0.48158069403167347
0.48118506267226346
0.49827242043887737
0.51531397506270804
0.51209817143173086
0.49801760040900983
0.46892778324052514
0.21362368889258618
0.22078396962996732
0.45521846990857184
0.49968624591673638
0.50288566246694077
0.49306904495571485
0.49457176635768824
0.49636683763820783
0.49646140748325868
0.49307594575061847
0.49515287486776516
0.49821369117507286
0.49107367329157126
0.50194200658199783
0.50939149498826231
0.50687750949591148
0.50168079237883423
0.49654405991851658
0.49250947508507897
0.49863014129691169
0.49993680684423641
0.50330246218257479
0.50128581797714511
0.49414203449328603
0.4792457505880488
0.47867889278227677
0.48225184464907783
0.50136473421035432
0.51560034004058242
0.5050049146064326
0.48762942266714016
0.4705739415980113
0.20059167859116186
0.22780446820046826
0.46259163736990738
0.49367421947169765
0.48398227191612869
0.48434625169325141
0.49382601849030638
0.49891245903317688
0.49530706690028015
0.49140406039952284
0.49339554518912321
0.4981554620173429
0.48978881774584088
0.48857341110608071
0.50205894940113438
0.50926804900435574
0.51396826351139235
0.5084466333472053
0.49619381976457966
0.49835213246670529
0.50694895368991089
0.51782803643345521
0.50236008102569907
0.49361028050641964
0.48465104372394574
0.48426438528852039
0.49069213635636022
0.50208982738418151
0.50761230520591283
0.49225122100010105
0.4816034031166318
0.46085653622849904
0.19256363328734263
0.22068366816683882
0.46808348390296806
0.49335359048842059
0.48596754143094029
0.48825213703221615
0.50064640258728299
0.50225272516717634
0.49437742400696116
0.50102647491760977
0.50471563550509557
0.50686404223836956
0.50647869514363852
0.49675751846321181
0.50834309728342975
0.51017625819712964
0.50749844451048054
0.5084010541381766
0.50030208073739724
0.49636587804425109
0.50116090143682068
0.51187173676721043
0.50270423194771952
0.5007009894318023
0.50282311959898185
0.49812684637115029
0.49783484809727424
0.50217727059121686
0.5028213764691335
0.48830681756442834
0.48147102811261927
0.47701334424913938
0.23721691081835219
0.23694957028503105
0.47216877276338598
0.49579340592194499
0.49443979171427832
0.49690048334112846
0.50546947977181345
0.50404465797210141
0.49824945499404966
0.50582440248565419
0.51825688064454234
0.52478917566928496
0.51655611682135216
0.5085406896593464
0.50811951843717129
0.49990170878114909
0.50010297146380456
0.50314991317300961
0.50027007831359604
0.49800120144202537
0.49523889452879155
0.49638734828745495
0.49282148794879904
0.50152733883903189
0.50408106271392616
0.49873770521478422
0.49359289208550483
0.50210817094739413
0.51307934144458456
0.49259932865029887
0.48130110763792289
0.48477873824226053
0.23216455626706206
0.20106936676988857
0.47274041146605233
0.49801349882311435
0.5035727926296244
0.5036509637932034
0.4990010344166117
0.50278597304433947
0.50462224418050483
0.50405064190293658
0.51430082025551416
0.52524640067350992
0.50995197416048066
0.50549386847437727
0.49849773608698056
0.49360698928611541
0.49484442075564949
0.4922209327826309
0.49041802955593355
0.49251288866100346
0.49938939283068562
0.49449534053457911
0.48338802338442383
0.49016294557476148
0.49725174798913285
0.49696139087535474
0.49032280628869934
0.49598654334801029
0.51550815729083821
0.50154763281769066
0.49186485447220335
0.48199153221570606
0.22838351240776578
0.21191361503669617
0.46107351468122254
0.49322622031877555
0.50211580451870352
0.50292718763233024
0.49656079249817092
0.49918663057570878
0.50812337805399177
0.50328348189759142
0.4989633336782906
0.50778641148246206
0.50288891788907453
0.49711954962985128
0.48824915567665061
0.48607926438102905
0.49367026238521827
0.48931012799010626
0.48664449110673053
0.49023506226725333
0.49744100424293408
0.4960665469355896
0.48088798019901463
0.48094275547497733
0.49766968805664619
0.50410996298763289
0.49336543090536555
0.49257130245825637
0.50254174541445362
0.50051831864333562
0.5050686769770274
0.48395908286418604
0.2325279657344006
0.20194915210335818
0.46524861842318987
0.49011169547747307
0.49808228528261123
0.50466214144887434
0.4949252976057622
0.49689511424654198
0.50699654636403213
0.5062532242440031
0.50192127278228593
0.50386904383440767
0.50442316040670176
0.49057824049313964
0.48267693072479839
0.48209736935013592
0.49564737311588697
0.49267341058475228
0.48720193687437358
0.48396722269377251
0.48853829213011485
0.49166205320769951
0.48210364059393152
0.48278539625549349
0.49459956090817053
0.50433089880648585
0.49741669406101452
0.48984223265776577
0.4974084832986283
0.49988507436881396
0.50524773523508559
0.48449677434931376
0.21732480116405589
0.20117858765207894
0.47258026256320163
0.50293423274264104
0.50276955566990034
0.50844652347262453
0.49644325634710018
0.49466852794691191
0.50287702183510974
0.49767375501665667
0.49769585035344027
0.49480548068899038
0.50382188940294248
0.4955326022806929
0.48628621913145381
0.48060407371497299
0.48982141137033636
0.49303229495222517
0.49123362501444695
0.48168927437925141
0.4801043741647158
0.48488553690146979
0.48949784281650999
0.49331087552580188
0.50344395885164461
0.50721610677075235
0.49984032123284705
0.4968005485582539
0.5073034619740231
0.50946479632001551
0.5104439183157381
0.48244026215872038
0.24943941616479895
0.19577796341674314
0.43902582353412112
0.48133646267595731
0.47903058333607396
0.49115163346277391
0.48654664999906794
0.485179675251034
0.48864726698698757
0.47438925553014322
0.47643328202858998
0.46415199468602852
0.47501749958374262
0.48077059195735933
0.4759563964249508
0.47282594901436653
0.47368172664669533
0.48164514373488609
0.48335432741120504
0.47147344549731052
0.45331948140049233
0.46643572216519685
0.48295933684248632
0.48108554771431955
0.48317082201055417
0.47725583549837175
0.47868592856585218
0.4718747330488306
0.47994618264389449
0.491790291869249
0.49961925142741936
0.46643276247565357
0.19748631560108287
0.14120346758270083
0.17025464150310365
0.2006791550615499
0.21851563681350836
0.23392418658380809
0.18854730678032963
0.21671799156602467
0.2231496345335206
0.20673761414300593
0.24424183449744072
0.19817229781125845
0.21975770093806055
0.20795842096984216
0.24687300823520719
0.22215588094952965
0.19388612622042586
0.2083571033804526
0.25111476291584667
0.21628899256808162
0.19846307871948407
0.20193273635536596
0.22916634929412982
0.20905081616136234
0.21070883476596447
0.18704406143594482
0.18225937774041054
0.19442371782517745
0.23413024029439017
0.20275975718772932
0.20064539955612187
0.19391851975126323
0.09986523950806786
0.097340157997533233
0.19397293276749106
0.22824319288122641
0.24101189495399422
0.19880984132010213
0.20703537059648505
0.21484887884396114
0.23107862320168265
0.20539055795981145
0.24022792831677117
0.24137455273409658
0.20161078072147912
0.22412807135443899
0.20726879636177861
0.20464114614823536
0.23423213385455888
0.21795762085141379
0.19253717444978893
0.21075668943657935
0.21025676595384846
0.23269900549475575
0.22597890848012092
0.21716328145246436
0.21146721824471224
0.21795338223404492
0.22528222667453757
0.20386406343734637
0.1988618040465594
0.21395033296377317
0.27313536793178989
0.21854312945788423
0.11260664661372913
0.22552409450329419
0.4548235229036322
0.47909295124345175
0.4683607534943936
0.46466672289623601
0.4702898864705537
0.47054776387582231
0.46842928114511106
0.46666795560406427
0.47336034367612717
0.46625398876949342
0.45541193447385053
0.46918086871874354
0.46770326295857073
0.45736283473275596
0.46452126416866457
0.46054926916451538
0.44323514611582704
0.45497953500074673
0.45480640836873459
0.45290214476563712
0.46599551785968307
0.46629004798334678
0.4637422064105518
0.4647589147960427
0.47296747844026465
0.47072191272063202
0.46464517950126649
0.47523324496713681
0.46215362991578823
0.44693542998032881
0.18532289411971084
0.23081152580198111
0.47737074570059868
0.50772089443006241
0.50184032930284972
0.50116288036377055
0.50369868035953735
0.51019391500489675
0.50687139838692585
0.49957737402990204
0.49239049985328104
0.49615397544802009
0.495334894227489
0.49974558014455828
0.49381745390910931
0.49136446260876343
0.49737227728091821
0.49416393720352275
0.48260487212837966
0.48570280132657312
0.48761959707655506
0.49483969607107015
0.5046735411909512
0.50607187230815098
0.49827030697867708
0.49776341375951555
0.50359871738524786
0.50465608326148026
0.51258796639681203
0.51031958626319018
0.4966465844673702
0.47538569966239513
0.21072816309405887
0.2173750299921087
0.48090549257006887
0.5098746569739816
0.50649191949298733
0.50905593909141056
0.50673029168648753
0.50564838816538593
0.50997394508152738
0.50950783409460998
0.50163742724152982
0.5010848871714072
0.5025966391047777
0.50020085148311921
0.49613467555384777
0.49587790070976029
0.49496632009809888
0.4880091367561139
0.4822933738768122
0.48661506784188135
0.49187600980779395
0.50222384283552235
0.51552232968838407
0.51264201640585449
0.49921330645611844
0.49651486906352521
0.50274372199911288
0.50572100814103804
0.51227084035114412
0.50839043782037663
0.50264917047531477
0.48401721655755481
0.19666684804567289
0.19976165712590196
0.4667068933868182
0.51244362257768039
0.50876126945696887
0.51369829965068792
0.50895988513646873
0.50194845526676468
0.50511616815569682
0.5094498660482043
0.50470612933929804
0.50424284654019846
0.50967637975369107
0.50068390028221732
0.49952665433232707
0.49880167476831083
0.49313845884104823
0.48998449707985359
0.48644816681189074
0.4857487084539161
0.48426030902853401
0.49075223006018537
0.50543019486229235
0.50956545000446807
0.50434077974785629
0.49811575248795492
0.49693673245455094
0.49799715399705147
0.50027430500941428
0.50515514314958643
0.50055160111239394
0.48014560341052481
0.27166873265030317
0.21043328697205854
0.46014773971056505
0.51263149907340388
0.5070710872072608
0.51001029375895512
0.50965925860232153
0.49834336864489293
0.50140770312432736
0.50609591744523441
0.50459615418948811
0.50427011472717831
0.51167091916075336
0.50979469328707794
0.50382051213039059
0.50301271388657698
0.49886080573585156
0.49382614026918842
0.49733548147179135
0.50045014487850004
0.49092002049043887
0.4945434218603047
0.49651947801436735
0.50226287828602056
0.50920534014844399
0.50411439484951137
0.49914999360279499
0.49403645602824153
0.49703968282446664
0.50101683366582839
0.49532711794978768
0.48072619975360509
0.20205217505991396
0.19501664320041845
0.46473220775634022
0.51096924443103686
0.51368448184930149
0.51100596129075404
0.50447120707904525
0.49296042644490262
0.50047054948182035
0.49927005849241873
0.49996585564785934
0.50222736454242578
0.51072233269027312
0.51181496312552277
0.50287486885241561
0.49591754094850482
0.49148233249051382
0.48928014317959839
0.49693214568446448
0.50146321788556658
0.49340761207306799
0.49097083086018561
0.49174847320275594
0.4978250879941476
0.50830046743757051
0.51282974543837045
0.50983635457257381
0.50270915901333246
0.50354152637831073
0.50603013274419362
0.50495874329367008
0.48376511322169519
0.22556767529170546
0.22422912875594803
0.46002590660935955
0.50584789688302945
0.52049346932087592
0.51220261428338987
0.49651363063575826
0.49385459865898079
0.4980330311091607
0.49344719220672778
0.50186018158423917
0.50863383986499078
0.50164492993490573
0.50366313834647269
0.49373916488317832
0.48177824764988081
0.48229006471838209
0.48793702000480399
0.49850141110416324
0.50425988105345632
0.50360746761274411
0.4976322633795785
0.49946211757153508
0.49897229514290814
0.508203932606063
0.51398286901169987
0.51306746387883462
0.50689502511207751
0.50638798411102481
0.51198165301992626
0.51241819107753328
0.48519239329246489
0.19447398190578394
0.21869785835573871
0.47422124375270469
0.50679670208440319
0.51273176413261656
0.50438887442349678
0.49583571422677075
0.49822796686368859
0.49507089181106156
0.49765301550911945
0.50910124563398174
0.509786310147891
0.49459552283735891
0.49435277266122918
0.49043080362416752
0.49016078802354168
0.49125238554804912
0.4934790694030336
0.50162004541214944
0.50595462823841997
0.50475484105160306
0.49628374167621803
0.50070027538798756
0.50551465490628011
0.51377380424436669
0.51110306888019019
0.50388513827455417
0.50599372046881297
0.50774763530947276
0.50966293732297085
0.5083289976065154
0.47478654089022804
0.19580274372289266
0.23944220711489747
0.47352627949204079
0.5019130365133867
0.50327445303134422
0.49682461680445822
0.49078588994194794
0.49884427021239386
0.49911436105706258
0.50466941712766178
0.50535855480991931
0.50050969539661483
0.49736907826845611
0.49518312299516948
0.49475388192736686
0.4971859487555822
0.49761859997503149
0.49967821242201876
0.50388749627372686
0.50653679346945013
0.50341689192763073
0.49251170828807861
0.5028714795130349
0.51148423034082224
0.51250489083911643
0.50820397995475375
0.49865714783319615
0.50459261532444788
0.51163072886774574
0.51214521695194903
0.50793836284579297
0.48055599582958858
0.20669606612011049
0.2223148155881908
0.47319079218885507
0.50259324250960524
0.50109724777720099
0.48545378674691725
0.47879124552398045
0.49652888016060959
0.49711019956186797
0.49349931943282188
0.49200146423807645
0.49179594746687827
0.49216148267088122
0.4944320008349809
0.49198828485470286
0.48718708858266008
0.49735278205165628
0.50675487573929934
0.50780678693631776
0.50519021556411647
0.50358494797207198
0.50028817498649669
0.51253841450273729
0.51162093127642838
0.51086838641590426
0.50880230765827095
0.49738029526917404
0.49848894186071152
0.504277963715003
0.50130016285494028
0.4991764612807208
0.47823720358539329
0.25038778357778091
0.20437895512042326
0.4608211417356684
0.4940741468564388
0.49252311605308224
0.48349288098760346
0.48091539938514449
0.49297321434310243
0.49922912278665188
0.50564703581651116
0.49573363058751191
0.49512155443188843
0.49313048741018906
0.49715642201908167
0.49593737301356133
0.49490910420859807
0.49831473598353665
0.50298334113506438
0.50249261844104098
0.50664880441364668
0.50130349479574865
0.49825443454431245
0.50548361754116433
0.50833204859814118
0.50450602999439553
0.50741663333042564
0.50513537176023904
0.50225888347076153
0.50447866847866218
0.50065194311064443
0.50239344767342853
0.49461009575281589
0.21888746079958993
0.20062562114856758
0.46305462091086924
0.48784389245825649
0.4916704722539495
0.49030572095521785
0.48619271231832567
0.4825713672482484
0.49327727403927901
0.50374232217892767
0.50404010602738691
0.5037655931381726
0.4998482463940408
0.5011463173456272
0.50698173333202168
0.50989518210922247
0.49828820929640638
0.49640493848703787
0.49397757226672651
0.48914899566953296
0.48962762774270774
0.492340425019056
0.49540092824820336
0.49623685599317946
0.49844930402411353
0.5027899857626017
0.5092889994310571
0.49825272038368573
0.49642980375390638
0.50474231789663737
0.51205137858532768
0.49427784755623977
0.23486822264610824
0.22498199903904845
0.48106927016915813
0.49609703512251613
0.49011458498106542
0.4969791060042143
0.50323330129347899
0.49549677832475647
0.49279168552709296
0.49606434063289401
0.50455805626762762
0.50677640765321785
0.49494612577605962
0.49922438286438003
0.50893492640706639
0.50301910826628748
0.49134197195650259
0.49427963550912241
0.50083518888772904
0.49059821227036771
0.49325713736932253
0.49174393336153044
0.49169851497284384
0.49498400099856693
0.49359931095974324
0.49687969994234849
0.50334080228031719
0.49523420172137395
0.49155406103349991
0.50328259117726826
0.51168725040584506
0.4889765415158206
0.24279430453476827
0.24240287442686445
0.47713469530396835
0.50024037057413295
0.48976752490795877
0.50105376175884775
0.50975419247268594
0.50725913123146238
0.50489379023937253
0.49918289787285852
0.50021715025569025
0.49983127031719315
0.50417151237744262
0.50742503529153848
0.50119747579581919
0.49212228634550936
0.49005927231454943
0.49590708463271654
0.50617423218909063
0.50341844979189576
0.5046308606826404
0.49732063810024707
0.50546479442092207
0.50885586664782434
0.5025340989264091
0.49999842587570148
0.5054042349016169
0.49971919988579577
0.4929941445323171
0.49968315699264665
0.51181201290173539
0.49232552428022464
0.22195883171550446
0.21091117369800569
0.46754616990438347
0.49357860092838579
0.49797988628508227
0.51086169106366952
0.50705271836101817
0.50230620666475423
0.50145410496762433
0.49667067682225008
0.48976447756942171
0.4928484772134783
0.50777377602845664
0.50966240438234656
0.49691794603610806
0.48892649510124941
0.49181672116468383
0.50376348206098476
0.51625583818224396
0.50514691413379142
0.4997275673453504
0.49265995939577689
0.50219339511421313
0.51196103919141711
0.51230349664201991
0.51266812853230614
0.51160422007252571
0.50303883223386869
0.49064758847648482
0.49165383988596051
0.50194543487404131
0.48093830951761141
0.22226359489282432
0.227887818339607
0.46937569116431732
0.49736486898634735
0.50664930714112932
0.50858979001515514
0.50148969459167747
0.50342773125521756
0.50636014496975634
0.51084659294526502
0.4967098485244929
0.48780500005463756
0.49311680226741683
0.50179101126390269
0.50465004640349176
0.49604439769621295
0.49581496082041032
0.50974135199067405
0.52343191560946256
0.51217177589570517
0.50000554691461541
0.48832201719725316
0.49614833812345988
0.50345987785536284
0.50285797544777
0.50357128068481338
0.50341839727609317
0.50581080828623481
0.49318414481444056
0.48907140709393004
0.4979016002861949
0.47811458922957373
0.2410234563783602
0.20071677131885268
0.47410728920458706
0.49378352661060843
0.49694074157374002
0.49595413441944047
0.4990566892790248
0.50054630920015142
0.50267412902974351
0.51328916931936097
0.50935455533004659
0.49510421360565682
0.49567780916716875
0.50153734347508094
0.49906872186723888
0.49135885100156534
0.49531314342025706
0.50995845091332048
0.51994883111944568
0.51693741239418667
0.51113860550321077
0.4993897738814882
0.50067042494042291
0.50156245786166054
0.49700886390153515
0.49055168769480084
0.49226142722378441
0.49694406583569151
0.49626203580898676
0.49825002837366889
0.50304645938748094
0.47454701963704032
0.20993940330636351
0.24132213664831961
0.46635516100080565
0.48908936114592627
0.494582987522111
0.49991552487645086
0.50244601720644133
0.50005872213415703
0.49687167663387799
0.50673976141250221
0.50797259497779801
0.50198653190106679
0.49752474179749245
0.49513030229214378
0.49078316211883244
0.49508424374262427
0.50266994442616997
0.50722912578936363
0.50684798982476931
0.50355112304369321
0.51142144177786675
0.51920884835337444
0.51958523959151526
0.51113883541565452
0.49528463803067052
0.48535440605968827
0.49039534159054365
0.48809360282019182
0.49732976882188057
0.4979771334455016
0.49856265076005307
0.47405073130872499
0.20981577601602572
0.20801480242363588
0.45901124276856203
0.49295670527645474
0.49946379563128485
0.50144639989547102
0.50347616016324337
0.50540152830644625
0.50821218783685496
0.5100094137416038
0.50204042631396595
0.49987561864643998
0.49700150033581103
0.49172731559492816
0.48853362206510065
0.49390138458644689
0.50231015002041424
0.5018733962060995
0.49534786385857327
0.494698580417617
0.50671359850637676
0.51693055708407987
0.51855766035028583
0.51168701446183995
0.50217196439646161
0.49414762143444968
0.49809613595665059
0.49858170994099893
0.51372444749252177
0.50255752300384515
0.49188830518549459
0.47489408245117376
0.20318868904124998
0.22602662648441507
0.46034792079167225
0.49690875660611328
0.5087250666955222
0.50210612337198912
0.5009686873390875
0.49913405034758895
0.50225839675734374
0.50342192561335497
0.49424190700732612
0.49307991379024713
0.4940027070059862
0.49250647188037638
0.49511701317917606
0.48740051649416355
0.48905525203420747
0.49494462168076231
0.49466151487838778
0.4978141403220202
0.50825794695088178
0.50751362623096186
0.50915940219777922
0.50655537887878366
0.49941484509968609
0.48980261751931303
0.4963037019725422
0.50917115782371924
0.5222991879494524
0.51123461436107231
0.4947049460724367
0.47149453353018972
0.22655587780577566
0.20355232032481943
0.44461237923593183
0.50681754015091451
0.52521808902174494
0.52478886818216208
0.50901098580524706
0.50049024153354382
0.50195600027056653
0.49723359374833159
0.49925441657044117
0.5048939998922608
0.49265021020252986
0.49850537030588221
0.50281748315696351
0.49084499871587067
0.48474522805217596
0.49163851334188818
0.49813878857248201
0.49695345475073399
0.49449663104275132
0.49716595797116642
0.50704820145721807
0.49814095481445753
0.48719672774347778
0.48257763878368842
0.48307962992181241
0.50711126349283231
0.52393778143309344
0.51514247078376896
0.49921509060402164
0.47534942707803041
0.22032864718028439
0.18830330992801428
0.4583056239348281
0.50236831525027414
0.51017219630676425
0.51340441835040285
0.50990653483072534
0.49827661038690285
0.49597701328231175
0.49348931176166988
0.50009293825154733
0.511305136910428
0.50354729184984626
0.50403709866100077
0.50639258902193063
0.50682466527689718
0.5091949146030641
0.51031369196711285
0.50185142027825125
0.50140548205003266
0.4989234194041216
0.50719496035004252
0.51524554906131625
0.50016504837152553
0.48220499162605157
0.47811550297751287
0.47272075283870513
0.49407367716840056
0.51623906308112122
0.51135916121751457
0.50039827109177204
0.47754064187297673
0.19961141589010054
0.2369560933807395
0.46664626046191543
0.49727353183144779
0.48967788342184165
0.49490350655581999
0.50243257477179315
0.49680551314769494
0.49284904943815044
0.49107808498293914
0.49840132962822742
0.50903992499082473
0.50505872869334645
0.49594074018324513
0.50195619495954802
0.50827158149291318
0.51569264764110634
0.51446690465318734
0.50083461745892388
0.4978783076780377
0.49845291066822606
0.51439322610058547
0.51011997788563956
0.49741300323527149
0.48747206095382795
0.48378449453324684
0.48310167883948868
0.49161363319350426
0.50243110375735056
0.4948240091679238
0.48714159173187649
0.47008162793543534
0.20301260939220975
0.20204741161447895
0.47299200046720841
0.5015126040184672
0.49232407084509328
0.49372866058351966
0.50289780300930598
0.49999211856401732
0.49381612099357086
0.49841731318299504
0.50232676187607783
0.50576705711893166
0.50526955118711925
0.49357738929991968
0.49403094585727592
0.49708423328431151
0.50097256386298183
0.51093499879020599
0.50543745412961283
0.49480388043455276
0.49134396177625794
0.50771843938254058
0.50820727865291404
0.50075073682329752
0.49409806332142708
0.48715319770514381
0.49386637274218897
0.5048101914344153
0.50249712892004439
0.48349330148116743
0.48287003941810858
0.48157158080716528
0.22293039699153916
0.20660023564016453
0.47357011230774049
0.50050603231191237
0.50026142602892032
0.49818439333159886
0.50705303920279032
0.50650421039884364
0.49947137000585018
0.50461109179469876
0.5112774826114167
0.50838301082051995
0.50539606114054225
0.50119802184381723
0.49610786398977197
0.48957770120925392
0.4937897823264078
0.50624245344614638
0.50606143919273949
0.49634754764205752
0.49098938470533132
0.49873442247220517
0.50556691514764218
0.50527647264517528
0.49366290176699551
0.48356774086685489
0.49149608683639562
0.50405606947926229
0.51079348750415421
0.49875012187251
0.49445671353759407
0.49631456743507035
0.19944180751270729
0.21280317934741816
0.46859720856033915
0.49774003724786636
0.50852980227927735
0.50924683555358141
0.51112500581004727
0.51296077496196801
0.50952625189712897
0.50663935663287174
0.51406542920253384
0.51470155889125746
0.50194661224005432
0.5000253425418707
0.49788115549683976
0.49695366051937467
0.49825074904956157
0.49819116558499249
0.49231143526330384
0.49253115296893013
0.49602162656799897
0.49467972366242458
0.49443068291606251
0.49841355131404774
0.49308108009122176
0.487824789132975
0.48916253655442787
0.49476313034189223
0.51307934430750302
0.51081233268253323
0.50527174711777656
0.49239238108501948
0.20549412508875903
0.20769265809257859
0.46806413341350789
0.49422933437323552
0.50555151881408622
0.5051436733301472
0.50728851482066106
0.51020277790119817
0.50923882564982637
0.50195962835297159
0.50516139154399209
0.51359228995574346
0.5059599679659551
0.50030317794130941
0.49666561320251512
0.49687177838299551
0.49753280044603815
0.49444298606816334
0.48934486792271531
0.49250464296459751
0.49761449482814635
0.49603680207810796
0.4881455359055229
0.4908871495836461
0.50168150271350975
0.50392975295034481
0.49584723749782988
0.49479362450622688
0.50643588285621122
0.51435602485082577
0.5069396011035644
0.48696383949264632
0.19705761327784926
0.25995176255527563
0.46498677925893711
0.48941700712360942
0.49351037033505779
0.49497303263313713
0.49782250226611496
0.50254372690275373
0.50193329753098448
0.49662181976770592
0.49981788806063593
0.51200132654675479
0.50670662955290791
0.49476909958462634
0.49283074607384714
0.49986214183913397
0.50373267341697181
0.49989392167244434
0.49590146419350994
0.49328708131427074
0.49332761351677229
0.48932336175476504
0.48296940660658044
0.49058983811148199
0.50641718847506623
0.50833904843250999
0.49282881301613923
0.49468844623898306
0.5032042476153723
0.50360352860716928
0.49848698255179347
0.47956216004045338
0.23534471503447665
0.18863286763064657
0.46422556577105578
0.49944707361747998
0.49711937434288361
0.49612428178165646
0.49296722078268651
0.4947419231620836
0.49694378607808692
0.49023869833379702
0.49195117003947314
0.50149099808448827
0.50696924888795192
0.4954798299393558
0.49082631171740665
0.5011264144546218
0.51323454039826244
0.50934998398592479
0.49621196569392095
0.48837256684236102
0.48680967744445713
0.48879717420980967
0.49104462036709451
0.49668039752259763
0.50468227208245953
0.50163109032159126
0.49501503365613725
0.50229325118835477
0.50958298821677839
0.50390531342192402
0.49860703378800636
0.47866797430230651
0.20890819279048761
0.19197966712118664
0.46610428632278528
0.48662282976141236
0.48605214574712152
0.49094036797099305
0.49003598038823781
0.48816469784005645
0.48785263513743554
0.4682348494816706
0.46620427006900239
0.46329117858565561
0.47433181132742791
0.47479994476827975
0.47997588249445361
0.49200569801733468
0.4997042580879365
0.49595570248333165
0.48474787119393059
0.4747567172142742
0.47123284340968286
0.47411731178499178
0.48569318119573901
0.47643487761648939
0.47366900099434783
0.4745221774711017
0.46743597282667154
0.47442868877792832
0.4855902905247132
0.49285976172231111
0.48798705751438232
0.45566965511863683
0.1908699101546894
0.088629218672534787
0.18520304930597745
0.21679520088150803
0.24339678090803746
0.2427574657506322
0.26431646012765686
0.2335626729406462
0.24535697954544364
0.21005851601117762
0.2321715310146184
0.20108764626701961
0.21137787243994416
0.21209070877012307
0.23000501803092094
0.26310798290329107
0.25074853995381591
0.31397224083729208
0.19806424540619677
0.19133209006311197
0.19913625068227872
0.21639004082305699
0.24489380349252587
0.21050916822110674
0.21801967793204108
0.20770911533227113
0.16720224445883911
0.19984314626258329
0.22429034401871156
0.23416744903790915
0.19960784132137377
0.18530251984190224
0.11907746651777606
0.12175346888364101
0.21498889827968165
0.22676126125832588
0.22537666687626798
0.19511675624652985
0.19165822615517353
0.18416748328283339
0.22935976024991162
0.26524878560059095
0.19106313164885105
0.19954009339658738
0.20375258212112438
0.22862682042904536
0.22093871344501517
0.22215399646910072
0.22672791630002032
0.20985526075497413
0.21679186858471627
0.20311821662394261
0.21646950702368919
0.21534573326076689
0.21983118383817643
0.20607514300613838
0.22040095886916442
0.20748398563267639
0.21255104804969679
0.19810580389412111
0.20768515146081395
0.23848975310187576
0.21833182946096535
0.23069125091239018
0.086376696227638397
0.21771246256754034
0.42582906285766081
0.46320500862032205
0.46770318970199187
0.4604017167660206
0.44817167376102413
0.46290486124612595
0.46429626104997518
0.45475586501456733
0.45923274851165952
0.46570757124925782
0.458453751166983
0.4668536514016921
0.4608385128390558
0.45234843409490344
0.46518298008183445
0.46568229427501517
0.46121668290367046
0.45913762542733821
0.45660708048272108
0.46485494877691236
0.46788389963195914
0.46107986722293626
0.4624373315892002
0.46428447046485866
0.46100340941086537
0.45804703521481693
0.45749981174650162
0.46515550706508912
0.46603127028167091
0.45032782766880181
0.21821906828656221
0.23130063802087178
0.47086940486404866
0.50638916596352435
0.51069110827556186
0.50204214511505585
0.49006347087746893
0.49538066200023839
0.50380957382531566
0.49873158658416539
0.48970991234508537
0.48996444789265453
0.49718271769619793
0.49891286416614322
0.49172932526937346
0.49611323939117585
0.50160648390414353
0.49293046786380512
0.48160031080531562
0.48722512043719812
0.48452164133092801
0.49242067262038686
0.50119367897973577
0.49781335232005963
0.49644099701213135
0.49631946084874184
0.50142860015718982
0.50067755346904641
0.50391558874921039
0.51088441341293278
0.50516876738350269
0.48194560711908102
0.24336621196705771
0.234623587547336
0.46959715427160903
0.506872110392658
0.51679893963624124
0.51400566082631327
0.50050809181593647
0.50138051998539079
0.51276840580145255
0.51422076767883362
0.50252384699655772
0.49713824607190227
0.50424878462064238
0.50071416692157267
0.49550633487665496
0.49478230381985627
0.49174978850480805
0.48258138372445392
0.47593356526286068
0.47970158393328916
0.48414914088465549
0.4947426721079573
0.51138897545040096
0.51299054758164553
0.50359204800381796
0.50443978248592669
0.51438415278109173
0.51034804423245228
0.51329712117105319
0.51492103852889903
0.5070351882629196
0.48998783007782776
0.2179579249998565
0.23162491368275812
0.47524904268237517
0.51052631329286025
0.51032275019172557
0.51144618852137813
0.50703649339457946
0.50177959838050612
0.50961401996128319
0.51115454748097067
0.50319687751107411
0.50125961921696482
0.51339355462871228
0.50271673704294007
0.4945537842766945
0.4921505220499095
0.49201700980364904
0.49081744961110307
0.48492716507340633
0.48422044478397469
0.48766634031427825
0.4986841616112081
0.50944374899785116
0.5115366410727179
0.51494898546586576
0.51648637898043614
0.51269827279413527
0.51159446259427177
0.51100293311795542
0.50595381525065586
0.49978172586123421
0.47686537308562921
0.21419062680724124
0.19885149392129545
0.4652753080690909
0.5122090129649296
0.50841643630691891
0.50333313399606516
0.50242078002288859
0.49634310632009004
0.50197726617316896
0.50233389237700454
0.49742930167124283
0.49644899167050716
0.51803128078450555
0.51247358043622893
0.49693544741134094
0.49297771568572024
0.49774517812182739
0.50196303778654228
0.5006112979196814
0.49980875562778759
0.49743922300282306
0.50187195386551664
0.50783493546202096
0.50860644570190461
0.51338588437989618
0.51189413178482668
0.50807613781958127
0.51018273133127823
0.50898097776777174
0.49772611264953265
0.49411788650234201
0.47826404939652167
0.23512256479395935
0.23276837451678711
0.46495185615173201
0.51421618050089757
0.51636687059114772
0.50411901298143025
0.49698239788760273
0.49055992158073763
0.49553620087725903
0.50144343877001918
0.50287706209383487
0.50283296183503456
0.51357172019133246
0.51524271953109324
0.50412958721363255
0.49286249771950552
0.49304702912259663
0.4983054751437595
0.50318369140262886
0.50099416113590323
0.49975917240728718
0.49838251290718016
0.50419607107208297
0.50900761697796859
0.51013774593578676
0.51392757518205989
0.51442643204328409
0.50625679341359908
0.50866493292437132
0.50599468012224946
0.50449895434673941
0.49031626996450456
0.20947035018781465
0.24897412997576635
0.46062393888059694
0.50777944823505827
0.52111772256084898
0.50622197635019683
0.49641010355381976
0.49331678153395958
0.50009165927343369
0.49982528381200209
0.50931351539290803
0.51314451720750187
0.50465912983146699
0.50820044429255229
0.49822447268220965
0.48340422878339295
0.48433738873245913
0.49303525717293811
0.50654852478637569
0.50733707543916806
0.51194987921633628
0.50850405240991525
0.50900966195792674
0.51407333898161445
0.51516757781866829
0.5111807637976199
0.5077555860527716
0.49921252814479355
0.5075605753847986
0.51360039954911318
0.5109181914333617
0.489482973112497
0.20132164739946079
0.2296609085169605
0.45587011027811286
0.49577956103412851
0.50179174970772433
0.50052613810811608
0.49626052569983875
0.49900562658618941
0.49378890184426155
0.49468203505498787
0.51004823053638182
0.51136806716162764
0.49537271757863799
0.49744309330299136
0.49627987056421063
0.49077689281534559
0.4909030532880998
0.50009990489072187
0.5082113320107281
0.50639539972001102
0.50188589585498544
0.49701709461573512
0.50828389481387681
0.52027239315887297
0.51866575433420581
0.50538547989930005
0.49862511372075041
0.5007269367823225
0.50783457035776969
0.5136536206983271
0.51341221279077442
0.49146159206299261
0.20199472772606497
0.20560226086706146
0.45752910794781249
0.49192579607757386
0.49537892572619929
0.49789600212165552
0.49705421318019483
0.50350346674562541
0.49604711390810746
0.49693337408749744
0.50324257688904206
0.50313865342218156
0.49419121812209177
0.49040160383793135
0.49509440032253055
0.49678525540148349
0.49648239752846202
0.50560309847992213
0.50535654572164534
0.50179531183983683
0.4955427249837801
0.48392911207459505
0.50872260249836676
0.52241709594334984
0.51206989664936731
0.4979931942536
0.48839996140209269
0.4903244464794051
0.50174165315986241
0.5125557725227321
0.51844711205171135
0.48940063047668952
0.20412374409570858
0.20080456903656357
0.46176384735731091
0.49841058926582665
0.49837938789864972
0.48527990994917058
0.48405146581964759
0.49619648707905845
0.49988968753950919
0.49417455335926797
0.49229140247478781
0.49332743817163721
0.4917486842758742
0.48846009921448669
0.48541496152012359
0.4894629044558747
0.50149515797636723
0.5117252740199314
0.50548598317124149
0.49729089066601395
0.49658302812921018
0.48994398880718576
0.51316646639949215
0.51552056459464946
0.50237325241985675
0.49126271669769567
0.48783875668475091
0.48922164418113345
0.4968977357810303
0.50489262623322573
0.51276015258385776
0.49564228801546956
0.23103888427565608
0.19500872633276659
0.45979218552879575
0.49527355114231458
0.49328122951616199
0.48556959964174723
0.48230947639975258
0.4816841483991261
0.49727562168225814
0.4990859467145376
0.48865999894212314
0.48747672856930896
0.48857046143886973
0.48802257529351001
0.48498558515746892
0.49378665417897977
0.50528495814523433
0.50992999826559959
0.50428822520250616
0.49991938476108
0.49310817162179194
0.49661699891089189
0.50301976565044471
0.49766735888232527
0.49683905143794788
0.50196034397210831
0.50750983628937585
0.50345874782556232
0.49698725045897363
0.50032771742370952
0.50698421708990693
0.49702727620972054
0.26015522389016571
0.22297577315822784
0.45210282284050179
0.48955783165935213
0.48887916741519388
0.49221934237467957
0.49135012560041846
0.48259483064830616
0.49883129196096865
0.50614587812637601
0.50276084687310774
0.50024147455022494
0.49845047135011505
0.49308165574486479
0.49369465939546148
0.50799005144465048
0.50817165180325519
0.50703771203629022
0.499513686695779
0.49644447142269121
0.49262779025066478
0.49562086389145832
0.49417175151907072
0.48811500474379221
0.4950025016407944
0.51030316122308794
0.52770125848015859
0.51547914468849665
0.50080461740669191
0.5038349784466114
0.50860757646753463
0.49025621298537347
0.258456894229802
0.23377899167384603
0.461750994824769
0.49286690994241977
0.48548411642472011
0.4949421702137195
0.50411806345738219
0.49801337421424202
0.50012353731962389
0.5015770498616221
0.51079820821735367
0.51194642393090661
0.49804039583599691
0.49354211900121592
0.49860888212711346
0.50439830822625087
0.5005233398269533
0.49843907614486038
0.49641844033098725
0.49285507673246248
0.49684780266858364
0.49935597045298247
0.49371274515239105
0.49299586011984947
0.4905636873729865
0.50163374224796042
0.51935764948586294
0.51774461418103179
0.50653463157002221
0.5060343995262252
0.50542664964307016
0.48370173060186761
0.2112060693773187
0.24558482367049297
0.47593667458643862
0.49813455278731633
0.48611413937255876
0.49535502041708607
0.5042065681672615
0.50400314489726761
0.50173519214929285
0.49579348900937703
0.50378133078545684
0.50863179064443842
0.51028417153582128
0.51114065691385657
0.50152068441431907
0.49519853636429295
0.49504322677419443
0.48870961947537261
0.49230709008805468
0.49435561071251116
0.50587187109180309
0.50778295012379981
0.49943938804423871
0.50435931026792691
0.4971503764526719
0.49474969932678192
0.50882738916663983
0.51579468400847395
0.51078030234845684
0.50638248048201362
0.50230498458369166
0.47705110790943689
0.21913600614565229
0.22342584769775484
0.46616811920732509
0.49321405899295673
0.49478761285866535
0.49961998680641534
0.50118640085701738
0.50253992853465235
0.50210663410816803
0.4939027471646924
0.49303054311381761
0.49843437322360207
0.51569500235640786
0.52357860109600218
0.510201132293712
0.49808080161674384
0.49998187438262487
0.5001971117137578
0.49808104638350009
0.49440023962439977
0.50326021813308308
0.50276381955881089
0.4950086787911851
0.50981116591524778
0.50852472344279875
0.50446045146015706
0.50435033780181371
0.5015632298607815
0.49903981529168012
0.49762559859605088
0.49246382555425355
0.46977458093059377
0.22479506969813803
0.21988195112442052
0.47346840059158829
0.50154509055081764
0.5072240771450568
0.50497960134089304
0.50525560197326913
0.50946267336987883
0.51068362172986914
0.50454652069274986
0.49850605852118041
0.49491236083646273
0.50090083783277362
0.51286439708905096
0.51046391104668298
0.50345303007745235
0.50355325510903171
0.51090249788269748
0.50898379353937462
0.50433913224047944
0.49925517708016132
0.49039221295970076
0.4932037371033508
0.50581537205827187
0.50655096953145673
0.50215862070947048
0.49820935581919501
0.49524851408581555
0.49559446657531325
0.49824054758267605
0.49395666917633346
0.45827332757131051
0.22548205421235115
0.22762966054359768
0.46827430906510575
0.50348597151375729
0.50835058315497206
0.50820821049542142
0.50467015834474616
0.50058514905460816
0.50164437439211318
0.50271663951195111
0.5004494576368953
0.49241084656111622
0.49728625069398075
0.50130550221030712
0.49533854925061799
0.49314390935513802
0.50074936438620776
0.50807761200878299
0.51454443840067154
0.50719534871787675
0.50230205527226024
0.49483091092440668
0.49872047487626187
0.50209087219549264
0.49933359847914965
0.49136291659483544
0.49025107115707806
0.49669442493112637
0.49842171825745474
0.50020998646011816
0.50222176856668876
0.46855729592415635
0.22631059026724024
0.23797866243215338
0.45691602427487665
0.49244915541594037
0.50320600646389158
0.50843209058753913
0.50345853513380123
0.49627150497359768
0.49580712565365564
0.50225985532200479
0.50457699809005796
0.49613226022493934
0.49681493939069205
0.4949279136715628
0.48911934360139331
0.49299589692930595
0.50886397705368358
0.50629463115952755
0.50225237806621403
0.49670041533013404
0.49813028771625656
0.50276031932758403
0.5049063656929863
0.50484987279606086
0.49349219519655879
0.48267672357259583
0.48983473074514189
0.49288062477511535
0.49850568517899091
0.4979793040706188
0.49973880574407942
0.47343675876978336
0.20700373334279309
0.23527654473150145
0.46077157836360561
0.48953590873496022
0.49852461577402563
0.50429412530569007
0.50389843885612495
0.50816033250956771
0.51583451457947116
0.51323864095799931
0.50443925173891158
0.50000289767502382
0.4973820278156813
0.49532752071607983
0.49733232480038903
0.50003992886599113
0.51082271183787997
0.50751536770230676
0.4964588727202503
0.49005391920845337
0.49467150922654013
0.50184825549904521
0.50873249607947024
0.50576428313134525
0.49552978497416517
0.49257834170074399
0.50061233471763045
0.49478418446149419
0.50443498731233771
0.50097186487670653
0.49763562313713916
0.48484704690762187
0.24204109783221556
0.24218043320979746
0.45579865267381103
0.49370982846176126
0.49979643333655599
0.49935618632390216
0.50224940147328567
0.510907314475333
0.51526967725250439
0.50668082875751286
0.49961918728069499
0.49994621189821153
0.49233421273765932
0.49258328074036117
0.4969422125434596
0.494400122601725
0.50256103944368624
0.50637868438879508
0.49892776129797506
0.49109136561758321
0.49696179267429114
0.49989633599230243
0.50106036829462863
0.50110045103131395
0.49670727896541006
0.49735229150444199
0.50570293884546436
0.50416698672496185
0.51202834333388547
0.50369879597761524
0.49705121144894221
0.48479393921282798
0.19703494047400091
0.2160818778217885
0.45600875390760975
0.50157660137013094
0.51247493410492007
0.51511460284330068
0.51056386782934016
0.51203541904787708
0.50712880805099303
0.49839411701425029
0.5013849308020899
0.50829055201747153
0.4991849717235044
0.49651494687850639
0.49264470175056763
0.48625122734073756
0.49245628704649169
0.50348512294589032
0.5053668786155292
0.494266526968965
0.49208125441496331
0.49619042652421141
0.50128860214873261
0.49754239543546647
0.48960494539316662
0.490407273804919
0.49370514767048757
0.50676892989616606
0.51241800679384275
0.50113700849878229
0.4942237720751555
0.48346277304212193
0.20344668904145657
0.21368792156063518
0.4538151898374792
0.49903527793365515
0.50456994966796476
0.51361758479748931
0.51471110640695039
0.50827946522470235
0.49648499199289942
0.49823587890562748
0.50225536654058167
0.50981626958925708
0.50917202736819456
0.50213125793742386
0.49252573259465732
0.4892926274081924
0.50428062448909106
0.51807334647408565
0.51628328641670085
0.50893244466671494
0.50399933721549783
0.51163658331133544
0.51498013218106409
0.50226603774642653
0.48725858562009805
0.48805725811633044
0.48821682036677155
0.49906668115302333
0.51101582806961254
0.50736671628446739
0.49799707379530395
0.4789433518179394
0.21101896962033237
0.23832841956397971
0.45716622704472504
0.49957632767412236
0.49413831452561269
0.50196695795142243
0.50940850532009263
0.50329710118717441
0.49580682290494993
0.49819594293227631
0.50011431851843291
0.50497776788375404
0.50720885252029124
0.50015030275256389
0.49133034806945736
0.48864872977658413
0.50348697482586902
0.52122442379671463
0.51448469264110175
0.50371835460451209
0.50075381148695841
0.5100405276030463
0.51149987884323345
0.49975585341053841
0.48809742065457423
0.49543397999307648
0.49308720865805256
0.49307408148471432
0.50410346731985967
0.50763131640957737
0.49671815936121305
0.47528907145640709
0.23237257727582844
0.23993101341953105
0.47138554071026884
0.50537978184318144
0.50398706467849874
0.50624151518762184
0.51148193744010906
0.50654007107938304
0.50194560948415878
0.50307617739633292
0.49725784091333042
0.49591011813522684
0.50078200172727094
0.49296780421358971
0.48135149713671638
0.47981383049022069
0.49123809423227288
0.51561912596309556
0.51091511021131353
0.49320634834853055
0.48465402325083817
0.49772490477748554
0.50627173896923994
0.50383457444274482
0.49341755168033397
0.4913345336537267
0.49524709526911304
0.49894033695592233
0.49717358194665445
0.49388062357766926
0.49371447000284635
0.47992085152012015
0.20617741027541764
0.20130326430015549
0.47604333997244114
0.50092071133379901
0.51201522679431566
0.51007775898820362
0.51153720489357069
0.50464019089104617
0.4995371299887032
0.50034616407638011
0.4978924250483977
0.49066520974052352
0.49280767595972197
0.49642208302479979
0.49206299570117162
0.48210572835783222
0.48804209434049378
0.51320004570323074
0.51036047498180026
0.49839677096305113
0.48700990859250626
0.49082928390567265
0.50449581165494883
0.50708965426635466
0.49370320071860357
0.48104132352523449
0.49039955142447761
0.50083534772240368
0.50019096569010602
0.50077096693885848
0.50723461870416731
0.49613509635144776
0.21702908274926347
0.24918159328948603
0.46956372495744814
0.50579256328513478
0.51808613228102363
0.51584809560423961
0.51335755174493447
0.5039241562532446
0.49871244208556426
0.49784955814459175
0.50423603801139871
0.50174054229026821
0.50005771762755669
0.4954938734869197
0.49397293109149482
0.49146722091487788
0.49572016954516818
0.50341643744102649
0.49651702803178688
0.50009565303221548
0.49334793421137907
0.48966988896103625
0.50038690109508099
0.50388534647557681
0.4972928106054002
0.48429941945967969
0.48620454592611873
0.49109813591543755
0.50153379734049119
0.50577317494455898
0.51104997519972617
0.49867468169555679
0.20265192246219857
0.18579084015019223
0.47153014376398228
0.51287800352442747
0.51833208317831936
0.51759494799817185
0.51418838213040219
0.50327620320303446
0.49510770208106236
0.49563565757432376
0.50935850568573959
0.51862534288799655
0.51289192449212273
0.49931865759286792
0.49067572654747443
0.4864629109732404
0.49401247599358494
0.4982798749605124
0.49228648008021497
0.49250993159837742
0.48824450113980861
0.48695306946232075
0.49472161049296953
0.49764200716348844
0.49899295098667862
0.49719879929265132
0.48936505879925685
0.48957458911767948
0.50226528553409389
0.50826800456697629
0.5016483911445514
0.4831711276051972
0.2123753870782516
0.19590555995690434
0.4543911219276886
0.49998347607239713
0.49878250797461154
0.50260621907457437
0.50916230305211918
0.50588170374411745
0.49450188741352491
0.49566175783331728
0.51219270120922156
0.52576356559710125
0.51699992005403272
0.49977248907258326
0.49334935755235448
0.49637907225601058
0.50144418781531597
0.50250710827793554
0.49537380350635501
0.49444168900664337
0.49260040373930408
0.48838553888658826
0.49006150700376294
0.49498902159007707
0.49994191623849804
0.50052445938387113
0.48846229784425188
0.49116750387732289
0.50283875291795477
0.50533560784380671
0.49319970267203628
0.46604215218602146
0.19386017344575984
0.26560839645899881
0.46655607541547633
0.49575047831440933
0.49110903111229282
0.49486869003961204
0.50408652051939895
0.50256194301875778
0.49626003247167233
0.49396328992185823
0.49866218035388443
0.51159182911443768
0.51180839587642457
0.49329875867125289
0.48970318136475977
0.50396904427321887
0.51270864649519754
0.50469175372211683
0.487735829732107
0.49358592202736662
0.50064723106321274
0.49572096857304215
0.49551687577728953
0.49796134798311098
0.50173846338212191
0.49735423135618345
0.49504531567368648
0.50298465464999464
0.50183482788228262
0.49678723822873844
0.49025155253800229
0.47453414113426473
0.21278558547084916
0.19971862715248204
0.45569857041751011
0.4883215405610119
0.48992883675487942
0.49355713158230941
0.49417910640047741
0.49126484935214387
0.48445773906373008
0.46949599069865028
0.46628661143847833
0.47042448571126488
0.48653955403782423
0.48440813990367915
0.48935830276410985
0.49665591500370798
0.49229544950035026
0.48388657967736098
0.4754571634863049
0.48231194433850239
0.48432610157454864
0.47979761456562486
0.48257192606630001
0.47487099033450675
0.477136058882076
0.47407004471493158
0.47521292467269011
0.4817938789261404
0.48634705705884623
0.48535823207869977
0.48010692390792981
0.46221269101470991
0.25506132398093745
0.089813527553924549
0.18064788126690304
0.22695285060959114
0.2490498827314454
0.23712156080577201
0.20953290061030627
0.25060097166745327
0.2387716682402401
0.25700339051180032
0.24018825433838206
0.21096192222869053
0.26686004756379189
0.21287083576044688
0.22030698886782468
0.24801633644832569
0.21750952342852181
0.19311247029114095
0.19343971619891534
0.23037417004511809
0.21710844450091277
0.23235410161971279
0.21233782660566436
0.22589045595494128
0.23683451429183283
0.19992146487550427
0.20791899122158086
0.20049944520986909
0.1956223391392414
0.23858734681016147
0.21186107341771246
0.19836584905735286
0.12227308170661985
0.083022182138312334
0.2089427310847197
0.21026259347735979
0.20524246238367186
0.20509020386430019
0.20895230784958552
0.19373007768215406
0.18358564657398813
0.21636513366517457
0.20442221104784927
0.21417927434331571
0.21813880605668248
0.20464853365472621
0.21033173955581183
0.22628422760058062
0.21123248128125674
0.24532177995949522
0.23011225590553092
0.23079221528146196
0.21134601158855801
0.23053263384778405
0.24451068415016275
0.20523687589319792
0.21710361720220869
0.21081182792748576
0.23311385559123043
0.21295346803530066
0.23548785297560249
0.21525881607258318
0.21477941791133529
0.20084347941006805
0.095174881142970624
0.21416442414692996
0.41192572794539278
0.45754823443546488
0.4585334325064101
0.45298540757652456
0.44677143026870086
0.45244694420613463
0.46651517452164398
0.46094636879286716
0.46142122375233213
0.46750577140877103
0.46176383628698386
0.45954102422684612
0.46452176014446911
0.45970964313468521
0.47163700260806946
0.47796437687567767
0.47184465220319161
0.46680903146215719
0.45872941811196594
0.47298902176104657
0.46356976549303025
0.46401410657009989
0.46483068144711226
0.46467361532492968
0.45668375445059778
0.46028305071719033
0.46289403195396012
0.47442347205155144
0.46923696235448548
0.45174567957486106
0.2482784620016934
0.23278991093042622
0.4647006838404833
0.50203740294372412
0.50400958679356334
0.50251942946152994
0.49303078695083741
0.4900947164136622
0.50430165669332416
0.5053201852275867
0.49315106178368867
0.4906439926317997
0.49599181430635991
0.50022428539692598
0.49499797810714852
0.49389139894741102
0.50202293181166602
0.50089083472022744
0.49559895221283462
0.49892122230402519
0.49734412441312276
0.49946621599664948
0.50494268828585886
0.50454600615934708
0.4981667236826387
0.49228728016508277
0.499972886660145
0.50401141789120529
0.50208816191530281
0.50874543737925515
0.50521586795436979
0.47958273185164729
0.21148412891008661
0.21213262093436133
0.46805636113308707
0.50541717135486097
0.50817022245524013
0.51262987704109053
0.50284364773454038
0.49600150245569791
0.5104419832239685
0.51264133793438371
0.49543779707982355
0.48671184072965973
0.49647036607361894
0.49204433387476532
0.48756672046847443
0.48373544779108069
0.48860989510024844
0.49093803679799475
0.48768309364713608
0.48901361527135467
0.49269566563197525
0.50288535993798777
0.51097885450652836
0.5108447969974832
0.50438225478755572
0.50476683246900433
0.52117347353891263
0.51411595010393285
0.50536272142401617
0.50757271481054622
0.49961891598631453
0.48183713678755968
0.20521060260349103
0.25033203192534098
0.46691618461924966
0.50452652308942947
0.50154603954384269
0.50210194677490605
0.49856180722288523
0.4927014997592184
0.50319570153986048
0.50805248339826636
0.50152478380159471
0.49131400348919618
0.50391020571087419
0.49510852467467675
0.48617697627443968
0.47908532486162536
0.48720441910753259
0.50265368970665492
0.49822213572918084
0.49264265008562197
0.50087227133692425
0.50663015843688608
0.50388407876756702
0.50817215268628091
0.51531508407904392
0.51547420174475966
0.52006422081361992
0.51498881151693432
0.50470338788876112
0.49962118877453288
0.49610363195528334
0.48730754484442634
0.21090790896150938
0.22545686098463463
0.47098005793338354
0.50538964317743429
0.50249432554538642
0.49517697811117939
0.49052848030351931
0.48673485749334472
0.48836322860047066
0.49128451928578881
0.4922488410561327
0.48787628348976975
0.51215054386775893
0.50066855497407803
0.48835556256219587
0.48434248266441415
0.49066356053969679
0.50265873695948859
0.50369566327226534
0.50232329595291625
0.50979061253051394
0.51257836973521909
0.50697477556691994
0.50481763539091362
0.50430621891639893
0.50413198251444391
0.51236544235833359
0.52041801548124211
0.51319127512932072
0.50085128990511507
0.50438404647208568
0.48847852383983686
0.22174033124435033
0.22611373494092757
0.47305993628344822
0.49920825994333667
0.50587370635405426
0.49993542823414211
0.49503923139631861
0.48377192259563367
0.48347008297534422
0.49119343446903441
0.49724697439422982
0.49082151478846497
0.50852141777811466
0.50643573983452816
0.49706617592823155
0.49209850364670182
0.48802911772771884
0.48734495792509014
0.49357677613847106
0.49653196714695064
0.50699977880114722
0.50586743920682697
0.5039056363535519
0.5080506092061472
0.50079126715419076
0.4960483311061461
0.5040100155438938
0.51163195453273336
0.5182397495927602
0.51180411080877941
0.5142072870771911
0.49988808662224948
0.22018027402198803
0.20126680375313127
0.46342166943726643
0.49797597449730496
0.50962737161795513
0.50561173508692803
0.49856065559773172
0.48667991387746667
0.49232734935476091
0.49432499506267996
0.50417470995144253
0.50147236031167197
0.50541398266909043
0.50447808636108404
0.49823693338622127
0.49075205565736069
0.48478911188352736
0.48210910792427297
0.49228433206163702
0.49760894103905007
0.50852207333618549
0.50848078132064678
0.50700577558162541
0.51947870792999384
0.51269456926495038
0.50016759164351177
0.49790496705343013
0.49693822697571172
0.50733694032882715
0.51327595172152707
0.51175230648877745
0.49145854273177531
0.19699335438956303
0.19853180061540915
0.46978057724901379
0.50008341489263919
0.50357091416823163
0.49898492627841085
0.49735851772611678
0.49674340713497939
0.49650495296587516
0.49700273004664158
0.50650787757337445
0.50242301883071627
0.50616097030411678
0.50429260515602847
0.50358060641993507
0.5007340068838585
0.49184092521030959
0.49437389940978249
0.50323193623800178
0.50049353080931369
0.50198478075539554
0.50100945606703917
0.50543220227704744
0.51912290981151954
0.51082036239462913
0.49633145387868904
0.49927196693757708
0.50510421307888387
0.51190327287553139
0.5132607856492899
0.50757973641710219
0.48619667053690863
0.18824730857905869
0.20434786815653161
0.48255427818006902
0.5055025410285815
0.50173817234158602
0.49704834354835864
0.49877277017689642
0.50379341498075181
0.49912795031610746
0.49761431866955119
0.50225050409384464
0.49860875149253703
0.50145578403831792
0.49765296589736174
0.50659521305372357
0.50648565936429568
0.49701827179259672
0.50316395013016857
0.50484439811149351
0.49991018256297753
0.49789025405292126
0.49154770428710148
0.50261264442614484
0.51522729291916058
0.50414512038590764
0.49044919426006217
0.48957782332892275
0.49907138888690189
0.50727125490704239
0.51160204448564517
0.50741069322935517
0.48149430817137001
0.22183348144215942
0.20573291075027766
0.46890364527152051
0.50753935601059408
0.49761680888135318
0.48755955964579811
0.491295198504342
0.49862857517941328
0.50445104421001563
0.4974977889828423
0.49654606462807716
0.49823118922458626
0.49950111890345866
0.4961825057209146
0.49758242010597642
0.50607810276701892
0.50931365609886015
0.51153929937967635
0.50506016869155546
0.49690405058449871
0.49886353201039785
0.4975103658044433
0.50823361961540292
0.51691199817008593
0.50192479007420121
0.48977553546344371
0.49201163917251695
0.4943830250816631
0.49856113551046755
0.50546013452194405
0.50544031249899701
0.48149721362722975
0.20176894422340377
0.2220056259383357
0.45119806290217129
0.49438812196221499
0.49520338187251134
0.49208237615575662
0.49296157850458394
0.48583953581927281
0.48982582374036493
0.48692621321233376
0.48256445649818436
0.48930172455998799
0.49872159151168227
0.4949356072757124
0.48243903642077723
0.49257422075131863
0.50927497201089622
0.51318902013929824
0.50490861026480449
0.49687010097746093
0.49510633660086395
0.49791601651604345
0.50367695813486868
0.50341649515885334
0.49540386398783143
0.49621581124448072
0.50678049011850002
0.5045559750136509
0.49596716997108514
0.50385535031190443
0.50464330943244928
0.48108492190504848
0.23759827539313147
0.23430770208452242
0.45729273627622047
0.49110795742003355
0.49401744297094119
0.49726365241662102
0.49857489560890267
0.48841226791871284
0.49433974414572707
0.4929819365651964
0.48920767330343146
0.4897225777000494
0.49667176435482718
0.49158433516535577
0.47659709198851596
0.48557114478525398
0.50211739811278144
0.5078802247219022
0.49883246060611747
0.49735366090508992
0.50049239748960805
0.50191235273693913
0.49394022417741779
0.490268552254158
0.49540359388978933
0.50646283975503104
0.52320495387210908
0.51892904632791392
0.50310132388042506
0.50554166366488307
0.50374208945457954
0.48463515304459853
0.23900493480650878
0.18638630455931193
0.45672866493170278
0.49670596355056562
0.48988571856800572
0.49666687316021446
0.50387330121753893
0.50071661390409961
0.50002688458731692
0.50060824675699178
0.50701163795353577
0.50450809109541705
0.50145650878542936
0.49565938934709969
0.48836265573800958
0.4917555309038607
0.49749073867145682
0.49791374420921286
0.49394699340367815
0.49544309367854034
0.50346323464847131
0.50486885345424171
0.49408304813396808
0.49810940481041877
0.49436583093535108
0.4998969178514418
0.51461353483476602
0.51933820623087412
0.51017863521808249
0.50493685243934416
0.49860858738369085
0.48078533786802513
0.22294843231976558
0.19536868284318307
0.48219592155949131
0.50059098069309294
0.48912086943856109
0.49170125692168176
0.50312113286523097
0.50368214945654233
0.50016352596469982
0.49907325154311544
0.50682765617441861
0.50973974309029368
0.50973525974338574
0.50853680573933646
0.50156353174061097
0.49750104190018557
0.49643343931205641
0.49137386578649606
0.49554517244773405
0.49905210795060273
0.50131493622797263
0.50104657690490151
0.49639185288449611
0.5092304485886251
0.49927155223907221
0.49588508801582087
0.51012918532758311
0.51899436511078201
0.51544046908083641
0.50338013078139976
0.48977719034846157
0.46855690080405482
0.19917669442383829
0.23448023038458385
0.47544337713853901
0.50113366643572677
0.49443344204494905
0.48828687204544724
0.49501640300740724
0.50219661206453925
0.49766243429598028
0.49165303263722343
0.49739893041161309
0.49976578525114435
0.50569041905817103
0.51602638833994019
0.51558612527573955
0.50732471039082816
0.50336512986411741
0.49995346564491366
0.49499556047633059
0.494302440246421
0.49785786380176733
0.49380617628914758
0.49502525198988645
0.51299750448071868
0.50913546511970109
0.50036742646934995
0.50712001838349752
0.50966479487993077
0.50680514971151391
0.49950763047618135
0.48534582109910718
0.46042817286470528
0.29337116078879072
0.24248778026859766
0.47050439239819103
0.50629021316362022
0.49902311487451434
0.49357933541352378
0.49746249811512244
0.50235154177216412
0.50079480448591618
0.49654015365932497
0.50051197716054685
0.50222526449109972
0.50407948562537142
0.51118800760191196
0.51071988084009678
0.5045623388292001
0.5001043186165538
0.50010632434337388
0.49073416325642899
0.48945964814528659
0.49825570283031512
0.4917898941126233
0.50315097481716842
0.50854715002444517
0.50307961221820818
0.49930491986865783
0.50567868598051757
0.50368804399726042
0.50455160922649434
0.50462054722514227
0.4957990690384339
0.46604109287962231
0.25893457453278373
0.23166401330034911
0.47195190191290842
0.50583820217115616
0.50353303415316542
0.50729486915571254
0.49999174621198095
0.49236112507616409
0.4964192791791967
0.4957880043521794
0.50519691352807405
0.50710630146153179
0.50750650618061377
0.50542223072581283
0.50455849927122154
0.50057929708668947
0.49518759503876564
0.48998741155360043
0.4896300230502707
0.49397530025806047
0.49654273879167526
0.49623176164608845
0.50347557642267282
0.49779060432243677
0.49566965011605563
0.49811528587874987
0.50628121137530313
0.50844364392906927
0.5028277762781268
0.50123023210700479
0.50301217404242726
0.47654588774974588
0.2214146444937079
0.24841798683194219
0.46086173053278007
0.4959080898058848
0.50134162880453903
0.50841600605424841
0.49788606010357439
0.49030460165408463
0.49188382668341829
0.49359199750974914
0.50434524635429012
0.50530593281046055
0.50087945235067211
0.49809381413473985
0.50157997072031246
0.50953245681204562
0.51093637208091747
0.49673270648325918
0.49245047862047914
0.49288024896806865
0.49192331845821591
0.49187543969973196
0.49335722511664315
0.49200101994155038
0.49305324960805125
0.49224760185700178
0.50145912519961344
0.50820315074078681
0.50661743465957365
0.50562972851773191
0.5062663365418113
0.47610297238120747
0.2090849943157492
0.21817195734723036
0.45826202338544392
0.4943769565621724
0.50377646872784654
0.5082461928885269
0.49979755565946421
0.49990749538486645
0.50550242412299096
0.50394902116668594
0.50872152087259859
0.51391084964195066
0.5003358209245643
0.49211045549974147
0.50149474935850546
0.51137234099369089
0.51506490453928477
0.50307098788744808
0.49540894521498829
0.49531642044423391
0.49447597138650207
0.49568884920251294
0.49671021339859595
0.49628294730103972
0.49791181855217853
0.49528726417194768
0.50283190447333304
0.50312610685903136
0.50597439669973088
0.50963230563875317
0.50810938400291239
0.48158823607222673
0.20446592086020124
0.22231764816311367
0.46049895041103206
0.49425613726734996
0.50044877257142928
0.50093070527423222
0.50036988176051733
0.50929874832758792
0.51187760388452497
0.50376692294956571
0.50424326341646608
0.50957756018646616
0.4942643335187169
0.48357377480227448
0.48688978002185973
0.49348407530195865
0.50292011537874981
0.5060275483554163
0.50205655801815419
0.49900057501201922
0.49813593922671012
0.50014709553585068
0.49757066465634692
0.5000954712349599
0.50276645160246314
0.50455544600471092
0.50573679683470252
0.50041757628699646
0.50169721281338864
0.50216774449203516
0.5012503358505388
0.48763791854144917
0.21423678664193171
0.21658811641374667
0.45524134784131426
0.49617182270432136
0.50362825157331237
0.50388010077612377
0.50377587406252644
0.51046396273232952
0.50465420563124186
0.49835478885778606
0.49285436955246337
0.49936777836377699
0.50497118566944343
0.49476599321739084
0.48474502038391082
0.48513330452739828
0.49474151990501974
0.50847321227974784
0.50103931313511252
0.49144287788358021
0.49926060279703288
0.50590441392941965
0.49960842331969124
0.49595400479747181
0.49539016332804064
0.50188981619560658
0.50323629790964075
0.50469162042029692
0.49715005014059216
0.49397396136619198
0.49753935109791814
0.48995548152444929
0.22659535139419376
0.23377385962284622
0.45970994242823032
0.50310146371486986
0.50863465195603064
0.51195561572862969
0.51126746821458136
0.50452864039427092
0.49241531504531733
0.5008471492556259
0.50007824034500814
0.5022000106617166
0.50831717120683484
0.49873769852527278
0.48329079279107107
0.48662237397772401
0.50005543364641858
0.50858439631315933
0.5047038148311962
0.49740441324334828
0.50352871920277931
0.51369578772912894
0.51076313419993302
0.49913615028387687
0.49226673993084386
0.49931510261191892
0.50294207412636949
0.50285084315432838
0.50126292100754966
0.49821929660387076
0.49740718588965521
0.48402258754071903
0.21146009761961937
0.24599922523714213
0.46150924519934
0.50346144159074191
0.50560359901159579
0.50796355328983145
0.50673993257497141
0.49892914839026564
0.48844032514099439
0.5013341230588495
0.51141173501970172
0.50860507596704374
0.50684726101194477
0.5015049357985687
0.48682804661968904
0.48355886372543261
0.49727569926219989
0.50836301715820298
0.50209856357547433
0.49861190274061901
0.50422664308410237
0.51050952991969112
0.50520587986130849
0.49416910681418352
0.49187183819609814
0.49806544532207436
0.49505982473908861
0.49310552491092496
0.5012426376984318
0.5043052656687419
0.49689964790802488
0.47889478329884716
0.23456458803100599
0.21864352544859467
0.46724499453018459
0.50246041808441155
0.50704110080053488
0.51352304736576615
0.51280743476761137
0.50414989771856833
0.49834363638347745
0.5053591382900896
0.50611388994500128
0.50238853741863454
0.50149456290400496
0.50114437510599441
0.48904383659697609
0.47670202409953516
0.48765465841941841
0.50647380818091792
0.50170636468840302
0.49558402990195211
0.49790409056938523
0.50154422898818185
0.50592151726192425
0.50507496683389075
0.49874414512218601
0.49427218471124951
0.49138310957865938
0.49490738112198962
0.49645202839953734
0.50144938480415224
0.4989048957562196
0.47638203549615754
0.23419934614936341
0.20186741618258566
0.46479100900989878
0.49613831020678362
0.51013415930066019
0.51667434514951227
0.51677913919472163
0.50819188529294734
0.50302401402560681
0.50487712453610023
0.5033332808927401
0.49992513646830367
0.4971947358092812
0.4989480419498763
0.4957433180171395
0.48950096670369325
0.49243482161237095
0.50674214541976914
0.50744533623239452
0.50208735146930605
0.49856652494235343
0.49974694338770259
0.50752005395737965
0.51038735772427846
0.50419372510480776
0.49454567745754918
0.49656931016481504
0.50225913703330571
0.49381785148239282
0.49558568904153316
0.50176714982381465
0.48744162803206148
0.30237291282003675
0.18592000334470307
0.46798064699505998
0.50557935606671567
0.51365120863073088
0.51247056549898573
0.51097786233958797
0.50724312821046802
0.50544244302428909
0.49984581660508137
0.49820684015160138
0.5039541927225889
0.50527171807537408
0.49157429968308286
0.48817805375866785
0.49384956097251015
0.4956095580490173
0.49845081015947068
0.49920098549400621
0.50609811641812075
0.50244716411367496
0.50214232949526072
0.50677539434163044
0.50807931744863943
0.5065461712806747
0.50181084056611924
0.49956185195962288
0.49814004769074843
0.49073124026996495
0.48952974740183303
0.49720363497187697
0.48178925527994748
0.21490402742786527
0.18360621664516272
0.46922588503391693
0.51686856914094126
0.51838607289103444
0.50854852650035942
0.50592102707623432
0.50027495040478465
0.49562886945820778
0.49475614960372338
0.49777572302800044
0.51065779549724233
0.51075658925105338
0.49215800389195674
0.48409045237351972
0.48918057790346825
0.4946819649720624
0.49551565472381282
0.49494887668969406
0.50004435779973166
0.49490160118071819
0.49472412344181288
0.50141364420744294
0.50182219572322473
0.49804013813121506
0.49872836792306691
0.49698300697797992
0.49498121387409227
0.4941608736812047
0.49514320447029458
0.49330170141291063
0.4750860406421914
0.20683772639215983
0.23051033792080253
0.4686607881073242
0.50511604274142607
0.4992017980707128
0.49270293262439174
0.50160159189738707
0.5017845334887413
0.49718235203015826
0.50203467315764949
0.51028204978013891
0.51570971956883782
0.5105398681804364
0.4973571926234292
0.48635644407873824
0.49016146128760713
0.49861850832336663
0.50052643627686033
0.49443208798139304
0.49854404244149675
0.49892395990993837
0.49480361702625442
0.49019778898923755
0.49604564812550672
0.49416498255726793
0.49470339133852342
0.49442058799405408
0.49840929406429635
0.50169513957300083
0.50280407777600533
0.49436901381805604
0.47586128704542546
0.1879540902005048
0.20737656178253022
0.46752004586940454
0.49561011945825101
0.49084277613401023
0.49101435478351846
0.49801403122497157
0.50791351011363994
0.50407848217174955
0.50054025768050325
0.50541106215457654
0.51003511872799068
0.50132896347915579
0.48864577655392938
0.47955132669817535
0.48851025775432555
0.49759058077926888
0.49476670401543327
0.48715807005974071
0.49855731457931785
0.50973921087972152
0.50233285928689553
0.49083564780317973
0.49752839587029452
0.50365896580926695
0.49786432704705952
0.49580614991591238
0.50344385200038333
0.4991509690827346
0.49636966017802958
0.49504065598783364
0.48437769808674036
0.23857730010061698
0.23307298606234411
0.45263211592568492
0.47936883857299983
0.48861756400211037
0.49554407252272409
0.49418560093479924
0.49394422398727544
0.49544059005971219
0.47526825553517194
0.47441117929740306
0.47740664737963212
0.48236334284504206
0.48238971211407955
0.48007722618967258
0.4822707503427402
0.47701483221157398
0.48253682653371427
0.47570774263412752
0.48476339463498835
0.49349252472095156
0.486557173799336
0.47889051732032611
0.47750705767004292
0.49151094587197469
0.48651240417381275
0.48752545791534913
0.4912516087428847
0.49287310317318811
0.48356925911533866
0.47911729395528063
0.47300742298577902
0.22550650767578706
0.092558480561252432
0.17714496027954516
0.22736676643036033
0.22858827139778112
0.30110890823314035
0.25921341676097392
0.22402540072487775
0.23150297775008921
0.21771721965840138
0.19033785946444373
0.19682731326790559
0.21616091420422787
0.24697327137441727
0.21965160188411997
0.26526406309486505
0.24953891392194219
0.23799554613178459
0.21843641085661644
0.22460102644858837
0.21410233667086828
0.22277070966239679
0.17513096178641946
0.20651848307617141
0.23459106706902791
0.23779963888757799
0.2196010641578737
0.24375751750910646
0.24364176760593284
0.20446313305806774
0.24136726293896626
0.22285835875598137
0.088030878495495457
0.093605706788710288
0.20626405499351916
0.2168116927690045
0.26379895757487998
0.22594444762708191
0.20861509860906854
0.20249001888630744
0.19720042543067867
0.21897185468187208
0.2047594619478911
0.2543296964311163
0.22150718328772312
0.21445280216067361
0.23271906864885558
0.27624208531366951
0.30472700675753311
0.2391753291600521
0.23044105637425286
0.22252188555698707
0.20904504399575868
0.21907045303539369
0.21217513464648646
0.19980362864602874
0.24323671625127025
0.18767463410185289
0.19797962841140482
0.21298037474145529
0.26044101361719302
0.19560337728163837
0.19537552189997814
0.2249150023334604
0.086637865929059837
0.18550640083702877
0.42424953314342606
0.46428496202127623
0.47367503510385789
0.46163222779575319
0.45912140617598035
0.4567674889682517
0.47285499290588867
0.46939868737509399
0.47042709538413985
0.46732598736768338
0.45754518294445895
0.46620985482769361
0.47037487998735555
0.46327696521060807
0.47324144054267198
0.48656421256979093
0.477487258896517
0.47075386420943216
0.47189143260058797
0.46655560396648849
0.46275190974823899
0.46865791906572724
0.46982071212282916
0.47269950466303134
0.45770631456783611
0.46206112611696021
0.46485795780232608
0.46654259761620909
0.46624014691050336
0.444800890553539
0.21465936598739968
0.20594910811439684
0.4657975595798971
0.5099860404470089
0.50524474119369533
0.49977812247112852
0.49715092066442917
0.49199252033844321
0.50475241659553594
0.50141943790802568
0.49922058053305046
0.49457092056278307
0.49097595263877752
0.502694283522369
0.50116388240864518
0.49169024379844445
0.49975032052978119
0.50381752550944425
0.50176671048774335
0.5056025395496323
0.50929855536696844
0.50819662271521659
0.5071314875439894
0.50135996983339104
0.49139111017319348
0.49214534452371012
0.49942101278193768
0.49849815495623812
0.49635042063714752
0.50478206583864371
0.50196274155753184
0.47896843491904639
0.20382560299389046
0.2059308802216985
0.46951653962983791
0.51055508288165374
0.50020522978068183
0.50218339114451505
0.50781119898240668
0.49745798573201139
0.5026851111505799
0.50258565891275864
0.49154699468435487
0.4854284783968828
0.48969044022221525
0.49450293609013524
0.49551907246371285
0.48595785446322021
0.4898422626693934
0.50116690918736173
0.49873517529604416
0.49659989768223972
0.50374532899632918
0.50673013040515491
0.51159001747072863
0.50704709402402226
0.49823520214763417
0.50564015479633517
0.52075309633740263
0.51162888305465648
0.49757688191214172
0.50206404037246599
0.50089323164695543
0.48550292248097532
0.20294391025276229
0.20221496168408359
0.48237870789712073
0.5035471645583689
0.4973051344847253
0.49952454597289392
0.49781210345463417
0.49160529288072707
0.50277588816838237
0.50271082405736334
0.48848636109171539
0.48244288272811353
0.48975811269004954
0.49279009608159058
0.49054059453569832
0.48128422218944777
0.49018852974634941
0.50988209999835277
0.50603722030644394
0.49375033255911438
0.49918410186927914
0.49998026439638538
0.49669126248374296
0.50479554795311465
0.50876786909600036
0.51183527297205134
0.52310673484267234
0.50874914603488275
0.49515631273370775
0.49909172254155459
0.49654969427757728
0.47544948354429589
0.21722956182260214
0.24962902910526913
0.4648557843444146
0.49539501143132153
0.49568227660414471
0.49635389218849713
0.48826550175388678
0.48151686790171372
0.48379645201935345
0.48313480563214856
0.48087322860403453
0.47923759382906145
0.49545173470250553
0.4916328806704453
0.48913134228292487
0.48439102560225289
0.49284910772814722
0.50631269912476806
0.50656359520541261
0.50068121730915571
0.50379926744991987
0.49992201674486897
0.49432193197307284
0.49415015159475356
0.49753654002927816
0.49935727155142534
0.51327219314744277
0.50860446861006336
0.49709549177193757
0.50212686911643523
0.50706260457097196
0.48021334577325336
0.19351825428842578
0.2090383681094109
0.45175197709340326
0.48487610176119861
0.49388264862092901
0.49899195697742882
0.49851086795525262
0.48805785904574112
0.48404185731379767
0.47942348798038359
0.48287021021292997
0.48064275756315994
0.50129986947834271
0.49807963169954339
0.49723274059997213
0.49511750280894268
0.49015673511535568
0.4878926105546878
0.49579337865133527
0.50153858758098213
0.50396752787875254
0.49611332743073322
0.4951465699873776
0.49856099331460879
0.49795351768459445
0.49650211550105117
0.50319974019888758
0.50758454832741151
0.50697813991719054
0.50982039869391393
0.51654787185957718
0.49484340848832226
0.20007370274433167
0.20446261285861969
0.46041015151347608
0.49418152819428668
0.50291522623269158
0.50086790529230973
0.49868040930612789
0.49247031587160228
0.49361924388366801
0.49112609499899917
0.49156409618272223
0.48540563081575266
0.49908265721793077
0.50144208400186441
0.50489745699338839
0.49893773872258762
0.49156582457770992
0.48381579135049091
0.48952211803229123
0.49481361254522749
0.50108042168674616
0.49945667838671493
0.50296149058328254
0.50834345208591947
0.50605987746339243
0.50041761338182156
0.50013495977503475
0.50336566059162369
0.50284737672982271
0.50598235706126793
0.51096596835614694
0.48606507270039218
0.21018196194203059
0.20925478441759876
0.46675238156105359
0.50521744753794373
0.50804314747169177
0.49864051911744939
0.49605565279339214
0.49442427571364389
0.49428043692654261
0.49402897596323636
0.4916727795287254
0.48270511089160367
0.503010796602682
0.51028772008686363
0.50733817071489007
0.50635146290371091
0.49556431479982482
0.49004803042681283
0.49604220501674984
0.494783273394306
0.50260764980050232
0.50852943603978584
0.50676584788840773
0.50470000060924225
0.5012092117925443
0.49765969647433833
0.50025854817790649
0.50780460486572299
0.51007191845132516
0.50328473860851441
0.4982006115618885
0.47809998266762671
0.21556682683906697
0.2107395470253044
0.47700642890667982
0.51180110851255745
0.50979077542058315
0.50184475349036328
0.49829088409013927
0.49416623352909417
0.49091422122034678
0.4926500099346528
0.49304060795893423
0.4860744865966003
0.50379022296358167
0.51025012427715821
0.5056698618167198
0.50485152261986399
0.4948363924337511
0.49542491543684281
0.5072944460362423
0.50390694001884495
0.50321681608610103
0.50368687476115181
0.50002600742707781
0.50153438655011828
0.50328587015910609
0.50100655162265106
0.49647111264516453
0.50559102563003577
0.51100280582711188
0.50291889142423329
0.4923917425367122
0.48242703386544228
0.27840025987913747
0.25567035347112915
0.47907905891419211
0.51035323891425011
0.50560109125365582
0.49566817328742085
0.49613308586064098
0.49807170477468193
0.49748784309884148
0.49743659710805571
0.49703375566578889
0.49698492895419033
0.50510491102066291
0.50704594472247921
0.51062748591441876
0.50576519703215606
0.50037654402078457
0.49675851127699094
0.50075389837720397
0.50454317361835244
0.50448425979186051
0.50121203567391792
0.49977415654607243
0.50644978483429248
0.50023399029614457
0.50027486319628733
0.50127238924459483
0.50123476706381898
0.50362353309653674
0.496392886534196
0.484282201053373
0.47425386888972282
0.2091741137338696
0.22938017398259511
0.45418007987046949
0.49475050690596539
0.49737786761899555
0.49725099646166221
0.50138615112740514
0.49467370816375389
0.48904897924281082
0.48367998671820128
0.48615361723268707
0.50110440087692776
0.51327776747236686
0.51065329441069951
0.5001044690396661
0.49220666518424966
0.49905723652418771
0.5040870543418684
0.49958358822116805
0.50086900667216072
0.5056985923750178
0.5078336761340696
0.50325114592456244
0.50332942332054831
0.49570849176599113
0.50228320709708718
0.51037963702812716
0.50684579016325648
0.49991442564545513
0.49835473847848744
0.48893233704762479
0.46394652642178352
0.21538242283882619
0.21182955077733545
0.4515071491321046
0.4897695969031105
0.48979290671822151
0.49221742150222259
0.49571468788685114
0.49416606785369488
0.48774213082431722
0.48043494127777814
0.48106059553151093
0.48984636857354069
0.50638762561764838
0.50375585360185127
0.48862068974525474
0.48588183809074886
0.49501753076947669
0.50150789775156079
0.49491013989993621
0.49499796747774655
0.50745346433958516
0.51373666174227239
0.50232098498843514
0.49805905384077276
0.49905374551864889
0.50598396540269552
0.51511582113103394
0.51322205432655255
0.50232009531506427
0.50347581978075884
0.49636653072326703
0.46766683691883232
0.20958160883892565
0.24252367017776219
0.46089696404606562
0.50380660433512492
0.48773212552840972
0.48422597491951891
0.49528526740099432
0.49592886969111571
0.49143027587571148
0.49296340708507391
0.49663090508781899
0.4978102816762206
0.50766160260064419
0.50385214777431808
0.49420064805315478
0.4954767404768472
0.50140977449674873
0.50279958740504471
0.49850974253918257
0.49755171456299108
0.50244189783587323
0.50850111975205925
0.49942627319310767
0.49754582715551404
0.49552614125643335
0.49633366292147424
0.50395535083766818
0.50768590915460521
0.50453943281842017
0.50515369749628891
0.49996460527801101
0.4850042484419313
0.20075265406626017
0.22524034254810729
0.48339001665384784
0.50914192824970161
0.49156592218519163
0.48908196809174814
0.50012859274797017
0.49609729357663523
0.49511016415094744
0.50479875881589686
0.51081809627462338
0.50873909186318511
0.50552463891049404
0.50369804098251247
0.50697960108525897
0.50777784609971344
0.50618341890145546
0.50644808631778215
0.51182586841334432
0.51034462542778325
0.4995922955641377
0.49943724026716468
0.49609170933466473
0.50149447102892264
0.49754860741230356
0.49248910145121594
0.4992681474291038
0.50503771395330965
0.50132190899368978
0.49878221279235885
0.49038666912411905
0.47455579035823831
0.25206925361003141
0.24312931077919375
0.48301955170248029
0.50560341202349834
0.49223346564331816
0.4871625303904204
0.49271867945551767
0.49436742670247974
0.49514684328897579
0.50283211220422219
0.50901400147711107
0.50842008463598687
0.49909588006110867
0.5019088238751731
0.5116071812257339
0.50614530454071471
0.50456096771832792
0.50868324688801758
0.50801371533502404
0.50374967708387119
0.49507131045661185
0.48881318864332995
0.49751236947012722
0.50667455450905952
0.50450860250917162
0.49617892982217865
0.50200862944406799
0.50807964613669276
0.50355981536664063
0.49697649684801937
0.4850734763294457
0.47070769322113987
0.21608089362073316
0.22180933454420329
0.48115505906689132
0.50638296063109811
0.48893547257144804
0.48400433249917441
0.48614795013018886
0.49221122416429824
0.49942832390004377
0.50599717380775089
0.51292049204543921
0.51670638703568839
0.5026934575473837
0.4942516891090975
0.49960212670462006
0.49894344661055184
0.50080669414826495
0.50466335564858156
0.49540288669689991
0.48895709493776507
0.4954267619282966
0.49227705797056592
0.50670427927407236
0.50662326524667256
0.50160354008644625
0.49491666987650768
0.50192803201520719
0.51084796046696679
0.51063933320877275
0.50863992898112387
0.4971231128766937
0.47864192446569687
0.23460014668981613
0.22028443708104545
0.47643975490435897
0.50384677687074042
0.48965642696172623
0.49112280831255284
0.48926260928374932
0.48867845405855892
0.50006383148207167
0.50326396221717073
0.50724731686628444
0.50973895681328385
0.5031211946461176
0.49405763849617373
0.50232355605327106
0.50408291111739756
0.49770330295240367
0.49369950944376201
0.4926041767583545
0.49008533549506533
0.4923087325849454
0.49476895904738361
0.50536023343294556
0.50042584973308812
0.49681901174170467
0.49522811332029609
0.50269161771730764
0.51005112015216458
0.50828869197449977
0.50699340494325018
0.50608338419496668
0.48323788482049002
0.23306128708545593
0.26833348088879777
0.48055143731906752
0.49661539928945697
0.48664487613885188
0.49369422056196688
0.49123398732466828
0.4868668455539687
0.48861772093246181
0.48692320251581306
0.49228840957585074
0.49240815260821214
0.49421617318550159
0.49591346302130584
0.50185689199232564
0.51001859354579482
0.50831759165321677
0.49954870536721524
0.49947020153932309
0.4962866383061178
0.49128563842656214
0.49601142098347584
0.5005962914558747
0.4973420059563663
0.4992790239304033
0.49680437816817796
0.50243731104084377
0.51276016287942794
0.51468749264188995
0.5111438280309939
0.50466086594654846
0.47994942715871614
0.21264805306739479
0.22072314820291236
0.46539127085768811
0.49711110385981416
0.49482646567507294
0.49789961894386037
0.49481062129585529
0.4910803579915809
0.49031136029607153
0.48911130552130594
0.49594189326609878
0.50190768770673533
0.49448946443837699
0.49594103264191414
0.50043642380318121
0.50804884824695007
0.50892149026310929
0.49925617958049706
0.50449471676273061
0.50538996440339989
0.49628200981049581
0.50030973631471265
0.49999498812727372
0.49317453187990901
0.50197193833168263
0.50170645657880331
0.50884735097984213
0.51722828321585157
0.51493764378354867
0.50821773615397126
0.49742450314804038
0.48223737839901171
0.23558533334185658
0.27254802867625522
0.45756698624986353
0.49456521940482129
0.49962398360770222
0.50308266314310279
0.50154756753550589
0.50451573564091301
0.49994273507749115
0.49566524103673726
0.49991030084441007
0.50963110024944902
0.49993583782892925
0.49346458534937909
0.49175470672079202
0.49327201291092321
0.49653920977733035
0.49534825543026001
0.50498123307983134
0.50716305954054219
0.49859171513178147
0.49617779880338742
0.49458167532876407
0.49882080942021739
0.50589675481215191
0.50583341029868756
0.50953737194964011
0.51205904098395405
0.50348725204417988
0.50099536326604888
0.4950253424928413
0.48473343533540952
0.22535827589529508
0.20318173695346026
0.45743263131608036
0.48678810267101263
0.49912609574897465
0.50506852157397164
0.50436370278003007
0.50426109889348303
0.4980853969549533
0.49641716857029689
0.49633406676451686
0.49841199534043462
0.50557197055325431
0.50500541084382267
0.49746854253570388
0.495646959236067
0.49988380906572061
0.50880581499611321
0.50653824404211822
0.5015046557067695
0.50626341090904226
0.50838033728826126
0.50131066152257853
0.49570958933682385
0.49745198950641539
0.49737602715389673
0.50014113500420199
0.50932654036918323
0.49466008884548268
0.49669830742018584
0.50143418312277888
0.48725678978443171
0.22327045046864949
0.25321683820117424
0.45550746309929802
0.49415837843694754
0.50560517912555447
0.51008896946923188
0.50511997069554604
0.48909924463964949
0.48883614267010439
0.50335209358376121
0.50990091896297984
0.50651031260794033
0.50646816005295625
0.50106967435581884
0.49521685759021056
0.49557644430803688
0.50089732703204581
0.50697366250547893
0.50445729929190908
0.50053992501845945
0.50564099274141427
0.51386821477607347
0.51005658995502279
0.49982762318059398
0.49755497054218212
0.49761427290310573
0.49904669836225318
0.5024419305326604
0.49697624785756184
0.50093408216499691
0.50675656133212532
0.48861637086423843
0.20248196116232231
0.22700026402399659
0.46521687292320901
0.49567686503710923
0.50092697354790461
0.50306918559352165
0.49398643529464781
0.48898102796239645
0.48528720988683866
0.49957226473577315
0.51404380411550998
0.51448364328183516
0.50748209357209406
0.5052687128190787
0.49999235857911595
0.49384057616835181
0.49858747585807611
0.50175931846480415
0.50064551009174707
0.50209912035065485
0.50153818031310693
0.50540363344021189
0.50201143698676765
0.49461696964428697
0.50026980968970558
0.49645771004808326
0.48902940459096456
0.49291221780248501
0.50100080925077028
0.50744246383256175
0.50028780081807644
0.47441500089803673
0.21727699534431422
0.19007264912128649
0.45598496204571837
0.49655129482560018
0.50131727675824334
0.50583276074080574
0.50493275997399178
0.50494725152215159
0.50054951886482002
0.50188094732268307
0.50631529621042515
0.50921179032119734
0.49722691631656862
0.50090957198544817
0.49702272145094861
0.49163909401218125
0.49843248528649431
0.50142937720247549
0.49977142261074103
0.49951081377890333
0.4939127945639194
0.49435292044089796
0.4983943271672997
0.49868654628748238
0.5023524153211405
0.49528624173570246
0.48943979341103244
0.49604150908968681
0.50306674186631617
0.5106643681850942
0.49809189147237687
0.47295320675292823
0.26702301602905482
0.20564240896172131
0.4522880598789128
0.49207621640374927
0.50543737025454738
0.51282903578464289
0.51233839313797136
0.51158326413144328
0.51420906837084757
0.51451068709568359
0.50870048736945706
0.5090455390839016
0.49129693681360309
0.49149153920829053
0.49384943412832005
0.49226973097725751
0.49681059497034541
0.4977563049604819
0.50197073617295995
0.50439455538779066
0.49967512997630564
0.49785496016336805
0.50449059272612939
0.50909422770942914
0.50900244623186675
0.50270429939043759
0.50007146065077546
0.50542678538808461
0.49732285273021859
0.49886702544762462
0.49555850487148273
0.47434236629456966
0.24454888931800572
0.19733449454889693
0.45537629856971779
0.49721044215270682
0.50953300973793414
0.50806688780954168
0.50062988585362422
0.50840247361366298
0.52011729122210015
0.51234097654927602
0.49738294396923349
0.50654411640082198
0.49974823262614404
0.48560716759867179
0.4818569773744138
0.49230548000923513
0.49610211447523356
0.4899755928517866
0.49683648245016754
0.51076957910901333
0.50906305486623527
0.50218042995714418
0.50339375325543356
0.50721235484393867
0.50985505841004453
0.50419993290268428
0.50004137984991914
0.49890563674219662
0.49257979225184167
0.48962155031417781
0.49246729263947769
0.47755043852401885
0.18255223430236778
0.19712780647351852
0.4660790408219791
0.50901030363782196
0.51182626600237524
0.49832492027903141
0.4938122918120369
0.50343742071315778
0.51142973060645336
0.50001031880444591
0.49009583702597453
0.50379784369871172
0.50335692512244845
0.4909668905127173
0.48650866977569218
0.49438735003826423
0.49663889652827026
0.49061092776643606
0.49574397360531974
0.51192014811351838
0.50898765692363357
0.49739270239253758
0.49491924480447552
0.49751056159250634
0.50129652547600678
0.50110731674998032
0.49873612973788867
0.49553898913751532
0.49443520358089077
0.49254367771924362
0.49467122801977331
0.47980314223749326
0.21820829974163095
0.24880132045663969
0.46250975418336582
0.49386611454637824
0.48971048999730338
0.48411817423326992
0.48937389196828529
0.49766284989539872
0.501719435333567
0.50310514471783285
0.50245512454000518
0.503718355764604
0.49975629657101545
0.49935453160756976
0.49174814362816527
0.49363338447345328
0.49947605222089397
0.50149811821017309
0.50110628636028509
0.51223813529162832
0.50825406808424523
0.49706914644190786
0.48969549134258356
0.49364341803013084
0.50153808767009722
0.50178392054029552
0.49739105678241086
0.49712203036029495
0.49791008306967399
0.49610681351304792
0.49496423999146122
0.48108504796818025
0.19534621079120851
0.22980835422027998
0.4666844375643735
0.48881253362673766
0.48144993312157297
0.48170198020447297
0.48860840835576519
0.50251999707476092
0.50257651959865501
0.49476829260527783
0.49792469881069634
0.50086904703337964
0.49195318795901688
0.49381985777944748
0.48546252470665413
0.48576031561599209
0.49461001907538155
0.49998308475045983
0.50032188430902702
0.51278022641756404
0.51283019639926064
0.50101338955081209
0.49028796366762006
0.49193237906283288
0.50263094518975426
0.50614192836655048
0.50135047907215424
0.50112995610076183
0.49657337142842117
0.49472404354548238
0.49817034646913255
0.48984275530220567
0.23375733864652112
0.22144977795391249
0.45009426492921556
0.4770052243134083
0.47670375928693565
0.47815854444052835
0.47656193922520457
0.49132643242299101
0.48945044211005218
0.47336134033296745
0.47018452624337737
0.48066395310090715
0.47346000964334345
0.47959693076662285
0.4791143514604298
0.4728341934995885
0.47586137846080206
0.48147945286308003
0.48744965164633308
0.49243599015003992
0.49598356506519198
0.48200555156693725
0.47438078664872418
0.4742266342076854
0.48806587058141454
0.49348652681795818
0.49283996900896887
0.48665217943769334
0.47787961916421617
0.47438018061008591
0.47920110523838327
0.46753244056317855
0.24101500157329661
0.14660544115457352
0.20416762748006362
0.23036303851777884
0.24326026429590022
0.21464903649746586
0.1954405686440254
0.20016363285096272
0.21470916900695586
0.22180732528955102
0.19438646446109484
0.20611520776691958
0.21772860167674862
0.21433959770797331
0.21595023335600025
0.20359184663312935
0.23333048482953817
0.23529872852322542
0.24638072285170409
0.21773831362170995
0.21950803978079791
0.22073309435101532
0.1890147017376641
0.19549276968411508
0.20394757337147754
0.21123400558238414
0.20460785508155555
0.20386631520917917
0.19295965318141819
0.2269200420613037
0.19833914268279237
0.20283931025082791
0.084335267566087196
0.11189532263259869
0.22525548594480774
0.21267649217337056
0.2128783056435152
0.25183849371609862
0.24553386198070809
0.24384180019650586
0.22250812588480307
0.23467145307234674
0.23305991733069581
0.21031962022109446
0.21158239462533754
0.22235811718142132
0.20953009503191294
0.22441281205462024
0.23213358570231032
0.22854747115043772
0.22076259293608647
0.22893234840357451
0.23031840213611776
0.22513846004182878
0.22491049353299597
0.20932058393292374
0.20687936442810473
0.19776531336325934
0.22707265048344363
0.20309495539685579
0.28735320434614453
0.20539812541679547
0.18476358813279367
0.21743390552656883
0.083645853599988371
0.20587197511142483
0.42806493536116152
0.46749297941361678
0.48293673816307714
0.46809583042911579
0.47653314109908129
0.47044409086320682
0.46545609156916756
0.46528161653250488
0.46412365737050015
0.47056932974128096
0.46276667799994825
0.46349056199130573
0.45184011747894909
0.45976593643030389
0.46661517430914479
0.46387771201386813
0.4610164739560732
0.47879227764389254
0.47902366928844181
0.47951037830017457
0.46277012727879452
0.4450434340911617
0.4551940592228792
0.45170431804995076
0.44889256105763697
0.46423401833185962
0.47101603781228535
0.46297727001861444
0.44779884993498842
0.42161392924648783
0.18241526342858821
0.20978533599938934
0.47202398966708758
0.51273253019824849
0.50931298297730332
0.50104438116607108
0.49763462518198137
0.49655516396834504
0.49626964521240335
0.4956968719721499
0.50129504344836107
0.50658023706739563
0.49553069300781832
0.49179160720777138
0.48996934340471848
0.48975948317023055
0.49077683622362761
0.48760955297749475
0.49342891844782877
0.50402836526891381
0.51215463761005653
0.51087832801316957
0.49838146157557056
0.48570027990400672
0.48804299177905547
0.49005127690780892
0.48888064506422191
0.49626975112500343
0.50289153401335351
0.5020712292507008
0.49629007836834338
0.47235267938197339
0.22335655350844996
0.22508428825857846
0.48178940530457481
0.51717948373692602
0.5085268075049505
0.50141589161087774
0.50306020281449393
0.50020444552050658
0.4993987461861536
0.49996979635964328
0.50098173825982473
0.50323105906531951
0.49669765321141729
0.49952351890579738
0.50085193164580466
0.49547409698339262
0.49017365763530013
0.49234341610740501
0.49914990009903554
0.5050736147332453
0.50784196070209864
0.50538441856361016
0.50740095000815433
0.50264331474423374
0.50352959688728127
0.50889866924743765
0.505671885937232
0.50274880783707387
0.50186517518201723
0.50062958449458783
0.50745026939222082
0.49069693043975338
0.19445378165747218
0.22446322692789275
0.47352654430970709
0.50818542977421244
0.50251262033223287
0.50133901710530482
0.50589233393511646
0.50555700714601215
0.50482053615932398
0.50371729104696972
0.49557129407423794
0.48778818066844098
0.4907567860832302
0.49831340253355721
0.5037686573436958
0.49859136793039927
0.49373646107319863
0.50233294170905562
0.50953360571993378
0.50611785801816078
0.50042042757563188
0.49524411775782656
0.49863490331676968
0.49949453296831076
0.50004032023453093
0.50563942938610473
0.51048012135104437
0.50964147389854242
0.50534088857626625
0.50161896450875787
0.50464527409355997
0.48282549021487392
0.2170747427011912
0.2135390706845986
0.45972592272864832
0.49406829271279273
0.49568164802039533
0.50285153758492585
0.50881577475142958
0.50280876520830198
0.49748495173269891
0.4998792183155758
0.4904907488151905
0.47698115613442055
0.48901957524094691
0.49431541526298728
0.50114368486282557
0.5049623026342378
0.49786054996191365
0.50305160782766878
0.51119216869623529
0.50859162648616618
0.49619440709005841
0.48738725045356779
0.48602570296144193
0.49047316215959358
0.48695869216867788
0.48468934072821684
0.49596982738426998
0.49989381998644206
0.50311299849727331
0.51005279285016081
0.5071016063953887
0.47726510734313315
0.20520207324087861
0.21550310605093181
0.46060973974890967
0.49783831678217244
0.49733980430258773
0.49774788191993219
0.50530774083291463
0.50527002005751831
0.49586550020080877
0.48539393517845303
0.48303488772421288
0.48237885185557061
0.49826942378439631
0.50335872912801483
0.51280724700518454
0.51787116512255083
0.50382116609970562
0.50218633659511691
0.50858430894436957
0.50334576775624906
0.49181054292154419
0.48618554320066915
0.48837726265509501
0.49550708933252269
0.49430119566605391
0.49068370171377568
0.49632998071547862
0.49615685677075982
0.50294201351164491
0.51519827663559925
0.51661383733775534
0.49051113006921215
0.19461364287900643
0.19937456285091723
0.46940269990646277
0.50923322726389586
0.50411228857730628
0.49167006784609468
0.49617563022458294
0.50230564945625644
0.49647638372859587
0.48338636770385601
0.48315351672363022
0.49103413945149005
0.50147346262912451
0.50480862939168292
0.51925318793756758
0.51834108928096978
0.50365758329029076
0.50002116085782278
0.4992073524611404
0.49354956275670164
0.48999707734952175
0.49305490127062773
0.49642417777715914
0.4942294652378178
0.49515853302175322
0.49361452807135525
0.50071124665863287
0.50371456039522466
0.49846872846235712
0.50803172057608548
0.51070798107926696
0.4815780735295272
0.20849956915740731
0.20036885801447366
0.46463868467695119
0.508643342698749
0.5093282518131671
0.50000759744238421
0.50184102740987002
0.498584097064317
0.48971603265178126
0.48783407739422452
0.49095781370096114
0.49006292241041571
0.49772008783296773
0.50003965946313034
0.50275367108862923
0.50391875049937618
0.49908928305442996
0.49511383606343462
0.49635992980710464
0.49581308643357197
0.49880986414960715
0.50369946298152446
0.49561632623383434
0.48629482158895437
0.49481911479728524
0.49636738197119556
0.49835663113334727
0.50281743294362591
0.49740635914456049
0.50130456631601672
0.4993534529611145
0.46883207970931418
0.19778922023507434
0.23803958954156851
0.47461173443342264
0.50831213861442404
0.51203821951042283
0.50836089777357052
0.50740951519046307
0.49945102436645938
0.4881437404522897
0.48629157299110054
0.49088796083326003
0.48968614446685177
0.49742100260144312
0.49032381344713721
0.48554013162172588
0.48876259256360982
0.49465277104702149
0.49550388727600858
0.50736109483498126
0.50550182958126755
0.504320939568354
0.50481212116676832
0.49643470421999797
0.49489920458638975
0.50712299482275902
0.51214087683570142
0.50377347282005558
0.49822103290421643
0.49883394651412599
0.49961169232227093
0.4948350886744452
0.47252324050353972
0.23432899835552759
0.21529032341577337
0.47023096155127347
0.503126134041747
0.50533649273169678
0.5037977264772433
0.50079307233601666
0.49544448580530903
0.49221641947362327
0.49058523387186748
0.49231708249010753
0.49535070156467981
0.50180439809601851
0.49866751605383869
0.4943230360230616
0.49125466100637066
0.50005098025045902
0.50135463357102006
0.50491687225519666
0.49868128840177811
0.49703048898828089
0.50128558630219922
0.49942583817614988
0.50008004165873687
0.50270214469377383
0.50815721370174272
0.50465246823156862
0.49717898633859031
0.49924073164851551
0.49874844826217701
0.49012332874370607
0.47784856851505192
0.24009597030883301
0.19951307517927158
0.45666210316455685
0.4914931746638333
0.4959431085519635
0.50297937231700551
0.50386835336216884
0.49543529635365346
0.49031982523738554
0.49478743354181315
0.50396978036845863
0.51504406822758375
0.51403048245897276
0.5145098322718058
0.51282353859874996
0.49993542246357808
0.50681685255058906
0.50739310453867503
0.49890297780818932
0.49160123939765449
0.49550153893812349
0.50766339228857627
0.49893831198428334
0.50042516538611193
0.49710980367114865
0.5041794578122879
0.51208348660948921
0.50864941242082651
0.50045061733906537
0.49662874079066965
0.49269149566876064
0.47462689131952029
0.24974523093380316
0.22260962814972982
0.4635188904908652
0.49469199699198535
0.49208365677577054
0.49548512158182528
0.50215786670844498
0.49705994239793011
0.48513089503956724
0.48693334433575969
0.50209993068049441
0.51653394826555787
0.52046583643048572
0.50968545531862131
0.49894856891868417
0.49137307570132577
0.49922678130098636
0.506626390344869
0.50042853549489108
0.49551005163708201
0.5072636715545904
0.51703988693418979
0.51117683449375262
0.50983958652861439
0.50772423564372093
0.50784015892936529
0.51381827316554896
0.51406186671092324
0.50381317614757559
0.49635320145533857
0.49952549203763258
0.47633744783246268
0.21388668212587703
0.20088894477566338
0.47551776899367942
0.50657987657977188
0.49407923354929001
0.48715348550777743
0.49758303112895413
0.49740728212841029
0.48836157741246372
0.49338809967044162
0.50366178078311874
0.51214103000041233
0.51029254140675384
0.49382246748537711
0.49461756070817353
0.49675629227452101
0.49951971227548381
0.51140550521413131
0.50542562055832252
0.49621901914451344
0.50457054928140321
0.51900998566637024
0.51230714460606419
0.50398015599625845
0.50024011242681465
0.50162844880416357
0.50571371595445758
0.50749974843532242
0.49697961815369968
0.49040540372678076
0.49749815955155036
0.48290591942482997
0.19710489980999196
0.20120474240002717
0.48203376459241437
0.5087061171423487
0.49476751356592708
0.49147892316777997
0.4978585270610873
0.49586352088795782
0.49103745739800686
0.4978622624888201
0.50525969080632904
0.50359137367578
0.49189726247426535
0.48728691118093825
0.50930714919643538
0.50878509915479164
0.50399597364216941
0.51452831506238117
0.50809365502288806
0.49358250591900271
0.49821584905356869
0.5178755936824061
0.5117237513257209
0.49600805869331638
0.49333042555502643
0.49938361063794251
0.50230017199102317
0.50368282865950831
0.49141914718381163
0.49235967721268914
0.49360801955204525
0.47234172627665333
0.20261020875023381
0.23152891125347247
0.48131883291654354
0.5027759760341759
0.49158339431850218
0.48588487255746088
0.48306696662275889
0.48658538334776136
0.49432662417858825
0.49970288446652006
0.50238803679060262
0.50376787838722403
0.4947538811208822
0.49128006300358334
0.49865305218543732
0.49647242967699434
0.50113489135634959
0.51435879158857001
0.51013381857989204
0.49721514894372515
0.49718948062282803
0.50858323619262225
0.50640086436275977
0.50054644693887851
0.50107796908726177
0.50661974150739963
0.50593226921175105
0.51134720457835559
0.50825178281868322
0.50504151525198793
0.49380793714265636
0.46948772070299422
0.22363571905917118
0.21339625840869253
0.48494538739447329
0.50810820336674178
0.48932625069997499
0.48277237645826493
0.48228661773008852
0.48805106629654665
0.50154292444980408
0.50441676813912928
0.50105903969933785
0.50469092116548286
0.4967255325071217
0.486954527983609
0.48584833656530407
0.49113334576532858
0.49795075880340883
0.50982615572777079
0.50475075296980687
0.49591987891295186
0.49950891040773199
0.50189412593970251
0.50351782982979387
0.49943695500101148
0.49677114455185389
0.49041749997613177
0.4974165261260925
0.51115517385033815
0.51684763673155265
0.51298417180102684
0.50156087177352315
0.48258472785873763
0.20917758922841123
0.24648527005330076
0.48253140970066444
0.50888404010348554
0.49303660094054469
0.49013565232149942
0.4926515958998901
0.49950149242667102
0.51350408409351889
0.50638880630469973
0.49325553832785113
0.49100393039995377
0.48824548105803933
0.48383637828056114
0.48644021967546186
0.49578344263869173
0.50141566596398801
0.51033183256344428
0.5052888743034899
0.49348476769632005
0.49082397155178592
0.49335953652891651
0.49935089271911248
0.50211795506490275
0.49380892299570023
0.48017064243733837
0.48591781394372402
0.49985305668460839
0.50208024702367515
0.49953115064923881
0.50124182992237443
0.48553005107429398
0.23611288686708148
0.24522417496126755
0.47540614309945106
0.50144231731845834
0.48893494813901284
0.48988655584968654
0.49301561077608902
0.49367195324950242
0.50297075793101675
0.49908018753436989
0.48415856013130687
0.4777183158949711
0.4724802868555526
0.47920845283543106
0.48877960756447159
0.4948867743159483
0.50481524263784849
0.51161388883358416
0.51156454214203773
0.50420889888024589
0.49683143404012547
0.50050174804901248
0.50599649070428199
0.50496398989614355
0.50456776458057462
0.49450224006835314
0.49334171633488094
0.50016354635260851
0.50019925622112371
0.49292731629440234
0.49717381779648162
0.49057717190467542
0.22401899529022606
0.21672762862749265
0.47168018686355478
0.50027261384932498
0.48603220872540653
0.48771718975536199
0.49265928898956846
0.48916504038509662
0.49010740204227565
0.49224810791756579
0.48527759279872146
0.48687245743421215
0.47837448596589899
0.48558407497219663
0.49123688422874084
0.48987326489534538
0.49504732413021013
0.50253914445136549
0.51002088749596031
0.5140946045039938
0.51002636221414455
0.50726092795100841
0.50702543858053428
0.49808688554867731
0.50643242026792101
0.50973376167891038
0.50505698547149558
0.50318733873570509
0.50234886259370715
0.49566777443171683
0.49642472075815564
0.50032782121371133
0.2634986465742154
0.21479449685613775
0.46598073199458451
0.49910278291269605
0.48961523076189928
0.49371194629213694
0.4990996527820904
0.49614998125564097
0.49220304860599273
0.49673311365461692
0.49491120846264991
0.50051333343976911
0.49457694812926967
0.49534901548063837
0.49699708062207359
0.49149303537036354
0.48256716257607118
0.48766813851038376
0.5058866956429916
0.51215269358185822
0.50675328830435507
0.50127245117097952
0.50592541902846566
0.50101896954871084
0.50668606121936788
0.50586305605794257
0.50035181080953983
0.50439643165895021
0.50460906311074305
0.49928455381808412
0.50404416841419131
0.49356350193940074
0.25466800158106662
0.209149285162301
0.44900953043015879
0.49186081995122188
0.49679597171476086
0.5063433829263807
0.50746145849332602
0.49381992866144064
0.48987573628802067
0.49514589879765097
0.50230477794757944
0.50382078537139541
0.50764450521873927
0.50874663841889201
0.50697479278815338
0.50037944781687216
0.49466453249980502
0.4960260940399645
0.50621401675243516
0.51162082063950665
0.51340433830889609
0.51073782097005971
0.50983946216339204
0.5069075922884545
0.51062831470142411
0.49429435667687982
0.48420791310724948
0.49553249411388128
0.49766554731616525
0.50249110023069976
0.51286840568423264
0.48749060658159266
0.20451634842432409
0.19720551020913146
0.44880221683641242
0.49132113646083142
0.49995626276408278
0.50839042777001975
0.50535415052251964
0.4909104593983768
0.48708382632760233
0.49866001758034567
0.51693670259981728
0.51551740414782754
0.50754664021685258
0.50189359023725366
0.5065085609645712
0.5014328883469894
0.49973993371928382
0.4984312174801912
0.5088105703035124
0.51486762783447149
0.50667706211725028
0.50101353145433036
0.50567454954517033
0.50545397454512286
0.50651040865048746
0.49297437958474988
0.48465532988596649
0.49471052667085996
0.50003472909311153
0.51123055004577311
0.51354344759113379
0.47989939819765126
0.22672777314208628
0.21017456716584543
0.45417341913596637
0.49526056894148451
0.50223162944428612
0.5074823683742562
0.49970487130280189
0.49276756807525773
0.49221888231688371
0.49896157791120066
0.51693971120708793
0.52427074073586266
0.50488434535731241
0.49602754392751869
0.50251034009846285
0.50021268830718713
0.50186346788854752
0.49709269695957525
0.50475572612555308
0.51080116013886212
0.49539017363840071
0.49361021107524655
0.500753696524599
0.50217049405173042
0.51102687106098676
0.49971604194316621
0.48833566450043808
0.49585758067029401
0.5055277058748795
0.51386346366616942
0.50421503407251056
0.47308148376008119
0.22139114682389302
0.2311342878002135
0.46129810722313652
0.50003107789362777
0.50116204268049258
0.50631248350272129
0.50747498682205261
0.51351274106168243
0.50937016209385244
0.50521089418150233
0.50585347261684721
0.50773000255458089
0.49642848014256741
0.48929634847639358
0.48999851339647338
0.49704007898867386
0.50741018470491395
0.50357088833226937
0.49861333707875688
0.49730930618967534
0.48645741258580005
0.4871487243727764
0.4940456829066085
0.49524591349539354
0.50820145182636811
0.5006855845374425
0.48990770007501644
0.4919588887440246
0.49776389750149924
0.50479051535670583
0.49444374569605865
0.47198895039492106
0.22367410001066768
0.20743884538765886
0.45814118817804378
0.49767869304155876
0.49884229577717154
0.50112269224563233
0.50202890857993643
0.51255811463679191
0.52102523322784133
0.51758485590623526
0.50442755881385404
0.49656034133749433
0.48821367432935853
0.48512286239870989
0.48451418547698072
0.48793448975887027
0.49664521233038028
0.49965835440054951
0.5026791303720991
0.50154678923568774
0.49470086026981802
0.48900520880335385
0.49443142158061115
0.50052281842004953
0.50488722953776144
0.49764457600111284
0.49559792537518416
0.49500042269852335
0.49310289856819478
0.49558737612322606
0.49518853751716718
0.48008265073289019
0.20378997009717936
0.20501671965402604
0.45191132385890515
0.49390024110881409
0.49780900690421453
0.49529435905187097
0.49045424445268826
0.50197459669751865
0.51295118564364717
0.5051229738168469
0.49556057646705165
0.50090033702904535
0.49535486442155524
0.48492041718085704
0.48140359835360991
0.48442852149590143
0.49384392834466778
0.49157346129320323
0.49824480893535111
0.50569233102574662
0.50760931967103473
0.50336655884758452
0.50263790189063429
0.50673061803073327
0.50260907958532786
0.49380424670424572
0.49719332762013385
0.4970403676865886
0.4919442496505782
0.4904975917982935
0.50177620397707523
0.48942339841945165
0.19800895809369476
0.22407937588594981
0.4602470222610891
0.498846074627327
0.50019629598731474
0.49078844987809017
0.48687818807813954
0.49965526456498954
0.50892300794497258
0.49441802210745145
0.48996164029917239
0.50409989044670822
0.49936803784243311
0.49341399892370424
0.49386174388106202
0.49726427297995368
0.49253242344929604
0.4865898271667003
0.49143986084535313
0.50050692060156721
0.50512724155102318
0.50078822662962186
0.49719558178695555
0.49642444765977367
0.49567158487819096
0.49882146602687871
0.50516726521256339
0.49893731582028167
0.49324968884166026
0.4936376408302473
0.50499386080291908
0.49620461925453846
0.21394175894048975
0.24410980689571229
0.45758622399119225
0.49171350607852615
0.49151536507009691
0.49036579712483291
0.49388617271013596
0.49581458938527218
0.49861770087687346
0.49472457663725616
0.49422335526560418
0.49844809430980008
0.49503016883991852
0.49907476757552416
0.50263647042890991
0.50420622723142461
0.49895300581849705
0.4942257893949189
0.49809235042966848
0.50322967880085423
0.4991619599502583
0.49367949406561801
0.49394130412238324
0.49714005432605218
0.50216104570293851
0.50835044479049396
0.50826585059231266
0.49824187333986675
0.49796048567178547
0.49858814868308116
0.5031241867021633
0.49062079536123893
0.23066022625162363
0.19195932282999367
0.45996883367107078
0.48932917972089102
0.48950150700562195
0.49199905810960304
0.49641112657599429
0.50066795412793785
0.49944348790113818
0.49276135158032514
0.4903086992437431
0.49552974744189759
0.49524952405117739
0.50239744307302137
0.49964730705902943
0.49851887474591761
0.49966722776118611
0.4968562256426019
0.49857848697330198
0.50560539929021109
0.49791840775621332
0.493400025037592
0.49588004330684021
0.49624427404081345
0.50035390000514524
0.5123844963568992
0.51146542392522243
0.50217596835237888
0.49986258390210891
0.5006984256601531
0.49982850451483374
0.48277378041071572
0.21172371134092294
0.23971179407413831
0.45072223162547059
0.4851656404102368
0.48377597252923882
0.47819025455017594
0.47836480399693521
0.49537121104734855
0.49363525080482301
0.47525337904389059
0.47365704952667698
0.47975084754327013
0.47645618859925182
0.48914510918953474
0.48805943322988843
0.48526509580045946
0.47462595017070952
0.46582242565552789
0.47505694372441765
0.48914593929517625
0.48577333590391608
0.47709683035254286
0.47552394034721635
0.47419863910128257
0.47884857817366611
0.49320099657433086
0.49708555299887835
0.48791691461931375
0.47932827804696609
0.47652027794892704
0.47404375370335472
0.4590126913216569
0.22188188745658025
0.12150398009766554
0.19027089665333463
0.19743500551983287
0.23667994332773229
0.21812658884532057
0.20435824721879706
0.22329694127467062
0.22424379986543955
0.21542396804344682
0.26889872872704113
0.19503440056879773
0.19629242817375736
0.21652075822901562
0.32025350127193231
0.21609506929599887
0.20939371153870612
0.1962934283607311
0.19993070358512854
0.21068209107915736
0.22018777260569736
0.19197051228571624
0.18662971030442568
0.18776854149572547
0.20182288489290262
0.19496408769637052
0.21903923250249216
0.21623811968513279
0.19183264600798358
0.20848494535746459
0.23670498548897348
0.23066548770932072
0.16645984206832309
0.083976830970710639
0.20010361544093952
0.21514322776135983
0.21999313787873989
0.2285818433218689
0.24299412692075301
0.22888749507596212
0.19827434473600647
0.20710476883990878
0.23011787534649139
0.22691659197839034
0.24583679000213748
0.21819711811803444
0.2047328192333456
0.22604276909294049
0.22052631872593129
0.23050767004815853
0.19598927114393527
0.22166811869336986
0.2231086604971701
0.20812689874778645
0.22774056805151655
0.21217879850853244
0.20935288061236151
0.18224325404551717
0.20116734038534684
0.24471930651296239
0.22698129520595992
0.20744304053123397
0.23242947680209058
0.1980488542175709
0.14245887706689112
0.21394593952476537
0.41136530386390935
0.46796009392941806
0.46901997041170129
0.46351364751018143
0.46777276348073055
0.4680504572487228
0.45862749658226515
0.45798396519484225
0.45447064092812428
0.45741615309811384
0.46610923357443274
0.46228062132640013
0.45245411737861629
0.46446869765740645
0.45889033382209382
0.44993211064838234
0.44821393699080642
0.4637084567445206
0.47884844615737865
0.48524755534272196
0.47948531924801069
0.46161368038138867
0.44652992610255549
0.4535190093956204
0.44035267296463076
0.46345915088551115
0.46759709282975842
0.45541115733590104
0.44800941925612192
0.42672958610564726
0.18695521655387276
0.23903137026243415
0.46667470712301229
0.50571599494335517
0.50315838381813993
0.49966617111478617
0.50305634637289809
0.50359053341437698
0.49631301563041735
0.49530933230375623
0.49189195619403309
0.49832729700877532
0.50852960235464406
0.50644947408592078
0.49633625742910153
0.49229115135650831
0.49046115676338958
0.48350979990819259
0.48765378016193672
0.50075853760405242
0.51055405699374656
0.51538407045003531
0.50795602966916287
0.5028891305014801
0.49969659795776844
0.48870162864956218
0.48407369853198989
0.48696973005650995
0.49227785968427518
0.48922162219831994
0.48983229838461628
0.47301037472883883
0.21035486942806791
0.2665270507320483
0.48490794769410966
0.51321384963977801
0.50751006688899736
0.49685446874210454
0.49890146998808099
0.50167034096070684
0.5027880067899162
0.50791515320131708
0.49848552040469596
0.49447181730374556
0.50344882879510067
0.50991393774663241
0.50771594823718103
0.4926882688411775
0.48608608788674212
0.48789135266144196
0.49244011576402802
0.49972366604899443
0.50082850835290749
0.50192262871315108
0.50915630732476846
0.50834533614175137
0.50544525765209802
0.50131213561080645
0.4928328108160232
0.49240916843885735
0.4959108989518235
0.49328520056450054
0.5006746567141751
0.48285580120311811
0.18601588848782549
0.22436491923487037
0.48917277144668103
0.52042957260540379
0.50847900833247228
0.49584467033374813
0.4923184503382193
0.49887568787073716
0.50322971078855327
0.50085405860634136
0.48888064667086423
0.48358181173031795
0.48780109710002828
0.50090574674415245
0.51127759103193149
0.50026977644344883
0.49018266399490124
0.49750446947620824
0.50483500301964424
0.5051948129874303
0.49978515941438978
0.49784447964241629
0.50143064263764625
0.49857993266675288
0.49555786174369121
0.49645175121283081
0.49892243891575272
0.50239196000972175
0.50927705404666901
0.50565388458724092
0.50796885768675015
0.48848237539432876
0.20496905623792888
0.21632949324241244
0.47542031297592785
0.51512947643410012
0.50339086016293133
0.49780836664686989
0.49738622771824065
0.50365454128946385
0.50459331280043995
0.49780403261562789
0.48384396920120371
0.48536762640121361
0.4952206125991942
0.49245008706999432
0.50189085366865382
0.50859362769073557
0.501186936914083
0.50857440320733494
0.51793194633824857
0.51214458105452876
0.50030427105387487
0.49631650914578718
0.49443657332992758
0.49799898568819273
0.49349100302779791
0.48826513308851227
0.49538652467590394
0.50268973364310143
0.50855531008274313
0.51516615240525643
0.51290995919315685
0.47842799371358896
0.21466844948940308
0.20193728696030325
0.47296424007951454
0.51817829651248948
0.50565692386131467
0.49237885981586937
0.4960276419622538
0.50884381069580831
0.50735656250458627
0.49264296556906884
0.48800218219892988
0.49917956972060917
0.50707558505471317
0.50244462672692669
0.51237657518242885
0.52116034753398777
0.51124158561430633
0.51596824942304742
0.51832633434860442
0.50871157281321155
0.49846193433200564
0.49441312015804328
0.49552586296182688
0.50693229240377491
0.50642570070618953
0.49904047482306241
0.50393049833015791
0.50530956207887956
0.50379639212428462
0.51222162984137198
0.51482749256935989
0.48858632723579931
0.21250832149964249
0.23090560460863102
0.48122894486527534
0.5206618887214528
0.50930888923326856
0.49161856124195147
0.49048140435158227
0.50345134693787996
0.50239816196742426
0.48658193059741894
0.48750418933162293
0.50172235250227804
0.50708279234896225
0.50432933726398776
0.51638935063948888
0.52010488010847877
0.51180462913061919
0.51028480721115066
0.50682356393156791
0.50025509752397179
0.49215354570828335
0.49263687678857654
0.5035731182546459
0.50675454534437292
0.50622358627180586
0.4976114458717526
0.50209998670642475
0.50384669467962195
0.49558899666765693
0.50151234434574632
0.50863161739234397
0.48609205537512984
0.24137910148571615
0.21366938436105892
0.47101788898119329
0.51072671930468272
0.50960888884850997
0.50298435135654185
0.50647652572707913
0.50927790663816164
0.49558155993306102
0.48581405612959933
0.48316954102457715
0.49050700285469734
0.4976204611482295
0.49451762004656058
0.49483968857012656
0.4986343528085963
0.50370686022942868
0.50761386227633265
0.50946972082175623
0.50358332158855956
0.49611853572913689
0.49689822509051657
0.49767752961710826
0.49736750950792952
0.50093766521157246
0.49627473399594174
0.50002317766303173
0.49909593869365243
0.48857878715402742
0.49222797154943304
0.49950398729335715
0.47576381197175405
0.21921714260052128
0.25636549546845433
0.4721488096265079
0.50601508122788386
0.50944304215383096
0.5100925125980873
0.51468012700846133
0.50911595642893481
0.49542771411949105
0.4873779804062075
0.4833170518716538
0.48882779978264884
0.49052237145672417
0.47798644472896146
0.4742778939646683
0.48269106506747722
0.49859174357907116
0.51034297089601022
0.51490792519579265
0.5061377482863294
0.49925883606601107
0.49818946772251893
0.49401847085218903
0.49781690726684658
0.50525221986196123
0.50438829518615769
0.50637635828481531
0.49916545114949928
0.49544182972154432
0.49953454909183287
0.49283241498989144
0.46647511353754978
0.22854659314554152
0.23898217043304468
0.46570045018405237
0.50405820481312746
0.49975882991686715
0.50362066669927064
0.50687962024282396
0.49653677458408119
0.49507822882564506
0.49257658554991163
0.48664844364085413
0.49411056302344691
0.49427189256363685
0.48162131368506866
0.4814401205877169
0.49138768028100643
0.50719670783764292
0.51507004987530092
0.51180481667533262
0.49370689844421167
0.4879449095551977
0.490949599547928
0.49383001163066098
0.50205417840012267
0.50717942887533396
0.50960669874354236
0.51292673441593895
0.50240891226411255
0.49978617291256011
0.50187212704101447
0.49320536009064397
0.46997949667335803
0.2016174200794543
0.18444820691687547
0.45339621841627376
0.4927508600354692
0.49215557260116893
0.50339270810835857
0.50738743517839358
0.49270732868955702
0.49106662145702579
0.49756954637599365
0.50590275186130906
0.50915962983491725
0.50668752272443129
0.50389265449878873
0.50278153340848974
0.50346962074917689
0.50830197578299607
0.50847343418721502
0.50757034944619994
0.49801185959780048
0.4920682736149169
0.49537458682364233
0.49254079926983219
0.50079510478424138
0.50958455043697759
0.50890960836925492
0.51138743298063871
0.50597431731317466
0.50086407196328386
0.49682362142363684
0.49503293904473233
0.48259251944843212
0.24098729301807401
0.1921418278734526
0.4597452961469457
0.49919246624729119
0.49421325242873948
0.49842451572852797
0.50349168794427901
0.5012783819378781
0.49489074523535748
0.4979756260053646
0.50773672166119621
0.51614622253405196
0.51752777028451447
0.50790919552937142
0.49630632724457074
0.48680007832843947
0.48938508282785914
0.49890323621287336
0.50636320588754935
0.50643685645573855
0.50515476415357796
0.50463573589836219
0.49848375883243629
0.50070980587375791
0.50742930256440799
0.50415214577894474
0.50511624757889317
0.50749007854639216
0.50397086302660898
0.49728136238586601
0.50216085459756132
0.4924529792829514
0.25001936682862907
0.20992993782985428
0.46735373661985641
0.50642770544699223
0.50176687663283404
0.4933935650287109
0.49367226676469711
0.49799173810342606
0.49965495419218808
0.50790092714126478
0.51333608218682514
0.51538344720053564
0.51211576062458064
0.49392358244186962
0.49260836772967914
0.48871641086154322
0.49082708779262696
0.5076278679090338
0.50564550622519
0.50076096097295308
0.502415417408831
0.50725357604941701
0.49764421177915669
0.48848359285807441
0.49277018624339991
0.49642759066782471
0.49718661521825902
0.49729116955785752
0.49293120706138105
0.49257751060741872
0.50136718332627506
0.48934673572682424
0.21125824277073307
0.19680662421031442
0.46162056866981199
0.50421086473473686
0.50767340246992421
0.49413940086831781
0.48785661070212738
0.49411164983312628
0.49701201700705749
0.50223455301758135
0.50903556006131101
0.50377039416312641
0.49704438286954911
0.48646693214675457
0.49922082588617306
0.50354209674129058
0.50412263315791661
0.51409411087539281
0.50482719102857332
0.48617811881162298
0.48881566404560023
0.50627605436002443
0.49844453602513644
0.48298184885233086
0.47898594673558242
0.4918847225299367
0.50058312248054382
0.49960859160882498
0.48904883622656775
0.49367097729174092
0.49732820952681955
0.47695371390499153
0.21668071462136718
0.23783233460832415
0.46201090025664698
0.50576801107903702
0.50519864210610943
0.48705193396188295
0.47688899394809414
0.48590234342180838
0.49391399508334793
0.49553579720887614
0.50405084839055891
0.5047507188208834
0.49904477792946711
0.48938771424217675
0.49282790934590992
0.5040068154337134
0.50826404722700547
0.51016340354704914
0.50391532498232261
0.48645586325568901
0.48722637538347474
0.50463558710082435
0.49611333730985802
0.48168378720281646
0.47725806509768337
0.49643100453975553
0.50779505937575609
0.51079433890129822
0.50950654526121708
0.50643748970644775
0.49464702428892005
0.47208103936137752
0.20966037975001928
0.20414743369821761
0.46913950603401594
0.51177808837492056
0.50311703297109589
0.48505303724525467
0.47917229088860053
0.48230993942070122
0.48741884332281299
0.49542464752852272
0.49985935489222555
0.50196791252583617
0.50243832540394961
0.49373397823970888
0.48808833492812748
0.50100572784649611
0.5065496982554365
0.50787876982177971
0.50368694747792364
0.49493596402371548
0.49542274538337139
0.50568648551933393
0.49917308349688033
0.4854383025035427
0.47551474951063438
0.48605135211826839
0.49985444672950669
0.51014928631981438
0.52021215922108455
0.51120404943516207
0.4961613417522413
0.47674539434345775
0.21454786365983886
0.22595600960264134
0.47270663711936711
0.5140487597066864
0.5034438419951941
0.48615164237677494
0.48630070353684707
0.49386220896406646
0.5022201332979257
0.50647507694523852
0.49715538904306217
0.49219953435486979
0.49429091376394207
0.49368575704931827
0.49014399812148046
0.49803617119561538
0.50480251656234165
0.5120630319868541
0.50632338418161327
0.49916962936836456
0.49963956751413779
0.50429345058572583
0.50304994783009593
0.4943579661591605
0.48723477129973697
0.48723723620450748
0.48759979066972847
0.49327368457138321
0.50123918517192967
0.49616669442285422
0.49214676649551181
0.47380493458625372
0.21342476842107985
0.20995535732832549
0.4708942008793422
0.51404130282756821
0.5055406091492094
0.49015478623722081
0.48384976640347827
0.49201154602063624
0.50760260907365273
0.51316148475643453
0.49671383093906685
0.48397127159450953
0.48059562311712256
0.49007328677729245
0.49421848615180691
0.49204417296374636
0.49578098655222297
0.50873903739595772
0.50882879864056785
0.50219317115852791
0.50037403533618541
0.50460248923140327
0.50773586166492546
0.49940884360452586
0.50122677635535784
0.50211512120337143
0.49768115204774172
0.49134095364626446
0.48994962578617146
0.48146928169052877
0.48376967788676578
0.47801112059652451
0.22945711667045626
0.2193791873799868
0.47258590863418592
0.50806443363776432
0.5001825813057349
0.49437898012421733
0.48836914785887453
0.48738983775599892
0.50175531222654557
0.50707288894263369
0.49492962180286332
0.48517410954653872
0.48142737677488989
0.49117975440214406
0.49455398233395681
0.48397489196065518
0.4844096775588439
0.50457456928327704
0.51174743860313343
0.50959770297341789
0.50610891825361703
0.50439719252915416
0.50915050452526878
0.49855782852305652
0.50273363237932966
0.50693357306822373
0.49977365266543194
0.49299566211267759
0.49099918308298601
0.48330989139733677
0.48997724013094118
0.49434819145291398
0.21201114704787
0.2136504592425536
0.46914289906502477
0.50575618792331412
0.49439458519214985
0.49264513943856203
0.4980888994474077
0.49306556712348842
0.49677543404532226
0.50939140519002701
0.49786700550274843
0.4933364598366024
0.49195698451948006
0.49433633679647659
0.49673607490331806
0.48616863818349704
0.48166812509163381
0.50192092836261981
0.51284049300037482
0.5145737469229914
0.51082357582062832
0.50796891732925975
0.5101703740945891
0.49933783155531825
0.50001678910295155
0.50064140311092109
0.49333996710165745
0.49094083934807897
0.49281383540525797
0.49406859787891222
0.50703585592508749
0.49905559535923405
0.20981664749815784
0.21411511270775388
0.46656780399637526
0.49623786413249832
0.49191200453607292
0.49844988115047889
0.50838482054677359
0.49705235262662179
0.49351958003156388
0.50406611533602319
0.50029271576723866
0.49582907193901066
0.50486238288961227
0.50942133283831681
0.51223840609570337
0.49888918977828534
0.48609456693549452
0.49086799981717344
0.50272396495558613
0.51026210338150491
0.513540530083474
0.51219310509522287
0.51546826490852138
0.50831641708432695
0.50568437234795538
0.49052385012115274
0.47882859671567957
0.48838165400874545
0.49532882639642095
0.50622980391904093
0.51562885896042865
0.49297709936578765
0.20336875572238375
0.21621734514761679
0.45797671892354586
0.49131627685813567
0.49372711440433587
0.50404532968642457
0.50995228422517458
0.49978607201373298
0.49368091227160998
0.50100020855655292
0.51130945934488348
0.50677480966354449
0.50104826772794953
0.50615888149370014
0.51873575429381003
0.50955106654166005
0.48973126177337895
0.48331335256322083
0.49819233468572355
0.51059028978493171
0.5064834997349803
0.49988110066206287
0.51306158885607323
0.50911230683571096
0.50148792948123033
0.48968956031916661
0.48061631316699921
0.48942166347751132
0.49847251500621181
0.50670865359916251
0.50769119058786338
0.48695936426652164
0.20901198685172992
0.24791433648558095
0.46898888198926991
0.49933941861701703
0.49716672655856636
0.50669191792885082
0.50857975089218532
0.50610951836633555
0.50262037872243148
0.50113720898301228
0.50923880575239033
0.5102539317841478
0.49473770411196161
0.49243080992576199
0.50764051326091542
0.51153645159300776
0.49821279505179672
0.4870290726424385
0.49644832611335321
0.50837883273676565
0.4982671574276652
0.49885362507463415
0.50999497578026043
0.5087214859170508
0.50590327440555904
0.49863131170692193
0.48780389364854249
0.49142826373729875
0.50017041776283511
0.49734669019750272
0.49567003995308545
0.48399229571453745
0.2310174826972497
0.26185618071324129
0.47465290940493826
0.50650494114399625
0.49991122306586938
0.50650011572577125
0.50551940150755925
0.50837415924857943
0.50742669036640586
0.50380463989490321
0.50080437787444088
0.50268372719202636
0.49961654339239114
0.48866951444266976
0.49418425281139733
0.50129973250329118
0.50025107998569918
0.49794059851304556
0.49592510411470847
0.49871727877868871
0.49643955379158233
0.50173453685425384
0.50499390889461959
0.50009094572823687
0.50808538163254691
0.50349251647016968
0.49344258323742257
0.49394929787902275
0.49479180783037485
0.49130572343966517
0.49172938448473119
0.48426693704771928
0.20240520398560716
0.23718738906410824
0.46217306453285029
0.50077412269665644
0.49402557258141666
0.4974664895473398
0.50211072691791037
0.5098196453041659
0.5134725512710101
0.51269236531671925
0.50354376033608073
0.49104306139890047
0.49501362446157449
0.49500159367113417
0.49835929938892509
0.49986537878384329
0.50011308815783306
0.50129013611155693
0.50227057680130249
0.5008707741363041
0.50201176175107898
0.50002831309009266
0.50196009214058601
0.4991514763212842
0.50456690221777512
0.49805827864161734
0.49533982033022794
0.49430059114804709
0.4919028775774793
0.49363596500212875
0.49683645024146211
0.48377336778936758
0.22411698437500907
0.19552045466298212
0.45629329736822871
0.48721545976314024
0.48518437476869491
0.4928336331977542
0.50433598257850631
0.51143122291599485
0.51223853222749971
0.50753198251514875
0.50494693257746548
0.49600491062018326
0.49810710825288307
0.50356597831829131
0.50531992524306268
0.50715286817188221
0.50503015863836265
0.49806848227951289
0.50233646985179881
0.50722963102049456
0.51015322789876205
0.51046488378726429
0.50672563986690522
0.50657370406942703
0.50413539814789754
0.49667455957269491
0.49945804238220803
0.49704194972577453
0.49453460391687465
0.49145675383601262
0.50091812863899865
0.49099350169820716
0.20656703557697861
0.20040905006269083
0.46298637632982842
0.49350796048844936
0.49208775627296181
0.49308282207432597
0.49962280479261162
0.50430647982410448
0.50579019005539749
0.49916860949531711
0.49422262832222785
0.50199102645795424
0.50308984941510082
0.50720604009443959
0.50781538106710711
0.50920878280221005
0.50146110002020294
0.4904424630119425
0.49873352983089647
0.5053416915388923
0.50800549287544661
0.50808836654328582
0.50707807782449421
0.50487463466510274
0.50109877245948498
0.49874453051768114
0.50116811495112701
0.50345684438417615
0.5067336339390196
0.4988971842132649
0.50183550723310921
0.49009448867496769
0.22762266065344686
0.23051769362689675
0.46486094091174712
0.49589008156373987
0.49851983675530509
0.50374883226080747
0.50182927503834118
0.49617857456791259
0.49937948101398366
0.49835411324498902
0.49887285851081942
0.50676061531749605
0.50389661747944892
0.50517521455417302
0.50685584030899533
0.50211220676065027
0.49455270874187868
0.49125324094298845
0.50325133290665025
0.50626588353964641
0.49986820260825304
0.49375082324401859
0.49693391793791192
0.5011908504837258
0.50243333172428972
0.50432316166386926
0.5034155879447666
0.50248738123343095
0.51405379399249174
0.51304219501632109
0.50772769342947732
0.49424294209997349
0.21996102588841371
0.20375342180731523
0.4567659974528267
0.49127056280262232
0.49878586627412042
0.50988915288789849
0.50738868996283182
0.5009465324157254
0.50152424216897762
0.50147842935662246
0.50130603884384928
0.5076433804766427
0.51089607588726771
0.5091290702791893
0.50485153125491666
0.50008956854282993
0.4998198870873512
0.49931875191183139
0.50349914496662262
0.50319946907475999
0.49299142418589281
0.48708067384073667
0.4896279871673212
0.49380119755218826
0.49683086798456472
0.50689349827072971
0.50613538313360396
0.49828498697524815
0.50599104566158659
0.50880219031312457
0.49858237381148302
0.477613008490122
0.20018616178275947
0.17836178750703641
0.44249850536458563
0.48796351349847344
0.48859000762450905
0.48507071192420442
0.48532293262526788
0.48243830565764068
0.4936028764766322
0.49658998952383593
0.49257135409850877
0.49027936365155317
0.49906020582423344
0.50040015191515375
0.49071394347855313
0.48607283033901599
0.48570823514301437
0.47777675009587711
0.47961832446773373
0.47532460297037227
0.47173957392403532
0.46725688699030044
0.47612793705025547
0.47857866482172023
0.47537601431936249
0.48819568653906886
0.48881602980140398
0.47842587118737523
0.48037798129242371
0.48142501625548478
0.47282458505142827
0.46282348781694432
0.21589693253531411
0.098421487078259262
0.18152258284285816
0.20900473451210749
0.21616143641856095
0.25621584949188103
0.1960085918842191
0.20913502288360239
0.26391326572060603
0.21061755274970387
0.22886473298045276
0.21405783801807987
0.22157591951005765
0.23293971098978233
0.22234020360432738
0.22045106012869828
0.21463638894800707
0.21037621436931761
0.20923550802024876
0.22897692826654029
0.22418240807117337
0.20070539769885065
0.2141148238858066
0.21508923804073365
0.21724084149047385
0.22895993451711749
0.22831520448951689
0.20882149402983199
0.23390130316532776
0.23814716302331709
0.25564945273133727
0.19916237787888225
0.13154857989827681
0.10963530360091014
0.18182777466151834
0.20236175376752327
0.24500398296161274
0.23565126993421887
0.22541957600142676
0.19270788740022302
0.20399301435001232
0.19827686244225276
0.2447351819144738
0.22378458368277937
0.23669009143738276
0.21740865262868353
0.22643149011894406
0.2384471357935592
0.22550973198874075
0.21981048303180964
0.19799888016769487
0.24920992895938332
0.21739277449631089
0.23161423737559922
0.21891622992341053
0.23148779051204574
0.21399826323972976
0.19288387053786901
0.19676744419758005
0.20776425700747123
0.20907282835636268
0.18827629882578251
0.19377868945823021
0.19629939418647199
0.11827394253887803
0.17974160695419172
0.40891539676837874
0.45984581162232069
0.45827996281363709
0.46831903693692456
0.4661013602183357
0.45343808401164815
0.45836615496376548
0.45751390073145387
0.45561016656830439
0.44894237633246525
0.46437623360562041
0.46478025739441658
0.4571701209436706
0.4543143553962275
0.46336138399015137
0.46736910143876215
0.45550092283651311
0.46849363999536392
0.4698869036532109
0.49005367788520471
0.47692280539960358
0.4688221880653235
0.46448713534472502
0.45709434337824001
0.45917959365661537
0.45529076938215468
0.44671825182382474
0.45139549149663
0.46020823512246817
0.44846287823579917
0.19059805242076719
0.19570577550868618
0.45342976877536983
0.49208428218578359
0.48837447944190043
0.49376666646136108
0.50699251758656816
0.5040991814585426
0.49012743902342332
0.49126591373885214
0.49253387983809377
0.49723119791813225
0.5086075204116064
0.50754234971252754
0.49770051826572176
0.49014562994028982
0.49873060275045911
0.49792357344434951
0.49251560037615255
0.49663884928899182
0.50645574366595136
0.50717826056005377
0.50509616705896876
0.50623262123815815
0.50524186981286312
0.49212823305501441
0.49165860813973689
0.48815949447029172
0.4837148926817732
0.48327760470628878
0.49132586867893968
0.47623743457528894
0.2043623016279647
0.19717645983139825
0.46406424294429632
0.49782918367089923
0.49181325026199979
0.48380917988660294
0.49566261188684607
0.50001763828132972
0.50309236028149595
0.51428818423145484
0.50351039808621234
0.49810673860757704
0.50215061650164428
0.50599590543595807
0.5027500138238834
0.4966890568119357
0.49658571978896671
0.4972743893374712
0.49238405633974708
0.4956664263871649
0.50163199797587865
0.49521678934168334
0.49443604255244994
0.49874658528668003
0.49949455795040554
0.49050183591226199
0.48987622593498065
0.48609538468333102
0.48919734273664889
0.49036351197941985
0.49681546242353231
0.48335216599769604
0.20938710138125929
0.18633189234817751
0.46618737360791718
0.5085960105348134
0.50028217274800579
0.48151662427630887
0.48066001259586694
0.49111390498914126
0.50168137735217211
0.50440381648352783
0.49442181248041867
0.4946990530533289
0.49603618408418665
0.49680206394463372
0.50467192018488127
0.50494923066255992
0.5069329232750498
0.50660339430017842
0.50084760044912158
0.49856768484523217
0.49733673491842728
0.49448859145864815
0.49347779389320517
0.49520345784037384
0.49653237757793389
0.49186603445488331
0.49517413622870243
0.49524859881423339
0.50378910476730665
0.50847688686460613
0.50837106424079781
0.49377598430643455
0.20318608000075761
0.20048133106446714
0.47117170504382527
0.51617337730231194
0.50830786434996234
0.49308944044009506
0.48785756446093681
0.49708238205906058
0.50254901502856897
0.48728773728374913
0.47765804237964693
0.49894190127063875
0.50688639119516732
0.49216917141675215
0.49457418906964806
0.50554292745450602
0.51144588372875521
0.51893815930265252
0.5167226504585809
0.50323469011264366
0.4979273401416377
0.50255189624627106
0.5000574569759797
0.49803682504942054
0.500304867208616
0.50121016148799047
0.50785662937241616
0.50846991777816575
0.5082757353838725
0.50986080517322563
0.51484106722533862
0.49344483533786854
0.20758876586442879
0.20048357043225989
0.4583036746782399
0.51144440831791993
0.50840461598220354
0.49545637674576765
0.4953020738866224
0.50589359127556044
0.50656714780044965
0.49084043495338625
0.48363042674039525
0.50270811932442427
0.50579101527696502
0.49581299418917391
0.50154389899766172
0.5107816200663905
0.51236460750007007
0.52006383130027223
0.51585975794989924
0.50351390147506436
0.50337871977268167
0.504654524421559
0.50502751148694047
0.51036771670762393
0.51049123727906753
0.50860440021867492
0.51592487550023991
0.51608051641459396
0.50679052673869107
0.50103319930830248
0.51014563030509874
0.48979448203455878
0.23093705899783659
0.22296439196689252
0.47233055881189462
0.50945181586760935
0.50758264923513596
0.49765163342743141
0.49585134858044511
0.50754351771757034
0.50891440172890245
0.49631672445817065
0.4920483040431109
0.49800544774018096
0.49269048128671672
0.49478192392914039
0.50570346482591366
0.51002132906585695
0.50983092299696164
0.51323863832224059
0.5075959891403713
0.50261084543319812
0.50126378948483208
0.49777000473867467
0.51182163488583488
0.51972303195720304
0.51589296157254139
0.50395263111607658
0.50298580684906313
0.50926949838540614
0.50277648758999105
0.49576136311574809
0.4989639934247751
0.49207219837162558
0.20461729585124383
0.21373188970323592
0.46405163463340038
0.50587888788894464
0.50878508612055529
0.5077862180837186
0.50820537982829028
0.51151800380645263
0.49896281987952623
0.48682980995902209
0.48215377656715891
0.48470081558448896
0.4909656147365582
0.49528338621587042
0.49790313804622283
0.4978374169078284
0.5081668462314971
0.51586528968377365
0.51330167462042775
0.50529738756118803
0.50032344006165574
0.50093956638120107
0.51229770364369509
0.50598433774240081
0.50010590535747845
0.49241680998168424
0.49446058519562036
0.50022149539446714
0.49596568986103357
0.49333449776313304
0.4940478420597485
0.48029350303310431
0.23697184582342706
0.21868049730918723
0.45365742612951498
0.50352478542760892
0.51093828633934568
0.51754416134205006
0.51772678751618395
0.50891783070837748
0.49604762415970249
0.48892451499763351
0.48142492924999064
0.48099458374012477
0.48531611434608207
0.48708895822629844
0.48720415889314922
0.49297287421894026
0.50446990966191196
0.51868269234134035
0.51865328552393208
0.50422828587171276
0.50019050894781603
0.50505148400572808
0.50782955884773384
0.49857884445907907
0.49045399806345197
0.48996586230351952
0.49643737971390184
0.49820085686011828
0.4980234482012989
0.49458131555710094
0.48828363055671825
0.47082345497729222
0.22447360712064371
0.23107524347771108
0.45825593088250011
0.50210503836425713
0.49907995186627152
0.50506052373346844
0.51295265780519128
0.49860974103703626
0.49210734980993159
0.49674326743493419
0.49294852899618635
0.49162419345148117
0.4840689921322302
0.4853571112599353
0.48918473093104259
0.49584055882967565
0.50359959369256957
0.51591493890175733
0.51690625478351337
0.4953926091412546
0.48611069060416856
0.4931343884167248
0.50180786302585711
0.50202326196616454
0.50215492599327616
0.49932206998279122
0.50016007576509391
0.49975664101728312
0.50113721130846411
0.49875188010522664
0.49180613692247466
0.47497405994905856
0.19061570734468811
0.20314741982362061
0.45767851489726424
0.4961081617527579
0.49063755406863874
0.50101037943184001
0.51010070309601252
0.50040262056425133
0.49116587191924627
0.49480840991812447
0.50137528595000169
0.50778208705613681
0.49870058356808983
0.49283068865641955
0.48414964797280624
0.48729534212774345
0.48983880483543735
0.49765261210964223
0.51201284237598299
0.51024338819017012
0.49785462493786264
0.49456162900102962
0.49679874594379231
0.50465516150299672
0.51207557737364917
0.50210890152303267
0.49285167213771053
0.49585511987284769
0.49795532548896937
0.49713350924099403
0.49924950057624717
0.48606207194439682
0.21048956465137225
0.24351842563191198
0.46425375797589175
0.50209365797214756
0.49569149444095756
0.49939510069687665
0.50629633296508014
0.50601589183734608
0.49930025906061493
0.49649539582979602
0.50089799755328779
0.50973340884964413
0.49945301168392159
0.49646160116191995
0.47920317384222616
0.47485158892354173
0.47950991661048814
0.49122601901229551
0.50690290946185979
0.51446573277532937
0.50969502060198757
0.50070576464529692
0.49126961581207801
0.49934493574408051
0.50757996891274493
0.49127438397622997
0.48346279605492254
0.49094816835093552
0.49142197378928604
0.49218229878532976
0.4983110583026627
0.49187908536393804
0.22009374393806128
0.21088605283141779
0.45920111265640573
0.50093849831216319
0.49868546998809976
0.49410389216219036
0.49325709297157461
0.49810132864892326
0.50158538849562795
0.50118650325912406
0.5006433613912793
0.50277577672305451
0.50251294500142163
0.49712382270342359
0.4889927634020948
0.48265496452511431
0.48528104826273766
0.49627332584053779
0.50455369622078694
0.506187425896517
0.50239725311451844
0.49483737763021535
0.48828561431969691
0.49325724778787999
0.49510216276578906
0.4827250343630215
0.48035554213223042
0.48478016773838284
0.48045712821183367
0.48750523327791456
0.49771712655945588
0.4894273173789922
0.22643949494974147
0.2149983337397855
0.45463171000090613
0.50178835537345212
0.50036457162378345
0.48995464503612668
0.48837640771521157
0.49970606622530739
0.50232840096361409
0.49718577267977543
0.49444270942732088
0.48956557419193525
0.49175954995532933
0.48919933965006673
0.49218529294223329
0.50003997237809195
0.49854725009396661
0.49935633304313815
0.50036118137112406
0.49160477993130663
0.49412518847437165
0.49890498453289256
0.4926558215657203
0.49070791923346957
0.48800987879770641
0.48520442066825598
0.49222576038773264
0.48427408021448282
0.47313184790797358
0.4869760218850111
0.49619439448566771
0.48146865291485991
0.21687563402737997
0.21176022244153642
0.46364501833106053
0.50260478902358541
0.49959133949371709
0.48368409117485567
0.48605247276482882
0.49826983267719327
0.50113335565834294
0.49676478269586666
0.4967462400240788
0.48816826776124111
0.48999172378858574
0.48655427311807514
0.49045366257099243
0.51235090557520424
0.50728501792746705
0.49276424227712418
0.48903535413484145
0.47976049749455085
0.48843816070203633
0.50137227030348397
0.49340332887581523
0.48653655576630533
0.48745387350741409
0.49088435009056736
0.50399398442155841
0.4962028404342731
0.49428689748559962
0.50502972164069604
0.4960440420068335
0.47442182165017882
0.20769265684225507
0.22139076650812162
0.46307146923744885
0.50848695150356127
0.50688950324950099
0.48366488208138619
0.48291960073931767
0.49500766283326136
0.49630467130768874
0.49645446571060892
0.49305626473809139
0.4814223302008398
0.49431518761874149
0.49256874109533955
0.49441354663932302
0.50832450559640574
0.51477743637103135
0.50439013858166315
0.49493327176371577
0.48936015603402022
0.4941832413735705
0.50158790219138072
0.50231511373868143
0.4960489956574185
0.49016004645090028
0.49098477148654485
0.50100659612522924
0.50440820723010538
0.51279194643584081
0.51393453886257767
0.49755314231359365
0.4737776986936475
0.22765557517621324
0.21989574707939258
0.46567224751456643
0.51194702594971642
0.50825413210820947
0.48934362596173892
0.48764690476098271
0.4974230161231995
0.50373463499952209
0.50807037635410968
0.49654382186260143
0.49019371954969521
0.50162545763850708
0.49780587519575381
0.49883209434749592
0.5034880348111469
0.51178045455000765
0.51475483465070015
0.5071707380307332
0.50493072724253174
0.50367472557667825
0.50940461340855558
0.51433443020500613
0.50291914937798965
0.4972355069909149
0.50047033112507777
0.50002393568547199
0.49930119645746251
0.5029224881099067
0.50431211204704773
0.49695825507327618
0.4698482450921595
0.2043105201126231
0.25243740726562275
0.46572102068834342
0.50907238577386393
0.50944028429694921
0.49599007362994119
0.48946416884674321
0.49471708070397968
0.50686348534183068
0.51871221472734841
0.50598005940435442
0.49568106691189195
0.49652980326524776
0.50027565472719016
0.50608118272841651
0.49948193329831791
0.49832510946710773
0.50896022230654558
0.50849624018175488
0.501464388926111
0.49540528982982329
0.50202289416474044
0.50781218367346448
0.4954445154465103
0.49748080684269741
0.50341051454736696
0.50422712079526344
0.49693755124541084
0.48984161079607919
0.48632332093738212
0.4890446627332416
0.48199262638395046
0.20336223674103671
0.22143757478820955
0.46727220036759576
0.50387506907774204
0.50207311485686168
0.49947458905647413
0.49674174590122616
0.49848315115860103
0.50643988529087713
0.51338841918103417
0.50547263301718337
0.49423572391150239
0.49419174407539601
0.50304882882511504
0.50518697863451933
0.49113791961429837
0.4839694390616342
0.50091755995126319
0.51319333873922879
0.50699849725008994
0.49307086801173139
0.49572853379519954
0.50022560420063344
0.48852133773586254
0.49367399978223114
0.4992354094468292
0.49841725648857094
0.49183375831340659
0.48277923065798212
0.48423920531404474
0.49407238132790826
0.49707270381636925
0.22166218032781176
0.21180608418699187
0.47554804707681025
0.5034147011944573
0.49756842367442283
0.50165787020217156
0.507760921111446
0.51057679899178898
0.51009871778671723
0.51057344432662977
0.49719552405424533
0.49012964793641839
0.49999395837036148
0.50255058272310338
0.49784916805812202
0.48695972329478265
0.48378667113645479
0.49850584656962854
0.51061042097287912
0.51291335884139622
0.50184169014764402
0.49692032269309311
0.49654534829000591
0.48694857484918624
0.48964326944412195
0.49959319473591013
0.49584014721347608
0.48321472488454592
0.48260448457847183
0.49861102561058096
0.51770156334108397
0.50658453210393195
0.20047170127650399
0.21600135231042053
0.47841660157064519
0.49110606535312729
0.48436314690633486
0.49356814249467612
0.50514229936972721
0.50560925077289498
0.50286744632339464
0.4997326834215744
0.48703274028591093
0.48529888284005851
0.50432472190584998
0.50106767434596955
0.49573399611478414
0.48801484630570358
0.48626660545164807
0.49961261215006536
0.50835005735760286
0.51117013610365258
0.5106453368454924
0.50641328511267591
0.50592095523946812
0.49896531221935692
0.49457553003695298
0.49055454564166145
0.49214802591997031
0.49257198261656759
0.49349032764377354
0.50357790940548652
0.51334099383635567
0.49437064961657873
0.2437463717921548
0.23353839129680742
0.4720705879617158
0.49120104061847847
0.48737420868569886
0.49466972853487823
0.49983453815084417
0.49961665998897425
0.49520488152358633
0.49333813199430526
0.49245757645349775
0.49461496150844136
0.50209870576766458
0.50147324833902585
0.50845136127975477
0.50450640811895653
0.49020390531448027
0.49052254553288221
0.50689680380164759
0.51245351485716173
0.51271134292713572
0.51086169406070125
0.51337821903720604
0.50636246669047358
0.50134934473046133
0.4977516190461827
0.49967920362961843
0.49970615512134553
0.49806590352594909
0.49726797711404902
0.49949347114897752
0.48936703742358845
0.26182528133566879
0.2592265408851317
0.46998547334858815
0.49848915098941798
0.49333783255600366
0.49606676431941943
0.50286629860258358
0.50269953399528633
0.49796552705312169
0.49033059717349764
0.49513310706333169
0.49684920540366573
0.49537904851870362
0.49268916685690745
0.50827178267345385
0.50978860733302767
0.49800056373454787
0.48910326131934356
0.50298372793202006
0.51218505375640044
0.50733277949298239
0.51229989319030833
0.51693560330290655
0.51160388059736384
0.5068318365128589
0.50183771403717481
0.49670215714249072
0.49727622547892475
0.49779195705553902
0.49352437782862368
0.49586104396421016
0.48973459992284951
0.28335686925700831
0.22412312331622444
0.46495447446657917
0.50488685832119307
0.50127460083276199
0.50086917833982758
0.49853230109983765
0.49992158676343412
0.50146190927462364
0.49983376578018268
0.49781781707261813
0.49427080608390206
0.49484688867681209
0.49231645500650789
0.50279057847803221
0.50509400405655147
0.49778080722719714
0.49098164989362325
0.50059249685325446
0.50843253450444814
0.50539662772087324
0.50620437239673766
0.50620445221248911
0.50541607360254259
0.50816786395358871
0.50410183899751448
0.49638155081834023
0.50048999154782914
0.50019244180074696
0.49437510022678594
0.50043390983508362
0.495127808101544
0.25131408228235169
0.22524098411202259
0.46616010691477039
0.49715063025146128
0.49258607037333868
0.49639218600118284
0.50104684133970068
0.50184102816186626
0.50307805193737365
0.50694704450235684
0.51114935296789998
0.49353122420274687
0.50018881602562471
0.50375496460829927
0.51224853527920766
0.51462618745692579
0.50639438589644536
0.49694202021300116
0.50478485725578737
0.51095761871227707
0.50804485586996906
0.50447294350184135
0.50361574444346036
0.50163749130489099
0.50260763239974204
0.50028103281161784
0.49906528353455182
0.50410208928936862
0.50407159828200987
0.4982215595794261
0.50046340413386059
0.4853271651474596
0.21734069628438363
0.21608421321818247
0.4642048763966985
0.48485449650986295
0.48293793302626881
0.49151425532976545
0.50508732254890831
0.50833313894128651
0.50583427455773822
0.50799756504665894
0.50943930801618775
0.49618870316287794
0.49966456909289741
0.50959824630168493
0.5181339899928088
0.52210468821451772
0.51002704020951983
0.49893804562346994
0.50758205450020422
0.50825780719480029
0.50311884078265423
0.50324435494747533
0.50046820392195024
0.50050429111367845
0.50284789706493083
0.50384090672797477
0.50550529199208216
0.50701733116708736
0.50450512435753225
0.49689575222289123
0.49853389615678068
0.48446815216966654
0.21356803840399946
0.22996398305613072
0.4605206916656806
0.48829353844349638
0.48745568273267498
0.49181995411862423
0.50109203980689643
0.50352556920902314
0.50588656238986962
0.50668228380520242
0.49871540742612913
0.4957653075377873
0.50119633255118479
0.51138479286836891
0.51619974598713048
0.51166411362057029
0.50229984419505891
0.49410392027155831
0.50199727006617423
0.50384124541494124
0.49965519998950331
0.50040044624079383
0.5043040905123044
0.50726140470264047
0.50666556643467608
0.50702156851456359
0.50147357413131077
0.50260294663652738
0.50417254602925654
0.49755393544146281
0.49330167928216495
0.48457805000380499
0.20541580092068062
0.21785962680532178
0.45727943271352134
0.49115492050070214
0.49855979790740551
0.50601793548720775
0.5009469762357186
0.49990346077068648
0.50544748279154905
0.50455656845560171
0.50014669305555848
0.50397209291108036
0.50540347321949852
0.51055797600309305
0.50751875663799395
0.49860567584229437
0.49136216932924126
0.48672602522906855
0.49980007336011117
0.51053738744750532
0.50771765234401234
0.5006957998986048
0.5059228345537472
0.50657650076956784
0.50492655038809797
0.50532057761927318
0.50390263130714075
0.5020007871963823
0.50554610990194571
0.50696891548676959
0.50154325788273468
0.48509222780967604
0.24716607597698936
0.19887062429563765
0.45416894572728
0.48792276127517431
0.50184991592875039
0.51639392009040586
0.50367638006428328
0.49735862942509906
0.49967622703801179
0.49884158702519232
0.50633930995504961
0.51053671375099197
0.51351982534410445
0.51066291414536458
0.50358214058797901
0.49406607254200491
0.49162613230403374
0.49411063377537529
0.50390911212493605
0.50542386142678819
0.50027854064392319
0.49774339946391799
0.5005416225805317
0.49398220822193656
0.49374779795698065
0.5015214327526224
0.50416320922769364
0.49592337475024068
0.49347599520699464
0.50163457909586295
0.49142964533216549
0.47404585505880092
0.22352657458193093
0.22907716410024054
0.44788483737365348
0.48452292797855895
0.48846336151506858
0.49114734862413212
0.48034901225824367
0.48242106276570024
0.48742019999477343
0.49249194231728954
0.49807681659464287
0.49859949412786875
0.49457690413299538
0.48843453681806465
0.48269481818599752
0.47769438336455672
0.47799595157100755
0.48084128875417359
0.48731114662149438
0.46515509668475152
0.46939504714612873
0.47626661133393683
0.48110261688058725
0.47321408774771684
0.47520013080362822
0.48284298187623109
0.4886586703369985
0.47620459614052296
0.46755575881885142
0.47859006581654656
0.47024758434197272
0.45442626675182052
0.19635119600238923
0.096627771004573204
0.21040716908543355
0.20682474581664903
0.21800101588914253
0.21001718734334571
0.20648083369885939
0.20627558090630757
0.21778426419703784
0.22612691799325943
0.19883695633029774
0.21769865513335296
0.24182834936334963
0.1965166664233805
0.21656934487107848
0.20468430425289563
0.22998426467637126
0.24641929910622942
0.206665726140669
0.18524090769685964
0.2332819493552577
0.20156273253987286
0.22374433605325883
0.20189711936622101
0.19436546094666279
0.19546177634609876
0.21401002970004526
0.1823049780377812
0.20762817043663045
0.24503134890619965
0.22626151895738539
0.21397076490842912
0.11822908897803892
0.08459131532172412
0.20219345840396044
0.22586184875725118
0.20892299231494038
0.24901412223572489
0.21785209572666797
0.21253457549246529
0.19309341505369779
0.2007544940099808
0.23639105914509295
0.22362726269634997
0.21801211881652527
0.21478471686423378
0.20048563195679067
0.20908467018638721
0.25567263972549442
0.25484202892400648
0.24681756141744743
0.22338814332573173
0.18936620154070571
0.20717401965072718
0.21688901709672836
0.22462277974774666
0.25961095966011888
0.19665796661971022
0.21498241874263294
0.21850630900722287
0.20870869355756078
0.21255498431868372
0.19431471757947333
0.21136563293099828
0.10127587230422271
0.18691734512429262
0.43072780052493803
0.45614739258312337
0.45685083671788934
0.46290687820320953
0.46622529821006087
0.46985109616403564
0.46026199017995195
0.46560690655135389
0.45532795788060237
0.4513925696901705
0.46289173731344208
0.45689035158204799
0.44909440819279578
0.44407846160969855
0.4734566185687642
0.47192800597323403
0.46241374918288292
0.45425740705265438
0.4628095922269555
0.47244996701474723
0.46387960933965483
0.47407188165134206
0.464379939152402
0.4661081044548559
0.47956954684195779
0.4695100878743334
0.45495061263979558
0.45985823724608405
0.4606979691977714
0.45118865068855968
0.21416456602320547
0.2083284913327102
0.45621603769279873
0.48504552837212789
0.48043904286702016
0.48778254293344731
0.50521452179949833
0.50606025279367872
0.49526647644223104
0.4942141071464638
0.49460657170184097
0.49466035664412689
0.49166120246023282
0.49494411666891741
0.49135994607615152
0.48492126215080661
0.49777394976369338
0.50649329756669315
0.50151111465269183
0.49509632848755653
0.50447935599105975
0.50088348103161651
0.49223196288701992
0.49638318357492478
0.50019589773308759
0.49776432199180987
0.49694080900622245
0.4960653346532789
0.49166498158561966
0.49075450454296549
0.49292573796947642
0.48665704054143344
0.21000362599764583
0.18873617011219843
0.45658674791832904
0.48340750333864985
0.4810870246926135
0.48731545395687875
0.49436411471147235
0.49484144452071449
0.49310903691198549
0.50610930545365518
0.50441044838205984
0.49641058563190932
0.49491402467018081
0.50389260610321351
0.50261494679010443
0.50129348650301109
0.5054767791264303
0.51010827983165463
0.50556411682275937
0.49922741018737354
0.50397279051453092
0.49454215835328136
0.4874248275660315
0.49131260213893019
0.50041942875335976
0.49685328460172912
0.49206516514392334
0.49104905003695903
0.49393934678834478
0.49429102373599615
0.50002079426409696
0.49023895239613369
0.21964761756371876
0.17524540206485015
0.44659118546321214
0.49000074565187501
0.48915011101105116
0.48563869671291582
0.48620739227370574
0.48877525358429535
0.49357018594788127
0.4999931032270723
0.50135900689697399
0.50628450202508712
0.50543176314500327
0.50340085423999836
0.5054033255529955
0.51184905710133566
0.5192877708908008
0.51884895126283503
0.50993722275397646
0.49897616521069943
0.49872310829263078
0.50053460582779696
0.49600993342445199
0.4939518964230501
0.49297979424777827
0.4905622363208253
0.49619051467246922
0.50483798235559108
0.51027917965609637
0.51012369588400219
0.5090345718403082
0.49387413819027987
0.21147262450823776
0.17819626543141392
0.45339222139807578
0.50177472397778877
0.50219249810587918
0.49431498553211051
0.48936224054498945
0.49078319319836022
0.49304821199586174
0.48763965506912571
0.48888002905215844
0.50585967517154096
0.51502904648896797
0.5023997185300394
0.49957518049084559
0.50392612667374814
0.5078005533959663
0.51379976411486294
0.51497648363492277
0.50183122530837565
0.50018198868612163
0.50766966342365805
0.49807212424995029
0.49642804060232104
0.49886782911958233
0.49972860831611143
0.50734702148082622
0.51657642373254664
0.51640036829011471
0.5077807485832011
0.5058766886155428
0.48957046083424322
0.21931377146278122
0.2142921452302147
0.4572453188388993
0.49843777974747733
0.50126002126409275
0.50012768659443307
0.49864240194319587
0.49389708957970369
0.49858337706134193
0.49637465854264357
0.49074158368164233
0.49916575821613168
0.50239561686830103
0.49951172767674379
0.49684316777770993
0.49965625505897926
0.50380371756447651
0.51160278593143416
0.50984948962240029
0.502829006708712
0.50639322835435874
0.50700262168621102
0.49684238956184462
0.50015325265827337
0.50468474343542791
0.50631102056252508
0.51287780165916697
0.5209450121322472
0.51201354998758919
0.49409620389756503
0.49631042818629995
0.48433740468574632
0.20927801337205632
0.22853519886667986
0.45801119732672774
0.50178079521550112
0.50092390907389672
0.5005241209336001
0.50278508843962577
0.50429051765046018
0.50721729971899776
0.50810630206982976
0.50088587072359403
0.49487298811706898
0.48821854383455632
0.49315253505210316
0.4994194804195537
0.50133168946987139
0.50606073989093436
0.51176063014834428
0.50158840909212676
0.49962050551924753
0.50299915483192914
0.5004696617148342
0.50460437756262178
0.51105187355607862
0.51495373067210892
0.50830262459063447
0.5050235949670564
0.50973868036124104
0.50272394919126717
0.48933706504112207
0.49052315818896702
0.48276066052061861
0.20551256277482835
0.22908450339491912
0.45759068591027263
0.50281910977706323
0.50424997847834274
0.50119490358726826
0.499578772691331
0.49932281802130635
0.49856126768465936
0.49859842729643578
0.49819433871968599
0.49551031022275049
0.49861056143495242
0.50511038164304345
0.50732975264460256
0.50549832367396108
0.50967543167713991
0.51398343110455968
0.49906574152215311
0.49595371828381168
0.49843214388036305
0.49793187507690273
0.50730189415326699
0.50522472608538949
0.50460323876825863
0.50065352144133857
0.49463039587113067
0.49670686182176316
0.49677358580338415
0.49370558850346996
0.49164061271601134
0.479299242449652
0.26868095784206514
0.21311413772609117
0.45099240595564377
0.50052726486838661
0.50451787242961388
0.51162424819258445
0.50863048430397162
0.49814033113224676
0.48979479160216155
0.49447069346237255
0.49846503092794164
0.50044128517397812
0.50169615097790987
0.50446705384173252
0.50263174836457836
0.50435232946138309
0.50971825869175402
0.51930174253126349
0.5170249286014742
0.50460495242078351
0.50527638268596331
0.5069423310453306
0.51261798928686142
0.50133411306798081
0.49459744938890887
0.49495284770168135
0.49495704706700755
0.49965193145632453
0.49808266065225798
0.49263575447271252
0.48839925864750866
0.47460330469822126
0.2033424575038697
0.22629777626999875
0.46686567349155017
0.5029223717751804
0.50226051471663646
0.51001707936245688
0.50769850498758062
0.49367263046717419
0.48941373213790423
0.50395623652200461
0.50353035295786153
0.49824022213989821
0.49430146138614411
0.50249961784661112
0.50425723154766522
0.50297368045163326
0.50590251192086544
0.51403416033687066
0.51955400439901223
0.50766860637423428
0.50515436794557445
0.51159530482522786
0.51693329434491486
0.50704158583992009
0.50335019851946716
0.50277957647223803
0.50241555468565224
0.50437879121660811
0.50347451159004741
0.49753432991975505
0.49424126302567267
0.47457247842657946
0.19647064572005751
0.26280666279446147
0.47312311754086689
0.50334815952161538
0.49261076205536058
0.50023500899283846
0.50442086794743024
0.49411320763125816
0.49778420556690567
0.50094371914157254
0.49843966964248404
0.50286297024190385
0.50312601092582887
0.50938181176074193
0.49124990680079789
0.4833656615754241
0.49223034051634496
0.49437667815593705
0.50774900316136351
0.51542791776550756
0.50958756122387472
0.50834763022528684
0.5030708117120023
0.5025755515030782
0.50862548884022674
0.50265918069373916
0.49751898887682838
0.49776540588860768
0.49805301042619315
0.49812150187385712
0.50179566522867591
0.48625908815849067
0.20586850850735464
0.22613687663868884
0.47019049473484559
0.50340182031593517
0.49583520916342821
0.50202846515851873
0.5049799903600195
0.49546198461412788
0.49764285537047526
0.49722842937593481
0.4941189284863195
0.49787452097760315
0.49264182000124374
0.49995090380423657
0.48517070156489656
0.47868379594117066
0.49242493873450005
0.49514127711589706
0.50446611812972508
0.51361226421175232
0.51189988928921715
0.50317172258652709
0.49329894422427978
0.50096698873599621
0.51258427421599417
0.49812086483387713
0.48423329534311726
0.49018415521954362
0.49144725891637236
0.49709769635716217
0.49934640454817947
0.49064346316507551
0.26153560406079446
0.2001066657778848
0.45880447363796606
0.49986003145400559
0.49743319909068495
0.4997429026098581
0.49672414778481838
0.49315291877436684
0.49539972216684341
0.49617654235844516
0.49345542426675293
0.49262089739710374
0.49029490782474749
0.49495322850446183
0.48958123359553435
0.48564482132577952
0.49335321949430277
0.49630490714175696
0.50265993361936556
0.50737057727072465
0.50631615219890691
0.49861306926817989
0.4907579428512519
0.4984421879237888
0.50759800156752022
0.49055197400329703
0.48081835975226273
0.48438698782159728
0.48083852797031823
0.49162575286189658
0.49688047547570802
0.48414408211288484
0.23029289736762459
0.19289611019563732
0.46837529339321304
0.49661004065384629
0.48805674673049171
0.48818339326832738
0.49780002202744084
0.50190464586856209
0.50089750648402165
0.49850910349786332
0.49295520666717185
0.48529812257681426
0.49089040174769566
0.49427926772021058
0.49183883703062847
0.49304130614227382
0.49515270274073858
0.49763286658090833
0.50601193671423195
0.50499892434481897
0.50510296133769472
0.50627538584911513
0.49860722649808931
0.50331582965241295
0.50204521839013549
0.49276750296535632
0.49082433687525501
0.4799676426014064
0.4723561290459265
0.48632854756178351
0.49165774738581686
0.46887388925212747
0.22294248425716295
0.22463229901574533
0.46576105507572785
0.49457950542197343
0.48781459829542356
0.47907186460078743
0.49091505929117468
0.50578477124085996
0.51040251911583268
0.50414628474827705
0.49367919626284923
0.48314184210499256
0.48900889402005326
0.48914220003131714
0.48955526170915009
0.49923983526438814
0.49816348621154788
0.48878518338886495
0.48546930608452848
0.48317045486560817
0.49294386164431725
0.50257026655274062
0.50169476982222672
0.50627908698768498
0.50885270107364511
0.50451882563220729
0.49971987190714368
0.48438746054006299
0.48866329611655446
0.49961031733257921
0.49203759816728715
0.46834760213625021
0.2017869334330793
0.19549459422794085
0.46269280518788708
0.49897756013734468
0.4971575203031891
0.48108970914088978
0.48013693688906917
0.50095769709551452
0.51126564892869997
0.50192686443005397
0.49013407521653218
0.47860602106693434
0.48816805099115612
0.48738235238602956
0.48871014948414881
0.49684793702828728
0.505036913644754
0.49429579297984549
0.48791777820985777
0.48622963863791141
0.4913640007207713
0.4963824323698427
0.50757062701056144
0.51039284154495324
0.50673954165759005
0.50062502705243261
0.50216411238682968
0.49819428217687017
0.50251614775263809
0.50577201613311695
0.49701618833673888
0.47890244140027555
0.22497371898755997
0.20034059071591953
0.46350404220088259
0.50033354120916829
0.50177443586030634
0.48677778937441951
0.47945459765904708
0.49262360282646273
0.50204450261141398
0.50332437731473445
0.4925856380159519
0.49066910261465319
0.50249956080359681
0.49655884330716238
0.49754877366515426
0.49803201319826268
0.50848620395029376
0.50552787154661893
0.5029792233708521
0.5023008756413796
0.50177927900241037
0.50776168580770653
0.5210076218143187
0.51207701601378786
0.50202289944548328
0.49720062071133952
0.50121803784738328
0.50408205204228762
0.50302094132022934
0.5034528809914055
0.5005941083039388
0.48520059533892473
0.22247185142435918
0.20873246559163974
0.45401961200816326
0.49768512666365045
0.50124627649494724
0.49011769567145008
0.48447569656760275
0.4895887875543164
0.50312651845755707
0.51572095452948752
0.50395258461923176
0.49783132951045966
0.50593929291484818
0.50089084518314841
0.5075258725654378
0.50654375153458053
0.50612684611666348
0.50583273865288791
0.50501419180760732
0.50039766715468847
0.49421142108494903
0.50111783321873571
0.51242962568943251
0.50487828643585675
0.49723257413180555
0.49288400359634638
0.49793100386815159
0.5049453430692501
0.50064973879024388
0.49870968163475221
0.49786811378382106
0.48545964715005757
0.21455982318719674
0.21079159561299432
0.45250686195917489
0.49470321319200994
0.50012495792188161
0.49088215932193141
0.49512133618004062
0.50209749415277605
0.50796452112745516
0.51658472228974506
0.51100079427377476
0.50175903346390016
0.50093679286235981
0.50242842093638385
0.50810634161694423
0.50678352946996219
0.49788114475766904
0.49946513637882389
0.50856423744436985
0.5063340537601243
0.49003818021008866
0.48593890356317415
0.49289919208460958
0.49030852486192278
0.4878200375812114
0.49173464599037381
0.49563736402240227
0.49563421918780898
0.49198934839069519
0.49444881082513464
0.50071544922004196
0.49425067815645418
0.2374759538851656
0.25509790907126978
0.46905148632261778
0.50405292495758314
0.50804505580400161
0.50312387912842016
0.50454793526925634
0.51476633643752756
0.51400707449525518
0.51059610902622121
0.50330136832247707
0.50218676000723972
0.50754624909458945
0.50352414569482629
0.50453372368608629
0.49901511241384972
0.49706635236440999
0.49841013971305442
0.50140627518455161
0.50711402458406341
0.49572233796786425
0.48427215864377648
0.48625573239575531
0.48610279886469565
0.48780394687964185
0.49896831380811768
0.50384434790354149
0.49663711424204648
0.4927234752411625
0.50399711638765521
0.51660168835356401
0.5044455827684956
0.23366277547813324
0.23773384934269043
0.48050101928364275
0.50145625998050347
0.49329710726286946
0.49898488304749139
0.50300226180639673
0.50931449060704803
0.50996367524602326
0.4952650166082897
0.48211492578397436
0.49125125102785044
0.50245931075874861
0.49384026033691475
0.48806580197962018
0.48481917194038726
0.49213681797811448
0.50564939531168407
0.50844810393561313
0.50385460867328768
0.50401977094550698
0.498516973961595
0.49400929307264541
0.49714245100594379
0.50041296536925295
0.50166768883078117
0.50239072129347007
0.49887229927991372
0.49337012593131024
0.49556873512849065
0.5055842521313384
0.48740454263581817
0.21064696287049192
0.23629602850327636
0.48120034805554401
0.50085602938725349
0.49628793760403417
0.49596261970890454
0.49501857123275217
0.49963293160807365
0.50072043139091282
0.49099858954749448
0.48640692117012457
0.49329181394462862
0.50272770144828727
0.49550965200193636
0.48973419601515528
0.49007337497528974
0.49275186247770741
0.50130117523554818
0.51395884757388555
0.51042473373195874
0.50743298200051312
0.51023077891687418
0.50605809756263287
0.50409133124772731
0.50757791189819179
0.50627919559881052
0.50528322882009424
0.50298337457743225
0.49438375429767084
0.49221542582685907
0.49821796966971144
0.48002897695361207
0.23650472196663
0.275224155039064
0.47841689017758654
0.5022415536075312
0.49695046507014046
0.49679339804468936
0.50146856308800225
0.49692271606535326
0.49190745309015299
0.48779523508033767
0.49232932514282268
0.49274172161023888
0.49807790748121289
0.48793187816608014
0.49025504145130344
0.49204397454249776
0.4907276997815796
0.48828363286527104
0.50904535060740663
0.5154918460575747
0.50773080966871875
0.51380661053497556
0.51193122603977859
0.51137809193640338
0.51379271226258849
0.50522159574095871
0.49375706908152006
0.49434110248018681
0.4972890182523671
0.50140428821123173
0.50491044219409009
0.48723212661123616
0.22608415203858057
0.20870874703275349
0.47005743428944696
0.50634256319881976
0.50434375700640033
0.49794482668187828
0.49541699784885923
0.49513993365717962
0.49584899794382731
0.49706627256806296
0.49930591619569509
0.49428248115684909
0.49698515391924458
0.48684225730679864
0.4952684776584087
0.49782264100841767
0.49175818861499732
0.48457931086631256
0.50546399466666148
0.51397747859132792
0.50719141674877799
0.50352547026263716
0.49752467240870013
0.50586795718590027
0.50927617344355769
0.50181238750599211
0.4866017996954346
0.49509421369837553
0.50474630262065256
0.5027646189507442
0.50516082711315002
0.48246935240295463
0.20642861054241848
0.1994570539022813
0.47157004298360672
0.50243723726204359
0.49985796704961949
0.49246714860254465
0.4959435059522958
0.50205776881826836
0.50310749673841826
0.50586438179691395
0.50551453377297739
0.49897804899502879
0.50584216147631245
0.49911575861893925
0.50521323912271032
0.51206668471720773
0.50395883015156262
0.49533303511407401
0.50827419204911561
0.51318889735335604
0.50557292177387614
0.49856570250278992
0.49295802908213243
0.49993179222775136
0.4995022747093073
0.49477023191586944
0.48463069515596657
0.50489769374751536
0.51303301275295277
0.49968122885618377
0.49781569383644153
0.48287594429536201
0.19051934027010708
0.21380487519568142
0.46378554471647537
0.49136809417479321
0.48613305916223387
0.48700349633497703
0.50081263450161173
0.51061597797823144
0.50569464942538689
0.50465461571053782
0.49877656429273598
0.49542047424559921
0.49784857989870096
0.49828732432820438
0.51022585167000289
0.51552514923031278
0.50253638573072423
0.50081697061854535
0.51421105921819066
0.51066604021215622
0.49355510417173398
0.4900588416178927
0.49439953412082621
0.49923788028364602
0.50088890237627448
0.49975161531438916
0.49930255461443895
0.51131318998540243
0.5102780488228108
0.50122547047194976
0.49562441348580566
0.48283861350907981
0.2182709741705012
0.22123648048483649
0.46013318569649581
0.48159063481038911
0.47598668132653249
0.48490039193060647
0.49790647217566708
0.50492638107057941
0.50669915350294936
0.50591493830282364
0.49368916296209037
0.49266754347581981
0.49542515197067988
0.50228615673988153
0.51245284202774399
0.51070414647647222
0.50327180086614454
0.49877292593781636
0.50916443774444209
0.50472720979936569
0.48603917546071213
0.48624236061605186
0.4970598536206815
0.50274339609045116
0.50543630930442995
0.50532438844518901
0.49844225366396838
0.50207477710668491
0.5059944575119466
0.50087747248899261
0.48962754546530923
0.47440418757021607
0.23656828355169873
0.31830578895184419
0.46077084995886242
0.48502430727124907
0.49589510548553312
0.50639093048103134
0.50216383162641332
0.50234731743701355
0.50830288177519589
0.50441100583506926
0.49453248856755677
0.49281033511420946
0.50063252653885526
0.51045204190145566
0.51651056931936423
0.51292397453986027
0.50683377552169573
0.4954286826343054
0.49811425414168409
0.50361568831964199
0.50339856072619538
0.50888364529875307
0.50893332358220589
0.50685019438163093
0.50521858313383439
0.50457317011959868
0.50345804500087177
0.5012563691312939
0.50451423181619948
0.5084018307917848
0.50124526127494795
0.48494921943049762
0.19942810953101806
0.21544460139790275
0.46176035277693156
0.48638904894266255
0.50746463505738237
0.51959748217023138
0.50290739876487989
0.49622753925635071
0.49610767920609533
0.49434836045268815
0.50046916089374183
0.49806800667293266
0.50831438074949764
0.50820126986220748
0.50863412286620313
0.50423040869707025
0.50098956725834121
0.50008398938374643
0.4994382959302372
0.49849853115634829
0.50485742162415481
0.5126934206239997
0.50936694417437967
0.50089263222778013
0.49844689363557459
0.4996703784706748
0.50400109346071709
0.49986743717136789
0.49530910758684626
0.50289812529911793
0.49461234347911259
0.47616758739400583
0.23180476230419947
0.2242351740754544
0.44778639020994104
0.47589122424385288
0.49568425135698191
0.49985110296140528
0.48587092557705075
0.4778419235149593
0.4753451644760559
0.48324610611865071
0.48764416957117074
0.48790456825914746
0.48159310901710756
0.47555970784908147
0.47872233465510855
0.47685310268451614
0.47187206626551548
0.48035464649779319
0.47609733411649119
0.47333520938719137
0.48816322041372096
0.48711847103097444
0.48373717559823504
0.48137935020305311
0.47635605747048737
0.4809264476059677
0.48198946159608014
0.48189505834707308
0.47668111204214919
0.47701443092246126
0.46849939161113008
0.45569863891668921
0.20420790199462327
0.084859693047457802
0.19517530381994699
0.2265079109556474
0.24779343972988713
0.20448156862440364
0.23936986554821721
0.19505698181503814
0.21718370047999577
0.22917267626858984
0.22357199443969739
0.21461070460364087
0.2127254341316949
0.18045945647711606
0.2067158467767849
0.28360241596499663
0.20548298378195326
0.25108289578181431
0.19152443885902429
0.20454496515279821
0.23245943826381024
0.22845125293182142
0.24496181978872783
0.20915751802850854
0.19446478892405833
0.21202340657120108
0.22664842009017119
0.20746947248809719
0.21437637765742948
0.21569399920169086
0.21879908734615106
0.20409437268123853
0.082342179557670148
0.081631730328996732
0.17990103109785954
0.20768585568343148
0.21696405582193024
0.23513502909507353
0.23073714658717254
0.22904564455492327
0.22082372509180137
0.19120624143606971
0.19549289616827292
0.21299895143545067
0.20955116358028639
0.2135232407809127
0.19444075053839069
0.18472722752738091
0.19286289993619482
0.22275963647004826
0.20739380544160185
0.22582809874216686
0.24434130077186642
0.20545945904991683
0.20007935439936053
0.25691576992359527
0.21236749018740742
0.21736611758386157
0.23505051448407902
0.21117478006416629
0.20619639329673811
0.22403252726629616
0.24756076402101154
0.24798577485261442
0.090312354878545817
0.19540376488667266
0.41759767721756275
0.45197955493882397
0.45304128874409205
0.45887793231346108
0.46604236142653743
0.46846476250923069
0.46957635970218742
0.46112644284156634
0.45425695803469063
0.45494380633955533
0.45711079242635316
0.43733054826383372
0.43548317639956652
0.43584963151527978
0.45845131291430891
0.47665159737165702
0.46564589076643864
0.45912901789458666
0.46315605827114598
0.46699770375116689
0.45220800562784436
0.45628272489655691
0.45562606337045419
0.46455258980489039
0.48258756720194401
0.47488484586525326
0.45933734565294293
0.46697347230938407
0.47208338870053435
0.44547003310354805
0.1872103258855638
0.19740295033312635
0.45486864312727565
0.48637025587874511
0.48625036108387432
0.49020799434183321
0.50179701285734579
0.50739595485129341
0.50302000768904986
0.50098219669453559
0.49395749607160427
0.48918892624065113
0.4847776037364267
0.48674378120603495
0.48441918599899081
0.48428415325547364
0.4979308186451713
0.51295644619042635
0.50810781038979591
0.49771716817213257
0.50217330654707237
0.49633741704199014
0.48558033529824823
0.48635739052621668
0.49264634982485012
0.50119168663124147
0.50687072874039074
0.49880575666171389
0.48728621868750538
0.49180217521474917
0.50337223515971086
0.49877665159956963
0.21309454675475145
0.19935342631905129
0.46075409777264387
0.48402044383037851
0.48252850721990614
0.49147183861816462
0.49395423670228977
0.49161307188622883
0.49304399447005276
0.49719557992240182
0.50075024042805849
0.49543726502965724
0.48735651495007087
0.50096606445795755
0.50589418559583932
0.50485862787425606
0.50456593735237509
0.51716098383795595
0.51656144217749522
0.50518679200469851
0.50392093809626715
0.49578898861761561
0.48955437680138725
0.48821827653622663
0.49942639094913133
0.50521549453711911
0.50812490211079642
0.50044998507394134
0.49334579916768445
0.49306429599941093
0.49910721315930417
0.49147705800309699
0.20655596175252625
0.22314188196365228
0.45817893720606628
0.48215593635797305
0.48764150774256332
0.49399229791154053
0.48810322550987406
0.48481812779040395
0.49109104908504969
0.4960797926911662
0.50190133048501628
0.50919436205506063
0.49780793820903185
0.50171840993268668
0.50830118847423078
0.51095103887224347
0.50809455083799526
0.51426322439165029
0.51757372756419306
0.50393155681292334
0.49813424533852524
0.50348511152963316
0.50170460317950538
0.49064554401154059
0.49062861790810175
0.4941124842685935
0.50314665205541553
0.50803614387827933
0.50915348738975452
0.50617871235968803
0.50297002352742248
0.48572307298541673
0.19702462711781743
0.22408042034229911
0.44184842786236073
0.49174447992976345
0.50118911116545606
0.50262717241656296
0.49084433502006841
0.48410331899450437
0.48876954743379558
0.49214661879027333
0.49619376373762086
0.50174313062578557
0.50567550957770746
0.50413108722365108
0.50487573366535543
0.50606245848037645
0.49721864094809626
0.49987707440293655
0.51067814306064507
0.50121764450442841
0.49755259879123742
0.50700756888708454
0.49749025892740634
0.49178555877159147
0.48974608679015841
0.4917530363781254
0.49493044152752136
0.50826314609314549
0.50888468912174667
0.50043377909674558
0.5019075663025343
0.48534680839066885
0.24655754867254701
0.24576256952458653
0.455938102425269
0.49337345459450865
0.49513922944441219
0.50359194623961367
0.50002575336886201
0.48760472794612336
0.4865723631237433
0.49333251834591668
0.49198559262254288
0.49041636669088934
0.50230693911105784
0.50483536936700391
0.50219003003825025
0.49729476854397459
0.49474736350491555
0.50091012343088714
0.50391266772595178
0.5030988404152964
0.50366549820065432
0.50142925773458169
0.49073770527485183
0.49569448635424751
0.50123419375904865
0.50229403370731318
0.50502949685256904
0.51345117286993969
0.50417672627230359
0.48713007108391215
0.49245365897606241
0.4896059973485683
0.21713832156311763
0.2165385550913127
0.4652477668939195
0.5031116742355094
0.49408128581355315
0.49525390194734564
0.50134240765990035
0.49536782766555987
0.49396988355425919
0.5017924768575156
0.49601526664792817
0.48803935528635312
0.49701858328447102
0.50194875443201037
0.5034775928399049
0.50135728014882019
0.50280517345353182
0.50427669252544982
0.49392537577258533
0.49740904897881405
0.50091100754561324
0.49708132138218813
0.49623468678271798
0.5027260690595412
0.51338000868940648
0.51026578395126243
0.50379109510420661
0.50586602239424505
0.49595049603089114
0.48734052620663121
0.49353533124101256
0.47922557033797347
0.22511212572996639
0.21450552199314885
0.45755027397454184
0.50430790996540209
0.50229648586132269
0.49164203770834369
0.49429729891000024
0.49581417712654546
0.49029976006745163
0.50005667797735021
0.50119681451811682
0.49861233910630498
0.5081688105997032
0.5112990498282538
0.50888217033140448
0.50618834853929362
0.5054102992082925
0.50222500027128958
0.48515375577292591
0.48973169129083272
0.49656568253447969
0.49606103215946468
0.50130017122456894
0.49984768151641318
0.50900269697777634
0.51142657551293214
0.5016040975870435
0.49388238189459005
0.48959031035747286
0.48818503993003126
0.49043963984577915
0.48151155545828123
0.28429612739634058
0.21900089639761924
0.46572866357967985
0.50548838030506205
0.50564360478250103
0.5028222577658249
0.50320854149606187
0.49881081382271419
0.4873081335600486
0.49477761998815128
0.50398481825670782
0.50503984729614837
0.50739180519274463
0.51429019525409569
0.51161002191649596
0.5093923523154269
0.50802617413824391
0.51034773105567921
0.50913669373607806
0.50260787527484341
0.50520314995533688
0.50460816657215746
0.50841720952161229
0.50384131840614454
0.50601800827472598
0.51231256098202604
0.50789141046982966
0.50267395689688765
0.49359706433023998
0.48043070489599266
0.47693917236074235
0.46990279564757254
0.22914955665194101
0.20550361137684553
0.47334332247220168
0.50965167878822937
0.50447541597117396
0.50151904048669116
0.49878536632895337
0.49041999445664802
0.4841937446888569
0.49632719737099146
0.50407285158413551
0.50057587534484682
0.49564248074293904
0.50885185274400047
0.5085414984693849
0.50884614167915754
0.51108835539392461
0.50960999973591259
0.51768078764196512
0.51595358878087505
0.51047430238891001
0.51006646534904898
0.51584399579456131
0.50743339726363057
0.51054418252220768
0.52120196490744153
0.51853818198905144
0.50858785790229344
0.50116950317093667
0.49187200279890764
0.49122373120268076
0.47343009295998262
0.20739905300340691
0.20789111388189294
0.45817716047025903
0.49874793283744911
0.49144149880868421
0.49151782811624328
0.49504956624129315
0.49394526292055158
0.4981038034880802
0.50043835144354643
0.49644512697833593
0.49524438183349451
0.50154986112609501
0.51464336442832204
0.50362956605033304
0.49958178022307442
0.5108913393195087
0.50799162476643123
0.51266284480026802
0.51751294072679754
0.50814624605091241
0.5031174507639119
0.50256244719676368
0.4969947317271578
0.50697200504411255
0.51731150134769155
0.5131121257673793
0.49713552495485036
0.49098473720349156
0.49589415602675369
0.50211378184945032
0.48043220379656881
0.20979621498308357
0.19459822629617593
0.45490445405958424
0.49812511146531258
0.49903317194123509
0.50494905908220056
0.50288339984590036
0.49631128722541784
0.49922619666296764
0.49850551525254516
0.49146827770514995
0.49176255768122246
0.49585572436236447
0.50481845015570836
0.49984813418562274
0.50149846665053033
0.51581441462148048
0.51333965788712443
0.51294944412664267
0.51658920940443342
0.50441505747426685
0.49519176143379307
0.49841937692937294
0.49968929586969174
0.51183385068533482
0.51414966956532482
0.50187288320981005
0.49478843391105326
0.49095075318170323
0.50386628944490064
0.50350676596332611
0.48633738176533325
0.2299130850988331
0.22430085450205131
0.46712214399603813
0.49753123356012358
0.50282612612099209
0.51025564788277122
0.50153233073748138
0.49676150693225746
0.50114235495374782
0.50165732469720159
0.4965199442649364
0.49779428409459076
0.49314398937827852
0.49308003967535741
0.49448564315736732
0.49906639584483592
0.50879492362799872
0.50513292519000486
0.50632728485973189
0.50962790609067299
0.50274070680187233
0.49392687565975529
0.49671838519929118
0.49912715976481131
0.51081306609656985
0.50653291558696478
0.49232110013981967
0.49238498489981752
0.4903072954928247
0.49859343678817158
0.49696260617601806
0.48025923960760625
0.2273780073741789
0.20481290306564801
0.46263590143826716
0.49345632613643275
0.49302057389735882
0.5022754933308764
0.50559725034328751
0.50527270567013749
0.50463771237626287
0.50437320374569539
0.50023193800903565
0.4959378706884679
0.5007834336774698
0.49894606855569396
0.49406572255759096
0.49153237642766567
0.49767668037287249
0.50005388168867981
0.50295555748952825
0.50610806779411699
0.50475334061496158
0.50206003448889724
0.49721057534889862
0.50023758302955801
0.50339475337092943
0.49692789514421037
0.49335460040548057
0.49192826330639422
0.48655214540069325
0.48772099869390745
0.48216169600879333
0.46602859027452465
0.21976338881013377
0.22076968168184855
0.47263004303796508
0.49395768899425957
0.49030137640566224
0.49386530095511239
0.50168659745686539
0.50892628141792762
0.51785238811218526
0.51542453931646115
0.50577356403720475
0.49456643856242272
0.50390589103395023
0.50380068503086983
0.49459756448482239
0.4894888541509419
0.4910648323507934
0.49062462971148929
0.47961855278290166
0.48246462688616787
0.49351872429412136
0.49822125465042405
0.49595699756732148
0.50152360499922832
0.50164974794813577
0.49981817671823059
0.49609972428446697
0.49164117845771649
0.49678601189255567
0.494053477693982
0.48231448604977545
0.46709827930561332
0.20809290082184556
0.2181767688516866
0.46530824576799806
0.50191988132325205
0.50045700859533659
0.49522686770997437
0.49010082433207258
0.50486517119103191
0.52233360335071954
0.51913432269406545
0.50348573779657557
0.49223879035212204
0.49923496191902988
0.49834947710473948
0.49302526808025493
0.49244156194042266
0.49711652091241987
0.49048408638441676
0.47708747225225923
0.4757447495663043
0.48488932733817031
0.49004962179029721
0.4993923215356153
0.50084888883958933
0.49757019518715151
0.49726118091573057
0.49822823872392785
0.5020136982000829
0.5101302018071675
0.50485636088480812
0.49432762746889863
0.48644085889957445
0.21945535696259072
0.20107993025451762
0.46149511150589634
0.50222264039631315
0.50412749751509944
0.49520100525701566
0.48254296120126883
0.49327068520546236
0.50124767023585326
0.50955367019079856
0.50384384594059339
0.50151789953178361
0.50434140078239753
0.50251412431924902
0.49867535841196031
0.49662523510684192
0.50382976839232141
0.50044049533821244
0.49307403007698902
0.49025258191092419
0.49372518370858243
0.50110249892456238
0.51503241414142931
0.50752052170041984
0.49854991450787173
0.48951542357888961
0.49526688839202448
0.5040251103219886
0.50402827969082564
0.50343467889306315
0.50349225904924499
0.48675354350832367
0.1997340161886009
0.23629012909910455
0.45091805857746181
0.49545810747325181
0.50414501438690063
0.49552425053714988
0.48518283922427763
0.4877152485451936
0.49727457532114078
0.51192252003475791
0.50791074954488669
0.50256757665589769
0.50655921757650535
0.5073791835032665
0.50596306754306231
0.50880993215843129
0.50696718303065602
0.50595474067882318
0.50385038006670979
0.49910443449909836
0.49723720550700562
0.50130944982555792
0.5068714458121244
0.51177732213477445
0.50662265404918372
0.49134728372749192
0.49635340474873157
0.50077989861496164
0.4993111374782726
0.50194886769091185
0.50201028858212948
0.47713217964301768
0.18776381922344429
0.18453579862852654
0.44054179974548885
0.4954293152124753
0.50910807077449605
0.49736806133983436
0.48883238380789312
0.49572915473571744
0.50391127146569659
0.5134801397405806
0.51434473719552365
0.50665577345527502
0.50622062313207261
0.51069758164321566
0.51312734955476413
0.51738513760795068
0.50732366987486988
0.5019237264849109
0.5024465633139541
0.50084968797263663
0.49165894272657124
0.48200370825870742
0.48873645964157947
0.49846737594620077
0.49299426107618682
0.49163476395785688
0.49991728229654558
0.49535081289543348
0.49265048212154439
0.49605287533115244
0.4984123327281384
0.47867447222347287
0.2167234564285814
0.2287253081762266
0.4516712260715342
0.5047637003850538
0.51690694250708125
0.50581718516268304
0.49438329981657031
0.50025570439359368
0.50213253271253744
0.50505136092506053
0.51023454758286058
0.51326908341336119
0.51617179802761093
0.51085351490477393
0.51340909392918843
0.50978552040062208
0.50254115209153039
0.50058956639747454
0.49518676767965258
0.49275361773997856
0.48603845033824739
0.47394950282644682
0.47983944507538473
0.49574498579686144
0.49549112868236367
0.49791626841007286
0.50733050959902581
0.50680682924399678
0.49668416967469553
0.49501354459885716
0.5024630506955674
0.48827852124062954
0.23217973081414447
0.21530241247326645
0.46895080821252272
0.49847458249920262
0.49780243507679045
0.49939741525213549
0.49685583289274332
0.50342310837083803
0.50633777214592957
0.49430503615596644
0.49523144536325359
0.50392604726661905
0.50706173484840611
0.50236728335026892
0.49887063481417637
0.49431285002435282
0.49663985469617283
0.49943330735124314
0.49685622950812242
0.49516914171247961
0.49315318743425607
0.48525074007009567
0.48311870651974698
0.5007284505558528
0.50613957769617512
0.4985146567593669
0.49876333956323843
0.50387879898497923
0.49638766133541878
0.48990730223420231
0.49727720077156701
0.4894930963915301
0.20677093854863998
0.21707981634106804
0.46659205300129497
0.49473075786856813
0.49396750511210696
0.49815054250138946
0.49867310924930941
0.50329297270487938
0.50905463725317779
0.50129911665604932
0.49996259584734515
0.50591133286050283
0.50444400096080211
0.49600421243060483
0.49206363081668131
0.49319747803912722
0.5012835625410258
0.4990034778240191
0.50141606731417976
0.50266527519021331
0.49684045721771997
0.49609064112521917
0.49879418126277264
0.50345422984323096
0.50944554713183376
0.50309520019260068
0.50127223010714039
0.50796236278253959
0.50183060341037178
0.49996486620032843
0.5053198061627967
0.4910191895908847
0.26161454137638673
0.22169625800435205
0.4573333627623753
0.49609256931485668
0.49366127781180497
0.50366209160079289
0.50836664710782675
0.50081441517318048
0.49752200821766424
0.50117637116252511
0.50542501023751663
0.50677185087045495
0.50530779818303084
0.48674889259677423
0.48235728323166971
0.48537243511304734
0.49204408651379533
0.4912425868555409
0.50547273004350635
0.51420547998212673
0.5082993897594561
0.50601596775526114
0.50241423883596004
0.50687809960038333
0.51537420537593348
0.51004297577087632
0.49615872159846169
0.50046067328588906
0.50555914145076619
0.51010411572994019
0.51139733254616815
0.48973554903789795
0.20806492931982623
0.20348553434209149
0.46755870580353392
0.50349528158115553
0.50364952565109911
0.50284363365615115
0.499731332405356
0.49964648849249244
0.49846050625753596
0.502049623823701
0.50386208233691276
0.49758144122136244
0.49619395140607236
0.47898444938597651
0.48401165291017229
0.48793043384686186
0.48790713920255868
0.48882991393026931
0.50961664577422261
0.51909569678824052
0.51010656987503167
0.4990077879165411
0.48858348905412974
0.50032324801133454
0.50815147587240883
0.50584810080113651
0.4906869835372476
0.49715873400590321
0.50291319139633484
0.4995619102143069
0.50511256018363171
0.48282640294552126
0.2056552326445365
0.21881288086500641
0.46410132016544436
0.49908746170455776
0.49843517529906883
0.48492620815520532
0.49038102662414573
0.50633602335498773
0.50554403844180806
0.5031252157081747
0.49818015279392347
0.49757364356334782
0.5002117430720131
0.48555048352369828
0.49386984605077955
0.50151526037649297
0.49484494493143533
0.49733983402631698
0.50910780818778067
0.50789666574388681
0.49882953037686634
0.4911578035241515
0.48962293366123766
0.49861730544589883
0.49764118495699861
0.49674704446805229
0.48967305978767867
0.49796754732693355
0.50173378237511523
0.49404210495904599
0.49285800198026669
0.47363169464546778
0.23544667590514901
0.21372701376712669
0.46255747936642988
0.4903903850961332
0.48076262445788026
0.48210218989434456
0.49689774244001933
0.51371825320251352
0.51110436236058121
0.50216259270602559
0.49201189393120165
0.49411526757207819
0.49489147489600177
0.48767872514655786
0.49645319773092705
0.50579439063378573
0.49717645126645549
0.50032203006290887
0.5089864039963059
0.50353954112149679
0.49054028704937058
0.48741749686217106
0.49455732549566095
0.50142812000379966
0.50043232735581111
0.4984826960060848
0.49608529770190746
0.50640105774483957
0.50621496626869078
0.49985690619830103
0.4916325766341193
0.471888644424795
0.2233145927520134
0.27172628311970276
0.45613249967392866
0.48073395489850107
0.47692193922395065
0.48794521082990849
0.50143386735935402
0.51027375537634123
0.51167624210409446
0.50654573905483835
0.49363657550252943
0.49520109869737872
0.49502450249891705
0.4912315586403424
0.49908717094243027
0.50468669246953346
0.50474297414325919
0.50465980565256396
0.50742389343386107
0.50656293631544203
0.49450416061536462
0.49371010803794163
0.49042987241863578
0.49714994869582757
0.50055180082513984
0.49761615341393239
0.49299075637164885
0.50784719646187093
0.51577522183812274
0.5064998916798128
0.49359002445920552
0.47700093197515653
0.25214870883888152
0.21113035076479378
0.45648780975629244
0.48427611348431165
0.49208604808407108
0.50628540031891778
0.50687005419177267
0.50461497693776169
0.50748917330771826
0.50448199321127207
0.49589290356068172
0.49943594745881648
0.50276510932294682
0.5030930206501304
0.50711695966312687
0.51026662582158766
0.51536534854679783
0.5102928070379058
0.50219932005536438
0.50614921569549809
0.5080338921230183
0.5106889595055355
0.50216368623426277
0.50210058175456085
0.49982419895607733
0.4957452676190014
0.49956120684114025
0.51112726689673993
0.5166101869385421
0.51200647580869296
0.50407041421998999
0.48856836615103033
0.23652963092863499
0.20112800465385697
0.45158906008821509
0.48246215728397762
0.4933516484236008
0.51199772938517141
0.50382669758966747
0.49579977759853977
0.49618464291077696
0.49782492607355711
0.50182604238146988
0.50263874408476472
0.50991602264693747
0.50403765032608827
0.50471633800206794
0.50792734379284565
0.51279981537085495
0.51276477624970429
0.50445024343781053
0.50284194060634413
0.50953294866804255
0.51412481621863804
0.50918642366047118
0.50684272387391627
0.50135577104459439
0.49057871039443951
0.49746697746756907
0.50374621051841528
0.50283082987773287
0.50512722621394879
0.50141243252879975
0.48450592309397261
0.20523579681150478
0.24296032115607241
0.44261631994128653
0.46802507678207128
0.48146417100925681
0.48925174742686511
0.47874592497760515
0.46825032777137388
0.48042063135159691
0.48672224828303634
0.48755828258438139
0.48672711867922031
0.47641239613225089
0.47362931902634636
0.47805830289072876
0.48531910046854909
0.47552024612083099
0.48263427514635326
0.47919434040087566
0.4731712271512421
0.48505744546581758
0.48885883179134304
0.48833659318913963
0.48742219933159914
0.47889702551054375
0.47477505994022007
0.47502988284776404
0.48374871113145884
0.48035051510469862
0.47345258823177572
0.46253540650591873
0.45734015250429966
0.20727795974911989
0.09923768051015934
0.22659190040587809
0.24924447552132334
0.19653277904514183
0.20967668793369226
0.21215284396469164
0.22827124938508478
0.21383446329906788
0.22214974952491526
0.19197909065956442
0.2088026969295875
0.23658170169254614
0.21141069623076811
0.18081963170447862
0.21785037274322694
0.21531933085609201
0.20270170127543147
0.21028112784460146
0.2346035071860392
0.2469452312818059
0.23201298748420282
0.2364948428510846
0.20944158101662644
0.19936075482789406
0.20293241411561894
0.20908033481595403
0.24772764974982917
0.2220447778414382
0.22300783056609672
0.20270258813358424
0.23249072039979765
0.099108646713828991
0.081729375908838442
0.20208133521976754
0.22703438147197885
0.26884742190193073
0.21198124760634199
0.20153068208868857
0.23291837569596605
0.22665702200370927
0.19955444761627694
0.20936442313806952
0.22975611100512652
0.20369709231169975
0.2117524677381192
0.1910886477002238
0.19814615611006342
0.20643608923162171
0.24142355925123765
0.22863478275122498
0.19663284295574793
0.22714160686041632
0.22327858877972509
0.17894297647836366
0.2169908457646757
0.21544921481586396
0.20054281503423144
0.19573437468474528
0.21911343841993194
0.25300839582559115
0.19479913884878339
0.21610466977666326
0.21697361627111003
0.10270010543604523
0.17382231525674363
0.42009201022239318
0.45976395372587664
0.46440093701936142
0.45461704139507231
0.45797767984692217
0.46279981647753449
0.46317199357641342
0.45796671518777865
0.4541603634937581
0.45321236179877378
0.47236153915296569
0.44548489147241255
0.4364676813612855
0.44673497984532734
0.46266249729311282
0.47189994202633456
0.4788386705604184
0.46165055266788635
0.46137954087487471
0.46111517451395151
0.44563196527547977
0.44007921886401258
0.45295587063048715
0.46350905948233395
0.46941315722168481
0.4610378371975577
0.45899549984328347
0.46084889753692171
0.46350447491609492
0.44802021731052077
0.20704370662520666
0.18270616198728401
0.45504353401450559
0.49588445881487581
0.5002265364331856
0.49564041529100439
0.49804234628004385
0.50647315629820977
0.50750132169730677
0.50109770430727407
0.49275173412024076
0.48768588577226729
0.48866546554844853
0.49199154878333012
0.48931032051359469
0.49487232338184911
0.4999437499788022
0.51051184701679087
0.50986696233153339
0.50143564475315616
0.49794578552977925
0.49297034902826459
0.48899737991769338
0.48282117077406728
0.49624032719528099
0.51202839415411816
0.50701819365326772
0.48973472562503312
0.48030109070025256
0.4868469430338575
0.50155450410493707
0.4927484757491481
0.23239355520850305
0.20232895679675594
0.47535925278339342
0.50354298100767603
0.50501058769366824
0.4970811133650706
0.49392021198712682
0.50126952707097627
0.50364373762131298
0.49720318607875208
0.49532049247730586
0.49168396418679444
0.48721947111585162
0.49895730742704114
0.50415287705876666
0.50705567871056356
0.50319601935594649
0.50835504138816356
0.51948242265026656
0.51238772013949763
0.50404203210659204
0.49607946541945386
0.49726523182173527
0.48707492322744256
0.49899979949103307
0.51178346613916337
0.51214203770546418
0.49460737514072683
0.49377742851865086
0.49431623183526557
0.49576788886852358
0.4860722019708531
0.20485345299377294
0.23308460481953155
0.46504194614173877
0.50085392249442795
0.50477525488242969
0.49874498209377766
0.48788506187386188
0.49083762486636257
0.49746994298801689
0.49709780699137707
0.49657585803747412
0.49871789273271278
0.49385713233394007
0.50102111334310706
0.5071630815831546
0.51195144053733499
0.50774930871409396
0.50811497545745177
0.51934139068308083
0.51295960790335904
0.50333856514584774
0.50430404836134157
0.5019584654352236
0.48902644902084841
0.49033675947374727
0.50045069675546816
0.50635074597739971
0.49933465974642099
0.50793577049235528
0.50777212723030385
0.49585393535824634
0.48139729425375544
0.1923868400188728
0.21902907634295363
0.46616569898650762
0.5007938126792757
0.50371378119815002
0.50019066273655532
0.49193063844232843
0.4898205666334447
0.48785146642220067
0.48972859716403327
0.49138814262158403
0.49471422354008043
0.49481774010213947
0.49286512446616709
0.49742593725000578
0.50409915735728184
0.49918467503374558
0.49790973321681226
0.50451818758211708
0.49635823319220312
0.49745272289674169
0.51021581315208475
0.50255091795954532
0.48860819112225551
0.48289925035205145
0.49384667715212349
0.49258957634552308
0.49351368135928386
0.50181443813192128
0.50229472068707859
0.49987420768892316
0.48447233332165612
0.20908036404637084
0.23218330749819718
0.47085807062409879
0.50210341087974741
0.494836495342037
0.49879181017773333
0.49831721237620535
0.48979466370793961
0.48322246153859832
0.48630195348569727
0.48515339323380685
0.48481688028735437
0.49627056728724905
0.49270275945257086
0.4940389356740808
0.4914696060518341
0.48884004725235464
0.49263448600863408
0.49105712517119166
0.49180983795556954
0.4937687124333483
0.49979886023719922
0.49502185967665924
0.49216100113892219
0.49109948561443401
0.49707251933580593
0.49018194585161323
0.4925109776993648
0.49763554312266178
0.49408111782986963
0.49935887939899537
0.48476429678355898
0.22560705692254363
0.25586827383611171
0.472949569116139
0.5041683099025972
0.49156779865798167
0.48950289710341438
0.49348333149707319
0.48851237131613251
0.48695716066785633
0.49621699814085363
0.48746924618346582
0.48454112805511973
0.50264986705007852
0.50189350156269819
0.49903723045444076
0.49721557318694293
0.49637755262119793
0.49357077032432017
0.48739085888219652
0.49434880376176771
0.49573094147275809
0.49011918786712283
0.49217688632285772
0.49897632888238369
0.50598149300952078
0.50494752781365448
0.49249870937964818
0.49028690673813213
0.49524116750820424
0.49968098839569181
0.50380944285837415
0.48900875064209226
0.21766059081132411
0.22763519374708732
0.46953805257291609
0.50392266026387678
0.49313704559692945
0.46290377741176292
0.4930227278072648
0.49870382915044298
0.49313764415781519
0.5020671471849113
0.50040811612340741
0.49556204031208595
0.50458688742943347
0.50667513528251551
0.50337683797140609
0.50133973633320417
0.50550888242575831
0.50290311148992228
0.49225860461232335
0.49206448272301984
0.49558810143042092
0.49084317341099992
0.49082451477052536
0.49927887090628664
0.51244217842267492
0.50931175345373325
0.49325003820677432
0.48403649650710978
0.48605857688151022
0.494067565107908
0.49801057722991549
0.48602906627670456
0.24423059679270487
0.20862054138101596
0.46983105876888026
0.50612353093877682
0.49646375935034515
0.49082428161952868
0.49821779522712445
0.50666327866293071
0.49922548273211848
0.50483131332812914
0.50943185722026874
0.50962511638603591
0.5116244993895025
0.51390874958399624
0.51078439945709497
0.5070397641126182
0.50944739592123223
0.50935650036895941
0.50514814011451092
0.49531089445973597
0.49710302825611519
0.49951295353716113
0.50051072848770073
0.49690295864965539
0.4991030569148317
0.50640141775046066
0.50085066052052307
0.4925356298305455
0.49123260515557815
0.4808580421435239
0.47818673556194996
0.47553355198517377
0.24265166025616008
0.22482923376568154
0.46813340653602376
0.50182974909492761
0.48889133971939269
0.48870112836705509
0.49453076749174019
0.49574779551182463
0.4931917291481398
0.49901822513094696
0.51070040133654093
0.51301055782027027
0.503108910409929
0.50451600706277044
0.50825458320278838
0.50575376565076913
0.5091194785652815
0.50478197945805392
0.51025371611194481
0.50653258729932638
0.49964282049970993
0.50324586952129191
0.50596657574013548
0.4981909280182954
0.50431122534766837
0.51724876080176407
0.51391219169981417
0.50410872695410225
0.50300992411534251
0.49321475496996459
0.49031021638066125
0.47260031007186115
0.21167024198634343
0.20421487456315254
0.45649964713998864
0.48760526346326388
0.48302855747117729
0.48494958042151876
0.49489418211124353
0.49470467413026525
0.49142016586638149
0.49259637928322314
0.49685478181503551
0.50121757170542935
0.4937603660352558
0.49559230831146683
0.4974742554682049
0.4981480796550195
0.5051234079337974
0.50094889964366174
0.50632206415008718
0.50854024413571253
0.49976842686906031
0.50188873758708485
0.50583447032106199
0.50390087107214032
0.50415898310683027
0.51265779241949938
0.51026797140326119
0.49623972380602277
0.48892033383537925
0.49766482645353816
0.50595839419775657
0.47480249750671649
0.26391283131076865
0.24698368033900056
0.45598136302190018
0.49046518188567934
0.49438723237952342
0.50200551349180889
0.50098806408302299
0.50030759560488813
0.49817505529406769
0.49644905494398361
0.49036813876362034
0.49662533118234237
0.50031633094032191
0.49541513143823873
0.49278562081033594
0.50019935045032238
0.51002466933594581
0.50163793648247657
0.50759001319205221
0.51243245615369859
0.49903885841230228
0.49528187068643748
0.50842440451783288
0.50643435026099193
0.49856551794354642
0.50454126575876701
0.50169300480262657
0.49343578631687907
0.48465224755161701
0.49577104998764926
0.50186685503300099
0.47583028152634915
0.2129761175729053
0.23696379986145033
0.45858627599716018
0.49118920421250578
0.50372467200307847
0.51482270360111515
0.50950033592069965
0.50703744067862133
0.50689593269007049
0.50499926632535763
0.49437917936001441
0.50037091794246147
0.50329798212484067
0.49520354192647065
0.49130513599066061
0.49479837244277641
0.50145866773808778
0.49676767145661771
0.50321384026926841
0.51064540946198933
0.49122951265091019
0.48968890593257081
0.50665583706542783
0.50372670683045506
0.5022019167252415
0.50113705149796883
0.49846480386771375
0.50012067292156603
0.49368286726702731
0.49517921555126404
0.48870598398889803
0.47147132813939341
0.20383841048918397
0.24012216049703602
0.46217641147403798
0.48961781072378008
0.50309612306104468
0.51244784410021571
0.51061340797619725
0.51051936016616251
0.50710057853299562
0.50626136308388314
0.49776188973925745
0.49786723845183006
0.50901798145044375
0.50253767341871725
0.49274040597625413
0.48736117094333098
0.49075092454323777
0.49348792431137689
0.49517250988807199
0.49742079533415284
0.4889398916880317
0.49013002907732628
0.50132386707315235
0.50234572516159948
0.5032402208133433
0.49895107183281745
0.50084706655025735
0.50782434109036401
0.50500205733128689
0.49811032054968374
0.48090492245331773
0.470269843207544
0.20625389026467836
0.25042313339372124
0.47276674151903736
0.49025199453495166
0.49890233438181708
0.50869482610365335
0.50971809988237304
0.50660523412802216
0.51246599426606965
0.52045876840250282
0.51188627273542386
0.50008753802155559
0.50755530270315985
0.5088958580876396
0.49830918095545096
0.48422787360202918
0.48276417004821748
0.48896483723674744
0.48324258649201995
0.48602531267496235
0.4884043114249072
0.49062889067759763
0.49717411173060772
0.49987000483845745
0.49637039854103321
0.49581952413592029
0.49801753000021765
0.5057619545773423
0.51195309159780056
0.50331285382602275
0.48725258740003563
0.4766800863323003
0.21684906873001655
0.19107053362810161
0.46416767152260335
0.50208262139256654
0.5108087529846318
0.51486488209200665
0.51179136553686311
0.50822118779767245
0.5158163819073952
0.52175010118751075
0.51420101344336333
0.50354329794532759
0.50013879735708522
0.50363467931829775
0.50077988548123742
0.49216528715198976
0.49308788006578158
0.49380818339984561
0.48478121428766208
0.48660060403956235
0.49139190241016995
0.49138166186518756
0.50003489817305835
0.4983831213357085
0.49063099204049387
0.49213256268176325
0.49478263821633167
0.50105527802489525
0.5110771623000343
0.50798294215453066
0.4949286198323235
0.48002600534788487
0.2194118634128859
0.20697797075222055
0.4560607061157359
0.50631411931691928
0.51582199955901642
0.51641931419884768
0.50943762984041718
0.50159172229606552
0.50602191869553881
0.51287784027882977
0.50947678231534843
0.50720259523008693
0.49697529926115358
0.49793530360820043
0.49991731956839075
0.50402558662978358
0.50528177260515428
0.50259666161865735
0.49482541225972931
0.49229797376794521
0.50044158219308943
0.49992868507396471
0.50388305967574909
0.49961689932956665
0.49214777761543649
0.49143922229777187
0.49236079392866555
0.49673802617859136
0.49859283142173422
0.5058163558596116
0.50494882455282708
0.48112382616555227
0.19961775138134819
0.22311354741806882
0.45028746535071895
0.49372619430307679
0.5072228148974921
0.50730306386888435
0.4947242196502461
0.48885303018072812
0.49700284783411108
0.5145124567899062
0.51405468739998772
0.50418721752305884
0.49682041953369677
0.50523146846429701
0.5051921437326341
0.5110390059422053
0.51118679364784114
0.5119607195397069
0.50908590036714862
0.50026288427320442
0.50265558734840754
0.50094999320944589
0.49437309132515228
0.50342212553068511
0.50467939582675236
0.50021266996030189
0.50054013310491863
0.49556044952860007
0.49166175997966671
0.50124587333104442
0.50480417926071963
0.47187852548964015
0.18842344707225683
0.22664691326610481
0.45004874811488571
0.49447041535733427
0.51143548839364261
0.50821860210336889
0.49315684675659366
0.49103643584626805
0.50024741914990034
0.51369568387841036
0.51974784895618342
0.50175250322592113
0.50180997263518934
0.51374034617781617
0.51118975139549172
0.51451988906694845
0.51251872451922731
0.51001230985258394
0.50568874428202026
0.49821806584056111
0.49133332239092042
0.48483668625602994
0.48735899000820287
0.49811165644582783
0.49657688328843808
0.50143411747130107
0.51089757226547949
0.50673935608328391
0.49660637041216216
0.49856555540932024
0.49923884469165408
0.47145755208193929
0.18896982846743376
0.20608864388847717
0.45345065009207108
0.50412695973860411
0.514731488648973
0.50423325541243103
0.49708852908353957
0.50230149896378784
0.5010550581790425
0.5031329469096727
0.51445604867603945
0.50982827646749906
0.51324811438572759
0.51300648885603295
0.50942482584619508
0.50977646501170104
0.50716087674484045
0.50795443409480812
0.49347395815810041
0.48638072078447558
0.48480070184774993
0.47362367049149651
0.47792039574931655
0.49708430762992489
0.49815158854505343
0.49781088894653391
0.5093784562087712
0.51257280509111658
0.50328715859586393
0.49543719768146172
0.49917417922041452
0.47859150220465485
0.22337317926061628
0.23403059493660355
0.45677238940442577
0.49754031043856112
0.49609186068163452
0.49334430202839508
0.50099595912541162
0.51235554451094745
0.51575508945067516
0.50246177620649091
0.50351841038565937
0.50743019675470302
0.51074371908501537
0.50840719643212595
0.50275194069507012
0.4975447201113759
0.50112711382549169
0.50057677466631723
0.49210030163833179
0.49436257131047878
0.49375764796746718
0.4802704295516767
0.47644852023185724
0.49557284868079465
0.50224165221266115
0.49352132956487943
0.49600185936385438
0.50461972056007165
0.50138834781114527
0.49462909439373232
0.50053628823018603
0.48915760117736073
0.23380880761782025
0.20768911983633348
0.45592806314231554
0.49049690228540532
0.49203884521233754
0.49603518757086063
0.50054992568245604
0.50612436796616633
0.51506289661088334
0.50993738607940775
0.506126265431316
0.5144118712441903
0.50976454776661029
0.50016684616220952
0.49921644042241342
0.50203832325947029
0.50467584567794088
0.49883555490252418
0.49734572223179935
0.49920985775117638
0.49404240423149032
0.48936982184812922
0.49511546600260753
0.50200232259890276
0.50610150255293573
0.49455020194061433
0.49710270770363107
0.51035313228192669
0.50702110746814733
0.50832534766913995
0.51393052304542675
0.49289214885321631
0.23037156363519559
0.25184649058033987
0.4576614105393258
0.49189295710646069
0.49406571509999547
0.50323808827767236
0.49771562954269882
0.49038480945015495
0.49491464815285702
0.50765176821019697
0.51396302912217939
0.52253328139005673
0.51070884379828119
0.49126474859814206
0.48881992070884001
0.49252111637387808
0.49930302039448549
0.50211885572909232
0.51028012630383979
0.51069434227611543
0.50548209628604113
0.50403761966489036
0.50076983437160993
0.5069924374143896
0.5197511576735141
0.5097284357187063
0.50365909261121333
0.51217844905582754
0.50920636868243707
0.50855953157123612
0.5125444854131791
0.4933164146028487
0.21109767732630319
0.20117056115444656
0.46235903732753614
0.50551674203052976
0.50527971111270276
0.50970440371679138
0.49809681481934709
0.48699718254435531
0.49160100217854963
0.50436945918225795
0.50733804917491621
0.5086030611695086
0.50143462492286905
0.48840303167415883
0.49385323027754852
0.49155112261477218
0.49631887059450402
0.50082722897279719
0.51179100110295861
0.51070023543683374
0.50447804492071291
0.49745943649567942
0.49120016043219011
0.50200806142279553
0.5199518209479681
0.52096810048954689
0.50378522799926573
0.50171587695183939
0.49626729496890615
0.48663141602065957
0.49713297885870716
0.47621334275799981
0.21271501445995569
0.20652623806150117
0.45844772686738355
0.4989475147561917
0.50168811539739666
0.49489262136783757
0.49685866528582201
0.50283786317700496
0.5007723264085806
0.50526367501721892
0.50378618477240378
0.50144902102746403
0.49432427155639935
0.48617036835258109
0.49933015575092021
0.50290756476896326
0.49748725044811148
0.50121890859801344
0.50466267368406492
0.4959726806265039
0.49027657427256655
0.48946994927855914
0.49322428026715259
0.49581610380922475
0.49974337912382599
0.50856438259242009
0.50515753656682694
0.49803456558662756
0.48951984149156796
0.48032271696614726
0.48552747710084454
0.45937979957250213
0.21471998175099427
0.22507776570785132
0.46589447038602755
0.49426483468377441
0.4925455763848447
0.49130554584341962
0.49690898201714062
0.51224241976787377
0.51073583594486438
0.51000953362068913
0.50368666014572649
0.49635123787833774
0.49266942824425858
0.49014225842609571
0.49846846254672511
0.50395256050369852
0.49664234499402321
0.50186063839402395
0.50194387043743405
0.49068309943079974
0.48214152102428187
0.48691184670234866
0.49560573902379429
0.49662489706359958
0.49740470311633683
0.50669640509247815
0.50289235555829548
0.5002491887163093
0.49506291621257581
0.4938552240868111
0.49069393988835747
0.46588846222483332
0.22672545553353121
0.2025839424172827
0.45897180871280896
0.49326853071061583
0.49436843603409042
0.50026533211518887
0.50014917592335162
0.5080164884823386
0.51263709060142615
0.51032443312499798
0.49837299448723449
0.49139443922238724
0.49433873494474329
0.49177006525322919
0.49116173654345213
0.49624092754720339
0.50597051631848944
0.50883499178824754
0.50114170966973393
0.49772946000681334
0.49235337197132911
0.4925048529664478
0.4891362291826577
0.49322461118982353
0.49627884642582182
0.49867625326108816
0.49527172891767479
0.50562406749320565
0.51122274439695803
0.50390970868199003
0.49562525814789227
0.47679232171433811
0.19769772743864744
0.20116648687404895
0.45824373616019909
0.49062668581769875
0.49502779723381279
0.50426289555133064
0.5013673129209848
0.49645199702406734
0.5019356581952098
0.50381375224769831
0.49936159860955925
0.49776678746812636
0.49723430139166619
0.4941568044033362
0.4918201715356621
0.49558302568298418
0.5122717458221574
0.51358195986299637
0.49957900697436253
0.50097563712477988
0.50816341900484108
0.50289114059264539
0.49674336880547632
0.49971827648394285
0.49643240480993317
0.49204645041084488
0.50139044430192059
0.51701965804968375
0.52093039933852092
0.51357168160358324
0.5059119173692016
0.48797692558086719
0.2486764653345373
0.19099320283908797
0.45385077044629313
0.48107012158330054
0.4845504708360156
0.49752395901935953
0.49494214389654451
0.49220146852040475
0.49786910840709286
0.5015230288059902
0.50550452891995068
0.50729606434119123
0.50778329400825772
0.51079169180026551
0.50452627296492047
0.50477677873705962
0.51060786417442727
0.51160994374298907
0.50339528351287399
0.49977323236527738
0.50399816008718679
0.50183666683704975
0.50564317263502334
0.51125448402531748
0.50703459541030271
0.49214044662619838
0.49597892358238393
0.50729175919959146
0.51326763801418462
0.51093382374396945
0.50425759597403108
0.48323895638536707
0.22159569108725111
0.23025035234396071
0.44540304642478518
0.46158363753723053
0.45651246459862066
0.47620889847242442
0.47292996289983369
0.47256706196441489
0.49155297824628369
0.49202857774430814
0.48500043882009819
0.48614143803730869
0.4852277841000488
0.50258311529070188
0.49293640647301717
0.49490072659802564
0.49328170953771139
0.4881810221855466
0.4816797655990846
0.4749379116259505
0.48260925447748793
0.48640571348978517
0.48813855249027543
0.48778806072623548
0.49390567879880948
0.47866271592321258
0.48093080883096001
0.4800151221553482
0.48347203887670059
0.47692872937418535
0.474012031411852
0.45330138813786724
0.21214788561166531
0.096188621472212479
0.22187185092381934
0.21891736183963997
0.20827538881199811
0.20833251667083288
0.19981872343751741
0.22278260216674012
0.24727504428489766
0.26048266892893795
0.22142002315275303
0.22817540993085533
0.22117574283058125
0.22993450932438389
0.25068799815044712
0.25411090346150872
0.23075667289890783
0.22512738382189709
0.21320095365191052
0.18032244571687436
0.20076791642782685
0.21955089729337762
0.19861988103273151
0.19235526706650832
0.21972285208004544
0.20160788885802347
0.20654599397714479
0.19978478633953614
0.19993968296761641
0.20072301049863064
0.21672095405858613
0.23204835668038332
0.12440460049328295
0.11872890259220457
0.18646717136697744
0.19838831009853836
0.23625001587512878
0.20712951375948829
0.22703714452644055
0.1946607280311683
0.22749545943917951
0.21150820542566431
0.2072508579931355
0.19150259926187699
0.19328080892834013
0.19628491985699509
0.19230523790166779
0.20160981592838115
0.23344215719603501
0.22054076958976815
0.21352632912065464
0.19406104734614474
0.21969925652619668
0.23225766078221186
0.21245159051071949
0.23405816354542844
0.21453078908827383
0.2055132319556105
0.19511302570146166
0.21094431943174635
0.23306350379324778
0.20445069682284825
0.22890113788597022
0.22751913827410267
0.12073573457447627
0.17518093168742957
0.41473187397988448
0.45320424405566051
0.46083733131119287
0.45347921022186971
0.46027304075849862
0.46343209300706761
0.46878072101558582
0.4648663241762675
0.46629042256543196
0.47230908627135804
0.46842894835417015
0.44986864168329083
0.45498852311296462
0.46306488223078024
0.46497584569807116
0.46155865146091157
0.46876577385925533
0.46337915695998982
0.45694526891611975
0.45924685290431344
0.45279908076092779
0.44899442054794936
0.45589592967674686
0.4614937188124037
0.46276896425844072
0.4540611239458277
0.45578151929007998
0.45371804317840836
0.45618623481604953
0.44928494104236449
0.21606539870733044
0.20324617101744402
0.43637574215162411
0.48952424200861872
0.50297956606779348
0.50307151725639521
0.50433653258393152
0.50492975511803995
0.50367771428440555
0.5058971046813292
0.49817763439396279
0.49389048462885271
0.49257235452619441
0.4974854334928891
0.49413455009653351
0.49564600391071317
0.49339960947179945
0.49349741330179098
0.50218814814941859
0.5043619956055504
0.49781190885211213
0.50043620028210012
0.49574671679932913
0.48636871702172918
0.49750283997945388
0.50339286455356946
0.49627108211580778
0.48678730594473546
0.48132084544713477
0.48370312375176877
0.48736972287917546
0.49061373318855467
0.26756451821926486
0.19733721254381603
0.45467865389729856
0.50546053028887239
0.518444916244581
0.50928769243608407
0.50681751125733576
0.50996260646328928
0.50467285616038049
0.50566804825744982
0.49774572068628853
0.49414449171821839
0.49399890347111047
0.50144931993279829
0.4973447438492119
0.49390729810112671
0.49278220037824622
0.49757480298102597
0.51581257154107707
0.51869590349215211
0.50635667551290697
0.50732380615062034
0.5049221644951899
0.48738511316073063
0.49181114948284177
0.49760304594930116
0.49263813345901863
0.48896908678965773
0.49826474621657174
0.49653513899228841
0.49504571930892477
0.49082998452677118
0.2199964289861315
0.24596192419946222
0.46380327811365596
0.50048868732682439
0.51028860124299757
0.49847880499028124
0.49263841378444501
0.4985378103034267
0.49731852497230372
0.50272336698578624
0.49492328504088534
0.49817249263586449
0.50337620817988382
0.50292737700755097
0.50035738821526632
0.49817966298037403
0.49629606569387841
0.49600596005534719
0.51712633027245014
0.52006343541368294
0.51145347706515076
0.51178468460471616
0.50893652106150089
0.49381507620164461
0.48794268764823762
0.49024156189625157
0.49714506140614689
0.49612847349283512
0.51328892523222602
0.51291028799873906
0.49859827884905417
0.48527248625365887
0.2211602248759981
0.21913530470001286
0.470369536254927
0.49635308886994589
0.49517387649603839
0.491005923631325
0.48824831537379171
0.48917164399415308
0.48893222383152118
0.49208536118439683
0.49122672760378655
0.49515399303140423
0.49931333505504572
0.49337050133205285
0.49880620461618752
0.49859548929121067
0.49240602658014859
0.49481741721226169
0.50586871025857638
0.50450444300089448
0.50596782290501985
0.51437076996027908
0.50938782729982146
0.49622696856614573
0.48954957272502281
0.49626162347114589
0.49524710807990374
0.4937846857945245
0.50459389431299839
0.50582124604998724
0.49735956018592442
0.48017620443734083
0.26297223431459732
0.23149428557647897
0.47485976987972767
0.50261656353517048
0.49366759827261542
0.49419219222469346
0.49766765751008091
0.49642326880851817
0.4911488061408813
0.49037457804030798
0.49146560516975452
0.49271484471881988
0.49676499456040552
0.49328720955953054
0.50041995003352779
0.49762247465280085
0.49147210802536889
0.49103793463395662
0.49137584909964116
0.49270211795476032
0.49550707673151584
0.50359354993165339
0.50221487635207451
0.48968846210672579
0.48547209475855729
0.4945052776779329
0.49387055922107753
0.49266049267707507
0.50203887531508584
0.50277833118768345
0.50335979961498234
0.48196862779517963
0.20952800261601784
0.27281552437361856
0.47278074382052465
0.50547309657209549
0.49352077019674573
0.49032527947415894
0.49132457265166474
0.49541546187799568
0.49491887664720713
0.49906793005111372
0.4949981718210773
0.49433056935019659
0.50309673402774591
0.50111447506547202
0.5021818616169087
0.50427889036838747
0.49968971917830451
0.4932583044738631
0.48942586839816576
0.49663875153177472
0.49952990951261272
0.49644471863013317
0.49081272016004607
0.49163150672360273
0.49782368161482821
0.50087386565909009
0.49837927779793084
0.49365748593001496
0.50105476789081616
0.50684055854593968
0.51090004180246862
0.48796958763229159
0.25498206979849897
0.24045905402117101
0.47638717089466759
0.5039777309046416
0.49516520361621047
0.49130899653988019
0.4936885494182674
0.5039415908279602
0.50507301617000067
0.5101305887024461
0.50434856142722606
0.49742170381933082
0.49637395175515248
0.49817684902156156
0.5043592536377105
0.50800196201336389
0.51060157496374992
0.50817969939299767
0.50393447528589541
0.50212519023854418
0.50464874250683234
0.49277884444176356
0.48306693381095311
0.49288825432388267
0.50973802128206047
0.50846104897625333
0.49911691788030038
0.48978462809957374
0.4918535924152872
0.504633678755528
0.50593242708641983
0.48518338889305668
0.21609479787414645
0.20756669770656627
0.46911083200404635
0.50555291910392475
0.49282601461582359
0.49315636645453892
0.49617807143506998
0.50195769635383691
0.50725785647992905
0.51463507788025098
0.51428562425821311
0.51039671428499878
0.49841453201249725
0.4964960964157849
0.50608622645208001
0.50810305585662463
0.51285902408522133
0.51183146685024195
0.50929091096180978
0.50519474905788642
0.50223476672791756
0.49701426760744477
0.49176269016392504
0.49355398139760953
0.50603860764805608
0.50657952344272339
0.49964823373420708
0.49013029074954406
0.50043210021282525
0.50297832217161931
0.49729066482354251
0.47860982802875296
0.20719251836821462
0.22134220883700434
0.47385936608224233
0.49769245049881294
0.48547555418898064
0.48709428477656397
0.48946430035044508
0.48484372920859892
0.49600187526871137
0.50427235887510435
0.5122617363411931
0.51725000143518174
0.50395045033715569
0.49488208830123348
0.50204497665874559
0.5051572606184318
0.5062449770658507
0.49781567422277256
0.50121831607481759
0.506270947503208
0.50158109122413574
0.50036783423423636
0.49930750969044446
0.49746593891044738
0.4989295069885416
0.50806638945388294
0.50724197117545977
0.49932428598808615
0.50720365860738459
0.50830920161954718
0.50295552990224601
0.47566234313607386
0.22303489501139692
0.21340210615543398
0.46068795718256444
0.49340067366968521
0.48153128362249381
0.48273751850316066
0.48320673882529086
0.4836500928897019
0.48628030413611928
0.48847588174500745
0.49843006370618276
0.50590490160201385
0.50317926792947298
0.49821392761748995
0.49930733443763398
0.49579932440516339
0.49159860196224553
0.48492172115970739
0.49495541989256508
0.50451427050502839
0.50422336629396758
0.50743913952552289
0.50964170619724869
0.50993927151722929
0.50165260345238105
0.50228963555764083
0.5060828027254084
0.49981516175771001
0.49348543579192578
0.50132741097665612
0.5068753581498231
0.47498471561568278
0.21730543247843448
0.18618366576066706
0.46786147255899285
0.49545318844952108
0.49168843955365726
0.49481326217416832
0.49138272021387885
0.49446406442754515
0.49081005263312616
0.4872250971485283
0.48445650880964025
0.4973730363646689
0.50759586941545176
0.49554135296934304
0.49574138626146941
0.50036319438537347
0.49782524940067191
0.49077847931819601
0.49596420056774154
0.50569604185154837
0.50421882407860052
0.50424801612948644
0.51611755365784984
0.51435115270681586
0.50026755164264469
0.50274071478679838
0.50217205781139773
0.50152264742199892
0.49254072277424621
0.4948749426660628
0.50064078873192086
0.47706196561626713
0.21191726957441209
0.20360619204961475
0.46601061738872335
0.49188802631038736
0.50237859385977524
0.5122982403599764
0.50915437180068823
0.50914900617716585
0.50332009049677795
0.49530454254136863
0.49087130222837533
0.50144600632092806
0.50999067408697196
0.49594847665879688
0.4910718656760929
0.4918992424818841
0.49109892119763909
0.48890246723678199
0.49393560615920984
0.50157626099386643
0.49170061131789744
0.49694926187366251
0.51581900439887984
0.51285291848362091
0.50666621731537131
0.50617443969782716
0.50216758912708426
0.50693053793367793
0.49936179424922628
0.49600854250154031
0.49576632583676467
0.48672307747842586
0.2504093275691685
0.20505493390390442
0.46549160075127671
0.49676449990710697
0.50946388260924735
0.50823551709004855
0.50433119763941958
0.50793489776974177
0.50822244857244026
0.50092760630292155
0.48882762709947292
0.49645698912592184
0.50761305698059367
0.49547606340263217
0.48126623464986462
0.47577344793082427
0.48359266292372682
0.49265928671573578
0.49327577654803761
0.49586803450863404
0.487111052184589
0.49208774613128653
0.50722504639546173
0.51114377641782549
0.51041610083618771
0.50409553128182849
0.50456098912794856
0.51389019694610027
0.5070618246878521
0.49781848034529691
0.49276094139502935
0.4859733791323434
0.20256752161859976
0.23869998455655722
0.45784138223055459
0.49735797990403008
0.51176679382158885
0.504827881831863
0.49850217019506982
0.49979728487700131
0.51202781039921685
0.51640506560758637
0.50306894000233626
0.49919971519991041
0.50420873568190605
0.49714304806292187
0.48589515355781976
0.47812175052232303
0.48594224459189289
0.49882845404876408
0.49335280465777065
0.49627120741550501
0.49955671895594722
0.49179192496348922
0.49805172729375252
0.50621284653290344
0.50199389576192865
0.50059453986562363
0.50475739983484835
0.51144810630535043
0.50842648940572222
0.50012173010827909
0.49820451445679131
0.48918322540310305
0.20340108846295685
0.21101461060144516
0.44838579702094461
0.4903372579063956
0.50732132778568628
0.50855096263684618
0.50785735467534454
0.5010308795185513
0.50802257358892411
0.51402837539956303
0.51137409093637742
0.50809454658298958
0.49949190807892518
0.50055463999202365
0.49909536824920897
0.49130486259681372
0.49246663042806427
0.50217175062793373
0.49744099957411092
0.50434566454465868
0.51168533917267434
0.49761741965164308
0.49886295787705515
0.50386886035069922
0.49487508552798648
0.4955648802872249
0.49842101263007416
0.50309368946423927
0.50465093503796854
0.50329327633852539
0.50047423682026804
0.48673677353191386
0.19057988866593514
0.20655139301331224
0.45084835733656931
0.49225393980481447
0.50230930210345337
0.50844802227116315
0.51045572329162758
0.50293829895529396
0.50561363175747576
0.51205599913644417
0.51106408951085569
0.50893585224599236
0.49096859790311909
0.49090053753230267
0.50104241992416654
0.50635183144860418
0.50210345955027691
0.50316506670601346
0.50052834277479286
0.50562217093018846
0.51628300827824358
0.50492904911995939
0.4973555572206505
0.49155344226777059
0.48712443255744864
0.49516737999842803
0.49414934676704397
0.49628087658544678
0.49279491972000516
0.4934599912525654
0.4985201402789548
0.47890758749548623
0.21906974998384279
0.22752003216201011
0.45798450096105164
0.48362744254942003
0.49614887550357539
0.50090480483053512
0.49548513020593005
0.48966248178189514
0.5019059775931497
0.51701034647616806
0.51440922998198479
0.5033254707378485
0.48351893636372462
0.49157041552108904
0.50613772671986546
0.51500233214138313
0.50964394184950457
0.50823543494142487
0.50587004765107346
0.50337651805344275
0.51093705085182917
0.50380730590698841
0.49335809499218702
0.49332443490039807
0.49934470263458874
0.50560072885337026
0.50007634227006981
0.49782297754424237
0.48883654013588279
0.48942010054553015
0.49786728350973913
0.47140875702626306
0.20141607710909351
0.21337743878489809
0.45320402467012705
0.48213568800507034
0.50009937526253323
0.50711257721834013
0.49558660610603827
0.49321050910624281
0.50535896210603337
0.5094547118654259
0.51045934141046811
0.49793541042991241
0.48950296174754726
0.49895945679880915
0.5103835307115856
0.51457573332826156
0.51473700656448462
0.51097132394813705
0.50446464291907356
0.49980073314184309
0.50066408585983235
0.49763759543963043
0.49794573044975349
0.49877550382291108
0.49693285616513821
0.50435610256067676
0.50150981775484138
0.50546482127915138
0.49879596805527809
0.49499514881136153
0.49701039189350171
0.47270041281149722
0.22156723974720829
0.20587457340621299
0.45665265587700299
0.49529810946707842
0.50286520350459807
0.50491031783373919
0.50240240770849498
0.50650771297478747
0.507432588039338
0.50308599264746812
0.50674962944983148
0.50130226200412076
0.4997167285402474
0.50183597581785233
0.50566857299883017
0.50386999747769701
0.50684513212715088
0.50651563801681132
0.49326162161983889
0.49470548545507559
0.49902602066604185
0.49029437513078739
0.48901847263491183
0.49669919985161959
0.49868647785455261
0.50293758478653372
0.50032750883267607
0.5072456455535691
0.51072035279090289
0.50238232883490774
0.50404424551182292
0.48596057342952009
0.24874425646115961
0.19649290756607007
0.46601306597566755
0.49854518446967344
0.4959140305529508
0.4955160285660124
0.50546467662630379
0.51647933282116953
0.51285708896299687
0.5049500228669187
0.49846686604140883
0.50220754233333875
0.50104271756188212
0.50078872586342094
0.50092058507693538
0.49592271323812309
0.50277087693097744
0.50235407070726967
0.48999347611290062
0.49644567071769502
0.50199216543641845
0.49226322286793195
0.48929235647071673
0.49769678741657797
0.50092218726430215
0.49523211747152079
0.49261888338874082
0.50148278055311912
0.50753654932740788
0.49781541230618587
0.49891798104387247
0.48537286194897156
0.20974623610178025
0.18035987683847102
0.45448284822986812
0.49688057772151356
0.49521852170491237
0.49322410460983379
0.49880803759597103
0.50578505233140325
0.51037650871352369
0.50600715718821476
0.49658998302017282
0.50525745419900514
0.5046976458171536
0.50019962577532884
0.50399199177608744
0.50487633269504262
0.5050390232444889
0.50067136688047631
0.4988943171013836
0.50062117992469768
0.49951926166916755
0.49905957223605363
0.5064307167092833
0.50413472222372702
0.50033138754920248
0.48933141192710405
0.48934143485950948
0.49960285162737056
0.50081946138162792
0.49893388811257067
0.50718463722220675
0.49278051320378768
0.22544898750711218
0.20331490221464929
0.45924865375769669
0.49362417364140482
0.49644229956995795
0.49464868060082373
0.48536504473348058
0.48614821089098625
0.49777929417031824
0.50645924017291621
0.50974630797376086
0.51578561030933712
0.50804370957920097
0.49628717841469566
0.49900224072538946
0.50135324947099491
0.50045567174088523
0.50330835773873939
0.51092147256798104
0.50600105686681918
0.50122255584547659
0.50492495016297323
0.50787389645828473
0.51091870779163429
0.51448189381647269
0.4968784676980183
0.48810069220466318
0.49531275932116597
0.49236609590210711
0.49382601959421607
0.50698502029022086
0.48996173648030594
0.21247502544959102
0.24042203390500488
0.46728594115959704
0.50425204019505376
0.50322059617609183
0.50999868871255449
0.49394187089928371
0.48369405458506076
0.49098670071374895
0.50418354859234427
0.5089610723396687
0.51306818919293251
0.50887319965327138
0.50227933448259565
0.5013182161266696
0.49828289522150127
0.50231786740319584
0.50574074354104492
0.50601536006880898
0.49660450602899697
0.49353844549449472
0.4947517875658114
0.49338886412485916
0.50401235907518893
0.51867313354259847
0.51295699842621101
0.50005577863058592
0.49622490599065383
0.48422021405507404
0.48199858751194635
0.49627209325572369
0.4852054357195027
0.18667219541995608
0.23826330658093592
0.465573404825948
0.50224954098713825
0.50294295403395295
0.51180190915385659
0.50435401894406673
0.49699834765621853
0.49905595317691348
0.50490380183373496
0.5089818895840128
0.51294111167022316
0.5028956820405156
0.50284828125718672
0.50721630600655543
0.50646986695064722
0.50516025180452861
0.50494686563541691
0.49693397716351367
0.48433032511431601
0.48624296437668335
0.49235784659126741
0.4909798726983145
0.49033400964917351
0.4993137539595483
0.511376681457964
0.51380167372894725
0.50103819965466589
0.4857905784746126
0.48521561304329086
0.49278667132846954
0.46888110229244045
0.19136223857258564
0.23520271285984765
0.46668328450308494
0.49558368982980833
0.49272536693145824
0.49835883921896695
0.4978809349935136
0.50099569637579267
0.50690425214896884
0.51574136931010472
0.52290880541851537
0.51171435854386427
0.49928422153821034
0.50074353201316979
0.50678695642272853
0.50363040621121835
0.49588812334979038
0.50152370367099974
0.4969546675649561
0.48945158415210521
0.48592682542080506
0.49519469391954307
0.49889244707478719
0.49559261623432799
0.49742227463732158
0.50815934156590281
0.5117403152397596
0.49884277236791497
0.48532570769639671
0.48747332198862914
0.493932841835383
0.47639216542419366
0.20797778294890928
0.21678771645020814
0.47410858438224335
0.49770376682441464
0.49655332637356503
0.4967198811227081
0.49316977370309861
0.49890611831666898
0.50820260374911175
0.51617805020753849
0.51708861023445074
0.50474900142524892
0.49588066800845737
0.49718514572429928
0.49646903189736497
0.49406598283978953
0.49764687470921676
0.50748877438766327
0.50302801547702569
0.49860528225627543
0.49327500196623719
0.49568524968027944
0.49845830104560224
0.49766324456592315
0.49892855296891225
0.50273784192591342
0.50223450911758583
0.50012683002991054
0.49810299871435398
0.4967435305463338
0.49920637554210284
0.48321046110512333
0.22860004893352501
0.25583941975936342
0.47466114309124691
0.50042453602379633
0.50206713365894629
0.49643530823745774
0.49039881797154705
0.49182016494816527
0.49841885900426208
0.50634745389351554
0.50911642378567856
0.49888632082898204
0.48581113879457921
0.49476734040964898
0.49350773234135886
0.49015671150219448
0.49987229168903619
0.50962124886411253
0.50732027774389443
0.50589338992319977
0.50495062391530787
0.50049276732821235
0.50102578058718339
0.49917265050208892
0.49732722851923861
0.49732111926276246
0.50039700353116301
0.5057819733524741
0.51094292156135102
0.5091994943050534
0.50596938723693829
0.48136908969098402
0.232694452239013
0.2090564683365547
0.46169081879163532
0.49621957511417575
0.4940336363626579
0.49190274164398862
0.48542268226269802
0.49333913047048561
0.49931220059523501
0.5011566297969251
0.50523863608431863
0.49865091624507596
0.49592890111967597
0.50763641625710343
0.50541372045227895
0.4985497071759678
0.50165772289799904
0.50870964002452257
0.50770631304327285
0.50410277908344381
0.50308934771635372
0.50026470441984761
0.50506213367998698
0.50449536678895723
0.50133052398411548
0.49955289072918402
0.49541697433225879
0.49489925817740343
0.50687563738352459
0.50852374072582163
0.50195348051401167
0.48122024147627668
0.18695725451857806
0.22756449770327758
0.45776695360893188
0.47456912375301696
0.45307093294535661
0.46725598353199588
0.47225658435889284
0.48113160710466069
0.49027592550403776
0.48610541125917223
0.473594494670462
0.48141107517344434
0.48131888907902359
0.50030020068655434
0.49736521397158595
0.49021130063626517
0.49018888272759459
0.49522776117584261
0.49253531502557352
0.48589563566273142
0.48041058781327839
0.48144951412342751
0.4803057190766073
0.4839330162488748
0.48363072954726061
0.48725071720029017
0.48144506800526732
0.47591256036787133
0.48747913743974691
0.48397064771096748
0.47848554408762145
0.44768018223057038
0.19185001513176944
0.089115100750985832
0.20393150817947009
0.22373644810592808
0.2001394638005283
0.21417780087900418
0.20234469837637209
0.20156438840557572
0.20433536867781624
0.20538301999112496
0.19894775448258412
0.23912655441371142
0.20807970368403944
0.20973538184438653
0.23175690069372767
0.25808082981170344
0.24359156843219001
0.23309467105337084
0.20688536045228767
0.21846559549689257
0.20346334326398924
0.2300052066206239
0.19652868077603125
0.21635347443885306
0.20699527711318541
0.20688634217608337
0.222875428821913
0.21005914635228318
0.21237228695173918
0.19170457579614378
0.21754068127222451
0.20718197456319243
0.094292763012633979
0.13625817628829071
0.20271993634749827
0.22811621234049459
0.20318407914365502
0.23172034496669355
0.19330592736614352
0.21071894966721086
0.19871981479168538
0.20301288646555454
0.20947432612545766
0.19486162160224202
0.24199480217299946
0.25260408574794757
0.2546258863618639
0.24110345227701682
0.24277035708744579
0.22869689435836446
0.230812315426981
0.19928374520507464
0.20953046883491605
0.21286969491459681
0.21924956215632932
0.23402298511849445
0.2275360470365955
0.21009027647768075
0.20956021690418564
0.21841959576424375
0.28873450537999218
0.26802047203764096
0.22013359379503344
0.26719530402646668
0.13187380041849106
0.18032231034121818
0.41894732805176516
0.45052439388405618
0.45431134089339553
0.45515460094562504
0.4613521036395356
0.46383230271132048
0.45857359459377589
0.45532090766206823
0.46829418832480352
0.46282674350800279
0.47187840941158743
0.46772522621758883
0.47340077889902538
0.49024985915468205
0.47430740219861811
0.46162171880443847
0.45396194187596844
0.44950049420676308
0.44581627972631976
0.46042697517660186
0.46380601341591582
0.458406995408495
0.46050523320532633
0.46787987402546755
0.47026932252087122
0.46632472995698643
0.47432011713275618
0.4632674641157552
0.46306376784293013
0.46291107668968001
0.18851350547514648
0.20740846106305277
0.44292435324379992
0.48599472543509814
0.49328224633065249
0.49595380455554777
0.50086871020709101
0.50127780563800106
0.49762562384131476
0.5000429095050406
0.50561985808142684
0.5074889723709628
0.50421151478897064
0.50328026137596349
0.502351822313855
0.5042124851994898
0.49335663196155621
0.49287305155400191
0.50126056591082202
0.49167933239230349
0.48601928864078975
0.50123202375888409
0.49929195183164549
0.48860717039016627
0.4914747621943546
0.49725521843321024
0.49762733235441237
0.4928594914029607
0.48711357660347043
0.48375654785680938
0.48564738077286529
0.486268405290945
0.20279931888708561
0.22813021450795251
0.44458023825322079
0.49447133237372753
0.50244624602798538
0.49905307800201792
0.49984289293256728
0.49925499235528759
0.49237715323652637
0.49805783953636512
0.49724147962181187
0.50231947313953407
0.50554444155645883
0.50318051970421751
0.49531187736412802
0.49228224072853882
0.48981209484932081
0.49528232165549857
0.51094155318449175
0.50174185108411506
0.49791848012312973
0.51318780816601883
0.50935859215351453
0.48775430957013055
0.48162864207423156
0.48138043685929433
0.48673520821599342
0.49286227671732724
0.49295663799874123
0.49140703223540549
0.49608124268449016
0.49972530691984551
0.22549518119240061
0.19825371883640636
0.45155916703154586
0.48672349160697292
0.4950663934862648
0.49463918778496641
0.49215696037565992
0.48910103832393209
0.48526668943249862
0.4924706859483638
0.48899100856369904
0.4995431524542453
0.51237073478297113
0.504279357760959
0.49239305048475174
0.49693983277229958
0.49578509495597251
0.49097940747436219
0.50506906242070315
0.50837605504734917
0.50815105900337632
0.51669457341236935
0.51161148217377728
0.49105891164270404
0.4764922539741861
0.4822703072987683
0.49381523370295699
0.50193221605784699
0.50734149227673275
0.50615962529763447
0.50059137320801839
0.49351499446741137
0.25510492645741395
0.22512639118639657
0.45275977849194926
0.48219146277918801
0.49188245134101427
0.49931421620507083
0.49867558654705885
0.49204131593114714
0.48497208187533664
0.48784998031141591
0.49100929872796401
0.49318217684383259
0.5023265399744522
0.49831759101375928
0.50308594124195105
0.50585312519730696
0.49451021802715639
0.48943470237183734
0.49887993074084458
0.50062963830781537
0.50827556459617829
0.51590793198721185
0.51276246645425994
0.49496573773798536
0.48385973002014099
0.48819356643252731
0.49565657580641242
0.50215728553812733
0.50832291386687833
0.50226384043059247
0.49729586340841014
0.48137200060084961
0.22595810410883294
0.22298176383334545
0.45501784091326364
0.48692969148951032
0.49435326625990961
0.50449612749016626
0.50835837484316604
0.5073252362343581
0.49597864663550872
0.49374476707413523
0.50371735370543791
0.50154373679686515
0.49593069773569759
0.50176707800282327
0.51159482890725083
0.50911409200054292
0.49782578819383438
0.49506462389180783
0.49599298345049581
0.49364325549236548
0.49996033363134884
0.50806735400670411
0.50768503339266391
0.49623567386881023
0.48660752331014584
0.4907579289967971
0.50171927594019938
0.50720108769267169
0.50534514231311467
0.50154251014113582
0.5010615686010742
0.4789106382291356
0.20557042042804952
0.22874092344811514
0.45381353061278323
0.49258524025076189
0.4901437173585298
0.49404002430156257
0.50129844871845775
0.50626237058751722
0.49776048763715897
0.49886494039891943
0.50672178783452204
0.50721379603123251
0.50812624905027903
0.50513400863094648
0.50282501597742069
0.5024868241201883
0.49573450992925305
0.49913617107565339
0.49872829749625402
0.50020848551233332
0.50417987687757015
0.50106925260415081
0.49599532124789869
0.48901513249017464
0.48992843200704572
0.49232872878047745
0.50452085327616403
0.5085000936850701
0.50256792767349068
0.50204730016963306
0.50553659000134443
0.48295093772878861
0.22376601858352832
0.20127182087091153
0.45699306653694577
0.49557725651490664
0.49685385748011923
0.49714551919562294
0.49413760113288246
0.4946811530248576
0.49485217611793025
0.50067416051123459
0.500692295997473
0.50122741816363059
0.51074588662634079
0.50616935634503091
0.50594782803309934
0.5059810270889602
0.50549587410589747
0.50964666586171037
0.51267302143356774
0.50906818285921474
0.50627037110679407
0.4993459365968676
0.48795814226884743
0.48124078109728968
0.49184468237434598
0.4920383362011948
0.49398106023692168
0.49708543393184496
0.49700735243568739
0.50063225673876466
0.5018276933175404
0.48011636026349214
0.20872758738336708
0.2008761507116581
0.46050436131086525
0.50387859903978882
0.50492788024689017
0.50874942657443323
0.49521574100032967
0.48480079804163961
0.49412987308584971
0.5068077377431297
0.50650268381821395
0.50343822381051229
0.50362087383154219
0.50171857492282257
0.50994052013164437
0.51154465885874589
0.51371851046388883
0.51462046519945526
0.51581567039962839
0.51220519793135122
0.50548787577501819
0.50526698398827574
0.49736611383002088
0.48997587660223635
0.49672861230580873
0.49680220087583343
0.48953510884595508
0.48735698272712952
0.496584738176367
0.49923758222007231
0.50119182946675012
0.47986294732863816
0.20870479641608364
0.20575589110643921
0.46989674158716277
0.50682616560019289
0.50109635074778136
0.50443462629550539
0.49023987816447195
0.47780327027079744
0.48983030371019182
0.50294330582186919
0.50553818362413661
0.50848206891250891
0.5070930376452335
0.50007013640619447
0.50104912682783986
0.50121588907669234
0.50707757736757508
0.50273593465760713
0.50443228621872638
0.5129727537497506
0.50740690953668455
0.50420059155988828
0.50033014664736974
0.49784512687944693
0.4930454357773425
0.49934083951519798
0.49753991011025783
0.49277812742071947
0.50075586890834112
0.50681786962637876
0.50754689335072234
0.48561737129274324
0.20931599872036774
0.23988043869921971
0.4631439411482336
0.49719933933711635
0.49213104276236019
0.49259208651722086
0.4852612513634465
0.48076889748570401
0.4867499781268787
0.48485806918867469
0.49210417555113994
0.50298673211312028
0.51444332702025874
0.50598492182100685
0.50277903419851055
0.49608066168247755
0.48617890876369763
0.48478018116999222
0.49778170271829053
0.51630937534834553
0.51320186730103823
0.50666483725315459
0.50247611300608708
0.50406552748347555
0.4976103246131075
0.49982193398377084
0.50028342999300435
0.49611739447441167
0.49280924920623298
0.500981237466531
0.50368374051014786
0.48546140456361353
0.21197035033953629
0.20609987966839277
0.45913686656847735
0.49621806203820068
0.49891879013564966
0.50167250052273293
0.49305710781013873
0.48800119509942202
0.48811228990859656
0.47679723849853656
0.47695096051725855
0.49288101104779403
0.50776193663538693
0.49918955164312623
0.50273026051106307
0.50501783024772007
0.49375044080248587
0.4891165205554035
0.49498852818854444
0.50399648881186954
0.50348120026101206
0.50666974422970568
0.50899166521877637
0.50583390908318526
0.50020566343138262
0.50287980777891217
0.50055766021354764
0.50098861370989889
0.49419212299491982
0.49040443428101493
0.49677651548308943
0.49089826507002737
0.2190107336895071
0.20754776935380023
0.4526714643922653
0.49171378461381526
0.5043046373908372
0.51474089863401074
0.50825179481479965
0.50298050090388602
0.50016342912400646
0.49214806999760419
0.49249634290065275
0.50124015144360046
0.50401869777350261
0.49497773440218873
0.49861623558888624
0.50146298076796725
0.49483298146681315
0.49812882247380674
0.49662628930364
0.49809182967588583
0.49104867817371395
0.49947294235573675
0.51206225952995388
0.51343012414134115
0.51008727437300083
0.50865202148176847
0.50163738401892422
0.50582693959018987
0.49605950340177979
0.48822141935967234
0.49498297155978549
0.49092103069534404
0.21829239473049472
0.18751529135825826
0.4518219517011573
0.49905734097366689
0.51401223094427051
0.51227398461921303
0.5026955751250447
0.49897401388476503
0.50236031762487532
0.50124915682288129
0.49211433761855677
0.493483792986879
0.4998431374217534
0.49515587974650299
0.49141882741096693
0.48883066526554303
0.49043458601422102
0.50323345727681346
0.50258129193129919
0.50671615104287349
0.50022097579428826
0.49710360495993694
0.50533364937135716
0.51443178373578524
0.51709486497474388
0.5092759988751453
0.50547905460048015
0.51067428902212275
0.50083958797028738
0.4865733653080978
0.49302623016148744
0.4962824814693314
0.22791474261282488
0.22278016351422381
0.45073008628088967
0.50544299157162875
0.51961428240543206
0.50870675895291961
0.49969099475535411
0.49607512479772337
0.5042629284423733
0.51115721647993373
0.50131946635099323
0.49304754974473064
0.49841421884029535
0.4969430006469569
0.49488571424593636
0.49195792457785692
0.49731984406570473
0.51123627780167058
0.50500886628509445
0.50798225887794934
0.51156875858094775
0.49975421754485011
0.49398959950894133
0.50614976603974249
0.51128154222037769
0.51209482176096688
0.51034361148532648
0.51351786517586107
0.50333264551306556
0.4958651612960252
0.50048626231521909
0.49375652042942658
0.19518686439017793
0.19413016781688711
0.45041099958930242
0.49722153865879459
0.50844266406281458
0.50548612071514032
0.50558244783939377
0.50085385943516914
0.50388827707780359
0.51207352811350704
0.51418761371216992
0.50613119458015776
0.49662745373660133
0.50023724580441409
0.5030595282928958
0.50041566183097763
0.50309458375297544
0.5128897049749539
0.51050514040584494
0.51300026611694838
0.51759851771050247
0.50359710131394619
0.49638447561733345
0.49958526121282809
0.49983488441584478
0.50660103298041259
0.50332039829408393
0.50798149528348735
0.50508125436818041
0.50070320406364732
0.50476545884148727
0.48764935717063301
0.21313634015970642
0.20815202562222962
0.43957654541707469
0.4870047158163473
0.48957748645413374
0.49461872061345963
0.5041019444854915
0.50034046663347209
0.50030874048266571
0.51008637453453098
0.51697700600156526
0.51132889580917307
0.49506134494079129
0.49826109715831218
0.50694241252929828
0.50228008232964794
0.49402611058242263
0.50231916113300989
0.50819068157952418
0.51900727018567172
0.52429066203086983
0.51008880464499273
0.49777364285227932
0.48429342386660867
0.4845694554072576
0.50015005421235004
0.49845809240066008
0.49924841813777104
0.49697435446199945
0.49172114762071528
0.49685153312651542
0.47889417218303854
0.20467311971752525
0.19251854087649775
0.44634788075146392
0.4759216058302882
0.48079188521988553
0.4929073595284888
0.49545283118213362
0.48775432098418792
0.49311080359865272
0.50853364675400348
0.51428061297245109
0.50908419662031945
0.4897183400928436
0.49489700116500002
0.51148928379023972
0.5039509568963273
0.4859335525364612
0.49661081338662061
0.50702751812132563
0.51562333513859815
0.52509770557636304
0.51141257663294015
0.49916347633121505
0.48646214759321982
0.48613519163620722
0.50240565274423354
0.50016296045645858
0.49372867539740578
0.48830196307619561
0.48676296377549289
0.49043099268189178
0.47314511313509838
0.22291971296618487
0.24648173689151057
0.44543113998883593
0.47638898077799691
0.49037318429931526
0.50801017361686063
0.50282958264884681
0.48858952708501385
0.49388464487176004
0.50136292145839134
0.50391423584570649
0.50337001636903622
0.49262718505366837
0.49968933649810093
0.51116165136628544
0.50535832101846567
0.4945271001049717
0.49758533479493411
0.50116665863105747
0.50723834550511715
0.51667615413908585
0.50960082894302139
0.50672125969138115
0.49497986037921848
0.48796596228336875
0.49610835345912541
0.49441907049697514
0.49288472534193928
0.491757715384397
0.4890045619462044
0.49240262389541567
0.47681124196613933
0.19302407973708691
0.21640957985703269
0.45812370103706385
0.49107480208555954
0.50105502290972503
0.5098779110344287
0.50587728294436551
0.50100339397861204
0.49700842463636302
0.4963485825599076
0.50133300298493921
0.50210607995665257
0.49633597330522006
0.50120123461137822
0.5063456638213526
0.49693409796608623
0.49453692131312349
0.49447873185818819
0.49238541184455059
0.49832796443020561
0.50980045998574219
0.50586135992397008
0.50099004199003472
0.49608717153864679
0.48886115812314618
0.48878294393305116
0.49100670725428791
0.50019559269546776
0.50595739516804761
0.50458562123232575
0.50533503133765989
0.49303949506905431
0.20698614527176831
0.23612972890232387
0.45642373153296473
0.49362481755350107
0.49210282036608743
0.4964525463949308
0.50164268387809119
0.50459556135829409
0.49498468126248174
0.4975644540200283
0.49869404136341489
0.50293554655034756
0.49685577916950741
0.49700701217747806
0.49872972106648145
0.49392827784720877
0.50007366966198941
0.50638953175165247
0.49924588133103731
0.50339811916230448
0.50760629687657433
0.50494403958230438
0.50648390849772573
0.5012108485935618
0.48989085620596018
0.4882581324101925
0.48883791274219707
0.50112470577768919
0.50688591228671998
0.49843871737020357
0.50024072742361336
0.48114932603601657
0.22605395858237007
0.24999354005463281
0.45812948246072233
0.49159386149971651
0.48771268099330478
0.48666857285391191
0.49709866637072592
0.50542089665726531
0.50363815697981751
0.49955539361298484
0.49567167068816448
0.50086888591587331
0.49777593643045775
0.49929593261563016
0.50688357705361531
0.50342633285892635
0.50509991432414947
0.51009383036710909
0.50962757858141772
0.50705787366944399
0.50061964701333894
0.49851575759204347
0.51018507741634
0.50869277048832318
0.50187308423444354
0.4934288523001133
0.48723776370574334
0.49491401828314308
0.50024635022561836
0.49585276957686902
0.50183968529419787
0.48873675459027832
0.25751843687577208
0.19645604844285616
0.45774247149398095
0.49039129899783512
0.4892016941648632
0.48637175131461852
0.48769938434443455
0.50054364681602403
0.50421542070908876
0.50252666426607218
0.5058070565848537
0.50966549762760771
0.50443903056992789
0.50382346430391811
0.5036219952600226
0.49872081935713625
0.49933110435593386
0.5049610813682528
0.5089739068744692
0.50761016651798141
0.49555487140545557
0.49023647201711107
0.50071393464482572
0.50901661355889072
0.50830584832099868
0.49319803737250945
0.47833031095574602
0.48833438258059625
0.49185795081440908
0.49454453094976131
0.50710949824191609
0.49488452101207209
0.21067807546137871
0.20504829295897184
0.46212533380731047
0.49637633971252026
0.49327708467147846
0.4990254079591519
0.495920104182278
0.49830991936329594
0.5020818778912195
0.50559583060997626
0.51169225052380019
0.5130063247173432
0.50563887603178781
0.50424984289498043
0.49961330653975389
0.49626894800550875
0.5023999875033649
0.50711769279290275
0.50648328964372757
0.4979177452893771
0.49047893409948601
0.4894470430670726
0.49246450325602781
0.49909430886391004
0.50759870076823388
0.50065262432690583
0.49032346013401323
0.49195533135119734
0.48380038050826346
0.48642414125559263
0.50262852399643843
0.49417056734578463
0.19247204979431662
0.20408037050218011
0.47187864856566974
0.4930494109804025
0.49173031050468585
0.50644278603626836
0.50762874271273351
0.5047105182061743
0.51346012166748323
0.51156328327455047
0.51217896444393285
0.51086577439003156
0.50253501780459808
0.50413440263082021
0.50479821218699972
0.50490955973901541
0.50652007611848138
0.50541250545129235
0.49907143888910244
0.48781816557095931
0.49013170902124736
0.49611447201000847
0.49335108535239758
0.49336260497356182
0.50350535806096741
0.50870525825051482
0.50600002803684152
0.49398823925636004
0.48129814819106193
0.48990603831537238
0.50043549587092151
0.48927571175805179
0.18636165215207987
0.25577700666559283
0.4726472537535043
0.48824443243371957
0.48220358775288963
0.4993519595770069
0.50163982729586154
0.50294540319342751
0.51285863667192766
0.51546095213142695
0.51994855868465617
0.51093916644116399
0.49706474608705781
0.50018456163146341
0.50551605914829911
0.50175412042125112
0.49605518775539048
0.49761442853434468
0.4918732650915259
0.49096823143838525
0.49920580987525492
0.50239127425361352
0.50009853051839881
0.50157007068079484
0.50471807589516116
0.50493556402078099
0.50444975912795142
0.48565764212253376
0.47475484016072994
0.48090685346205081
0.49492210937291498
0.49044754782255784
0.23271959484423729
0.22323904712165385
0.46981702655825713
0.49388897526485875
0.48961869206660191
0.49515087758386561
0.49513781009153596
0.49930747519569624
0.50826178528631527
0.51306495035760358
0.52011473507663541
0.51439807376672897
0.49613698037394632
0.49785838440579427
0.49739663347665408
0.4969627913824623
0.50142336981767088
0.50816006895287491
0.50457897940678564
0.50275938042937551
0.50223621362021775
0.49854643342363203
0.50321037332488638
0.50052051308753065
0.50216506635086977
0.49983314786638983
0.4959118990844264
0.49021432200309462
0.48690717194696093
0.48914247460804966
0.49724870703812923
0.49113454439651055
0.19092475332483394
0.21365298082975895
0.46947556632493159
0.50244408470120405
0.49878187372928051
0.49307347771640792
0.48661252572986857
0.4945173302716962
0.50326900919323259
0.50757505335259934
0.51421483151445202
0.50511117341525857
0.49030836799616589
0.49656970711642118
0.49550905642456899
0.49303577501046025
0.50377541018486183
0.51381287528917408
0.51146036024782104
0.50957189494466704
0.50515833625171247
0.49752591872488394
0.50225262804946702
0.50033947765092823
0.50364564293069891
0.50810161426415468
0.49991663377771839
0.49963062280731341
0.50273425056172749
0.50168153359214718
0.50297082265667381
0.47550390461534009
0.21125985544213663
0.21667391941424149
0.4603621483110294
0.49991760065091817
0.49217348562470975
0.48803235095605779
0.48181504823197269
0.49434876749304008
0.50367522724230307
0.50571508768703499
0.50343682678126689
0.50057672231387973
0.49343706293644785
0.50110241953885659
0.50365182704139944
0.49663196395041737
0.50215319254952739
0.51307493672632032
0.50510858815775095
0.50107010672705721
0.50444693337166691
0.49797961610181385
0.50110617769858012
0.50116570926922821
0.50080531538004092
0.5085260590561701
0.49932922967934074
0.49285276036427933
0.50156672648463496
0.50467406777713286
0.50248973208500392
0.47894137479319498
0.19416337958513008
0.20393238878214157
0.44574701954871643
0.47622763681802849
0.46261814978832622
0.47123827291928283
0.47032315215663856
0.47845198203245809
0.4904151677689999
0.48452930769735697
0.47770748446911698
0.48155761680296905
0.48162704633039294
0.49091713157535632
0.4988688978969677
0.48684495485345486
0.4825204252630122
0.49760577526902239
0.49086281541555005
0.48546006232187133
0.48024673530352652
0.4743591382634989
0.47307081316057542
0.47349171530347112
0.4746500124714822
0.48446673360581743
0.48621323228702479
0.48139829912727
0.49356241479048257
0.49616560554324518
0.49042889628087205
0.45529956875734556
0.19330400345591686
0.088730195224549946
0.19251644533451143
0.2120418872723327
0.19245739669243814
0.1983840569993929
0.24031468097328759
0.20188301734261208
0.23051587814561195
0.19094468714570059
0.24949333343333321
0.20482960624319266
0.20152198940119892
0.20173407123812651
0.25891325061620002
0.22528195611426063
0.22622696447915783
0.20210231799046427
0.2231222501941296
0.20482794467321355
0.21001826655378014
0.19300598482219833
0.21763553781638661
0.191516882576279
0.2127533417820841
0.22849562193751233
0.23027970375796306
0.20775500007715464
0.27200710214408458
0.22629397575594865
0.23859241179826968
0.23319295247378294
0.092536965547818803
0.078595005483770922
0.2098220414106941
0.22717187336031452
0.22289337973053833
0.24724249306893775
0.22058288226950146
0.22307183996288807
0.214206884037277
0.20385206422072957
0.19031416736078283
0.20927716790644554
0.20684748370107536
0.24714599667947121
0.22001884733525456
0.23321234049912642
0.23119028984857845
0.23294802539598228
0.21145572497911105
0.21536661698185994
0.20001423486970099
0.22623126398458987
0.21353184026449057
0.21890779127952903
0.19844013662621982
0.20349826608842417
0.1963148344704195
0.21836996773070191
0.25814808592502164
0.20275160509753393
0.21413031205856192
0.22622875586241989
0.091615867477126023
0.20229164047133735
0.42780695353335207
0.45913645039687956
0.4500446461548564
0.45024509740424684
0.45676474174720144
0.46535059967299702
0.46259914372132188
0.44783843117471211
0.46003394789219115
0.46279031069643756
0.4666585814020795
0.480558957276782
0.49428578717053762
0.49062173564638167
0.47985721690099442
0.48603906603001568
0.471748133641746
0.44957865249352519
0.44887202800650194
0.45988365035117668
0.46006312396914539
0.45800767214952981
0.4613224382019363
0.46694167667461295
0.47128793767970911
0.47178313099002894
0.46978706867891512
0.46941982936214283
0.46279279775695731
0.44719770337140102
0.187454875229249
0.21455239946466248
0.44717562157561125
0.49781760565427713
0.49326354334707073
0.48461323925758387
0.48740631444564836
0.49383084080029871
0.49592181618398029
0.49417425992263408
0.50485153198963262
0.51200215123813186
0.51075379203606763
0.51543510279264715
0.51484319091766428
0.51080401145273491
0.50785708703082466
0.5119326226469566
0.51511255833643421
0.49984791949791813
0.48615322122323695
0.49485365024410438
0.4983384670122088
0.49290736128024776
0.49726176802623578
0.50100035271820675
0.50052838208794437
0.49085327409015583
0.48608995262174493
0.48746187199911162
0.49314209642737572
0.48768927706559839
0.19878840366721398
0.19898819942066637
0.45356454504570271
0.50248047836921628
0.5014249774569457
0.48906105716957671
0.48312951723310438
0.48585617907428141
0.49351551150446721
0.49640119749822736
0.49635778382558099
0.50984617541875576
0.51695871198311816
0.51213621827271383
0.50102934307426916
0.50156922302186757
0.50225979021975042
0.50286822370443696
0.50702919322175455
0.4954061251832762
0.49375318983654187
0.50898842705735603
0.50804052955769763
0.49413679924052478
0.48589174008258823
0.48435922946275434
0.49072438437226601
0.48764322494295459
0.48563894376902039
0.49335577458069446
0.49738797451331201
0.48683677932147179
0.21988593659568351
0.21250768888193761
0.44777234577935021
0.49532705983027664
0.49724935264669101
0.4887716465697724
0.48481078835221647
0.48572880051195738
0.48923083936031148
0.49269001805358931
0.48739185652064532
0.49818973445100151
0.5200787694369603
0.50559506723104397
0.48922111541538527
0.49941440471324122
0.50253558501849782
0.49168818841627776
0.49276155336077471
0.49370900812575874
0.50012513967755623
0.51147653928597181
0.51139143707347678
0.49682802173007534
0.4824940800271818
0.48549751743425495
0.49528989321684419
0.49604038636644188
0.49566452695376112
0.50264425262963941
0.49843669834083287
0.48620162240903736
0.20539319382897675
0.22230804441039834
0.44526570762151529
0.48452560536923284
0.49297639785393738
0.4987909402148667
0.49907277260314653
0.49564349195923935
0.49049377375267328
0.49248938911561746
0.49586548422478421
0.49729740369134784
0.50306042173285359
0.49774420556661797
0.49507026147790345
0.50139888660845577
0.49315048942331041
0.48332990941384962
0.48545453297421237
0.48883711425249093
0.50304486003784132
0.51405010940688667
0.5131828497054205
0.49851943921663322
0.48661465685549971
0.48589230270720235
0.49503783770990467
0.50202629119181286
0.50190823127554529
0.50268473771190636
0.50239429739225461
0.47886124916445055
0.2211645592302833
0.1996084911839453
0.45074186395805471
0.4871179131206026
0.49461267574611939
0.50409595255615713
0.50603022568626654
0.50295937470120355
0.49130460055082453
0.49335631420256698
0.50861407265993475
0.50324053162153182
0.49249257891713222
0.49885772054575456
0.50741737782061835
0.50012074819438634
0.48991370659099143
0.48743980455537111
0.49051380131028033
0.48726238704678709
0.49459948054026676
0.50043966296117726
0.50739934588997204
0.50125152803424455
0.49355281404698698
0.48922315414564949
0.49431979917800883
0.5040045494627664
0.50104952173147277
0.50205732790705071
0.50462718702105458
0.47047541123557185
0.210144171215189
0.20705734444014878
0.44304564780599032
0.48546981977702458
0.48624278266381277
0.49508167859566282
0.5059437603146637
0.50123076736821714
0.48832561541807579
0.49299902160998882
0.51485937847087226
0.51293661701421311
0.50786841134866978
0.5017182495420961
0.49352762090871316
0.48776480117420667
0.48116889366882049
0.49092737427249522
0.50459361342183884
0.50498692385806121
0.50371663100744402
0.49367624932030846
0.49487880423160374
0.48858183011346834
0.48503883454176561
0.48503382013921142
0.49086045981028043
0.50326082663212512
0.50008494588824748
0.49515910987997602
0.4993142205832265
0.47715437697793978
0.21066424235415437
0.1986969008105656
0.45560655183901971
0.4892824359064506
0.49311049204658547
0.49673124809747071
0.49218821497421672
0.48528968710419723
0.48490087364348877
0.48940952765352325
0.49284874653984145
0.49833223355896394
0.51512354472625788
0.50928535304431088
0.4941142711695482
0.48974710660752813
0.48842756424019779
0.4955374908077595
0.51130162316421435
0.51629800621631039
0.50623272250722862
0.49553387947899347
0.49218568977917027
0.48029045955869165
0.4793606287973709
0.48118165400828233
0.48456154257500761
0.49880700784648674
0.49723924393212976
0.49280716349332165
0.49610602948587001
0.47355439435798907
0.21041064372549548
0.20779709148297992
0.46045807216438134
0.50043779248837883
0.50910204748582888
0.50862233044299032
0.48964861710489682
0.47751742813934961
0.49102923219189898
0.49816059610656521
0.48774489720328523
0.49082227669638667
0.50721951548738786
0.50590568159338001
0.49649381555074368
0.48890335180057271
0.49677701704926702
0.50114189506478868
0.50361663840698101
0.50811010954243097
0.50311954132837977
0.50053667792025702
0.4987300382928998
0.48984421706203268
0.48993642237558743
0.49268298127741528
0.48932980536504744
0.494219536581533
0.49640339024661218
0.49379362342041722
0.4940378702441463
0.47442520102870522
0.20256423784917124
0.20920337549467072
0.46054422836169273
0.50371516491871571
0.51301863397201897
0.51272585697367568
0.4926507050686898
0.48292925751118165
0.49549171659679508
0.50301265618840096
0.49168218626392513
0.49346151558791951
0.50476218104602577
0.50192360437159889
0.49543236887152681
0.489840547889209
0.49629670405365373
0.49811467394680153
0.50155673493459219
0.5147516686340966
0.51348798255742367
0.51010479296555544
0.50162748871603791
0.49861641285741293
0.49525638222628648
0.49605602375521152
0.49616772223641986
0.49547262967153716
0.49742101976067143
0.49707853190220458
0.49810890123301405
0.48054945212868244
0.23892190791731593
0.19914735645107282
0.4655443420395598
0.49931526554021111
0.5060365170156681
0.50815888473454551
0.49666787031246118
0.48927730398741737
0.49105047111598837
0.48737353648978232
0.48943353612936857
0.50278282629216975
0.5100301152255855
0.50080644509770311
0.49489813073928257
0.49390957329050827
0.48728795612983983
0.48703298877882095
0.49820253815527688
0.51620185579885636
0.5154439175084119
0.51162949449443296
0.50190320396007071
0.50040144447441492
0.49254780874383342
0.48458680699682838
0.48895346408965706
0.48652353591860281
0.48722086057501501
0.50085914477546911
0.49992006564120206
0.48420445373710352
0.21209648728816735
0.23313887114748544
0.46228769074502912
0.4984979899947497
0.50453060033667918
0.50719225898709119
0.49951054785272092
0.49109475403291253
0.48816438211156343
0.48365379292854133
0.48978314129891609
0.5024371482477108
0.50513466228797044
0.49364092123124054
0.49085137629745018
0.49624671302882523
0.48918550393186111
0.48820822931042246
0.49035271171742922
0.49901635165884689
0.5007417867195143
0.50896049555331657
0.50548215372877403
0.4971168406947819
0.49094832962742407
0.48833409050622606
0.48896859801070536
0.49484568836554144
0.49666390905922025
0.50137932268760532
0.50000038166409611
0.48423324213448049
0.17909341751430599
0.21961826103969409
0.45132871437317718
0.49666021121351767
0.50694207783181644
0.50842274220065387
0.50140813010323948
0.49772198798952688
0.50008588206206017
0.50263968548688776
0.50359310951940062
0.5042416873477924
0.50230178824988558
0.49341903267237514
0.49263655950486518
0.50073659212321342
0.49680550866830686
0.49644645865286641
0.48929920361801205
0.48952566178079532
0.48507520634971885
0.4995952497726569
0.50826773190401286
0.50134280758045169
0.49579618641670004
0.4929960868358933
0.49179157787277178
0.50110071399153877
0.50499602002864807
0.49860357625526824
0.4993282919677805
0.48494431766221946
0.21200083548107798
0.22842312010102889
0.44399322651479251
0.49904090950413144
0.50987328331339676
0.50946262387768182
0.50123674360694803
0.49695154185624113
0.50058887740663383
0.50595777226587957
0.49876503714139081
0.50071598397658712
0.50833607758695787
0.50222062474891427
0.49932161005710329
0.50472195926803565
0.49946042130259216
0.50282114197405192
0.49602873614927318
0.49864430412167476
0.49945723621866872
0.49548919333622998
0.49890027410785714
0.50365286268685416
0.50738884010127894
0.50083429043846384
0.50022262177950394
0.50739873706895666
0.50875279661413775
0.50108119468634149
0.49785455148547192
0.48747405769327373
0.21720095070744724
0.20843060137064029
0.45540233309353012
0.51101075495264858
0.51142267685295351
0.50470743636399529
0.49995137949394647
0.49564868133569528
0.49792031837062073
0.50676380737824944
0.50369810903539824
0.49810327314604996
0.49949917310662573
0.50224306396283547
0.50792891745028046
0.51122831697871984
0.51181847595715968
0.51643318087149725
0.50702649820057744
0.50625478533444268
0.50998809235894804
0.49984837628385315
0.49172241904233094
0.49810294077134282
0.51147073215593009
0.51126380591904841
0.50329777274757292
0.50744172141445831
0.50727753995624758
0.50356205319015412
0.49563723286688871
0.47716486220342608
0.21984696692401179
0.24344460276333191
0.47414425764634088
0.51782703880387704
0.51282663526090022
0.50816208804450536
0.50701406924594405
0.50553889114645745
0.50588916582814958
0.50927325907896237
0.51576008403295115
0.5107608810702402
0.494260069262626
0.50148990425997797
0.50807377296114942
0.50921353665352942
0.51095757533807928
0.51766544077180454
0.51921030292350223
0.50910620564365017
0.51083627842263246
0.50907427677014849
0.50472106355570434
0.4996486128919318
0.507289791444128
0.51511236965190621
0.50249398042376225
0.50343176410746193
0.50696617987097781
0.49938329711381069
0.49216714055857197
0.47448332547001126
0.24553879108986809
0.20869742521843826
0.46150660629509077
0.50341052052363366
0.50472429363700988
0.50663481471198335
0.51047441302465768
0.50750552346747968
0.50409444786405566
0.50820621659816945
0.5187990305616369
0.5171390800283131
0.49748747804277466
0.50302972541241131
0.50931654662853543
0.50651696665063128
0.49514801090556437
0.50293031317984549
0.51382375009131653
0.51377235736300009
0.51933314694267763
0.51621277018804945
0.50310512157103615
0.48739993858708119
0.492586387955259
0.50715977729677097
0.50002763594125643
0.49390162234300244
0.49902463130139169
0.49629655834278191
0.49131578449755847
0.47967396936981882
0.21819891103814867
0.22146792018032055
0.44937818339971791
0.48647008865512592
0.4928662614227769
0.50803880510895516
0.50737122073861662
0.49917943742214455
0.49093468371360804
0.50172190165641661
0.51413524634931274
0.51426630668810391
0.49525329360171949
0.49846877122084687
0.5122562058623108
0.51080047775991888
0.48721333003619355
0.49512422316944543
0.51109520144111287
0.52225389555904922
0.52843477645715398
0.51732536709731591
0.49472769466532879
0.47842269638797069
0.48194638262728767
0.50072794985853286
0.49906352388929981
0.48697687111273302
0.49015883559103507
0.49647886399745766
0.49490032368268633
0.48507865752793722
0.22817546179826712
0.23904733687710908
0.45182332595043317
0.48002509027074769
0.49399218219640528
0.51385072921985075
0.50308300964783492
0.48818153203234571
0.48611444113131569
0.49814749771350925
0.50583470538390585
0.5063157478840925
0.49825385705922476
0.50020993306678463
0.50437880824869208
0.50439403570258079
0.4926276580339321
0.49483767866099204
0.50353529196641866
0.50962003442225023
0.5177913218669572
0.51425113894811525
0.50394166945415342
0.48939183710384493
0.48503605930836668
0.49436981024741083
0.49478490776735012
0.48960551520927226
0.4888512571739097
0.49227279341498886
0.49076119979163596
0.47754993314059591
0.19347300403118442
0.26168350681715041
0.46214341328844355
0.49346472122549651
0.50402712155829044
0.51153371800170422
0.50139149789040782
0.490877455832192
0.48940617178440887
0.49581425631896947
0.50289856612501294
0.5006323573838416
0.50305724160008825
0.50691871799216381
0.50030936598161058
0.49735225430081387
0.49485350012781859
0.49688510271939001
0.4956329694512539
0.49439712096823707
0.50514388907468777
0.50679671696201278
0.50394751745648969
0.49316287388517988
0.48304170429585958
0.48011062028634699
0.48729802670420325
0.49786943510167825
0.49690468829742657
0.49336213445560062
0.49089076558664202
0.47373724034883996
0.22107424154493638
0.22563652422855235
0.46283574032211794
0.4962990757576915
0.49588429658552907
0.49920637388545447
0.49961540582656044
0.49848242710551682
0.49440234398598498
0.49944999507879634
0.50615917477980854
0.51031629122469269
0.50429348906615334
0.50189548664018191
0.49676632722128883
0.48910760039805717
0.49400242150717738
0.50766635218701495
0.50623937853622014
0.50145138994852567
0.50020882191863236
0.50382807203039137
0.50549280611937852
0.49838319490609556
0.48638290499362247
0.48059508576009358
0.48627584431583903
0.5038121631795508
0.50527138002063621
0.49964278225594566
0.49654564458389838
0.47529095910353913
0.22799610697516087
0.22745163430335863
0.46144691741965066
0.49453086349907627
0.49320037361669428
0.49814592576453331
0.50349096513987091
0.50601647796657323
0.50612431769722332
0.50446440067387655
0.50420543788766314
0.51277379018392277
0.50192801361271122
0.49660431228481011
0.49888559356020845
0.49461818913769046
0.49344969426968899
0.50387531190984236
0.50895893794740743
0.50824688571056975
0.49787255283638487
0.49614653464102793
0.50613228261374488
0.50807370817211139
0.50151372279410877
0.4917934947369349
0.48576798325561416
0.49631026393407185
0.50428799203298302
0.50507872071990123
0.50143569021698065
0.48018487911996444
0.21672391243732841
0.21474605553987863
0.46295592781409356
0.50005369140780276
0.49636431401927084
0.4958866937560113
0.50150559990232846
0.50568567806428344
0.50782893724040878
0.5024558331900103
0.50798411909179175
0.51784916924325453
0.50671170661955378
0.49969354161678947
0.48976235839381488
0.48985662667023128
0.49732923120062594
0.50632698231673789
0.50852762983369693
0.50770532490931675
0.49752486124722339
0.49135020306213345
0.49725657897286019
0.50555811395684314
0.50556154474775428
0.49758990351305266
0.48598951208405788
0.49389744625588788
0.4997284649119928
0.5014459027066086
0.50184964183612257
0.48101495127583072
0.226873972599936
0.22928497067241999
0.47045287313239209
0.50953194539862889
0.50001803488806229
0.49822757128834616
0.50202684695672073
0.50661924481983034
0.50772723934557973
0.5003730747862517
0.50818078869027283
0.51150827173789015
0.50761247190550074
0.50455845366755958
0.49775479628435998
0.49347074831856635
0.50274698861328326
0.50869694832840873
0.50632297656934566
0.49876069664480932
0.48657748538929307
0.48750735725419675
0.49067406517703538
0.49774155826865557
0.50434116478922886
0.50195568378704325
0.48936906312044542
0.49509150085743664
0.49387240617888872
0.48900248342348901
0.49376728683433418
0.48421243933655772
0.2253373290123481
0.23054860374133029
0.45930428621080144
0.49932085217088507
0.49450922807908249
0.49901907677788271
0.5088322664037529
0.51203646385243762
0.51399551577735347
0.50575173211780322
0.50325060118825982
0.49973327573698123
0.50263166097181022
0.50830245747226988
0.51046888777371513
0.50885922111418824
0.50668794769397341
0.50764278157918752
0.50263450176670321
0.49065466716578671
0.49010681367443343
0.49598055401474761
0.49530844919509837
0.50130221045165069
0.51180116608148729
0.51606761173369775
0.50159206282326152
0.49271644274125709
0.48671872494543655
0.49126311241887854
0.50138863352463381
0.48197624306606429
0.2253696557264924
0.21099959982631042
0.46601290432853698
0.49528631945884666
0.48656319715717949
0.4958092975645943
0.506841722391426
0.50960015447966689
0.509404113482682
0.50522864764239772
0.50586675445907137
0.49915038209912549
0.49585206690263189
0.49922413860268056
0.5057081043502355
0.50440044460654221
0.50097328867307866
0.50094154344886699
0.49004472830581108
0.49025379580485007
0.49988834513206398
0.5004500929894885
0.49990110819820832
0.50850756398868147
0.51466572163720914
0.51443526054528754
0.50568895089469257
0.4882787169976564
0.48216119596816143
0.48569567308091255
0.49749700832395027
0.48758517455942252
0.24001247440410464
0.22228600190738879
0.46834081616720874
0.49186505022522997
0.48863084651279393
0.49566384759190585
0.50071789203769979
0.50268523934057985
0.50945962717222959
0.50840587866774978
0.51062283200948111
0.50849549681176875
0.50089319321135661
0.49812288816105676
0.49736957541082866
0.50028372507226682
0.50795325307598338
0.51031213589539492
0.49708160618693054
0.49368166618216741
0.49188397316503812
0.4917379512676856
0.50269548041786849
0.50338000156200646
0.50610679922215362
0.50595173146937455
0.50491440508066932
0.49924668589478571
0.49029516310835641
0.48477418388156091
0.48888327865338338
0.47974226309372042
0.220727255524449
0.21413657897472035
0.45654420939793322
0.49264885257736341
0.49615962518057566
0.49615890744987068
0.4923406235185902
0.49806903001553859
0.51036468734273766
0.51164692178903481
0.51573085819380637
0.51645631644196111
0.50462694508735084
0.50303501094764302
0.50284918857784378
0.50189675917789067
0.51309710128769859
0.5193146165783219
0.50175154188159266
0.49394943421271259
0.48694202415591215
0.48621562224158615
0.50008075797144891
0.50118862249107921
0.50656084169877935
0.51272046462100418
0.51195485136281127
0.51182995491007499
0.50617011669976297
0.49727177779984283
0.49276805714393668
0.47093715601298908
0.20875836426996092
0.21184756170800009
0.45067088239111919
0.48682679082336516
0.48777236164531912
0.48994383667665137
0.48763809052485452
0.49630537987169859
0.51075725424253715
0.51044841701572774
0.50880010636359929
0.50941359289238175
0.49604938229689338
0.4983204639789211
0.50784629548840088
0.50460935581108457
0.5070178343021029
0.51524478649453187
0.50061919154852597
0.49053158451701012
0.4880477291497235
0.48436555265812098
0.48971748994144454
0.49248215941539703
0.49966345092231629
0.5103398513936781
0.50778358896089526
0.5088794742784476
0.51320787406030566
0.5086806471628178
0.49807051694487708
0.47393663600429697
0.21235236801169935
0.19571108468851903
0.4369298484519521
0.46815320887192452
0.46365005494609529
0.47706425906994382
0.47748231979477573
0.48426655058070189
0.4889662693224564
0.48161888195986757
0.48329858905290957
0.48834897141732858
0.47430260928570755
0.47703396641856399
0.49733887320764064
0.48608069372291224
0.48183865178224827
0.48969625567955394
0.48345962386059882
0.47288574900401492
0.46752737527298871
0.47274785215593745
0.47653006694031352
0.46321324230926142
0.46538430357473282
0.48188914459320098
0.48902706523500433
0.49221209040063685
0.50145651094075205
0.50638723206485448
0.48994382397440772
0.45951932192521533
0.18002726967592639
0.098615737176651036
0.1936400974289095
0.19601419887524843
0.22053480082254226
0.20797546483541929
0.21905915957636102
0.23756297081089722
0.20274287636817512
0.22387953162081395
0.25840937713292722
0.18916551392855516
0.19429741788763988
0.21148977000346375
0.21946125796196711
0.22397117933445707
0.2148661009194919
0.22367510746866215
0.22154964828228554
0.24327759859983575
0.20241257884865441
0.24268052144206478
0.23061477678686632
0.20357368651355734
0.19734796458332665
0.22347241107562479
0.21242015180641938
0.24646263767843299
0.23554220812569684
0.23615500158449237
0.21551357570137672
0.19157258688778975
0.084861991412893772
0.06875509765565245
0.21159308360636059
0.19596715949847374
0.20074203346881575
0.19800853275383615
0.23234176827853645
0.19648337056289861
0.2042576324874362
0.19111340296432922
0.20004904579123586
0.22419420608597526
0.2245146520464886
0.24599836609525497
0.19562153728976284
0.2199037980568179
0.22772405067688295
0.21214720274623641
0.20914895215162141
0.21399163415506814
0.19171523765752368
0.19821094670866682
0.1844515086306471
0.19017272450267603
0.20352595390619463
0.18469959644908163
0.19695745276464105
0.20624936680217099
0.25026509836137406
0.21188940707656306
0.18512098542439048
0.22909537685235995
0.090223475086975105
0.17350492801299275
0.40977192386895422
0.44964547877916261
0.44406656848909942
0.43983009249578242
0.44146599683477428
0.46308132857227824
0.45042761295347444
0.4427608298731382
0.44562376335928633
0.44568107999809253
0.44553824093687511
0.45994201106826471
0.47122441886920041
0.45940429223940937
0.46559906509078625
0.4481856089311943
0.45126829845557159
0.45948299068800486
0.43785882686725047
0.43776442299291685
0.43922044678235461
0.43585827482113221
0.44116967057769957
0.4495143446683747
0.46421935656426522
0.4451331945840073
0.44448431984130021
0.43887853271600497
0.4382743137745384
0.42379220603186024
0.18231828131522607
0.18585991006802852
0.43533156619498947
0.48044055729658225
0.47703778001682084
0.46629551049752532
0.46776667846900494
0.47511341460552176
0.47456336268328081
0.47318009526274668
0.48396708318583043
0.50129681628587486
0.49788405032083122
0.50350847256241704
0.50070885907413021
0.49823518770339309
0.49978110793207015
0.5030610053150506
0.49831753931892714
0.49098601113294027
0.47455687746757114
0.47624857934107773
0.47255192162360488
0.47373307272726695
0.47876413513927035
0.48518705615944746
0.48200534919629251
0.47682703524892817
0.47911432256240133
0.47525577580245837
0.47830749020120861
0.46221169529233108
0.20556219799151379
0.24870398377124617
0.43976998321783767
0.47797071420093251
0.48184349853011166
0.47238958151439159
0.46952064448457115
0.47078698663505864
0.47101741832502103
0.479356779515419
0.48527353208922175
0.49805789051905136
0.50270310019324627
0.50110076649799418
0.48783700395089669
0.49256224244189367
0.49405969599801708
0.49010655110265511
0.49463304872866043
0.48375549713009347
0.47422472528686294
0.48565744253051396
0.48132464114032042
0.47546696436062713
0.47637170802105533
0.4766795013290967
0.47867762898444954
0.47074590954297807
0.47088528870512558
0.48546041588926775
0.48761887743259774
0.47006119760781262
0.20605406403198231
0.2048491841693342
0.43565429859492572
0.47838921817328056
0.48450244054706931
0.47237670346051303
0.46817012216353893
0.47119839047070694
0.4721276065599041
0.47651790474620798
0.47783288327702594
0.48696450981388939
0.4982386403525994
0.490568804767683
0.48112074905281671
0.48794490753929259
0.48739831025154784
0.47701088059147501
0.47666745738595978
0.47222179320172059
0.4731237703080563
0.48622768950082762
0.48377524693772522
0.48270117095656756
0.47862939093137369
0.47563378186915334
0.47816682944693101
0.47371367947673304
0.46893242498811083
0.48414584996895638
0.48921578304294649
0.46974122601741242
0.21363282217907267
0.21139124202644752
0.43668153559268363
0.47854747650808338
0.47674972600544879
0.47214349652314186
0.47393043662904538
0.47572542958768499
0.46967751499393712
0.47226937998807261
0.4763559950677953
0.47930222561555513
0.48577360016438442
0.48719135816524911
0.48280077157569784
0.48217060191006889
0.47463930589199999
0.47006960159874095
0.47286478670957799
0.47174636480327076
0.47411921219812697
0.48880057642448976
0.49141584027698088
0.48157640661676154
0.48591599425420934
0.4804394468570593
0.47963346765292975
0.4739434016981407
0.47441732266538028
0.48537770588347912
0.49030437015995398
0.46336442465103939
0.19423970563428505
0.19133030181987512
0.44535298282100239
0.47840377128290418
0.47063493261595984
0.47417497912077339
0.47289254441024642
0.4685366306355056
0.46387403531169125
0.4701031947153731
0.48983854610676791
0.48846881134299042
0.48229086796049164
0.48281337980485128
0.48319601908831417
0.47512519884993931
0.46924812596986248
0.47131667912160408
0.47785585688776616
0.46881604530668336
0.47136034618545358
0.48268212297015795
0.48776105896042016
0.48296800638982801
0.49134413196324705
0.48293225042962662
0.47625255187221865
0.47940225281456439
0.4770396889840795
0.48748734719242204
0.49088868667118174
0.46845291467822042
0.19720859222822401
0.19015891858549508
0.43141079579375147
0.47079245850552931
0.46884353768165982
0.47764640496052307
0.47832472585037294
0.46707081065183997
0.46873488191420676
0.4784627260281108
0.49003114260171421
0.49816488319743091
0.49203414600859025
0.48457621618699775
0.47421939517574857
0.46593000071738744
0.46523771002467473
0.47456058393624889
0.49018037040127743
0.48723660545012304
0.48413031061367801
0.47985856433539187
0.48130133143038417
0.47072421715668483
0.47431660224303879
0.4756080485375177
0.47256689885147785
0.48434226651883988
0.48242631782240236
0.47692781123888384
0.47845942888623622
0.46191356596713423
0.20479427091814822
0.21155063924313827
0.42868356426211296
0.46708497260382481
0.47670987531384668
0.48244510846952637
0.468378344825569
0.46142882767411303
0.46645951063221536
0.48086586704689477
0.47430278633304418
0.47659208795517388
0.48932957619538259
0.49417022041932879
0.47484872115709864
0.46745439203575323
0.46718756356525915
0.47872231475133337
0.49571697182742297
0.50254250232468611
0.48900746892908642
0.48352378652072076
0.48058078355208667
0.46883615280275576
0.46820559608184215
0.46753686445962955
0.47095711680953423
0.48552305359714831
0.47500931424812398
0.47140211237578783
0.47348313206732157
0.45938509931428401
0.22070035889706954
0.20233734720199076
0.44939550897007347
0.48158451201466879
0.48766051748263017
0.48138936623128575
0.47139335662311588
0.46498749280061258
0.47959915939760672
0.48705493890037965
0.47093452752180703
0.47092409061458446
0.48425802193890233
0.49325559316270579
0.47927130463288453
0.46236844797854582
0.46966091036841789
0.4731530041827765
0.4824582405548043
0.48542065877798779
0.47990898054207815
0.47909410505649858
0.47234716119437264
0.46943373742098204
0.47765826454753124
0.48473901292360683
0.4837458573307033
0.48651424637845436
0.47814414533704575
0.47506667278622122
0.47910710160305992
0.46045390099451805
0.19828405154620282
0.2099953988104529
0.44258314374177027
0.48015555592077186
0.48772605247072615
0.48784041859468558
0.48270174055878884
0.47925540142956313
0.49555769034955161
0.48937685605952042
0.47771644323977003
0.47585533632315186
0.4879393730017581
0.48860531974605181
0.48182599872849358
0.47331688257159005
0.47389509430977295
0.47523967416173507
0.4818560613012699
0.48880226137083671
0.48402734793679308
0.4808666478774708
0.47083380850699469
0.47299205946695622
0.49238943279488007
0.48985720532189786
0.49032993677927
0.48399913285693996
0.47692579406427432
0.48134613611158233
0.47890773696292094
0.46480856663321951
0.21141371211445603
0.23247689042081909
0.44306300810013377
0.48137170771295346
0.49007077538437377
0.49504534095209723
0.4898033483821892
0.48560090072864392
0.47987851014865945
0.47485759392358246
0.4841166073606098
0.49560840070365964
0.49211627037135802
0.48332896297883887
0.47632555110161673
0.4773982859119581
0.4744443550167447
0.47892352521716836
0.48345286219116201
0.49155978476588874
0.4939250889661298
0.49155025561188753
0.47993794103105702
0.47824561170320651
0.48290467204603532
0.47962176953112101
0.48300591053673941
0.47391971152760937
0.47314550429115065
0.48308392242321785
0.47986174013613597
0.4587275967731092
0.22017017887491669
0.19958775285406313
0.44889147991646378
0.47901494067721268
0.48736496522092188
0.50047749320180424
0.49029187110639377
0.48055403382042339
0.47031009030666715
0.46945591891505717
0.48696760928844485
0.49430169905398325
0.48828768637085579
0.47828216862481732
0.46871126249348072
0.46583551726568212
0.47669781098484126
0.48478044170057777
0.47979027932067236
0.47928147456766018
0.48013585101924189
0.48516798973583702
0.4882407564990266
0.47711516171937068
0.47237848915888347
0.47591889371068341
0.48090166133644319
0.48112139650213176
0.48271280628553737
0.48617956067766865
0.48460276383470186
0.45143219069631074
0.20183329739741679
0.20971065884318843
0.44155282537638302
0.48442437266286875
0.48775803102920301
0.49539109827577432
0.4938573027012636
0.48892528144793707
0.48322255989090263
0.48688595856076194
0.48454364637001762
0.48633173434355975
0.47917932343691866
0.47218893328313888
0.47027255118070138
0.47503357635507526
0.47918302900195608
0.48031577912697321
0.47053613581966536
0.4673947437930917
0.46661119928551154
0.47924980268576051
0.48849494922015285
0.473955757624066
0.47482373242707376
0.48400834903712486
0.48756990971561304
0.49042610892048993
0.49619321086113277
0.49193043044852192
0.48271313447893699
0.46236962899340267
0.20259906502483288
0.18993858818662601
0.43973763971126972
0.48942055657337352
0.49133799096234371
0.49418928527124645
0.48637595036297587
0.48573677368425777
0.48147219406447167
0.48890054533294591
0.48411834286849159
0.48541678343026423
0.48341829727842522
0.48008261917265033
0.48343040476588844
0.48904215252385458
0.4897632868233196
0.47511956117504556
0.4706883674674131
0.4748872631931535
0.4737163343656669
0.47968167864562705
0.48566465355688981
0.4798978501216129
0.47761003981716704
0.47938293027790185
0.48857727511542232
0.4943065697539667
0.49232437253827155
0.4909786898072685
0.48694594153742216
0.4648783706783774
0.21010560788127933
0.19431706328643666
0.44560796580348733
0.49182210695845163
0.4896764711092097
0.48609900370450621
0.49223656577075714
0.48389105393914272
0.47591051503664356
0.49155411991069414
0.49204717666444436
0.48839018299484011
0.48482426840735382
0.48838844967769468
0.49562170741539108
0.49325573008221807
0.48830203546575585
0.48815355811053968
0.48830553875698696
0.48445978411947127
0.48441015745204841
0.48513349964101699
0.47880600997221345
0.48236832992240369
0.48377456718449446
0.48736301148738848
0.4836952623894954
0.48459263523432211
0.48694155132544598
0.48012708680209315
0.47206210334318571
0.4526932491454892
0.19284366176347731
0.1968039820817544
0.46417530142864943
0.50037607244624283
0.49455092255842042
0.48656311895690763
0.4916392933663844
0.49026839255159699
0.48460817487104446
0.48787279063047334
0.49688830554486541
0.4905182005502009
0.47584523385118505
0.48156798524536876
0.48531286310505806
0.48606589700147829
0.48718394101997775
0.49317077776106449
0.49846503812203896
0.49014752262070888
0.48592020314974338
0.4860406871780702
0.48730481317622676
0.48335108849356562
0.4844137063661067
0.4888391006793289
0.47897574880108934
0.48553022031439064
0.48986508696083614
0.47718566843846355
0.46060446644984715
0.44344080435786287
0.19659920625818331
0.18829768641042857
0.45110012789860632
0.49322170081996641
0.48938631816876044
0.48159528315360983
0.4882626395160356
0.48452676484780277
0.47841866515149956
0.48374300426732969
0.4982806449741522
0.49555075578548191
0.47480783061498155
0.48098569721491141
0.48404469209705814
0.49224386963359107
0.48748273792599334
0.48817700201074626
0.50119371095932619
0.48994173938604668
0.49049809699822938
0.49382578376198344
0.48044231471848448
0.47293496626230574
0.4793386770082585
0.49181103104815987
0.48289744065541507
0.47860117032247462
0.48472488010848097
0.47471921034587083
0.46582290925035669
0.45844783328699301
0.20211943894715736
0.21722069659408513
0.44170632055804215
0.47932384797206951
0.47808326186493622
0.48150737031453983
0.48219184738591464
0.48451500215153831
0.47725527999317208
0.47954747969095302
0.49708857033269255
0.49672014969016981
0.47380820399171736
0.47869484903783843
0.48363939654872617
0.49105179134358817
0.48523932513807078
0.48935212355985952
0.50102741147327967
0.49446215641078523
0.49755684188852456
0.49535778293760702
0.47811079183224514
0.46734434934676811
0.47151595916668154
0.48800828885781999
0.47842568586736989
0.47013676593750042
0.48065535619796573
0.49102688628004743
0.48332929780244382
0.47410189436743505
0.21953605620691516
0.20461171653933677
0.43661653376684789
0.47066575833136398
0.48081230313444567
0.48120480144338873
0.47562367982085796
0.47690885285505785
0.4792372424840477
0.48480177008278807
0.49095912448683821
0.48942502559762346
0.47975528219896851
0.48397900530669852
0.48023925493507819
0.48956758784464782
0.48900459282084952
0.49033531913226236
0.49683055897075395
0.49011429126047912
0.48841411145475011
0.49348658834592263
0.49550040307379395
0.48695320229910966
0.47366349892975662
0.48196029173030763
0.47989506064236892
0.46685295802055005
0.47056837845241939
0.48383264706789769
0.47388949464212698
0.45901414841152138
0.28409452281536735
0.23900401477824981
0.44348980954496553
0.48274753766658651
0.48648771309849093
0.48427583223152215
0.47634105636976337
0.47206999274454231
0.47556130123531298
0.4795604673693758
0.48173926286244245
0.48663409980871059
0.48906403288334371
0.48219859606641374
0.47841690447113294
0.49254868813858471
0.49686545566526685
0.499996610402199
0.49581799427977863
0.48091263277825663
0.48151717542571915
0.48918337105198739
0.4940159276235333
0.49410123234956471
0.47661427022928349
0.46991945535239232
0.4764337542290436
0.47821047104141801
0.47407505787771259
0.47158293196245832
0.45829094072942328
0.44487379545622091
0.17700011092750884
0.19902747088937348
0.45674715821011358
0.49094718052338265
0.4838057068128882
0.46963364201665625
0.47316333911832331
0.47534191897005129
0.47336894512035299
0.47079687128423281
0.48564602973620624
0.49126384646781956
0.48408827566694757
0.47905687423877735
0.47658329086130574
0.48383787553994723
0.48019276749796941
0.48080684991432537
0.4859611464525499
0.47906845515622726
0.47875631680348379
0.48115070544589178
0.48057859454473867
0.48070660824290723
0.47983452420345768
0.4738642098881824
0.4828961279404515
0.49934894978022148
0.49571148891384237
0.48149953751343549
0.46719192803325665
0.44381451548440143
0.19901437742907524
0.2004062673573378
0.44634568720810414
0.49079313972615785
0.48057136347716262
0.47882424943503998
0.48132111357788143
0.48122535448482201
0.47639453758895711
0.48161789549574957
0.48648687577454125
0.4955316693488776
0.48164680520417635
0.47119654465684258
0.47526318522316352
0.48005855512071999
0.46752986768040206
0.4657406027148227
0.47552754976041689
0.47592806316903219
0.47484528313127927
0.47962396505812832
0.48144329634287969
0.48204512599772675
0.48469080648915425
0.47940325070948947
0.47877398231148455
0.48222061759945112
0.49145513918454764
0.49167562185152774
0.48136711958174899
0.44872733456359643
0.18651524702690483
0.22041759210259071
0.45230862327317767
0.48847471679363347
0.48609392080227892
0.48515948958197036
0.48311469294333825
0.47349993911915789
0.47580988435929877
0.48636540791155625
0.49155228838944426
0.49821743332882407
0.4851305441391307
0.47812140489879523
0.47101138643045282
0.47863137175967996
0.48363602512712933
0.48146969737433015
0.48448643080263626
0.48103195050600411
0.48031746945895254
0.48089102935624473
0.4836636341670984
0.48317640781034271
0.49259559887718929
0.4847450371814549
0.4774351994981556
0.48246641943664181
0.49352970244549843
0.48866215324354373
0.48294140857517409
0.45749202683297374
0.2051206510438815
0.24160373044902944
0.45523515818959032
0.48863145488678711
0.49120057658571981
0.48785051617469644
0.49677352755583637
0.4860018742149223
0.48266928297133288
0.47709408551014987
0.47949214075322938
0.48783680166668292
0.48544470851522808
0.48895303275844171
0.48472211278252192
0.48043168324724611
0.49289605191837449
0.5007986009651626
0.48946262685331576
0.47657578130224876
0.47170920581070502
0.47347032265732814
0.4769464096722919
0.48527965593471267
0.49510044925542251
0.4923869580282127
0.4828042783298398
0.48602785270345966
0.48706491409824293
0.47116793721486017
0.46158474188619364
0.4500358014200988
0.2158670261728669
0.22102490463651833
0.44199174722863732
0.48382587505041702
0.48579881183245793
0.48561897071895166
0.49767892333948288
0.48750251306052417
0.47903004686638534
0.47129537063238586
0.47398189375603267
0.48025689796616144
0.48823234425021755
0.49130303965080574
0.49505203330232572
0.49191606898769458
0.50018122092381512
0.50577722935912184
0.48827303554569834
0.47865204120968496
0.47583346260414194
0.48218176129089824
0.48904757136862009
0.49297155716456537
0.50255397700303084
0.50339411416848412
0.48634762635971707
0.47521767147114441
0.48410441691616901
0.47171658628961471
0.46913452677878942
0.46004790698280584
0.20488110499032419
0.20327475567673017
0.45137601187499538
0.48632432281949994
0.48797762238391734
0.48946155441007916
0.48400841944416861
0.48380875189535533
0.4643770049921927
0.47018531699930299
0.47723680941939034
0.48444977320358806
0.47862768015948198
0.48194277029853133
0.48345378037259673
0.49034227618872583
0.49171544421212604
0.49732965796247181
0.48551609608109664
0.48040947355237834
0.48650091640202059
0.49120683827684292
0.48666344801019212
0.49290440015568887
0.50269100837313341
0.50349237500557797
0.48839938083731282
0.47477627073773265
0.4805672524768782
0.4744072171849783
0.48964510007896733
0.47319226038467116
0.22220820025309052
0.2062780316923998
0.45686558450148274
0.4850204457631021
0.48086829748726578
0.47773235876999465
0.47766823605506281
0.48291614707107333
0.47938677412688963
0.47814258086364542
0.48495076760304701
0.47988247436145148
0.48743681265560518
0.48722325285548823
0.48223988275304858
0.4893146032205834
0.48503208432340733
0.48770648147586854
0.48275384090320128
0.47873042597794346
0.47507644623122824
0.47845773123104235
0.47638314888982031
0.47924716305012366
0.48971156934756516
0.49065325213029543
0.48530154978706724
0.48506446982558138
0.48933036072244446
0.47838327798400349
0.47513282108543914
0.47007080837137083
0.20780896239455346
0.19656835964434158
0.44200216944394205
0.47338108910934518
0.47006752899130677
0.46933488951066821
0.47826494081557147
0.48640973064866533
0.48743560248654622
0.48844352544922626
0.49455874360923729
0.49506925180173283
0.49547558742585351
0.49266832255135029
0.48890021770484549
0.48236004576288877
0.48972856907513229
0.49211963229905287
0.48429780715701998
0.47088483817847648
0.46640570881968801
0.47181040433869675
0.47425810482422831
0.47836300802261272
0.48602828787849128
0.49238103593193144
0.4841360142447611
0.4847454115243604
0.49422621962741931
0.48373439846704969
0.47635490785865692
0.46823316248846109
0.21383337836951113
0.19535269536661076
0.4330982937153553
0.46920985912061525
0.46579952785809714
0.46752452319388615
0.4738007372691343
0.48310387721929632
0.48953736585267077
0.49725367228533579
0.50124642680345133
0.49381025650000726
0.48132673483899385
0.48070078613181927
0.49155889888849769
0.48522461758546304
0.47842029623436699
0.48937952163111886
0.48321627970829384
0.47879107464963833
0.47323192416537485
0.46976299953835415
0.46214584187976104
0.46776504013485576
0.48292521743760736
0.49114349768434518
0.48484977379299271
0.48308985712024993
0.49996737411717623
0.48887845997598955
0.47704853782673329
0.4676150633688988
0.24348451468804305
0.17870705185267022
0.41151265557643735
0.4535809348348937
0.45809780900575031
0.45653892503127008
0.4648794473912331
0.4687570196310093
0.47311958775898399
0.4656254175338862
0.47266288893342773
0.47457909641760565
0.45774571255939578
0.45122879910494695
0.46520126145622565
0.46201957400429788
0.45628325256149355
0.46441144762541142
0.45746423257254792
0.45443024274119392
0.45581940667785481
0.46333091934614057
0.4642970878220648
0.45015946023328846
0.45959336674168189
0.46390843397668652
0.47010815244495624
0.46686947466460249
0.47862814972139622
0.48154116007530784
0.46591196389152995
0.44348204780649458
0.20759943068740011
0.087873311926048095
0.17709759157115171
0.19330065316081096
0.19998579022459922
0.22378892336196762
0.21665869178117478
0.19188685459601174
0.22258481621066534
0.20150696639151761
0.21994037627515584
0.1972596283225064
0.22121929267994425
0.18809454205794846
0.20289236203666516
0.2056199441850077
0.22720134878571224
0.19164476796898838
0.22305515833638836
0.20252664987694108
0.22768261196422993
0.22837904826163238
0.23402352383757738
0.24453857715149618
0.19832978993919673
0.21721803825088981
0.19905793068807676
0.22603397956425997
0.21639779597844422
0.21555578100362113
0.26697900492333637
0.21272340724186151
0.087026474845879304
0.044654017073321839
0.091498770823187484
0.11373813829003329
0.097093317058950399
0.11037543365986502
0.10867671647553648
0.09830704065572253
0.079834375489968953
0.099253799232012024
0.092704035089270026
0.096939378627213607
0.1211907996247537
0.079212337791617543
0.10127676885579445
0.088315050385665519
0.086221523721720678
0.096074116010651606
0.089597386502889786
0.081285889664449523
0.083109997384360965
0.10337000241900271
0.079910829803580399
0.08986182861394211
0.090055914580243743
0.088842486118552277
0.11251493489853046
0.10499421921477574
0.081713088772140258
0.10099400811798345
0.090652939727178833
0.079186787801298425
0.052998231069321305
0.085166057005476553
0.1721745407805769
0.21105538227107626
0.1918696347895146
0.2095122740442307
0.19683614473636762
0.19989799805949046
0.19284439740622294
0.18957525359652211
0.21632123218442686
0.18519975271679959
0.19223714307033202
0.17888756846520448
0.20200057557554651
0.21367639426893162
0.19395583401277808
0.19511511126693648
0.20485070508306713
0.18534469572642664
0.1813049322293491
0.17467947917085239
0.19616694760444889
0.21349558166231111
0.16336115719687222
0.19547681712089482
0.18843486003016149
0.20755150318920809
0.2243308696744423
0.20235589205364732
0.19938296169428318
0.20275977410158386
0.080476319639172567
0.097438301644056841
0.20021382718746
0.24391109696748658
0.2269379543531137
0.18814351458045533
0.19440571453096386
0.21888125129871897
0.22731423731899358
0.20181822497821678
0.208225031399141
0.2290954602540663
0.25370894701667096
0.23557659341868131
0.24122241385335855
0.20296463758585812
0.24331345737428764
0.21380361232638351
0.21362005157381467
0.21548169687029553
0.1881690643130656
0.20605188056512913
0.20955085255539685
0.201709521029968
0.20713377925791393
0.21054422857702335
0.22043806048471529
0.21956629857639964
0.25102711467932731
0.23643864443212961
0.22268022623476399
0.2423902298800546
0.11069861561394091
0.090458289260348004
0.18398091256015256
0.18771758644158207
0.21108185618816702
0.18586765763212926
0.24291716659811438
0.18527822384824555
0.21252193326302193
0.21862632870339127
0.24484808552416623
0.20991977211009849
0.22285381366341803
0.2766305066948222
0.24054256686194608
0.22931301652980557
0.24858199707719458
0.19721055114054992
0.23921805819224898
0.25367548020384034
0.20524148649008531
0.23336729733277839
0.1959609763421199
0.19580259419538479
0.18333050690143418
0.22001956248471091
0.22108183148492014
0.233663340688366
0.2499394148565168
0.24651880533429274
0.23273547812596726
0.24140726876277621
0.084897135537420121
0.082352807348743104
0.16616481252767704
0.17790619818237516
0.20473531276095558
0.19201059177204316
0.22014589612791713
0.22446982583923322
0.21920591952598742
0.20268670567559779
0.26235686750100695
0.22145835836833383
0.24696311182069733
0.25282362229581057
0.21334720677193017
0.22809307116613545
0.20533890325610563
0.20308780720661224
0.20924797531086511
0.22433042532500311
0.21894439003114938
0.22545997771101292
0.21218552348634956
0.21847333054376494
0.22493125643432074
0.2141295630403223
0.21558950666354959
0.22740517089723958
0.22186926400075782
0.19656839066057505
0.21655871409934532
0.24967154208545622
0.079743788950093333
0.078140952670103694
0.1951673357448504
0.23297126714066074
0.22163514117473959
0.21025051156897678
0.23267102847219126
0.22546935452230393
0.21496840466295258
0.22516454748666662
0.21219246702253358
0.22542060528673202
0.21134751365569693
0.2210741394620005
0.21323059636103894
0.20731970644810199
0.22980229175402783
0.22449853926952454
0.23559778522010644
0.20498358381834753
0.22056708895750937
0.21454397676229309
0.19483634383184939
0.25278754389618241
0.24553541001898277
0.21709322369621101
0.25059825956084081
0.23243365624828918
0.194047615018967
0.22570326794386827
0.27827505991442064
0.21321812379565069
0.087268656680672296
0.082938631752792077
0.21502849541926941
0.21599963232965957
0.20511125275642192
0.20653484594300306
0.19699555314453349
0.1918166023090698
0.19299953211608564
0.27852040019107033
0.22003930390721477
0.24004441911527322
0.22112062599349175
0.262886466635258
0.21019146204414663
0.20101617153108176
0.18653475830828928
0.22505222007249459
0.19625277644005401
0.20807415271788857
0.22975060827646776
0.22553360238043227
0.23923098766896767
0.21575259891626727
0.22886297416712292
0.21453332112425624
0.24082167738284502
0.22935610550578509
0.20027388766829565
0.20914942783349041
0.21914757355375611
0.21414756773746435
0.1042143255896384
0.077500327917336215
0.19050002897816554
0.23273598410854179
0.21816617415323106
0.21317072301521803
0.20121138778242137
0.19353248650687416
0.21384846737946248
0.23343227331962035
0.23873702947108985
0.25194082021003172
0.26286752265416585
0.19975679617276662
0.20330613847653173
0.19465622430690574
0.20666161166819108
0.20205245563725274
0.20549727091898848
0.24659814672928812
0.2173680429759626
0.23748890591392927
0.20626319224295858
0.21191872756006999
0.19549924959867424
0.19241941888605421
0.22171312186712183
0.21764935493686813
0.20439921632690219
0.21112513309928993
0.20650291979321425
0.20800237433031557
0.08799533314882764
0.11467245555241225
0.20950312190151299
0.21021697290646071
0.19279167396121358
0.1930965980909958
0.21636568522691232
0.20502418860747962
0.22547951319911652
0.2286760896896862
0.21828982381149331
0.1949740763188374
0.20735688040672925
0.21371172541700537
0.24107506525431358
0.24253732304591505
0.22117966004094844
0.21666481054538095
0.22369159335992803
0.22201163856049744
0.19035505917611664
0.2120432966437181
0.24582963515846643
0.21513925480956647
0.2006352373582086
0.19733946685210874
0.23424886666998834
0.20792731134710174
0.20151217894440185
0.19864557672360916
0.21515440172327502
0.23548875632009381
0.087309864619295463
0.075781396677484153
0.20759794105287238
0.21310764009010952
0.20935772948441753
0.20160510753986086
0.25345001300677561
0.20357434113839878
0.2163308263094918
0.20805112224106773
0.20351350896705597
0.19382594324054217
0.22052486484125164
0.2178940671803089
0.19713565718742079
0.21287826171243068
0.19946855549018105
0.207325870643008
0.23932916268990134
0.23470053772900057
0.25706095498575793
0.21379379811203522
0.18474801809388905
0.23508409350111706
0.20063198110669525
0.1986571018702471
0.23588216986655131
0.21952906518315848
0.21199423160955413
0.21802523396604531
0.22150366796455301
0.21332301987494687
0.11608045309726626
0.090195110848332774
0.20669616149708869
0.22061040104359986
0.21129673346386732
0.19872710030301166
0.22456725386633802
0.20995867077295569
0.22416312808080444
0.2050896019895832
0.22525747210742694
0.21399871698617881
0.24931975077196669
0.21362176479971878
0.21482473563762744
0.22528019167148711
0.20273249382311831
0.21641104936206892
0.21848095714959651
0.22428817949840879
0.25172507454052778
0.20419976008767554
0.18092424191649054
0.20621393341572525
0.21405174340592972
0.22754449402629828
0.21202081266885658
0.22048518754009788
0.21543614544778494
0.22404781252019371
0.21413818097687359
0.21292518534968877
0.13986433305357779
0.094634331537210487
0.19926410561850244
0.19470710643751943
0.21623367201578245
0.24671332581358563
0.21157353525237002
0.23721667503796073
0.23012304691040797
0.19980417691649643
0.21274116173819707
0.2097473193151588
0.28760535683965871
0.26210292633618271
0.22754305986186726
0.20677477682652784
0.20119175254243776
0.21624218753557345
0.24518196540012566
0.21131477121588718
0.25938673396491768
0.22941666977942704
0.1834901562014386
0.2189622947204011
0.21716989538268733
0.2203962933492139
0.22640105645409753
0.21590437960889211
0.20466330218841208
0.20241338856775473
0.22459598589095711
0.20444043240538923
0.10102260486568014
0.077365794465818358
0.21634125393621056
0.22101621718849684
0.22502408507399119
0.22664160171571732
0.27561652149018251
0.20449989773191515
0.24300957649835883
0.20138387630795712
0.22463400494936528
0.19579044091908512
0.22363769671544212
0.19976878369377815
0.18738406884679223
0.1886091633390109
0.19325894393824239
0.2033827168438245
0.22480664415607662
0.25234702627625666
0.19605574355911526
0.19458852432562704
0.22660114387638483
0.20653846521672703
0.22275635265023733
0.2432424496441293
0.21540012308248446
0.2180183557240323
0.21820410941402882
0.19646107841687038
0.19606775461335421
0.21750592268206428
0.086898392037504324
0.078360825473664741
0.19101167442256348
0.21649957378555315
0.21160890173331795
0.25161424544935157
0.23442448588138742
0.20308727254930747
0.24387561936478863
0.23842816732584277
0.25741428221251594
0.19827533397643679
0.23353874098160385
0.2160255307299217
0.19715066604522319
0.2100705844466409
0.18502097736953013
0.21646966075819146
0.24242729881756894
0.21429588776749875
0.24558329546422381
0.20125086356579852
0.21811266610607269
0.20772367104056766
0.22258275668893274
0.21876863736404714
0.21627339825367786
0.22770504179536954
0.21415635530488136
0.20220721957381624
0.24928673248480648
0.22968917468128475
0.12502341686039808
0.10981995607465858
0.20045671650434432
0.19739968202035446
0.21289331789759794
0.23196461289293585
0.23335516026313544
0.24441403876750081
0.19648494965265001
0.21639803077589803
0.19401553315992479
0.20991575568975743
0.22232333668912804
0.22788719168711341
0.21721257078967912
0.22045069976909024
0.24272212157363782
0.2050404633612502
0.23825137730811219
0.21017736751729357
0.20917730549647076
0.20909862956171463
0.23514006607689153
0.1910543779955732
0.20114094873199775
0.26064791985151214
0.26853298755797544
0.23560435849098546
0.20805598940419662
0.20598784082412447
0.18993172891629784
0.26336491907401149
0.086646497408729067
0.14021792045190881
0.20011430210502848
0.24271770086453087
0.19020442089220807
0.19973595515802434
0.2524882565886214
0.21573505849713895
0.22278703590209387
0.22706611638197727
0.21822466325321399
0.23031090762671208
0.26214380400604426
0.22337901444406463
0.20445620469944004
0.24670923465824729
0.20856294719559559
0.22258805635088361
0.22177424522928116
0.20376622413553572
0.22839845824944646
0.21262912914879636
0.21191766095329939
0.24930374887655249
0.28663963568341722
0.21201960004751286
0.2320180443129789
0.21989243099502223
0.23290383449483415
0.20152110764592465
0.21010432032531917
0.19229394716303144
0.086079325376892335
0.083680625480472212
0.19097067227086598
0.2205600191098484
0.19618853545675818
0.21405531207424877
0.21953169734556263
0.26793143579652368
0.20920664140103928
0.21189427929166907
0.20333657886552972
0.20776420518607361
0.20329772856229972
0.2038670986682096
0.22588934913326311
0.18274062574651176
0.20161325446817771
0.21975302079948245
0.247916719418948
0.25078660766583888
0.21760051423489871
0.20289165715999247
0.21276142300794756
0.21760439476761126
0.18319217161699286
0.21363941431584071
0.22239717008102455
0.28232064726637024
0.20684516950934956
0.21785178925393889
0.18036889248205604
0.21538461598940001
0.10527431974405893
0.085103831065153249
0.19181397972813208
0.20551349004421907
0.22452745612212072
0.1997455412654518
0.22237147614703731
0.18920566835292046
0.20881385963114948
0.19484559700353238
0.20112509348603044
0.21475609244107766
0.18706773623934556
0.19687499068308167
0.22128837225535114
0.21797312511155817
0.21716589338374789
0.22169620258495704
0.22106716897650444
0.22986450117739407
0.20781228099843396
0.19365427487231596
0.20912542466276371
0.22000392456365259
0.21820452199791535
0.22657567739850115
0.23002127471590827
0.26586719017556926
0.26043078132233716
0.19724560124910931
0.19135394852069401
0.19751937939165404
0.12635184359727683
0.10647200454850585
0.19081793062588462
0.24432810465355329
0.19805364213301654
0.21416134150873034
0.23723015087788668
0.22036033364531271
0.2149531810176227
0.20519438231093157
0.24174125226422533
0.21878429797948062
0.19139116534330755
0.24272752965886066
0.2077750366809514
0.2751133242340103
0.23169898473611997
0.195959079918614
0.20150067445689254
0.24030842030457841
0.19206549233009632
0.2362664430004239
0.22848152112676737
0.2131063838245621
0.22180898099473698
0.24795869368840837
0.22479595032319702
0.20289658684595718
0.2105134702536646
0.19751904324099112
0.24913857238651596
0.23796995254786588
0.1195516421411127
0.087070266464820842
0.22199685529896257
0.2197942216344618
0.20807300677819682
0.23480783918224904
0.22556592612849569
0.20711093304290576
0.21855362287927593
0.21974638992968265
0.23004022204529689
0.23915512550991339
0.2299566560906621
0.21736990232178877
0.21392417487412377
0.21281087685437911
0.22478464620046457
0.21972298321877695
0.22791241401971724
0.21326198584232472
0.2358274897815987
0.22822836816626105
0.21613377699917688
0.21651244569180336
0.2216768862970874
0.21277431301379299
0.20588099156755393
0.19273548273625818
0.21426420244331323
0.20430788862422752
0.22271460378427776
0.19953678937604724
0.090498324752944212
0.11868675342405101
0.19254638692248283
0.2057856439701673
0.21830877123922879
0.22242684294002218
0.20531855458020851
0.18907686363119922
0.21224496720136823
0.20655579674201052
0.21404043533080527
0.19243811711128556
0.25480291481867051
0.20299138941126105
0.22571310655243479
0.26734655048312816
0.23713522558595351
0.2181946287534362
0.23579361494530762
0.21714200871443143
0.23624217732226316
0.22545494334773641
0.23345085493279449
0.23179864322213861
0.21471420430280222
0.23764502836033496
0.2364248273864894
0.23493715198536955
0.20708661405675705
0.21988708368945933
0.20361851366461678
0.19650718004038184
0.11230136118242139
0.087599410059494939
0.19288305557735372
0.26451643789995199
0.21319660672041466
0.19459765619856992
0.21257051437001478
0.22416880514223478
0.20311290817125929
0.19136027080704879
0.22352491590423978
0.19002960837416463
0.2277123323709403
0.23795408883377125
0.21736916498905801
0.24063337516134081
0.27659043854246562
0.21628717728234348
0.2106672368860254
0.19853975434275375
0.21744780672898481
0.25830385181474724
0.2407801364157911
0.20814132265128074
0.25466551714305352
0.23962529114423115
0.20561125409965406
0.25762129282251556
0.20800697054497019
0.24413734644070495
0.23848693251434036
0.18890890597069307
0.10800233624988993
0.080344926528673907
0.18613602534297466
0.21873799352422288
0.25468270622292416
0.22204110283493858
0.1830670354031074
0.20027977757618476
0.21956910650450981
0.20281785773754452
0.21081187147317842
0.21979094324893211
0.24315920321249479
0.21923017083618018
0.29243638177120485
0.23475635100755854
0.21423160064095073
0.20257561114622807
0.20377148005665524
0.20955161634541219
0.19188676836510715
0.20564766654274477
0.18929290225004194
0.21358902070543032
0.22775227005959167
0.23567270938326429
0.21346761994569638
0.21305353612618785
0.22791948568699447
0.31582993709671409
0.22991699955212372
0.21195440647440864
0.08565015912644644
0.10032108242010189
0.17603922886032733
0.20398483573319193
0.21792724994263113
0.2119537434946967
0.18739470119635976
0.19326125151053711
0.2193916748123648
0.28793985333316036
0.23912226311215565
0.19880278897101236
0.23518399036945353
0.2057393792650444
0.24592671982340927
0.2213572672935859
0.21438334977197548
0.22302897182939527
0.21224347619663711
0.21335263035791185
0.24105941648285845
0.20926254917123985
0.23622094843848532
0.23166287758008161
0.21780339384761321
0.24578803877967595
0.20191960631144532
0.20607682417517828
0.25655283545618435
0.20158419568754526
0.19939038530464895
0.22320044502788031
0.079755344794198005
0.11160615213859208
0.21176204286568001
0.20389743026351281
0.22266808244386088
0.21189478802129108
0.19289843253869865
0.22431632583511857
0.27294745608388826
0.22095123300518577
0.20422920431645777
0.18460831254288015
0.19239029317298142
0.20671154745650142
0.21694534389830503
0.23191266607904812
0.22791410598784995
0.2162180936291771
0.23104449221343976
0.21192547646943088
0.20948833950024032
0.20741878666768224
0.22564338257059519
0.21059195021384944
0.19821752489059513
0.24784069192237207
0.30955645203330534
0.21554536675151717
0.22214215598684064
0.19073835744335818
0.18034692158564769
0.18385985389598808
0.081295013158054971
0.087244666067753482
0.18262978155622384
0.19928604375135889
0.22450687020335194
0.20370538944129093
0.20750222806987856
0.22778543826681485
0.21756800698938572
0.21886506674683154
0.2166380388174757
0.20995546249202723
0.19091465103972766
0.2162757283285586
0.22518296706098131
0.21567550752762893
0.197495380547583
0.23363802783548604
0.21752901487840928
0.20544272752843537
0.20928592298188123
0.2169832704253947
0.22991528796833574
0.22267447189085904
0.20246018076388894
0.22801131569513125
0.29222974381268013
0.2049608118268024
0.23954402791677379
0.20335736179145605
0.1953824693492707
0.23472870948780841
0.11373592684837508
0.098611520565735411
0.20975255438770155
0.20590746414389591
0.21624891877415031
0.25365698892534605
0.20169518422516869
0.23124464711173687
0.20284649466880983
0.19679246053546698
0.21091637318033971
0.23313860829582708
0.22152338855761669
0.20070619602004336
0.22399150028604617
0.22333284814821444
0.21857138247298272
0.21767720255267503
0.23998525579133095
0.20989610272541231
0.23112342710753098
0.23405240389949744
0.20175581609938131
0.28771302072796395
0.19784771474035293
0.21354658824491435
0.22091606170894479
0.28676540495667724
0.21713712640629784
0.23703520196299779
0.24114196093555337
0.23630012128879807
0.11271377598491314
0.088087465000714529
0.19705365776893677
0.23023584381965928
0.2149975479527283
0.21241075832368086
0.24317931044983462
0.22394677974936297
0.22178910361862456
0.2287930212842256
0.23845912710103229
0.22619014327278417
0.22955252024498476
0.22588403809674076
0.18833550955882766
0.19729933941405173
0.19710813936929045
0.22230974119284114
0.20147691804104201
0.20046498109159863
0.206092891936729
0.23456913885640843
0.21430007771773213
0.26798774093097111
0.21594292825145348
0.19557217981096503
0.23338420523318348
0.23152164930230354
0.24451646796998772
0.21334648793941857
0.25094520529747721
0.23796368749469984
0.088589052776589988
0.10186464006163753
0.16805057769548007
0.25623174064335702
0.22166734883499156
0.20370743473778558
0.24447453759920806
0.2049205149980349
0.20749317186711083
0.22549910040468696
0.2272493412204111
0.21596955668130743
0.23404378284244759
0.24974955618424452
0.28579942414021814
0.19198766775517545
0.20905285720795813
0.22113436466553754
0.20113145006866137
0.22611852328162924
0.19336892840060269
0.20796548344764856
0.2060710284428719
0.21836480785471088
0.21312743357310135
0.20939274383012904
0.21740023942430681
0.22478826558614284
0.23795308779232507
0.24504386025263217
0.20850955486203113
0.20295365602538087
0.10351075981931955
0.088526731375048975
0.17553977678787203
0.19177562989266167
0.20430371822986126
0.20280032021426425
0.23849814093239707
0.21093721018430123
0.23673448984501416
0.24594228839811536
0.22804533790653761
0.21840997271556345
0.22643813337993823
0.19524825082265895
0.22743352238631631
0.20156043076014346
0.19719314323708467
0.21215450866411528
0.20629805953879385
0.22783589640822202
0.24660224729706609
0.21701349696579569
0.19224319102772197
0.2117704225612731
0.25365167852442461
0.23514068417709527
0.21288178694469759
0.22732166284360172
0.24780653612416934
0.2271449015060315
0.22583199582584718
0.21903817900230568
0.12587635511322695
0.081036127376709718
0.17640368560173789
0.19668285531292112
0.18665475417490948
0.19114062147592789
0.22838095031541211
0.20750024568541023
0.21314912194176736
0.23203215030229299
0.20075514534569017
0.18632462504376121
0.25460604889366489
0.20903072075730536
0.25261410286296432
0.17825327013332401
0.21220882276796943
0.20932467605846411
0.20592188926721808
0.26017848156761486
0.19806883294015851
0.2078716257545451
0.20156112920001834
0.21578537382716123
0.22322610094004214
0.18876031916058844
0.20010716085733549
0.20401354523416862
0.21547415241248477
0.2071156786759252
0.203285003842575
0.17636690598973942
0.081798198431644431
0.058814459777534168
0.10581479671427553
0.11593125644022174
0.097307588027800193
0.094866605475528692
0.11196873253924418
0.11475603703988296
0.078722217491875662
0.093014462848185792
0.10246296270526312
0.079604295782851109
0.1152634499437678
0.091147883518737566
0.12017615442769695
0.098640442067550363
0.1069923854980961
0.13847043253861333
0.097340178403236444
0.13501644584971748
0.12337342493743508
0.11090268261850053
0.15330738986833176
0.092439411581779235
0.098547610793086091
0.10098035636073108
0.11949238007417984
0.10316621322996729
0.1163102641526282
0.085131576484683058
0.098169903729762212
0.11257442252812457
0.040287081501219242
