256 40
4022499.2581782527
0.11944745667520006
0.11158984394649812
0.12755407873399227
0.19574658176984547
0.1531685502221492
0.099477055985823973
0.11212963311175345
0.1339133262810287
0.17373374040548104
0.1101234351651955
0.12724589022090455
0.10591246480087187
0.10652177442039389
0.13948091003704202
0.096980853346557941
0.11512220559986912
0.20480112324322988
0.1016422131481209
0.18582828226952031
0.11537584834015915
0.11340713852711716
0.12538116246043593
0.11526648672259292
0.13176875657601836
0.13600275548333166
0.23377489531967161
0.12340275024596352
0.1140807134252162
0.11332386086001803
0.10457230010935968
0.10846502541314877
0.047913672022532189
0.12849046003211823
0.27018758060824966
0.26956688874982082
0.29389827268053842
0.26081631130153704
0.23161246051933199
0.24480853516229276
0.29256837596038854
0.24592962453856734
0.23354401699988384
0.2227063381035603
0.26162177485973404
0.27215076857470538
0.24502508201352932
0.26127091386540052
0.24320279144927165
0.26163345614705658
0.22034248703142725
0.27150379939765962
0.242791111627534
0.28056231906896872
0.29430502122157676
0.27260605582305775
0.22134316057267567
0.25773446622496299
0.29693376682770684
0.22237563777725605
0.27539721850283166
0.24650189459886615
0.2394766884584674
0.24200152907491684
0.10519240571045987
0.12741455710304367
0.29468501711723816
0.34299692160296397
0.25728116561203951
0.25733867550014938
0.23665593282218644
0.2911415817151668
0.24010541148411851
0.24619663331543651
0.31460343475117408
0.24891291089718054
0.24884993062780555
0.24841418594679751
0.23343047791675475
0.23256200526162565
0.26552657168851673
0.22964848325251824
0.26840751093352794
0.28054348950347791
0.2898644687755601
0.25586210579202479
0.27997066674504495
0.24361689251306828
0.25126492674487944
0.23039658826256684
0.25798151096974914
0.26955530011943463
0.24323348121005123
0.22275791719798041
0.22730183904712747
0.23795037414147216
0.12390914793891099
0.15513299577846881
0.30498393863233403
0.24468786523772951
0.2262165766350003
0.28882585097698293
0.21872638205440798
0.24911953850579407
0.281673564625045
0.25501891100622548
0.26364112682634278
0.23052652293320933
0.252069990368537
0.22242694344093691
0.26092426897705956
0.24022815736816489
0.29313960219415658
0.33184658474625933
0.31967628243345247
0.250158037214535
0.24214374673769318
0.24256117165111712
0.25387969639834584
0.26579877474384911
0.27037431474851936
0.25847365548348583
0.27098067941903986
0.23236080955536512
0.25216085785540465
0.28316646959831299
0.26713727244740465
0.23062159690409967
0.19496404953667157
0.13215731509287793
0.21699765537311388
0.31539398223452841
0.28291624115506248
0.25315539649619495
0.2998614220675016
0.30610201000595277
0.27121710862811083
0.25075743529403494
0.23522069913504914
0.30070583720034838
0.25785481387253845
0.24967074588608537
0.22556459719210348
0.25810210811361539
0.23253205865846943
0.2542111533932217
0.25688100789537599
0.30280763363198371
0.23876335639206159
0.2642588352804498
0.27235226857494016
0.23181678398122568
0.22032934831113524
0.26776905052110911
0.22216772994919792
0.22999262129998785
0.23212600931336541
0.24800379047272261
0.26974019410478306
0.25163683335560244
0.16055221940276715
0.15027639573460944
0.25280698524163336
0.24045263803909425
0.27556800303301165
0.23838062611442409
0.25022800730992362
0.23873142433157388
0.25150629456066476
0.23899327557356081
0.29874717817638025
0.24152557433185429
0.22532469572560784
0.2814956963516187
0.25478869282362476
0.22879317761277976
0.2566667668360908
0.24629782606873252
0.2602729116416142
0.23957516205556897
0.24386030341170126
0.23819746753336982
0.24078073509035669
0.25414254665426855
0.25808569500513634
0.26702082172140373
0.21448054592415908
0.23008864012159833
0.27968066714163847
0.33246661602841726
0.28592633211823176
0.25804463109035969
0.13117003061629365
0.12576761340749054
0.2556568477509138
0.2462190050136713
0.23814372380508286
0.28789488977048344
0.24732835402543255
0.25990987599453003
0.24423211147230403
0.22600735823483653
0.24137346974801635
0.23036694941412184
0.26857821137496501
0.25637935064887923
0.22139393856532993
0.29509742582497817
0.24543391218482252
0.28057017227225056
0.24045398934081105
0.23426560923225559
0.22384009420494924
0.22729403689444569
0.24220339732004137
0.21967202293512511
0.21667965365868533
0.22611656037868352
0.24087087567107451
0.27287928645031689
0.28134564731849465
0.25456332091545542
0.26916474023624126
0.24902670847613573
0.116470363917797
0.13767734062417628
0.25880141768850978
0.23825079813424332
0.2631623732573698
0.30301653776656906
0.26847322432757181
0.2700314516237044
0.23286884427243645
0.22124120389067903
0.24149453371170029
0.29547985677978506
0.2567968492185253
0.2481592219497416
0.27003389681147255
0.24531471487126505
0.23043934227042603
0.25756182621518253
0.2646726911362996
0.24095762641649432
0.25887050660590899
0.25327415961707483
0.24646337590191389
0.28577604712394633
0.24372362319336241
0.25772332411655202
0.24737066212645759
0.23046132979335707
0.2498845369958336
0.26618967430467877
0.26619447778498145
0.24088908846718374
0.10914040220771186
0.20470873115540858
0.22991609788547598
0.24452353371378893
0.33216837596971971
0.2186632861204422
0.25322145289162146
0.23861307215321478
0.27122936477005349
0.25132240860617971
0.27790488791224194
0.25902142041448112
0.27470708000026189
0.24788913988969957
0.22130911943872006
0.2563815750758045
0.24199542066012772
0.249034882099958
0.25471434173474933
0.24161737791312241
0.25578814517339454
0.24819810510620899
0.3317428745614095
0.21914928711807038
0.24007121666838296
0.32839985525221388
0.24585096392016195
0.26488589420387404
0.26404824810562538
0.21282123819531812
0.24805522140747768
0.26591956443692744
0.12878110759228706
0.11780846886232674
0.23904111013221399
0.27704570176766619
0.21966551440450094
0.25429392564212311
0.23811985389916251
0.26780380990979441
0.23110314294323536
0.23893772576914801
0.31455629516110295
0.24651025995674758
0.21320832171434248
0.24169808310578059
0.23527373098626542
0.25873736116547558
0.2531970818441317
0.27131477698373802
0.23605709516522463
0.2487298624650712
0.27733006804958316
0.26081534767400766
0.24485052151568279
0.28129131973580856
0.249442263996344
0.23182118145595684
0.2815698558390568
0.27213511230371745
0.23779008402691926
0.23390766559634449
0.23800485723226625
0.29970484821158633
0.11084488987167149
0.25016618706945437
0.2318667840006079
0.22381044414966433
0.24179182527847654
0.25087563557887455
0.23922995571947694
0.23416250139314221
0.2773967323474405
0.26290304123247271
0.26817814006976431
0.24438704370204212
0.23806413418446595
0.24716802837437873
0.25944821920011846
0.27026019006766377
0.28711345991892684
0.32863947239355784
0.25924332149699225
0.26838069399026271
0.28607403508684764
0.27566643649807998
0.23394296020425115
0.23397934829142591
0.23948664643867118
0.23974948312919694
0.24204215185870978
0.31080753850742426
0.23329266736553264
0.2661150687147375
0.2447583801722687
0.22344578703522702
0.15622923041811998
0.10459885059709251
0.24177684863020366
0.26056902331303688
0.28240864496075468
0.24147841334460657
0.25234276639335479
0.29080066110946118
0.25520541893666771
0.29226334498879625
0.23237038345033614
0.24140127350952795
0.27483479698678426
0.24349630554553303
0.30231485594122287
0.26226729224931838
0.23913107249190216
0.21169291391226841
0.23500369868426163
0.24117126123682434
0.26563334886918777
0.28890607073738894
0.28154236261908627
0.28765594047033194
0.24800141720690333
0.24905730613417321
0.24637073214408525
0.27176164978179762
0.26205788695711518
0.25826127977699748
0.23211619306502557
0.26055547299243526
0.15186954439581205
0.1728742011513705
0.27829411593013798
0.24720554563063948
0.22151022280689101
0.25541453081344062
0.24841961137805349
0.2385837176257298
0.24353539744970804
0.25417012232740732
0.29289003811894837
0.23560476624980839
0.24386676050782966
0.2642826392188854
0.23918177722658118
0.26518480421851431
0.24560890577361655
0.26790998649433967
0.27627748456733808
0.24288747245052897
0.27532105117614686
0.23778813973478635
0.25567014854454873
0.25994838152204736
0.25625237163921066
0.25461217765021404
0.25304581168496132
0.24123755585400586
0.25959574837940158
0.25376779727418974
0.23750499245149165
0.23261078367178958
0.11274873338477243
0.12471980920126058
0.22859344014719368
0.26695644167607546
0.2635251199335702
0.22273082270657452
0.26869896613854
0.2420155689685545
0.29168867532541787
0.23469343846115409
0.23662211916655537
0.28621865986280898
0.24961668142848653
0.28114712863973834
0.26189453876965446
0.27344632355521231
0.24243046082031891
0.26114951515427987
0.23990759544397092
0.2464981120375252
0.27011571164735892
0.32204606660141305
0.21296574403365173
0.22596331977056089
0.28745045034859829
0.26317287913087745
0.26292828460280165
0.24434820009199082
0.25433694812607027
0.25845528532652567
0.22765522182477801
0.23247569718451544
0.16847927353987721
0.16914080493649367
0.25203909401252711
0.26375354046587651
0.2592355362203459
0.26188099007463506
0.3261910523632629
0.24467066564756149
0.23627315413552469
0.26999542380773045
0.22973366996993136
0.22372011360511015
0.32647134841096503
0.24887767993421767
0.23245809865403153
0.23855531093932283
0.30098236775836018
0.2560021518408126
0.2779010393587244
0.24829141812171987
0.23419895787994582
0.24218390881903792
0.25389826674827776
0.22901560504028134
0.26001063894717102
0.29523072994805538
0.22357991557520721
0.25308153038705289
0.25783583756317646
0.23213685064528447
0.24768875458614442
0.25323516751440894
0.11765572318869447
0.11139355460273914
0.2399470365693723
0.24032705566192125
0.26887347387383598
0.22538430395258505
0.26529561264922458
0.27267323991776704
0.29230251586083755
0.24482471466579089
0.24366474303661034
0.2415151015604628
0.27780018496958359
0.2792197003052071
0.22906465326257647
0.22767109304901115
0.25695903320610242
0.24502496749801589
0.23615271866261819
0.25066517283187473
0.26786289524496348
0.24253796580947873
0.25108259612639428
0.23583212812152796
0.20437357678493229
0.24346067904729846
0.27846333461990008
0.23024782500943083
0.26643388923319339
0.23845246932843878
0.24206883082216871
0.23352222992482055
0.1168803202715287
0.13239547106926364
0.24947811595841182
0.23576356873575974
0.25903902564203052
0.26666527008095503
0.2448178915509685
0.25212872625190014
0.30585781226008879
0.22983964195586576
0.24629237339321919
0.23558495037242463
0.24121899084373929
0.25392333519030724
0.23337930884799066
0.23764493253656446
0.24975636433961051
0.22696123237135141
0.25454549888665678
0.23517500538570477
0.23340641350263258
0.24039607976910615
0.26270791829985857
0.25368463077567938
0.26034024257409771
0.24550758762543712
0.28249033912756855
0.25472006190208524
0.29292542576522357
0.24533255687095118
0.23492576337918325
0.28600388962408974
0.11474757879005629
0.16044970088812999
0.26119600131992504
0.22799929294380211
0.24657168214123354
0.27849505237927658
0.25461270735708125
0.26139465475871543
0.24031323515069741
0.23230733825564742
0.28458982164032909
0.23088182510012223
0.28318933479371144
0.25925019888780959
0.23731238829818987
0.29340979653454435
0.23292054419915145
0.25126113182604981
0.2599009934729884
0.22731114768128541
0.23873248463742075
0.24195229865740248
0.29362680996656121
0.27110071737691932
0.21197747009987983
0.22072275397750901
0.26454828327458918
0.24806502816372944
0.25715545369465503
0.23501564718469256
0.26251823902251148
0.25033586820936693
0.10855446676827595
0.13497418950798917
0.25189601639508935
0.24174126228287451
0.28431938978695998
0.23803004061688202
0.22464027631356642
0.27428622724524321
0.23770912296120864
0.24347963692699445
0.28542070324633706
0.27259222992253945
0.2231308956187697
0.2535554082073137
0.22507017273971808
0.26712770698069632
0.23539567315656973
0.24130856293511407
0.24313531778360195
0.2194418285452053
0.28702633610479816
0.23823127978052974
0.24883585937111929
0.22113000340324568
0.25923652394878893
0.24165243961390584
0.26586786175102484
0.21986065245573566
0.31733488545789812
0.29038537295109212
0.23861340933988665
0.24552151561707208
0.10750350491550704
0.12978039397582086
0.25314459411392254
0.26320686147813033
0.24689523896393123
0.28282890581826792
0.28718389920267634
0.25209255476210324
0.29165699034562231
0.25896330286625524
0.27656416623974445
0.2174086179586194
0.25814573435505167
0.2420713139790841
0.21902196535173421
0.21495861896912832
0.23296076127257495
0.25206609186915829
0.24589342034827719
0.24589246457462924
0.27285413513481471
0.24083884155280574
0.30452813046699712
0.24678210402690282
0.29356805137019737
0.25889789788988288
0.26532108464851345
0.22379841544373652
0.2544198137364459
0.27006086555764508
0.2512610509812937
0.27339382926366479
0.12145554846145122
0.15170139959983611
0.24136426591317647
0.22834644480983735
0.23933919924807118
0.24384112358659818
0.28951669295635035
0.27771267895127966
0.27473001632095717
0.21895844283398561
0.24435791000822546
0.31286019975136131
0.270813854493897
0.24841400154161714
0.24374598701221001
0.2454577766101245
0.2562152012246251
0.27586825488987465
0.24770049199691802
0.24656801399410308
0.24659403561122192
0.31765063043173192
0.24952624933170692
0.24583325740439124
0.24853707274697545
0.27976868059274307
0.28059381735368483
0.28824594365101841
0.25596407854438463
0.27820082887168601
0.2280357836302622
0.26275290252722949
0.1397968670486251
0.11701843753545578
0.23566371851305512
0.24074494821141484
0.2325412941736337
0.27274788723972632
0.25199095934699828
0.25093907444259977
0.25894040833565884
0.25573607256024966
0.24206158893730484
0.24204293646687305
0.33416098282948736
0.23289914896277367
0.24744386224634107
0.27709740445673009
0.23743589993153741
0.24403466703284021
0.24235596158060949
0.25836190670696385
0.25486800681169325
0.22624227696399776
0.25173592025795416
0.22565711551308582
0.25054315264582272
0.27456366101097907
0.24313311398221307
0.25673740504820852
0.29905095100492107
0.26380711226647402
0.24517709121218406
0.29644159382354734
0.12250601428884786
0.11993950371954699
0.29454445572908916
0.22774808353896955
0.26306881057382514
0.26271325515124067
0.28765435235540759
0.25643463220958429
0.25811141416101235
0.27580474402769622
0.21609925930314741
0.26183077276384431
0.25086166848365737
0.28998043442576377
0.22135218886842889
0.23745690457866089
0.23759857420971983
0.24079339134821462
0.26665056170963053
0.26793327477222145
0.31244554861933721
0.25132883334108524
0.21732136403707444
0.22285686078833908
0.26861256645351184
0.23629987458814364
0.24515936364586566
0.24060740456832982
0.23924848042776992
0.23974107809936832
0.24400508383185196
0.24121882011355839
0.18509545824915574
0.11766925791025493
0.22891544421896076
0.25603345419383083
0.33090708950068226
0.22586981152256913
0.23898875542180148
0.23064499240992364
0.26099840397262036
0.24993917480478256
0.26937321006675402
0.25707002187867667
0.21629672096329819
0.25487065586449753
0.22363181627016471
0.21806383208853328
0.24617732534733205
0.2709526230757619
0.25895080375578983
0.25817549601424383
0.25589745884898218
0.23452498326400933
0.2288976772016752
0.28785012973876828
0.28775311331430942
0.23294272356401727
0.26692075338271687
0.21581285259670227
0.26720265179916231
0.32673372912511361
0.22545319217385654
0.27182609838270505
0.1055816421396448
0.15408195244009079
0.23020225542626135
0.26148146864793531
0.24342516360309976
0.24507081182113918
0.26242006993400102
0.25023321270731697
0.2567403788814504
0.25423796413441563
0.24102641904477012
0.23842683322119076
0.2304376825312543
0.27141566509703735
0.25565324278412227
0.24965804486396212
0.29361877686173482
0.21101344713861467
0.27641352033228839
0.26287377429343595
0.22426016195617701
0.25786602297809108
0.25015140658697471
0.25898480599896101
0.23037135594749228
0.25546633584768746
0.25184126569231247
0.25157238341601257
0.23775706197450105
0.29917826302550665
0.25238826842608375
0.27429071162998758
0.13168959907214231
0.11999595568311798
0.25151695731252127
0.28140018880460504
0.22114018765666354
0.26721470930437763
0.25422685336261336
0.26243276702557744
0.27768905367116059
0.24559192463471066
0.2783290356224104
0.24419664129180341
0.22907331285592619
0.23981579753757182
0.25822208298400429
0.2496346695371634
0.30554384279173558
0.24695153152266217
0.24167441225113348
0.23297048983819546
0.26375898001928683
0.23781075063136042
0.21518613713614021
0.27611833179592765
0.23096476659376583
0.26557100374158193
0.25136868412985836
0.25228894281078257
0.26315503910009314
0.25447259243923309
0.27011769356345672
0.27632774890233447
0.14154678454284766
0.10823994613108838
0.25017937828683529
0.29039228924722515
0.23996097180231266
0.22919196936093306
0.24294545702511719
0.22595524459815275
0.23858848156332604
0.22767548629305856
0.26808706410330824
0.23901407867490718
0.2487002728517817
0.27250201430034904
0.23386139709353726
0.22902932215818458
0.26556585443297215
0.28005536431438754
0.24522374931456012
0.23480395056387243
0.26366530952095207
0.27317230839046347
0.23454630758041428
0.27746631805314104
0.24494779020846186
0.27126839438604389
0.26927513136374792
0.23724615480297676
0.22837914097091713
0.24460523320592173
0.27443539834792685
0.2564725024773809
0.11075503763254169
0.17777416991347761
0.26502949288499567
0.26888335745860897
0.24160272707041766
0.23590870477102965
0.23026428739449942
0.25186721405305385
0.22238775251356152
0.29210338624358756
0.25950597878949067
0.24527618316253519
0.23908996046139824
0.26502350459909085
0.28896087593516584
0.2542710495164226
0.24154723454179591
0.2383382494422904
0.25449263808289802
0.24728449291720772
0.28599082942084181
0.25954442376724751
0.31872578869110807
0.24980580770639593
0.26565598807757901
0.2349753995656422
0.24406562640235915
0.30030279772946777
0.23958115772884561
0.23916455546280471
0.21038537350195949
0.21608839841738678
0.19610018178313121
0.19584142583141628
0.23055101926502294
0.24241938502112992
0.24409560556269699
0.22914688403655498
0.27797518706543961
0.24380162584413556
0.25202810233927386
0.23503275728335582
0.26934490433107955
0.24018983591293872
0.24988523953667446
0.23207703487904868
0.28199704749096399
0.26773987295303275
0.30202945441049134
0.20481068479427639
0.23346873262523149
0.22936709603643665
0.24536999757050593
0.25058127539759856
0.26167999559075583
0.2481606932710077
0.23299892290005364
0.24899652558721272
0.25624220342761389
0.21981280414803828
0.25404385039646954
0.24342303253516109
0.25587741707168354
0.2921469086955375
0.15886587371764693
0.12873837677859115
0.26885970692870015
0.24029556077724396
0.24994739744743927
0.27097383304120809
0.24402982089474617
0.27463971545382831
0.26575923007875535
0.22407210647865461
0.22308180596235627
0.24869036961713306
0.25121892575709426
0.26820752889808258
0.23902984896885196
0.23256021534608068
0.26192067725765311
0.23373749043461203
0.25902665321621526
0.28757941385580071
0.21843211080720576
0.31155096715881408
0.2806919729487386
0.21330391884735117
0.26406195987812575
0.23518084384507376
0.23286600946237782
0.23306602971740181
0.25325458330590966
0.23814720257809044
0.24415455068247111
0.25516488738356763
0.11376155186027642
0.10892002402259583
0.25185408725964697
0.26478879186891979
0.26369184794456407
0.23156710193690222
0.24958127362364232
0.25320804179698031
0.2272258495831978
0.26538633263976846
0.26892167124555399
0.29519075381364063
0.22572332595579833
0.24740250837962668
0.28733980662632913
0.2329441811163569
0.26902282991708854
0.22535673345939516
0.30169280031000423
0.25332309876064801
0.28198087160261409
0.2326435541468187
0.2505770441943031
0.24277119801244618
0.27506202887979309
0.25192114436350066
0.24048547032871906
0.23790934390518126
0.27870277030592233
0.24404469297371253
0.24996262036363864
0.23292111959626149
0.12313199760884783
0.080939508126664811
0.15526602636737177
0.1239264693816443
0.10727990886386032
0.16506729450186164
0.10108987150427927
0.11507658888148171
0.11858984763886693
0.11458482434628979
0.12900829155555507
0.10799455314683855
0.11701313823270912
0.10176398291578367
0.13355514598416762
0.12202020089443052
0.14620528158234269
0.18686305086776619
0.13566645966650248
0.20523870366610308
0.11816929987167839
0.11203799246845957
0.16384351949932169
0.16336198479801331
0.16178950895332955
0.14154207428621943
0.13405758296273848
0.11494144647712998
0.13516611727609584
0.1456241954013017
0.11882552093981663
0.15984871963919081
0.079256937290432594
0.14467992492193552
0.22530745530059718
0.25249519136646364
0.25733300198339198
0.21863584023157379
0.22148868514439471
0.23302094347784605
0.25638196256553725
0.24811536427069614
0.2399998236894928
0.25176823839403989
0.2370026317190744
0.26100500968069246
0.22208226689329191
0.23720331901026603
0.26360774502943818
0.24916068226815055
0.24827033809488111
0.2479495914438809
0.25615030727936194
0.26893589152265368
0.24348576405449929
0.25059249769138447
0.22654502327220125
0.27124091371935799
0.26429046604460354
0.23913148501648501
0.24332586038530071
0.27509741087376588
0.240501645267233
0.23257636580718954
0.13614555821151819
0.2374656475276625
0.51968638213980078
0.50699689039924378
0.48948612200498498
0.50694030721054451
0.49347214376893672
0.49583238893548687
0.48793437323433742
0.4957310606126395
0.5101904670904186
0.47727570345193981
0.48648928321241075
0.49503712752064766
0.50512562104906156
0.50997569636187812
0.50617699551536655
0.49332312785450128
0.52069829318795824
0.49134992863974092
0.51844769444972727
0.5000240465720206
0.5029726657293152
0.47904874934544595
0.5145924496976203
0.49957045946601802
0.50928422002815243
0.50446274485859965
0.50811877504367786
0.50037427047182925
0.49558111656419684
0.48885966580824336
0.24716769160400406
0.26297836201414881
0.48906169832919899
0.49786641888326805
0.50345324273071079
0.51478502664111991
0.49764686964941907
0.50938719727815496
0.49767444653236736
0.52032577990242013
0.51820237161102689
0.47618571218557515
0.49556907149017587
0.50827461772898519
0.48570485590901935
0.49064306843437289
0.49190963805966292
0.49688932278096376
0.49034587619293496
0.50253399907055907
0.4939463590870834
0.4837726419475134
0.50505036506815226
0.51268560793856499
0.52668460202788292
0.50979144283164457
0.49321530917017642
0.49942859893848218
0.49653667498577381
0.4866718104806626
0.49729769958473746
0.50574095603440594
0.27942709910537472
0.25460314169516313
0.48039331364943688
0.50139046869921289
0.50445268391873066
0.5002530384643793
0.49266045027124072
0.51465895653647742
0.49876520332260993
0.5051784908109046
0.52831946611718794
0.51234187199444303
0.49349052509383773
0.49486383039562265
0.48554507360903859
0.47331108633168462
0.4952627946432876
0.50567138690937496
0.50516640308596106
0.47510138096599863
0.4854742308114518
0.49070040252672381
0.49704928406112708
0.49885426499615187
0.48214971478776475
0.48843728401749548
0.49956150857923204
0.51099392173203007
0.51010716271959589
0.49125944648222986
0.50595737148728859
0.50855030142738389
0.27429027701864339
0.28971291574919239
0.50447907833293404
0.50043960577712765
0.50751697707315246
0.50423469720938119
0.48854698852178474
0.50053283642991453
0.50829621072054287
0.49723696468489625
0.52754716617688124
0.493010604363951
0.49234041666028194
0.50827192674791655
0.49780373541096007
0.50070479279601465
0.49419850804740462
0.49918355680044452
0.49493399030549745
0.49917383862895737
0.49999022869771031
0.5021367699845517
0.51081302958973296
0.50564578442668373
0.50928472933042246
0.49970945902122965
0.49559731860828604
0.49771044855830221
0.50328320086044409
0.49479426240623581
0.52037619441489424
0.50381352147154812
0.22521249947906269
0.25469917745494752
0.49947339640732191
0.48953295132294006
0.49710455227895978
0.5010935146186597
0.49874734529330733
0.50776317965289197
0.50560632410981066
0.49570660941385791
0.51308387659566168
0.49973954126838294
0.51591791248430308
0.50866373374873997
0.48738146827974244
0.48556620220235647
0.4954845666436653
0.48724643271088725
0.52673542339224655
0.49319347022168369
0.50285250830233863
0.4987186526247549
0.48127304627100309
0.48131294674924135
0.50572305849218635
0.49556063703279118
0.5022594003710672
0.49542080064848582
0.49957943676961653
0.50889947245567413
0.50206403585334647
0.50565455169076901
0.27040328193219004
0.269951276716342
0.51415989831099407
0.50231551982996769
0.51653626762458293
0.50090709794756516
0.49034696224455615
0.51102820578684538
0.49409953688792985
0.51939669413087264
0.48890217319293339
0.48729974767982337
0.5043100537263957
0.48387527728799484
0.5155794717289911
0.49235217240194479
0.50970609117438292
0.50769488356649717
0.50761502432852346
0.51126259778625349
0.49581546504013568
0.49530039903702555
0.50762779044461082
0.51569697801316694
0.49595366421401305
0.50472465205753991
0.51193508707507807
0.49751660064753539
0.48061693863394978
0.48697755178394408
0.50424330109449123
0.50565421095871754
0.25732366123160977
0.26971659925965841
0.5029827589371102
0.50611565141108594
0.50702740179679084
0.50336676327261198
0.49684466465328475
0.50324056316558285
0.50161155552688819
0.49289512846343059
0.50008843497324684
0.49930588729383063
0.50580431107872648
0.47824972969769292
0.5087051751179591
0.46326771810341599
0.50149063406647876
0.51250491754045402
0.47834602477658844
0.48843540012676862
0.48642861466671805
0.49427855527182885
0.5096269040515955
0.51162557966110001
0.49334592711975528
0.51010484381402632
0.52393166710684447
0.50237716536937749
0.48883625045161966
0.49608943443116182
0.51966508310677373
0.51668439962436408
0.23121332489450924
0.25682064447474584
0.5074791101323729
0.49689204657455216
0.49976696854732966
0.4754741185456603
0.48229558561540281
0.49311312952130121
0.4890523926470266
0.49254195358863267
0.49786618899942031
0.51236710595574098
0.50464290517652877
0.50013607405669702
0.49235030434135041
0.5022318881818586
0.48724763336268262
0.5094772836838839
0.48696535133552055
0.47554125660737673
0.50066947936050898
0.47655619136405736
0.52798482183645712
0.49493349187149788
0.50836421717147273
0.5059359089793396
0.48699607075980705
0.49341884106204592
0.51870798711701604
0.50267997097419859
0.51655194502658408
0.49920133621507601
0.28285003354602922
0.2312313919440265
0.51798899991060965
0.50421729704339047
0.46417493459192177
0.48844017630666164
0.4985729285781747
0.50709189358629603
0.49845482748436443
0.50223230220360682
0.48862548807406486
0.48299294483955496
0.50317651532185437
0.48647647729097121
0.49910688064468939
0.48476948958567279
0.51258781503118389
0.49029702371409029
0.49984491785726254
0.47607162407813219
0.49102256210398526
0.51312131276853701
0.50595076277234163
0.48203158120036604
0.48282370798643437
0.50236687119378942
0.49611964650201479
0.49579328746700285
0.49428725163695431
0.48997633923184475
0.49742597445125036
0.51003589051445031
0.24817732928892378
0.22020718052662858
0.49639619455403805
0.49872789745377183
0.50734670595502784
0.48004244800603935
0.50475504590968567
0.4986301637402939
0.49463419646518414
0.50181970940758736
0.49195258166620398
0.50209100983715171
0.4979705363182837
0.50151967758329419
0.49039521753113857
0.51153507764739659
0.51565425898783468
0.50253221809005522
0.49667012874551214
0.50303651883584088
0.50454647969266331
0.50084944073539051
0.49899548344524214
0.48577848443131572
0.48556641948988344
0.4930949085773329
0.51106114407253223
0.50465853543069961
0.49065128404763075
0.50109253702564616
0.49270306254722801
0.51930825744105724
0.27535399780070891
0.27634919659143892
0.50453522008109697
0.51630565378081528
0.49359698319220757
0.49971804987759783
0.48776609497815304
0.50872191335834782
0.50080760493897392
0.50441446988438421
0.51180035117583067
0.49869382918941291
0.51134674509792
0.50333652617926938
0.50276650011635038
0.51975843426490864
0.50037806552297848
0.51371406058815261
0.5046446976217448
0.49740032241130672
0.49395415316062835
0.50226091693839203
0.50668320545555656
0.48218322290884774
0.50053452002148691
0.50699043083066186
0.49750010166151565
0.49212636447009078
0.47520806126369575
0.5204648629554407
0.49052395806071325
0.51098958800254968
0.28422863072359306
0.27034714362102036
0.50256245613709605
0.50859337277152816
0.49137379261589359
0.49672471049743572
0.48544952053242302
0.48525049600218684
0.49675194949878032
0.51348724258658163
0.51110906711199011
0.48836626460384958
0.4956389263077195
0.49799883382176491
0.4998553573854474
0.5023997536436583
0.51759757149650465
0.50142189757462186
0.49971293999562411
0.49999466360475969
0.50477342037094364
0.495742934076428
0.49520610802874676
0.48613949966357756
0.50074659127018806
0.49823508027585522
0.51396108193069512
0.48799440341842909
0.49326980443345003
0.52551588091939572
0.50398684137980165
0.49455920163271633
0.2572551114490676
0.24076810943496454
0.49511243742030725
0.51863326574095503
0.49972414189178105
0.49967176655867662
0.50820480179573568
0.49286807774619013
0.49103495455218849
0.50858866665342828
0.50307120833813668
0.48169907539795964
0.50900660669546871
0.49779972079305435
0.49747031209103981
0.51359874401249683
0.51054842315598459
0.50461708490305768
0.49377141946832953
0.49072462893960667
0.51360078236115536
0.48861960769016966
0.49198338269282876
0.49556294439879622
0.5009525116024689
0.4980725889247834
0.49844960985114384
0.51231944149793374
0.50155659485415038
0.49597514409776511
0.49416603537229781
0.51254989295105491
0.28414910678023114
0.26477739672954265
0.5058710278708991
0.50674523816335948
0.51823611806216474
0.50048238706957326
0.51101662768955636
0.50374387447907232
0.49875737127011399
0.49197393585043919
0.49974829103152829
0.47679963485044197
0.49400506389191734
0.51468449190809695
0.48474657473110377
0.50818128037094068
0.49801439443010059
0.50515911251503687
0.50295826245233266
0.47167216418922731
0.50552573941113776
0.48647981896678527
0.48078009199368571
0.49255947502799846
0.51325195925016653
0.50831277735756664
0.50457665800582785
0.509412655514488
0.49154898643323536
0.49531224060128975
0.50506681673193032
0.48421169159517835
0.2825548856992145
0.24388518418855126
0.49439189491029534
0.49170408157381751
0.4979045216588866
0.48363175957710541
0.5097258486993328
0.50065113591755861
0.51279477131300355
0.4945852040771353
0.49739914836570215
0.49047703122418235
0.50489202624274121
0.51334410279543941
0.49586135274703624
0.49565170298645156
0.48603639985479613
0.49011226468084573
0.5086462245898169
0.52755542978411896
0.48310233286329402
0.50160755921292077
0.5063377121429774
0.49928046391033037
0.50688134619652114
0.4856150040666587
0.49546963543210099
0.51264928122932985
0.50660001030433388
0.48447604454613963
0.50944950677585876
0.49391420669327046
0.27473025995232397
0.24795237833529774
0.50030290470562022
0.50804749451768483
0.49901335455269763
0.50612861402162235
0.50027341720259266
0.49530311344117595
0.51147384822607822
0.49597245769632098
0.49224814079353418
0.49104545162244612
0.48492580539325625
0.49876317397864184
0.50391785163557823
0.49153427546396367
0.50552952746062108
0.5226001270095928
0.49893766995224414
0.50893851234324661
0.49179169197661055
0.50563073320690444
0.49016746198034006
0.48718973777091856
0.51228552630226998
0.49804137057814213
0.48451609906576831
0.51155813033064257
0.50868062939637348
0.517792748681004
0.51241478317015399
0.49125513442536084
0.27773120817496572
0.24771812362313644
0.51385242690181165
0.49791468865280347
0.48677602943923753
0.48635088226104906
0.49527518758785027
0.50606833426825104
0.5163688322209592
0.50096157813797859
0.50613266900210863
0.51131237787319561
0.49267605058126729
0.51395954623096252
0.49650572369938151
0.4826176690691748
0.50952701585170823
0.49789002354299816
0.50608907584210794
0.50626030896539154
0.50356642008337571
0.50433308199247795
0.51122057081901706
0.50758980330517844
0.49510658217989689
0.52323908307457667
0.51268868906166398
0.49610955635864179
0.49976510810991576
0.49702050112859303
0.50623701733099524
0.49809233933307639
0.23184902723311121
0.23061720040155012
0.51121710519797747
0.49871933131520763
0.47872013185072076
0.48686520987221044
0.50336213176465894
0.49401328296715552
0.50500884679639035
0.49954706595366161
0.50482281589230449
0.49173910092339651
0.48649919205456221
0.51738118292954594
0.49754387590700061
0.51227413029765057
0.49201577831096927
0.48826278660826666
0.49465719338305786
0.48769166833633243
0.47996185595448182
0.49100801428494101
0.51694327099705017
0.49379383431804208
0.50582571648589358
0.49000958706527914
0.51272767000744646
0.50858264759020411
0.50063428734997517
0.50039794997671705
0.50244542382916435
0.47933373093145565
0.23827634001814124
0.23223957275767043
0.51166529303261132
0.51973752987001709
0.49148807674535383
0.502256752344866
0.49708187928317948
0.49279695088752823
0.49505030981214321
0.48048166377422846
0.51830779262958981
0.49079511152110361
0.49199116060766046
0.50816587538795199
0.49231910372163773
0.50175269734373107
0.49785468190532006
0.51491758605381688
0.50022943990384172
0.47253987985594492
0.48450450433422071
0.50172156998098061
0.49421256605432018
0.4890382278272174
0.51336921006502945
0.50363803460167356
0.52621640508807432
0.50832745236687771
0.49764027609861644
0.50229646263375261
0.524269413782529
0.48734048810619141
0.29409450117232755
0.25656635277074613
0.50031860959548657
0.51249630722345085
0.49309804172542576
0.48941203866048927
0.48950618027826981
0.49859425079747877
0.49706703823737847
0.48523566067313867
0.49885251494613037
0.48370676514001076
0.49787672754522966
0.51215439921833372
0.51294156548510916
0.51174716240963192
0.51760661764675808
0.49600711532352354
0.49028282953070113
0.49996225478727113
0.50468649604145366
0.50571955034949823
0.50609775712114391
0.50752681655130916
0.49800474232101777
0.50204090919674649
0.50459997181662009
0.49463191566742648
0.49371992839412399
0.49493485108905078
0.51924709433382843
0.47758156697178078
0.23432307513312112
0.23041800801872378
0.49950745893836634
0.5145970436824534
0.50800269554010924
0.5012888691694054
0.50327582391916093
0.5040091967335002
0.50131872040968173
0.50197030604297055
0.51604420630629333
0.49016263280392891
0.48789574691668408
0.51245018240139728
0.50204717262165943
0.50891917904949224
0.50636775396417266
0.49303626291768821
0.51033733586244245
0.48780518302104731
0.50957280662024096
0.505130845689161
0.50210418101195053
0.48790977099329591
0.49776241441859354
0.49693128954067728
0.48728860605313695
0.50613360416275732
0.5016427314683124
0.49445778974715954
0.5027188018065325
0.50303431360992013
0.23311472636883634
0.24933084068158037
0.48383182672306563
0.49769036437832159
0.49972957710702481
0.48724049701745903
0.49078869951603804
0.50314974946331903
0.49566138831054807
0.52150679171961623
0.49144155396910233
0.49661702219661519
0.48737914623198514
0.50308687230062721
0.48731560872497637
0.50043700446552652
0.50088323977514482
0.51629814270120711
0.50482824286480676
0.51300354598225006
0.51225700783414518
0.51826284935951183
0.49738102466594003
0.49715851910044473
0.50559406573949617
0.50831546045634346
0.4972635187643839
0.50103582196967777
0.47967484992680159
0.48752831204123259
0.4987038684387281
0.48427840742381367
0.24474972204940834
0.23465332054851029
0.49180517267650647
0.51909720280454663
0.52814174938533387
0.49937106970500367
0.49046626106147012
0.49119415575315301
0.50439558327577116
0.50307342017276568
0.49227071486819707
0.49419581313403421
0.50099233155750689
0.50493065504757784
0.51702081390144239
0.49354184740338231
0.49657630868233493
0.49709810196112086
0.49064299106857873
0.50651279476261601
0.49192510079019658
0.51599500662678277
0.50372276339431177
0.51067010039543226
0.49500773259070868
0.48508177362275207
0.5150330812153967
0.51102398553120265
0.50143283763086044
0.51193392882562394
0.49289081118924788
0.50182313695708358
0.3166429466071875
0.25065768683658168
0.49402002116101157
0.50929747974921757
0.50335830552320493
0.50442413781820261
0.49597334713997493
0.49293198249204945
0.49225129819702074
0.49856952034915858
0.50258806020118396
0.49310528343734478
0.49636171967078396
0.50978992270078483
0.51184907110350597
0.50333177363387238
0.50247862672377375
0.48650127813311156
0.49502296201376217
0.51297995157087195
0.51311426010063532
0.51307963005130464
0.48398975206693734
0.49238730995065444
0.51564752901806654
0.49541053468194673
0.50466074343569256
0.50457385152980483
0.50696051332256786
0.48994513949515639
0.49952744667072413
0.50592021711977153
0.2175116226130101
0.23593444732178476
0.5064642122216173
0.49817280298723488
0.51262862726036462
0.50837194943666886
0.50342972026527311
0.49333831603154243
0.48997393112260479
0.4964138817302246
0.49098195448468673
0.50115163938142926
0.51319678950953562
0.49340877696981533
0.51194041395237222
0.47198288416545586
0.49934155796679025
0.49807835567341813
0.49594786684615477
0.50716107416410516
0.51478489257204618
0.47332386275483157
0.51887012820118117
0.51363256496532517
0.51087764825648296
0.49821406975278965
0.4972255154235703
0.49923614560199936
0.49843921574507621
0.49287226494607422
0.5109257780072346
0.47932004497822528
0.26811122036328838
0.23283389562439852
0.51705599324898677
0.51033913488542149
0.4939096483756471
0.49999972272410498
0.51504502486038817
0.4960797809451738
0.48476706042560186
0.50545161637994163
0.49514999517498853
0.48685952302694541
0.4984452723409562
0.49340959047236688
0.50762004704205954
0.50773300988609593
0.5138804413319128
0.51424675943972142
0.49353164459711285
0.48211534924215971
0.48547401071072482
0.49792200167676592
0.51797798070462853
0.50566114014529395
0.49874598694417943
0.49279127452512916
0.50779534343287014
0.49244704034171771
0.49487192088388593
0.50242878581805117
0.51751217483722234
0.51962987002875149
0.23409438115006692
0.26819287691143162
0.51099716268954543
0.51198992444806024
0.50965858959916421
0.48347211806279944
0.51280521859777428
0.50430667647104122
0.51516119219240064
0.50949690954895233
0.49789254531723154
0.49691080217652228
0.48582257325950123
0.49291834177568722
0.5096564709444843
0.49821600959943607
0.49426493542324079
0.51309430455713212
0.52560377627349764
0.51005162807902582
0.49394123952919078
0.50237518509527024
0.51526018297486165
0.47922544544531448
0.5137517156432253
0.51361307959634983
0.52294020681747411
0.50867914063460107
0.50395463606941615
0.50770918509222795
0.49042173884957924
0.49852321203196437
0.2584872810342671
0.27915718590476113
0.51823565314838382
0.50516822420407292
0.48646186250181561
0.49599504206401279
0.47315412381997346
0.48147348319645106
0.48830194942100269
0.50487550931966352
0.50527684383574278
0.51636810307520575
0.49844408550003927
0.48398458841356651
0.48789032220070122
0.51253541019730919
0.48894731338530706
0.49260014240707717
0.50240039236416822
0.49243006350383928
0.50017091804320168
0.50167949694151437
0.48558226791794867
0.49366883185759219
0.46846278189565038
0.49831274926499647
0.50237137420128664
0.50204792635026441
0.5065145183952432
0.50623353861436104
0.50612952476912887
0.49103864996604657
0.24741601579852321
0.26478106699100418
0.5055247735369004
0.48888781551885013
0.48897449782891433
0.48640355074051062
0.50029527310139821
0.48432652855945063
0.48292588509891088
0.49827933073697073
0.48222533263054335
0.49333628556970677
0.50502163985470205
0.49942476850491035
0.50530008052518671
0.49908142801169825
0.50820020024517709
0.50495062977457994
0.51981770190444543
0.50509842482338119
0.47930299294371065
0.52238128189440058
0.49778404288296418
0.50642274151388045
0.50863505508516071
0.49585065663637179
0.50348959247786962
0.50926298932988157
0.50462303233404726
0.50895240866435165
0.50810073817529489
0.50601136588826456
0.22807720555754288
0.24396242888181061
0.50665691920939371
0.50822187063664936
0.47861583783707773
0.47340440449110666
0.49653752623887587
0.51277042305978804
0.51711746244824097
0.50785693882876382
0.51205747699856774
0.50389087783564424
0.50100607275347553
0.50007435475459061
0.49856315208466506
0.5030975478396249
0.48219963082687323
0.48394720659031232
0.49995766805162617
0.48131394607268663
0.49617052833592423
0.49371557516232728
0.50741279515215842
0.50692020759810374
0.49718865308852594
0.49460377865505006
0.50321441974598602
0.51180722712727689
0.51295045729170863
0.5142269725520614
0.49277436971754685
0.49327406723236428
0.25314004285459313
0.11195124241533225
0.27356541521276379
0.25977001731461163
0.24499238606882195
0.23192514467753844
0.24369185580844946
0.24054388961049269
0.25304852271988892
0.23825915747254892
0.25897146516615638
0.26503712330880785
0.24186201892880824
0.27391231331183835
0.30255549593348996
0.25383669052277541
0.23875100834661786
0.25402438682013001
0.24186288097291161
0.22899200410199916
0.28179146690133267
0.24870669673005566
0.29572937764235663
0.21877495351184115
0.24697436294200617
0.23470948328241331
0.25857583035029941
0.23851564164574801
0.24870178003340468
0.22009935188368546
0.25699294561412206
0.23184150110165846
0.12504457348927339
0.2888641707622514
0.23134110778903266
0.27705314093666833
0.2512992880918104
0.23698220659106342
0.22720608259540556
0.21305605193233002
0.25825125725374981
0.25766550565493546
0.26574913689427659
0.28199339282179314
0.22164451987862402
0.27516165293086509
0.28715208629867067
0.23565962558236478
0.29238837611485041
0.22310627990181142
0.24393030459697279
0.2201882662932777
0.26442977678554386
0.26774648659216871
0.25403733484051377
0.25217685170207393
0.25808353951684282
0.23622011382598684
0.23457137503032577
0.24205804557726829
0.22146230890546795
0.28208392765473189
0.20494872668974176
0.25392360403405811
0.1113424638557612
0.24341699469407951
0.49799588067642347
0.50673732020869577
0.49610707089069378
0.49502575799966203
0.49980096899252086
0.50530841310435448
0.50755089195609882
0.50365642990357695
0.49794445858066338
0.49784388353896647
0.49485597494156364
0.4935433807507037
0.51747883196521327
0.50449465477312694
0.51093031752343598
0.49097971829099751
0.51160385605097136
0.50760347242372827
0.493838430869523
0.49966249786370209
0.49035340610904393
0.49767351021612966
0.48461698618453047
0.50483808485977022
0.50325041984416574
0.47712243624834638
0.49657661827844918
0.48550752200512348
0.50531982718006718
0.49532422413779315
0.24111713047951794
0.29087196351721006
0.49980844084103515
0.50411340590447729
0.48643258341495316
0.50304417105012478
0.50305184848752038
0.50175071915077241
0.48850915990957022
0.48624462197720825
0.50644322689559018
0.48916077059934271
0.50881470105810578
0.5054929605103563
0.49907462377880779
0.49732579828176166
0.51058335227770402
0.49187334742711475
0.51732544353933552
0.49325077454137589
0.48480989202187896
0.47118601080698413
0.52119235618410387
0.50283559749280182
0.48792954422524626
0.51996366244999415
0.49991065743247254
0.47802574551896609
0.50483547058890499
0.5064839136891689
0.49837089909859777
0.50241537622553623
0.23248722340192038
0.24906437928494252
0.50234898623070645
0.49909667241098488
0.49876939637405682
0.48072434465192332
0.4950543714870656
0.51432738598961347
0.49239060418642083
0.49494092486905011
0.48722240854285764
0.49880037657951165
0.51804753193302422
0.50244324615060154
0.49006493979354709
0.47765399470009084
0.49093172826088338
0.49252381202630674
0.50418638474197475
0.49799659054912543
0.50322724570790622
0.47269514359379738
0.50049351641664108
0.49624340511748022
0.47256670040258875
0.48859428131600835
0.49145210619690743
0.51525511232020482
0.51006974501965829
0.51096125075806231
0.49037493376674951
0.50687571152087207
0.25660052704883163
0.28657760609560667
0.51120331699613331
0.50269167945241833
0.51002403991345391
0.49205542771020655
0.51249928680961365
0.50278419750422698
0.48676433742213415
0.49708187815637972
0.50349928293624135
0.49877082966485725
0.49871750395098702
0.49831133391115195
0.50601386703308626
0.49151396526521152
0.50968105455315127
0.48099829722132098
0.50092560464450187
0.50733772615862194
0.50156299846364905
0.50755975776715856
0.50923912377738678
0.51745177165978862
0.4902428920158145
0.50859706879416544
0.49732529186805324
0.51025763616572195
0.51666134988325163
0.50897122749253743
0.48733735174613863
0.49471954961325915
0.3082305797556657
0.2586111332793411
0.50063890873559269
0.49657000383839339
0.48166402108652262
0.48524735900020782
0.48169316517225419
0.52112051298028017
0.50269215110014043
0.48665221085371763
0.49295469849514834
0.48586166719557833
0.49882251595434907
0.49967032391735638
0.50520059510710336
0.5068363940768601
0.49760429823401819
0.51962351035653931
0.5052524372571171
0.49890575871469589
0.52277907811249014
0.4975756130164451
0.50756394678080474
0.50754167612493817
0.50429506899552978
0.51031954146086522
0.51093281797264434
0.50206730067468741
0.50645982020779101
0.51468941336745144
0.50676116032404006
0.52501873399889298
0.257207609049171
0.22796533541494096
0.50008009367586448
0.50173561409910628
0.51835660010454943
0.49673103794472423
0.4831926777611264
0.50238627250484713
0.50016211232456698
0.50374045425676861
0.48962944127861285
0.49406994514167879
0.50167570842915199
0.49734644079297491
0.49857984859102705
0.49657576154640848
0.48854951304131072
0.50091986760039653
0.51137462417703039
0.50222263347171847
0.497916322498274
0.47443059206962218
0.50482380976372465
0.4705270770651333
0.50629426060834515
0.49939306937296774
0.49936538350469784
0.48647952438580983
0.48900248869016011
0.48121100314419463
0.4743039955853609
0.50275062172754403
0.23263690842623691
0.2320692037894532
0.48520801929719115
0.49574740421518149
0.52439598471885229
0.52134595548120866
0.49434426745677995
0.5178255062819328
0.49074794101682617
0.4906416097078789
0.49092142747862344
0.50128533273608555
0.4797209316328554
0.48276028941995591
0.49896580513384808
0.50188390799385618
0.51279337131807812
0.49685685567506238
0.49157178589767664
0.50292060889306767
0.50587229109720144
0.48603266226226582
0.50255877744120503
0.48244256089710646
0.4993862905721636
0.50315458147630876
0.49952933600866867
0.50044565156136411
0.50966350118470249
0.49829576128654518
0.49790523048569851
0.50564124780635034
0.24081966341056862
0.30684235208975652
0.52303294896412877
0.48254698384253364
0.50901990155799559
0.50368543038983971
0.49629795799464732
0.48781751137241003
0.50476736738857708
0.49204655550278981
0.48630242885117503
0.48895771265432447
0.48993238941853828
0.50468102513897972
0.49710105458574932
0.48998967908278723
0.49991311906391517
0.52133392590378003
0.52335614711426726
0.47348118219485419
0.5030131309851581
0.52093861579645107
0.50684436922662457
0.49329582108219411
0.49617239300232446
0.51263622963861666
0.51124252740988718
0.50929479335914707
0.51991336231471053
0.51522721850200037
0.49670976654516191
0.50563188990300711
0.26891342994259221
0.24641385862377851
0.50517518784121263
0.50674122795217547
0.49008806099314112
0.50061436195601094
0.49399423559029482
0.50839631901934201
0.50927033008563316
0.49920540108330735
0.47817085938409537
0.51263817601405415
0.51405004846684799
0.48917511091962151
0.51500757766277605
0.49931329879177944
0.49743307249622015
0.49297403453235056
0.50908147731262998
0.51059416282525638
0.49600897805712318
0.51892976601238727
0.50261563314106683
0.49420438348471563
0.49610886452499869
0.48722598468707062
0.51130824455383983
0.48148179621120935
0.50338837545757953
0.49302865139975693
0.51446799146477107
0.51664373819930787
0.25041376953092676
0.22949408782241543
0.50053977167165509
0.49007042264136519
0.49336485327355478
0.48802160106062331
0.50668572744959961
0.51208899068827707
0.47761743218162439
0.48844161977380429
0.5002442710786944
0.48994365694868119
0.49692099862048489
0.49742352152365193
0.52232939402375322
0.51939693461362324
0.50971421211474666
0.50621293001146506
0.49162885116698612
0.49891802950651981
0.50519977478257139
0.50221250160646291
0.51111394583193859
0.49887169285374844
0.50769747815582011
0.50774699756616826
0.49432541664056195
0.49643431337789207
0.47441487566319679
0.48855123822770608
0.49438997512619398
0.50853197833660813
0.26761514709860423
0.27266836258716382
0.49136039479490246
0.49458866905797882
0.51607958530192011
0.49787805347503356
0.50955910626659284
0.49824085467622542
0.48766051913839759
0.48651320605585541
0.50682908288974449
0.50660750317721015
0.50552183428651332
0.51995185867557392
0.5084131495998927
0.49224272396089647
0.50995542750990019
0.48555689139124797
0.48150908898901928
0.49857919973553938
0.49840825974221975
0.49234687021402568
0.50459648699675219
0.49076792836813554
0.508165449821536
0.50056000423255387
0.51105200756457936
0.5086598018336087
0.48820940789551631
0.49670369134529024
0.48548941950948055
0.49906369904258591
0.24667058362190269
0.24473340382266681
0.49390910006613759
0.51351329147977121
0.47541375050005763
0.49682168377789321
0.49291002035070797
0.49672645993308279
0.49808317956213122
0.49495398249378419
0.51798778305756943
0.5238031053297193
0.51612828427566659
0.49782043469089432
0.50592039249249299
0.49253492943154409
0.50914239044472331
0.50212780496605669
0.50761250923102474
0.51019312824894369
0.51303585930186002
0.48280868948453021
0.50511855946930273
0.50646830012814814
0.49334695941651385
0.50218082169600775
0.52533120763340568
0.50352988094270767
0.5023647455286151
0.5103099913795921
0.49105717500833551
0.49179066891768825
0.25222188718254634
0.27940167836682012
0.51350567833416627
0.5072764164253315
0.47673875588023717
0.50155379814563028
0.47956150558461624
0.50065363334790469
0.50448839922797672
0.50193372303806916
0.50311379569058157
0.52188728242132776
0.49346565073464888
0.49430796017059925
0.49818975284212569
0.49818150960385876
0.48911311848268146
0.50625182647144307
0.49587671222919644
0.51371111498646427
0.49986999613242744
0.5014022585394472
0.49361557616217261
0.48854558146735649
0.50031201350665422
0.51147759272861815
0.51661058130981163
0.518803479742454
0.48281293494557381
0.49149010803256854
0.50797844426045957
0.49781757614265959
0.22335035055816105
0.26041994456301992
0.50366070632904059
0.51430532167886522
0.49938210935821625
0.48858995527977606
0.5015506005012148
0.52503378303124359
0.49475214142091672
0.48375746281572718
0.50147718545293762
0.47463080575172606
0.51167563589983611
0.50598197813242585
0.50671929310292363
0.47613638055470958
0.4963629148409836
0.51736531837768196
0.49523185345181708
0.49691212499063525
0.48859140260061368
0.49322316526462701
0.49515072814226446
0.49168752587885112
0.48605435182390277
0.48522008284399587
0.49279470452623247
0.51639530399271805
0.49644146454292043
0.51448695883798057
0.49228404237974854
0.50723294107767902
0.24121318236258818
0.23986927789371518
0.50651094769083371
0.50688015891411131
0.50684990424779097
0.5076829839490542
0.5307515906183321
0.49803055956601633
0.50732029212481478
0.47622318400601443
0.50269614157696274
0.48983314684674895
0.50021759198789661
0.50035455983284627
0.50339392477498779
0.52155900083517048
0.50261965006100373
0.5035417512863154
0.49510005916504851
0.51181545301142506
0.48429950751687467
0.49947602223160636
0.50447773756212688
0.50481513939322131
0.49536124621814964
0.483742537600936
0.54011549593928987
0.50291250226666939
0.51179465532715729
0.50889464373838
0.49390702311202245
0.50054237460535889
0.22858506961923378
0.2422890849267495
0.49178475205324906
0.49766710988443147
0.50211647452351726
0.51326716510050741
0.49561834664594479
0.48373540648380026
0.51601822307463374
0.50244483901179926
0.51200807877450738
0.49032230992869236
0.48691716147419556
0.52722473054449281
0.48800063504714147
0.50888618776561023
0.48348600907846734
0.51029146868215625
0.48382182946692892
0.50175306996017588
0.50736687484365017
0.51079615900348874
0.49160159009969207
0.48597858169620117
0.49566809091167319
0.47522625937324003
0.49391371503875681
0.50281006345826396
0.51360582029917079
0.50320779595489507
0.50682922360881066
0.51739197524704728
0.2386780234692073
0.23369572972832589
0.50716890784538815
0.47612090050785677
0.48650640013075025
0.4781726161462847
0.50604834688868972
0.50202062284438365
0.51345121131606197
0.49681115962441041
0.49427502228317266
0.49160518993735697
0.48905315117248871
0.50592221497313061
0.48341699168043528
0.49863959007296937
0.50998810524780891
0.51120049247739208
0.50484568495093096
0.51046669372679432
0.49180676108991173
0.51436164616525715
0.4988760528599202
0.50382886796623272
0.51055353592362906
0.51022605345988181
0.49984840620678833
0.50738574008959758
0.49420316034618617
0.49329033049260257
0.49409901902782088
0.52965920469310479
0.24759760481374032
0.26329563850198429
0.51119432332214232
0.49232134923567994
0.50829079764590457
0.49102017784597757
0.5056704589480171
0.52092305658260596
0.50112547182794809
0.49721513656419397
0.4967705399349609
0.5075287360323435
0.49617687976650249
0.48120520352366331
0.50518470357031153
0.52195246583924648
0.51480921786600364
0.51573609308355062
0.50427081958313924
0.49264269652107678
0.48052198339082391
0.49385105395505086
0.50202184355614732
0.50071003805432346
0.51408843304077245
0.49943731085955068
0.50608617238743103
0.51647497188668434
0.4862729954966829
0.50023712836585599
0.47790492097511766
0.48284384052367446
0.23456017877490018
0.2680763469606296
0.49313127890125252
0.51337644430677332
0.48528027484820041
0.50136239881574296
0.48854529557018778
0.4959320071671795
0.49340740529871963
0.50291441083829624
0.50121629326883888
0.5125817853985698
0.48953056524749183
0.48550439145190294
0.50291142340824591
0.50429651882289728
0.50539649310804236
0.52149601766570886
0.51154193302669504
0.49763048247098784
0.50645849539870269
0.5142561840381259
0.50163273858066226
0.4935250726590123
0.48211097920584384
0.502998421150602
0.49924603191692074
0.50726590146229267
0.49686234130109558
0.50663269826524715
0.5022373994757392
0.49571241533573024
0.25992687965096806
0.26683463062933721
0.52886834683255313
0.50674471881080974
0.51320845504946599
0.47526948985486805
0.49276479006674556
0.4975598711115215
0.50346541219203989
0.48323851885388902
0.50934611362829241
0.49740847963446189
0.49529119134536809
0.52239560050855449
0.48769461441267481
0.48396566141083291
0.50308228316340864
0.48850579466489985
0.49326413922391016
0.50230851963599854
0.50703010091418677
0.48896410162797016
0.50343999279378959
0.49505335655485883
0.480987354891729
0.51463731602297813
0.49591245184528887
0.50267206659352626
0.49425294329969294
0.51241889157695097
0.51253924119729366
0.50275761903182936
0.2502628231160845
0.23735846696306406
0.50983982346988643
0.49917307535780975
0.50283892625884674
0.49345110165341272
0.51302052360696349
0.51265730811982679
0.50894720859845222
0.50820074008840244
0.50375425406318963
0.4970132471005192
0.49715571386480728
0.51060251820072422
0.50908845753814491
0.50223536972693383
0.49945831397264334
0.49553851607714433
0.49870085090628397
0.50417799946689912
0.50413960272117542
0.50816478833380763
0.51884265069923785
0.48950160782024271
0.51072776846380452
0.49970686238459217
0.49377805939318115
0.51614448583382078
0.51227193286321115
0.5094905734777494
0.50201049177271106
0.50875048733084771
0.24672494221610955
0.26551139874387941
0.49563575116769204
0.51567203835141817
0.50338928307996356
0.50282097044424079
0.498114435393616
0.49436724175471747
0.50144963202509063
0.49514892651248127
0.4944123484179806
0.48983893565775249
0.48791863250039913
0.49150233825037049
0.50079169693891268
0.50443393396860214
0.50165724592210748
0.48958747510037964
0.48658034790535742
0.49848154723636978
0.51367496725713857
0.52765151937870047
0.50876606102226651
0.49633560279066324
0.49473868489510681
0.50149271299791487
0.49986388642730156
0.51105251761040016
0.50008462983115975
0.50977238464645658
0.4948463869882514
0.51621925805458091
0.23606423732904047
0.2341951542983812
0.50270861624352881
0.50157330722781934
0.51130528740801096
0.49906689071766236
0.4861974380148168
0.48604209457408931
0.50416001473105987
0.50489435603216681
0.51526541261757386
0.49309227282335844
0.50190999689939186
0.4830080693559482
0.52279477586441125
0.49832427076609981
0.48753385537423366
0.49178634254988468
0.49681052849251234
0.47054969054050877
0.50027494314577448
0.51691147052299746
0.52194334898341666
0.50980793156091198
0.50123582246590315
0.48774955975885531
0.49659462667785736
0.50183358216974017
0.50697495588633457
0.47534749204125804
0.50849367143122537
0.49457242860990747
0.23784296381669168
0.24409934176206688
0.49814723610626727
0.4940821183077847
0.50382449205728252
0.49147118030745574
0.51317767672873371
0.49732782117171842
0.52195084635777456
0.50984590592530088
0.50859336678014222
0.47644430854175845
0.50104690218036652
0.49935638097315449
0.5094372029370613
0.51996610950077871
0.49146208806924413
0.5350186897342043
0.49848471043477743
0.4934616142850845
0.50090813389455524
0.48598724212972805
0.5104451334259601
0.50625898179152651
0.49749539632090595
0.51140667043841004
0.4796552097566823
0.46910037108656572
0.51288325746655061
0.49855615681567422
0.50174406469621013
0.47925531732787163
0.24802272866666855
0.25358635218630748
0.51341832562637035
0.50426080646760918
0.50546826381725107
0.4989730239483165
0.50084567070695307
0.4863934298869243
0.52039850579210378
0.49658410266183423
0.50028248278445675
0.49642349473290664
0.50866156497684734
0.49169870523657827
0.50413579610216308
0.50055933293922883
0.50105743815240389
0.50435015807915995
0.51373001475917779
0.50053914455045367
0.51361559039369531
0.50756196735574044
0.50308412313181483
0.48581025239467579
0.50298188279553135
0.49969633298623706
0.51043768827038094
0.49897671426341333
0.52976426404605759
0.5135332854232586
0.48661970312299896
0.48223516871954819
0.24825823229021141
0.27506386673248734
0.504436159206191
0.49046339894716784
0.47559564742843313
0.50328420073623192
0.50283482927234191
0.51049329091470108
0.52128050360036604
0.49936148100110234
0.48294697434399736
0.49389239369417964
0.4832526225625714
0.48316732394808642
0.48959889473390339
0.50741536194019343
0.48856795053344609
0.50995038629215361
0.50260690636757199
0.52447079306610001
0.495495292658789
0.49462880454005503
0.49530701629864543
0.50876292586553862
0.49284249199713442
0.51288834059711719
0.49200996370974842
0.47956179787595715
0.51756945714537539
0.49866834158560241
0.49868344305181556
0.50424765535831717
0.23409584245097986
0.26716900809157618
0.4935480473944952
0.50856276299361569
0.50086948403219311
0.50339536198611112
0.51174169080657583
0.50060793487588318
0.52107384061463802
0.48433151578977396
0.4926088208180156
0.50367203987896125
0.50376629542114837
0.49791521816940071
0.49182713852318366
0.51482381546883071
0.52543020349093328
0.4904740883742828
0.52959602883033963
0.52766246164154573
0.48642686053002476
0.49760955451726951
0.51873902595729215
0.50389669185399533
0.49749888900348654
0.50451389502434507
0.50351537225215381
0.51020427394447854
0.50865167793645327
0.48980196279537108
0.49636053771206029
0.48815975357875102
0.26454835524242881
0.25818543671125832
0.48644063999984533
0.5046719782316702
0.50481106929701247
0.4996639459946845
0.50661411965312986
0.49217620809141338
0.50300672756049014
0.50573773179674686
0.48992162754687968
0.50451376264979841
0.48969398598567365
0.48959999812807731
0.50550354500920403
0.49870609477886141
0.49809612134639875
0.49532032572899798
0.50756622764995629
0.50280164212146805
0.50809934687067293
0.51173910961497659
0.50278045399286175
0.49223532583847629
0.51460644058752258
0.51407272257850278
0.51796134807890493
0.50673583886489404
0.49802675308943833
0.49385692562358369
0.50850332858614444
0.48540300505330686
0.24535356913776038
0.27014136422196028
0.48969550958318464
0.51202349206050435
0.48833191452660574
0.5013959138055426
0.49626632944752658
0.49373940708886144
0.48802085628560005
0.49816224189861419
0.48626562515745314
0.50737570303195167
0.49481625878561009
0.49794200323936499
0.49481507358352189
0.50069529926084366
0.49756528101706782
0.51362000199185454
0.49703759979509854
0.49689114078982022
0.50199517551850592
0.48857538816871299
0.50671582011939942
0.4914325849654102
0.48234165234687526
0.51053301436231657
0.50043798099843151
0.49764294967057615
0.4990663360278062
0.4860515727533789
0.49264501360146051
0.49962813453292904
0.25319782919029127
0.24281387794770001
0.49614841974356749
0.49383140195264036
0.48621307962703009
0.50140569486496511
0.48655235295902527
0.50589856507239817
0.50363493363177902
0.49095931492764266
0.511245777019948
0.49558545576229612
0.48271206940797018
0.50299883496186371
0.50133681877092495
0.48817499459723279
0.48822400872545862
0.497650452657385
0.50134969765028914
0.50535428476355604
0.49069397886447685
0.50304347115033232
0.50514191768941907
0.49935103146727083
0.48546559532745581
0.49739135295893327
0.49636462961850331
0.49926840288941998
0.49797708459272311
0.4971254749960809
0.48747067031204927
0.50114982730152557
0.27278851344845356
0.12917046563522633
0.27767788624761425
0.30454191508986828
0.23976735211220279
0.25010687111450958
0.21495956173902572
0.25440534521424735
0.2252264499954662
0.26974292104196895
0.28528137489981648
0.2895971729145001
0.24681988262846463
0.25760830749436148
0.24412672525352028
0.23541217763006955
0.21711901420728205
0.25588274232731378
0.28222131548692475
0.25826037154550435
0.23625826507377834
0.28876432077107583
0.23018737118350599
0.21698980598965195
0.29985507400611472
0.22966750445095957
0.26903974682641246
0.27461867062098244
0.28254425980202807
0.23741775173799268
0.24167013498227893
0.22667075421177729
0.12302660724843426
0.10349006147517741
0.27655647705477732
0.28754020655071433
0.23735177633765653
0.23096944544701961
0.26963345044840603
0.25354634534811704
0.26777646443431852
0.24666350918777802
0.22504673919643078
0.24310106453874469
0.24322183404525732
0.24394929335887511
0.24232781806559087
0.23401389659190844
0.2353296370157284
0.33382079530343667
0.23212775190264429
0.27574626485084963
0.25590452763245702
0.24561112034087507
0.27773446768739285
0.27239992815850983
0.25444492758602472
0.30034265808061628
0.28218472365056424
0.27108912849291528
0.24828260882614234
0.25632664234787589
0.24086143529655951
0.28218461446982362
0.12493974051559577
0.27505694358589322
0.48909730287066866
0.51108842041291624
0.48567142125951696
0.49370330218349734
0.48505047539064017
0.51779685012438514
0.50821551165837442
0.47715849406119737
0.50495691330680392
0.49443032106444657
0.48093422303856054
0.47787531239345304
0.47627990458113856
0.49568526221767106
0.49703518134952013
0.48707243761056396
0.48929630591447115
0.47369817485491389
0.5128342182333202
0.49423957494454196
0.50724029657291192
0.50227090537433494
0.49414990445447604
0.49520249611010353
0.48291430185966283
0.49104395887929292
0.51313736368057561
0.48528511687828174
0.48984273935954659
0.4954724451247069
0.26964661900635645
0.27456929880429082
0.4783032250462585
0.48066382670054653
0.49848578641049163
0.49179543476281706
0.50866577486933207
0.49960909175182072
0.50066323525417933
0.50980833464476849
0.49454379202534021
0.50293416658787982
0.48989994687502963
0.50352200163910688
0.49312534665973368
0.49838927212576112
0.4656923024215629
0.48552153590982855
0.49300447483484677
0.5008412850496704
0.48590447057484881
0.48499766761501051
0.50724444447753703
0.50051115624226183
0.49793886851107694
0.49778814186647735
0.5043078888879009
0.50147186487593387
0.4975075718689681
0.4916173451546248
0.49529383746089561
0.50538366608476093
0.27684216790489069
0.23963785089359066
0.49235634267994416
0.50144817974155975
0.51282239409183727
0.50161939517718779
0.49980751628679282
0.50512757063212477
0.50549685767733643
0.5098721768365958
0.48469141570496682
0.50064673513945812
0.51723980012969817
0.49977472874760498
0.49862429378780987
0.49261302902919807
0.50867742171576857
0.49231259692140761
0.49829675776821619
0.50064793339045444
0.50712458244198233
0.51544437239907404
0.49634349259876365
0.50166873246191124
0.4932385632837763
0.50137525378714309
0.49609040869029669
0.50627314993725092
0.49681996408641066
0.50358974019288516
0.49315088211108776
0.5114054037815029
0.26044908153748941
0.27078446725594274
0.49519209048673635
0.49287955515524384
0.51055202519534204
0.50447641899730378
0.49233933308241945
0.50731875876028298
0.50570765274252683
0.47658188436326265
0.50458964677381157
0.49736781204638197
0.50632392599334108
0.50349755444109812
0.48255374991959843
0.49991791497991045
0.50313152806903871
0.50806018151629417
0.4919351861141264
0.5144603052318234
0.49858153408275513
0.50650940079001849
0.50421283638723224
0.49268455405623884
0.4892332603703522
0.50780377524441633
0.48942906931484492
0.50707704961502442
0.51215847957497063
0.48998498365142507
0.51885295983649182
0.51186535882887696
0.24636425446875862
0.25018572468276201
0.51433502556721999
0.48969916365690447
0.47912165063452522
0.49380685506391264
0.50370474475085625
0.50110463563723473
0.49190085212394724
0.49284032441658565
0.50312164425224537
0.49756954586041191
0.51575816789757378
0.50297710440485766
0.50437299334294672
0.49942146243665625
0.49235912249107083
0.50930460670493516
0.49906059408349174
0.49149291565650827
0.49098961846450795
0.49437664845258739
0.49240399333210538
0.51325233390496494
0.50625068801073048
0.46847051857623973
0.50236171129072638
0.50647143162565089
0.49829516331182505
0.48822246232501376
0.5133459744202814
0.51472547151613357
0.25524809928530423
0.22577276308807814
0.51581823850761033
0.49921035263017416
0.49298923422445234
0.47798384831856622
0.50696809186302128
0.48364199609936465
0.49271302476026052
0.49810555396583001
0.51583586798913272
0.49832473327426552
0.50245502196065062
0.49383636578654394
0.4895447824005274
0.48495452513086207
0.51596889406271562
0.50846758162002492
0.50394993954787382
0.5110567500454809
0.52227064041705629
0.52197989083056462
0.49553467686148606
0.52044069138557858
0.48637635211716007
0.48019459293053623
0.49166927145905615
0.47604450847225527
0.46500501674569311
0.49308294405397585
0.49711223018562106
0.50422107665022819
0.27835064421674488
0.26146806392419075
0.50213674321351276
0.51285838813142715
0.51564439764038617
0.50291383393308453
0.50414983225250865
0.50332759695799412
0.49553313259081433
0.49587007175577874
0.50538625023238015
0.48624487207877742
0.48790900203665249
0.50153774327905709
0.50429011801861867
0.49156037846134232
0.50909607738714946
0.50945851358676431
0.50758664435990009
0.50010230968009162
0.500953546516688
0.47992477931649807
0.49977933428328569
0.50618399900146194
0.49744647075197895
0.50569563506604254
0.50397179043570717
0.49531507744528047
0.48716352843216887
0.52569987969303111
0.49468153544957671
0.50265332179400291
0.28147268722261398
0.24901094467578808
0.51108231133920778
0.50411398562052012
0.49855198727409222
0.48996679766471812
0.48228258683286718
0.49461195718373285
0.50519876177124468
0.49185785375149993
0.51103048748723323
0.49584397451015089
0.49537837067228263
0.51590679985135401
0.51484404500772751
0.49500739695523355
0.51182283424796371
0.49510200970045376
0.51098862708817561
0.49643216066416901
0.50743605132476011
0.50726866054483566
0.48825195304967106
0.49498932024509545
0.49919415162564074
0.50645636421970786
0.4905487983900344
0.48123502287323805
0.49375725928194186
0.4944366785851555
0.49831653536940107
0.50478023827000562
0.24311879905702219
0.24718206095355486
0.48620164419663903
0.49611438549601922
0.4841596822708249
0.50687515171435904
0.50795395796171816
0.50166351320942948
0.51434317057247159
0.48765582406378194
0.49878939754528928
0.49200065137998378
0.47911173692679143
0.51987244656471376
0.51003079822828357
0.51990400128718584
0.50208434238311617
0.49963793389489491
0.49486111526717519
0.50723312580615432
0.49844436261109354
0.52702465330736703
0.4926152437692678
0.50305057830751521
0.48175935285818533
0.48980388619006288
0.49901896489889602
0.50785743692475549
0.50043247144027059
0.4864820940408347
0.51901527267593695
0.50405148151638468
0.2814965133739229
0.23862657088337394
0.49654613095978767
0.50460170004322413
0.49183979186268784
0.50173039045261192
0.49878935008462838
0.51509874003368705
0.49955844408091393
0.48581523865778309
0.48766365964859759
0.50128540594603621
0.48635344774753503
0.48702738307974008
0.51308638076539304
0.48183586481273305
0.50314016817891738
0.50655205206686416
0.47754951238115018
0.50089285538692307
0.49384926537244367
0.48672935934830325
0.50384675842179327
0.50640543253101755
0.5033477366716772
0.48922786954982667
0.49795909364027252
0.50119474138862286
0.50136850112218256
0.50210296591762671
0.50259919519853169
0.50243148714924046
0.23632891992226826
0.28292595607424226
0.4990991142870983
0.50552406736572875
0.49837904757366464
0.51357152752870683
0.48432374395055616
0.50074753128827665
0.49162992846836251
0.49433569882734624
0.48865678834458287
0.50144675046359188
0.5053291460852477
0.49811112762066029
0.5039970296839601
0.49130072723700074
0.49379469632268924
0.48613097801848582
0.50962590604709368
0.48623437680394677
0.50771918943099914
0.50315509072168374
0.49687011521792041
0.49397256381826082
0.51944928207743168
0.51231621583783504
0.49196382421614765
0.4924531375457869
0.5073085781534441
0.48501078679594289
0.4828826576734061
0.49038387133865435
0.23137485277832684
0.247070971768895
0.48530215444360936
0.48971213837420963
0.50608147222065292
0.49286789136837678
0.52504795938595905
0.52710044198845907
0.49704457120015372
0.50992093514527415
0.47237535332815511
0.49651441159476317
0.50591756949000588
0.51624450309168235
0.49083732553139425
0.5135035825656753
0.48980196453022312
0.50962761656249689
0.50971433443544845
0.48884143627092846
0.53143109985916748
0.50338563193711505
0.50482316924670689
0.50181008669660188
0.49757693371405287
0.50227113848843785
0.50510211418515016
0.46159035241381313
0.4949534413516537
0.49096803513916859
0.48213039842308281
0.49470738778921741
0.25628699478184114
0.30428329490365164
0.51087451805060158
0.49380727511865641
0.48734418647082045
0.48790686388054166
0.49757893493772387
0.5086212447245394
0.49501325540954511
0.50516469029104261
0.50884448395863624
0.49042051765831335
0.48901783542361599
0.50933265695781904
0.50648765220888459
0.49104435736676588
0.50531083747978878
0.50625729911915851
0.48885711678358873
0.49439698244775571
0.49871422677429794
0.50931849576637978
0.48424536126824819
0.49595095598396016
0.50812407283169114
0.49560704063165284
0.4942802157173446
0.50041905704130374
0.48662111708949851
0.49670072666335946
0.51285367823800432
0.49942405105295784
0.28012992873129555
0.22773301466194415
0.50468017875960736
0.48799419645445002
0.49227514731798744
0.50384936462071173
0.49172594615295628
0.51239363049116982
0.50932574099850492
0.48593822895108985
0.50713635236807464
0.49764556198632653
0.47817212173217433
0.50024469633195812
0.50637815416240139
0.50002730719022936
0.51214346975891212
0.50010452890494461
0.50492634191563934
0.51106887366408393
0.49756314107667488
0.50541953146952623
0.4873512150670844
0.51027971180200371
0.52290048090840713
0.50139635609098454
0.51062280788285941
0.50785513990393405
0.50680977752787215
0.48285865408389333
0.50261950442951586
0.4956534671580714
0.25047290266806993
0.22607329649219676
0.50774507734347274
0.48696605827316625
0.50025591645013323
0.49317218875293634
0.50849958132564599
0.47558783355962225
0.49997993771431387
0.48877378396533411
0.51038864868838674
0.51647910899381733
0.50499990565246977
0.50110386638335058
0.5006323943757911
0.51574235617976116
0.51264550525610031
0.50660210574402675
0.48876641555980122
0.50026948764012313
0.50359800301118551
0.50124006203580151
0.49600917311773174
0.51665199729062361
0.50257225307131603
0.50040644516123656
0.50445404378816272
0.51330674559234457
0.4959409225602735
0.49443694511630659
0.51654995442691554
0.51408339869364872
0.28792335006186531
0.23915456582153166
0.51822557754848164
0.48905788370542475
0.51316147176807203
0.49500135817109475
0.50967473017120279
0.49285199229151366
0.50461098725933728
0.49106273856428989
0.49215857163123733
0.48953907450174439
0.49193962921453732
0.50418347626794979
0.48958947554509197
0.52261164576584651
0.51797109264608698
0.4969570999885094
0.49793970526441839
0.51399344237199263
0.5115312267186064
0.51082307154569351
0.49733612235072577
0.50531582205556724
0.49671786566566567
0.47675179849472821
0.52963504527426453
0.50166847055480812
0.53098500448599628
0.50759754483678232
0.5094227380686247
0.51061670471765896
0.27500526147327686
0.28476147688922765
0.50332156474049472
0.50848413430413331
0.50846744721227122
0.50112975536715232
0.48325310875922212
0.50091763454997318
0.49196729533308625
0.49053084427435462
0.48139611812088473
0.48294839142292284
0.50467089440945556
0.49636381312991856
0.51424148595218877
0.50508951504480848
0.49970280899569414
0.50157804863962796
0.48453740801643524
0.52102322431365344
0.49743854540692045
0.50138263398559402
0.49725249859529341
0.50633304811904389
0.47947711786307695
0.51628925410355098
0.50256815932421572
0.50642991873637133
0.48779962874197474
0.49789665446274917
0.51904831882431479
0.50122165015594811
0.23305353541675994
0.28072478222659464
0.51011378840028743
0.4884952834784787
0.51125289521899908
0.5023395497524421
0.47082007703977924
0.49888393473231618
0.5130262078210388
0.50413017060204102
0.50508488552804842
0.49635990265838953
0.49699894691732355
0.48092278444113634
0.49871564683067243
0.49817573030232026
0.47755807506873515
0.49975820325168074
0.48599204009673552
0.50149628306389937
0.50240936101797196
0.4909993156943151
0.4979906912261659
0.49418315148612857
0.50789107203219885
0.50489119247788794
0.52851822806305038
0.5167758832231919
0.50571305304663938
0.50150298963646889
0.51064746186041399
0.5153215701844639
0.26704496878982403
0.29192548587571254
0.50600725924070711
0.51345555991374414
0.50283474011938356
0.51159000598430349
0.49389079776437067
0.50951346811983023
0.50683669738920456
0.51149085728520449
0.49883847687182203
0.51934064338877928
0.50302039672053023
0.50348187582010961
0.49493631308945069
0.51039546406579495
0.50274742273089579
0.49149600842670765
0.50218874416100401
0.48089882683265134
0.53011056966655512
0.5035342422905742
0.48570773565875031
0.49799152798013585
0.49395382734994636
0.49509618877592992
0.49808211491114551
0.5134766748437215
0.50802834305338018
0.52412203881604125
0.4989196385657505
0.50303415111755134
0.23243348800780181
0.2178622644014816
0.500099529914801
0.50152196115422321
0.49870487985499123
0.51169810099392599
0.49894998784545569
0.49010693706309766
0.49468528102409637
0.50983467478784839
0.50100009553627067
0.51040584355974439
0.50124943637910047
0.508520738169153
0.48553979262893482
0.50008224491712294
0.50453726212109817
0.49973355968669941
0.49179512732514152
0.49215650472763006
0.49298576132752164
0.5196434043481859
0.49476787385531273
0.50204567588005633
0.50106784991477715
0.48942123581831776
0.50933785644280771
0.4879002651752864
0.49570943536608014
0.48708156981407907
0.52985074178064939
0.51655270937825792
0.25120654553087762
0.23609495961213187
0.51856389452284823
0.49471774380493078
0.49436790514268086
0.48100467868183749
0.49501004792369629
0.50177514574360971
0.48620979620906346
0.50235897583458833
0.51626916372034115
0.50816163200706588
0.51651383749020896
0.50866495655151978
0.49942366116433662
0.49777231896058471
0.50817846208108985
0.5005670033629952
0.51091432352333876
0.51492296295490625
0.49553210622502875
0.49107261531211005
0.50129954464647852
0.49367590605190509
0.48138282803893162
0.48306913920476219
0.50593969419951135
0.49882199750797201
0.51452433669048425
0.49723898661182858
0.51914198674090062
0.51028537739720958
0.36779289214759936
0.2244810256525018
0.49590501124211528
0.50881341967484561
0.48457845128241017
0.50928634227982084
0.51117366234449801
0.49328679370694978
0.50823132711453545
0.5106493365060164
0.48881970590160895
0.48984326409150586
0.49441669569903113
0.48921224574291861
0.50649955641024802
0.47608379659411726
0.49513133858248404
0.50582567368222342
0.50391352074700035
0.49669362474884715
0.48594646234948879
0.51255017894502752
0.49152018218953386
0.4887575222868118
0.49757118667163441
0.49057827795545145
0.50075831680004945
0.4787399087249381
0.50256707103519505
0.52416368754184894
0.49634179213557045
0.50519354284513684
0.27560715861242285
0.35685164735583302
0.51661044969077963
0.5033455911907504
0.50158654603459829
0.49871516406666333
0.47757573739169357
0.48878355401822693
0.48403707188595047
0.50101299493018803
0.49651250624839854
0.5159015976335275
0.49884408800643404
0.50191404447296273
0.51310484376729593
0.50675275548793264
0.52016924042207147
0.4955988740481963
0.49633680059558644
0.4987567700618491
0.49753640534296573
0.5133738755503825
0.49216086629711153
0.50561757499439108
0.51193701732086527
0.50565286120538355
0.49875509471910706
0.49149371329076041
0.48397181956106861
0.49174775912738083
0.5031992972135938
0.48987473004833298
0.25844139953839784
0.23577243123507638
0.49531030993068387
0.48937234107984445
0.49390591377171744
0.49893098019890891
0.49073544042467049
0.50710679177808693
0.50477698777166169
0.48005227080556645
0.49207505162124121
0.50948325854532595
0.50901408285509231
0.51887307488581413
0.49903854926687508
0.51268354824601281
0.49780416322382232
0.50917183177219394
0.50233604935050669
0.51888077044488878
0.50724141169110193
0.48553464760570847
0.51161783520920723
0.49977676349943412
0.47539179418241156
0.50679982301857618
0.50380386337979888
0.48898865436077038
0.50728204481324024
0.48904246294895998
0.49033918028484808
0.49707308775305675
0.26915934439762196
0.21949749936508234
0.49511629475369323
0.50258674580316576
0.49970699431755333
0.50290902810992077
0.50516892070122776
0.5232167169261116
0.50279747426543231
0.49438572624618649
0.50287526080594513
0.49430576714601149
0.49682143923034966
0.50650131214992278
0.49656802792289595
0.4859280061112729
0.50725924638366127
0.51817534248256225
0.5072862372221415
0.48345237079357656
0.50492747701183149
0.50025556809303295
0.50144608028283588
0.4774597218150381
0.50157878089762753
0.5035252607456594
0.49659923600123307
0.48172571547630044
0.50389227997758335
0.50844211050495935
0.50363454157462306
0.49118559048187582
0.22679593676720516
0.25658375631015867
0.50917671250228014
0.49168850879166004
0.5026516051825769
0.49260373128595475
0.50930752728419637
0.48626340443373905
0.50677816582069435
0.51023043388088085
0.49863105143344194
0.497607964362
0.49556205355350386
0.495405163958198
0.50284495992878031
0.49604792651124374
0.49850555751915926
0.49892497131260838
0.50461675317911914
0.48747451972039896
0.49824373902837971
0.5029904341548046
0.48276531583507087
0.50241508630604115
0.5054286283767685
0.50827046405833431
0.48527951822519666
0.48889657371815221
0.49087736227802864
0.50722867464700805
0.50872956997866792
0.49577593696699901
0.23351399354502994
0.25783006054167995
0.49985664732047319
0.50058136347302373
0.49850051385116034
0.51145421014011916
0.48507176588984718
0.50209785212769664
0.4910412437129556
0.50181377867325272
0.49622111201192753
0.51095950980436899
0.49453615161097253
0.50195418224672439
0.49240676801670386
0.50712707260547352
0.49640935118623569
0.49434837451660829
0.50139719015017803
0.52802813259638692
0.50173346127545249
0.50327607468939861
0.48195763559350846
0.50546626572290732
0.49490491131393011
0.50043250799826555
0.51546271073309424
0.52037964992806174
0.50692799661770271
0.50098244487505161
0.49677746441984721
0.47906888589362745
0.24482074697723305
0.29793012758216486
0.5020519849221875
0.51596169589044871
0.49589542052540936
0.49489009509225051
0.49453589707100798
0.49635561622762175
0.50038130931949987
0.50851452014154541
0.49166182468284508
0.50268544584575792
0.49087904429034701
0.49594387727332911
0.51227989797104478
0.50373007240231393
0.49369613124872425
0.4960034431544143
0.48236328478767931
0.49080579163844174
0.52625380592034898
0.49337050560348727
0.48940993391544069
0.49350931561043948
0.48506281597657885
0.5002733819191173
0.51637367130071776
0.50993812517392523
0.5038076169737824
0.5218081970760805
0.4948376858752313
0.48409394367769443
0.24192674901472883
0.24569006848771677
0.49464781846671152
0.51572090558550521
0.48478892432825205
0.51774737082133671
0.48493580197751956
0.49521181615720666
0.49941585870177613
0.51262945820516048
0.49887061411696404
0.48412701055815116
0.50339109685904215
0.51664174973433274
0.51492900729306779
0.49338075884929555
0.50105405737761444
0.50072461778955046
0.50889814893456708
0.51551842245594881
0.51009409800155858
0.49570903881115524
0.50574391462482815
0.50525104411590072
0.51787533812280184
0.50616512850607653
0.50337663491847595
0.50996089116896448
0.49492526151295424
0.48756792599129872
0.51122180655728289
0.49631993816862374
0.25563702803278038
0.23352835484670229
0.49325272998335379
0.48497464359883874
0.48444647917464573
0.5140169294745226
0.4927763376198433
0.49938557476912449
0.47791384408043025
0.48333719773953715
0.48536770597045142
0.47876084310797962
0.48180903528820657
0.50863258339088901
0.50752207246084358
0.50234615787257586
0.50138048027923099
0.49147321719762621
0.47796363999099573
0.50868597948966132
0.48444667381463141
0.49175315713782103
0.47675513892295512
0.49756705720271921
0.51487261494943037
0.4704003710594708
0.50067610792309136
0.52215117221665741
0.48864883746811227
0.49340162554341416
0.50887217648461636
0.5030156191703361
0.31088501149522946
0.13530474430955475
0.29120253673442159
0.24962569579127786
0.23950560297852747
0.23934104451654484
0.25181119784948797
0.23311024084500573
0.26306017254913627
0.25164732771931086
0.2860041173038243
0.30351106858819044
0.25039532597028247
0.25316951748647759
0.25108782445405226
0.31899580165752978
0.22539535369243649
0.24785314155417484
0.23329835118542103
0.24460982336556264
0.21896524878482559
0.27421070693799127
0.23212934807352631
0.24058196704577828
0.28101754816114394
0.28135856869972026
0.31548560406001025
0.26127184228438916
0.25602571661511409
0.24071129619147566
0.25416370342116723
0.34638554095390994
0.17115019632130785
0.13666436558358433
0.26363474222917122
0.27321444388115146
0.26547089012510028
0.25087790119147702
0.24305637773071281
0.24405430425826022
0.22628578490796789
0.26135005645312809
0.24965710723710619
0.257420880332276
0.29160614167161397
0.28111780315853596
0.25575150488706205
0.23619486720816257
0.2629887374151324
0.2206750332978113
0.2642509953722379
0.26675836369730066
0.23062657210503273
0.23542142268862251
0.242565406979174
0.22895148979953361
0.2464352552852461
0.28427473298176437
0.23509688806499804
0.22056446344967745
0.27083466182742127
0.21465175285895521
0.23629566899221624
0.25620544709987875
0.12795402702431533
0.23236287443166787
0.50837366354811409
0.48570584205312006
0.49890311340432958
0.51034900323056975
0.49360379529021525
0.49806372486072631
0.47768135672348672
0.50330711487739943
0.49418910969340157
0.49427207245677329
0.49048395914436022
0.49341792695004738
0.48676095284883597
0.5166999434570243
0.50169165829505347
0.51502297574627043
0.50567754125413278
0.48635864710056331
0.50605534145339071
0.49916605969909406
0.51394443801339362
0.48683256347245879
0.4857732490732628
0.50618448018607531
0.50211514160125725
0.50125038102877284
0.51290057771718722
0.49289821953349672
0.5045931989496949
0.50751769736465391
0.24042218143932545
0.27157217406554374
0.51078171775645287
0.49288480104155913
0.49162180031353303
0.50724427700420305
0.49237519797136908
0.50027930293799361
0.48906327505481867
0.51934291634446894
0.49659828761263997
0.49307200376220184
0.49754711749620489
0.49836769018386295
0.49983915378765348
0.51008210702877543
0.49414971566200411
0.49214885624136412
0.48577428132113049
0.4969552938962265
0.48483162811367181
0.4829398804600053
0.5222939068274981
0.50254049558839897
0.49780195047375797
0.49509564179983845
0.49953330699958209
0.51958096340743176
0.50499529948296307
0.5083342885287373
0.50497883754065609
0.50356724085576676
0.22652193397718229
0.24717990074074278
0.50668237699291707
0.49939577954682013
0.49229540174497927
0.5003904188667041
0.49216402703824824
0.49592949654733198
0.49110369517273283
0.50444000528002908
0.5096367465483298
0.52668698975357797
0.49528406902322475
0.50378389167142457
0.50441192265926316
0.50404608498496206
0.5044432040799014
0.49155618380332694
0.48421548921222185
0.51116445010694178
0.49621814242281043
0.50740147694160442
0.49951380886818836
0.50014533736376432
0.49420357004513532
0.50873289329351534
0.51324071408674388
0.52341885598400861
0.5195708195347094
0.49216652950252959
0.49082574116455047
0.49316717190000547
0.24031757005032453
0.26104317604929483
0.49447905401382569
0.48624238359864397
0.50708193178464278
0.4878642990211306
0.47904148123763474
0.49715184865367423
0.50717992238404552
0.51626391072285371
0.51903446321555591
0.49975969653380214
0.48913262488026693
0.48137818521548886
0.48879485899017067
0.48849836242766614
0.49050680907156352
0.48856743456195278
0.49640352217895084
0.49034029863986295
0.52001204498446918
0.499228561423604
0.51504486646216552
0.49511733931885377
0.5042602918996778
0.49231234779452215
0.5031847217354225
0.51012303358468514
0.50018256185524801
0.48862159333094796
0.50609163478506536
0.49871708253044561
0.26028738652535494
0.24118921658060768
0.51782096092785757
0.50624814717270616
0.50553191533807029
0.49455459478541397
0.49847664882191345
0.49891122974024132
0.49831987042466863
0.51371361433217
0.48410071561516715
0.50532925186669297
0.51354205432676903
0.49664729553367726
0.4851512929663373
0.5015639192283885
0.47860384574829695
0.50637257591533591
0.49668376837736344
0.51509808113095834
0.5050033540309623
0.52091613614855448
0.50948088732786223
0.49470063256803526
0.51625825498268929
0.49852483195185832
0.49030141740901734
0.48827502043034188
0.50547848444363397
0.52624304412437939
0.51133992274089402
0.49557830442985173
0.23975808040892693
0.31693991288088125
0.50140413231928482
0.49669914825450806
0.49040014035893992
0.50650088354009459
0.50572431627728165
0.506607003398725
0.48454638909954184
0.51055439785471679
0.47551162574039296
0.49560889718905571
0.4961578916315848
0.50006308048767523
0.50592584936151541
0.5090817033245526
0.50021628531163209
0.49539603657331699
0.49407018034213745
0.5040662505327782
0.50487952027597793
0.50611239333710578
0.50248237129396911
0.50841221844301765
0.49913402872316759
0.48945122999171281
0.47569978824790998
0.48906140555645128
0.50306241535715968
0.48510848779959365
0.48274293902103038
0.4903394262047005
0.24398623552565582
0.24430021635381402
0.50133592138004635
0.49930013326336847
0.493681501865259
0.51210026053495039
0.49550833103421665
0.51087625321225749
0.47442400620784253
0.4867183791730485
0.48572018053203891
0.49114102260450188
0.5053137478352463
0.50754539913015917
0.49838255548308774
0.50004224609174186
0.49954428008094992
0.49924703787534386
0.50158880055025257
0.49164964210299095
0.49380257206820505
0.50468780851188977
0.50141115684913096
0.53014816041235058
0.48402478997375797
0.48864918537473584
0.48473784403565934
0.50302846653276279
0.47746450444643163
0.49627877050103369
0.49451832400984419
0.51919192659731872
0.27738846045395377
0.23345011302712276
0.4738966223922797
0.49159941071862578
0.50212790548031649
0.49742847400636137
0.51449287561665247
0.51994534296251838
0.50863344355559592
0.4936044938890719
0.50968813679872571
0.49508961209278723
0.50019354814635275
0.49585901029658069
0.4866045539424621
0.49570264256620328
0.49058461515517393
0.50678879634362883
0.49807100411764527
0.51016974471838039
0.50265035641210587
0.50122010927135863
0.48905579288048795
0.49353345649134833
0.49963232393594476
0.5092559308835567
0.49224105545115421
0.52467994910515325
0.50165901876904739
0.5020599615058946
0.51638323504091643
0.49491269534345911
0.30080086404992445
0.2297907931867286
0.52753886391531757
0.48556637515775275
0.48394512483354352
0.51713736042806102
0.48768427474145021
0.4901677016327689
0.49071849367655668
0.4864343430732444
0.4869513948801229
0.50300025190793074
0.50580863974024171
0.51311855139442475
0.50327572166081525
0.5088381263143984
0.48209415164998359
0.51125965504768933
0.50706227635947188
0.51782803862111115
0.48589922527091556
0.49519447141739098
0.50061226466956765
0.49035507657678107
0.51346879980999061
0.51256333231284323
0.50313814346359909
0.50757184716763892
0.50204637652293704
0.51543522648124196
0.49387840989855386
0.49258096149166297
0.24603035916794422
0.26029462617255777
0.49330217617358874
0.5032465045047978
0.47972991565071776
0.5020473554134639
0.49242479155903929
0.52208198495969871
0.51227843281625551
0.50190850655533781
0.50496458071514683
0.50615918413649297
0.47153523196201735
0.49511726071610268
0.5032125926967056
0.49462314717540579
0.52189268463784166
0.50667947109932843
0.49293493703078406
0.51422485997699663
0.48739847984818302
0.50213380468637359
0.50802538447088597
0.52494375247886582
0.50304061588855986
0.50140553918331721
0.50807221186284168
0.49746258789993381
0.47205546112022029
0.49848333824853386
0.49033271586162702
0.47487950904399201
0.25275178565729939
0.23419419789928256
0.50134421919732064
0.49802109949250406
0.48604721958209318
0.49495210206099843
0.49332419449855275
0.50689126209770574
0.50937151071133913
0.51076703348429509
0.50852211438733141
0.48400635831030919
0.50469451978425117
0.49984827777633883
0.48301449846130734
0.50617152216601535
0.51454005691411564
0.4856452088453484
0.50706144628706928
0.50583246242802393
0.49340242872535189
0.49071719389909924
0.50927182502840596
0.5253711793426703
0.50771839353976145
0.50987879599572594
0.5052858752897551
0.51616765190303304
0.51730143694668718
0.50641742140003321
0.50229034431235464
0.49598056631505855
0.25208740819401204
0.25340694642517547
0.49974400164952409
0.49552198536194431
0.4950352413415704
0.50799027351441062
0.51059944191479523
0.50842023548589721
0.48184520409786941
0.49934796351005289
0.50278093255668621
0.50322730160241824
0.50658844003699965
0.51368932259494748
0.50750478247558828
0.49085808346868615
0.50436396386187954
0.4911121068086613
0.50392676825382565
0.48572404146623521
0.49081040996342074
0.50703940778562395
0.48786306347627273
0.48836912383222131
0.49666314474369988
0.46716041731367525
0.50127846083395755
0.49726907261356074
0.51625108068134373
0.49614192658928763
0.50160093013807372
0.50570625507618228
0.2889315259424704
0.22603174321401673
0.48533943769002486
0.49945338859798555
0.50977900768238804
0.48724478464664689
0.49123639021304055
0.49214677474678548
0.49382962458036794
0.49227562175438122
0.49915190588119046
0.51703953389442703
0.49505445719654473
0.51426490106501188
0.48956418611682656
0.48643676146680387
0.48791685433316789
0.48284675988640202
0.49564979929981551
0.49737061760886098
0.48838324339639072
0.49402877142564128
0.51114173530905527
0.49293343411022422
0.5109452628314477
0.47698221770179994
0.51113919002232222
0.50884283388017781
0.50243907210520722
0.52090456079960812
0.51351595545370221
0.51533456662343868
0.25825419911741054
0.28493947169282824
0.49365941687171605
0.5072759344664709
0.5028792197913825
0.48658088185559367
0.50977677010363442
0.48706164790258816
0.4944241205403091
0.50615340551796184
0.50950819438681905
0.49198528491576116
0.50213941475924651
0.51553662253555554
0.49835855343083452
0.49348626850912175
0.49300983047112301
0.49149175910102955
0.50785786049648762
0.5027928075211392
0.49776513352495805
0.49987885485507288
0.4985964004483725
0.49231557739257126
0.49938707781866465
0.47622283159865852
0.50210984232139422
0.48220827997908722
0.50561112693219989
0.49485645489759733
0.50032732216229703
0.49036203656015481
0.26029004795413441
0.25882415658839747
0.51447862275368228
0.51896888775730121
0.49047574679399319
0.49209338668847757
0.51068817831577917
0.51485524446284814
0.48973592643853009
0.49160546779363218
0.51881907722222398
0.50675937094380508
0.49912357296065418
0.50728310623387585
0.5029345987662418
0.50611525991756334
0.51644509289387275
0.52428723132128341
0.49216418159375253
0.50777979457244171
0.51301154452177755
0.47811950892042537
0.48751103967522841
0.47782542769779635
0.49191788019528904
0.50439291688993815
0.49009054269193308
0.51090849970622276
0.50586190522073426
0.50870836417754417
0.48690602729550303
0.50467499423221085
0.23847161211452084
0.22959282353979715
0.48751399658133338
0.50811241084312198
0.50609760382206603
0.50145165395527957
0.50032844131077114
0.48864634570027776
0.5058807910090054
0.4947640597748949
0.49898036629852416
0.489457512961677
0.48898488205126245
0.49568382152481133
0.50636963743088992
0.477997763476191
0.50378631079484315
0.51055563786934288
0.49111624081875022
0.51106478549107193
0.49691608000772902
0.49516531248542067
0.49839030178306543
0.49404681496536695
0.50975272675182237
0.51168417219283635
0.50683206659163704
0.50176894150144458
0.5018534029746089
0.50815875996233661
0.51788222073008483
0.50123367384919437
0.23408537125462131
0.23378483987087137
0.4807062654030671
0.48628310885760712
0.49359862343391603
0.49261530339757659
0.50377913257150875
0.4869982624255107
0.50581432914235158
0.49659516094909595
0.47242191238456893
0.48875492662762171
0.50003232811989173
0.49857962297201919
0.49499775401350599
0.48167031470337568
0.49899084795024035
0.49613227818708572
0.49046925699318011
0.48603129655056404
0.52950316950527399
0.51854932655068464
0.4953526016963179
0.49846322216922906
0.51807099215827346
0.49689781288562468
0.50079507051910377
0.50368135727817576
0.48827529435131212
0.50688580061034072
0.51674958791918191
0.49455962281711457
0.23384358857330903
0.24376623234178435
0.48378435001820425
0.48346277042789004
0.4939085854421611
0.50916856907573904
0.49909098844635869
0.50569036379063859
0.51537546146036339
0.51540142488347229
0.49480091084395716
0.50970354867897005
0.49316998807626949
0.50703882910419251
0.49469324025352224
0.49048116426564231
0.50930410433881346
0.48673909616261934
0.50594966129448349
0.49548053205824855
0.50395088668693644
0.49088817833846193
0.50096345419535337
0.50931250889794943
0.50948112680105273
0.49257584915984387
0.48036771435954517
0.49380617843347419
0.4930167637979207
0.50013392471219398
0.48898362620985614
0.50573040161342042
0.23541897865122891
0.28537451142061965
0.49510612149980215
0.50021978300157055
0.51741916847277536
0.4927623346766683
0.50371724572897958
0.49838988128224376
0.50574240436215123
0.50129893172163764
0.49199783930873869
0.48913031894851439
0.4968224772152523
0.48850183169956224
0.50143672275485318
0.48884146518416249
0.49539337495856006
0.50344653714988008
0.51235014445432048
0.4955503752134327
0.50719234028330651
0.49043651039201452
0.50983000861258099
0.49336869765622876
0.49950612422084167
0.49327730537146081
0.49233726785067533
0.49255172863104535
0.48919091940018183
0.48278137701152707
0.48663009438184779
0.49259876283857368
0.26239715491956983
0.26398280184466599
0.50974500946667889
0.50116928155728657
0.49407899472659239
0.50848439530312906
0.48773393511084778
0.49216679695027865
0.49278090513283301
0.51007816354971269
0.50615939405780097
0.51731292834084142
0.5125477176889669
0.4890570818019197
0.50458206675521677
0.49749806954061954
0.50129276642472564
0.51386302192046407
0.49348976180960846
0.49307025554528228
0.50846696027237903
0.50267858878545824
0.49144394762438953
0.51221210147640883
0.50746025317222421
0.50971595174260143
0.50457346899531674
0.49227843692491291
0.48783817036905747
0.50884116681702052
0.51630085349886445
0.49970355783931647
0.28357595199208546
0.25128911187845099
0.50297209814337251
0.50927006723174284
0.49196576172644668
0.48326316079800485
0.50991662870433663
0.49565404732088381
0.49356158116727167
0.47660062112141433
0.51346921168760229
0.49554083562350776
0.50188193339406761
0.48869910922650533
0.50414933612597246
0.51120860290441339
0.49917134943580954
0.49381817855310428
0.51534577034423878
0.49016361813373732
0.49373919659040494
0.50826822684613349
0.50038373033182837
0.49391047003689859
0.49728079884533211
0.47869512389182911
0.48811082328474242
0.50897719202603309
0.50003622151548499
0.50703704516630221
0.51314864247979841
0.52444875947564673
0.24609306546435281
0.24378067029253184
0.5214637989057217
0.51793217591644047
0.4970192912216454
0.51339166458304486
0.50936180728367186
0.50484998444815576
0.48275022374135662
0.49852868088762725
0.5074761387688006
0.49664025992877592
0.50736011513684032
0.4938230517304476
0.49959269876533718
0.4938462940102597
0.51064599512547026
0.50334750927000071
0.51405172939857779
0.49752744941335381
0.49963591161631138
0.50369331610636614
0.47407022981468017
0.49262698195345739
0.49357092723172158
0.51324982166719058
0.50792070684711488
0.49198480747321233
0.48934806384223822
0.50122310497897005
0.49854547371089897
0.49396531145833511
0.27511867526310774
0.23948444619120848
0.51428514468270392
0.50510138458702813
0.4933798095094889
0.51599961149615381
0.49658578923566199
0.49544134923148425
0.49910312595846751
0.48161123510544146
0.48507295707049203
0.49137916887269678
0.50602089603595735
0.49032162620495884
0.47752752646180746
0.50776597804023671
0.50282313937117962
0.51534997052933684
0.49694429205943769
0.51550932154444995
0.51084919047416755
0.50067943650005409
0.51331196119408251
0.47971942508502158
0.48969644004521251
0.50458818870196898
0.50123520921298259
0.5056957312736553
0.48679268800831055
0.52095124471212428
0.48976000805882502
0.49538366755127256
0.24861158777878697
0.23907606177073398
0.50864062276673172
0.47948853100735628
0.49946418766762185
0.4940175088858384
0.49737034665776253
0.49521337995434417
0.49688715263400357
0.50400200638448478
0.50499844327944721
0.50524054537655205
0.50715324149713759
0.51239961560284886
0.51810457553946776
0.48313049101443178
0.501634170178345
0.50446584056871646
0.50344732856359398
0.49525178159430594
0.47974433621416562
0.50695143472833493
0.50130937209239901
0.50200644866785005
0.49573742722170783
0.50390943917758912
0.49559263468736298
0.49433847508846729
0.49278871092633619
0.50461147860945743
0.49446185160656947
0.5146825510814852
0.22839998412387658
0.25838154980702605
0.4919384613360408
0.48462648487161175
0.49236259818355327
0.49714991176742385
0.49010605575419014
0.51697577420463825
0.49150559034237828
0.49156360650194025
0.48979990873086676
0.49766034695149736
0.51445467932749445
0.49907383438996478
0.50690686616073111
0.49531648537600503
0.4899238819455986
0.5114620114657259
0.48425912332552229
0.51260813605735356
0.52281026839171996
0.48434033348195416
0.50212531043478215
0.49406261084759884
0.49956605106268853
0.50422960192754573
0.50078311209154935
0.49637450967369839
0.49945304354793008
0.48772175412647362
0.49947275404681474
0.50332296658393105
0.2449182899625956
0.24223756123747414
0.5096228305188808
0.4742247261761765
0.48816524387389554
0.50041829063719612
0.48390307216612549
0.49746137117042816
0.51372354257995367
0.49122909992054964
0.49700508550187555
0.49973433110047366
0.48888053368084489
0.48494196437099141
0.51840146400732745
0.49061848520712892
0.51564767145758938
0.50930082749491745
0.49696815370417174
0.50916839315201967
0.48056416364064825
0.48671971329544694
0.49498798905020536
0.50198248393335398
0.4998736189430989
0.48860595194736173
0.49280671323388137
0.47789186377695225
0.49936571285418402
0.51353310811099939
0.48684556139600321
0.51116629497693833
0.25917853560395127
0.26842847364415051
0.52312662023555423
0.50102249934306431
0.50766740852374914
0.51708776997638262
0.51843799131010104
0.4949355064581038
0.50844653822202701
0.49773316588838995
0.53719083742629037
0.47929930765388257
0.47396511368162986
0.49463060666701419
0.5105184990466467
0.51497432996157355
0.52192077340915322
0.52126231016442914
0.50771838344210507
0.50931732761746507
0.49590348555019498
0.48091000379893195
0.51350246118926268
0.49742365501764196
0.51683020353470288
0.49871214812641984
0.51230168281444233
0.49732752276523107
0.49805252291168239
0.52027378892528253
0.49832454980427843
0.50861758166481141
0.25596250268621612
0.24992959673058426
0.50998922059856255
0.50256166114009493
0.49189823602608523
0.49959493896660417
0.49150332724483592
0.4937082444789338
0.47867531235145366
0.48579793923070796
0.51700827270801375
0.50458780024523942
0.48914130914720355
0.48539253704235552
0.50156215144867466
0.51222026953292987
0.50283790256857352
0.50389519426594431
0.50084152305410656
0.52240152483753954
0.47869674281029079
0.48984942814038807
0.49522349944041455
0.47503474700693626
0.47483414692153009
0.48587464986055218
0.52726285495086911
0.50501635148760693
0.49777260503164561
0.48264213047892557
0.50862943875031075
0.52976706160543641
0.23859842927982969
0.23857736193159712
0.47917616979627264
0.51361610659898371
0.51168095222881071
0.50881734018132063
0.50380225223174258
0.48448594214411322
0.49722492735553103
0.50103270269760991
0.52195239195627052
0.51346064350756515
0.52498614433890889
0.50386381418350545
0.49760766897548969
0.49363851560621846
0.5131062109458453
0.49490683775075334
0.50479694316014478
0.50417014874975474
0.49194471184851812
0.51384697134171842
0.49887458754870656
0.49136491722339715
0.49989818393584817
0.4840057090749742
0.50003231850421803
0.49963847493438746
0.5066870974442319
0.48303897589632405
0.52641679719060996
0.50535163751662204
0.2600930376215404
0.2255581202726534
0.51493762191146542
0.5089356969854345
0.50151735746044201
0.47971515024539885
0.49881639379827214
0.51944269183658842
0.49084051731862266
0.51632728177550213
0.48420428423685569
0.49987195259290024
0.48802262762121756
0.49792696400822545
0.49777506148390904
0.49998330032662064
0.51542690193008001
0.51178674443763172
0.49889257400607673
0.49447907686555476
0.50846931010970964
0.48665514490475986
0.49935847115718979
0.5023715390641087
0.50772875434727338
0.49686726162044959
0.50313547086867472
0.49731809394090853
0.49342795338505957
0.51358784320273621
0.48940096745851913
0.48518918837786795
0.23984233387102408
0.10562948159121156
0.25263016567862362
0.25770528707373114
0.27357930896542754
0.23710186375659689
0.23143538433472269
0.23560417000037867
0.26451366665319292
0.27735623787406344
0.24289101485634562
0.24245537791541186
0.21525226280033113
0.25202823241496497
0.26983987920315994
0.24256090725550131
0.22434827832110704
0.23575974536728386
0.23759347431412625
0.2720856429006856
0.26209029261338063
0.2446176649765425
0.27478223115646594
0.24504965638784193
0.27440770204406889
0.2292179039027305
0.22595112368359241
0.23442653806384006
0.26312166777911866
0.25291649305953073
0.2787043715096334
0.28622717423265032
0.12571015063079419
0.13209524330810488
0.22115929673623713
0.24424800245833569
0.24790288347682846
0.25645742900470009
0.24036982171177312
0.29958921427930391
0.25055304517616933
0.23957598653115367
0.28383345411986005
0.22935879466709139
0.29112444451085073
0.22744795778548033
0.22748000914527436
0.25733520468966925
0.28802355249385547
0.2497173609292084
0.28942821055167295
0.24081436627741207
0.25633897170059422
0.23077857687358022
0.25018985008000921
0.23900719485907732
0.2386879339337809
0.25738745328021406
0.22469156673688392
0.28815566746865517
0.24006356214200344
0.25956013151167595
0.2464930258526796
0.23123443997991758
0.14004997028107927
0.23969436642156236
0.4833183499231074
0.48351494058571942
0.49936648650506821
0.48129293706124471
0.49488648009891706
0.49656601754220159
0.49401642272654916
0.51240779641442902
0.50703745856638305
0.49504524061251043
0.49375203042915594
0.49521160601070485
0.46973333698985203
0.49860930885003096
0.51183220315363409
0.50749019223951519
0.47338348760098065
0.48394238646576976
0.48871004547573449
0.5007981211896616
0.49884993585640219
0.49768869560706791
0.4979668229827735
0.50063544044172448
0.49951149591433436
0.49443453477367255
0.49829433335780499
0.48400959580632447
0.50853557923489634
0.51304152336683029
0.26361573692519491
0.28362849203257512
0.49030394855490017
0.49343586517703836
0.50400155316691575
0.51834064064329954
0.49347558467115515
0.51138037753407206
0.49165457160199383
0.48552057598000464
0.51510880386783264
0.49338486690567573
0.49215864826603201
0.49764399530827003
0.50126688445025114
0.49106241254110644
0.49392590587442292
0.51703089331004748
0.48801989792281653
0.49737034665418772
0.51095656097960163
0.49034804813650873
0.48158171336533329
0.52113345376263287
0.50964306624434941
0.50352478051592087
0.49066775153558267
0.49845481281498882
0.49620205110801824
0.51010682225441029
0.50255201197780108
0.50722223518735432
0.22936133950910315
0.28355267863588363
0.47514570260277
0.49028770602076355
0.48312450861576406
0.50124896232841287
0.49641498684996244
0.49902386556314837
0.510483808984461
0.50124056624488056
0.49049537888186934
0.49600214223564765
0.48827446742910152
0.4923761362418867
0.49535230743148584
0.49914290025126951
0.50495249176522194
0.49240599582051164
0.47613681015360931
0.49656925383918082
0.48781623856371392
0.49354773677657726
0.51845484491637972
0.50833281806027109
0.51508084413917632
0.50032405700759031
0.48252361909246894
0.4887726385901161
0.49300223848295266
0.5083617930733374
0.51904065433071245
0.50780820156642403
0.30096297520473425
0.25308849150365487
0.46916928835085631
0.50104391029034778
0.48627860723296562
0.49303248437695552
0.49176074140442627
0.52120637411257642
0.50202528583205286
0.48524411628097586
0.49137788596290433
0.49844441872141748
0.49609909600841895
0.50648051832309338
0.50476520951243231
0.47842120847872999
0.50030579958362575
0.49173207680124248
0.49643368688374112
0.50733770879618934
0.49697722977514203
0.47860125044674018
0.51113342550641994
0.50895477567646275
0.48262142794957152
0.501607989504116
0.50135988921605301
0.51675713767119358
0.48958368967350441
0.50449205496546057
0.48966635535266539
0.49423680844408319
0.25966281533090546
0.23437815583385871
0.51145966882868332
0.48228503810566786
0.49318194583581193
0.47082142981184699
0.50433832280074431
0.49198712646240944
0.49985306205503688
0.52311199113864759
0.49983865751477019
0.4867941588396103
0.50834179194424345
0.5054015294245694
0.49447233209377511
0.50051635102780256
0.4998723908948553
0.4946259174838023
0.50673261112821177
0.49360421353017331
0.49579167705370303
0.49985542966932711
0.48682462932263099
0.50491709509884863
0.48476451584368463
0.48060269364676272
0.49396367655879841
0.50680654410761261
0.49990752183865272
0.49387366320074205
0.49427839350357322
0.49731711950887642
0.27150669453360449
0.2841028952316178
0.48559331562089086
0.4987168527670876
0.49919677870455148
0.50478338897835184
0.49159088365392578
0.51314527539201871
0.48769255146439322
0.50416555088327364
0.4867021699534288
0.50087166963733964
0.5031717774727944
0.49730008275356458
0.51464171523382729
0.50455941684212102
0.47701563821986592
0.50030609157442252
0.49773520609929317
0.48476893877512001
0.50005231496036651
0.50798596869556767
0.51313188749831118
0.49623985914488178
0.50691050564547069
0.49186011827074788
0.49908345060174303
0.4895561109856203
0.5060201153045758
0.49697378553494798
0.51201620797168412
0.49712968575686572
0.21824516231075591
0.26567235669732292
0.48777093473879535
0.4935517471619732
0.48921922358281228
0.501254050496315
0.51182479234318079
0.50756327205372898
0.51293933332794195
0.48398488338832291
0.5069147077496724
0.51086664998080222
0.4925890030954071
0.50220702562692465
0.51280957496617219
0.49577538723873493
0.47499056821605146
0.49902373370443159
0.49174289258244513
0.51482880053702174
0.48971975681404584
0.49867306368990039
0.5196916434961012
0.48587482402763271
0.50261374904723033
0.49171482495088475
0.49449417726029021
0.49870606842038318
0.50199391801551252
0.49645404776806051
0.50587010595627169
0.53358363765190808
0.27827418817517213
0.2348914315126211
0.49457471057216285
0.5169309860595438
0.48173419989665595
0.49764622450705454
0.5134870635196469
0.50216397363130638
0.52190568971675655
0.493279321206335
0.49132616997470541
0.48587828955753309
0.48207666365983037
0.48223226749853615
0.50403424972517763
0.47282266883392504
0.50534644843220866
0.51115671671670482
0.50057163349335898
0.50284163083286781
0.50520785354544173
0.50644295843695952
0.50819645671257163
0.49165051206078159
0.49232005094753017
0.49861261012448749
0.50295806215953975
0.50839208863259666
0.49190350668875493
0.48560697897829985
0.49943525410624745
0.51848560592445825
0.2496373871686253
0.22790626779224607
0.4968563682957593
0.47276990171366057
0.51604275108933118
0.50285711444414882
0.48966891376870569
0.47664986026688422
0.48069337610410651
0.49476897619409149
0.52169480784411926
0.50628979733637614
0.50806663364488902
0.49618022463834549
0.47983052990546299
0.49320639209127071
0.53173708310237378
0.49103429844786989
0.53020272191533169
0.50067981118027671
0.48502938468202167
0.50531782077882059
0.5091918623072399
0.48165092698049744
0.49643000067528936
0.49034494629539893
0.50359708859225261
0.50373037076967297
0.48355871939403522
0.51740852792477077
0.4879709746036589
0.4940921850320768
0.24326950955961021
0.23573653264926234
0.5002644100546384
0.50245232265791728
0.49558026164572977
0.50690236480432282
0.49527148383542163
0.48216611844869561
0.49635256268875089
0.49922710017022776
0.49673231672467771
0.51526584589949809
0.49578334288267267
0.52010856257787486
0.51502697770218309
0.49114155921190977
0.50259341323357809
0.50770783094873662
0.50984233294643744
0.4951735512815944
0.49686940085551845
0.48746718480322843
0.50264823313966178
0.50033274593833765
0.49154004312384098
0.49339934760424847
0.5052605775754353
0.49876590280971844
0.50374296102850014
0.48154796509782999
0.49867248803124653
0.49941131745030748
0.25637877226689404
0.29958363779627134
0.47973691431290127
0.51807239221886636
0.49350629406526925
0.52169803382753688
0.50570468147916514
0.47145423848629731
0.49968180982080657
0.50371248086444675
0.49331293814058236
0.5048544776974091
0.49159978972601964
0.48562723120462736
0.48346226676137921
0.49590735038763128
0.49070096231254173
0.50606318836787867
0.47801785957586951
0.48328426057353568
0.50462672113058582
0.51818747734219439
0.50768863834232147
0.49124262722494844
0.49103911269858008
0.50496278265977601
0.51412607321803494
0.50086950217149528
0.49655196534422119
0.50823948317455403
0.52843889319591619
0.49044943207255481
0.24733549292850435
0.26760627531703118
0.50520566003964373
0.50117263552963975
0.51017226666296611
0.49035742325503368
0.50264629530728266
0.50395437612268756
0.51679161232317594
0.50202495428540439
0.50380672636474821
0.51013766744997258
0.50800485340310653
0.50337658446341116
0.48523048425471227
0.48392739432468174
0.47105557397256131
0.50434973239955161
0.49924563488225882
0.49511375008427261
0.50356026176748259
0.49164462414309407
0.49878422297513347
0.48634643675856676
0.50357363291475199
0.52244378052601115
0.50579508146768493
0.49686791556482213
0.48539211010298039
0.4978503385666167
0.50884819063406439
0.50935986115085252
0.27132194115915215
0.28087848193005505
0.50102259424966122
0.49925155278191946
0.50063575378881175
0.49747206253002924
0.51080441037960578
0.48997030140561754
0.49415461067014754
0.49947190127365632
0.49848516925747727
0.4911297763275308
0.50284992863350153
0.50555069878951897
0.49217264128111438
0.50767913145040255
0.50403360251860674
0.48490847955821359
0.48467110119685736
0.50615448852569189
0.49143868933995566
0.49929621872563179
0.48520575443810582
0.48198023300781578
0.51946398597765731
0.48564445705098463
0.51456636158446434
0.50961492606779524
0.51101705005819076
0.48565549244213491
0.51176073213604945
0.49715364233753595
0.22964367304126118
0.2428067555571207
0.49136090487398981
0.5031138671693961
0.50049952998107172
0.48925559632948246
0.49454270129173522
0.48978496175873576
0.49405154147529895
0.51376793086799366
0.4972829332072386
0.48895817654769597
0.49459631102115609
0.4909364820074294
0.49373234202805705
0.49330478396806965
0.50426859119042522
0.49403717827130644
0.48910319176466149
0.51287626090330041
0.49952226851307735
0.48989129992907576
0.49224373666611415
0.49848739983362039
0.49487973245400385
0.48433551628102595
0.51154643628565077
0.49003567224947109
0.51188530445945013
0.49350838474495712
0.49087497455977863
0.49492907888796961
0.27088417274996479
0.25647081180329179
0.52077329060556676
0.49756104177453769
0.50540494265491109
0.47425214368007962
0.49069308839403319
0.4793695187166373
0.50039930406110533
0.49117345181088901
0.49010319984100736
0.47120537975708487
0.48941604618473744
0.4996863273256284
0.50541335434176371
0.51500432494448123
0.47770156977721906
0.50358437968251346
0.50302504037348128
0.49658689508469178
0.51377604069939831
0.49894869755539861
0.4768807649106192
0.4883712765080801
0.51074131383289834
0.49937800369806112
0.51474745451390036
0.4985820021166103
0.51440843885617915
0.48623428071771524
0.48906805124479902
0.49402437499623497
0.24837813299855038
0.29789152419026099
0.4948034782688091
0.47730720841554902
0.49154800362914347
0.49859153366715175
0.47628778097802138
0.50854089906099353
0.4994384178342649
0.49921987131321821
0.50886211989644881
0.4893291707417281
0.49867317766524
0.48514462996623392
0.50033755685513459
0.51280058149618157
0.4995212013983511
0.50724253894316296
0.51342514551580221
0.51245937255355023
0.50235041472242437
0.48249061841419932
0.51590838663681149
0.50006459213995236
0.48617836434146322
0.49493474098966078
0.51313586117540089
0.48830859478446126
0.5079293080158841
0.4973527959497559
0.47612985822885923
0.5104491441028397
0.2784416315337046
0.26658781469072224
0.48738438008540724
0.48115323914360941
0.47509853158809262
0.50538058707516187
0.48844943622971848
0.49423949213240254
0.50800323536245962
0.4885479378565647
0.48894159770905854
0.49333774445212319
0.50441111017952622
0.50903253486121736
0.50687775685545089
0.50866435274329769
0.49935268416926326
0.49306627709497025
0.51159697218891109
0.50131273821951972
0.48703875361516835
0.49377494391208804
0.51972931372300712
0.48239602828108513
0.49527559757813916
0.48827214004941738
0.48105024570873856
0.50019204081967061
0.49744157459293381
0.49512973521669834
0.50518619945916732
0.4934929360206482
0.2599498116120878
0.23395804485831864
0.52359901764585348
0.49084683579968635
0.48871710322184098
0.49308873227578304
0.50009030093994911
0.51123470418465577
0.49719170512782346
0.48159290037040925
0.49288690923325934
0.49124033322143168
0.49973351103477848
0.5341877636050939
0.49182449133236272
0.49733886467959476
0.49779730156615543
0.50451048021465128
0.49081997996478821
0.51020168460342996
0.50284192114825532
0.49025269549051392
0.50697127042862755
0.50076565563406017
0.49470554700659941
0.50460263697683982
0.5133538207557744
0.49824771429179848
0.49234348569822889
0.48880511321792497
0.50838086782429603
0.48885766505463379
0.2664709231195414
0.2431119617569065
0.5117711024245486
0.49863714591622871
0.49635655250641009
0.50524566811801397
0.49798892712612625
0.51096241527553521
0.47861604485192083
0.48577083311341979
0.50428156192572482
0.49150654630680884
0.50415215502903743
0.52340496119284941
0.49531797557369617
0.48603650168540297
0.50632868233789641
0.48091746052377471
0.49725084779310386
0.49398705591735359
0.51998109102839529
0.49234534666026869
0.51032945989937772
0.49948550921390411
0.486027240292566
0.50012467719874421
0.4868556218024549
0.49601048943395415
0.49042387155888595
0.49932074622926548
0.49944386147487557
0.49388086845673523
0.30108744555180406
0.23593356898620554
0.49083987091470577
0.50039259272284808
0.47937125314174306
0.48758615693590851
0.50536966575874787
0.47987125745222275
0.48332458518453658
0.50962983955772945
0.50324604786199856
0.50540014518985921
0.49748981936213099
0.50273080583691798
0.49999974475028336
0.50351907256164175
0.5084542800242956
0.49402348913822847
0.47620698626229913
0.50907762399679168
0.50663784760093689
0.50566643964423774
0.4984350666242171
0.51230506462030734
0.51128914319132257
0.52069779943564609
0.50188954218677129
0.47486815940935523
0.49682746346770218
0.48347522494451078
0.49666239250568878
0.50610140602728992
0.29897188138566277
0.25163526954311433
0.51626380214452006
0.50912103936895836
0.50362789315073975
0.49550041734367367
0.52824983759814248
0.49187485705650519
0.49362705611714852
0.49821069788939054
0.49778064713001674
0.51590888570735793
0.49137686919330625
0.48139136514940928
0.50198053523343489
0.49830141961053631
0.50911022571426778
0.50658629298032753
0.47270902572544105
0.47859559513764455
0.49181408094461415
0.50241191600956137
0.51718088697495956
0.50847409063273652
0.51809653850214821
0.50636140927416973
0.50571993175242624
0.5106210809699967
0.50698472649938808
0.49735144545672344
0.51127643663415512
0.51589712969690971
0.29510254750061027
0.22508033163945354
0.5052907887715623
0.49482876910564766
0.52328871709610514
0.51179218681552463
0.49799877083858085
0.50751288573506315
0.49502780212419673
0.50293406387167183
0.48896789071141483
0.51200043622909241
0.49164797711629071
0.49564725839495061
0.4922272716230689
0.51965928379537496
0.49750531772366929
0.50743916727172356
0.50187220053720183
0.50068495191946238
0.49483981285952416
0.51575769721391751
0.51738098393994525
0.50931937639696345
0.49841341477506296
0.49629245468220928
0.49781601852565721
0.50176234371690798
0.51229642517369167
0.49262132854276114
0.50379632587652423
0.52211332339646732
0.2439149597236106
0.26746097789433054
0.50506413918713411
0.49965434867884101
0.50472728786448084
0.48435423602631245
0.49554841002790567
0.51605450564521627
0.48837789534501175
0.49261773934302733
0.50120951805858416
0.50090352978396391
0.50145471472413383
0.49147147369165067
0.4847552859384554
0.49830255854503186
0.51474145244877156
0.50537005963975479
0.50667787295690236
0.50177536252520716
0.48483328878739274
0.48448661165661322
0.50505366156117326
0.50176125419758522
0.51244393597535642
0.50190752169168007
0.50800699481725864
0.49766597371873189
0.49814927967714501
0.51825998505813764
0.49760187495977543
0.5021025411941018
0.2380235921281095
0.21850042151185917
0.50752994278328323
0.48036526688357123
0.50764913737392403
0.4827758357596012
0.50934637461569909
0.50624184980910492
0.50260398283628516
0.48738909511855422
0.50757446798035999
0.50547333516889659
0.50789993285777668
0.50284093715609535
0.48631604144563495
0.48501574630386513
0.51446117358089694
0.49843836817570997
0.50100960583630239
0.48051487474240739
0.5013258408058987
0.49035212477450074
0.49853403645931527
0.51388695115957339
0.50584207137201176
0.50394017659562207
0.50329663111265388
0.52081397465720325
0.48814692177935959
0.50401068055653464
0.49631703770317442
0.49242127301025335
0.23891468304594235
0.26502789037234958
0.50604264359387263
0.52064192778164731
0.49660707174025431
0.48961044154408062
0.49220784122128786
0.50654021360948587
0.50936494128710608
0.50911449387056484
0.50725767814099088
0.47782547728065727
0.48439050844130743
0.49239992422492812
0.50457478041419401
0.49089642480193563
0.49752678369936632
0.49985168239327493
0.49194650583169536
0.49920430397889909
0.48410235042306532
0.51495435147051771
0.47081114853712225
0.51093762379031826
0.52251898003547015
0.50528415044142316
0.51856187971949341
0.50029605560301849
0.50345991975288806
0.50247082743195426
0.51024705622248889
0.49806239509303951
0.26339946769705519
0.23291383936634119
0.48678124283903812
0.49949341367279326
0.5030024873578065
0.48883724157422775
0.47793516532533686
0.49046263414513958
0.49780896853533463
0.52631226085819183
0.49156101537539526
0.5063367160898532
0.49690464791563232
0.50212831874663932
0.49829283623236775
0.51292135310428422
0.50982794393615549
0.48914032716344275
0.50282241013160101
0.50569512828846064
0.49175203042730881
0.50327855265076915
0.49770220488249522
0.49261220127138799
0.48244798982881171
0.47184899931703062
0.4983147485114196
0.50540396192736303
0.53019833428829588
0.51493776583889705
0.48753088377720921
0.51612512347987372
0.2556869283416589
0.27685377170409575
0.49408365093920303
0.49703450576683467
0.4931289895528958
0.51224086284989589
0.49375979394562597
0.48522287303403133
0.50599452011326396
0.47814531362305251
0.48492676949422092
0.48471401974054062
0.49609120492497399
0.49703937345030696
0.49723450172739486
0.50490095843744642
0.50014780668969916
0.50049105676749694
0.4985273230707874
0.49827293843520548
0.48193687763858889
0.48302236620922528
0.4850221337661822
0.49776368325396914
0.48866195742123286
0.51780375798971512
0.498110877216069
0.50263852142581467
0.50758729696485427
0.49296072254321616
0.49602751441738485
0.51651254221753162
0.23138792297266392
0.2602501183441876
0.49897884338740861
0.48500833507105678
0.4907854468896834
0.50702570827387772
0.50253652820635553
0.49835807362015105
0.51169091117421939
0.5026864459872038
0.49500250521873973
0.49451857225708701
0.50279098689879309
0.50989514405111613
0.50206231158015968
0.5224786520521838
0.51067171919486742
0.48898617421902618
0.49241815449964882
0.51439365372629653
0.50010344455382427
0.49992029123154341
0.51726828723634177
0.48492366479364774
0.50105387633474019
0.51701086600629675
0.4868236043756225
0.48952597568501571
0.50172138949166822
0.49231653591156865
0.5038491973613568
0.50436595762953074
0.26556596892093487
0.25760271818234087
0.49286615914167481
0.47890913697019521
0.49875113305268243
0.484651571803635
0.51145855266709461
0.48167718436785395
0.47824611456723259
0.49399344250590899
0.48977109442020933
0.50584376765833039
0.50440038434253776
0.48365489676527557
0.50836831348408118
0.50342651517776338
0.51656240968451994
0.50588507098129465
0.50538365954165665
0.49680231669569813
0.49370266213872854
0.49186834762725068
0.51607168248787372
0.48120749022584947
0.51329226753034063
0.4996866782949691
0.51437513587269801
0.47570892390922259
0.50966709078595496
0.48695873236492926
0.50546900119176918
0.50308098865177631
0.25258151899414882
0.24923494961852979
0.51709122337140967
0.48465867576950405
0.50075867173108468
0.4904278355312317
0.49554838329704826
0.5081462597171954
0.50759120215179554
0.51209022955867056
0.50252580428913118
0.47767292001434974
0.49926026766046089
0.48209344713574265
0.49414322146012313
0.51678022411646984
0.50237681175299875
0.49924204024813446
0.49551409289249748
0.50645560475169482
0.48340714440693583
0.49663503865032277
0.50881949953269823
0.51531210569985764
0.49833296380270198
0.49631306434190742
0.50459683201152783
0.48888553635913118
0.48519547976316013
0.48737170927612727
0.48310941301175359
0.49734559995451377
0.22880127915796297
0.13503008780642023
0.29769083028240106
0.26353142352074871
0.24480671323524045
0.28736971368439201
0.25690492112887653
0.23696952868584881
0.2591794049316587
0.23681310603733541
0.25072796357273242
0.26095805399398436
0.26134865228663334
0.22861373285633754
0.21723023548635792
0.25525935442155456
0.2357697702606287
0.2437451127617562
0.23105846197389029
0.27620218284623532
0.24203050493389935
0.23132787933354104
0.26270019459994787
0.23040532597981064
0.25910933636946082
0.22323343125329065
0.25084901552735328
0.21919453139170172
0.27462619800043336
0.26873929776694844
0.25220247238309534
0.34292802559570112
0.11783629790034018
0.1460560798671898
0.25500492362129085
0.26861515211187653
0.29169112558564719
0.25562580384928557
0.20929989682706177
0.25180926888600008
0.24269357305695288
0.22276048016441374
0.24657200542115632
0.2156973947126527
0.24927072095268402
0.25253909588045215
0.23595856279531102
0.27554775621389976
0.27380427934584772
0.26468777916179254
0.28148388089247561
0.2445173897895416
0.24346919221711597
0.28718847674411863
0.26525210478391575
0.25199191283072936
0.25254554944124341
0.2546823434544257
0.24797587439668706
0.25503336465400928
0.26659843672811401
0.26580848602039997
0.22448555347387708
0.22858942875992819
0.11082059200187318
0.24017710329910141
0.49622137188696369
0.50783354605105913
0.488105270411411
0.51730148923528485
0.50005309243855045
0.48291385912575741
0.50409295398252707
0.51031319067641423
0.49566934579506372
0.49259413083600828
0.49196135160681176
0.48775369283322245
0.49345926605483237
0.51229257451488941
0.52563658082003473
0.49403844322708129
0.52016925934790337
0.49449586996759559
0.49635502387767444
0.5128193928329523
0.5122955766915499
0.48971365354348512
0.47767331716081746
0.49377745332698292
0.49066607894050029
0.49338455978327211
0.49489319667746878
0.49377905502806874
0.50666362375407425
0.50313948149691667
0.21762411127857889
0.27456827823493302
0.48946428662274999
0.49690364262253722
0.49696178819517017
0.5090824566032689
0.50583710629948642
0.50967804163544184
0.49728110339106807
0.50348308094019745
0.49918764119901776
0.50768308785704308
0.51596071767966911
0.49921095310774305
0.50494396713954981
0.47703860760573186
0.48164610055874058
0.51797722160360848
0.50418532419717377
0.49899799901315539
0.49142679222209362
0.50296389639097572
0.51525447283488657
0.49685280713680186
0.50077472601926798
0.50145006486631427
0.52332998335202596
0.49267426073758358
0.49208226256125515
0.488096611910463
0.50565641337756517
0.48970700680512763
0.25373914721490326
0.26343209020566016
0.50064238597166955
0.50298740896662686
0.49433194269986686
0.49379236663313009
0.48931282164513185
0.51693271263482898
0.49965143312319477
0.5126727449160291
0.50834360316072735
0.51655167708728855
0.49358859119809129
0.49949213598886372
0.49484661789607914
0.51998449056981344
0.513778052276885
0.48620485834595162
0.496161279513054
0.51308677878341591
0.5025468322303096
0.48342204768105757
0.48859620368283374
0.49240015822014171
0.49248992110448636
0.48397062318667305
0.50216793310396068
0.50047419025910822
0.5029663207787487
0.50072915168522036
0.48729708648352804
0.50098175161621483
0.28344429268182658
0.27290294813751903
0.49668436750156436
0.49294068962482573
0.49143449274883672
0.48800169889933293
0.47162402159126815
0.49423045288561723
0.48867288531802267
0.48956737760628977
0.48652344496589889
0.49134525615984709
0.49724970096187787
0.50939552643635078
0.49432587598216982
0.50827677824505912
0.49542797186445758
0.49836034280880015
0.49830304425169047
0.51462840415490541
0.51378284193448498
0.48726373328514633
0.49032065439512146
0.48612152943394266
0.50287354140661755
0.51198040545445866
0.50797978310098924
0.50617763622590772
0.48285667324206077
0.50781000081100636
0.50692041027510937
0.50218821330273422
0.24466604300257491
0.231179236944869
0.51131683800930883
0.51127391205712902
0.50938860536333985
0.47848627535691601
0.48777148905657397
0.4984141107956323
0.5178623818014898
0.5165302010050149
0.51549898008612238
0.50504432829325685
0.52284725993642123
0.51362890564866237
0.49635074084222602
0.5087999385811246
0.48694910720903195
0.50342754393164579
0.50677892567371607
0.51059334417144631
0.50167130808608906
0.49395182859016307
0.50119031576221851
0.50240138292065739
0.50435075004004548
0.48798048230368729
0.48213863717131711
0.48410495690649336
0.50118340029673214
0.50733989129253121
0.51574861440383202
0.50666678074549532
0.27049679137842264
0.31492685957040739
0.4918853491633674
0.49921830266098838
0.5055930316465842
0.49884189247723321
0.50925693558593221
0.48289315976927066
0.4870909488967175
0.50194430792415445
0.48531810199365022
0.49124373068547394
0.50637957051900828
0.50903388518740944
0.49922803869429466
0.50358164332223831
0.50626289575469519
0.50837601140227429
0.49035588337617259
0.48500003425196708
0.50059694481807648
0.50610501986092316
0.50404037045756889
0.49017376682608471
0.47021790703945887
0.49778716774304443
0.49083720050451274
0.49384642690307323
0.49988167934430289
0.50019335979419566
0.47666862600469828
0.486901493961374
0.23432956118498566
0.26429659339098532
0.49425485831139221
0.50370592549791382
0.50376336101178942
0.49711582729302345
0.49971870182177147
0.50049335525933369
0.50672810260976808
0.48258237218444699
0.51031066118413149
0.5154771846366436
0.50235554490210466
0.48954737755788758
0.4929657104482989
0.4923408310857102
0.49865806076740138
0.50636671278876089
0.49395486058943455
0.50486244739402031
0.50912736714945206
0.51414025515970518
0.5031328775312417
0.49774225852362036
0.48699344117956167
0.50533976112475476
0.50741650288806317
0.49540850957943616
0.50406899328305266
0.48929114662628015
0.48411789661961929
0.47971877843598865
0.25114736003796262
0.24210764210468147
0.49286273404786074
0.48814246446799714
0.51116128048428255
0.51016850840686223
0.4909038364635811
0.48579214713201679
0.4858270899343573
0.50373445491377622
0.48396064923901849
0.49844948411593498
0.50742136531476623
0.4724200093855902
0.52419140784618956
0.5094003777554712
0.48994735281371826
0.51354129434413931
0.49797067071376011
0.49698121803276618
0.49002164827870492
0.49748211639773704
0.49887633738769283
0.51935257864283146
0.51365637296599831
0.50592961576291362
0.5028963021651045
0.50897830475145089
0.49877213913131774
0.50347566260258814
0.51877664447947291
0.50334554953322275
0.24453604807014989
0.23506356638216636
0.51215006530873319
0.48272320679703645
0.50443605169428751
0.48927444446019325
0.49770108334592172
0.47924056452555486
0.50911924484028581
0.49047624749618102
0.48672203777374712
0.47545178586636971
0.49131586290479734
0.49189064387543274
0.49537157612592342
0.49440799899819843
0.49353790826831084
0.50001836885067086
0.51909974655245772
0.49436404459221056
0.49581270655522808
0.48767416432842214
0.49786510800303602
0.50866824563582558
0.4952507051604052
0.50021058931323259
0.50668468945690393
0.49549024597111585
0.50375170842957362
0.49429261120397261
0.49857687787931032
0.49804434406684933
0.30670347396029018
0.24373796364072295
0.49809365646180975
0.492026868741061
0.50706650825179855
0.49553119265564688
0.48089690836816212
0.49657682672055742
0.50285981205261676
0.52525478099355982
0.48851820975828836
0.50096800798985808
0.48406162439645284
0.49685741720769283
0.51737930355623729
0.49390590472221957
0.50485394013591733
0.50325393498583981
0.50623435076997569
0.53380120806284015
0.50633727039808007
0.48949922641668209
0.51177232020779395
0.50909064069156018
0.51344909595363586
0.50135360227340509
0.50508775343405166
0.49603699583474309
0.50248556579056347
0.47906869931733287
0.52109862166094933
0.48958483149091281
0.25273205331611409
0.2508040723716064
0.49465428687761903
0.52321859664254955
0.49042656257870465
0.49663764475024552
0.48697606148043993
0.48754318023797732
0.49403596580193498
0.50529577871734077
0.50737757971234609
0.49658592768400406
0.48674340056959636
0.52055720206057676
0.49170158272708525
0.49416804176406959
0.48187473517656415
0.49062008797240875
0.5053661464811563
0.49934337298638198
0.49558306122926843
0.51363734149185036
0.51866888318943805
0.50156321836035667
0.51060133627386473
0.48815288625478276
0.51286066162918098
0.49327113232371861
0.51481073441770731
0.49430991550985276
0.51211448013770966
0.49375846616941127
0.2443011229867891
0.20207552876156626
0.48704220495082473
0.49265483254499759
0.50099374792112983
0.49173304970597786
0.49756560549643103
0.52206395799361471
0.49302410225073412
0.48973618365376914
0.52370546273639262
0.50579275045327587
0.50652840092407847
0.48942699583117916
0.49752748792400731
0.49840597909090323
0.49521640777114068
0.51327090295098665
0.48261115223707346
0.50599419984183591
0.50916161750143396
0.48999873448280945
0.48771851460057053
0.49778887149824486
0.48843051064594045
0.50517981133213308
0.49228986606371689
0.48562094204662681
0.48202267615930788
0.50235268373292497
0.50362336837934185
0.50820445768485334
0.21983472611137994
0.28674751759178824
0.51021729357084511
0.49887761649695489
0.50167724079531972
0.49431152717993904
0.47831205298409518
0.49499899660637969
0.5056605367096455
0.49301415476833416
0.49954664509393698
0.50408943185023181
0.50103630699583068
0.49227680083362008
0.50808578853910924
0.48369336935538609
0.50966131591766461
0.51302487375004024
0.49393185868000439
0.50208982471617103
0.52324780675916782
0.50170019905388885
0.50103531048596617
0.51230351798163665
0.47352524671582069
0.50126794546422337
0.51345191089500475
0.50060475629960632
0.49342324917055919
0.50542430808644689
0.48838447457771383
0.5118969268432435
0.24426206468003178
0.23475719187922672
0.49703346481082628
0.50273802267105672
0.49742495978684798
0.49953562300139998
0.49494958862599947
0.49201542369003837
0.48692062439144207
0.4838159006100331
0.49152291976071222
0.48942805588733029
0.510421806743106
0.5147238943330783
0.5094275032638379
0.51367734150154931
0.50475593422540088
0.49511294547882417
0.49626383384892653
0.46275261436625531
0.49882314558510921
0.50009683426629092
0.4923152116314351
0.49140906240878057
0.5043432404004925
0.51825695247799075
0.51713017979472276
0.48848278226650155
0.50913537566445743
0.50253362519277223
0.50048442559191375
0.48997236116350101
0.2292146351224825
0.2551814632612
0.50779350843094206
0.51359146225263796
0.49960293501389746
0.49795900608003402
0.50263599333103481
0.50187346069905925
0.49439206167707539
0.49682626442238786
0.48473739828956525
0.50785700991964655
0.5058208819029657
0.5131035942384522
0.49138176902777414
0.49906293621123937
0.52629056881047198
0.53059017219425553
0.51646322251449006
0.50982809793792372
0.5188068149746663
0.49035889193140847
0.51479029469422122
0.5128735474925028
0.50928664475171159
0.52273145104340091
0.50812841973325018
0.4895418124669399
0.50092766056913052
0.51966872072249226
0.49624360921875232
0.50532558510735004
0.2521232326050688
0.229493675949419
0.51100091805555126
0.51222338119647248
0.4912039495589488
0.51388752936304971
0.49406798662993345
0.51509074579111436
0.48175790776978855
0.492264907851725
0.4960465325220712
0.5074789855568046
0.48348937795705565
0.50320031205578464
0.48575219962324379
0.49884175019914428
0.51949216081331084
0.51520535027813075
0.48248551049073329
0.52242598077393865
0.50152232428986976
0.48814035707734305
0.48325534751979998
0.47245635965876914
0.48540267576174106
0.52667386020441009
0.49439314609707669
0.48696828641196077
0.52262380952434362
0.50803070434846054
0.51142801563386664
0.49425500037798553
0.23111168081560993
0.25023641059821694
0.51527696758252861
0.49243226383585464
0.50221646202189985
0.51501954088801105
0.50155950323003429
0.51193983493311634
0.49290455373410907
0.50539632338133766
0.5162648059386471
0.4935161185348097
0.50641145821788613
0.49583714841305593
0.49341081278109972
0.50283351477331295
0.51344532720883151
0.49311320227861
0.49019851758094174
0.49316310103001332
0.49462493077387809
0.49693080917358645
0.50290089494892543
0.51955228265814923
0.49196161154060669
0.50556071069534669
0.48396810382620487
0.48697842095673666
0.50035024657205063
0.51813096802114145
0.48995560258987864
0.51728350111448984
0.24135312420464508
0.2146211221099503
0.49714162302004644
0.50956704699060118
0.49913458860640325
0.4938210170045676
0.50753164330909095
0.47316491118231202
0.49061585643999633
0.4872688463716402
0.4867214057858773
0.47080273297090686
0.49864008428537687
0.50298355724569721
0.49728047906840989
0.49871010353864659
0.49366478451324253
0.49792908577595152
0.50953809059278132
0.51240018222788253
0.4948771969486665
0.49046539995640304
0.49117816207896264
0.50934570201599316
0.48052035459237358
0.47307911798284585
0.50975476432379241
0.49522089408870856
0.49460434176508211
0.50062216699121009
0.50515247745570835
0.50397496109339701
0.21402598263481221
0.24730385275338884
0.49782963237411842
0.48390170034831853
0.5047617886320076
0.49718594670176003
0.50411894571069493
0.49363698520424054
0.4954429099562952
0.48356091097817605
0.48438777391099885
0.50355483078234242
0.47440000901723917
0.48820365861138865
0.48189250943538969
0.48816103861859089
0.49852747298213829
0.48254350529227219
0.49327404840367223
0.49502296253684108
0.51420312792530376
0.49073360122468923
0.49255082882323126
0.49004502068514122
0.50424068989686555
0.49259895862961212
0.49570659695346764
0.49889998345845232
0.50603137121719766
0.50274298319109068
0.5154133008787527
0.4997860489593216
0.23065020480867701
0.24125793770725862
0.50543787866671164
0.48729792774870967
0.49889619191077827
0.48841073852656264
0.50016110126281499
0.4899267104193728
0.49014430027373529
0.49607061600294372
0.47762393603365089
0.49688459079449177
0.48971231117228564
0.50423147559581549
0.50446382532480205
0.50719844962362004
0.49269115898248567
0.48906179808011646
0.49956518365692171
0.49358312281157218
0.51211041059278517
0.51651561478833463
0.496270732017073
0.48895449783622935
0.51028460496408001
0.48443816492520353
0.48374838551984389
0.50243753605772834
0.50212658926954745
0.48220739342055174
0.50443466681810722
0.50179119291715168
0.228178363047116
0.26255503164980959
0.50889384415767869
0.49476183047294919
0.50263160083054925
0.4863194005378218
0.49321846213077114
0.4843242532532876
0.48026818613767336
0.50369969493121058
0.50665300483697207
0.49225605392924987
0.5034097178286504
0.51157115954842858
0.50316938230109132
0.48051558600889244
0.49672401550548662
0.50983499979969371
0.47892192879443807
0.48891129279595991
0.4928550269470397
0.51991904738079908
0.46939351380405264
0.48342049655513813
0.49211194763567118
0.49341102029119216
0.48634709700708423
0.51792714422523245
0.48414539270210166
0.49277776027377584
0.48967514479772245
0.50919039526694598
0.26728240969307998
0.26519307893769256
0.51367436529644206
0.5028168874511505
0.52318468273163032
0.50522064967429847
0.50740563733607669
0.4957114082490493
0.4855274640063636
0.49893653969315283
0.48492283295529437
0.51433322340607346
0.51392797109515365
0.48796702078510013
0.49792198725749859
0.49308562787125798
0.49434722801779418
0.50628163184852115
0.49522684041736625
0.50294118438751512
0.50577091518219697
0.49269520198253985
0.47941303268655611
0.4879206250591987
0.4844405951679655
0.49121257245013544
0.50388169077562439
0.50127052657805815
0.50451063972796528
0.5131656409746711
0.48268818782045153
0.51042272056631632
0.26931526145428375
0.26359572636487028
0.49240435386528209
0.49897357498007588
0.50155738288868057
0.51084260215596489
0.49533296446405567
0.50762074255385481
0.5062443818055995
0.51389483033234273
0.52765655492884511
0.51288111225272426
0.51892125560039248
0.5050343999011333
0.49068017496543459
0.47039796171201204
0.50094385196381808
0.47732411020338777
0.49437380248481033
0.48272006540121287
0.49004343557247276
0.48771188962880579
0.50102136527082586
0.48516258192028217
0.5138459018496917
0.49942944610948042
0.48329171613569472
0.48806739418813921
0.49363000726534406
0.49034526771062781
0.49951001283369301
0.50275633299938938
0.21706598332136248
0.24337065326536766
0.51263609002537713
0.49115698014347658
0.50488115812842149
0.50095449129064207
0.48853288504428288
0.50894415670707327
0.51281685639840424
0.50634536341074088
0.50125671911760261
0.50454631394201344
0.51020592135822873
0.47982445459217377
0.48573315828966579
0.48160843202757614
0.49818596893868822
0.50653754615543423
0.48396209280407732
0.50945972634639569
0.48371377648369795
0.51045359683472824
0.49156302772749183
0.48472269030239973
0.52973409517793346
0.50141658581771364
0.49845148615270657
0.50491087013209979
0.49901219091306676
0.49520654514677964
0.50120195468031736
0.4829610177463346
0.23250423249503444
0.22294329245736499
0.51796144449898729
0.48564787171635199
0.48500030700716307
0.52071443597025047
0.50498994408814424
0.50952536331894205
0.51214282219421581
0.49711801835227615
0.49525126474421849
0.49583607715051309
0.48698217405721034
0.49945078481002825
0.51261385839257678
0.48716646199620672
0.49882296629209932
0.49589384391351427
0.49177351133256131
0.50001709878398426
0.48919334726975222
0.51315645570813251
0.49401146807714386
0.49296909198280425
0.49353012839648897
0.49570477432918619
0.50109449531129779
0.51251109911653225
0.50272489177777002
0.50761357478131142
0.49564811053162611
0.52279822386302133
0.22780408714453368
0.26872595979837988
0.50945743726705484
0.51705298013085954
0.50222690543594195
0.51124261014817984
0.50389552453000952
0.49386718567180399
0.49809890731149609
0.51547070105664372
0.47850302767735597
0.50449581154818723
0.49129267835906199
0.51653335730689642
0.50717520473428324
0.48886043332150897
0.52897484874594403
0.49104777446490178
0.47875527319962585
0.50750727205053991
0.50109899422209481
0.50896859159466223
0.48381435764460645
0.48613954025481271
0.48192801975804372
0.50296810469683195
0.51044330588495945
0.51227597493965749
0.49488644483246191
0.50478731939926447
0.49729582501152192
0.48234816694852689
0.26067602691326258
0.24830537009870193
0.49020902577693687
0.50209450534581201
0.49743706634954321
0.49976234437865702
0.50115568439437552
0.50000739599473776
0.49549769362077511
0.50849821761572078
0.49468709062535055
0.49762671500956696
0.49843150586937607
0.48740148873576317
0.49121578252586062
0.51058877464695429
0.50531423775973006
0.5059704177711164
0.5182644822777045
0.48243234205091684
0.48729312639458006
0.50102937685911153
0.48428849464390272
0.49120050948173555
0.51210103842944943
0.49530908448385758
0.4965496395512583
0.49558464844630273
0.50381016427241632
0.47462503373254944
0.49850541779686808
0.50345001825241209
0.30841857758775038
0.24797294141873089
0.5141358700923313
0.48803731350353385
0.51529104570622619
0.4965014180261042
0.50168326876918168
0.5163950099462431
0.51275673773296704
0.49242590314065893
0.50398988372336151
0.51087913691332432
0.49898040277683703
0.47625064743058965
0.51520124656878064
0.49428625324442271
0.51026873460319988
0.51638949741990414
0.48585365316357598
0.50063536859236946
0.50310389090143559
0.49804756584003734
0.50234183217234418
0.46577854356879483
0.50783620273693342
0.51000378731102136
0.50787981548451522
0.51803690548952519
0.51308211825119343
0.51503167665394234
0.50959151279793924
0.51258019235577168
0.23896990229163306
0.25368035510762443
0.52544813947187752
0.5014913498529151
0.50397342563866177
0.48250475612532051
0.4913301410243664
0.49023902924768403
0.49730261702526019
0.48653371776925292
0.49679005232279566
0.50617577754970189
0.51110970879363393
0.49695420718111705
0.49512597439532907
0.49450239312885425
0.49365339604208419
0.49007142243695351
0.49592506006837916
0.51284872498016643
0.49770143372886394
0.51268037778194608
0.50561502649913159
0.4850105800349741
0.49566075582578695
0.53198437045720837
0.50521101717146866
0.4873372373751742
0.48770096231166854
0.49554192308143191
0.50638170013215111
0.50396995645233122
0.27093979188099487
0.26256059206560139
0.51527972878441985
0.47943795133810957
0.48239034713190021
0.50547966223768614
0.51767619078154703
0.49351565718386398
0.48701432506756359
0.49192050136953175
0.50501525423078752
0.50381402616612025
0.50054388489892321
0.51946552144416103
0.51704925933990065
0.47490740474976301
0.50031050095403451
0.50821925108833343
0.50052131008343848
0.50289154739603104
0.5030297452458482
0.5029452276561317
0.48715336135668713
0.49913352651901632
0.52559632452633021
0.4842995751089379
0.50447062694358302
0.49437076539869618
0.4979274289536017
0.50005299625100341
0.51561916252100526
0.49966805925671304
0.22352050190982453
0.10393547976662697
0.31721574940975883
0.25907883029686585
0.25550004224442519
0.25417333725723884
0.25907058475217609
0.23881851914215754
0.24181873913248475
0.2697574401276579
0.29774536385552708
0.24992521770781995
0.25143314633201497
0.23406544454346923
0.25003376954662326
0.24837650701877215
0.25925702132483419
0.23370157706238334
0.2561647934181881
0.23208985743527677
0.32225103996565102
0.23132562802286252
0.26032172737660575
0.25775323584010384
0.23869940516098986
0.23631351392298622
0.29453444168388526
0.23849204716287883
0.26623028003142046
0.22210939772541358
0.24576785747268459
0.22732264214075049
0.12119487596042532
0.11827382534943943
0.28831460626616562
0.24359475861049013
0.29335249957000509
0.26611439571806167
0.24556126111174487
0.23111942661359336
0.22376037563833903
0.25379009408473696
0.24024561431028871
0.26901737020432809
0.26152740593127644
0.26319427665815198
0.26919207997399747
0.25150910347035516
0.29737886225805482
0.26426250746440616
0.24711476520847084
0.26195893979211138
0.28078913326227994
0.27408236461329832
0.23848489516878066
0.24931420718443537
0.26145390362913634
0.25568564110402864
0.28895996502409182
0.23321010441878287
0.23441767531738814
0.24197216116457057
0.24401012013561127
0.29308095644405807
0.13367960186328412
0.27284935940688759
0.50512374587686149
0.51463695823623057
0.49181701463187188
0.48707434966005908
0.50403096266719949
0.50503943021677733
0.50337955542585366
0.50349051216773122
0.48838093445645248
0.49507715614635517
0.50032497114581009
0.49037279484868335
0.49390239378590228
0.48732793746166297
0.51139902486961142
0.4941445675688837
0.49861906982623522
0.48816542745595776
0.49467453352410773
0.5008238653389121
0.51819705596038268
0.48719219340010528
0.48219509493432561
0.50818577035451962
0.50959605931697338
0.51197780223136591
0.49678219467746004
0.50179602670265555
0.4925019654282537
0.52042394833517991
0.24128828729774318
0.23587263497772903
0.49660199292690804
0.49736060549181482
0.50513305485650983
0.49134890309689394
0.50955998342656794
0.50023308966375257
0.49153259464354127
0.50885429233751767
0.51591041414322247
0.5032961108028372
0.49086631643616546
0.49703967083329009
0.49144682890027103
0.49773953199663612
0.50342623415987031
0.4963105715611536
0.4870642735928904
0.50413344421044315
0.50340380542309082
0.50075644662206931
0.49810449292730147
0.48578592085154959
0.4899525315164947
0.50504240807109835
0.47789129577885553
0.4907095172897849
0.5081300551571003
0.49748221158435879
0.50004012435570655
0.50585882889567235
0.21438186864302916
0.2705369636437398
0.48703352556061719
0.48248173428709379
0.50874183702619513
0.50677172980777019
0.49440619483285114
0.50718097005670326
0.49958778945108956
0.50985775101475062
0.52503212665459076
0.50644608811866076
0.49675316151060256
0.51266964659398861
0.49521716426916929
0.49876838108081706
0.50052407661041054
0.50543524526664252
0.49598207243377335
0.49003171464720513
0.49016055048792034
0.50955117193814092
0.48613079647654672
0.48851971864844151
0.49953212720696916
0.50633048986035234
0.51181056056959895
0.50542627563830278
0.49510343490024283
0.47506237229794462
0.50111919726755161
0.51117862997639474
0.3025522621727959
0.24707032471857948
0.4758132268092865
0.4961905908962031
0.50661859641622298
0.49150658135283321
0.49187311940971834
0.49770716825246969
0.51445205514763759
0.48765871091219481
0.50675527157717271
0.50965472674055146
0.48852654331978268
0.48832457433640891
0.5065200205730338
0.49756936098148691
0.50961950397740052
0.49519638715157538
0.49429153598028647
0.51474704859947107
0.51234767944318071
0.51215750382535885
0.50823018584628221
0.49031545686603167
0.48571740443115197
0.51468461939954746
0.50150830971913918
0.49043822439243551
0.49969616822226071
0.51036557675516336
0.50356377465239499
0.48552365176255563
0.24620437725520214
0.25155232977828962
0.48751963148364874
0.50952038275779454
0.49819697433999882
0.49827915414751306
0.49468887157808589
0.47938221111559398
0.50583544337547226
0.50658638356085539
0.50432630237975995
0.50684768052099705
0.51739124481552845
0.50298414992685037
0.48713851772151345
0.50378787941121816
0.49053685438886524
0.50357431667937747
0.50174903992902298
0.50671460716977901
0.4889558642969164
0.51564795687420761
0.48615237746553441
0.5122070746994124
0.4986869908589619
0.48952826304252961
0.50162165508192036
0.48183469358481901
0.51048748950788447
0.49752929916128713
0.524820421825691
0.50275204921707062
0.27410105190479417
0.25190557999712038
0.50787613894591288
0.5042954177841964
0.51020490807554264
0.47668342458156843
0.4973735491900923
0.49866834159410717
0.53580159708042785
0.52248939373431924
0.53131036229579209
0.49938984818945165
0.48949380230886125
0.48478914734630713
0.4983078144483859
0.50408300543462281
0.47455307146087694
0.51053388403108779
0.51318027034090841
0.50034555095405897
0.50264376538395106
0.50784846838696163
0.51436300567742899
0.49892100959618496
0.48001756940651308
0.50631465016986021
0.51584397136961058
0.50921509390438213
0.51577569527278133
0.51699321902621975
0.49465235816652908
0.50963226281121865
0.25248888892047544
0.24106826535212264
0.49867377449059896
0.52045533925790688
0.52259484310421822
0.5006773180565689
0.51562307061355728
0.51545507885101149
0.48787680776991793
0.51433501985120111
0.5074619111267864
0.48571452818413474
0.48472986879920249
0.48567746801467254
0.50968583020747116
0.48710958436393353
0.49705991452342013
0.50654034203613674
0.50709294863953225
0.47612057648365103
0.48818618716859713
0.5051271576587093
0.49944850450415107
0.48665299925645733
0.48998709895183373
0.49972720413338773
0.49483496022534784
0.49484684012702662
0.50316820212431912
0.47837404151808532
0.48477316254743297
0.48245813098388562
0.24891445626965442
0.24643619152320337
0.49605926114607085
0.48809799023134159
0.5252479991968253
0.50127155233138809
0.48680015925161679
0.49779717447142968
0.5059425489302769
0.49823817971843426
0.49650367527916928
0.5105438331847777
0.48794248518034317
0.4906250609128523
0.49563282179454754
0.4940529739277813
0.49486310092166724
0.48186200985365352
0.50574097158525044
0.49564931660112971
0.48516526512911423
0.50410686783952063
0.48792051670438191
0.48966461603234623
0.52066598462127689
0.50758498774868333
0.520841855384654
0.49363468377856834
0.50386335116692926
0.51012918750876068
0.49541898961480485
0.49583165223994502
0.23159031016557463
0.28814891133045811
0.49520560224015064
0.50186227596602795
0.49914372853686556
0.50084349994715549
0.49571395494910403
0.50509889807426134
0.50958731414911462
0.50647925760414048
0.50220703272037315
0.49426158966505707
0.50508747059056047
0.53013018628310793
0.50822497728785987
0.49331989080586908
0.50894461740211927
0.49603731391413175
0.51181511701929461
0.49414993317374256
0.49848591545895804
0.48439738502825375
0.46991775834787763
0.50659228972569137
0.52138151537865385
0.46270935146825076
0.50298798254938615
0.49625188719296337
0.49100797059632251
0.49629846738713235
0.51433019776172095
0.48793737451540725
0.25631888392961133
0.22109602183654353
0.4938085783972278
0.49587533880257723
0.51501407959494694
0.5083415952201269
0.49805009034326853
0.5043030252792815
0.52409055340462973
0.48268976791943996
0.49347336430078242
0.5057049661475157
0.49153700994826477
0.4983138727578037
0.48920956213608302
0.49197509093685915
0.48801727579279686
0.51350480823996258
0.50721469005868813
0.49780827496728264
0.49678141745147258
0.48652472592412299
0.47162163744024277
0.51060782159327733
0.4967773728120311
0.47338318508862981
0.50200452197235768
0.50374765839282554
0.49494882460138745
0.49550528147813233
0.51540791658536866
0.5158413751187414
0.27127187100604444
0.24818900637096727
0.4973258775313868
0.4952081917654883
0.49820798340957001
0.5029084311908506
0.47488125625724742
0.49981035286224723
0.49825564155049029
0.49510645476071741
0.49175511471344385
0.48258744058325065
0.49204609292868257
0.5087944822564836
0.50316605139442683
0.51185751116457179
0.49260140527714091
0.51032743512215439
0.50332036501654021
0.49922785099703676
0.51592580107056885
0.52028394672816991
0.4966266631999311
0.5074352524035598
0.49059401287040966
0.49646158811480234
0.50621484060185962
0.50940383250122256
0.50567532513706037
0.50783268334614962
0.51721675841017167
0.50095751100228803
0.24276683054618134
0.25663757705743684
0.4906983364091021
0.51326593350493077
0.50870491116142114
0.48577162457943024
0.49980000494584137
0.5069882749280521
0.51222482539073755
0.50217385719684349
0.50023921341960287
0.49352541565433694
0.49290960958670466
0.5064642482417635
0.50475314128084803
0.50555631462947903
0.50737313636846892
0.5154849973032416
0.5076531230258271
0.49664200420835447
0.50183470525457441
0.51028268322736348
0.50974958097627732
0.49956495016793806
0.50148046542613067
0.50201997279966581
0.49524309436901609
0.5070459931936967
0.5004252191286207
0.49529827223388567
0.50545149132028977
0.52423633922409896
0.24727165749693508
0.23222476085996446
0.48903972052206407
0.50270778749950329
0.50080505629436978
0.49365066849364131
0.51037804046467983
0.50528396657449159
0.50544569995277355
0.50105284914257209
0.49923854393399097
0.49178273731395483
0.48986692729709663
0.53415916057620039
0.50545179598243373
0.51577960230967457
0.49667239187837364
0.47628003034471111
0.49077551868918434
0.49279970563873032
0.50241438002045025
0.49152441230697724
0.49052927978051719
0.50781709238525152
0.4863531479497788
0.52134099199520745
0.51011890622993339
0.50360758585342758
0.49107559497898506
0.48140274861556709
0.50701531614144857
0.50850952328515431
0.23730102335942585
0.24358546053926208
0.50509764982303329
0.50169146292315991
0.50578438520288382
0.48318486961585005
0.49697869398422873
0.49412207271620745
0.50744878184846209
0.48565813547223768
0.4918372044161044
0.50696618642847979
0.51537002281737843
0.49490018891667525
0.50962787587633451
0.49384907107923348
0.50861013798798616
0.49164869107023446
0.48622483483368389
0.48239547166258906
0.50734942233879876
0.50633855810247808
0.5205204193684394
0.51898778257908329
0.50372041583467619
0.49511693762460723
0.49693973429399529
0.47988110907201958
0.49369330242114606
0.48525087797637539
0.51252098924913414
0.49105981958191186
0.24414932956691893
0.2931142620719111
0.51887610338015622
0.51255949286550762
0.51333719645449072
0.47679549867895354
0.50258257490963132
0.51848065478137439
0.50826407633867632
0.49504789880471423
0.50810144786037492
0.49354585382776678
0.50113530747051249
0.5024066506906778
0.51957990364815221
0.48951639889650533
0.50373837368686658
0.50482332122795548
0.49052626370063107
0.48101368817185425
0.49803287381358696
0.50470774168979893
0.50615777934947004
0.50390694459083951
0.51148409260770089
0.49318137519071914
0.48091624861271376
0.50186925132797855
0.48540126622413426
0.48671900816728147
0.49120317940537533
0.49982845270533827
0.25889724495202926
0.24895832752968275
0.51276870362975735
0.49585920927363131
0.49089581447501379
0.4921967068633607
0.49125324597784392
0.50963403065308066
0.52591741795766633
0.5124895407591088
0.49896403632455938
0.49403238062362342
0.50148433280413907
0.49937124972940972
0.49059840368157304
0.49838399061851629
0.4999418317415712
0.48758796592478426
0.50163374800917493
0.50142918118291946
0.50727807545227255
0.51380614026985072
0.49439147664415034
0.48377444239608669
0.4847698780877025
0.51848730256465569
0.50179925846302675
0.50178199319597738
0.48312080468500901
0.49815708458757113
0.48092034156253244
0.48739968978177106
0.26232837165665257
0.22542585752879984
0.51181702344695823
0.50028273240465626
0.51125502983010429
0.49253357991682095
0.49079367442717803
0.48921587515516762
0.50626224995842517
0.51761276179319726
0.50378696040322102
0.49441386010927862
0.49577152626606807
0.4926074780565225
0.49713920710919929
0.48042045120163634
0.48549299717198396
0.50999033855960285
0.49797675901706578
0.48868696865565031
0.49735451623192328
0.4965454982538553
0.50650579635487525
0.50817951096612479
0.48556943872259445
0.4980600514627177
0.50351663942707658
0.49579962760137813
0.48496525304625293
0.49572737967115649
0.4969391294642948
0.50697154824317392
0.25613525677746657
0.33110903209158593
0.50190746522189267
0.49829742436401642
0.49414786280123307
0.49691416050350345
0.48506956074976026
0.48638444873157272
0.50474337964683968
0.51238873753965852
0.5054141381743178
0.49823017125915797
0.50959583283237841
0.49429730627635227
0.51258349052732943
0.49706465442154202
0.49062476839590835
0.49883826747011378
0.50134816003398308
0.50451836063129252
0.49838475103709839
0.5083456298780058
0.47701464519921188
0.4881783820995706
0.48674997219892358
0.49582003134140407
0.52387044091472534
0.50255470947842851
0.51489850733182063
0.50888684693391872
0.50795639452263208
0.48943780340230642
0.24823326614659447
0.2448608460285589
0.47926752611897194
0.49186362610660261
0.51423605028245478
0.50192324524585941
0.4981765479285824
0.50336506918118284
0.49154841183559589
0.48105416034453019
0.50122951236348934
0.47255266237413723
0.48649889388262291
0.4981041461210165
0.50968344159684187
0.50249630132410028
0.50107216348614747
0.4941753275940971
0.5051315693714824
0.49107993039634584
0.49272607088670101
0.499346815453454
0.51266078713911856
0.48023456311410467
0.50853420382120973
0.486329165025565
0.50302188289916216
0.48847620657813651
0.50714505802588528
0.50930429758640106
0.49153937049751911
0.51122268115918634
0.28108783843910629
0.23968298794192464
0.50238111995155443
0.50769100713905435
0.50392885657945463
0.50146977982952734
0.50629553424370521
0.49755798796072109
0.50345653189864736
0.50679902008173605
0.49771850998718159
0.5018362239291646
0.4975552277971646
0.52438112000347781
0.49964736453741354
0.52161844782103783
0.50646468099264186
0.49410432783681918
0.49100498653610103
0.51828185474324961
0.49877756945379093
0.48215740971720239
0.51067477985177179
0.50518621822865095
0.49936186657174686
0.50632311029637966
0.48568968962781356
0.49841988394735676
0.48766875834638534
0.50106590863926337
0.47891980977815907
0.50569758084652905
0.25267546960350162
0.26633041222781845
0.51305836893386159
0.49424414448379267
0.50377392769805074
0.49984901383876595
0.48980764171572022
0.50759393941626507
0.50343579137706451
0.51410238366168826
0.48373746035416881
0.47756094330620963
0.520800042492786
0.51962016628608498
0.51555188903133831
0.5138031967277491
0.50089184066067627
0.50951085877964541
0.507983259338743
0.49092827121411065
0.50489309158298745
0.48751646553828987
0.50604684074243722
0.48700475500286289
0.49906209317849715
0.51795370021212384
0.49665014243435307
0.49334901687719462
0.49309872435336966
0.50337496820631911
0.52216183736819421
0.51075574698214277
0.28989338223244182
0.30260421813036503
0.50104434348082005
0.51165167222379115
0.50034290940013204
0.4960327314289173
0.50327661682645941
0.51670548892329049
0.48311221792218317
0.5122481068466932
0.50810595390000868
0.48834799573080973
0.49895719793149063
0.51125500608742303
0.49535055235416181
0.51203903133451056
0.49045280466614816
0.50221519842923101
0.48681576327551107
0.49334909854432168
0.50403450636531211
0.50199764724026963
0.48845608256375717
0.49510935595511518
0.50821567168717474
0.48361600484567918
0.49827595568149968
0.48571299947635149
0.50179543150790518
0.5101697489779935
0.50409783657090901
0.4983175794268927
0.24590913689206659
0.23778467686465996
0.49131243073820019
0.49483834583105712
0.50997626290232789
0.50091568576220891
0.49016956367930914
0.4997711276577223
0.50976943801447239
0.5080580470271896
0.5270340346893706
0.48590516136594597
0.51218805052130878
0.52591759141298478
0.48733031867189713
0.50249940667644744
0.50416101017831205
0.47686486645100706
0.50172303858876821
0.50294838400878672
0.50118748427881354
0.50788579303047188
0.50459425920624945
0.50669295509955448
0.51968514728649262
0.50579438990814096
0.5047924888107258
0.50861084879586449
0.52426796578424917
0.49677233661530157
0.49235806433093005
0.51026611677225675
0.23706452047291526
0.23857078618881816
0.49903733899986485
0.49932936602903727
0.51489106687590269
0.5027572100535862
0.51946050324755855
0.4823581378843898
0.48925680573977992
0.50266300418958554
0.5056197752643965
0.4823334996148711
0.49672900805270903
0.49459326328755765
0.49818312846526708
0.49488212216966304
0.50167152519376901
0.50258871420634776
0.47891756688269776
0.50258720903023979
0.49120537991971597
0.48213886334150546
0.48718054691372514
0.49038685229584572
0.4989494077398296
0.49899182760417471
0.48545588790434163
0.51321096070086714
0.50468953651080839
0.513193711741319
0.50502630300600027
0.48445302781935945
0.23284664038782579
0.25328253337897871
0.5127500084462695
0.50882244281678191
0.49872520306247781
0.5058319926612671
0.48518540279723504
0.50124915140562976
0.50615356293159797
0.50646355620634953
0.48689179521642939
0.50211732983118607
0.51427257124234405
0.50647492175937481
0.49784343539654446
0.52235457737271918
0.48686914038687923
0.48380571947786138
0.50488838896312505
0.49785775388693426
0.51416060713418454
0.51055677869117211
0.51877257475667216
0.50854838705727479
0.51757089955299829
0.49915099174270289
0.488733145743242
0.51757749922897145
0.50878453634370191
0.5068740421154716
0.51002763333081347
0.48895795345988374
0.26102702251745863
0.271436119943819
0.49371940544610315
0.49863918636244337
0.48044322058563782
0.5143239412355336
0.49684465397539052
0.49743667045599516
0.50959805287666504
0.51387062414235107
0.47469509789489178
0.51689626831339142
0.50354001837850115
0.49937401204101078
0.50057160463984485
0.48885483177934902
0.49320280873389771
0.48568731335717497
0.4986005327111282
0.49758649063221955
0.52712046952792724
0.53120387145342662
0.50483918375064063
0.51407122387111914
0.51385553211034607
0.48684403465856485
0.51624773897966325
0.50333434783191267
0.49744462145564045
0.49885491091999679
0.52019950931508696
0.48969729839867482
0.25275345479752043
0.25500506857016952
0.48256664769348917
0.50129101039955914
0.50209483194719851
0.48206972992650549
0.49436929718489109
0.50127228885937658
0.5043010222213381
0.50078222620896995
0.49506355921797529
0.51660527082334973
0.50286285451962243
0.48847629059596492
0.49792769811711568
0.5038937568834474
0.51220747307740999
0.50413954757631463
0.48504147795941921
0.49150321344749909
0.49688556745741269
0.4918402404055604
0.507521062344365
0.48814775914629394
0.50420574021087217
0.49649595684062386
0.47725197981384421
0.51418885413983562
0.51537752182094143
0.49514790395421793
0.49286573310198606
0.49632632825061218
0.24886804933211601
0.26657486676475656
0.50124384163990454
0.49831172802611512
0.50362731330725008
0.47924290036972761
0.48831386171181657
0.4684590033408767
0.50215377956306018
0.52315299306744223
0.49766948117383342
0.49788070377551746
0.52294945617489319
0.47908711707914953
0.47976024303303716
0.51048810816681423
0.49890158897582121
0.48192863726203888
0.48918909160909219
0.48681233975721216
0.51254509025662032
0.50657216409283901
0.49568618567374773
0.50958354599498867
0.50312464194682172
0.49747400331368535
0.49566495940944383
0.48853388616678245
0.49193896684439276
0.51504755323086049
0.48311322750594043
0.49656845358004303
0.26377726334200313
0.26700004860770121
0.51387597414723873
0.49347237728524007
0.49909173750879654
0.48269005126650677
0.51714946585265664
0.48828354435259563
0.49742287227439819
0.50364441873729704
0.50826235203924108
0.49663213337636891
0.50413362452399846
0.49696078246803777
0.48602829931640196
0.50348462059344945
0.49633813486226069
0.49966930957329597
0.5017294776125002
0.51521237605167158
0.50252860273700128
0.48567032699497559
0.51136900291647935
0.48374587075909448
0.50141560353426151
0.50396943673289119
0.48328948388509796
0.50438127183257742
0.48813550266907246
0.5077256690695785
0.50549663892803598
0.49774076945485474
0.24083621915161588
0.25454329293795713
0.49755797646181982
0.49650362684150839
0.49453042121264201
0.49216788741781764
0.51552244522590085
0.48803208106652424
0.49124583214395046
0.51507150357890064
0.48349039921779924
0.50187655865513214
0.49652232001502389
0.4989416561701176
0.50016213579034763
0.4909541649550771
0.52056450836141688
0.50915428826870823
0.49422663058590627
0.5114473973929542
0.51072276492086854
0.50969702535453165
0.49102391855999494
0.50284944606606063
0.50737115204213401
0.49225151747883794
0.50767250534135877
0.49319321932435117
0.48981496597539315
0.50011537472506595
0.51211195402147858
0.50661604721851683
0.23072451555361306
0.14161582102079059
0.25562790715750894
0.28324720817496069
0.24720505003837825
0.21781068536052067
0.25354311495763898
0.24237661194640425
0.25959268380761891
0.2737705138646131
0.24154235955534237
0.27443087204282107
0.26158525623553625
0.23559551327025549
0.30927655823206229
0.26313118811471276
0.23053246423185278
0.2229186517224955
0.25005387754375652
0.25056799387636963
0.24401460227382357
0.26760868787524728
0.24653953079093163
0.23607370075834275
0.22802689460401887
0.27770620082133018
0.25051936776638301
0.23295826173994003
0.22061134665678295
0.23169074708055434
0.24630167851486318
0.23447837048411846
0.16452975641509704
0.19092027390039576
0.25322454302792896
0.21883382570090093
0.25073907257873956
0.26751792980287564
0.26437939729045723
0.2524228573422036
0.25190322312391777
0.29757878882856931
0.26025470359174047
0.27993360371681059
0.26207740674134822
0.33033992676306673
0.21989757064307577
0.27694071238125423
0.25516691797328905
0.22980602620847196
0.25082488080381171
0.22133106783274387
0.24628824557592566
0.27049649713246826
0.29229103362454156
0.22303505172105545
0.25516929758873763
0.30438722167574817
0.25047362828806941
0.25222446236860779
0.24973731388410109
0.22360482948539834
0.27504816370636764
0.27790463567359142
0.12893808770487722
0.26698792398194277
0.50407019507113759
0.50609188767966251
0.49517709763140594
0.4951386638767768
0.49383110056691437
0.48838427236571208
0.5059327237158362
0.52315454096991099
0.49253871484640555
0.50875667638808675
0.48829649294335453
0.51425486636681961
0.48910746517322079
0.49142047577403114
0.50848129514415963
0.48244950049716151
0.50847380150476662
0.49096846031111868
0.48800230976655973
0.50432350566538919
0.49672985006239162
0.49179437402379605
0.51001513334207027
0.4881856914810504
0.48840604722773889
0.49836279827375002
0.4835510696277463
0.49344065624853212
0.49439306493437923
0.50988218117064266
0.28575354391559116
0.22973247623567691
0.49985701999252086
0.49728581953050127
0.49048867775657379
0.48774854851014732
0.49387866019297638
0.52015497640560926
0.50744298270183374
0.49773357096790122
0.51269111944255263
0.49144593344867427
0.50960096997284732
0.50090618358353778
0.50278115408073409
0.50357796390434562
0.48756556438803478
0.4981162206032661
0.50143733663556112
0.52176955141027337
0.50488728533993588
0.51874650604091199
0.49189091069312024
0.49599846283645821
0.5113558600865169
0.49785789921181378
0.49217799389868344
0.49647147120240703
0.48275122309512536
0.48174123444112887
0.48618194543531817
0.51793304074566693
0.24281485069856978
0.27908728174063152
0.51559867943775284
0.50152370013080172
0.50588546564279468
0.48920948219928245
0.51180183768737308
0.51306763348565487
0.49523736456005824
0.48818391483056323
0.4936890829916577
0.49728026570263489
0.49814196571860891
0.49999861134528473
0.52732629563453692
0.49106796245525791
0.48301164056308987
0.50672422954419083
0.4894734279689168
0.50433865387011223
0.52174874809873695
0.49096856774263775
0.47903948560826759
0.47802944149772542
0.51795378107407331
0.49699676354826317
0.4798163139809366
0.49202288296334562
0.48630048471276871
0.49734994139213129
0.50972168831586562
0.50559226915865163
0.26060132482190418
0.26684789645305945
0.47994151497606746
0.48673116551738277
0.50520018216582296
0.50630985845169252
0.50630817674185924
0.50980821045861957
0.50423514246734402
0.5028056837483329
0.50893579051645055
0.51801770332603958
0.51714322326989703
0.50206646729423987
0.49117005702694794
0.50335272964115507
0.49083170884587085
0.49619841141302728
0.50364097230877336
0.49926378058495269
0.51069065895866428
0.5084398341255868
0.48542818097397233
0.51209974512477541
0.49547776773514951
0.48879358205627882
0.48022095828791544
0.50921008584273997
0.49297667322807526
0.51537910607672177
0.5103506087046884
0.49348973072932584
0.25405088957374211
0.2403460629313125
0.50884622289723147
0.49106718282834849
0.50236086937560354
0.50458039184569414
0.47538194779561738
0.48054585351961299
0.5015537430275615
0.47615283538871916
0.50216029011599039
0.50768602406853036
0.50539870677868415
0.50296775259584747
0.48673591932837035
0.48797079360528656
0.50763896784630869
0.50914462817588013
0.5062211321393516
0.47698349332739454
0.48270509070602985
0.49998168117201142
0.51451651095789608
0.48872067744897602
0.50068127795989503
0.46438847574922559
0.49130674557370152
0.49891408209322163
0.51477887073384221
0.50938970145032481
0.49198979485074912
0.49831081129456239
0.22734433055247091
0.24067858989404312
0.5137281271729951
0.48902765436852502
0.50804438824987941
0.50331727818717775
0.50191732355903473
0.47544085789799484
0.50069934603484023
0.50081502379715781
0.51362234317748101
0.47901439413512253
0.49735831281466442
0.4979988286208249
0.48959760828886384
0.50556664616566882
0.49988631583339244
0.49591763489001306
0.4967201053530641
0.48770847174960763
0.50089469889107729
0.48250749309729712
0.47286064117738374
0.4908326850763125
0.4854803915717435
0.51039910098175989
0.49566299508801365
0.49192679678373719
0.49575732743110701
0.49716875497361696
0.49669648425009938
0.4972629835021779
0.24888086605587162
0.24548488291089232
0.51817511622582391
0.48577692012467183
0.50775338918827861
0.51587927266811262
0.51431985453647855
0.48952390542482538
0.49853203179136907
0.51908954962503062
0.48848847062145784
0.50152440116743435
0.48866863556930118
0.49536598941393023
0.5081750609228447
0.48730246174377706
0.47632265983949129
0.48989349887985983
0.52244337881355485
0.48814998558215789
0.50018863959779292
0.49758744893107959
0.50474253386299139
0.48222906604759469
0.48288233676391651
0.49360738467257026
0.48808054895205788
0.51333729059233424
0.48551410116693577
0.50694992690952556
0.50447179640681061
0.50116098581044577
0.28577051884542126
0.26065481457233625
0.49416455600943371
0.48512571623751516
0.49480102139715526
0.49991996062996463
0.50363467001373374
0.51903350674551918
0.50768016060049881
0.50387936852610316
0.50622304324453116
0.50194564630400718
0.49492199532596842
0.50515905729542099
0.49500618931177148
0.49255287278211674
0.49587135399040716
0.48924983895044938
0.48949366611418416
0.50473726332521895
0.50010704202303691
0.51176174866327995
0.49295889140610205
0.49531748226249156
0.49001836901999507
0.49262082080893782
0.5109162726974612
0.47935847782080959
0.4892043524324729
0.48529169392049448
0.50754605189138091
0.50764537717822278
0.25106697326517657
0.31686072347791522
0.50210404037815293
0.49218926652647704
0.48207815852182173
0.50644122949603165
0.49337466135225949
0.49855872423359954
0.511291565244124
0.49304135888312633
0.48259914933096826
0.49051023041041947
0.4986690674594878
0.49383005377735273
0.49326806850768723
0.49681263202783138
0.50036515213872901
0.50198703848450477
0.50553113160806296
0.48046494162950298
0.50480906748396881
0.52587269793683433
0.50452354096789787
0.49840723243320623
0.50246356821857596
0.48259457157887597
0.48116494797494497
0.47873634912428986
0.52474988375011666
0.51381652276321743
0.49553897409919523
0.49224666796687988
0.21331294255259384
0.26134447374349179
0.49536419667797732
0.49994014821531424
0.50957435799114792
0.51140978456459474
0.51447359453742625
0.49235225157957913
0.49297857658310823
0.49294521269826025
0.49822152567958905
0.48683448019211806
0.49377347935629917
0.49033294862905574
0.47928671754202479
0.47946828428772514
0.49216488905916861
0.51322994994041282
0.51198044914849916
0.4880014903517787
0.48956041732756223
0.51249606502622391
0.51056527592382428
0.49171474152240052
0.51465618923042422
0.49518611707163296
0.50518680278412664
0.50647114398042414
0.47860774911730897
0.48563044615494433
0.50817693909306327
0.48776064108019723
0.25263101264994653
0.23231833304276114
0.49534332478450799
0.49268878527492838
0.49649999418623342
0.49880991145225129
0.49243926312048558
0.4937345343909742
0.48791410029144788
0.47857969743808643
0.49849110437626099
0.47445412488919386
0.50287541932230351
0.50084999577256406
0.50336791997010577
0.47955242552082661
0.48265769619763216
0.5116949686878095
0.49485593902988678
0.50267038676534626
0.50150265555761719
0.49829270904239681
0.49217227462522861
0.50624809299260543
0.52122352206504052
0.48624908723734606
0.49384924058853419
0.50804511720678058
0.4744151790299273
0.49159644083596871
0.50623697963781733
0.50509212945531556
0.31216325215366808
0.24455841851228369
0.49288266691901561
0.50945678328901234
0.50810584597375674
0.50514792911281625
0.50856386719805058
0.49972037564728317
0.50775345133346816
0.50343671838335979
0.49684635560483831
0.48858746027465305
0.49810959723529724
0.50450203160665119
0.48628883447093096
0.50467362138547778
0.49697779583976298
0.51552488962607323
0.50614392071417913
0.51151462026990957
0.51689660191034759
0.50363542198158351
0.49650646338923887
0.48761373140728714
0.4866058073921945
0.49049742683576641
0.49788999806053524
0.51022700495341267
0.48608537472960078
0.49953090261649069
0.51260779605292994
0.52427026388490772
0.22978543568680293
0.24135733075230115
0.50843962275871712
0.48977219131212446
0.51060462405836016
0.52135988604959838
0.49900275793390153
0.49872567407844282
0.48541209922518963
0.49956371409462846
0.48558475488030245
0.49530488954056873
0.50586252730592274
0.49528862253635469
0.49977092471534451
0.49971796504603799
0.49985195356771633
0.50032535235303399
0.49394521233713146
0.514216291975652
0.51653918604779459
0.51742035071197245
0.50236152753326679
0.50978756240568379
0.48465998857727055
0.5267723733627766
0.49629771318964833
0.50103046423615449
0.50189708489344587
0.49332613212142939
0.50203253247531165
0.50672510640168422
0.25729630656791908
0.22644825152490855
0.48684350759639705
0.48737285326671381
0.50257307861433254
0.50832957688324343
0.50037561604329339
0.47957660177531369
0.4966394942192634
0.51122974635749963
0.49694680375793632
0.50970627970102633
0.49994677063395387
0.50458116318486101
0.49005072608541023
0.47243670640073337
0.49918672900373706
0.51075985141273084
0.50640563039046571
0.49151790344611795
0.49860774235046035
0.48893322403710504
0.4876899466526104
0.51132905280699659
0.51085677418902897
0.50211801877157791
0.50589553482747063
0.50701792019780134
0.49687512875830864
0.49668479086736705
0.51694820005521858
0.50630523107380931
0.24615163483558866
0.26028149946035206
0.50904320535236081
0.48617309020236399
0.50789438631706396
0.50329485401677154
0.53031782462026678
0.49718715981123834
0.49834698968240571
0.49524269679614308
0.48848516307775097
0.49932206099914211
0.50466705977807536
0.50637441129967287
0.50032245516532436
0.48515051376228951
0.49293784066182728
0.51170009999750099
0.50939888638700748
0.50353382696603666
0.50639104394648271
0.49397835303694032
0.49779426888654016
0.50421562940398912
0.51400428739710813
0.49369299651329079
0.47606689699692495
0.49695706568305031
0.48508945707132617
0.49707286524165678
0.48529199445278476
0.50882237619738069
0.21254969529007964
0.27082800479480934
0.51662239318502556
0.49443376973565406
0.50955196918592915
0.50225319215632802
0.48356421590899185
0.50675525009636935
0.51982797565373662
0.48246052067781553
0.49865977591819693
0.49740325763838289
0.4870278858830972
0.49844672339453305
0.49996841725704394
0.48996071027646459
0.50224023037647381
0.51267415666869742
0.4747561475035833
0.50156767086292053
0.49768815554087875
0.49616671983181632
0.50381683147902601
0.48353147023206705
0.5097996079542908
0.49944782520963427
0.47605897181816781
0.50414811278233074
0.50319646412597729
0.50984905138413639
0.51046438418153794
0.47639949092496631
0.26142201261295922
0.26452690074532526
0.51216317475749229
0.51414699310515122
0.4946743292945861
0.48958715938715408
0.48747267924862353
0.49180212935432027
0.47614609374421774
0.48434708194468368
0.51054450618088287
0.48320763127039307
0.50018992924343608
0.49730677798948025
0.51199630696928211
0.48090458113834772
0.49662558544122454
0.50572638228510469
0.49831637076211288
0.48916530636012334
0.48258084173686033
0.51338910551380557
0.48190060456482098
0.49508172670163103
0.50864100292463499
0.49871925703596443
0.49769936996983738
0.50116340486390742
0.5173930994860293
0.50981917607252092
0.50541123239813868
0.51234145376686768
0.25541997780439907
0.27329052146825855
0.50031059640921582
0.4957092332884504
0.48980969830090287
0.47813073414557389
0.49738647157743421
0.49447670071514155
0.52895725960697859
0.50958920476583469
0.50175088418032066
0.50163816316886667
0.50223691333253495
0.51038305396316319
0.48825575015905454
0.48548027026852564
0.49209283076066829
0.48601258786141383
0.511488920916917
0.49565675058508557
0.48252628945793291
0.50004880738372182
0.50089086285344175
0.48947433352972308
0.47886957783868839
0.51249323440523509
0.51577798784035689
0.507729445596106
0.51307328061555502
0.50187043563571865
0.50705978915725491
0.49820146987871178
0.25915320591946911
0.25256101131896092
0.50660105087319807
0.50052200620115983
0.49931337996536312
0.48729686496408786
0.49513051894599092
0.48534484025165392
0.50880631929914644
0.50943779549073265
0.51656469931005855
0.51682120582969215
0.49290058050302099
0.4958536702334046
0.50769442515222019
0.48862415148332411
0.52019006597931949
0.52114436634411732
0.49448332996645072
0.4853425188646821
0.48115039091298661
0.48552797782400775
0.51618647709645771
0.50371330630137634
0.50422074021269681
0.50305915896023756
0.48866479449050443
0.48288741097624849
0.51258559318329666
0.51498987255187101
0.49051051133368823
0.4990149818086263
0.24133369895712498
0.26458273160323181
0.48874896710000709
0.49476977709692382
0.50906136853607364
0.49396945616740701
0.48133798468845612
0.49221913540044843
0.5068236896469499
0.50312824504930276
0.48359919915970323
0.50917003227205604
0.5122025371115333
0.51297158640738882
0.50599403462731163
0.50100096557395246
0.50690289471525818
0.49859163720678795
0.50340415734693589
0.5054949021480426
0.48937926068401932
0.48051776181307126
0.48824172029062013
0.47980307709167652
0.4907818035223267
0.48806228320032613
0.48815896037187456
0.49796510891767432
0.49554276544536985
0.49783516456303001
0.5025419757845857
0.49533978223549252
0.228252242926368
0.24221415146083441
0.49558839458232823
0.50466456462527831
0.50467300908879587
0.49884795073306981
0.50343647914354961
0.50480631105833185
0.51953319670043419
0.52257420732885396
0.48990014626689926
0.49299119963711102
0.50825732306456284
0.48829888016346196
0.51356825855227051
0.50248916283481981
0.51233755395812053
0.48543912605582573
0.48941093874566893
0.49996642838879951
0.51886522412938163
0.50695249032275158
0.52629279945366692
0.48874243351084723
0.50134839028615874
0.50793859549196663
0.49587363966878784
0.51412175897563572
0.50777754923897556
0.51451680038675873
0.51091671563823249
0.50567693523423884
0.25282013249265733
0.26331904455362715
0.49142311653109427
0.48081323552479149
0.50920195132333457
0.5163929221428144
0.49503473533975811
0.48956812786221487
0.49403706456217694
0.48249885876479121
0.50836179930805736
0.51452924331417738
0.51373084791273571
0.49386513688324901
0.50312288154485318
0.51244880225518064
0.5302104402478911
0.48643327298334516
0.49303174364069796
0.47491529291391693
0.505603589568689
0.50896211709016992
0.51447182966188876
0.4993417325329324
0.51263288976923282
0.49690755029805805
0.50541545984354841
0.50060730316441948
0.48114368996380308
0.49611810998213357
0.49586587241654673
0.51162500272312705
0.24251670456813001
0.25994926231994819
0.50434883836210809
0.5035441797053406
0.51048607043668626
0.48735856445831027
0.4876112623170592
0.50007374189751574
0.50040895709898781
0.51117777869125969
0.49633849839323763
0.49744072640180453
0.52345160754044051
0.50095684339563651
0.49211020092800983
0.50753799579652092
0.52553900312982782
0.50116149775440866
0.51205949299540487
0.48851681014506093
0.48138505560400396
0.48470060546581162
0.4941394900921951
0.49271357018040951
0.49884772490514739
0.49658037097973057
0.49611893034979465
0.49218168473593987
0.50768010777463535
0.48984912400269742
0.49411703148237751
0.50183855299866598
0.23065602658077619
0.24374413713525514
0.4884004386706472
0.49871655399161663
0.50154005414152203
0.5031095361294623
0.47195612317800578
0.5004492476523702
0.51240446072470247
0.49890983172653736
0.49865217282847107
0.48949324309589071
0.50210025113556911
0.49966557283326885
0.48980093635277067
0.4979591871273561
0.5148481018233052
0.49177178016919565
0.48322031794202486
0.50860458829996158
0.49843500880658936
0.49184340685640093
0.48852523983662027
0.48618795160942058
0.5058049690146913
0.50505755164934329
0.4983118645702268
0.50062628420425292
0.49259836259426903
0.49734497008755291
0.49926388514227504
0.51340948617572668
0.26545124011843252
0.24911613114760583
0.4809427093635974
0.48645665238534824
0.50336979529208659
0.51590580373322625
0.49374336779728972
0.50142549672610925
0.51287594201817976
0.50326483646358899
0.49390746205639824
0.50295041808645735
0.51497985104796218
0.52162489347746732
0.51219342953366975
0.50198066471118141
0.49063260807653136
0.49100020018457535
0.51173018457145159
0.49896427494795087
0.50986461850750298
0.50879274931201923
0.49838341204854475
0.49897234849928973
0.50931762624401156
0.50393415810670517
0.4983582357777338
0.50879659702985314
0.51914671462733009
0.51254319385692859
0.48467615142360937
0.49287429246477982
0.22393705421625471
0.24553698588052256
0.50036514855344649
0.51571490469079151
0.50014380622289023
0.49250739786630626
0.5033456190445571
0.49515935556444479
0.51175955377490889
0.51051986790364245
0.5073591265419708
0.49205220575975428
0.49949942777927242
0.50031905491122108
0.48770611025559812
0.49081956604640525
0.48942732561471608
0.50151747626712551
0.50090809601447017
0.49329128086769064
0.50605465632457991
0.48774103087429488
0.49872480693788385
0.50552294460011427
0.50586450791458071
0.51062762061835032
0.49993319444162088
0.50550546991603862
0.50238659533584096
0.4827510750501538
0.51168812086334814
0.49119931416648349
0.22875172107984204
0.26286934878628759
0.49370302102498598
0.51997708625034555
0.50392785495468984
0.48274375056636465
0.48883674342765449
0.4990426236291875
0.46736407697306248
0.50451866667745249
0.49123044769313495
0.50551908495491182
0.50895466316688887
0.49809225653452466
0.48823148279437795
0.47600694261271709
0.49215331263210399
0.49837386726192828
0.50490079955196898
0.48349203382337769
0.50514474127955511
0.50108221321838042
0.51879314005856081
0.50314479135858425
0.50125071184041237
0.51304371474662014
0.51309972485928712
0.50857998422837625
0.50908478944457047
0.50608669157168762
0.48968453078564483
0.48714670835837909
0.27240400414918592
0.24027391179198193
0.49975824784324657
0.50424946173024077
0.5112912887470924
0.49171994407217767
0.50778196333528769
0.5082813721959647
0.50363987877119409
0.50596387044394797
0.5134798959512713
0.49622797669698177
0.49710683795878452
0.49378726126447925
0.50165571120424002
0.50420441086563084
0.50768593841922072
0.49673929502777076
0.49828019052787664
0.50406735227338451
0.48636542542505856
0.48532419264856358
0.54059050300538913
0.49512181159848934
0.48828985530428959
0.4943793617114286
0.50131221137948223
0.50239143794917285
0.49776366293528712
0.49552602538775908
0.48011596271616264
0.50032779726123511
0.30265969041780794
0.24048521287949018
0.50015237326862594
0.50350827647361418
0.50086182828933268
0.50290566060209896
0.48740760378946701
0.51295432100933225
0.47472059560799124
0.50027670819134007
0.50711350071771566
0.49409965895317121
0.51520493566521763
0.48761746035865972
0.49156639092289073
0.49189728460709181
0.48469516463788548
0.49116901014129249
0.49137064772707911
0.51225188719771086
0.49495417166641686
0.51197639073664614
0.5116274496624803
0.4907785886696025
0.49972919745657446
0.49209477749936242
0.47903648654912956
0.50676187728896616
0.50433887207021899
0.48998468910241011
0.49232173403213614
0.51002527455423519
0.2688757876298058
0.21971145520348737
0.50434855962873404
0.51925671663686568
0.50234039675998665
0.53371912381341546
0.5102758971157646
0.49857685795445261
0.49690338548732327
0.50397143039824843
0.51050959975995369
0.49413647402265509
0.49778061534840845
0.48885116281615837
0.48072010532360615
0.51696332331066563
0.51055962186409565
0.51947211085261658
0.50254947280090811
0.50110957581102533
0.47956029939635891
0.52300174733697069
0.50449284164073671
0.50315523254432026
0.50131385410228801
0.50803592313716806
0.48997911145724815
0.51472413339262468
0.5029686726545628
0.50478832004888496
0.50927953682296045
0.50381178784342484
0.2341586895921525
0.1312151731124829
0.25961905549210323
0.24241459614478489
0.23790999818235484
0.2345178138361198
0.24824251187019972
0.25223941223389174
0.22655712676234924
0.25714704305681602
0.2313802671128351
0.26688560823008556
0.24767033030665808
0.23640604811218105
0.30780558893100607
0.24068360882764103
0.259222813073193
0.26117442914408029
0.26649866352588142
0.2494562243385442
0.23367068789389867
0.25590051459123336
0.23367001717094044
0.27208129497231343
0.25807819648386016
0.24282566833687427
0.21470149319813356
0.2395224786781471
0.22953833462728468
0.26472551542190093
0.21907790025129498
0.2705319994154759
0.13231007489641622
0.11223695738001854
0.27358495062473503
0.2691504065810077
0.25311488968769691
0.26845851113928071
0.26813390699678835
0.26607263287894645
0.24032521141654506
0.25703207109068682
0.28221896177971867
0.24151395950837934
0.22419228412575376
0.22499152494620644
0.24059068211889584
0.24428208044688154
0.23110260681232697
0.27846381494106992
0.24806067665992143
0.25660899793344927
0.25222136152688318
0.26595818609430344
0.22807679711098533
0.25975898614165288
0.2426474365746801
0.21633153770284844
0.25463742663604455
0.25707569844705191
0.24318150380306192
0.28531217369141831
0.27743300982824731
0.23597250265432196
0.19870582985558211
0.27442814587031766
0.50218740320770239
0.50309841409775191
0.49725538254142937
0.50157536256917024
0.50107123994680081
0.50028151620676398
0.50371851341532592
0.49594305094692065
0.49772109681118171
0.50422144746871722
0.49552016495928974
0.47334357876409555
0.50446851637270107
0.49961732298912565
0.50501309862427657
0.50274129952061164
0.50132866818741528
0.49991142389080762
0.50170329158125715
0.49774075724152805
0.49724283626123461
0.4979856356689874
0.52436898295990053
0.51735548450262747
0.48058431735345591
0.49908023693872205
0.51640384473363687
0.47334329590311908
0.51361346903940885
0.4813057574493298
0.21544439820591649
0.25221726817949747
0.49840424780818676
0.50311979718305255
0.49702728116746447
0.51472645341619894
0.47095304654256875
0.47372923705892317
0.50615105859682519
0.50883091318888918
0.50639773963969448
0.51149540211347166
0.5054452292167696
0.48387448740442318
0.50459713379276927
0.5119218386156752
0.51082909464286752
0.50647004240098437
0.50798055682558074
0.48839873403727968
0.49949095668277815
0.51451710879858392
0.48908051200548258
0.4998313384090784
0.49312837961996359
0.50761383430219553
0.48613149507065573
0.49530067457828897
0.50216646417632926
0.4913311756014197
0.49655637932117042
0.50279310251185261
0.23546572750094732
0.27199022704923254
0.50343241967185781
0.50737941702910139
0.49014091803107418
0.50678047723412234
0.48702462052868822
0.50834725629448341
0.51615711660829811
0.50920603833905542
0.51261687809203227
0.50838408110550115
0.50383357633095605
0.50846088530081646
0.50325697211726261
0.50643997243507566
0.49716495023100898
0.4987736534053715
0.49557831683901771
0.49542767133729831
0.48963068411654964
0.48795510863093083
0.51003377782118409
0.504530246857124
0.46731287755305811
0.51217565094981987
0.5006612170271566
0.49067863544993867
0.49801510247556768
0.48131799987010959
0.50781530483071025
0.50536265722005125
0.24711808755190645
0.25666604005902915
0.5074299563430108
0.50152430202934428
0.48785392277063611
0.50787841232883413
0.50302187544338794
0.50166034482914557
0.50485522296348362
0.5111221789874546
0.52298874473978296
0.50971102749306596
0.50007648602061494
0.50541223940422331
0.49640548914839383
0.52028777914085222
0.50580545269990929
0.48658907179346961
0.47785943971981854
0.50893449821580949
0.49790656556714114
0.50020591523040958
0.53184927875194299
0.49390445416493423
0.50834067992130705
0.499739566101568
0.49797894209912386
0.49205398286200686
0.52149800565466065
0.51486872130827177
0.49416840314691202
0.49621693339499301
0.24974947556795407
0.23386902384930672
0.50625718824154398
0.50722454494614799
0.47985530241420293
0.50786467853859252
0.4820845331202494
0.50157965825020545
0.45557784734393109
0.48967765947676561
0.48862317461685012
0.49886284221529131
0.48510046569537857
0.50120870079917024
0.50125622514134283
0.49697797609975569
0.49630159689060493
0.49407741216512174
0.50462529538148082
0.48493555035418479
0.4956619215210547
0.50947899919296036
0.50060884593193555
0.48824269649296959
0.48622393546102771
0.49038403070009412
0.49155461499348957
0.5028018549910529
0.49884049649757872
0.50520785271587143
0.50160930463689746
0.52059633422565621
0.24094927005014227
0.25277564201992048
0.49856237583794299
0.49483105823926227
0.48526472540120175
0.49224186342236198
0.4875486514370968
0.51374468842928778
0.48704756390368087
0.49154183174508531
0.48756979713514798
0.48415701733586136
0.51315854301563313
0.51194208410110409
0.48738308508263473
0.49320957274694865
0.49673923820669802
0.48495902367178101
0.5054621136681563
0.50271747347984841
0.47835649441432715
0.50232535130549227
0.49664941440630828
0.50552587812244609
0.49201655971088831
0.49100579356083268
0.52166712021332518
0.48457844803779959
0.5095054600986173
0.4844644342177889
0.51443109997926295
0.49273343159991695
0.28177082419417793
0.23211624159749705
0.48854116503867823
0.49314725370378076
0.50625324717067421
0.48599864920601615
0.49471841252274767
0.50848855667470327
0.50399190915006142
0.49611687342810451
0.49742621936587433
0.50308352544873014
0.48350932151885112
0.50609301000835316
0.49576841027519875
0.51890814762148385
0.51232251407777207
0.49910279536050556
0.48511068827275977
0.50014819144513967
0.5188062397554799
0.49650967864163364
0.4991713580616346
0.49384304640881954
0.48795872046468691
0.50221402904583401
0.50523281263939512
0.50794490924013747
0.504115892804049
0.51990527580847334
0.49324104650782746
0.51082038200664348
0.24571979698356641
0.24352745015113123
0.48550897581292318
0.4981552873487417
0.49606920990696213
0.4904093071640438
0.51463724870497507
0.50873172199467775
0.52336305642394276
0.49894470175670719
0.48149923769474234
0.50105189201960254
0.50143644072856164
0.49189343606925257
0.49946510667173144
0.51996544623450913
0.46769641325062838
0.51327053135155509
0.49099764070265856
0.49605166453690158
0.49262383305421492
0.48304955975231845
0.49383662123837568
0.52295272246399183
0.50977398694167153
0.49489475742022471
0.49163965510493596
0.48800828251738793
0.50201504495470151
0.5154643121777871
0.49602870712839559
0.5157621182319706
0.24282021602374909
0.30647017575380214
0.50837928833988777
0.48892070104944563
0.48591963491114637
0.48737816577008852
0.49586332637209535
0.47602602400887944
0.4855929700736713
0.49139304830961217
0.50637471102229559
0.49947097386354672
0.48851677376607605
0.50782973502811068
0.49562361159907159
0.50697438759247115
0.49937674680527583
0.51498122815186365
0.49288103785609921
0.49492067613851837
0.49675251493538858
0.50102696426051141
0.51573146770544354
0.50724005166946229
0.49280365249896135
0.50363909347457836
0.50968546129409376
0.50110748309947606
0.49026628166371633
0.51118863406009019
0.49293786169457277
0.4971740713933368
0.21884987903292458
0.23910961280464399
0.5119753903330474
0.4946432365361193
0.50640893843529411
0.49583482446028077
0.50502911403444772
0.49399261116837689
0.51085103356959372
0.49611323034343047
0.49998882856178528
0.50473623664271194
0.49784590708325499
0.49622701622157628
0.49508407204895077
0.50712214550185331
0.50562687626266833
0.5198679902247958
0.47857627726269869
0.50347943032986642
0.52305112928732755
0.49123768491133923
0.49819739427860588
0.47784919692976308
0.49020678460746442
0.47875604913941616
0.50175976709398429
0.50675438622376046
0.49228760454932263
0.48650647010651532
0.48532075781695072
0.4899093832109977
0.28681455681390267
0.25904973207507953
0.50731181027206096
0.51721505001759793
0.52057478417999692
0.50575994719673678
0.50628706211291086
0.49461640940439794
0.50648811911783853
0.47483791872545617
0.50403157208467986
0.51690821767110662
0.50979062570587075
0.48935780104561954
0.51842687109074503
0.50215093140107425
0.4954751318167076
0.4866651282338198
0.51003641094985386
0.50301977344143534
0.50547059195550281
0.49862649949107307
0.50323176690484461
0.50091602658329837
0.50550064123595972
0.48993714286841988
0.5161216700618898
0.49965718407953902
0.48626412025872962
0.48360446564677423
0.48019208490647969
0.48344335643086295
0.26256613197988715
0.21282687482241047
0.48021982525874951
0.48961685228625312
0.49673867292644802
0.49295763731441039
0.50072381317565762
0.50454683837485592
0.49925768734173376
0.50546601929217638
0.50903824099551942
0.49448195468688277
0.47996901960635058
0.49866583287635435
0.51051833472427566
0.47522668590382811
0.50116431387642824
0.50829113937578807
0.51224865092736238
0.49848588418315232
0.49034215125494751
0.49410692388198119
0.48688830044562781
0.52160640437282046
0.5122883770068678
0.48414819175650914
0.50806640202950626
0.49120294357717431
0.4842573262634115
0.49720283116438135
0.49612322768943107
0.50486532432824005
0.26530917927985831
0.21733078042834419
0.49503013492560771
0.49535874344344094
0.49874182106637088
0.49641851773408513
0.49353301015447598
0.50271588585473381
0.52537806262897002
0.49450946046401462
0.49052877313249504
0.49678143705727046
0.50082308768465322
0.48922178532409805
0.51908358162854318
0.48191136523886591
0.47252682229397419
0.49706816449263619
0.5096809398273412
0.504568421387104
0.5032577982753047
0.48731707168522498
0.50130163171374253
0.48395385600630941
0.51221106866614763
0.49701805907870245
0.49533724162005677
0.48091795326708953
0.50317793570516434
0.5093404910601419
0.49544066382998658
0.48594934422153918
0.27445416185370858
0.29519993156974211
0.50539954153690092
0.50563717455028012
0.49645724572860622
0.49121690554117253
0.50580356872196441
0.51073292585363805
0.50694351859173392
0.51496229923617043
0.49240462381577577
0.48009306451763756
0.49811314359397502
0.4999215635478873
0.48988087480566944
0.50702311572899617
0.50337114974379715
0.49186684835342825
0.50094491112024087
0.50563424790189149
0.51009947778872888
0.51093809836037352
0.49491403361677477
0.51087917211088818
0.50390669535326615
0.49223700181149033
0.49154270048051957
0.51483188765265053
0.49243659978466153
0.47654134194103814
0.49810786132713208
0.50150011467591105
0.25896512196789967
0.27127676982308568
0.49684469767293105
0.49244486536895998
0.49426533983062765
0.49239314297785053
0.49971856986824026
0.51416605946653426
0.49905344583139349
0.49472268812294767
0.50632187164827069
0.49606462838997772
0.51034379571217492
0.51951558743202919
0.48893794781071476
0.4835161973397486
0.49234378156624509
0.50276116811359317
0.50577729114449865
0.49589851947918839
0.49613120490448143
0.50349605789467677
0.48634366635097775
0.48696559679307233
0.49359244589356405
0.49926695779208985
0.50273297105684689
0.50039325788576239
0.48633230011389267
0.49341326159077797
0.49710244151115202
0.50231824056107477
0.28291601681452933
0.23061806270193391
0.48116318466631935
0.48794264175595736
0.4928984905043135
0.5000180528073398
0.50852474841788997
0.50251336373125
0.50601334300285372
0.49980788287745392
0.498916617357688
0.48617675890884776
0.49098277246439592
0.5078270143425011
0.50032456743206388
0.49304715162444246
0.48735608372200229
0.52345699697368941
0.50072714630661785
0.49334770918630527
0.47971547047727459
0.48421149858819973
0.50330198937705939
0.48988771098126072
0.50328665364099934
0.52005427250057334
0.50569720579997457
0.49788842511922698
0.48956938078017631
0.50919347075705512
0.51312726881145909
0.50619224783073791
0.28918786219382903
0.23441361493455301
0.49923230921204492
0.50176821642791691
0.49219624715960009
0.48943145533167753
0.49708891701924407
0.47616341381267568
0.48697880976400543
0.48133970222935207
0.51560403383111542
0.49556483727683082
0.471334481733857
0.49102299025902119
0.49166045921063878
0.49806069690511162
0.49333676890513761
0.51866110052169212
0.48732124599374016
0.50012131404921745
0.50728817030733853
0.50503836455650764
0.48980550883192142
0.49331649639532366
0.48247848664211479
0.49393073199806647
0.47964314410216885
0.52106002072829782
0.50762020293326104
0.50222676871659022
0.49515190683588184
0.49533237359109089
0.23752697570902379
0.24937446621098841
0.50407124274599846
0.49347844061721302
0.49800779755364949
0.50649252625308316
0.50087204967614263
0.51968446568327531
0.5170929120244685
0.51129727964314742
0.48811682042053689
0.49277764506228111
0.49871619782764592
0.48856019200078044
0.51160005224689287
0.49696892060869718
0.47752665230734831
0.4877783430398932
0.49712965201840625
0.52167849638154318
0.51063141690901492
0.51029205532616118
0.48628316685904333
0.48854356370038893
0.50916652652523353
0.4911019960370453
0.50440308421106794
0.5260895387365232
0.49347988523816344
0.52102245912401957
0.51788370181551091
0.50813025765083897
0.25771699979639934
0.22649174739286182
0.51564341173598927
0.50890243577023719
0.49632433887923755
0.51126327272831762
0.49940070450194624
0.51032384101873318
0.4930573359754265
0.49970306576710477
0.49456016828388999
0.4905119285389497
0.49816491181343808
0.50607564649359282
0.5121576104692952
0.50544165533965135
0.51036565819259228
0.49773252200833101
0.51299569310659276
0.50529902289553352
0.5029978584961784
0.49620575772239722
0.50431698742225306
0.49208900507788278
0.49612462553095943
0.48024263950373447
0.48040865003941968
0.50097971372533212
0.50139964307750828
0.50929512899797247
0.50585805991352462
0.49539420412202467
0.23548331840172471
0.22897801449495381
0.48482955229481239
0.50488651107405691
0.51044473557794401
0.49795625287146883
0.50090819322228652
0.51552114703039897
0.50190920003179529
0.51140879524550786
0.49788209690470381
0.51104652674442674
0.50717550213088358
0.51959380715939174
0.51779538041158002
0.50787994549262649
0.49888169637860141
0.50892105576862934
0.5102087650239826
0.49704546880607059
0.49832966478123375
0.51115353161767385
0.51395476507070537
0.48733731830259902
0.49514080232674801
0.52025981454104264
0.49342194613028306
0.52249609253349949
0.48566299717010686
0.48469498020636254
0.48520592087182113
0.48669173943175625
0.25940971861038609
0.25485700413185769
0.50442374215767694
0.50527089805375991
0.50694663835689835
0.50918331927671101
0.51438981809495654
0.50133094292602898
0.50325881092480174
0.50000326148338625
0.4796945333826278
0.49490438562742745
0.51093150818818689
0.50028567806393531
0.497694208549047
0.50076751947296283
0.49695107586785869
0.4909298233018875
0.50768325928104285
0.49349137808427029
0.49159476255374895
0.49556549372899117
0.51475006736086693
0.50731957877104705
0.49186926697624661
0.49976609913657755
0.49960368802152766
0.50151845162750652
0.46782229146955201
0.48328518205594095
0.49457208005947179
0.49662638093826311
0.23104163101487932
0.23862109671236689
0.4917851093754822
0.50152399394941849
0.49938184797133545
0.50272743652886576
0.49098430809881433
0.48279108209848653
0.49927067120112822
0.49021006329090333
0.50686173763932851
0.4953618610781193
0.50499971711953318
0.49700706969938713
0.50667810302304306
0.48778861749835667
0.51055140547246358
0.48724704218766757
0.49587318067317537
0.50281808336932421
0.50146810403371422
0.51535344009574868
0.50041952420298774
0.51002993047783629
0.51654949895520064
0.50703544400789535
0.49690216117874686
0.50693118819800231
0.50697716887262123
0.49085450698302913
0.49930683096678563
0.4907001550066572
0.2597295697260259
0.249243014785343
0.52215888439450908
0.51440659360968199
0.51333644024690794
0.49467595891957283
0.49736433823353865
0.49867377230449045
0.4651805118841138
0.5053593022168732
0.50382790533030453
0.4892185504460469
0.50677012699055612
0.50019118092352155
0.50005434638482982
0.4851185206606391
0.49765622248426361
0.50378146640306098
0.50232863824919416
0.49544080765743098
0.50392405825078812
0.50562840951536148
0.50029675264181028
0.48796478980265634
0.48839327220550033
0.50734889046560183
0.49725079157876456
0.47786701625718053
0.50923071809095821
0.49643803485257637
0.4905407938953909
0.49917945149973086
0.22308625486643816
0.26888897803129752
0.51844948990890294
0.50832613812234451
0.50501753133694982
0.5056023711194122
0.52026102734130053
0.49451053726329847
0.49657548203357327
0.50344428588018597
0.49586264433968508
0.49527596417004061
0.5126989318933155
0.49394350716490032
0.49018286206469447
0.48798333163451468
0.49365027927562927
0.47497110119500607
0.50666356283583192
0.49162821306040932
0.50479152022373797
0.51683536305800459
0.49986011860073565
0.50220640635372482
0.49592638741045864
0.48368015490426647
0.48705690659408213
0.48660564219776486
0.47905091782011955
0.50138726746148787
0.49547021904000998
0.48708757064702657
0.27062529931394796
0.23938182491217497
0.52200212973144067
0.51739902748840727
0.52456012268027608
0.49998761212192178
0.49856465891626767
0.50211894171761395
0.4964689080145554
0.49339449242413846
0.51139239855101204
0.48851393707530932
0.50851086155655112
0.51358598724933091
0.47965466449247773
0.49984169977123405
0.50102092043328639
0.50562390248566447
0.50152867712571325
0.49221697193527003
0.50965409202429446
0.52720309642221963
0.50640902391647169
0.51204691610833064
0.50997354470583522
0.5004931058126556
0.51912649761181828
0.49896960560704379
0.4856096771925022
0.51288022456702143
0.50746670147171291
0.49481464242406692
0.26234259806261201
0.24805578176410026
0.49906781334748457
0.49026674685019539
0.49426619818488676
0.49843803548019583
0.49666790259587756
0.48643481188874121
0.4935558615073839
0.49913722491405327
0.5165653594596864
0.5361540362995042
0.4960138768989143
0.50992265127775105
0.5111893855780455
0.49064036396686461
0.49396793102467423
0.50082526294144125
0.49313671442948925
0.49430464509572253
0.49507114220477338
0.51931512245663891
0.52228348064129082
0.50737937831740121
0.48853444527323642
0.49780988037901036
0.51110889767663259
0.49693363959368153
0.47190134616764662
0.48974177085265835
0.49563712927449249
0.50327603343879757
0.22613113536226945
0.2421436009596917
0.48386590555958547
0.49257508784932902
0.50168525269937458
0.4889890902142206
0.50925733610690149
0.49581372850499261
0.500859303107827
0.50836098417939413
0.50175842235760126
0.49570102263320409
0.49942411070024939
0.48606416799031232
0.50785079356515928
0.50129847468372624
0.52114740721893549
0.49553772386805672
0.51486351455156965
0.49485708313390858
0.50498185697825504
0.511767379653151
0.49783726985998
0.49907628891675671
0.47543095481739922
0.50758800523244296
0.51274099472509604
0.49787893328534233
0.5217654309670241
0.5039826982419231
0.49027078653389622
0.51579445668314805
0.26361910786294368
0.2847051461022127
0.51058628335596878
0.50234499227709761
0.5076011123265044
0.50989050631062327
0.50667817374558954
0.49900427607972325
0.50584515200253288
0.49750223132380406
0.50362294048727951
0.49875963049488264
0.50743787945681063
0.50441274896792054
0.51176093946705636
0.49740348850774796
0.49990592171054704
0.50800737415209929
0.49790918105519094
0.5178367923453091
0.52392722325259289
0.50114266128432061
0.47568908207334248
0.50970437310094285
0.49194378868430844
0.50148090302298498
0.49900835782456915
0.50968397677919097
0.50452303343411864
0.50918247687282214
0.50181055987980638
0.49606333785702517
0.27044220670363761
0.26889136832157062
0.52663280161576775
0.49260679554262099
0.50800447781059876
0.50827274704029535
0.50542692764175301
0.50128285878096868
0.49984048783839408
0.5084370177213311
0.50548805682612052
0.49499998165711806
0.50098344834943376
0.47216935071505173
0.50264156714573904
0.4929171630112838
0.48790361054297487
0.49009663138206561
0.50474879846075438
0.51324286352241177
0.49867173899157324
0.50745852517319923
0.489507543313416
0.5098023397351934
0.50130778451504887
0.49841209999514813
0.51670105986497705
0.49754194032764881
0.49953800873647475
0.49882591721217523
0.49084332454732649
0.47802899643972313
0.24581007471822039
0.27404451214603048
0.4935541113219753
0.52338976946056248
0.51040081467939857
0.5007561733458582
0.4799066802847467
0.49592664043748691
0.49774643206626135
0.47439014779669664
0.47005854739419889
0.49263278573302161
0.4839680556361598
0.48456337693062912
0.49520847210183794
0.50312855278754043
0.5128531526573239
0.53026917470538737
0.50187235048029133
0.50391172075835322
0.49447255998148004
0.50953956096881481
0.51028233750918217
0.51418987943777672
0.49295472180168265
0.50730838650999799
0.4893055981455558
0.50314069013595664
0.47865735880932703
0.48747873185396828
0.50553969856454406
0.49307707167416087
0.23286755078042223
0.10819657585056071
0.26072133440990286
0.28104529713143467
0.29293332997117266
0.27539018735897758
0.28561640066837085
0.24274058101283355
0.24776117843291337
0.22780673761300127
0.21989102451007012
0.24776955477274906
0.28008938980145875
0.24295225816407254
0.29426759504287342
0.24573345142578681
0.21884999221044515
0.28312386316248306
0.25933050918330497
0.2408810201590903
0.25726940778053742
0.23337332948049661
0.27429388431508761
0.24033940615893867
0.25280115251796126
0.25534178101233335
0.23681268443774162
0.23927769630781118
0.28866686245527912
0.22267402758085594
0.2460006013396091
0.22896189796286603
0.15199608079986091
0.12976752102434419
0.25036404753581021
0.24345067456816499
0.23525853546328393
0.23879957562887472
0.24092129720204816
0.2842473173638061
0.24403697614943209
0.2653078157574677
0.22412644383837341
0.22396180060850246
0.20598093363415418
0.26242105307314179
0.23283751003325764
0.22443552616279988
0.2514301462095746
0.24731728332298175
0.25616809589303913
0.29182053949723696
0.24626840850155354
0.24088478542535749
0.21404249697936881
0.22166038429825152
0.29063030543904306
0.28034066822776688
0.24871133279429128
0.22092038398460451
0.24576876983196799
0.28015222152133801
0.24837840616050066
0.23106890334488403
0.13708534036715617
0.252247413612255
0.49425678410718088
0.5123874177794443
0.48182613480538072
0.49431461618332306
0.51604036153602795
0.49252077673138883
0.50097474994953306
0.50103837367741222
0.4998054041583746
0.49348143856406235
0.48995731605493403
0.48438590054070252
0.50297909074209257
0.51105223111751175
0.51107061827888434
0.50427626924782876
0.49242926045391228
0.48681786522780629
0.49044016582092231
0.50148083552071809
0.48808512520645442
0.49413525104229056
0.50405587557055842
0.48388950525069691
0.50182560684513067
0.50458367502087986
0.49678727991272603
0.48576157334220199
0.49916478336418385
0.48456269121639622
0.24380993980061277
0.24393280523331728
0.49512259750015197
0.50107846156505786
0.49249768711887809
0.50617142543010163
0.49981200796723579
0.50824396421448481
0.49463331725582277
0.50354731579502865
0.48749735601367034
0.49077018723533483
0.48087779070779235
0.5158594870060913
0.50457906747582149
0.52118392363317179
0.50189412776453068
0.50793533046082107
0.50608488712510302
0.49458468848596504
0.50940856796521949
0.50767358644347549
0.50191044612945079
0.506398506082396
0.49554524922545212
0.49948942453152184
0.50993421076447798
0.50032999609773221
0.48795947725840783
0.51027803648708192
0.50529450441212997
0.49203975613341044
0.26006609688730276
0.260458722411401
0.51142866788679719
0.48789344805438273
0.49826953528697543
0.50136012782548511
0.50108567245662206
0.49592687236530164
0.49972264751775641
0.4952575050557908
0.48825792193184159
0.49619761139606938
0.49458352324425486
0.4857823884128939
0.49530523427612377
0.50908384121673111
0.49934528127401018
0.51504999186228173
0.50743252578643305
0.50409893186345611
0.48408370856122296
0.49128149100300678
0.48930145206467868
0.48892274149552711
0.49541695847023881
0.49958252285002863
0.49979633473359325
0.51995566726992215
0.50413332744124695
0.51372105634555365
0.50377273134069755
0.50173234988241133
0.25768415402710892
0.25537729503263396
0.51082238743390329
0.49823695410809971
0.49883896205292144
0.5159521935655097
0.494158673946692
0.48172469947989899
0.49718678356363499
0.48946134267213764
0.50625179610552373
0.51805315604425894
0.48942606114289477
0.50599756355448811
0.48535847023046147
0.50132808196351264
0.51262031656700457
0.50895154167231016
0.50224211317519651
0.50128407465313118
0.49887842999048682
0.49862862501378663
0.50042425601556195
0.49016651264400307
0.51392501929978585
0.4760832940057832
0.49744947578381915
0.49918054437406711
0.50649311455312351
0.50608045434396032
0.48844555620700403
0.51007610346774013
0.23846869191820927
0.25572076256933524
0.51851350284727149
0.51475368484482364
0.51564067337676667
0.49686198847946816
0.48554068411494122
0.47233763395787037
0.48442054351478253
0.51095907943044983
0.48625833463599444
0.50305913407739011
0.51089005001461341
0.51152695419147243
0.51009018060694156
0.48533937915321157
0.50566948918066779
0.49656466897128537
0.49518786466060011
0.51534024023699787
0.50969959976739909
0.50818449709513525
0.50712177318903973
0.52228024207684964
0.50405566038807581
0.49735116382616518
0.50553375965355807
0.5052791528919649
0.47861574786675981
0.51160424336085764
0.51478926966273963
0.51356362354030927
0.25423941133665223
0.22636086094879779
0.50138424603792142
0.50177312985637967
0.48056435772896378
0.5250457935883579
0.50304735207722018
0.50467000621067903
0.48622076264320607
0.49096402832375852
0.4947139829869901
0.50255460599193813
0.49312779558561987
0.51379451878269289
0.50046375624916295
0.51204219013497287
0.48073931798890179
0.50156292106675093
0.47720415663395199
0.47559651229412475
0.49928015594816005
0.51068314616502009
0.49954388805557803
0.50138050048216887
0.47473343641936017
0.5037260452745782
0.5103576210101296
0.49617017460759366
0.50374756205168891
0.48732986499791853
0.51005508141127864
0.50196764113162795
0.24935576690465228
0.25299931174374413
0.51777765158282429
0.49419577268629244
0.49920343213064422
0.48455806850645705
0.4999078390201695
0.49845492123182839
0.50985773290373415
0.50637063411154992
0.50912484671055425
0.50383849683815218
0.49414403113716426
0.51535920959528003
0.50483247992177371
0.50774774750922413
0.50366726144528573
0.52026280331737562
0.48321291527485133
0.49295534742082797
0.50165518848990909
0.50586477247201356
0.50540440048238133
0.49843109963128529
0.49292643869634345
0.49658833174966666
0.50696959907775652
0.50304171177071499
0.50742787458881966
0.50687286692102484
0.50971172791949426
0.51669623445511903
0.2245127181846143
0.22577945914567854
0.51361058735324161
0.5272259122250964
0.49334258001971681
0.49467035475898397
0.5064652590247416
0.5076622439834374
0.50142121849876098
0.51991475923289665
0.50363581948506286
0.49590697596516298
0.50615162688187643
0.47694437299742048
0.49947117355700393
0.49682955812233254
0.49384401416492885
0.50016350867081583
0.51028734637503459
0.49290600862217349
0.49152002381593402
0.49300368096285863
0.49901564917697372
0.51683683831759464
0.49673753834160839
0.49935020957881565
0.50287405011781028
0.49651315149924674
0.4939182763476157
0.50815599439473991
0.50602498254097128
0.51726016481787607
0.2523761593598815
0.27599164367488044
0.50091037056236309
0.49721987359937314
0.48582963231092274
0.50133225814927118
0.49925796160604208
0.49408510027496699
0.50137070942294748
0.49758597871503746
0.48405607967013092
0.48847979280687137
0.49965317302468576
0.51553554880512975
0.51928301482670669
0.49100809812403473
0.48535405965772743
0.49760217745034058
0.48889982034786283
0.51577330436386748
0.49435747772373706
0.49820617304199638
0.51197203969258331
0.51491012420058924
0.49642997993375265
0.49778732818694216
0.50703022504392115
0.50826455964294681
0.4902404110680082
0.49161777182362448
0.51544395841307156
0.5095893079490813
0.24322051270916234
0.27037474716007198
0.50715730756281052
0.49951400747786351
0.47909901133866623
0.49240132933334602
0.50001221136027141
0.4826562494851841
0.49331203755245789
0.49920028190058796
0.49611759490902135
0.51223701397300803
0.49975935630773038
0.50257400448950085
0.49701068975977369
0.513920165674697
0.50123562769354568
0.49830252553805676
0.51402817917592747
0.51226625795192249
0.4978854742076006
0.49541630624026722
0.48074700195989395
0.48630143297737227
0.5131611636498401
0.52267943004809658
0.50801006743652699
0.5150761676501191
0.49736320868850442
0.48694347353004719
0.50749388142306262
0.5134671985850453
0.26324237587311961
0.22972792215351209
0.4709610270197061
0.49379088595023934
0.49680465117503192
0.4988883259787803
0.47108486673650141
0.48614117439170368
0.49199991357939588
0.49922538004296751
0.48739257976162487
0.47992633082048575
0.48852013509105202
0.49034227947804371
0.48814722323800852
0.49731668408123381
0.48704799312649105
0.49686951310164246
0.48641006193620823
0.50349681402098301
0.49319052748436759
0.50414324870896909
0.49521912675333857
0.48601899186106318
0.49866604074294379
0.50040523606369325
0.48848637774987974
0.48300799811918416
0.49706148842886233
0.49491359000871427
0.50135989052518248
0.49848097386160289
0.25920680660262396
0.25575188960021467
0.50387928244255142
0.50446754279865225
0.48310723250288701
0.50143308323942792
0.50235754753899509
0.50968831835450468
0.49777475346564642
0.51248580467631766
0.49688234774030554
0.4957003409991329
0.50086132703683517
0.49235453623101094
0.49394704352532981
0.4930810636547136
0.51174651207782185
0.49088357906658686
0.50604431559630303
0.51153388681045964
0.51063184062919031
0.49467660541218789
0.48955195982678151
0.50179743153221545
0.48732148338976766
0.50727082001878088
0.49031581320060791
0.50218102866891434
0.52011927198522456
0.50470495277360816
0.50565460690986697
0.50451104467128716
0.23834274512459808
0.2547697594884909
0.50881494555786122
0.49785280806852855
0.49071482525494914
0.51509525443448567
0.50366687399024046
0.49004093471999582
0.50498290284429759
0.50619639082934131
0.5106582243387463
0.49634918962401786
0.48684724973672189
0.50614882458905541
0.50875464580678254
0.47008986901927147
0.51364662865021771
0.50351072762661597
0.47675350308127712
0.49188988286690022
0.49909768212854921
0.50637925731917588
0.50642844287133226
0.48619698307375525
0.5009420592323568
0.49270808983108566
0.49973902744232607
0.48284723516635053
0.5052065033526516
0.49323131129274472
0.51418835790213535
0.47614184080652505
0.22640197275682195
0.25201209694580035
0.50548080608992851
0.53137749451437732
0.4953208810440114
0.51049620459679124
0.49134381974680164
0.51360765411220011
0.50178877902451124
0.49566344525248207
0.50881788870335898
0.53574581922701547
0.49302139437793507
0.50073497382163157
0.51909133555429621
0.49416304467349587
0.50136917990002272
0.49742527787688179
0.50438198080711161
0.5127078661794795
0.49766676682383615
0.46407858156847265
0.47844128704418293
0.49920499067642371
0.48617690726473117
0.49638896367931801
0.49521550179727947
0.50006156389652134
0.51026948302182928
0.48010908901676869
0.48664020227609067
0.49030387793778113
0.2523802831139868
0.28974536996469674
0.50656546322763518
0.50285568851368923
0.50442993760061672
0.50477282909538579
0.49481586404488792
0.48757583367684937
0.4934114580213701
0.4808874012205549
0.47567033652137897
0.50179948636247695
0.49692674419534272
0.49909694161587842
0.50394449520896611
0.5078589305103306
0.53018368290935602
0.48943425135702284
0.50480867658639184
0.47696183121477914
0.50052880315007076
0.52237148678424494
0.49561303684610258
0.51546825825452103
0.49771462381138371
0.52180298606437525
0.51490533560291329
0.49841368260729491
0.4951667093368618
0.51804129704802526
0.50370480722997879
0.51178212960132463
0.272140220565946
0.2427645934817908
0.50499868748842924
0.48852095555915692
0.50804568353485435
0.48576401299003119
0.50909865544354693
0.48406442371315633
0.49163699979517217
0.48535823034040443
0.50121446085920618
0.49158214497046843
0.49666298578815576
0.48719171575011555
0.52057232290126032
0.51715125221238045
0.50690017269289256
0.48875608546783816
0.50199101435085258
0.49176619799052973
0.50149422717024772
0.49747796213522721
0.50101881280919114
0.4965942284867928
0.5219470467109516
0.4997968136072008
0.51821476756011342
0.5179334869647011
0.48921708654366031
0.51164230785096876
0.49409822017990773
0.49059837587261745
0.23388663739543702
0.21557741722925899
0.51015084850466297
0.50262839344855847
0.48490199315263482
0.50596483452163243
0.51179913267842048
0.51881949188961862
0.50284506307266608
0.49676390182173641
0.50504142271800523
0.49357906587945288
0.49578655471669142
0.50483639223662546
0.47697891976902468
0.48190164720528117
0.49417258049091206
0.4962764289775396
0.51212990609677866
0.48903365034297086
0.50656232548042845
0.50668857306855986
0.49093731191991768
0.48994389879061817
0.49396002555783813
0.48644274340208327
0.49421796039506199
0.50484871263751896
0.49916754679400549
0.50243591180567004
0.50410772669421677
0.48780121403402726
0.24908860001975527
0.26145362052328824
0.50120015011942731
0.5007364461573024
0.48916539029587441
0.51308233307032969
0.49050584780347567
0.4936794149181099
0.49091626698803048
0.50772969525159672
0.49633770832634144
0.50016392565498757
0.4932976521793051
0.49470197344663314
0.5170919465753625
0.48344368678102351
0.48304421561197936
0.49034002230270085
0.5044476444078112
0.52850975410484191
0.49346466107866221
0.48106919564872219
0.49594549623744716
0.50577794226156103
0.51266837416442701
0.49077670331613871
0.50782607269029956
0.51927771347102181
0.50044582687785288
0.48302589119624373
0.48985743649278762
0.49465521686980612
0.25203214020490378
0.23525139222402908
0.48588511682174634
0.51179187572539508
0.48627292326632365
0.50351989648410855
0.50846107606081259
0.52081376711090865
0.52261437373096964
0.49140811086594705
0.49582942310770217
0.49762715795619
0.51621770477650175
0.50697835099141741
0.49157590745422525
0.51227027805796044
0.497766084585334
0.51849175642650691
0.4928358242367839
0.5137103120294495
0.50278882824160609
0.49016284008482364
0.51152633898190936
0.5085234104166777
0.50408921161318021
0.4930863500365737
0.49826780879607552
0.50847474147981231
0.50603474836130069
0.49503052865329539
0.48662435168562856
0.52308095702218438
0.23919886655087261
0.25909888161928718
0.5034982241613245
0.47206421250583286
0.49856619769313731
0.50212636193605409
0.50464755883101942
0.50166786600627844
0.50382610552694795
0.51340956898897294
0.51280766846498915
0.48444158630788142
0.50731042758909561
0.5034404754725188
0.51077506806391804
0.49832926831829655
0.50935721580659499
0.50106031794349648
0.49904981435092599
0.50500219711656003
0.50094286983660752
0.51391938583234431
0.50777107526225818
0.49720830536055294
0.51514168806509908
0.51848350890057526
0.49159134900800822
0.49231428298175645
0.49560024185072471
0.50515651315692844
0.50570955419621733
0.4840735826625584
0.28144109970937659
0.25739192413720363
0.5041369751979109
0.49421504760667651
0.50828942637581531
0.48296627584082402
0.48564548432962573
0.49683015084958559
0.50293287314441826
0.49671394736384356
0.50358457374535304
0.50273528890155494
0.5025316023735622
0.48879803067696026
0.51347870959985276
0.49872508351094003
0.49648508692983739
0.51409895510007209
0.51983082607013931
0.49642595935030109
0.50364677256500812
0.48880706084159203
0.48364496426928377
0.49541796102582331
0.50047809823621647
0.50140776435871015
0.49519056027017677
0.48642307378653121
0.49346903962782906
0.50546051683018967
0.50182030499570041
0.49737251285973927
0.24262785957170729
0.24350339210668306
0.49465847878059083
0.50793919970507007
0.49083791151737988
0.49955783965759987
0.50095055598952043
0.47313844950569006
0.50485711007939549
0.49509531142839325
0.50509978428561664
0.51916968803216146
0.48779092217888237
0.49898227081624502
0.50478983432293667
0.50310488004205123
0.49424650664008485
0.49083172756288057
0.49817107407559846
0.48750911605873648
0.48460618291938989
0.49139043984810371
0.49527450420828933
0.48531973177780319
0.51568725290954376
0.50213007543456123
0.50061470827225085
0.49398720742691415
0.49875040416343447
0.49420677065149704
0.51130179466672354
0.50820443646222857
0.2213405258864849
0.26570419170270543
0.47736914293582033
0.51186479031757093
0.50143852021776625
0.49258091476617127
0.50111281867775148
0.48971143806004952
0.4699998188426785
0.49995328242495485
0.4965028768284564
0.52371185978385493
0.50129257039835107
0.49929123696884942
0.49756348520100746
0.50188166688769242
0.48997252793315599
0.4962855536775499
0.49332556770080294
0.50456409964811677
0.49821023398086844
0.48682145508260333
0.50420338758193528
0.48713862467502794
0.48889093209692835
0.5047839222638274
0.48384218289024555
0.50934391949007674
0.48862991493076818
0.51104396235783123
0.49624077101492881
0.49884641722529249
0.25059857454908169
0.282416741819005
0.48054095083304821
0.48781266178038479
0.49154181085928045
0.50944515507045895
0.48667460150045311
0.49059359210398978
0.50604469877961922
0.50027292972274384
0.51764530714738
0.49313495716235817
0.49163614348489859
0.49054287983664219
0.49072126040776443
0.51049650734276797
0.48468139353729495
0.49369371963559672
0.49169050814221099
0.49596352924770071
0.50451022432233683
0.50178255667520777
0.49800786593175445
0.51226507741169702
0.50511392779008835
0.50855212925373328
0.48339790065604632
0.50327995539610704
0.49597068577099895
0.50411170356385959
0.50943756893796255
0.48655418298162517
0.23474175195684141
0.25402548647884271
0.50683129866327137
0.5009729201509
0.51266198982224098
0.51769083694949036
0.50327541527222386
0.48446625317792213
0.49456149331705418
0.48564587456224878
0.49548070803442062
0.50511375302252581
0.50504448959475468
0.48392296103172994
0.49168145674317582
0.49603727114864737
0.49886504524926467
0.5023159763299202
0.49398327755498178
0.50600190515577148
0.49880750333531332
0.4911764700320867
0.48845390395794203
0.50912008057235214
0.51376391319248704
0.50384484059999668
0.49738014778084788
0.50612367719707141
0.48902537566096504
0.4957244271753431
0.50404009358191892
0.49702814638450665
0.24522020291245639
0.22470780581618632
0.4930012419007026
0.49915898881700327
0.51269686264484549
0.48945512403203495
0.51574020730245074
0.51025097513833073
0.47504851821417576
0.49528143243537964
0.48548600878254949
0.50980393943725499
0.47457025641259404
0.48586051438398159
0.51659731849882273
0.51786585965459775
0.50995543297835877
0.47744856997291735
0.49110156581561198
0.52274224852712081
0.49474278592787396
0.50286849353858132
0.51280576244727605
0.50489051307546629
0.49816337082273265
0.48523853387345883
0.50196517857651923
0.4981427539141613
0.50230617963636837
0.50165379464207649
0.51008357215909639
0.51105773939964572
0.23850130406377906
0.27408386201606644
0.5010803847493811
0.49165348480462462
0.50314232772199496
0.4809265877542393
0.52454280493002825
0.50609736095718083
0.49741539039568772
0.50514232376648316
0.51032489227080169
0.50646862013212468
0.51084118230803632
0.51704110840355488
0.5109247441694037
0.51389516314880901
0.48537675546424136
0.50871090332466007
0.4972226691639362
0.50520436321440454
0.50082779265827093
0.50848051026630536
0.49305267459690688
0.50652944369754194
0.50641048476238937
0.49553490717678844
0.49954972684146043
0.49851656750699308
0.4933311238995694
0.48871414806996888
0.49063782906806769
0.48174492015193066
0.24140007176523801
0.23243431410052692
0.50154329545214582
0.50661960024389296
0.48821205686520741
0.49799384187587437
0.50495794938029037
0.48425261946265324
0.49917337161033953
0.50256904070059116
0.49699770080776179
0.51373413781345434
0.49097596672377963
0.50259221072215898
0.50820055776684214
0.49217674140185236
0.47887754473932026
0.50039823619730295
0.49502594255241017
0.49361476004462412
0.50934196447211888
0.50046987437428281
0.48535609311345351
0.49618060455603941
0.50686155928843724
0.50459074700983853
0.5099411894019007
0.50073149868851063
0.49418851724416241
0.49397269042645403
0.50478770943016704
0.49434826349443567
0.2294455189040932
0.26008896541788357
0.49908154245802649
0.50491196634788604
0.49341689738113004
0.5004296003495784
0.516500161306371
0.50156429967921901
0.50574592801773277
0.48790376147181119
0.49475299089719732
0.52242349499812724
0.49580722982968362
0.50079262034441485
0.50153842741789989
0.51090206590190235
0.49220476057087958
0.50746271374069685
0.52469073133839172
0.51331670604535784
0.50057515016330512
0.48291944635261813
0.48775705756511872
0.47714623675968254
0.49255208016855517
0.51595579017211135
0.51213926366162399
0.50633998615303011
0.49319571732370543
0.51451523579560121
0.50812529888232816
0.47869769214267893
0.24327845285345742
0.29451149266013893
0.48878903284193603
0.50646152550612256
0.50369187822252348
0.49123831784695576
0.49608628370043806
0.49983145735255757
0.5029794604059824
0.48370260464067721
0.50694550758688206
0.50605231626374625
0.49469993541668972
0.49889884634443032
0.501397446411741
0.50151586914488755
0.49182265980724721
0.50446691088732398
0.50343248818845898
0.50966187284040487
0.49181443536843822
0.48249365763984442
0.49955682361655163
0.48825223804794315
0.49807117822722924
0.50919686168877132
0.50255522824143306
0.49982712151492859
0.508276597987254
0.50142583241718341
0.51197551623338355
0.47725815250726572
0.25733599624799841
0.15428653225374012
0.25059755372136144
0.25051531133324917
0.23634458454281437
0.28830288468763299
0.26021448437515876
0.2868583618739815
0.256645663418204
0.2375681866832732
0.25890036035892133
0.25037271274949102
0.29593029518354619
0.25300510382714542
0.25322543802907344
0.23767213033377094
0.28377736128067926
0.25976928422309797
0.26343413662392851
0.24452364218124495
0.26483957135270297
0.2302436758867312
0.2628976399246859
0.29241110813587712
0.22996210637588363
0.26059976595574103
0.27066631172549604
0.25684018011790383
0.2499136725220929
0.2738897328010419
0.24950032738535699
0.22357766827318887
0.12623672539054268
0.11504800636633972
0.24838372532114741
0.24192642555960067
0.26371990501245268
0.28998223615584001
0.23626830191157558
0.25292036509818783
0.26994733024561668
0.25764482197630506
0.24099872654936591
0.30001675330989608
0.23518757139811994
0.27033680479476757
0.24409263132565309
0.23985661345285672
0.25021239436871229
0.23238359084797458
0.22954762241825338
0.27214061907430992
0.21150303360200692
0.22837258590862608
0.23977425691808907
0.26330098142851593
0.30106206425178655
0.27427290511048413
0.26579657912111132
0.2534988866352495
0.24029185190902372
0.27327305638486854
0.24922359233760322
0.27047268102869187
0.14352505929198933
0.23215762357094491
0.50137750436731698
0.52123771861863799
0.50347063857446939
0.48179859567869582
0.52034845064719004
0.5037286124237802
0.49834132172129286
0.48987637699175191
0.49020994613931218
0.4888153258579403
0.50683748095576842
0.48467073321514181
0.51155796053779168
0.49345189151270424
0.48954187353709205
0.4850775150970113
0.49289380870597416
0.48488175279679085
0.49506669577751466
0.49547108884683283
0.51003893365522956
0.50164178709345775
0.50052395724728493
0.48484432561201768
0.48242184722243742
0.48050991957933675
0.5065213211712476
0.50602978490810424
0.4987236751524094
0.48556237984381545
0.24233496680059252
0.26761588556170351
0.50166723028106941
0.47907534911119387
0.48897220128594132
0.48054925743590243
0.51008479557711361
0.50759493597743943
0.50309264692725464
0.49697071506138119
0.4863245975253418
0.494207014617704
0.51191089276430635
0.49005973016393395
0.51108185007896478
0.51605914647447437
0.50777845247215281
0.49683301455904744
0.50580374770401904
0.50056142637823486
0.49407364274310817
0.51185533065919464
0.49314794710385368
0.50383692639021771
0.49095913106333061
0.51033287666004035
0.50426962584418888
0.51056139723154881
0.49846724369242545
0.49412296971172176
0.48747728377583066
0.48742032277455233
0.24726288062909754
0.24238444024137201
0.49465086521115892
0.49398932398130802
0.48336067059479587
0.49996232952837222
0.50456313716151735
0.52420571982248765
0.50209461887399809
0.49804741808015068
0.509306211298862
0.50461552198283111
0.50921417983519857
0.4902471809467302
0.47389554147280794
0.49830563036239661
0.51192153428115295
0.52418998341528567
0.50289914254828727
0.50215760383352281
0.48492012434511234
0.50683773188715509
0.47586556717375972
0.49612026917770347
0.52986161737826787
0.51902244989910551
0.49699137664150456
0.52338585590158915
0.4775732509936732
0.50917523195103831
0.48385004670894771
0.51129809787063885
0.24438050892870394
0.25997978331663718
0.50821191108674391
0.49137853773987938
0.48842069860917003
0.50395929515974025
0.52201527589791752
0.47672574733023343
0.49013598822119447
0.50022064373600639
0.48621577011076739
0.49512684590513345
0.4931342916806522
0.48556913156371029
0.47384121952793018
0.47994656212528741
0.4919185101500253
0.49742890584447097
0.49832169965234452
0.49236767322145303
0.48462478500622141
0.48640254612456807
0.50562010570808036
0.49157139902333086
0.51750413438995269
0.49698463742454002
0.49942388469330801
0.48615792151022086
0.51201279278301093
0.52472687191567235
0.50218347865828039
0.48867604649058238
0.2386724733200313
0.24773164798076855
0.50866430517556771
0.50601031529680252
0.49242341754356589
0.5037457108437513
0.49435387968292221
0.49072500710090644
0.51308531196251472
0.50236389684590477
0.4980280544788328
0.50501650646980878
0.50135668479689988
0.48758163202455845
0.48236559196850382
0.51671863453129863
0.49933957929921091
0.5011346813609947
0.48997298664906663
0.49623912205749293
0.49976652635642049
0.51441561758801502
0.49692618664139687
0.47220903145778409
0.49084098910947355
0.4926421129254831
0.49049358230287382
0.48755503260581412
0.5028286200758213
0.52098678697907996
0.49836216866874411
0.50361823647836024
0.21464783176672242
0.25167411299659481
0.48903540775908255
0.48435856682453421
0.4681448649412121
0.49030009896254378
0.50795206204118293
0.49424987222907885
0.48117522351557823
0.4937152407031295
0.51635340341954272
0.50790601762837617
0.51628587235616907
0.48744475179187341
0.48715337051311652
0.49293209128816934
0.49770647116774974
0.5116653896032457
0.52836255460430437
0.48916083605986593
0.49146135295790561
0.48137985731966115
0.47167553493406644
0.48837188380601598
0.48498585575394637
0.503614638404971
0.49298605286624292
0.50254343875883967
0.51353987284524638
0.53912950188986819
0.47134793833824568
0.51545275603712204
0.29879547754472596
0.24517147136115272
0.48581507422842862
0.49785285764635379
0.49943536412404888
0.49779212945559131
0.49625736225278844
0.50703951292280203
0.50281157564849577
0.50196416315065251
0.50211152684935567
0.50902415724158268
0.49495151990005759
0.5176426626569689
0.48606576964643766
0.52190531299338461
0.50719709099086607
0.48756344879392161
0.52092776041159039
0.50541237946173001
0.48790745438798316
0.52820919612683559
0.49665794365659804
0.51931743798350483
0.49599459123918904
0.48847731187937549
0.49598578359381912
0.48758016258239867
0.49253897835886623
0.50185231281270093
0.49763709890182101
0.49843091644602738
0.25860932846087942
0.22685500212707307
0.50286700325604927
0.50939918636535808
0.52160893938441288
0.48509200097801564
0.48486983058163846
0.49798215965125797
0.49900308961689804
0.48762193059412889
0.5082989047611487
0.50075875031666817
0.50724774823845953
0.47578878642905542
0.51641873844791686
0.49974564875234501
0.4801346120158313
0.5000769432490616
0.50847147786995828
0.51042626316500883
0.48598952870470341
0.49968472967325517
0.49751392970967795
0.51119486578483142
0.50214049480649758
0.52395532581127446
0.51179346428410843
0.51458010104071428
0.5141599520153215
0.48435660072383979
0.49051491177594686
0.4986231423760431
0.26082639623142262
0.25992434835185074
0.49888704777281978
0.4957348871018088
0.50260540470610404
0.5034345730941362
0.50020708783782808
0.50339136535788553
0.49565487117172918
0.49729490423076211
0.50860290232349259
0.49415632274336052
0.49025832802731967
0.49235451615170112
0.49752880293608936
0.49606113073620939
0.49062152912189338
0.50583188147145275
0.50649017118987494
0.50302844428997995
0.4940014847356311
0.50478043131738792
0.48043344669912302
0.51788586233364342
0.50708469258469147
0.49075185154236606
0.48192862977736212
0.50611908222589297
0.49283985970228356
0.50908150216834591
0.50885513466399712
0.48692820602698844
0.26618695402810816
0.25833847678487221
0.4857813223620554
0.50780617637507652
0.48429023738895982
0.51687980438130976
0.50152353442605613
0.51603535899343977
0.49897634288906245
0.51249301777838607
0.50367142624463734
0.48922258113920492
0.50368659972227348
0.50914122459417377
0.51552710454513018
0.49294491353996589
0.49501652438264809
0.49010905350475586
0.48317642752987566
0.50507153160459439
0.49097163705454566
0.4930325267971864
0.48639478678097958
0.50099023667210918
0.51275892542310531
0.48904268650361438
0.49049902360137071
0.50883548859890371
0.50397698108467093
0.49543364540584361
0.49660401969417284
0.48935755378174195
0.31129091629252481
0.23482924522271315
0.51113290442262349
0.5100130131487145
0.49588250531489603
0.49113457394102328
0.48444023972023892
0.49251011822959723
0.49142316436901518
0.49202344026311839
0.49409808715054621
0.48544141480119135
0.50733631609688945
0.50091474919624268
0.48961676821130767
0.51383582563061581
0.49674687713788929
0.5007082960224718
0.49636265898841975
0.4907221304089483
0.4984412316192644
0.49098889716803984
0.50381769712679247
0.48988768835013879
0.51658335657432386
0.50924770133856534
0.4888172182544423
0.48358089898428541
0.51947327936664545
0.50803081757745316
0.49794656876924692
0.49979192875149131
0.22785501017044299
0.28511822746339721
0.51965817014940408
0.49459745429349433
0.50362610382697637
0.52594532106066816
0.48791368803470186
0.50999265510880942
0.48675628483428302
0.50616912246108281
0.50319113265307969
0.50287877808164383
0.51015214649317719
0.49933815835981527
0.4876104006238608
0.49089447821881221
0.47772032734170294
0.51915303689953252
0.50584481052644448
0.48206090333744506
0.4987924041269125
0.51255104089438341
0.51226735577000293
0.48264090727134401
0.49046787209314274
0.5180068976944936
0.50185758393325475
0.49167758250354393
0.50591673157262262
0.50648932271709179
0.51466133098939404
0.50085339034016751
0.27513587120827709
0.25306710443159147
0.482946144125037
0.51433735017860427
0.53279141168369493
0.50243653542445954
0.48496355796329577
0.50141690400067496
0.50747348640315493
0.48627441456939602
0.49528830508792193
0.49332841178499265
0.49774311693117085
0.49386121132903815
0.47770816614956435
0.4988954320368108
0.49907189535115143
0.51800112853256008
0.48968219329750867
0.49641914259236608
0.50535274193137725
0.49992507417536647
0.50831242465091475
0.49260110474068397
0.50296250812707766
0.50850623193739775
0.49051358925061173
0.50905127276492657
0.49289611603374689
0.50406582992826499
0.49551351453167503
0.48906723991611439
0.26183327388113109
0.25989040645926098
0.50252410820574966
0.51955783758212726
0.51549458163668838
0.50206124871788482
0.50156434532241856
0.50374355085164257
0.50831579911098657
0.49558392363936121
0.50336018562102447
0.5027819680582678
0.50089882512865314
0.51739298553865376
0.50582805611283543
0.49761713484666992
0.5164187701507984
0.49568820271869563
0.51453353023461268
0.48802765485288646
0.51514451220590696
0.47492705793914175
0.49126561868418883
0.52315870403872622
0.50474961857475054
0.50736506600495668
0.51769735262743799
0.51067170025154007
0.51127523794241003
0.48702452751330405
0.51352438047392757
0.49247994820114688
0.24124732234446164
0.23259153658776291
0.50751736520560431
0.51988305154963543
0.50555707162017693
0.48437877841059712
0.50732856828228146
0.50014931718735478
0.50036465481775916
0.50192171967424293
0.49788160894946126
0.4858560224168384
0.50559615203455455
0.49337754626685232
0.50462627948432859
0.49934730103826813
0.51319186092384139
0.4843731507356967
0.48921695740993537
0.49940580730586503
0.52109479105537115
0.50679240756807775
0.51144762381666919
0.50251941656529953
0.50011858179080726
0.49580913658444536
0.51321620822856817
0.51028520834261504
0.51032432451810372
0.48386778710982514
0.52108279459858053
0.51934949292209776
0.23255877400682701
0.23318158045858853
0.50826763715719658
0.4861230640895236
0.51815302916961403
0.48869916204974062
0.50156535787840406
0.50767473967555976
0.4916775372209064
0.49780801770719663
0.50921223975009144
0.50028201961281316
0.48092692911823542
0.48807686240327264
0.51054135137580525
0.50457587856440833
0.49196201861654976
0.52038430266012614
0.49990500384625208
0.50756389737939878
0.5203839019774954
0.48606556297518688
0.49314002414538566
0.48842611880193476
0.50183639566331006
0.53389971378497414
0.49701752758479556
0.49784271653155387
0.5171341623404877
0.4885258781863886
0.48934058054270685
0.49513641118002588
0.21200839542544497
0.24540166265719401
0.50648576543717372
0.49656116206636058
0.49593105460815379
0.50451671570462364
0.49399921826792786
0.49974777707814244
0.51138686883433826
0.50022581000081623
0.50609187985686399
0.51981416575044115
0.50108151318042549
0.50978086202788742
0.49754455607407611
0.50731989762799234
0.49502436271318945
0.49495349734217631
0.5129930530361736
0.50828285611626767
0.50401693230209843
0.50227739986425723
0.48729990665525902
0.50537344910798254
0.50264315191036946
0.49622286440277391
0.50297634659264523
0.49998923903913639
0.48597705880335706
0.48981277299605547
0.50011273290708513
0.50677182420423006
0.22383487620398065
0.24415836059961038
0.50530256857544287
0.50594607931966984
0.48253771244209481
0.48792697472011948
0.50793720614700522
0.50188991406197825
0.50580462106649737
0.49569049832218415
0.52062877090672277
0.47586020149153208
0.48879181683970369
0.52314180139244082
0.50761753827715517
0.48472082632196595
0.49581557265766235
0.50802627137338119
0.51380634303636696
0.49347689543890372
0.50072369771198721
0.49341110480821471
0.50177899671734438
0.49852996469530564
0.51323672870005665
0.4940755046135743
0.50267900404268473
0.50192765273790607
0.50838081316809547
0.49381820434743368
0.50219914842195434
0.49402332259370801
0.21230956647757487
0.2285449891438919
0.50038717928790066
0.51117240602331204
0.50012898767295011
0.4966415439719653
0.50860946312620414
0.51845433903187566
0.5098128520646108
0.49525816850426574
0.5025289476699748
0.49414681162610241
0.50249897010746292
0.50682454750959816
0.49108881917822783
0.48432791119567331
0.48325747480933412
0.50781921175143863
0.48399576436976038
0.4879482687845425
0.50320575111624133
0.49014513330357462
0.51183694658910994
0.50787175248679861
0.50948908435597962
0.50251588074037468
0.487950226066238
0.51392566683650864
0.51012567298560019
0.50569553579994853
0.50673702919498187
0.50412925782763029
0.24444196319788547
0.23567268743922087
0.50399481069834517
0.5014881326677435
0.49192632995446384
0.48412187368379411
0.51251821353404159
0.51257206354532781
0.48979754694361022
0.48645116530557991
0.49446608497876582
0.4918718051152336
0.51090256012765456
0.49925333959792956
0.50735860290094725
0.49235344421331695
0.50988611906563341
0.51463262779379393
0.49847165872245114
0.49878972504055685
0.49743299235927579
0.51570919422904349
0.50440593532810996
0.5028284788337789
0.50460708164947321
0.49490587633270411
0.49598519265986696
0.51162849854469761
0.49144800033331676
0.49889851351007591
0.48311922864457385
0.4959718662693795
0.23389621000102276
0.24131562526797445
0.50228074899006525
0.5023868058509533
0.51544248434437689
0.51974100742780904
0.51834605897703523
0.4963398093456477
0.48759927472133713
0.49559627075322854
0.5006207763270738
0.49172318434157058
0.50617105689622355
0.49194176265155048
0.51056542657446957
0.50160244060860704
0.49917659609411785
0.49852684504457978
0.50491751884406599
0.49523438095555522
0.49823197403414521
0.4911863229850964
0.48320459832077073
0.50256671356703853
0.47492159566358771
0.50336676440106498
0.51367632920328588
0.50110163890257409
0.47698183366784808
0.4892650503199531
0.49463277083137125
0.49460424819529042
0.22821686518573861
0.2856966771734949
0.51113843283201943
0.49885688164944419
0.48873278809328513
0.50068868834652658
0.5045723257188296
0.49659219686278294
0.49262431662632311
0.49350087340236826
0.50610335843760534
0.4907874660278374
0.50824940290060494
0.50418986092290607
0.50070127714484436
0.50923462723717405
0.46431522993654339
0.49670210056312586
0.48709774348935581
0.5044481651042374
0.50076875054603498
0.51020956099711756
0.49491440240382834
0.49658667510315707
0.49714561084231723
0.51736062874145028
0.48625597360502265
0.50026379421212253
0.50749044407940447
0.48782748829963396
0.49817028975250333
0.49830905928270908
0.24673525117027068
0.32306932194157939
0.51310620847271127
0.52671792637449388
0.50084206973437051
0.50351631814605069
0.50633483370002785
0.47273870595217937
0.51692798966506348
0.49549232008867555
0.50231172389553902
0.47899930466223217
0.49855975894914512
0.48430554325780806
0.503182725079384
0.50416206371770989
0.50320265935255537
0.49547441970102074
0.51288376289529658
0.50870090158314152
0.487714160773772
0.5171080491499902
0.5052344642000044
0.5051074518192834
0.50047596276553208
0.49711466125793508
0.48279636850519625
0.50078883716614497
0.48556678928244001
0.5041484458291845
0.48422227586199712
0.49594591952908318
0.24684082118238598
0.22442825160796082
0.4933583509764734
0.49644443926623988
0.50693215759989552
0.49923190236842629
0.50991597737733685
0.49829940737075129
0.49180631370220673
0.48829197896621968
0.48860535757338219
0.48963584362535056
0.51344296943582768
0.52508027346738784
0.49750269540691516
0.51365065115280717
0.51225266507553036
0.50845019841750361
0.5037142456487087
0.52110402773165998
0.49800009294575409
0.49585814999511818
0.50907557595800002
0.49675468947076123
0.49732027091491421
0.50041148742763863
0.49631586339229988
0.49372806735225616
0.49667102144043684
0.51895859068685013
0.49716144635632403
0.49707183999472665
0.23456414265926095
0.30100597271670781
0.50485041227137617
0.52315777771899408
0.49163558476924218
0.50916955693498445
0.47737936658613173
0.49590302417566062
0.501751883531113
0.51762307374959926
0.51729220082273586
0.48429814977492036
0.51308227560075381
0.49602392387101296
0.51349250344442099
0.50217643762053543
0.50267887098482011
0.50944300808869902
0.49907370317266858
0.48742079324777599
0.50626981038581587
0.50054017302771237
0.51113448030888908
0.48946369334844397
0.51640186856651216
0.49422820330712502
0.51453007060104317
0.52629200707471713
0.47660576795276777
0.48407221644471182
0.50786239551576962
0.51313881559755214
0.2438634261785734
0.23082532907211328
0.50452133733903726
0.51023870872281429
0.49509928281679694
0.50263100210399303
0.49836106049438822
0.4920878469434945
0.49025919898669978
0.49435846869734684
0.50013504618857585
0.49204219733327004
0.49536578304643247
0.49866811202990918
0.50375602729750568
0.49829867778456
0.49918678940730343
0.51552890102518922
0.5207649756192162
0.50196182196552497
0.51553455150005523
0.50332350169809847
0.50891923362353997
0.49117722340762993
0.49503205276632317
0.48908169455393713
0.49377067418258286
0.50782783491646444
0.50090445605087686
0.49735260985609087
0.51344840886455989
0.50317127609718004
0.26511942251413756
0.22028086600098556
0.49062880323224045
0.49739370610279537
0.50086209891398004
0.50835281140683553
0.51005750487716106
0.50607069835311957
0.50688444296384594
0.49971331150853426
0.50596386372913016
0.48632506280880106
0.49527563911358413
0.49605429866134559
0.50879651010783655
0.50145738833743292
0.50267072917156885
0.50083536693741326
0.50637010055253118
0.51018062846674317
0.49345994517655117
0.50263787439540109
0.51289842295151544
0.50862252563139776
0.48688019910965291
0.49791115954831244
0.49171156127175303
0.48435059732514313
0.51292830770086395
0.52477862145803877
0.51384010866733787
0.51474958910042024
0.26679158578729306
0.25680386558356771
0.51047887324654073
0.48260489176465726
0.5205730183352939
0.49317982461186499
0.48830363212989031
0.51979937726174519
0.48192821026267613
0.48979847393133324
0.51095317642321525
0.51859876121496473
0.49936827661444483
0.52238326213037445
0.50742650539383338
0.51127996694258515
0.49564466474480168
0.48897964865071208
0.48868093580994415
0.50459983059421154
0.49901798266628578
0.50285401647115979
0.4912964525567009
0.4766926841804493
0.51643790102575649
0.48814868641675813
0.50384434395325672
0.49138168711733504
0.48974184828129003
0.48679827232169143
0.50284154722538876
0.49985563915932124
0.28444184075814921
0.27503795518206553
0.48545127770322893
0.49116622504466423
0.51068879011969526
0.49704341024961812
0.48891898673129358
0.50064502457271465
0.51522238306682389
0.50336743063766265
0.49280805462428784
0.48922753293479532
0.50180288282933783
0.49269823963924442
0.46972079617212031
0.50498820784447629
0.48928175969278942
0.51101483965785044
0.50561330280674111
0.50259226174238114
0.49208147524595908
0.48224478962937906
0.49944310046679002
0.48898645929995965
0.4927987157388713
0.48350516923992631
0.51211798410837706
0.50648729015095229
0.49226809064633786
0.50184054343327789
0.49634710673645915
0.49505513051749805
0.23796469281034055
0.23857693686714829
0.48348465059170964
0.50060027663705531
0.49196322690900918
0.49467484206321194
0.50530547906132928
0.51495014994080246
0.51227590815460533
0.50058911301752407
0.49346418054284796
0.49725169777194228
0.49399246148398035
0.51588671027356447
0.50362599067470681
0.51189212354123848
0.4800299501446238
0.49450004830260252
0.4823898402839002
0.49576526182613184
0.49558685725112134
0.49704244942383091
0.48953121074188882
0.48599787718585913
0.49586139128479562
0.50291119965919895
0.50089544778260886
0.51682171711990343
0.50457974834962604
0.50829955839882524
0.48583874392520676
0.49910982222981271
0.28057606041331584
0.13367738904850052
0.2486420013317566
0.23342169061736937
0.21459121663416503
0.26022958131835727
0.23770456518758964
0.28542586603906239
0.28476090512207952
0.22742967200074879
0.25782513706998522
0.2599328934530975
0.28558843788468752
0.23088557467518317
0.23503596218857539
0.2235546055967817
0.23102709502264424
0.30738425206176084
0.25010158869951205
0.2522069822548958
0.23245316719104456
0.23950934223807596
0.25421542679935982
0.25331180267107178
0.23751747827414219
0.28754308417957791
0.25103020291198702
0.27991211506864
0.27465506968918374
0.21874200790851508
0.251248212741844
0.26279305140329301
0.11436645348379715
0.13534913469825213
0.25945152071743183
0.28601359996059289
0.23709626980670426
0.23210612951345186
0.23625523604852483
0.25547461897593954
0.26504097244265262
0.24370427806566103
0.27798317581634552
0.24542232722662732
0.22110229135436979
0.25361422995199134
0.23986924165233831
0.26456125454039831
0.23692123501998053
0.2303788929389971
0.22303728423321145
0.22869580557429361
0.26332971030969593
0.23208626241646307
0.24955198468503637
0.22938273067759329
0.28202780530976712
0.24659511332574638
0.26764192754324589
0.26091142278768609
0.22316717692827281
0.23269999108122638
0.24769438688537615
0.24291491909293991
0.11806113557545719
0.24238479204263969
0.48609820526290476
0.48515506251601875
0.50891608946841804
0.49719726151980514
0.51920450172360677
0.50160265951635941
0.50968213363505055
0.51276272236640053
0.49991283270554815
0.50433451419341557
0.49525000577801209
0.49755533575906996
0.4930008965621912
0.51280052247085062
0.51619196277086832
0.50512785612673428
0.49497507252308925
0.4752497640340082
0.49952676546598529
0.49513624280899315
0.4805059679903686
0.49339004427812716
0.51860626054541858
0.51022573860127818
0.52974352703586336
0.49686389617523175
0.49048208089946155
0.51300245617252849
0.51498377806869966
0.5016078290232322
0.2561011198868105
0.2508857592857302
0.50105959155447399
0.48779053491455271
0.50144184330377939
0.51254534088164161
0.50010713968091225
0.50514223873508834
0.50955072299556725
0.50925626578463268
0.51309779890246177
0.50600922493245726
0.50418916092826283
0.50864675351434829
0.48288192266754237
0.50644690409833804
0.52138336450073142
0.49033525907192399
0.49512738252338429
0.49107312681090498
0.49460356426177954
0.49957557520076917
0.50555602656872256
0.52847730981296248
0.48897916695544652
0.49494087169636169
0.50755860115510132
0.4953531195451471
0.48210455531243224
0.48398104217193527
0.48837267899285614
0.48913575449234536
0.23385169258153715
0.32450372263371147
0.49689767764897985
0.49861783096570561
0.50958036960609554
0.49169587852003915
0.50452143305356822
0.50440667132867245
0.49730259670563459
0.51110760282176648
0.49175332087089485
0.5102921793088
0.50758027961594687
0.50054099981514788
0.52757608305622161
0.50757450833389306
0.49336659961156398
0.47748204236136477
0.4782020402101102
0.50739005770391099
0.50472172643131175
0.48542064342087304
0.50924706738862802
0.51817067302918685
0.50715812516332526
0.4959602861773596
0.50425808975930753
0.50225547661047765
0.50402349798348811
0.51658891687417507
0.50583308990861231
0.47578113498474478
0.24838356992169033
0.2814042665683521
0.48709956081303585
0.48748823168824557
0.50058549405311603
0.48080385946866083
0.47393359126413187
0.51840695936308367
0.51794972515056759
0.49049767832977775
0.50222959569934078
0.50296763031983394
0.50190783751954993
0.50213646831442538
0.50367319786491804
0.48898588959997863
0.48950921360836303
0.50235857057694788
0.495011888549451
0.51867129115185628
0.49227311849967542
0.49934634792911825
0.52281461719560773
0.49949042041372316
0.49031842964694339
0.48949921025579313
0.49766591609342159
0.50170740263218117
0.49292000619396142
0.49736991936967989
0.49654303166810615
0.48142382215751772
0.22276234968213479
0.21087774571064635
0.48295795929906959
0.50899305887266677
0.51093003466515363
0.51013377733492327
0.51226951623799366
0.49771099538466435
0.51727332875964549
0.50281210856219705
0.49240245804151234
0.49786985790207772
0.49344984661454661
0.5073011368612681
0.50527637385371027
0.51448247988909268
0.50993830159359488
0.49350605651963214
0.50643763378828877
0.49342116419272958
0.48408991624560016
0.47996486327470939
0.49706213449064363
0.50865845772424201
0.49728101737867353
0.51306297023304304
0.50704724830685133
0.50908141524922645
0.49724375272660193
0.50245436306026825
0.50717054034761178
0.49549329235184214
0.22738976601945571
0.27154380645326387
0.48790304875250268
0.50230353923622406
0.49912619611518982
0.51169327058943281
0.48662899084327399
0.5117723230363127
0.52202220110720821
0.49523740347482759
0.47627226278831586
0.48871273868532478
0.50768769119374613
0.51577725438665822
0.50661228411968295
0.49661198751909313
0.50615099254220908
0.50449978741949231
0.50558519397540691
0.49967237714817336
0.4869161174291638
0.49398241101255169
0.49417899643845176
0.49790732348432759
0.4929981408274301
0.50443470837744198
0.51125881873938572
0.48585379016747626
0.49656931263743975
0.47837383035474629
0.51790359539761111
0.51451177032388906
0.21889491440911527
0.2324073828977842
0.50055028726048678
0.50687883262587696
0.51433937905437044
0.4950815888698365
0.48366384965788978
0.49223598255072915
0.49968812782057925
0.49880554508175046
0.5198598708427945
0.50950546844603495
0.51031306529029163
0.49628084981888637
0.49207504562459203
0.5074698297238448
0.50503241587367331
0.49564690469864592
0.50536427163327513
0.48851628562224614
0.49208302229905843
0.50794787196892666
0.50879617928095344
0.51674158059248798
0.51394091494886873
0.47473317480063271
0.5001132869814795
0.49538638758149206
0.50796828973175656
0.48611139471027859
0.5026280373145473
0.50941034788525308
0.25084441745281438
0.23959360592835746
0.50412142306780006
0.50638648355297167
0.51190954501437735
0.5164348607642405
0.5055468729394943
0.49513556232786332
0.5062716631916182
0.49872671553154396
0.48862325998001604
0.50810847633912382
0.50833902625918703
0.51646254368613898
0.49572086196785081
0.5257369528483109
0.50549780152810653
0.50242016045051974
0.51174993828596727
0.4948419153234585
0.48906700707983064
0.50311459997378039
0.47847959403185175
0.47380609236250221
0.50075489169796572
0.49637416909999965
0.50400719760152435
0.49568805462448134
0.50405488115568076
0.48319820315293732
0.49172304537031208
0.49048735494521328
0.22693692264040471
0.26413231125880515
0.50298378300146196
0.5044512888298639
0.51385959884587395
0.50231820921424752
0.48630361101910785
0.50895791784281241
0.49884696268182177
0.48876726855409031
0.49930025127882671
0.50535264593077089
0.49472865040346126
0.48670188207202103
0.49707897516016131
0.52005198237294137
0.51153309090216259
0.50857487014231584
0.52529664745537641
0.50108449813752376
0.50096053856244904
0.50518541161409714
0.49848598361436292
0.51558880255570061
0.5132327903660997
0.48511435753595855
0.49276520518861683
0.49162884675311841
0.51519466158096006
0.51870947622039953
0.49446373727780846
0.50394644672948563
0.24892329481715658
0.26479279708630554
0.49883387177356375
0.52439952684797408
0.50498568773320507
0.50739059491185723
0.48944243301830664
0.48337057272559253
0.49408594710306858
0.50490095456172235
0.5056145375044192
0.50127010177022102
0.51532371395505139
0.50071379172203667
0.49816882808087104
0.49089215280955717
0.49697428408466798
0.50953997491099579
0.5057182354819022
0.49740386932759784
0.49006224440448432
0.49258905151923615
0.48939998158124232
0.47729870287998671
0.47313755995243295
0.49569286271110713
0.5093919327671671
0.48990125470293006
0.50197425680765551
0.48675530776674369
0.47703853696938786
0.49275488316885757
0.26865500401867232
0.24949238535612217
0.51507358968078976
0.49751469729461234
0.5010878856583969
0.50451432812399022
0.50591995232634379
0.48640403596623061
0.51399912468133757
0.4934116766676368
0.51863285082474653
0.48673898103531665
0.50105814790097525
0.49024271221438459
0.49429579078991898
0.5061104198811921
0.48557565092236576
0.50964184442035365
0.51026168080880341
0.50073330689177331
0.49122131843150679
0.51216905316860817
0.50199373391491586
0.49746143619649502
0.48456123607914175
0.4824034919730259
0.49588599890991464
0.49603870807554107
0.51179991922988277
0.50168172731278649
0.49198967777462105
0.51481269537240948
0.2259609149757566
0.24006824985364725
0.49065505067491338
0.51158181775967659
0.51053938202851468
0.5082380432360375
0.50201575328229309
0.52307063541269661
0.50507016990333997
0.48978644163284241
0.50813729428672438
0.48085994084270961
0.49541514470492287
0.49067734973349653
0.5033384609471
0.51309331526871738
0.50721141981353868
0.50896783111007426
0.50357143541603722
0.50896214855032684
0.50131118898951554
0.50401848794424642
0.52161351554052349
0.49156179236965974
0.50109922261225071
0.50289079734732978
0.49982503596701455
0.4992251936925885
0.51120861841487464
0.47963254968111979
0.49767313372066091
0.51203649893081005
0.25370337562838652
0.29447134060060942
0.47819986968290096
0.48204495420877774
0.50691231508907175
0.4907170897653565
0.49907041429343502
0.5210180867501214
0.50440685809722374
0.4755960125113764
0.49618075424616548
0.50387074288756395
0.495314902233287
0.49612572584431774
0.48948776054970566
0.50799805765256134
0.50852725689965705
0.48681298378045995
0.49889760876653644
0.50597521339354801
0.51734306160441601
0.51666494700159593
0.49521453408736715
0.49670028700246371
0.49668304647191752
0.50710598388588579
0.49267206055026952
0.50463425601172196
0.485189273490091
0.50160788317205551
0.48408817533315868
0.49033043618661287
0.22631299800679044
0.25734403899658659
0.49019408687271904
0.50600575838277906
0.48520517877435893
0.49839210113062171
0.50253880214760416
0.4948298863896724
0.47857382879534083
0.50518980231385269
0.49711039862080886
0.50468009647753465
0.50408274183565005
0.51819365305642229
0.52057844014766497
0.50694001619611706
0.48181827401475374
0.50177959565640162
0.49154170076121789
0.49082329864262825
0.48384525114140592
0.49308463086811444
0.49681635705278937
0.50235796215275175
0.49066013832336997
0.51969535323985316
0.4835223665040021
0.50844326853631505
0.49860528850569596
0.51132566615376851
0.51521544075943293
0.51183162185140108
0.23304941616871175
0.23314921680629774
0.49758916560338273
0.50292381703116351
0.50119916691237021
0.51227164121171875
0.51898502319712958
0.50012623565070491
0.48553413857898142
0.50122850300675226
0.5180775525297513
0.50691790099817613
0.51045760076191915
0.5119385716019591
0.5159204010256625
0.50810403405500781
0.49684098170911362
0.4965340953312587
0.49452679740520228
0.49946542316220255
0.50286478602545459
0.48848787824044337
0.48726219929894421
0.50736525047752412
0.48911685279616429
0.51935177262198706
0.50193724240456394
0.500085386123722
0.50496124821639221
0.5132538006638081
0.49924633289130071
0.50745358524078621
0.25062996574354351
0.26290824280731123
0.4854412914720877
0.47893022737991864
0.49767343271552955
0.48643650860077081
0.48127825630135351
0.50731000712215402
0.51703618739777635
0.50975407980968979
0.51314015193078721
0.49639151955984534
0.49436507380546024
0.47027858525760946
0.51140966806907928
0.49682658629919307
0.49896063899780768
0.50597012101133731
0.4798903486837281
0.49626153679422785
0.50530149608958819
0.51289195457272996
0.50333146261898398
0.50847083090421752
0.47200892560795915
0.47877401348030169
0.48714571188912187
0.52180585567094895
0.52193734882121467
0.51389118012454849
0.51191848835028897
0.51731282744826401
0.24037591560817215
0.27425615426550853
0.50898959335925009
0.488774129986836
0.49460459534693557
0.51236910434384508
0.4862392176145095
0.49326189975224322
0.49051240753149378
0.48385850853292461
0.52355313171663465
0.51679869520242971
0.50029928427334669
0.49275476320414668
0.47832962307141097
0.4940323858976669
0.49894167007890633
0.49362829478496523
0.48423019071731616
0.50638501147892045
0.49943813947021426
0.50853831569700891
0.50278191420074325
0.51419401801770237
0.48500031137640776
0.50731729606051013
0.49510912837970189
0.50357979251312568
0.49117958444930748
0.50168379009116026
0.5010349919992283
0.50260879135481196
0.24709380741937514
0.25736093124494169
0.49321736659276211
0.50977177548493113
0.48890028614567149
0.49047158344490793
0.49573052661061995
0.50311008508021327
0.4852915883463208
0.52036358838108743
0.51326456465278458
0.50274702579180874
0.48840607854142298
0.49875207593514148
0.48617602749906708
0.5057043415766227
0.49913281322786796
0.51286867750987641
0.4919447464642549
0.49872138264154148
0.49110510747492192
0.49812752405004729
0.48799768736180005
0.50224126717479889
0.49798754759195679
0.500620440625967
0.48464457683911361
0.52059616709588152
0.51830576330370159
0.49734582772123581
0.50905441417165276
0.48507203919507902
0.30602711864355442
0.24963839367731563
0.50820621469328897
0.51287909870003701
0.49488766764428682
0.49014742457391813
0.50438664112700116
0.51691904463423211
0.48927904468414607
0.50300525964507437
0.50923869274760603
0.5076423973320654
0.50482488131789449
0.50958770669813802
0.51641170705076478
0.51049595796342961
0.5030914314259306
0.51152670667298983
0.50386466539721064
0.48362018915587268
0.5255174239350423
0.50059786404736273
0.51077918997640526
0.51391645220768778
0.49987671836345449
0.51263800108135527
0.4988764347816424
0.50128538008379198
0.48533508268210029
0.50935908369662419
0.48242970388113576
0.50455148624695756
0.26672353921410596
0.25648647169731714
0.49749172190446256
0.5081119108106813
0.50923825416444679
0.49015642868940534
0.51435659962486535
0.51299914446867922
0.50136608533810589
0.51102925125175824
0.50212986734838549
0.50122787122882129
0.50831355773223019
0.49467779128099648
0.49841665795177992
0.49764609364473555
0.48853686735156843
0.50338264541588174
0.46678720613602565
0.49331215929218253
0.50156618478410875
0.50191361672683965
0.5007496973731288
0.50951557900755673
0.4993496679573316
0.49715301881931395
0.50676384483756298
0.51624844203650744
0.48919852727656604
0.49932872332473316
0.48964143704422963
0.4940281544511036
0.24681241827592945
0.2654416327407324
0.48904596059888833
0.50912204741897327
0.49998805881271624
0.49127191162312545
0.5024033050213299
0.50669666242787337
0.49361515604183087
0.51055663691553732
0.50341647330806016
0.4990563263656248
0.49582596525011441
0.50374374567611968
0.49819274358831184
0.49990460188712532
0.52407201130074943
0.47788648017924101
0.49907737680406977
0.4990478704311031
0.4750955099592209
0.49625497131763047
0.49228806021888816
0.50811168176564958
0.50354289052527901
0.50670873572889141
0.49302728363628806
0.5121332070489597
0.48635520481805639
0.50200497194207327
0.50265107831295952
0.51012542661644422
0.22503439188886137
0.22897971428406652
0.49619309624757096
0.50258064411067693
0.4959667221011082
0.49043142588976862
0.50754086474994697
0.50647379751133925
0.48109361466759848
0.48354120094995068
0.49454411189847436
0.49565308589509915
0.50186348974094952
0.5260637528612383
0.49926827483582842
0.50256358822589153
0.49270275973124811
0.49252847866659549
0.4937268981311701
0.50486348148277915
0.50383444419793721
0.50910945954058062
0.50274180279014546
0.50849206479592357
0.49338298051811513
0.50373010775085347
0.51068654288823523
0.51627153728511788
0.50058249122807541
0.48749956078342654
0.50057638244027325
0.49036876931590212
0.31448016173959747
0.28319081924404155
0.4995663611005508
0.49002242479633551
0.50171380227097473
0.49691842685115206
0.51711350948524715
0.49104381170172889
0.48758502573394336
0.48610086940570796
0.50764325924279063
0.49636080436993929
0.49564316369661882
0.48997961859634953
0.48856908921475156
0.48830580224824288
0.49246735611929199
0.50127363558931359
0.5209968465887681
0.51019617647729976
0.4908743518423892
0.48904285448363427
0.50327053059571902
0.49837967237267461
0.50478194125715614
0.49304189090013423
0.51686985349260295
0.50141133212033673
0.50403955858540017
0.49032137210537874
0.48697072927881352
0.50100405424381744
0.29472586642912951
0.27102405990547579
0.50756793432858827
0.50273607973060386
0.51804909464146953
0.50805922578632257
0.50437800808667721
0.48646520085682909
0.50156389946938196
0.49040664439294518
0.49731510392633521
0.50975596711478433
0.50772701898378447
0.50620750800906289
0.49953057743086399
0.50545897558371156
0.4835356499566314
0.51127755751277604
0.4769044953592313
0.51493422296993596
0.49357646514778986
0.48299223480191611
0.4987365602524611
0.50030645311736999
0.49744471103195548
0.49732271692961438
0.51138135774031312
0.49036873700718731
0.47775183784614761
0.49226181207391079
0.50837900135082947
0.50417590487317077
0.29259106948179636
0.2371494969155292
0.48982230715012615
0.49887948767305645
0.48698392715000638
0.50803513895580399
0.49803008684320232
0.50976906306301129
0.51498039783122562
0.48984193815770516
0.50231659993897548
0.50585449519254455
0.48660629774036601
0.50717451689701709
0.51014812559760536
0.49928921376951985
0.48563000915710175
0.50034536402268293
0.51559941520283059
0.50943984556163746
0.48898755295767904
0.50304839992670014
0.49399784441011102
0.48697842116253826
0.49336750841325355
0.50396049512613617
0.52145977211914052
0.50497365462924271
0.49377618901348908
0.49011528569534035
0.49170415245157528
0.49587492301465852
0.31682414881771709
0.25221932826112459
0.50872827790418973
0.49657797105698187
0.48034864505346797
0.49373342587110308
0.51591202682057757
0.50259358449811098
0.52642507893889778
0.50061724432319832
0.51046696237018063
0.48148171601302153
0.48783199293338131
0.50238779234528885
0.51145592895084291
0.49455419854558147
0.50338872650840671
0.50010109856872365
0.50450891558976518
0.48946627171686641
0.49395644120282539
0.48441530084513906
0.50220769494336026
0.49156391834730151
0.50979179580015888
0.49328402353770617
0.5021460826108779
0.50346494955664967
0.49531684807484039
0.50351221973943694
0.48272677892778948
0.4996728279913743
0.25248341197751129
0.2479986677915588
0.51281062842567182
0.49453395843980064
0.47216630978331198
0.48952059083851807
0.49823618801067726
0.50732151380947543
0.48953273623138843
0.51167277003049882
0.51239860877511345
0.49877554693740944
0.49949869158998345
0.5060346555487123
0.49395000233262526
0.50799297557175338
0.50693015445694056
0.50448762036800787
0.48533988760128832
0.50905989624255232
0.50269248028381652
0.49371057860564727
0.48702279598677811
0.49857534854673635
0.49205506411365435
0.50768183032633096
0.48507934284833415
0.49699918400644011
0.50462065083359542
0.50745815318547549
0.4882421699737009
0.48880035613909523
0.25091794934302725
0.26750072573814282
0.50428093567058041
0.50864229056445343
0.50536167146721112
0.49432645666370378
0.50781948459817572
0.51346218143449551
0.51767986102068897
0.49101146697943171
0.5162084216725491
0.5139256732238362
0.50858072650381336
0.50489676609570033
0.49894716100177328
0.50362300710474472
0.52224246684598408
0.51357990718912272
0.49423856184696874
0.51599445409586009
0.49835154380289098
0.47797154228952643
0.50640460699789069
0.50025224136457425
0.49384858170289275
0.49252831569243111
0.49174846405631978
0.49809239937981969
0.48999598034497599
0.50623061969185168
0.48456938028058644
0.50898464898351159
0.23941770949812535
0.25966910764170281
0.50252663782712248
0.49235027140255389
0.50113732903727237
0.5042593276187084
0.52341096218613203
0.50869971947696802
0.4962565543689712
0.49871028279948115
0.50144474997455502
0.49419122688484202
0.48966225555451071
0.50866911294802519
0.48834740788090253
0.50868195912981506
0.49566066707353773
0.49289680179562756
0.50381532302027221
0.49713210491350379
0.51837939059697369
0.49426679731944972
0.5051532181647661
0.50227437609498893
0.49578414465035797
0.4954092804730082
0.49281611481690418
0.48568811420325309
0.49311546731017875
0.51370311191296902
0.50183663080604379
0.48436503255548075
0.23737702209866066
0.25397668722514205
0.49464032170027811
0.49518242135428336
0.49763372786876819
0.4981606790222225
0.47846756436395355
0.48941871461970932
0.51701599276570342
0.51379293205981746
0.49646761812847118
0.49372086937525
0.48973564717676182
0.49973044015036905
0.50246180087912773
0.49944513419182313
0.50689104391741613
0.47980344111877982
0.49968547717966166
0.5082365155558104
0.48884396693079873
0.49500239256035994
0.48752809563079802
0.48704953844380949
0.4974421093029105
0.49378518225182316
0.5013197749470889
0.50655612425366592
0.50151784897102458
0.51637445957956363
0.4951462490148047
0.48388234547339776
0.27988682361882039
0.16884004242061101
0.27862047673810442
0.21562654118093588
0.26077273174943355
0.23998283680629506
0.21921337069946198
0.30648816921649324
0.24150060993110745
0.27226043716802423
0.25741344535763683
0.23548537053398774
0.225547512246948
0.23577458326685746
0.26148547860147359
0.24655008453017754
0.24195139625923337
0.2818131761903393
0.22458260800271834
0.25341356718253744
0.26939661720598324
0.24527903104629167
0.26350639801254139
0.26973039667657489
0.26946351422853559
0.24258215787982698
0.24386942251823229
0.22316346631297221
0.28366346163859557
0.31668303609409254
0.23005274886154772
0.23653827870370023
0.1417314705331289
0.10574757265798096
0.28029315987828501
0.23581845262775705
0.23503173178621756
0.25701987594135822
0.24820432103521728
0.27276881447920193
0.28742134277582593
0.24399850859174885
0.27361122395838189
0.23839164551994657
0.28839559810531085
0.26128850511429347
0.2377434206062268
0.22230173019632363
0.22961888588246981
0.30672805083286381
0.22837250754812069
0.24740492283454649
0.2556772503156225
0.24859532235488416
0.24776678668043453
0.27380764070147506
0.28047379154487623
0.27990624626746363
0.26433101064644393
0.22439302683320136
0.30495734003396247
0.22679280564606213
0.27405938663429075
0.26908556075468659
0.13020940959361108
0.26353198358609897
0.50244672013647274
0.49404731665806856
0.49909569763695977
0.48384230563722247
0.48671743219345226
0.48819955097213691
0.50502909123094586
0.48337549969293131
0.50417020877894569
0.48183584685742775
0.51972879135507133
0.51229463427040156
0.49825717111783785
0.48714222479816655
0.49728218050167317
0.50140544085050665
0.48911921309960477
0.50224773437476766
0.50332108089257732
0.51031244207916016
0.50223484882564273
0.51519087455890911
0.50338083714139814
0.49624085480213087
0.50175383359776971
0.5001162858844288
0.4740485554355664
0.49427040459684762
0.49926819197998851
0.48389991039786207
0.2725826726185947
0.24333433012518826
0.50103678692619891
0.49087041982262458
0.47542908404474699
0.50869361772700594
0.48088071479630567
0.48426719277251307
0.4912621048724104
0.48378056642911221
0.50082013509238266
0.47873712699166077
0.50525769591998426
0.51813782447701273
0.51892167168652503
0.50708016795434008
0.50761185264786868
0.48962802238686332
0.51186261436997571
0.48370297213997537
0.49464734796649629
0.48767769105716857
0.49136636162316205
0.48589126977272457
0.49897996860851668
0.49367757608686813
0.4998743277839045
0.50740103488954802
0.50888003135966353
0.4735202928852929
0.48241083863131001
0.51968002151633164
0.25774271356066336
0.24447205186763107
0.49924006888826777
0.49406472865655837
0.50275621827234962
0.5090964071001719
0.49885217398451603
0.51383052317275624
0.50856493801816272
0.53161479264814959
0.49206417912805217
0.49251951442552827
0.52105905028431398
0.51257261167903234
0.50279593723286742
0.49608302775671859
0.49696138670285717
0.49426519855213086
0.51567181312694699
0.51127849811661452
0.49805706023243501
0.49440879461572118
0.49217250484967745
0.48038593369888299
0.491795748191866
0.51309412084428763
0.50856555038007545
0.49140673144551134
0.5018303563580051
0.49281699638606397
0.49774055412854368
0.4994727727541009
0.26740536147146388
0.22027411592962903
0.48434723081056219
0.51156565432459666
0.4900184445345846
0.49488659995475132
0.50112026322542114
0.50080209546815035
0.50388762350500804
0.48480858978974761
0.50037536385408032
0.50694392325378435
0.52342846084210459
0.52229134910319008
0.48831122811582306
0.48096871453594131
0.49333321075577163
0.52217296914804612
0.51143504271609297
0.48903898931058976
0.49374561648398158
0.49784609563540405
0.49568599102319039
0.49258061236355111
0.4967959594334696
0.51943049147914866
0.49664398216413735
0.50843693858449956
0.49806256307564883
0.50089445828716583
0.49521171937442243
0.48880839221502037
0.30937525214237449
0.23018168030390823
0.50743713941583912
0.5003530237236572
0.49442416260018679
0.49689494045848948
0.48390498486197614
0.47808992032088676
0.50332163361642168
0.51959151745802534
0.49208767718808022
0.4874289121156048
0.49527097448161028
0.50149933406690239
0.49181010475002268
0.48443175924753706
0.49559431568871148
0.5175430233360987
0.50270148477831511
0.49881834977970829
0.51629973487885916
0.50723175511962559
0.50161669847139767
0.49893380015800487
0.48486567873025865
0.50735870528610427
0.51745261110363183
0.49761067924087243
0.49167099304149015
0.50702752018827868
0.48810824494346955
0.48864268931588162
0.24697017565262566
0.22911615002562996
0.51374820925538645
0.49718371034952585
0.52132633647118842
0.50124494376050011
0.48252625767711155
0.51048808733895334
0.51356388900496919
0.49625033081826547
0.4975740921183876
0.49190156538532592
0.49909348916412388
0.50976115843243186
0.50497371462375795
0.49242318331616847
0.4870777104227369
0.51187167080025087
0.50496381559698456
0.52011798901854844
0.49735217976091323
0.49771753578352407
0.50336984555340913
0.49845808401267605
0.49303998820078709
0.52023308702574678
0.51026573874727965
0.5110743686491519
0.47820224694822694
0.5000244880668766
0.49717826461108627
0.49474270456051384
0.24522054694044493
0.27572335069274018
0.48219325536985475
0.5029023334000382
0.52798383736649745
0.50110705580623649
0.49232733645476395
0.50325874209828148
0.51428673338561892
0.49499964499135446
0.49164858655224147
0.48878047154900639
0.49086718202133023
0.50219803248535055
0.5106621157384249
0.50897324162009605
0.50297082118250713
0.50809860832939768
0.50042149457447072
0.50276842109660358
0.49751704801738644
0.48652564043780405
0.5147103875636313
0.49154397616209522
0.49773407639691858
0.51549402446960479
0.518098431501826
0.51632153580880114
0.49608093259287012
0.50968989763006667
0.48194855774288903
0.49043688314086625
0.26571226700193395
0.26538399899043225
0.50856646677251571
0.5043510080883743
0.4960332633158297
0.50687252934636473
0.49989999408066405
0.52075534916081501
0.49404339924200608
0.49071567971105723
0.49965939279291738
0.50588439656592654
0.49898470523196303
0.51063513472979172
0.51489887259667266
0.49757280070119814
0.50032704985323861
0.51527877999140193
0.50953219164612995
0.47327965479835632
0.49772199558723695
0.51219818218357005
0.50162061672309866
0.49850953963435379
0.4721500142888545
0.51489281203198323
0.5097185188959219
0.50396924610614235
0.51817195038117114
0.48255271621547202
0.50951847372445491
0.49404820245049252
0.22828660901245179
0.24432441781172889
0.50139065608956779
0.48332366857392667
0.48633650966656594
0.48210107454573797
0.49351835060067745
0.50534580049615341
0.49630582740756662
0.49864980285467375
0.47925465023177632
0.50211343218685422
0.4955889497963134
0.49430221037478034
0.49805000423822526
0.49324070335945658
0.52776149110078097
0.49043136211579019
0.50992015196143192
0.48746882791626855
0.51530417101238257
0.49638461255584831
0.49547761619424624
0.53173615534509089
0.49891153942168159
0.49231492982484604
0.48084102421575908
0.48779740147606571
0.51916523098409773
0.49757447686632378
0.5094779321563464
0.4929707701660811
0.25440339554398417
0.29688585081898339
0.50890895038913597
0.48704806084137686
0.49415622936924547
0.50111353553553861
0.50161625009011235
0.50572239157294974
0.49900104687305669
0.50739100798369929
0.51632967781559824
0.50657070380993097
0.48586716857111784
0.48495000924338116
0.50965204747277404
0.49915136339879362
0.50503255615206599
0.4988532727115767
0.51748294390418281
0.49943477460190089
0.48958950615798968
0.50421342988026285
0.4937898397413405
0.51835926928069087
0.5006536921696727
0.50228848257201675
0.50347685671077547
0.52400725478132726
0.50760004669692083
0.49731966194840888
0.50099513903429171
0.50386084570900735
0.24230093350158383
0.25852505906623596
0.51663772723313972
0.50930450240014424
0.49875853429697098
0.49327211419335204
0.5031986649305491
0.50750480471548642
0.51553683355304458
0.48519837005408395
0.49784624160571705
0.50071437888883452
0.51052022804166108
0.48635877713755299
0.50028995631118767
0.49372081257767514
0.5114879983070364
0.50078246402205162
0.50450196602822961
0.4930185079004315
0.51210184684265614
0.53011236459201905
0.50492058626158709
0.50097382731762252
0.48752973309455055
0.50478010165259302
0.48559261525744463
0.49777858070057912
0.49311538736114485
0.48858751700245939
0.51288437982989576
0.5124513796376553
0.24383172797277397
0.3014059942235558
0.49900480314383322
0.50224858329695832
0.4992869699964132
0.49918171031737851
0.50563994762435549
0.49894597432365562
0.50095016212845178
0.5054953637240156
0.49209785861521155
0.49542981430517052
0.49368767730210084
0.48983199782570647
0.50680143781983555
0.5123746592616234
0.50187781425725664
0.49407733317574254
0.49808068016033175
0.51771543069426396
0.50571031884862883
0.50306264567100256
0.4942954740255241
0.51145564595165149
0.49139130350965482
0.49352780335100421
0.46176018001330993
0.4887499097996178
0.4962802878385566
0.49773234911487263
0.49234767579933586
0.51329052719117507
0.23627119393355725
0.23522920767041305
0.5049752454753873
0.4943542182273683
0.49771900697691318
0.50698312508826504
0.49654359796495862
0.48358819382344403
0.48715952378739363
0.50316451875741697
0.48792030636425832
0.50425733427422714
0.5061091688821665
0.50299132273808889
0.49034882960263809
0.50736494912355334
0.49578117886792256
0.47553125897317011
0.49897911020955649
0.48902609354214205
0.48659218202059262
0.52025612421663181
0.47449904685687339
0.50048359490346539
0.5081720892414292
0.49388304817306333
0.48766465563245953
0.50682224500441619
0.49440207204720577
0.51627770213018942
0.48484523258621731
0.52033202405263823
0.21749291377645077
0.28962908431554685
0.47472565815938328
0.48391873460081064
0.50398669269221574
0.5111841428458278
0.50084864795560413
0.49717470857669244
0.50983226996587505
0.49598549002663417
0.49318555866484404
0.49235539492799257
0.48264860231920087
0.49831437226161995
0.49043575781649806
0.50413565110573033
0.49261794017300792
0.50334968157952109
0.51663746505502839
0.52437031893582664
0.50264491289297797
0.48914521837366504
0.49365860663295069
0.50370099452092731
0.50130442033181666
0.52235137978268553
0.50606870856189445
0.49780766947446159
0.49484827961867572
0.48970343028895164
0.49971453354595058
0.50189569980355286
0.22895403177738885
0.27884462094836016
0.52902518953006594
0.47989487926635871
0.49150569032687452
0.50886680065928258
0.49815798903571629
0.49779110586823039
0.50854786508650762
0.49089428476108743
0.50553463973918689
0.51409877519882763
0.50859481534158224
0.50599530740366649
0.47770553941781646
0.49775154310084885
0.49804518176152268
0.49973263979280119
0.50751802820889558
0.49658334637190743
0.50266020390290012
0.48037974255654808
0.5014627634708293
0.4980238278294199
0.48217342979336908
0.49666855679995842
0.5136954057217612
0.50566334527943768
0.50148113609294442
0.49334983159267315
0.50343747024231433
0.48975000586111722
0.29076130093652114
0.25577292072886115
0.4958081982759992
0.50162117110028381
0.5071183335056586
0.48627723461382127
0.48793092909623892
0.48388057259948841
0.49183525331178207
0.51230727868687509
0.50196143461668796
0.50294606550785492
0.50074366727923658
0.49061503372269571
0.5057037320795017
0.48968761327005894
0.51609351144578053
0.50272905926353573
0.49773024614481975
0.4840071579927791
0.5131772846462167
0.48008839939544473
0.49903502384280674
0.51068029214393651
0.49204537645023477
0.50097142298203212
0.48356907477074823
0.51366471532146885
0.48806394981285678
0.50274812439076144
0.49404630327246696
0.49650010028661123
0.27341685619681594
0.25333254026221941
0.49521471568293057
0.48286166980662576
0.50035546621339666
0.49502245148773583
0.5009497242709634
0.50868130946177803
0.48977873816225598
0.49845982431391589
0.51695802496958376
0.47473969092377599
0.506915385933013
0.49732295175537711
0.51447436441478889
0.49120851950125283
0.50935446577771271
0.50098913219815611
0.50559995651875789
0.48991827551814215
0.50207948286656856
0.51033095105515547
0.49111322246637235
0.49548286380064382
0.49280373327462518
0.51352791906972117
0.48512841163402082
0.49932460068221607
0.49405510768260419
0.50817440112178058
0.51265979552678576
0.48087557815751514
0.23582143307324932
0.23597422593699563
0.50134911016520778
0.50884931022474167
0.51797503167403647
0.49013931480443546
0.51864950381100339
0.50935612772674166
0.50040462060403368
0.51937964513765456
0.48654171610878572
0.50411132020570726
0.5055927844379271
0.50795729493043362
0.50473369882362429
0.49306896415247992
0.50263912515870635
0.50145978855674633
0.48372529663974911
0.49650414261143561
0.4924036306144336
0.49737572652480178
0.48247760724214106
0.50350698476664579
0.50204299843266931
0.5049093613930371
0.49540539387018684
0.50653476489468152
0.49754276567041628
0.48925772212472796
0.49519026094060825
0.49142058633671831
0.27218676148070692
0.2398136077869342
0.49192611278923148
0.49844402694484263
0.50339805829541595
0.49081311552212581
0.50347463694423766
0.52285463711291635
0.50671304262040728
0.50955919559340568
0.52212853592014397
0.49341889510982184
0.4997499751777813
0.5035960013050822
0.50298588779853137
0.49907687278762042
0.50930627524641969
0.50349336066391492
0.48693823909510359
0.48508197390014435
0.49831296749436738
0.4932638969740904
0.49903578533623011
0.50914235076093106
0.50218598757156874
0.51192343758095837
0.51968050978184588
0.49109518921265499
0.47489214361464793
0.48980608331010989
0.49674304215458259
0.48917313477297891
0.24951345134123798
0.25249550697138534
0.53097713645016831
0.48720727230952865
0.49576769024916434
0.49141751285877805
0.4890084354531089
0.50116037640783173
0.50769986426205338
0.50726488125998304
0.4940804799354046
0.50001303032378763
0.49163907777288179
0.48481228422964828
0.49193611040449947
0.48380716282022784
0.50316054313348402
0.48833875660148751
0.49720620161382184
0.4886756749020591
0.47570345132792818
0.49886139556027609
0.49414229354235939
0.49873151506593338
0.51353238719907213
0.48526771084924464
0.50911622105097742
0.5013315825004957
0.50589348635640785
0.50577952759443456
0.48987487670572266
0.4920911393577852
0.26928545538409521
0.25243770702502477
0.49803415811638979
0.52523911245531563
0.48750035175731543
0.4814334213507378
0.49121355216515572
0.48627168070882348
0.46492980802235728
0.49937357999293736
0.49597644683122227
0.49155429620774405
0.49376115476349919
0.46806660428518693
0.49293233346599113
0.51385938901490369
0.50791462256621012
0.49752566884176885
0.50175314776045754
0.49608350140002172
0.50723396963863654
0.50087432310834701
0.50673645164975301
0.50642705415698341
0.49166077397691987
0.52646829672949369
0.50083816100087319
0.50208744172748754
0.50121910726951036
0.50592900785094164
0.49316805453087265
0.4885919514789856
0.25810141143186432
0.23539682680539875
0.50257004246031245
0.49221705656671233
0.49294631650959619
0.49292542828555796
0.48085422351835916
0.48474649756884353
0.50495627292579348
0.49981254079762899
0.50333757400634371
0.507425472673394
0.50105530448765612
0.49792280377755249
0.48981538692994164
0.51684665382926409
0.5091907889020767
0.50521891272234576
0.48572589277176215
0.48435294360107672
0.48296006620036253
0.47889310266562413
0.49551434892128715
0.51060686719769777
0.49593321572065735
0.49006355871156404
0.49844820979085053
0.49698307459947938
0.49526950753056281
0.50993863223836189
0.48970754620407608
0.4792848960035912
0.25421647445123957
0.26767223311455796
0.50331347486163536
0.48978775979322936
0.50749760853583803
0.49535557152758969
0.50853745293758801
0.48500008046391735
0.49647359688084186
0.51307011179904805
0.49611163501039857
0.50006966490167815
0.50232933228237064
0.47491087397118825
0.50045555982800438
0.50010530192978753
0.49650217966009047
0.4939668455229409
0.49575797628048029
0.48673026009323672
0.49940329641498199
0.50029721374535174
0.50864774189665862
0.49129284483577507
0.50561165872586478
0.48503458627666807
0.49413918235675774
0.50540276054289934
0.47976142701958086
0.51770960792278742
0.49820675906208578
0.49074134207734449
0.25324415350518537
0.2741576454418736
0.49418137126058742
0.5046076210762086
0.49642032796334024
0.50670739050144908
0.49450855427711177
0.49902491752730499
0.50614343977452658
0.51502958047209402
0.50601388836308581
0.49918139673446332
0.51022210867754147
0.49262308382378256
0.47410539243135003
0.49708754447605785
0.49238255305152223
0.4792749813952773
0.4946249612141842
0.48479560909000191
0.47992646733460981
0.48555348925164965
0.50324526752513266
0.50741824302202498
0.49430696665120266
0.47954484663599711
0.51431123028568815
0.48390898513116054
0.50350693804296109
0.49856664739607548
0.47806368546275041
0.50229132712071511
0.25693123368266346
0.30084091614702518
0.51187128017843897
0.50097145661818276
0.49978476119885012
0.50484965758485434
0.48175003384233117
0.48825231829108373
0.51119105162484502
0.49636979346861754
0.51502529139904241
0.50837162107073741
0.49935947752040466
0.50055261085009239
0.49230592171181364
0.51045712812555222
0.49781988189630461
0.50177106598700816
0.50581503540326844
0.50058930001793411
0.48535760089331331
0.5237545350626972
0.5050539848141139
0.50643549944091493
0.50423960078994667
0.48585505527199097
0.51072833260321704
0.49734797731602892
0.5040022576919736
0.51612115131338798
0.50631661829806562
0.50961472854641698
0.29137395046900294
0.27767555807343114
0.4960232552411204
0.5047045342177523
0.51223694229537697
0.5050143525259162
0.49108667744317458
0.4897894417473912
0.49954624872977466
0.49624331111711567
0.50166497977427282
0.5084164603522825
0.49185685872519402
0.51222500225406298
0.49736786184143988
0.49886309962858127
0.49980042388128093
0.48142878225115188
0.49418082418800008
0.50201815264384775
0.50225439075696665
0.49149659889627206
0.48597658110664205
0.49807225982631875
0.4935777456490496
0.50266065120788384
0.49608187697138117
0.49668368888356146
0.51468544752642731
0.49967423552017504
0.50802261384832925
0.49184049379475731
0.25522136967085868
0.22903939884296021
0.50450957178494982
0.5045553882683641
0.50919581281006066
0.50711482260213814
0.49720201217007443
0.50996440111508523
0.5033436475899582
0.49793116582998481
0.50647339071976527
0.49523407024693716
0.49982840446669302
0.49773480988270136
0.50520213251548429
0.47986478082525169
0.50912577138208925
0.49382033220318738
0.49824896829062681
0.48435269152998189
0.49926534781694254
0.4896276216131864
0.48291326977337251
0.50165465724523484
0.51637995353518906
0.50163777957427591
0.48568867301441176
0.50734629227163408
0.50278005739176468
0.51953346473974782
0.50128599070145163
0.50294282767428178
0.27733608520811259
0.25741372632936366
0.50021507436986634
0.50900119872377725
0.49223599287833336
0.50499520593693514
0.49479525127277396
0.48660783043721151
0.47715237164104807
0.49367159438475194
0.51488225199672477
0.50443503539392853
0.49248158728428409
0.5145886445682345
0.50423928719337741
0.47723789380090059
0.4969240267190681
0.49868532461626203
0.49215615373638411
0.51124834921198647
0.51097884952326655
0.48835252720098093
0.49339610003202572
0.49464425748853114
0.49896418197398806
0.50679182827411751
0.50344578543169705
0.49371448734082768
0.51377620154986947
0.50912982541889018
0.51241329517530199
0.49691344692522527
0.21583948413056164
0.24495238319650386
0.50186541856930877
0.50542955827163838
0.49722823382610687
0.47883836416166392
0.49974981800933688
0.49075217755890066
0.48081314800748004
0.51576250619257458
0.49641588846867735
0.50950600877456498
0.49505805779208822
0.50123514847681538
0.50478649655559726
0.49439937801275502
0.50944635686640438
0.48401306644946629
0.48865534328261806
0.49532061141649847
0.49869117030036669
0.49824447724568233
0.50213390808157499
0.50130906848690204
0.48574375701209821
0.5104855393736133
0.48219116063830963
0.49706928306304426
0.49122116210546868
0.51652259773028597
0.50833102857242929
0.49166745602436251
0.27065031857094274
0.29481598903168843
0.49399324767750091
0.50314076464311908
0.50523674976864941
0.50576755016756314
0.51433075219197433
0.50659783034815098
0.50407024715069682
0.52464208359827968
0.49952162018719415
0.50676045535889147
0.50662032233694354
0.50228343056837632
0.50595586951600091
0.49653009244171192
0.50215491516329969
0.50480998036560643
0.51060282984041117
0.51004938942147515
0.49482936737318312
0.48963584568069746
0.49343326218670031
0.46576342766571732
0.50910343209620978
0.51017787331906761
0.51052953300415838
0.50696145695483386
0.50024209133986275
0.4979907771900407
0.49663425399055977
0.49585453590852602
0.22711462765603338
0.14268772977941721
0.23373566949396202
0.23253221304411273
0.24353083222709943
0.24618310110979549
0.26126740858004383
0.2480096740037338
0.2462068622777126
0.22750331542371557
0.24835932482235493
0.23851342744389317
0.26656974539558342
0.27292845590796633
0.30991653266536118
0.28907309578310492
0.26692732792714219
0.24657986678234733
0.27132531237042368
0.22663953704255685
0.24060913634543302
0.2391317159620821
0.25755004611362847
0.25955759461020284
0.27384503451420616
0.25997580918798768
0.22107352295306543
0.27643477388332011
0.265254623711702
0.285078384864067
0.25070416462474582
0.2519211162707507
0.1577180657997353
0.19434345712666309
0.28756599139237665
0.25447552274577218
0.24586376535998192
0.2446895646866383
0.23393170047807557
0.26988132712513008
0.2805419047720023
0.22699045804751555
0.22933801685998759
0.24385727900939913
0.24524183130658792
0.25354593021579724
0.26815787248405637
0.23158640131651206
0.29248388887071558
0.2675102751288137
0.25064205546704976
0.25935330437783222
0.28455178328584585
0.24803411230547717
0.23169623747341248
0.23472427585509892
0.23971779137707283
0.26359781940567228
0.2515185442500168
0.24372695590120697
0.25299401773272295
0.25131127479075643
0.24507176938327732
0.25593232385499065
0.11766457174439794
0.25954702234987598
0.50725899931516039
0.50282603703030215
0.49904314528882182
0.48948029238481833
0.50278212698639191
0.49854401076393223
0.4973716824448931
0.48708931703994734
0.48781065915182042
0.50516809210265512
0.50556896655080696
0.53222621490156308
0.51113436085156949
0.50632329098054618
0.51068917041676509
0.49192681241219943
0.50539248470746234
0.50531269905717779
0.50731458291006126
0.503673676914558
0.51922127461251533
0.50602882927643666
0.5090480926500468
0.4891937457629385
0.48831475747118935
0.5062138030024016
0.48899438566648273
0.50127049589540174
0.49160317261070707
0.49295707275903583
0.25284667464865568
0.24976956946142212
0.50200866272029865
0.47629117301469326
0.5064202979319653
0.49806484183735733
0.50289708641805142
0.50073078558749229
0.50861918914622173
0.5036473783182619
0.50385204452419097
0.51914939650122394
0.49725951722258926
0.50518070311147689
0.49402431686578074
0.48624441488554737
0.4856678269104831
0.50262285325564904
0.49829766591808883
0.50096012656811773
0.49461096590197123
0.49426426158216907
0.49940835422552443
0.5019230685489916
0.51081246726279073
0.50184853829485465
0.49962640105159378
0.50078746877952285
0.49401093998212514
0.50130079798973315
0.49884425915326175
0.49898425705998301
0.23630656757442167
0.21769025027968419
0.48352315890808439
0.50828033392874949
0.48794536293172919
0.50155671285290448
0.49505163905924843
0.50476604846797479
0.49749409026551034
0.48337283770038475
0.51340418980553459
0.50646417070453165
0.48995784641643547
0.51244420228879162
0.4803674639364317
0.50566866984929715
0.50618016179462932
0.48114194064253346
0.49791565637173252
0.50631633818277266
0.50011883250124312
0.49851308474905581
0.50714856219558202
0.49116482612758089
0.4879492448925567
0.52549894743248127
0.51078559067505247
0.48223517050417669
0.51248518330007253
0.50526921997999019
0.4977527249476939
0.52281815913806506
0.21890050465688601
0.2378296757860314
0.49728986635890265
0.49131371619424169
0.49200443931728283
0.50127171313838959
0.49931572300481963
0.52337889120243242
0.5128927769452909
0.49745021346935159
0.50709835686492877
0.513687876370437
0.49612673200450885
0.50833623890111757
0.4915921829908641
0.49739177835998954
0.49730705065141639
0.49160032644832757
0.5115527353733198
0.52088549966039177
0.51473117510257971
0.51159908966212619
0.52179548132712805
0.49386358402600661
0.48969853462326729
0.50966130146698385
0.50648224527726948
0.51609435036329854
0.51793762391145104
0.484560377488924
0.50855351289586226
0.51869244463404118
0.23895496338118175
0.2775727565120879
0.49596664489125841
0.49240139230864455
0.52102139948552051
0.5021149448948834
0.50527327854197668
0.48551794389379543
0.51124276285672565
0.49353495237890993
0.49265874457409992
0.53178703650497838
0.49653792953883241
0.48074015139813286
0.50246575548294348
0.49637290401454282
0.50319123341004823
0.50469433080110715
0.50947940400626579
0.49458302507146612
0.50024649791029907
0.50875959337853327
0.47861563832561066
0.49874895008011016
0.50016170042128005
0.52476727914924937
0.51378562219097867
0.49792302707196673
0.50573495128852286
0.5052691385783995
0.50443319334734815
0.49267273864783462
0.23242015268790972
0.24889568465767087
0.49391379404874719
0.50026218772374098
0.49584141611790222
0.50050672903254356
0.49483137678705147
0.49433413179057895
0.49861864712010984
0.51063018703154239
0.48924263681397417
0.52696601846798197
0.50265456016094168
0.49872174897762256
0.50066119674949316
0.49262086075629696
0.49220373341536183
0.5010752017281247
0.50728280570982953
0.50429089572617802
0.50255854502288644
0.48955378952487494
0.48457338057996607
0.49859547145860589
0.51864893085204933
0.49534650107482076
0.49718179960307085
0.50539013049305648
0.47968420201072354
0.48614458588091314
0.5196941539045532
0.50280855831816496
0.26735579822133465
0.24986005259625749
0.51879890850933363
0.49933386697000426
0.49263526724618462
0.51012986919554715
0.50007310040147046
0.49881149852121531
0.51143726736549577
0.49845127511928627
0.49547740782173361
0.48939330203305331
0.50860773719330254
0.49346787121594349
0.49487030264211829
0.5006354463785152
0.5020808794518814
0.48750568811493034
0.49587370459410929
0.51585680880024176
0.4972619390246375
0.4993366640120116
0.50232635217873445
0.4961316644722627
0.51584551965365089
0.5148937629520246
0.50789077784526249
0.50777186116042816
0.5197555419748332
0.51540565265112437
0.4976572398934751
0.49683608279123215
0.2229108030404795
0.23720882226948875
0.50664403935752356
0.50235547922748103
0.50246966268612647
0.4982958185946697
0.50212222914520166
0.48876692725125337
0.49843130938671221
0.48976859889636848
0.50649180182384801
0.48948658283140017
0.51764021928906723
0.50313926436444656
0.50300279222578703
0.47859896897764631
0.49815865315179847
0.500016498967912
0.48420310799216543
0.50382389592751253
0.49899080001348906
0.48967546431946335
0.48396685944210477
0.50026788034442515
0.49197434732607298
0.509839979376425
0.52533278914592896
0.4894827332699766
0.47527464571026351
0.4939974945903966
0.51662710220596586
0.49689743436073053
0.2297457809970937
0.24600033091785239
0.48045528335787596
0.495955388591798
0.51435930913380024
0.51236267858740381
0.50239346293076848
0.50345954167883866
0.50424441729071345
0.49277896610872174
0.49532171783567591
0.49301771484034235
0.51993717405079731
0.49288868817600162
0.5094147202714987
0.49081056146411117
0.49914959440816137
0.50672105951690027
0.47939245715936041
0.48295374962961485
0.50119505212236592
0.4940788767104185
0.51267943362501545
0.51012626174385955
0.51524899709262895
0.4957110288259004
0.51146291987707826
0.50837738188978598
0.50176022968845713
0.51278655645625359
0.51225664249121727
0.50264890915960525
0.23473284318184029
0.24983585000392292
0.50681256734039282
0.50393750537399862
0.48865932238465826
0.50052716327102897
0.49395477265511156
0.50038454364610818
0.51125072134572236
0.50760563437625128
0.51374693310765418
0.49377059921385946
0.50898290428150006
0.52163374940967544
0.49760263332762111
0.51188025438665741
0.49572174016036669
0.48589672467013045
0.49626857918639589
0.51779645941904096
0.51400257121285164
0.49578793330519361
0.4983621569878609
0.49743989572815617
0.4903123913046411
0.49432044509470519
0.4988470838851965
0.48988947403253513
0.51985985970698689
0.50767152478949806
0.49718332623871236
0.50223753272357796
0.24371070321378466
0.23780528713926466
0.4918941573295641
0.50619478166483445
0.50450218599837082
0.48552571864592103
0.4968324844488532
0.49729757202624469
0.49846504060757824
0.4980829613046599
0.51595651296056466
0.49755422114362785
0.5074692360115215
0.4949002354149713
0.48118565233460897
0.50643785929690277
0.50693566906493615
0.49987598571059133
0.50210546812948476
0.48817197674601553
0.50430126496665006
0.50774006430089469
0.49600373365419154
0.51451830446429492
0.48265602507592875
0.49593247985727412
0.49665391673927523
0.50918601770342464
0.47807980051921017
0.48595762296448802
0.48784939144152017
0.50143160635814887
0.2975130213875542
0.32448896967033841
0.46689442062909853
0.48338192790486539
0.51585370709416289
0.49324707730470368
0.50868538029213806
0.50558014318132305
0.50186782342296143
0.48502892398052294
0.48406547191173188
0.4943956494198769
0.52274451100397612
0.50354946055393945
0.5111255650683233
0.50178365677755421
0.49829913218414512
0.50071113746360973
0.49579785204318755
0.50416973856267677
0.52135718926563823
0.48599880159786868
0.49991795888169394
0.48102756819355791
0.50141402513722033
0.49312107201877503
0.48635793982687858
0.49767425685822952
0.50350914079651421
0.48426523824497286
0.48101372597523784
0.4974082353038915
0.28256153096006076
0.2773103018385526
0.5033690777343931
0.48309980696091109
0.49773485075366281
0.50442914578555276
0.4873585094557043
0.5011442719989283
0.48796091442587303
0.49694373998459701
0.49978016564508981
0.49662698856139209
0.51274832703240314
0.50688375645118966
0.48742048527415888
0.48773511188031948
0.52321723885992855
0.51205889829694895
0.49956269002970766
0.50339068142939347
0.48979519653108183
0.49261214422872618
0.50265409219988444
0.49340560363604946
0.49806139619412432
0.49929314046616285
0.50872165462948093
0.51313402525782714
0.49958032039800299
0.49848633614791349
0.49297401705975558
0.49020620723580938
0.27363816475414704
0.26735551151284698
0.49876504014182765
0.50041043028054022
0.50325046706593235
0.5075671841348095
0.50075796394636918
0.49442529771288357
0.49831932610020885
0.48146740913141323
0.50201595940851207
0.50922585761493955
0.49053479192841942
0.49201933542917725
0.47538181142772207
0.50972658914720115
0.50890225112138121
0.48766314825121176
0.49222590295846025
0.49900795177789575
0.5084095341980438
0.49772321924826435
0.53601798454766858
0.50263893332448317
0.51938645681258433
0.49966151953238219
0.53013468887948723
0.48850254034957019
0.50937100538251034
0.4923739493918925
0.50142055180885892
0.48570808202673027
0.22377030809627979
0.22028520233959414
0.48639220052406607
0.50074950239459215
0.48827313841584946
0.50815395580733047
0.51942769079716933
0.4854253821515665
0.50075813963680005
0.50892026113968658
0.50675167579474345
0.4972530366432521
0.49506406327946423
0.48257910479187927
0.49800230584680144
0.49918955922823943
0.50634278788137976
0.49738224818935906
0.49815295573851598
0.49311422841607472
0.51792676600167697
0.50544274315394011
0.51531540536733977
0.50566797644406092
0.4985887959226209
0.48720537342649189
0.49394545818513691
0.48698607462658228
0.51583899609669603
0.49490364419438676
0.51424170963329752
0.50144668545948634
0.24327273064845675
0.23119697423962843
0.52399419021138971
0.50988758532008127
0.52395567395179043
0.49864696521294805
0.51056912847579605
0.50224353632731511
0.49181021469080627
0.49764190920802298
0.51163060795182735
0.51027906645774024
0.50453908801787117
0.49681151867664419
0.47828325979116909
0.50794669373808221
0.50364273153966843
0.49169803483770119
0.49845357294473019
0.5178410551828464
0.50973149016392572
0.49722619473152796
0.51420997525821044
0.49839140519942987
0.48866035922008583
0.49828687464964661
0.51756414472763912
0.49459334489119455
0.49879332225228318
0.49578703083892084
0.48216216788726168
0.4942326313224269
0.23257685108380483
0.25985882922720888
0.50067867791233656
0.50234352465969989
0.50011509048235314
0.49950121756274241
0.49088004894521381
0.51511133106804174
0.49974782532965739
0.50986381590546925
0.51610926522095901
0.49622226817021509
0.49888037390179019
0.49207563189328468
0.49459332189357608
0.50671092119529582
0.50403162747349295
0.50486026331065981
0.48963175983052537
0.5022620473328977
0.50828464394333583
0.48686853283215353
0.4815130942468554
0.50211313453257311
0.51184802823762687
0.49745298602567073
0.49356838179639101
0.50205414261015369
0.50064473912451946
0.4730980995459792
0.49940597925886931
0.5240656129164164
0.28319564686101417
0.28101448385354977
0.50732004864077163
0.5017757302942073
0.50405505459634203
0.50603132957858543
0.51085461369237217
0.49417075499066604
0.49572968070216489
0.51411913776875751
0.49612640153867643
0.51046469991993149
0.51197513492771607
0.50293722543015262
0.49587047573102061
0.50675697047201873
0.49197609810662984
0.49543194719879763
0.49788629261885786
0.50092813959718985
0.50477445278386612
0.49933529349993572
0.50320172760254955
0.51444934677753751
0.50504003497264094
0.49758371610992114
0.48449272150591127
0.49277212343723348
0.49323047357854433
0.49802969203877745
0.50394873265029438
0.5061076346916803
0.25942430629687496
0.27194186197591241
0.49315402628734084
0.48181062114701156
0.48088431195767245
0.50417443805530249
0.49990633249576272
0.49796437434695923
0.49176311540936468
0.52979305834168655
0.50228944634363204
0.48854185069483858
0.5234544883759521
0.49622348717163545
0.50587836087395033
0.5093063841019021
0.49069664898535786
0.49158736962178168
0.48646195662282105
0.49856744141919118
0.51556334917509683
0.50789846327172861
0.50302991897777127
0.50353755495613894
0.48459529549198443
0.49101782845015762
0.49442921227730785
0.47585150391055586
0.50425061757276235
0.50429285750128172
0.49872281050713935
0.49992233495001892
0.26537275028197543
0.26703158286587647
0.51444761988682208
0.49635283210250269
0.50360935763775316
0.49512735322089968
0.51804815565199114
0.49247910545347473
0.49476398575843583
0.5057443485819515
0.50643273839324865
0.49317192332192444
0.48778350302442358
0.49791757801512238
0.49743480959407932
0.47517821208459116
0.50350813666907335
0.4959255701073097
0.5111869929898708
0.51734137779938927
0.51200259312888741
0.49833116500485258
0.51159273962410534
0.49828982658589288
0.4799804072654742
0.49131590753569054
0.52080117772811796
0.50455430380266864
0.50391136885515542
0.51526674180753251
0.52173078030448572
0.51385686084276749
0.24720655308586081
0.23858228000135831
0.49584370655339149
0.51209568247280135
0.50616656812770877
0.49725720061627149
0.49865604761517285
0.48839658666772384
0.48781517529244695
0.50974287455101019
0.5103073296213414
0.50056862638401034
0.50209026930698863
0.50307739810940433
0.48115296840147198
0.50437181461977953
0.49876831148002909
0.50052005902899499
0.49449977399508516
0.51528290531945664
0.5159554078676053
0.49164109415759782
0.49551538517554977
0.49260351099541394
0.50509659024066988
0.48045181418138116
0.50358882945530037
0.50966430421766129
0.51204432076420903
0.49564955467718602
0.48234729600096371
0.47910663080215321
0.27772289964678859
0.25469776047902565
0.51134666457454359
0.507576814554761
0.51569271219087298
0.50800709958277923
0.48852959856887285
0.49448312555932272
0.48364669389516635
0.50001185118045122
0.49638100336151791
0.50379959661062146
0.50751561323709216
0.49989107754202139
0.49762347054812728
0.50413129687338853
0.50447761792696399
0.51111236573389285
0.50093416675233271
0.50324931230187153
0.50233214685814975
0.50440797806616344
0.51385251802597753
0.50113812651092993
0.51645346940389669
0.49421085805763243
0.48916952802733615
0.53318490525099693
0.47193612945295771
0.50311230875414281
0.48853341293395702
0.47675620852021283
0.24051143631385957
0.23669779280524092
0.4995322080563937
0.50504871862150891
0.49614241669320802
0.51440289965437336
0.50299719781861052
0.493937867307712
0.50100012612054912
0.49887844329805575
0.49134527220018198
0.49241759235284011
0.49133762400020814
0.47851164003677893
0.50485168766383981
0.49874972284464864
0.50145858879797445
0.51795478663335492
0.50340331140625993
0.49102279338743032
0.48845943821230059
0.52342511297147987
0.51421895060346079
0.4878452088355244
0.50974036262098965
0.48965836315138822
0.49950047201914671
0.51014698974678074
0.49263134469717845
0.49899883887473384
0.49356272188485045
0.50850181534838124
0.24451272919985195
0.24323547746093432
0.50117890854630309
0.49023326596355254
0.48105871077768519
0.48069613307824022
0.49646201559480929
0.50869683803577426
0.51641913255665761
0.49155057750036196
0.50818466621941472
0.5088913078581272
0.52459311220981486
0.50015550891195193
0.5039945657095215
0.49844627637755995
0.50826724784687893
0.49318475120518618
0.50524345668313098
0.4901368494222787
0.47913172673031562
0.48486661593508468
0.52227852546900211
0.48865003859830719
0.51112292042140417
0.47599474483969451
0.49918317269033985
0.49793468568022048
0.49618996978431462
0.48571261060972371
0.48594249454260108
0.49374810017146359
0.26983850493771422
0.24780897426649329
0.49120364561346552
0.50751311097313423
0.48373251613678903
0.49761585201351083
0.50153843909220064
0.51385344185439907
0.50050295654565236
0.50755591615674656
0.51202228571405362
0.48372937020846851
0.50694974378181745
0.52384465087241172
0.49658744297366497
0.50603027812676538
0.49714980876523757
0.50057286755286812
0.49768205961245138
0.50705339165987706
0.5031874807278911
0.49875292844888131
0.48737181735156665
0.49185343303655193
0.49695384939410781
0.49873965565430128
0.49753132723543153
0.50661493704776206
0.51123302957607453
0.51602420957763495
0.48384151874735803
0.48082823701990307
0.24785299946242417
0.2289092280295266
0.48894101435561771
0.5055167494173507
0.50908071216273398
0.49072924721434447
0.50344874317414279
0.51533878726475379
0.50624293357461925
0.49794073641862202
0.49413614999935451
0.50233829983592582
0.5022364781283789
0.5038894075475876
0.49105771724519648
0.49255195277042485
0.51376111499091104
0.49622105561215635
0.48056373627632087
0.50321514971397319
0.50109671371714193
0.50116268284720811
0.49322054814355604
0.51422934025598199
0.48151840060822665
0.49177945940473577
0.50302569246747109
0.49038772121717972
0.50995564669567273
0.50131979777058977
0.50770302428371916
0.49577254975108115
0.25821855495087992
0.25300913064918512
0.47525745929227503
0.48082706337901787
0.50265776902673487
0.50992050576758252
0.50174039241827328
0.50638435357417411
0.51001096048457761
0.50366437493174476
0.50625702596048594
0.49664499205455787
0.51668615457728262
0.50311001531671284
0.50765505098016672
0.48265518866651108
0.51829301018667806
0.48995797833068971
0.48237305499527927
0.49796215398859411
0.48654024941997015
0.50991404703850207
0.51509356039175669
0.5147186639753808
0.51401402285951547
0.50816829298835364
0.48812933222253252
0.50633727987386068
0.48452960227358821
0.51442953742250919
0.50687741106525952
0.51200445132515082
0.24225871121143078
0.22687618858605449
0.49635394167643915
0.49986383158490555
0.50867156513433875
0.48897100418552408
0.50633555172589684
0.51078050945278153
0.51495701396056315
0.49414678432136772
0.48781810462640274
0.48986730214358659
0.50866746982940025
0.48884517158930085
0.50702965777120068
0.50338282282518432
0.50303196977063502
0.50318802898343706
0.49751916061006651
0.50572645355102797
0.51693594397510501
0.492249755881631
0.489195576386252
0.49232253589462771
0.51260898589694015
0.51009647729951446
0.48519238737411396
0.48023734813219621
0.50495004903713281
0.50586850131967009
0.49075941394713118
0.49449004849172462
0.2717312013071676
0.22539239526285071
0.51645520609730244
0.4865318853441879
0.47732041970902195
0.49574265298653103
0.50705060025091664
0.5100466672370112
0.49346836933924354
0.49055968492137519
0.52500876584988354
0.5056325623062351
0.51161752347299383
0.4921225305808406
0.49579822358445091
0.49832799216883011
0.50183066712108471
0.51118746448828289
0.49586204570316039
0.51824746063291893
0.49862535182530482
0.50629000240162458
0.49972640025553955
0.49532785114719824
0.49484432321102961
0.48626979403335141
0.4865732130096117
0.49377249895958147
0.51216025594580383
0.50062184382911767
0.49491945311295504
0.50396146260331531
0.24053973080519772
0.29689068321673812
0.49950904436198823
0.49728331755675043
0.50873063187410206
0.49256536547388374
0.52225792256328063
0.46762921635705074
0.4966835685782231
0.50313173905660946
0.49678461011420738
0.50806636831216234
0.51266397732992519
0.49680001974086085
0.49379176063658209
0.49952831902763589
0.50521317017610645
0.5057192613309659
0.49529386538172765
0.49597147941728903
0.48266274877995252
0.49543295111636065
0.50814892559903413
0.50115659602700158
0.47840373340015058
0.50144124116229105
0.51775088350649856
0.51244573834404494
0.49495500290480565
0.48734468280387805
0.49314460944991972
0.50197085031540711
0.23217589352876844
0.10589953097824772
0.23565530303500509
0.26952648022452613
0.27403045317023417
0.24721975414498398
0.23851125365176187
0.28424076709157459
0.23032298813775845
0.23086529786709578
0.24629805402696858
0.2327380613675761
0.3065014104658082
0.2225062478705972
0.28108680857880008
0.23115805084420291
0.26380841408605898
0.27545134386280168
0.28107524432834319
0.24847671258375101
0.23308930722947563
0.27625436963502586
0.32535129187229633
0.22420805048630113
0.24674907868971149
0.22630474829751496
0.26773871566281593
0.23893411393786723
0.23004728652544187
0.29103414840796055
0.26919520193872953
0.25059654419552807
0.12630103562126185
0.11958799938376329
0.21614440275304259
0.29212516940642297
0.27062784783778171
0.2926498569476505
0.28115703936465763
0.25851805569878972
0.24253384998490779
0.24229683818010408
0.23442181907979209
0.22982083005766649
0.26641080680981399
0.2455820818746309
0.23635395539713144
0.26529124994800191
0.24995572884317793
0.26873784773705012
0.2632448639794292
0.25842572658175533
0.28593251093206085
0.24801847369118021
0.26081811838963026
0.21596854809919627
0.25068219786529827
0.20480356234497474
0.23348530922390218
0.25002275559740739
0.24403126862208127
0.24498500459337877
0.26310801304317855
0.24257104605967997
0.1300961300790103
0.27265010657060601
0.50980152494263931
0.5145283683871773
0.49744270229424026
0.4952841204678779
0.48060324081965106
0.50612422319322448
0.48934573729521741
0.51502968066195831
0.48635247665348641
0.50060414417993471
0.5121989743059876
0.50604949021115031
0.49417706036447862
0.49081750928076046
0.49510887079566251
0.51304436822383492
0.50272354859367485
0.50347728445932938
0.496535876681582
0.49444612973734203
0.51000958257856954
0.50659715003136341
0.50382376639242377
0.48035731065287851
0.4910195400830521
0.50006466191810406
0.50824072402218157
0.5011055640513693
0.50085003846372944
0.51650300944437832
0.24708521406990069
0.25058267376412635
0.50934775568337176
0.4936665154602613
0.51400971281951602
0.50213020235910366
0.50962123593663566
0.50083919721811043
0.49831496593984398
0.51813061941698235
0.50382644168967883
0.4934574635622494
0.50040260055356356
0.49101711012918364
0.50773105026875398
0.50606097221296475
0.48702268992921921
0.51016493396966356
0.5114971399365591
0.50906624237331577
0.51101415277137507
0.50648551976397671
0.50067082385477546
0.48085594148219002
0.49275497904644777
0.50703388208400924
0.48742403921592242
0.50379183300518493
0.5081859059055811
0.50152807880189365
0.50264644043802698
0.5154526977160121
0.25277839541096381
0.23419572310023312
0.49397760045859546
0.52068898893158955
0.51097536788390674
0.50660684128574729
0.51069985042903354
0.50389706662466993
0.50881091390065858
0.51139089451762576
0.49100493563441955
0.50156544400760705
0.49626958471532734
0.5133162949067257
0.49023413340467165
0.50170271993946702
0.49811389216778579
0.48407779565089526
0.49456247693222927
0.4960934404939622
0.48460811163752282
0.50028445746325378
0.48918606385076197
0.51478462625688759
0.49786593830983067
0.50789321315160008
0.49262371323043735
0.51478684029265243
0.50903566084898721
0.48088551672419189
0.48907551102209329
0.50542648337071072
0.23991287941114717
0.23264353050559625
0.50049468644686046
0.5117829649180563
0.49588879728591045
0.50652878937375767
0.52508706620871404
0.51520439236290849
0.50371504853900684
0.48130608584766382
0.5020643309933448
0.50961301723024177
0.50016075550368999
0.51764850048966027
0.50671277924103952
0.49414053026753624
0.48985389936000873
0.49203152802413436
0.51254946909186594
0.49219268133927141
0.48464368258872326
0.48538782416896575
0.50947257391835521
0.49590182673859368
0.49356973616884003
0.49859718297676264
0.49502170721922789
0.5027207499984514
0.50533829657383122
0.4897724014680902
0.4965313886076847
0.4797310303151518
0.24191665292405706
0.24307427803670981
0.48971784397821633
0.49883838307558548
0.50511145135420055
0.51308668992665862
0.47949191095487947
0.49599779685573453
0.50498654629216366
0.50709249804200984
0.5113454204313449
0.5125181658620126
0.51241949074251747
0.48895926861808664
0.47315424800742889
0.49194887984891966
0.50044226354314103
0.50712241739511288
0.50675214088253195
0.49480406811201461
0.48104012335601354
0.50803817220179925
0.4819457029336538
0.49374290410779509
0.49078378759996877
0.50471292799769107
0.49527529965430056
0.50453799541383515
0.49137787093031815
0.51467054531129508
0.52059608337220786
0.49890658883357125
0.2223374623690372
0.27844013589476319
0.49481604123529715
0.4912441255968516
0.49259837137057871
0.48954733385943189
0.48612509567186402
0.49642192465421914
0.49953585638962356
0.48761306202565857
0.51612647595330219
0.46774595349282777
0.49890072765106086
0.50620877696608491
0.49225077838718817
0.50804271905005283
0.51382218668864676
0.5117006452065288
0.4918685665788316
0.48179289901369377
0.4752954144995224
0.51791333491936498
0.49405702415471558
0.50089080694961252
0.51047724060447486
0.49923169621112518
0.49342266070221091
0.49297933230593699
0.49593087291263155
0.50016004425551253
0.50665799149296664
0.51370900244473516
0.28016993437106819
0.23631770076978345
0.50649492097806725
0.49693332040400623
0.50567778281652842
0.51048302872292517
0.49566670242758476
0.49406693260542173
0.50038066385632185
0.50852624496203169
0.50095161442479741
0.490689567387458
0.4972959500053401
0.50371748657954374
0.51689647838074471
0.49195361076364436
0.4903303138183579
0.50482512379322353
0.52318668890710396
0.5075894202877963
0.47294155871211963
0.51087554531978552
0.49683874217547547
0.50807483519303198
0.49975844909498107
0.492802183230653
0.51541161318280604
0.50379997450074954
0.51688267625799855
0.49811570416561185
0.4901731230707998
0.49625905751786792
0.27099658816303324
0.25604458812326247
0.49187439495912938
0.51858802358273315
0.51274463052180341
0.49476715193462639
0.49494213705619433
0.51242135608874206
0.51019495824871108
0.50217983896833818
0.49725071691457534
0.50816916775062215
0.50084930593949939
0.50828423578382631
0.50868512719462322
0.48591976313165181
0.50885528971033778
0.50288697650145819
0.50020706604627263
0.50088719592006004
0.51665875626146152
0.49355047880093422
0.48487315246951268
0.49551187092475546
0.48912264459171156
0.50547947692338602
0.52114560629435369
0.50453282947835443
0.47601980092899776
0.49414235444072846
0.4970434925534582
0.48957978819537079
0.22323470342078813
0.22482211023583448
0.50622589600752521
0.48747964343405004
0.51254221875309069
0.49907526607756941
0.49529308259912475
0.49474572061752209
0.53054274741522989
0.49265695811399146
0.49039274930579108
0.50629128933028555
0.50079004331786281
0.49778270152840981
0.49871202919432245
0.50548012942051634
0.48759574925400506
0.5142045582182132
0.4985586864662111
0.49622655606242028
0.50971273193366218
0.49837618857697336
0.50307444410215474
0.51374481400944194
0.51432954279663978
0.52012023301637089
0.52549874249017481
0.48963158749153979
0.50634539854784166
0.51030156370018265
0.50417046748323535
0.48460515152590983
0.26587726030163494
0.24749740031285195
0.49552799468006631
0.51350567539059122
0.49030794047211962
0.49462310087258221
0.48383718961163474
0.50291325309061552
0.49724654401964874
0.51676098362864908
0.49257909938996103
0.50912270071072363
0.50464935262088473
0.51866931591632104
0.50271561428791878
0.47754530495257475
0.49642377572292862
0.49473232909505105
0.47209419349076864
0.49113563856322007
0.49805255690034084
0.50488042288967305
0.49859179074608051
0.50879389138887199
0.51592023828139244
0.52181140417009297
0.50385857159254899
0.4875903073376372
0.49574356991064417
0.51666024975252067
0.49184647540613019
0.49475898572941973
0.23892687384899963
0.25394816484877086
0.51164634846887125
0.49643518848549184
0.49821822711410618
0.48879757657892381
0.52108028156911224
0.50083191131056504
0.4832055274499461
0.48356442587967796
0.51414293527238941
0.48862597062935403
0.50239665015845869
0.4917117632368545
0.51136379555422562
0.48653796776975861
0.50713498096609966
0.49879786932694492
0.50914137617638744
0.49405905567483527
0.5034784006277373
0.48285979322367728
0.48248282034762724
0.49746600289945164
0.50616577403613427
0.4884552385299949
0.47187326546063252
0.50858695079285576
0.49162904074875585
0.49399581903677309
0.49593623395692182
0.49741802450766098
0.23255493599110563
0.32371952082958505
0.5004880486638752
0.49515700765888621
0.47761203448771122
0.51188659390341784
0.5211587655502522
0.50312424956185942
0.49786710216291835
0.48271677612014546
0.50315847235071998
0.48362912895631355
0.52497325289712926
0.4986694542224589
0.5091592127536827
0.48649172208387742
0.50441807907684477
0.51094420426548903
0.50767402474725154
0.50941008917036568
0.49717533439975881
0.49120468701454156
0.50004680473744234
0.49223198196185575
0.49287069112932347
0.51972884719929624
0.48158641015504378
0.50741158871449243
0.52123238777275172
0.5016560447813988
0.49462660071942327
0.48955822281923839
0.26899685668012624
0.32121368584252774
0.49489003195148207
0.49522265614636723
0.48878845503749158
0.50466888225738826
0.49352959402571128
0.49830325040114731
0.50791318679824782
0.47791724581989403
0.49051849843828743
0.49566537991940601
0.51536062964930363
0.50337680164155718
0.52520874512232529
0.52359541736284765
0.50585237622257551
0.49871417850397465
0.49166661973672426
0.50508779670331605
0.49553420730621561
0.4907786253745553
0.47838604662727435
0.50520213111893064
0.48736198005775988
0.50262407969641598
0.49152366189832586
0.48108844893191333
0.50184775840886675
0.52811169144677361
0.50184620039664307
0.50221464981693598
0.28593403638250281
0.27709828377453621
0.48923599762147518
0.49408447565551922
0.49251717059462963
0.50555680953937687
0.50416551637288265
0.50320753569370824
0.53774529047527642
0.49364359421588244
0.49782650002857282
0.52175765391175843
0.47489371051210816
0.51286526997222903
0.50736237225018588
0.47470191189864736
0.51226080291174469
0.48138523156692403
0.49885808384189828
0.48659360088576714
0.49950736307543248
0.48955117404418019
0.4960876699766732
0.48685592632847952
0.4894593889983368
0.50295580257938022
0.48177296676396064
0.48232385476691891
0.49095742901008982
0.50123594967208618
0.51642051326433636
0.52193962704961261
0.22474849296283966
0.24571173023405252
0.50256347372118981
0.49924192032144349
0.48686172089062363
0.49521752414714365
0.50290903877562432
0.50452736820500066
0.49716211251103137
0.48405207531340955
0.49904500555576181
0.50610347655013521
0.4982560853166712
0.49869174396736299
0.5289942499612873
0.47955073848209234
0.48172894946525252
0.51383196519331975
0.5202906624305581
0.51521363100583095
0.49483845742088262
0.48033297250965934
0.50660315842438797
0.50563629567176671
0.50174069022952106
0.50509617197881829
0.48784336946582185
0.50785138527620288
0.49843316316814817
0.48882828651920623
0.49252737970275701
0.50830035559289266
0.23077456477346811
0.23857017741956235
0.50577582009221356
0.50432909242895352
0.50267545167428285
0.49184606688840388
0.50123388409519065
0.50422724590200285
0.52624644576170299
0.49268315017820785
0.48766577711656134
0.47716519540563923
0.51474729686773768
0.48301213425448664
0.48895671941109292
0.49020042564065447
0.49619090335452554
0.50365088658879742
0.49931518031816974
0.5090326697699793
0.49273607441492495
0.50277380780270453
0.51013359307594353
0.49911218356089798
0.49226619791347204
0.51754330927086778
0.50161495625951191
0.47641859311310253
0.49514402442881805
0.49965084149148176
0.4968376623964893
0.50170096784175489
0.23218678655798758
0.26583580822103059
0.49467776952754705
0.49991494521819663
0.50279109640074049
0.49527156065904382
0.50807547816279663
0.4952270255868006
0.50297400534606629
0.49171906573859547
0.48952509934980032
0.51128746781306877
0.5048592089859244
0.49200703537057594
0.49720442423796962
0.51446539655036883
0.49801547658077977
0.5095536319410604
0.50712090267251286
0.48794458367999272
0.49226991494522576
0.49496933186399417
0.48842654956577974
0.48870416035752168
0.48509387793616798
0.48060400484540422
0.49552383252298077
0.48708597709210283
0.49745274657195565
0.50588119079932614
0.50349749626674967
0.50026232368323753
0.252543162627833
0.2457034595533947
0.4997254397254044
0.49727760178982683
0.48776302064879284
0.50404037784137024
0.49027036383858252
0.50806886053446865
0.49514826578734167
0.51143198373326282
0.51057450103681545
0.49924099601507288
0.50450545963886062
0.51301196238884361
0.48023707771481638
0.49726766029595354
0.50634576864920533
0.51065505308459147
0.50733817984182561
0.48930423055268912
0.50357646950553658
0.51486642012186745
0.50691057213783408
0.51091687327904778
0.49711913122573642
0.50995628591036768
0.49164184380781184
0.4754260065796525
0.49327827490754633
0.49664751750034358
0.48667684044129261
0.50520932728407586
0.27077306149829805
0.27341648736546181
0.49158609121129876
0.49836559648265277
0.50326449172501186
0.50198587097115677
0.48965142331651484
0.49181804168457466
0.50293094540651184
0.51447521287164499
0.4785950774186371
0.50670613553863764
0.49040045455517522
0.48522657539522202
0.49982684728442067
0.52219136179829384
0.49039539812493349
0.50745447136367128
0.48548793164779819
0.53139742462223016
0.50811277486514372
0.50732518030052831
0.50465669101842969
0.4999966012533214
0.48900145989230948
0.49828064559933938
0.49713199423806081
0.5043446771509289
0.51292820031083464
0.50098143727303024
0.50044793477074945
0.50070885656404185
0.26100578080386755
0.27211762020385516
0.48961188904794417
0.50002804897888853
0.48771787485865808
0.49540108660327664
0.4876906228718465
0.50296676497959303
0.50504943474456743
0.50116647819345861
0.47859276679175938
0.48952648696603629
0.50055845138716726
0.49221773440197597
0.49136472474408538
0.51162663248964846
0.49518459495063177
0.5177455731130155
0.51256535179219698
0.50007172561331314
0.49323179708141118
0.49256993478614952
0.51158005967699638
0.49943293078374273
0.51718366586035702
0.516441416816523
0.51461191221921221
0.48495053047767467
0.49637645671848668
0.49148560499026389
0.49234239683286934
0.50244721161341088
0.2340608677799732
0.27041161874187508
0.49617074505677489
0.50418239778781615
0.47416110999371253
0.49435399779088884
0.48237430000759074
0.51231924259659567
0.47350627121238714
0.48067969867269816
0.50271356649746446
0.49643184343231089
0.48900973776849188
0.49820437600815037
0.50543061509786336
0.50771369902613828
0.49823418987662815
0.49537792341544368
0.47928012651623864
0.49622422430407831
0.51556925093924399
0.51672391457271549
0.4967394124384672
0.52225731723933799
0.49701205306064888
0.50381845703126571
0.50217174424696109
0.50504116408506339
0.51038927090972608
0.50070562427475085
0.50519185129002375
0.51315513566121163
0.24844539653941861
0.23914066482878432
0.49232465263484865
0.52712615358730819
0.50551782629557729
0.48985038507189399
0.48090964157853272
0.49688765288678427
0.47351090859369194
0.47266543389415344
0.50797565271212042
0.50172852975554483
0.48867506259873117
0.50178715034890453
0.49746386758005712
0.50518897755673631
0.49426171073111669
0.49535250886304749
0.51811882930619257
0.49676482207190664
0.50185203259462596
0.49180011103906662
0.49049964164261861
0.50519538467579239
0.49874904788204555
0.50337080233196119
0.49455789965364128
0.49411642514654025
0.48567963513252538
0.49451010263785428
0.5090611978299141
0.52179897056780655
0.29178694917732018
0.2392526282502225
0.49479086753107721
0.48972222788634862
0.49485304804699398
0.4867264782555672
0.49675590390158375
0.48211731569283633
0.52372137131102503
0.48892329938125362
0.49632414915084594
0.50040302206089704
0.49814987692960117
0.53309481934307101
0.50154125387164095
0.51001579294130839
0.50833314645311456
0.49205767215520918
0.48804610130617987
0.50857709709640742
0.51974515120320519
0.47668649813844838
0.49439880628557303
0.50479553278854306
0.48178748737631033
0.46845235446652833
0.48341595251513575
0.48703270778814139
0.50084356010695741
0.52012875381472445
0.4972472008891603
0.514282680470728
0.24951188393838922
0.23356154003858234
0.49588020953123024
0.47180170883635875
0.50225014509955412
0.49299649694753417
0.50109712307496679
0.48937978789893005
0.50136886073026621
0.51372820094951199
0.50560364078652498
0.51049549257492544
0.49433254346097188
0.50301991711561
0.48756370316890557
0.48850810893487001
0.51073218989254421
0.49803565264609523
0.51151077266716738
0.49242014708685744
0.49517275897523932
0.49727287484052185
0.50540967782766322
0.51992136866814853
0.51372477625952684
0.48857530243059821
0.51188933034933548
0.51206815247042659
0.49385250764052935
0.50826225382189505
0.48970321226404284
0.50543296966246176
0.24093071284624418
0.25554445395699749
0.49216759060922566
0.50963597297952945
0.49880783375741816
0.50958447712921895
0.50982343200729907
0.50737294489345686
0.50233774485627125
0.51070622978039593
0.4999345168945698
0.48933802980611352
0.49411736326903583
0.50041230256297597
0.50325172020768083
0.49783537479845258
0.51157233100321253
0.48173422514165132
0.4989676868643777
0.48889640875921969
0.52330469212178687
0.51053472892314566
0.49273201471967659
0.49541719077061763
0.50243486812791338
0.5155458848961143
0.504369679950607
0.48967668761777
0.50697543288193381
0.49995653636372178
0.49448583761266951
0.48920975691890634
0.2444892954977359
0.23827041963713128
0.50267505983913063
0.49822499332430387
0.49762740691155843
0.49858654976427441
0.49229049829277288
0.50542299349967235
0.50820389181517878
0.50490829753839195
0.50540992003319962
0.49201112700969096
0.51278539869650064
0.502902779734828
0.49626564650051042
0.49966852749796181
0.49719756794268449
0.49615965652461602
0.49122827278897868
0.50251510718939829
0.50589718859010302
0.50736157220025668
0.50023439346747689
0.48639409837547354
0.52742895818940239
0.51551507325610935
0.49570059557060137
0.48971696372126755
0.50670459176913074
0.51960611866504891
0.51433881284210914
0.48572163266388607
0.25801321348127537
0.28144171694952141
0.51449792103878988
0.50985927924019581
0.48617565238244043
0.51692174810818714
0.51381134509997706
0.52049274712453719
0.49944662200042667
0.49747823306231642
0.49198240008271782
0.49900764884420429
0.50718039142289095
0.4985343643856493
0.48681236349915469
0.50966600069413415
0.49997615395789258
0.50022353008066589
0.5071321760413926
0.50141760599806062
0.5059362800043683
0.49319150346556434
0.48937879792268685
0.51881658318603685
0.51393707932381227
0.50231505643084717
0.47109856088708529
0.51178523917590046
0.49265585218084845
0.49345881748383824
0.5081461759402619
0.49221807566530357
0.29748189628298916
0.22877119696180293
0.49324669212705563
0.4978579333045024
0.4841239986954089
0.49659084794674851
0.50607779763636052
0.51636073532619275
0.49744828067940389
0.5034107562760044
0.47774892618021669
0.50294848395898539
0.50779727778295147
0.51783475193368134
0.51141153072400225
0.49409905951514871
0.49707696707959337
0.48978601099900054
0.4844748884213147
0.51159214880797599
0.53104262828224547
0.49826681553933649
0.48830311386655295
0.5073910106340036
0.4913969074831086
0.50768445589318334
0.49155790145168715
0.51392091293203845
0.51501256849886645
0.49831272125236004
0.5018212577006893
0.49008553124240439
0.24789154215922546
0.24782122728740252
0.50725624581549855
0.49879352778076486
0.50811435682620898
0.49447373940205069
0.50968662530696185
0.47739133797260924
0.49664437042184384
0.50040288216286843
0.52472856326133555
0.50525345624263585
0.50327212249817466
0.5056401473644615
0.53056853005968263
0.50179763840416158
0.50506394384403275
0.5047026563115582
0.50144841660981543
0.48914493640705436
0.49843356456813348
0.48679835825331558
0.51574870490500568
0.4971178416958994
0.48890044939404037
0.50292949208661253
0.49090962525016102
0.50585428761791451
0.4882004893244869
0.46889951184992257
0.50434986050861219
0.50036210068874587
0.24645586165835279
0.24943178224295134
0.5045653834696312
0.50193418624954078
0.51590990216564181
0.50655425997515524
0.49793208966394775
0.49441346497885957
0.49483253197930005
0.5005299366652427
0.51889997956779632
0.50430650044903158
0.48656510139255371
0.50106235097795582
0.49538756247100929
0.50493947276543993
0.49630613750243602
0.47931536546430953
0.4989460612426016
0.49767538913154313
0.49922144290869741
0.50446741389874528
0.51350059737170162
0.50863396098280911
0.5102716568514416
0.51525264942138671
0.48276262088818933
0.49483618072012647
0.49608665413957292
0.48449072373845264
0.50156655256614635
0.49561702010497449
0.21475535253176939
0.12249793185122726
0.2213414172167836
0.26666246266822347
0.25261365695651417
0.25821995252559793
0.23834135410973756
0.26289060321086727
0.24157561061034546
0.22332520835462746
0.22460937631018452
0.22814250016360982
0.25096916503009853
0.27097245741195114
0.22663599357195677
0.25020963699390658
0.24878179284136562
0.2897299688116135
0.26742280489354042
0.25579789536023162
0.26680282947448708
0.24452968616398937
0.22634621566950958
0.27133207539479803
0.22903086134476552
0.2699137217560828
0.25872016900174366
0.24648477655612555
0.31950379992524797
0.26501412558853948
0.24603044828931644
0.25597087465998808
0.11791634902930312
0.099055042918613903
0.27947474634961222
0.23823718777167477
0.24655898376558474
0.24762869300967366
0.27497704449989024
0.2450078321385121
0.2764840785025014
0.25973485196929919
0.25709910451671725
0.2328458787410424
0.23022793201163549
0.24902414280920349
0.24702327014563269
0.27619414831380934
0.27589904980128099
0.25804387712800569
0.24371324609672984
0.22353807719925811
0.23847777217544858
0.24783460467580595
0.22261461134153288
0.23364599118093266
0.25770637228142668
0.26395353261701238
0.25888463329817774
0.27171603883951539
0.26091010463804526
0.27530101492803472
0.26796450976411856
0.20865802923857521
0.1843465922564583
0.27874339416256977
0.50323509391104071
0.52537720899538065
0.50132181679842025
0.50634664980471367
0.49071761882292264
0.48392325153664978
0.52059893372344668
0.52491476890622502
0.51270365268899321
0.50197363163333941
0.50404829069576396
0.48574048728390001
0.48955652229485486
0.48949735665299943
0.4901397382631843
0.49290167376887861
0.48665535843129704
0.49468325942468883
0.4946484119947846
0.49000104882379558
0.51561973269680983
0.51225497686135724
0.50013294386274687
0.48754861360867541
0.50059870474594081
0.50481918679442883
0.51541795705085047
0.50701980660552615
0.52076632646340193
0.50198094489382972
0.22508101381155324
0.22154904956900301
0.50977999656761497
0.49337235117926426
0.49460918130118353
0.49072123809511592
0.47509976367497375
0.51081849168162019
0.51125242957172978
0.53029724591740335
0.49173734139342778
0.47836175763068567
0.50349145114271676
0.51096685221423055
0.50696143308401187
0.49460856305868944
0.48376291172229036
0.49993236862647644
0.46575174572982597
0.49445508852058789
0.49014639393497716
0.49818080589168739
0.5240072769741857
0.5013449650547227
0.50685767171918217
0.49348441849148228
0.4983534982719916
0.49467364099649175
0.50076679019683401
0.49329708118474436
0.49915443249694991
0.49867655912672126
0.2279201685735775
0.35154610287605881
0.50581197662393429
0.49919425627186109
0.49607201910293625
0.50498594813957742
0.48094825932020535
0.50793902201888463
0.50095716415298519
0.51582086695797591
0.48976220193178099
0.51301989180750496
0.48706093271798923
0.49686566193580628
0.51238736459936529
0.48427814164505428
0.49513581883074986
0.48063752591858544
0.47130513116054557
0.4964722933477379
0.52162520617896868
0.50285561281307367
0.50938500205969617
0.51486925617129908
0.50508876341150177
0.49005051417491552
0.4939150147253808
0.50588065037207564
0.50019717675872799
0.52017496811933051
0.49783432952350881
0.51317965717091929
0.26808141077311337
0.26972473325286145
0.47823685127372306
0.5060221648543215
0.48931454733831836
0.49840676517973265
0.51934694998538944
0.51146099543240142
0.49808791774438904
0.505967563089325
0.49408357787590729
0.51548675901001706
0.50234511097864354
0.49603371165282883
0.5040789771164087
0.49899593766439543
0.50800197614602771
0.50042741403579083
0.51911832436538075
0.50818606825947865
0.49179850508748596
0.49817217336949005
0.49678263216695889
0.51416712531065067
0.50008898539271041
0.48541538853821703
0.49832536596078003
0.52102518784344309
0.51716975107833529
0.51580140714000089
0.52829301820452279
0.53291701659027824
0.2298062197352583
0.27364707828534879
0.48608235262743199
0.48816788356654484
0.48568536781484339
0.48760405983454869
0.51562969032321826
0.4957927858455497
0.50193211035445362
0.49116174871646601
0.50258507163802968
0.49058796740750549
0.50467570415278584
0.51227115723939376
0.50748522767932025
0.49950647082302213
0.50255730630649931
0.48678424858737745
0.49763347709456557
0.49101716066174295
0.48205206546177648
0.49854908612183785
0.51575257635080674
0.49020839766352164
0.47405655499725935
0.5031108704163082
0.49784728995630456
0.48667930231456419
0.48934465167198093
0.51126734734358092
0.50059991001239046
0.4863350713012291
0.27298705891016534
0.27587948519809025
0.4873104571390216
0.50157983842482168
0.5152980169076874
0.48012765178748135
0.51762942600390605
0.50408813543448283
0.49076963836875909
0.50620197735713623
0.50813687936686558
0.49302310901147373
0.50463283377940693
0.51750563014050388
0.49478615910070661
0.49981411123722624
0.50780127777182993
0.49866996313003359
0.50308794917412036
0.49628641171475529
0.49536947209199178
0.50285960672926844
0.5216544996719451
0.4848364133069874
0.49645249502717731
0.50773714201414566
0.50165365611574153
0.50857853643934514
0.48114171514549031
0.49888764940248703
0.49818188012441278
0.50794546495149284
0.24916909178699451
0.27243158380985971
0.49124089024254802
0.50309047437823784
0.49612764370599094
0.5078439473425469
0.48824577797293878
0.51082144940499974
0.52104773478604616
0.50414878332529245
0.50530878061011797
0.48934988664779611
0.49622686278679734
0.50783130757735495
0.50943950712441277
0.49474522714810049
0.50238983675866566
0.51293225869722481
0.51071629110518268
0.52516419081733601
0.48333167640615504
0.50865398939460815
0.49700858600148573
0.51527799773134919
0.49802601098157701
0.49379902421288185
0.5198707963542033
0.5145164500977315
0.47544111463664596
0.50426919116766999
0.49608028138044297
0.49058089840135199
0.27070390718088755
0.24434684702877946
0.49611976326259399
0.50964325492978935
0.50285336404466574
0.48147439265600145
0.47825276776875369
0.49615473811926075
0.5056792458852355
0.49793901726928175
0.50059238500619829
0.502222891373723
0.50548162930659757
0.50425381606346253
0.51045415518930337
0.50494839576821848
0.49280690859726639
0.49132184063714524
0.51837597946104097
0.49646030240688005
0.51381624303031603
0.50240202884277918
0.49671880970818999
0.50720799926096316
0.51398086426188327
0.49996477307728804
0.51803206895596798
0.49134200686625745
0.50819078575639309
0.50120331082349989
0.5053122382274966
0.48692628402918808
0.26572828976639579
0.24757600448632291
0.49556427482234627
0.48873565622870574
0.50174141119787175
0.52324620732254179
0.48229060301181698
0.49589218369649374
0.48595197365223042
0.49983525154535036
0.50513596727499421
0.51244765027033401
0.49523879416015448
0.52031310579426637
0.51284297380296007
0.51938123790470669
0.49726754283515795
0.4950655224763027
0.51154961781554376
0.49598347588456049
0.49424212246323657
0.49682611045980457
0.51117032124176331
0.51024092203314697
0.50161832826036445
0.50562304246790613
0.50815410542455552
0.47821953966416642
0.49035438652379842
0.52739311822504276
0.4969315373260928
0.48227267165387999
0.30173624673539101
0.27489446944602464
0.50282200568014324
0.52016318523069394
0.48978912928842405
0.49963804694695912
0.49706553699994105
0.49354901740011525
0.49974677922165339
0.49681600387688574
0.49184445963406725
0.51045313944069493
0.49172939242984831
0.51383556901856386
0.50000688418213168
0.51650854971627036
0.51956200665159868
0.49530672344205862
0.50576595311791306
0.50283124101108589
0.48639682636538911
0.5195282121887056
0.51456793998590933
0.51781720366621431
0.49756184085151667
0.49417250164092053
0.4666358016734069
0.49708547097781342
0.4965277513785597
0.51412494484164639
0.51554270683467329
0.50702989418830136
0.25246110820866419
0.28705939362879046
0.49168400972740789
0.52446024125191637
0.49370368412310178
0.49062760264235172
0.50307885235275418
0.48364146603075714
0.50333479450864405
0.50015682997103794
0.50563571672711771
0.4943197897576157
0.49375887837312005
0.50904120695566124
0.4788926580990856
0.50479312513972352
0.49007022733719802
0.49986020829111139
0.52418857729206447
0.52193738274542067
0.49008940655728489
0.50211551787378983
0.48876226208771201
0.5077926876072415
0.48246118651845699
0.50219987363407759
0.49129672494890153
0.49881367238208479
0.50139195721424745
0.49842617043337795
0.49276210313815472
0.49022824035240803
0.25489823708374093
0.25686834409162879
0.50615624686797445
0.50573332958012196
0.5061860695144681
0.52158564350349912
0.49924608941465454
0.50220104742200866
0.51314666814448084
0.50698814905938006
0.51232413812816646
0.51222424865420135
0.51395551198448153
0.49734134020977439
0.50413714088367245
0.50029928935162771
0.50587119565877958
0.50913890193338063
0.49996411645681643
0.48954749677220905
0.51460413909662628
0.50323131218404271
0.46818892725749828
0.47878856725873792
0.5011768822233692
0.49278400977021325
0.49080057652479436
0.50973622754577663
0.49151657414429445
0.50080422840459393
0.4922205929630496
0.49113883991195295
0.34319749432283581
0.26460777301271288
0.5039341996552793
0.49779989942204583
0.47763084564973735
0.52324716913943414
0.53297711923365865
0.50616019285384262
0.49668674428436821
0.50518396718690395
0.50643567903964415
0.49962797931788305
0.51641285141329463
0.51817738569372973
0.50010501317197131
0.5138002663615624
0.51320101159209697
0.49838843070010996
0.50254742836745969
0.51576226280518922
0.49519600468942254
0.50888914071715352
0.49570876413876014
0.49444494872011446
0.50608045462680118
0.47659281325214936
0.48168871961770743
0.48560585836866565
0.48330722846728269
0.49324035293536445
0.50085679292502872
0.50035300417544015
0.26579797133803723
0.26989109796614802
0.49841348773344807
0.51130702660019978
0.52477252379878314
0.49560510110997452
0.48979173908070139
0.49766637665402569
0.47757702079881442
0.4815953092354282
0.47566494178100249
0.50167451718964207
0.49350759350224188
0.51675922493679805
0.50096706310732597
0.49629090752305244
0.49808722799065946
0.52761138262100904
0.50169006660523729
0.5058679081334938
0.49209879398631856
0.50287382118237656
0.49877812936999166
0.49862823825397345
0.49637329916754747
0.48301084416898332
0.49146451125677554
0.48546205351479554
0.49665365700698111
0.48942984111911481
0.49016953642347066
0.50368592271076595
0.26459317295062351
0.26512096436073518
0.50548591138142984
0.48943148782011847
0.4842359572118341
0.49531876113663131
0.50474199851394619
0.49531799744582089
0.47835687123074455
0.49836754148631673
0.49689331304996504
0.49910720023285088
0.48051063550493489
0.50339411076806773
0.49878033291642987
0.48349166935448173
0.52706703811492894
0.50514378138871796
0.51618710812912449
0.50759359263237946
0.50484036579774838
0.49952638373546426
0.50172218986878092
0.48512485586659654
0.50636045139046915
0.47618926833813252
0.47998298548618995
0.50536807178416909
0.51050762073837508
0.49756632231913261
0.49360722594955425
0.50637827641255673
0.21764092247051925
0.22667499580699743
0.48411660332997203
0.48662219722190886
0.47728165397574762
0.5016318330865509
0.49850592743570871
0.50961386799568398
0.51445727056793322
0.52172427858511439
0.50387829448019605
0.48627156600726251
0.50062341020352119
0.50837486517132058
0.4925250466805608
0.50087804705076611
0.49808789003108606
0.49160427057017869
0.51460778178787203
0.50414798881261325
0.49671763674590419
0.48782254288456822
0.50395466840116487
0.4904948277589315
0.51505193908154256
0.50083790929905725
0.4919662241279022
0.50811318534687777
0.49479013539161193
0.47439457172380101
0.48854186900639568
0.51235364121615845
0.25719893781052411
0.25608509995809819
0.4972247195290761
0.50114551864390566
0.50040127543000334
0.51381856260869951
0.50046476936788364
0.5137894835962119
0.49066711111543843
0.493627463404188
0.48958930655818467
0.51273842699465211
0.51906624058249251
0.49119679565176155
0.49709399965430839
0.4964880174457143
0.49923550770444813
0.48399875896899208
0.51576601556869439
0.50263133171534058
0.53150428843934938
0.49744926554966556
0.49634409011863589
0.49891365845032903
0.49945858134164717
0.50966011659533683
0.49498576869745931
0.50450800543868102
0.509329092040815
0.50158351159505188
0.50028332642157169
0.50845322266093074
0.23086166511280323
0.24938631053133836
0.49152109663630861
0.50752210468220671
0.49502077844049219
0.49943498096605715
0.50637086690443189
0.49354419532883437
0.49340825423722751
0.50719945367182462
0.49916356091409331
0.48460285421427174
0.50420475782324681
0.50165399587410542
0.50150315363915487
0.51352541911989835
0.48892047676364714
0.46618888843893269
0.49150326331021865
0.50816547195249351
0.50220939490701111
0.49208138988923905
0.51706911952999024
0.5023513822514728
0.49773084985246474
0.50770199618895606
0.48112858230067812
0.50667809143482301
0.49444465168606777
0.4962678533154346
0.49337941148313974
0.49945919655282206
0.22813654239916437
0.27582008132129093
0.51638384896237488
0.50867405894678053
0.50868069263868287
0.49715512853486477
0.51419820551452577
0.51216960525652566
0.50354380643587049
0.4910727613947371
0.49396957277607534
0.4979299638717179
0.50665374039837341
0.48808608289211086
0.51190229817402522
0.51834114843266132
0.50895752902883407
0.51322738826217862
0.47141604813215793
0.49462973385642617
0.49744474655282872
0.4857597841695282
0.49535807357662143
0.50717207090447991
0.5054762391262424
0.51454880093887356
0.5021417872865489
0.5100368090889672
0.48590773114705166
0.50683595807136106
0.49814135468336135
0.4810951877767759
0.24552949550898245
0.25242587702594854
0.49262268742823545
0.50545790518365818
0.49641656256044087
0.51929345568612428
0.51276000956556622
0.49926019935372151
0.50255795031589201
0.49054398428997104
0.49458817817781769
0.48826204023883774
0.50165129158917821
0.49535147882378006
0.49511005955437221
0.51479871277647304
0.48215361379839483
0.46403673396480888
0.50354094506687486
0.49196413446838277
0.48734083075233886
0.48520320765931674
0.50211368411738788
0.49712610712848471
0.49011988769778708
0.50990917303205152
0.50571776617597397
0.48880626924613818
0.49302846989788296
0.4728233325026393
0.49247404120713062
0.4957760620759864
0.23901908337060007
0.25152513713090646
0.50440573532975008
0.48658892578147495
0.49403358092595656
0.49030813216328956
0.50313549796978174
0.48613900339463489
0.52035964645111599
0.51172065219218077
0.48681734499722745
0.493670853483411
0.48273966089201881
0.50801297666159162
0.48142451990930507
0.49879863875681107
0.49483647190538216
0.50100436952338523
0.48923726450280774
0.50251635424197783
0.51075387038232301
0.49640606562976974
0.50638518082800665
0.5046119742195383
0.49378741031342505
0.49423352199231002
0.50200848040399415
0.48202575482290005
0.49798807390853866
0.49067264548565248
0.49984661661775937
0.51557867436735461
0.23611874809077454
0.21230378140778625
0.52517825242906901
0.49828656694545714
0.52752993807129911
0.49382692956862889
0.49832440621903396
0.46930495283645696
0.49246044084566776
0.51708778565001501
0.48849354942069023
0.51958325623651969
0.49463539229297127
0.49920792700904248
0.48759603103893029
0.48772792528524833
0.48674934573387785
0.52351421109691498
0.4937101831935693
0.48626963072239776
0.5128611551369584
0.50166262246854254
0.51782560149853651
0.49859851699452451
0.48035434684188816
0.49711588575765098
0.50065721536036889
0.48282301849845743
0.50726118030718959
0.51644174169505619
0.49824955849718638
0.52694882221217199
0.25567879417358613
0.26005215278638527
0.5187706766651663
0.49689926377758625
0.48600457455094304
0.48665173118110117
0.50389379021350433
0.4872292299997863
0.50056939099239661
0.49099023586593338
0.47924031761153107
0.50515120584499273
0.51024953584483934
0.50992069922483707
0.51171499965964107
0.51829259302557351
0.50460110579264683
0.51788877588165372
0.52013733521702787
0.49098718263118302
0.50194021091240959
0.50472329058531429
0.48789187889931751
0.49421747925385046
0.49474958142496966
0.49698178586836245
0.4949438471428696
0.51609287111047186
0.48978099663219399
0.51143023011660993
0.50955687262616334
0.51055331156563033
0.23054785623060975
0.22365118205867485
0.48447921077087208
0.49558346889522564
0.50436433686924476
0.48666074358198491
0.49940819228242589
0.4924659121022924
0.50142187503448477
0.51681436715775131
0.47811151967777671
0.50320037111721028
0.50391264462634566
0.49712602709811138
0.51032993356130507
0.52153754035400746
0.49511661921871425
0.47855059593378185
0.49663625242814424
0.49642539146722753
0.49965167842762898
0.5171344385100235
0.5189528733462806
0.50102449945836591
0.51683562799696847
0.49521665909477386
0.50436272632994961
0.51687148425643281
0.48085153803526659
0.50165478468247582
0.5021063226668554
0.51971781545068418
0.25867954815246857
0.22404468767009111
0.49254952970995552
0.51904125629965436
0.5076303657677439
0.5104909050820815
0.49905363682103265
0.49836288481425278
0.51072010612526153
0.50179855981050303
0.51624580004840248
0.49451725953863823
0.50445958208594299
0.50252586372454566
0.50235818331171977
0.51202648655383609
0.50873373093071461
0.51764594698054034
0.49196289720503211
0.50785710850434973
0.50429006725169645
0.50722205212190918
0.51473021305631039
0.50435126751830628
0.49534571482617012
0.51127667113738173
0.48878774334110331
0.5014352152585011
0.507729419622169
0.48363933326172026
0.49131780100432648
0.5028847167043009
0.22812186455057246
0.23880662401908662
0.50072041165071046
0.52133181585686761
0.4890209542473955
0.50279411723107803
0.51364640793871297
0.50420890120558137
0.49380487949354135
0.49483088351032051
0.49275643800986552
0.50512474355737425
0.5006351992112098
0.49547908005200708
0.49823533484770577
0.50936514117731879
0.48933790660612436
0.50792288675800124
0.50522707700357605
0.50628286661931721
0.51191311790561667
0.50708186242583209
0.48947919299508363
0.50708658943161022
0.50502737538542619
0.4971695062020165
0.47493009948032544
0.49656085874053796
0.50513199317713997
0.50472976399295832
0.49537659093521635
0.49430395902342256
0.24382840061384983
0.24265931954235698
0.5010197436525976
0.50510987604469249
0.49876544323665856
0.507251141196286
0.49621644579993041
0.50116033046807862
0.49407267807129207
0.5024154532196089
0.51304718532571947
0.50364473279693589
0.49774513559561961
0.5031262182686248
0.48972708747343618
0.49328828233731631
0.48907959222889669
0.47575674133644924
0.50021942059289881
0.50302717797023333
0.52101949693498018
0.49779125397902696
0.48565100556894525
0.4908649527541693
0.5012159625545729
0.49817542792882347
0.50311073962710084
0.5151914067243748
0.49357330305805341
0.50501817188718789
0.47634548559693662
0.47546104617209267
0.24824943527393886
0.25835064355837783
0.48768238307337031
0.47651210049064219
0.50497718956620263
0.52034145450654579
0.49370438360169494
0.49414658125114364
0.49720442640671053
0.51238026320982344
0.51013523842870578
0.5331182422529781
0.49754232491107248
0.51258895047370412
0.50041773308435844
0.49983163973464417
0.50750648524341657
0.49791835093025993
0.50550884714436906
0.49975273766931116
0.49179789104137056
0.48590759847480058
0.50899767370609572
0.5055042371330426
0.47622643640694606
0.49984494823964731
0.49662920730335419
0.49703561457006668
0.50396095107690675
0.48572689085545634
0.48758376607901777
0.49240392768822377
0.24132351316163589
0.22639112881992635
0.50240903072121523
0.50059191779118983
0.50512639933197823
0.49741190849427502
0.49842964211583801
0.50004879334765917
0.49732682636996384
0.52153391983785624
0.51637853005486345
0.52103468957139965
0.5102178816364058
0.49329839148141302
0.49943602550781208
0.5102215358256359
0.50290015957411027
0.49795417133895509
0.49143083902696194
0.50874316740816194
0.50570327315970331
0.49226633093434441
0.5142444890908261
0.51285765632181712
0.50955497105616676
0.4974174891004739
0.49470190537345837
0.50255053671534045
0.5002568143579581
0.50353842783750025
0.50531044159690153
0.508692452342137
0.26784426786311505
0.27175869893036858
0.49047177148415966
0.50563291043212288
0.51786252159420298
0.50661787437703032
0.50378428973033529
0.49729480063404286
0.48919750443751897
0.48713497514878229
0.50009919012341131
0.50182298397848346
0.52411934889125611
0.49338008847829207
0.50602071228786194
0.51593681583516082
0.47365350059475297
0.48904018110525477
0.4996852963759148
0.5276334679067457
0.50951906770996325
0.52022392216081259
0.51200176065857173
0.49528866265049237
0.50435000027828525
0.50750344339063147
0.48852559680834168
0.50240067539362221
0.48814943951597389
0.49816525649393184
0.48171078709111326
0.50589915414201247
0.25272002899596152
0.11034691513937914
0.25295216797003395
0.25972524990837753
0.26800357463914765
0.27244795304017611
0.22300560711522205
0.23164483866576888
0.24358139647554494
0.23554428623468335
0.23547044907356021
0.23251386545397135
0.24495917963258299
0.2541698688378321
0.24490466792254661
0.24261849303127303
0.24370274993317992
0.26311696064594875
0.26047579191081499
0.22718852661174865
0.2891844680650093
0.20722605062673327
0.24987536739694613
0.23286295273131316
0.24065280846489731
0.23959924205265942
0.2119342432374744
0.24706096748536444
0.2596489777737388
0.24245783858996928
0.27579138744749288
0.27603987537538138
0.10286895765497177
0.13138504733277523
0.25695309043243325
0.26795365583805841
0.24512600265167667
0.26037388350193919
0.22628413061099845
0.26566178130267432
0.26336593828754812
0.24496671218910007
0.2444957297624562
0.22861830552239235
0.25855500052486169
0.27701085227764999
0.28602785681520498
0.24446524216560545
0.22301349248398467
0.28668061994260952
0.25170837340142577
0.23526390483973067
0.24946930551715668
0.26308618782745019
0.26632691642866796
0.22999205547482326
0.28732221895699445
0.23118263785849708
0.27929126770201784
0.28308563652980423
0.23620414804531675
0.25958466317478313
0.2365485481917956
0.23371061221843686
0.14164062932775706
0.23192647931883151
0.49689736727439321
0.49873287730522009
0.49928713820052001
0.52358727572184804
0.49486792623917841
0.48369830536974795
0.50386065044922412
0.51668197228324586
0.50309641084454382
0.4978240643635245
0.50703095224761252
0.50794670492551997
0.50503481925287386
0.50088155360551068
0.4685961693789919
0.48750405569235528
0.49802004745337225
0.4949521575868856
0.50069746294944406
0.48878581396451476
0.50396592996537293
0.52339698641203125
0.50892001508579299
0.50777213752605621
0.50097616578948312
0.50662820267869468
0.51269202788051693
0.50140942859979709
0.49855772168619561
0.47854176248272445
0.31620625770073835
0.24928765549959572
0.50386781668466196
0.50136158119167473
0.50363679626019486
0.50129960771735271
0.50213842187514524
0.51664180829657058
0.49356052366798459
0.4935947456804457
0.4912306456436728
0.49009398316145825
0.49514166989657937
0.50569578292408057
0.50805538526512162
0.49112555524636076
0.47364246729706772
0.50735907066603914
0.49666148299251817
0.48703414607948703
0.48636873926497409
0.50400864040165683
0.52399468312802788
0.49131038150082518
0.48422898203952153
0.49991606758035168
0.49632116128863119
0.49603636607756435
0.50236526590363073
0.48260807910490289
0.49540980841218318
0.47815808556722655
0.22967939370793572
0.35753681628942163
0.49840210137815028
0.488386563581927
0.49618255427640379
0.50472847521883013
0.48511656992850949
0.50895306472912061
0.49027118644842271
0.48986744275739297
0.48253949212783864
0.50190786426521694
0.5188639518002669
0.50981644018700334
0.49165880017622554
0.50311697205062711
0.50854766918280703
0.51226024950151039
0.50702288253234973
0.49793742547865971
0.50676232305642466
0.50348897251513858
0.49730615057395022
0.49890447270009619
0.49278297710606433
0.50173526407690183
0.50525148186384861
0.51086728763656197
0.51148988438105081
0.50866205174429691
0.51432221081720253
0.51658872746336848
0.244934099284392
0.2614955772314585
0.47782862430403095
0.49480298767936515
0.47795380217981048
0.49837663164010332
0.49800258324021512
0.51732241176310956
0.50387144342948798
0.50486432594251807
0.4968658740252529
0.49529961241394355
0.50324408771325335
0.49654301666942741
0.49519661277157023
0.48809359961874449
0.49554575720299798
0.49089053483461687
0.50937836199840514
0.5044909305212788
0.50721254851364572
0.50201036591541559
0.5016300967768943
0.50144808768375515
0.50237978854607224
0.50924393678430291
0.50492865844877677
0.51868726148017996
0.49415650413928291
0.49463232631765186
0.51668954528286803
0.50672368738332085
0.23002856797847626
0.29833490846642341
0.5111525330248804
0.4787083436180995
0.49812760905209547
0.48021787784061587
0.50580435730164308
0.49085177640462258
0.50681176847772924
0.49631682169470898
0.48458359793102534
0.50278188194327844
0.51242471900206576
0.50733245291535412
0.48809066393543532
0.49822139752601641
0.49369327648406075
0.49718508422980873
0.49826492440182668
0.50416832538640999
0.50292687882442377
0.4935611717886953
0.51906121158105578
0.48782502308564757
0.50691808006124484
0.51784377373924484
0.50163571938169038
0.50932753297422362
0.49991926879877718
0.49211295501008018
0.48794361177474366
0.492135493310835
0.23742458835779182
0.22322824529654711
0.50195752015685735
0.51834447135292061
0.48623228928269957
0.51110135199899542
0.51381357751586598
0.50854194841969569
0.49304032943818371
0.50383864222478347
0.49790884660191354
0.51719609268460343
0.49510855329579834
0.49539669761537997
0.50167189281556657
0.51165725426775932
0.52344504851773899
0.48516439030019393
0.49658373267153133
0.50488307268459998
0.47983373860739564
0.48754547924829678
0.50509479755273734
0.50601252549999753
0.49224252504483118
0.49242298477724955
0.49472249210091546
0.51721868247498792
0.49350326836884617
0.47931198542345477
0.47891653377094534
0.50094130113232394
0.24070067802627398
0.2115380860540825
0.4786568208017381
0.50007758474882302
0.47859634705571003
0.48828908470151489
0.50095736729147566
0.49338457193343938
0.48899890379124938
0.47769395970113676
0.49542577246656977
0.50484193577583736
0.50789634131199057
0.49686723231770474
0.47272813596567143
0.50574340148657937
0.51026295956301293
0.50220020871744864
0.49007431861728989
0.494701531001562
0.50739798842299744
0.5051115433646679
0.49641614261187245
0.48841812829490355
0.50590662511053508
0.48977059141173135
0.4990755464879752
0.5122272502409555
0.50759770347462863
0.50879883788174263
0.50453283267818683
0.50603775178976218
0.24767838375334936
0.2376725642991063
0.4942029803218837
0.49851976219865751
0.51523035156654939
0.48623688255935332
0.47743906890849075
0.49289314059985428
0.50078792830366969
0.48534694430360137
0.49015559797972569
0.49368753413125693
0.50125624551681391
0.50236000075626031
0.48423572467687553
0.52093058573878692
0.51616788473598141
0.50079489773698571
0.49324408998060992
0.49098303179664438
0.50555560814147849
0.49934901387162439
0.49318139428991897
0.49590336741571867
0.50499210472765133
0.49399083419614803
0.49607690427816376
0.48740252783835675
0.50770504612209122
0.49827115351633694
0.48663855981686949
0.51612827250492543
0.24556201661730287
0.24778838338180123
0.50333594326622422
0.50253187107963893
0.50091290590376358
0.5031568966163793
0.5017934096327783
0.50973485804816665
0.49274591709748528
0.50726192755862964
0.4970325778156845
0.50290335725756652
0.51378008258826269
0.48864278509602826
0.49990606426744261
0.50735759369792577
0.49409483590252234
0.49739135007194518
0.48659701948226475
0.48377624520496321
0.48863100347447824
0.50919773349866404
0.50874013767891213
0.51599909383690734
0.52067313132665849
0.49040259863029445
0.51523053122017337
0.50362723492370343
0.51442520998110297
0.50234312793192026
0.50062046289097206
0.50059842679447963
0.23362743974043529
0.24969737879101686
0.49746326783801309
0.48081604468842359
0.49318610454269751
0.49256347210846246
0.49460335369530717
0.50292573270295149
0.48672240991488142
0.50026887753918825
0.5023472342519788
0.50460730442888746
0.5025767721679647
0.50004245347284959
0.50241931978618593
0.50012204784255521
0.50421045608005932
0.5027545167971319
0.48849878012741355
0.49258535559967764
0.48177837078113395
0.51525852447266796
0.50046466260514788
0.49393145297241081
0.49437609291174034
0.50171400749396888
0.49971875944207067
0.48404595917090998
0.50496428176672248
0.5050253599560951
0.50224584183228593
0.49258622211048408
0.25294457720821195
0.24980316947974365
0.49907490311106106
0.48813719333129113
0.51299723725105717
0.49743687729868535
0.51081954304379518
0.50866211705310282
0.50339816773384538
0.49845635299056795
0.49678631513424043
0.52355174607177313
0.48086051180404332
0.49515558880877492
0.50040060687220189
0.50536286668671448
0.49685357518627321
0.51561085122041395
0.50737712720911132
0.49597046733010547
0.48575695879293779
0.5180976286243274
0.49323823399204314
0.4863903537843916
0.51193874017728624
0.50650732035516566
0.50379318187124422
0.49754395350314223
0.50069770686826265
0.49879769365249643
0.49959280319418903
0.52139792410474439
0.2145702158522183
0.23861181246442797
0.508623808602918
0.51089522814157484
0.50928335974990524
0.48542241720228896
0.49796276426786296
0.48718980959527541
0.49521893608676326
0.50338909432687684
0.52450097697537768
0.50509935884372503
0.51098469132887769
0.49848653161200579
0.50035481851538988
0.50905248160934069
0.49315964722168049
0.50836934531752831
0.52110267011934275
0.49019704327446878
0.4891817743022524
0.49265062393628811
0.48264001037699217
0.47856155800593753
0.49383593860034386
0.50207692056630759
0.50091937317263591
0.49337273306397084
0.48611827675577851
0.50206119317382614
0.5022743189222133
0.50675828302276049
0.22079314775244521
0.23721276111764478
0.49469458160196988
0.51414184331934054
0.4884491041355179
0.50468115356882337
0.50632073011499601
0.50425148270256359
0.49730655608408519
0.50079943013303918
0.51089870275507443
0.50131558731851666
0.50085402491992992
0.48274595784250873
0.50517226433413143
0.49051208037096622
0.4881040466558475
0.49239987947380348
0.50446152805905009
0.49855536823306762
0.46977135999515923
0.50701350095160491
0.49379185356163019
0.50429430937883213
0.501334731843873
0.50288879368268102
0.49364391155925658
0.48697259613549648
0.50106963898625767
0.5049232483028081
0.50449794221514377
0.51411388268385738
0.25693526137819739
0.2808501458054799
0.48455877348810966
0.49210462377839814
0.49566192813423354
0.49794749178206282
0.49967149258928562
0.50579307222976766
0.50794078109141594
0.48536382412791051
0.49127429056267435
0.49742453619566313
0.4840285710890046
0.50178782404582267
0.51333164108208817
0.49447031982568102
0.49177645048893659
0.50708695997724118
0.50937697245963764
0.50987141878243014
0.51428040685567211
0.51322217863206809
0.49603540071148922
0.49478826884623373
0.49652985289780888
0.51544444038538195
0.50835595025484626
0.48401386419618614
0.53348290723153424
0.49741203463418654
0.49305022731655362
0.48553547665791102
0.24560092852809098
0.24311274345495421
0.50529808575322099
0.49711145681242119
0.48738199365366236
0.49335930198003147
0.50117184738243981
0.51181734996976835
0.48653129053519772
0.51024960301337297
0.50150834740179451
0.53508348695614882
0.50824680529158239
0.4953579408961864
0.50455500807590836
0.51128677663861433
0.50104946866901867
0.49613313209330973
0.50138352317961077
0.51191652875911031
0.48688253089675732
0.49108734203977134
0.4924414279218321
0.51440309982456622
0.50921682018209879
0.48724894662589741
0.48385191064955974
0.51340155332446813
0.52299851215886817
0.50278834092885061
0.49542763827451808
0.50590024263082989
0.26189102210050852
0.23495330903468997
0.49244056792229862
0.50516884784662064
0.50332575130897139
0.49662717927204308
0.50425929007597547
0.5113300985613376
0.48644639279050628
0.50744013859173909
0.47620200246919958
0.4962961722935722
0.50181809682556722
0.4863210894937301
0.5111221200295325
0.5036630551354262
0.48722322619592912
0.50011860044750356
0.52450357716516394
0.47728544872720624
0.49286668060010119
0.50535875716355705
0.49184213299924412
0.48492744969175067
0.51456913308762031
0.50194923468238528
0.49113768922412643
0.51372626148375977
0.50268759668513263
0.47062078232211618
0.50525073791846653
0.5010820595130876
0.23037404546051557
0.29158633913717141
0.49944666192471154
0.48019501183713575
0.48835188380185168
0.49620339682245923
0.49598008792346532
0.50401949156998271
0.5037821219564188
0.49694546325149402
0.49651177009323966
0.49417950439574837
0.48896019930974494
0.48027511166411491
0.48866808758257224
0.49889683711207744
0.48712822217092328
0.49283576784677696
0.50357477165405851
0.52400559982489681
0.50907882900978663
0.49114577816226274
0.503173985185284
0.51034490026557955
0.51454940632800295
0.50800820529266533
0.49710053461358494
0.51715561363648788
0.49588504672058659
0.49642016790122068
0.5159355101355988
0.51330452366479451
0.24762656844884059
0.24424064671137258
0.49869553126116567
0.48005786827242497
0.49730660803980736
0.52876403638535552
0.5173200393354378
0.49216471394292705
0.50290796982709929
0.49834013321233489
0.49238091005153162
0.50756900433060315
0.49042948101011202
0.49546940250067728
0.5113311414987991
0.51575319562355548
0.51513702291288843
0.48771709541906577
0.4983806701928154
0.51708769424155676
0.504740049496467
0.49482305226325013
0.5170896025427798
0.48288773289857689
0.48118736049576527
0.49890265608077933
0.49583707147358819
0.51523681099277108
0.49419871443069269
0.49900109472907944
0.51370745312085619
0.51654039651049244
0.23346707722119867
0.24952868561043134
0.50181591106559775
0.48587182117366279
0.50471729658918962
0.5041649639467447
0.50858716484063982
0.50577880444662981
0.49452765228589324
0.49984803882454931
0.51519205090692533
0.4984181602891733
0.48583639380126947
0.48316872015547774
0.51435902417936685
0.50073104842096228
0.4960969051050938
0.49499830378223658
0.48236702404443516
0.49704066917873951
0.4895306445698881
0.48692919078275076
0.5028148385907123
0.49473505275618068
0.51049287997349735
0.48640543479523918
0.49523392036777764
0.50424400306215889
0.50085194047080894
0.47868935612235486
0.50702973814872454
0.5035123178160118
0.25576888336877773
0.23541870412539898
0.48223889548296711
0.49073000744402839
0.51599979192471146
0.51394977578667012
0.50593279107834455
0.51084874510854383
0.50360506486722167
0.50927756726398699
0.49165600979918433
0.49268090368489414
0.48678459227483734
0.51402611170755086
0.50909695973577618
0.49292791402975467
0.50010133949753088
0.49096734365906264
0.51013395160870678
0.49780613362084852
0.49570445631046722
0.49998899215559967
0.4858203838512225
0.47765854420779469
0.5062501583637411
0.49845358721845268
0.49332654284163802
0.49135366577595735
0.49157928093860381
0.49854248873772294
0.48800632181900733
0.4831840080700387
0.25197077773158166
0.25830385165268149
0.49146919896447744
0.4965859186277774
0.50255006529401769
0.49987672454330251
0.53060700481593237
0.51871907315863819
0.49037348244415579
0.52447054125299231
0.49629535144897086
0.51684404352738611
0.49318381200165701
0.48633991460389664
0.50710853373304166
0.48991762182884768
0.50412363798878146
0.50839860138737891
0.48734660895479454
0.49532223928224095
0.49961461785606814
0.48429102266351537
0.50104212527787328
0.51244926115493816
0.50099402062126186
0.50504788197812978
0.4918971322244165
0.50443803861571557
0.49092382979615434
0.50975876100190631
0.4995406067666151
0.51695320332342565
0.22240163977744967
0.27736270394471668
0.4878311144928274
0.49795843204511114
0.51277496060649563
0.5073655102235165
0.49210175777519116
0.50435834813072156
0.50200381791002768
0.49348653499609807
0.50090617764904088
0.5040444041444494
0.49254228287328478
0.49042348547957948
0.50131574353815322
0.5234594736304673
0.50391783042826244
0.51242049311222682
0.4871039650692644
0.51460362339936783
0.49191158723491313
0.50050453485517488
0.49170104788907476
0.49873812402882561
0.49639978685351699
0.50126473600125465
0.50324448558742541
0.49829987128499914
0.46767947704660551
0.50875202498918137
0.49343829143314843
0.50436372541600971
0.28560359786918599
0.26135412517627182
0.49403157477280035
0.49382486475724996
0.49753457541776658
0.49830159186667139
0.49638322809158431
0.51070310435495958
0.49654665290708749
0.48907034059158561
0.50669067091069964
0.51029100881974754
0.49662424341925204
0.49120022890363657
0.51744521793758469
0.50099733630528109
0.50278463009547203
0.51155833098473014
0.49651982362559005
0.49634778656562428
0.49180722155814138
0.48207128123617959
0.49548122435948394
0.48788348106797552
0.49738614350867366
0.49414222834531463
0.49811990618995799
0.49975702128460014
0.4905256448431069
0.516578957135022
0.49941244923771705
0.52378035676429702
0.24442032090586174
0.26988543696789213
0.50290276646595722
0.48925536841900313
0.50456593642190994
0.49734550227345092
0.50438996989485674
0.48837633637119154
0.48784184144754472
0.4897821975295259
0.49451320047069941
0.49107240716750761
0.48638073247632768
0.50050699898346562
0.49501901126293085
0.51763336393403525
0.49970067025515297
0.48494483063160304
0.50120383258187828
0.48433546304169223
0.50442371431841326
0.4919056862398517
0.5051095469249639
0.50320541927901219
0.52533202556933767
0.50879748934687785
0.49884175063056424
0.50206793239737313
0.49959416542008356
0.51254071002178636
0.50251862860000363
0.50144780224701102
0.25226451166133695
0.23119057799266846
0.4872138042654397
0.51207665443659656
0.51052688605909435
0.49667939850153248
0.47805405990229849
0.51834914122343068
0.50954402300896118
0.50587818007069885
0.49090234210401579
0.50689578408073654
0.49614028600203192
0.48163846841569241
0.49024323924085661
0.47973408032880899
0.49434972243907366
0.50147776579732561
0.50166739187795295
0.49565993901380351
0.50830614136675079
0.50273926925530976
0.49605121354599624
0.50854237043771766
0.50549027916361267
0.49029667570305563
0.50439881973740097
0.50546154075927019
0.4963952776774348
0.49996069876699895
0.51544127293799546
0.50799428995124341
0.24236502661058748
0.29373233307901814
0.47552928184355409
0.51189868849443276
0.48014483525911228
0.48692140579970594
0.4811086174728228
0.49936060320806258
0.51789847753333929
0.49993761757356753
0.5044159874710552
0.48149441236325902
0.48684817023537041
0.50538737834412151
0.48035527511815884
0.50240272677148701
0.5047846029033578
0.50669256439340016
0.50901856242993937
0.48093687496856113
0.49042100185582777
0.49095014508595591
0.49801634593439686
0.51440813160656762
0.52045115448963242
0.5026925152964099
0.48939861168344073
0.49550900505361262
0.50938889840348478
0.48456432428069018
0.49644483867543698
0.50711770027096259
0.27383741045797033
0.27349996500847923
0.48763959367463744
0.51364069809171564
0.47752327926178495
0.4766719394060922
0.48200774654517875
0.49125976731636523
0.51643557792857209
0.49953261308687863
0.51074054516824652
0.49749361614511817
0.49287552703135873
0.49474268447460618
0.50311273538299783
0.48360521398038853
0.49975785766149827
0.50809154701691861
0.49351398666420271
0.49674867966442982
0.5006655802791562
0.50887824547778004
0.50898533687359682
0.50769739014717064
0.49214993481674463
0.49644515255619492
0.51190003796381078
0.50375391877596953
0.52104284157227776
0.49447027429766194
0.49243432538807475
0.51037061114630844
0.24092741093388764
0.27135020085015565
0.49064750582037653
0.49796638685163835
0.48990969089939634
0.48898208914307795
0.50522733430229805
0.50170946701567487
0.49687419469223343
0.48531102943348581
0.50276310125422063
0.50615229293630726
0.49899072887435575
0.48831107759513709
0.48851976306987721
0.50783690252137392
0.49459896425726319
0.50798405951313408
0.50755557485630376
0.48052948912186716
0.48355479322793155
0.5110454016342223
0.50639564521263203
0.49130595696139845
0.49888242835468466
0.49422018239410503
0.49932489722627277
0.51526368418116764
0.51012914300669798
0.49406562662536097
0.50395807604523501
0.49170534611611344
0.23162315270659409
0.23486533303497648
0.51168451608161569
0.51081359331905341
0.50541599192156716
0.48776069713108133
0.5259030297032794
0.50076659155001257
0.51006654821794561
0.50006658356872902
0.52499860446412716
0.50424322648733488
0.51313625963360587
0.51320212038152957
0.51286056122083112
0.51261294038494976
0.51347632856256376
0.49389863501944697
0.47416416589726806
0.5073034599992583
0.50312406662688025
0.50733177029667476
0.5025669056814619
0.50369150740614166
0.4898076561694194
0.50124913542308291
0.49651393533384092
0.52265883378169331
0.49148719459530799
0.49899627268696978
0.50378426575107571
0.50242583806887242
0.22923316863671653
0.2492321816314079
0.50364225159345188
0.50675341282893915
0.53069751133598408
0.50156708650209114
0.50483321984670426
0.51186752304512873
0.48571118104068628
0.49336690848997961
0.48180663199422047
0.51728472768678746
0.48981082714356677
0.48012161782885943
0.505057629518604
0.48760566606253131
0.50837681275707902
0.50733456767034268
0.5026861610545742
0.51388236092779616
0.49226873536768578
0.50738668540743637
0.506373868849197
0.49139404299049833
0.48096377823396363
0.4970220187649303
0.50266748112598492
0.50134548573531545
0.49665899116355289
0.49352941128101568
0.50662120571766089
0.49612354343855392
0.29761144283209034
0.13436554445836368
0.24757021506992946
0.23979394988366382
0.27177982776473852
0.23558074192421904
0.26383891114222169
0.22395925998595848
0.24914945551826079
0.23963073313526531
0.23450129287729535
0.26734197620298311
0.24474998951446489
0.21915300326221954
0.28433339554588039
0.28308816001817605
0.23152151827686396
0.26061053608581486
0.29112916830636487
0.26233615037093544
0.29066878221253112
0.27910626548185025
0.26615480536670083
0.24640548889732383
0.24436144893768086
0.25124368950732096
0.27942322263036201
0.21205176593715425
0.23436772842164302
0.27713705292025526
0.23885073321459716
0.304937785103715
0.13862898440786514
0.12310877622669808
0.23377130566582757
0.24559484305002993
0.24316664267291646
0.25516218146878783
0.28317115800669029
0.21722479143088574
0.26146226956224544
0.25371150147296639
0.22679704271545265
0.23569588027520746
0.22374875608744063
0.23675838942045455
0.23083091233803427
0.2818624335884759
0.28771188501625855
0.23357382403645313
0.25598200934630383
0.28608540640869889
0.25891795133550871
0.23412810764620193
0.25692995297211713
0.27190339310817691
0.2502943181763938
0.2415593454012708
0.27635345611272605
0.27094308216073282
0.2628246380241186
0.23235445768234356
0.25799141246176865
0.27987751975979336
0.12811182246299213
0.27801783747691028
0.49822579705415737
0.50341251167535295
0.50131885677909005
0.51195987121973263
0.49175623428333337
0.49967234643899056
0.50462461696980021
0.50397452473392335
0.49613721557368906
0.5145247627856151
0.50213728937548507
0.50369075071452341
0.50830288441045601
0.48885859713973207
0.50426717211501271
0.49411723737657598
0.48604964640874021
0.51213499578189536
0.51560100794965369
0.50003543365069336
0.4913333109430596
0.52200014697218433
0.51221059917246259
0.50870976268667745
0.49174248296850809
0.49100300174757322
0.48281020011575865
0.4964903204255135
0.50135293783413115
0.49602202651939142
0.27098516902439512
0.28383179376878148
0.50422369461901606
0.48439009022537266
0.49161225177455797
0.53274584531871783
0.50380854173207978
0.48622312830793679
0.5138691344791716
0.50488934822159859
0.52813112397888273
0.50063889351894098
0.50372078948505139
0.4976800877301506
0.50719246500215476
0.49994473757001368
0.51475467185813506
0.50028957738438062
0.50091991831711746
0.49636967072032523
0.50637212869391601
0.51854018509479372
0.48125864023555759
0.48295076444961876
0.49948494291227646
0.50837551894379174
0.50372712084203486
0.51306370182180283
0.49685832834711918
0.5027221536511014
0.50394349692109963
0.51784937822459876
0.26729116867201397
0.26293435702771079
0.48330135524403717
0.49854291233779136
0.49471863496054558
0.48435349232514152
0.48020811245830203
0.50613849049342241
0.51021259465066127
0.52603087183794217
0.51937169252969495
0.50088242419617179
0.51148450855227934
0.5183914569989061
0.49305595026325899
0.50635027621784578
0.51545323168603763
0.50515421480578138
0.49054097052731366
0.50856797510785601
0.50807426856739268
0.5065765976627753
0.48653010503441407
0.49049498369509575
0.4915778159725
0.50630489709921744
0.49619511283474116
0.49564733839355585
0.48030180748539059
0.51121123895695753
0.49727575765967141
0.50461253116023341
0.23621077749737085
0.24452504111900475
0.48960332803909501
0.48488532164708681
0.49202301315307462
0.50525461759483992
0.50333432999130034
0.52046064586619534
0.48878956670872015
0.48455666638377076
0.51796475344722137
0.50732848281114251
0.50186473767985873
0.50710062880835505
0.50774592775650851
0.50012592294688329
0.51369354789776156
0.49899051029690639
0.50457972153222919
0.5050034120721224
0.51271221410059631
0.5001254650121828
0.50216603025425854
0.50297435612360508
0.48851507468444372
0.52071388471355129
0.48577214056333101
0.5192885057845561
0.48245625333992437
0.47620099915477365
0.50007492074057391
0.49242785153887181
0.26452585907447246
0.28670933048634079
0.52480764950320768
0.50666761829142171
0.50936915332940902
0.4928686335125359
0.4946754199569473
0.49782299669529839
0.4937479868466787
0.47700054546821319
0.49202506773767862
0.49690687759300534
0.48714628901863716
0.48449799736175592
0.48632829293645224
0.49533163289528043
0.4907044786360541
0.4935020019327947
0.49953001437986633
0.50323180718163174
0.50143346070954042
0.5006769835597531
0.50378293981026578
0.48627833984403646
0.50630120899841791
0.50154149900157274
0.49419979159866018
0.51650173550972545
0.48558611394482665
0.49819143822077089
0.50725562534173685
0.50284220544922231
0.26541715659678522
0.25618181226888914
0.49220647699399916
0.50659051648463049
0.48676578606058496
0.51262857389514582
0.4993988438658078
0.49549019746677109
0.51582127156286361
0.49944476481598316
0.50600943202540227
0.5045305685869288
0.50700394687021966
0.52404183546643712
0.49047052897808391
0.48638226970397103
0.49195956750819264
0.48914044094834819
0.50682229403563273
0.49179746539376334
0.4969813038999239
0.50532193484030707
0.50265144433155518
0.475734474334845
0.5031595787479628
0.4921129306910435
0.50773740574154913
0.48988239714868825
0.47452400018108626
0.49201632993476641
0.50476948937991251
0.50931792027653255
0.22849554830900085
0.25917533709490365
0.50454327820020872
0.50060656236681811
0.4879229689156615
0.48262535084981584
0.50261157728262396
0.51024412811979525
0.50841386071424832
0.50075052659095864
0.48870343658121246
0.50859107197495945
0.49660665277100957
0.50707753099438835
0.50085606786612991
0.50568984342208512
0.47824927759520591
0.4979503349211119
0.50280997826075124
0.49903891064636902
0.50219995133696915
0.49791973477563195
0.50717596232024142
0.51263253980697299
0.48621173183862804
0.48576000823947435
0.50527870102375827
0.49384944088753546
0.48100071158671653
0.49708003534282436
0.51112774954501061
0.51157624876977392
0.21009743349964072
0.24336154798611095
0.51752602046596108
0.52267827170238079
0.51173501259961396
0.48439932987284468
0.50091057138905537
0.50882080057487333
0.51082668918218133
0.51239836233844793
0.5082232709946588
0.51247332906659948
0.48764792536616108
0.4932481566874608
0.49835708312609428
0.51350197726854463
0.4992147355229587
0.48801457092939082
0.49506181360722523
0.50633952484300804
0.49438081797171257
0.50319176645324948
0.51924258850230021
0.50519103613420713
0.48872322114494876
0.51006038985986035
0.50557152032780472
0.52366477372414899
0.49136785498431579
0.49620575434441727
0.49826256478807257
0.50191838876818184
0.25803568766515694
0.24446686856724831
0.50713178684083948
0.4960255700612855
0.48717641234816256
0.49275096597560286
0.51568215266411932
0.48856965242311468
0.49120590397584502
0.50777626991905822
0.50839823362767633
0.50132130391420904
0.48638782867700303
0.48532800082391031
0.48668093362321779
0.51623463157848559
0.50273461614514459
0.50173638340531346
0.50719461968882906
0.49424494972776639
0.50018899216919044
0.49409930559074555
0.48643985344889518
0.49686340425239534
0.48193071845663599
0.48684629115369021
0.50572341998965142
0.51311300513457203
0.49882347946012773
0.51068384539340017
0.50694877177607622
0.50339687549954104
0.23741335936039759
0.2444167380978764
0.51577505747541696
0.50994184123305042
0.5009726115274018
0.48601216079243698
0.50229550030651193
0.49048084614550019
0.5047974510254728
0.49455757695535124
0.5023509070481571
0.49431149598349422
0.49135035533140176
0.4919135228398282
0.50827281272884384
0.49324089251260306
0.50068050127740116
0.50530476964989146
0.49479383106836355
0.50411888809316596
0.49001475348985407
0.52045329791196959
0.49340947151182091
0.5096142180838531
0.48560022442976614
0.48486789323433432
0.51141870301749348
0.50077689672573011
0.50121329137373882
0.51945475618868431
0.50443763572905609
0.51854220142694263
0.27293900434866697
0.24997104594724562
0.48656743727499813
0.50322773297565671
0.50709152789306366
0.48222371475035913
0.49631663813964932
0.51783689405677269
0.49037431834109479
0.48973131886834981
0.50374626042513049
0.52315064535432032
0.4952878785011669
0.50351384332240157
0.52141619319567267
0.48707570205948886
0.49231718278502934
0.47873752343547088
0.48541879854658937
0.4959347383713173
0.49678276002131039
0.49679609901301053
0.49217388456424765
0.51046438615970913
0.48457260760983312
0.49873392362164043
0.50480825255773776
0.51257107522219214
0.49188676613356336
0.49183293662321093
0.49546984521591386
0.50427483204030277
0.24876974151006845
0.24832502239960902
0.51579695882685639
0.5161935252412182
0.49155019257047294
0.46906435315535633
0.49808669139731648
0.50287051655697923
0.49394796339944624
0.49205342435954785
0.49593182825554316
0.51717327570261495
0.5097206610045445
0.49205858498914573
0.49353952136106349
0.47325457544439775
0.48637038162138613
0.4903137982928486
0.50617339001973305
0.49877197386381822
0.51602939061493891
0.50321100780837325
0.50161076669979421
0.49375383038845916
0.49258958974390366
0.50373778757217602
0.50511441877931984
0.48439465933110265
0.49609198914143471
0.48107900286283423
0.5031358176777645
0.48390741676973409
0.23962490965805452
0.23998032956811641
0.49942817409979823
0.51008428898121216
0.50172364523033564
0.49920639155329916
0.49510198671409889
0.50246620890157234
0.50808528858423552
0.49909606213523711
0.50108979581780055
0.5112736344248483
0.49335829992760011
0.49844832574493975
0.50698433350588867
0.5037108890892914
0.50677768476299079
0.50275963244557353
0.5096720497343733
0.49527525004057571
0.50716102227342752
0.49227326781402475
0.49286457762206237
0.51812885509585349
0.49969025952865054
0.49668904428636301
0.51622265476969043
0.50210872152742025
0.49572920027490186
0.50039094680583351
0.49407752054132592
0.4903925982736998
0.26134327737272356
0.24632603947147383
0.51529651949728783
0.49445381434521918
0.50530832505013057
0.51428350146594981
0.47520333480314897
0.48781770206636244
0.49967722412704896
0.50852696840507516
0.50235882435826329
0.49104150594356966
0.49945702186675101
0.48678958123874627
0.50673028187083058
0.51828862902707484
0.49520921258945028
0.50160870789408363
0.50412507289533603
0.49594952097591016
0.51673999692734907
0.5092679493706217
0.49788428867402773
0.49313162830631968
0.48844135746723605
0.49660103483810897
0.51586499293089538
0.50341189723024171
0.50562810951503978
0.51255342873318854
0.51039250162323335
0.47755003159265752
0.25402226645437476
0.26332545769328708
0.5050270385418385
0.48983161014550824
0.51069231074902177
0.50591498984962624
0.51316013737056088
0.49662718701005293
0.50658536445553692
0.50876960572557584
0.50500583169375357
0.50919762995582551
0.49792532308956988
0.47515062167498018
0.48996154348973209
0.4876301194598725
0.48751420697023762
0.5016484940853988
0.49806118454628917
0.49708728167494087
0.49596547165559557
0.51437702413764874
0.49550716037748049
0.47524470037446664
0.50550500291088274
0.50796856713071148
0.50030627883701639
0.50711628291942035
0.51465442089794766
0.51256236883489714
0.49547778475620102
0.48100608986649207
0.26795501256431054
0.27068561193578156
0.49335498886167761
0.49514759305943262
0.48610826672862267
0.51081646892889954
0.49247500749719314
0.49551281716616979
0.50009092727753457
0.49637557097933288
0.51627354351884602
0.49905155150591896
0.52895607548368451
0.49732153034600163
0.5034210046128641
0.50998213242186452
0.49197602701553517
0.50211310751386917
0.52666224344472734
0.50244612618663731
0.5200674112064162
0.50125456698721249
0.47642555712283863
0.49880072897115774
0.50242134681199802
0.50407288200574674
0.4816936223401091
0.49309162282741903
0.51620185440149602
0.49280380259039458
0.48895623870190208
0.47532732487005758
0.23837112431591331
0.30098729376272348
0.49254950693274507
0.50172501329241881
0.52115230477252683
0.49615697061118158
0.49775112092273216
0.49245105297874742
0.49917884033430771
0.50554609055415478
0.5163982449561777
0.48276779692865851
0.49120644421753096
0.48845322333636776
0.4877087262367325
0.50039689237211604
0.48425370583935529
0.49460751419106253
0.51004147537345457
0.49472684667721695
0.51649378151327896
0.50349022627884388
0.49480561952620483
0.49409875672827219
0.4947943019436008
0.48950485373436975
0.50726512258118639
0.49673515561934806
0.49861022580657771
0.50197508353929632
0.47202789445201515
0.51088299296334927
0.27278970483823933
0.24850089294293468
0.49492920844372462
0.50575045475538016
0.50330352751443808
0.49220708229625187
0.50571955701971416
0.50997970410095605
0.51705586722089625
0.49682822213219324
0.4886383870481652
0.50037674981517011
0.49727068949846143
0.48695143776721639
0.50368672317925334
0.50155866328151033
0.49724464314673883
0.50750130753420442
0.48991764049853498
0.49605155687278357
0.49514285016582132
0.49436616669200228
0.50847639187666149
0.50255462521816596
0.50946402166769034
0.50054707066709014
0.49936763186272581
0.50248964421994691
0.51588635933738713
0.49943497849706636
0.50962187149753857
0.49431396261181965
0.24852869188944657
0.24452715904965119
0.48352740309276732
0.51264828842804311
0.50514719445096778
0.50060015371008992
0.50792072409205002
0.50417925504878036
0.50874073078526283
0.48030316720000565
0.51631807655986606
0.49343247714261645
0.51068831138648896
0.49247380938637914
0.49480158907715965
0.48532951488329001
0.49514532932823363
0.49829322493468753
0.49253562932872119
0.49020242390150709
0.50830464456076696
0.49670127791221824
0.49192967461413128
0.50363683409847537
0.50910803069339094
0.49333290416406256
0.49842970163013206
0.48208672779341449
0.50023005295254985
0.48111984626447246
0.48531395049096293
0.52196705518092734
0.26539983115273763
0.28927073941681691
0.51126643560676477
0.51037495142190892
0.48707058619943078
0.49054594339274743
0.5062152627687686
0.49096061159274318
0.50450199496558368
0.49419803359973458
0.49200936599219486
0.50581305068120286
0.49570352817405378
0.49725201731913404
0.50761240358761317
0.48674583399237337
0.49266288325165242
0.49989302405196656
0.49839638633099914
0.50281270500994835
0.50353098563333798
0.4995311166828969
0.49668825006686201
0.47461400573858636
0.49822708849312247
0.48072953728831497
0.49997401887280868
0.48759309025586373
0.49259924799991422
0.50185234570400572
0.50301576993726249
0.51086532249892547
0.25614824359988314
0.23906792709950644
0.49432993564391531
0.50990177275634918
0.51151347983093876
0.50922760837992354
0.4974378590581135
0.5122290603016787
0.48448897920407163
0.47379377416421614
0.49541024826539876
0.48758258847990521
0.49370063784913026
0.50209268433233412
0.51645067068979256
0.48853560152832992
0.50148413435527872
0.49459464897487776
0.50975511178337718
0.51243180436017399
0.52352562556841731
0.49863022875788576
0.49864047690726326
0.50892487827024291
0.49507308563258784
0.50595982970604181
0.48735387349393988
0.49441446267278899
0.51108128977091072
0.5095335028271728
0.49923278762651879
0.50524122171338604
0.23420134268247389
0.27318903758949425
0.49800282584069111
0.48927015442713007
0.50164641206443517
0.52165644112856424
0.4917075573313599
0.49173771966683011
0.49436538554528187
0.48445880467166408
0.49383876475832172
0.50452798365827722
0.48909540412130503
0.50890283621044596
0.50003908861546165
0.50090073894878562
0.51271162847135288
0.51314158690517353
0.49030120739084604
0.51276183728028757
0.51112064748888753
0.48767818254079182
0.51905305931534884
0.48847704116240853
0.49534768245186411
0.50861338698528502
0.50743621021579799
0.49315862418719769
0.51071884189696881
0.49850984758833716
0.49969139834401816
0.504684294797342
0.26525691482498842
0.24214339612464852
0.49135039214247472
0.48443866106550137
0.48281694244709167
0.49494748101625596
0.47882559261828067
0.49321370859149039
0.48473497188314185
0.51171527081918322
0.47338272826779437
0.49791341356748869
0.50389227758789956
0.49294468251105206
0.51083463830543807
0.50794036700568201
0.52740527339908916
0.49433211344374983
0.50145434714904402
0.50015361807706848
0.50711442360883285
0.49024892734348269
0.48005036264641171
0.51702102159333296
0.51812466809272395
0.50114447273430873
0.52858674949053019
0.49536690358900853
0.49880050550559041
0.49984308332878474
0.51421252025133724
0.49933566671525365
0.23417517265845975
0.23859887383306555
0.49376603686956821
0.50618653309025741
0.49803109129237105
0.49890144924204699
0.51370843613787109
0.49737780419649802
0.50146423191024592
0.50400055799131294
0.50530984520462385
0.49053402372836891
0.48556189251725368
0.50079553769108653
0.50334085299640163
0.5110491794700025
0.48848035456194949
0.4996165357909369
0.49442446030506915
0.5045256941926376
0.49086060262373532
0.50960620490996
0.48539151687174714
0.49827654586926529
0.50562248507632468
0.49092253228536725
0.51837972409432487
0.49523119377908598
0.50169334957301837
0.50250598471671293
0.491626735049561
0.52400791341075714
0.23980655367489692
0.25797409235041319
0.50059089589717454
0.50556642850373334
0.4867928989842753
0.50480617086951962
0.50868278779291243
0.49325149466437829
0.49751476140882944
0.49629704735465918
0.48055090272857931
0.51674129346666986
0.48771676879590897
0.48088084080521326
0.48176003720929866
0.49554592293719274
0.50382864489676227
0.49709971385346025
0.49203384732176347
0.5129153676915913
0.49656793882519201
0.50154026943698504
0.50680450387475273
0.49586171663530171
0.52608614144073562
0.49458006746247135
0.51946586594658084
0.49235367974569405
0.5131420050577582
0.50506907297818737
0.48475533834469525
0.49870738451816748
0.24960426261466592
0.24655734791115724
0.49947958712069401
0.50384258986789432
0.49538204687847287
0.4800039730470777
0.48002004091572287
0.46629300080958713
0.48493073457471503
0.50786683302453739
0.49903276871947971
0.50374223443546151
0.49345782700366736
0.49577132879800623
0.5071199790606904
0.49315452862548742
0.49324561882342483
0.48505577764195179
0.49204266050777851
0.50837241412320466
0.47129609651515081
0.49410068975932997
0.49883286255145903
0.50944827303115625
0.48838911922057227
0.49731399774670815
0.48245533109192668
0.49836109064999229
0.50055559345172884
0.48964973207584939
0.50262210470990054
0.49325874771013328
0.21442288053090958
0.25699093802628287
0.48552516362540354
0.48686614901028902
0.48445643241093145
0.48640658630677991
0.48284925236593729
0.49340778610066643
0.50119146131489534
0.48392424130004114
0.4881073364519995
0.50323931085491347
0.5031627284497675
0.5063149972123997
0.49817086768630414
0.4966961535436481
0.4805454257914708
0.50976562297490924
0.50210183149683529
0.49345147941779516
0.51295004226304297
0.48957650344841241
0.49974307925512579
0.50287683845165043
0.51020698646756679
0.48800024065249309
0.49803396807398026
0.50491123236911495
0.4942375260449694
0.4841258810104781
0.48888606623995423
0.49273179015836893
0.25075222351043502
0.26075876432549849
0.49599197873383749
0.49726326616280536
0.51321144111707317
0.50342081582493681
0.47915532333858202
0.50007645486865104
0.50799315203532647
0.51112671377385377
0.49459511846586285
0.51416936386444423
0.49441117670838775
0.49270035157035441
0.50067948836538578
0.51057833489459881
0.49276664292751993
0.49470514375699465
0.49030723201505227
0.51149463741448364
0.49304288754148917
0.49569806661478333
0.50461318210687134
0.49504083261313264
0.50537812407910054
0.50149949397444904
0.50170467274409902
0.50178698109547704
0.50953221490227218
0.49190074712669696
0.52320127196386523
0.51124012749622205
0.26017026824175166
0.24794194560677277
0.51423554963503926
0.50637393526260877
0.51460236743882182
0.49378548969959596
0.48530588205948899
0.50187368136035881
0.48325535138041242
0.50689700771025903
0.5057373323082166
0.49889006409225634
0.49470768703896939
0.5035498785557736
0.50233982446835368
0.5026738255745401
0.51935439113517878
0.50809940385271291
0.47365105744398239
0.51034813453569128
0.48853962378472321
0.51262312605882465
0.50094282434743731
0.49515930481720816
0.50101228705214973
0.50513948297122702
0.50202734023012385
0.50056187763379212
0.51049701000589709
0.49025632813055636
0.51626406448802942
0.51632142506223999
0.23671430180743921
0.2494825324972415
0.50509430509272046
0.50369409206170124
0.49727546888524066
0.47207212363008816
0.51019203856707473
0.51333820057904311
0.4881843852624167
0.50490408370618678
0.49451621633804654
0.51023339768538378
0.49951327752244462
0.47784485427489581
0.48878000290374962
0.50931942291603727
0.49559203788144901
0.51508915154832602
0.47355639896800733
0.51584111513545416
0.48496677519259013
0.49994983013463135
0.51453887509670526
0.50008839857260912
0.49008827969809382
0.49274654406280344
0.48140412736747951
0.50457882597810488
0.48126525536166154
0.50468106798282086
0.50134640376750528
0.51891264525961001
0.28705632177380774
0.2021003476945489
0.24473698518740167
0.24546812163868761
0.25733353391188224
0.25968243284273018
0.24377294650610198
0.25003211234302131
0.27383512386566977
0.22443603405927534
0.22501576514447894
0.25069486008939929
0.20508702272830609
0.24409509833646717
0.26361999768610889
0.25458910198481383
0.25672909781323949
0.27713229615609125
0.23815585877806034
0.28310022394532958
0.28257558604022298
0.26610757387763401
0.24280874892271992
0.24541263709023503
0.26537829034155686
0.23709319689339911
0.2605075875917014
0.23709744594661428
0.25006126018235036
0.23143051741010706
0.26975854394336968
0.2392951283717209
0.11658323892775023
0.13973621575200873
0.26066953611055105
0.25072348930539939
0.25702731344026808
0.27472372919388816
0.23933419095817487
0.25257412242150945
0.2813893280004911
0.30251450157980408
0.25929982181310307
0.22841328811494616
0.28276791157157244
0.2602384485436875
0.25020864656249675
0.34069409961139957
0.28203627996277719
0.23133692957809635
0.26300184695474932
0.25439315667368767
0.28994881408506779
0.25548923696211051
0.24331519357051634
0.29006420458695215
0.21744483728601413
0.28250110475492612
0.25276781000650272
0.22684516650237591
0.2281781616234301
0.23580971366961456
0.24109798737033303
0.22379925977614623
0.13254493702595527
0.29614174454059544
0.51497691138188495
0.50870072878480255
0.50775891441179544
0.48222170500320838
0.50123891472743332
0.49040160363765645
0.4891594983144204
0.50073123224000726
0.50019612774061661
0.50456252373472155
0.49810284062036619
0.4927501534396227
0.49619753768435859
0.5029724826755797
0.50321346438030112
0.5018649058189002
0.51323107145425062
0.49380332775660213
0.48485482796364227
0.46840790623447509
0.50667662898916355
0.49517633393574323
0.51774983086907844
0.50376806505613503
0.49116498894808169
0.47681590095186482
0.49761058778980627
0.50154626073528275
0.50085443806863528
0.4872835357956728
0.24283348446242947
0.27514696924740262
0.48748527245724865
0.48728491800763218
0.50468512375093311
0.51459735426189979
0.49324880704923801
0.51056463552930731
0.49185573478841893
0.51561702217990113
0.50444191442384501
0.49868404510500214
0.51149537510554766
0.49644311113724648
0.49789535774344351
0.47889394925472578
0.4935690528731439
0.50297768739848558
0.50479542546360223
0.5001499604773918
0.50490501609840555
0.50390603283667956
0.479715505104096
0.48090885859801841
0.49527001530887355
0.51693973234409318
0.48374238009372272
0.50072647751437027
0.50010749765544016
0.49118217191338392
0.51975452708971104
0.50744544224512489
0.27437896314164034
0.22698177188264496
0.51245414231290776
0.46911491926689053
0.50935196846874142
0.50851877802049006
0.50882166035988141
0.49806144701185084
0.51821508217435419
0.49401702702442779
0.50395810696207066
0.49279979401291352
0.4883771894413616
0.50513728782498724
0.49791851264677101
0.49491607765105872
0.47635744161610838
0.50729143955367373
0.49339746772805892
0.50474660575078822
0.50842411859114001
0.49309714918685288
0.5063360180201284
0.49798527680144433
0.5169764414985113
0.50524312761347645
0.49848620120276765
0.5117157990867367
0.49958350058608558
0.50303483525482018
0.49685586673454846
0.50312773382280573
0.25195368802276269
0.26590153668464683
0.50955818896555705
0.48270312650146718
0.51170887597950787
0.50936901045720717
0.50321437236533506
0.49352572954563284
0.48609111254157206
0.49792405166066017
0.50698763082959675
0.49416097757217187
0.50985208625744294
0.51375745323498445
0.50599766593288908
0.50743222516459341
0.52586737858624333
0.50598826632335125
0.51486562593495544
0.50168300502365015
0.49345271646471067
0.50562077871041533
0.51790680598859085
0.50717156628686333
0.51595032675291563
0.50513213283412706
0.47791862450266243
0.52010995285079686
0.50609718104901613
0.48833937933737742
0.50260481310908756
0.48040977758141384
0.22866100339593665
0.24624628920828556
0.4996050605305864
0.50145895292167841
0.49947393468278023
0.48711034990557212
0.49251529715071402
0.48504896200574876
0.50340280634796519
0.50644742828124567
0.51640434442742156
0.49724838615641848
0.5283750387995334
0.51701818587515214
0.50052318413475105
0.50874432461095798
0.50759716180118153
0.46749621817737169
0.50011548568441344
0.53443625139859841
0.51079445824552439
0.52531162958004152
0.50932069264429358
0.49308459486135081
0.49371726820332656
0.51057112242808811
0.50681948623877615
0.49464546310623952
0.50723853009146824
0.49329575538729226
0.50229429089157385
0.50235120755439722
0.24667012270292321
0.23863650393647992
0.4679865014201598
0.50591177943953702
0.49415187606856231
0.49369089457260257
0.48890374678071929
0.48028785389808842
0.50705219462608964
0.50055203913292212
0.50586144996877747
0.49108101521703124
0.50840479755375023
0.49796544170384727
0.49241918618584357
0.48575831506905626
0.50498265382608787
0.50995625156427227
0.50961407347317089
0.50901315431813521
0.49444086821984062
0.49546867872234018
0.51721034454311199
0.52170204681137688
0.48335865790541732
0.49231598432841278
0.52140554629971625
0.49510095349646144
0.49319387412982818
0.50110962700091544
0.50515021024588003
0.50292674324486442
0.24886142397514271
0.24808385308866593
0.50182711997450014
0.48687519974963928
0.50201452033859262
0.48859949446451589
0.51669078106774591
0.4990976207286188
0.50150894028033133
0.50034383515229752
0.51162094761389298
0.51465588290085607
0.49166811102445174
0.49048489677736967
0.48712935508678479
0.49488641639658293
0.51643548099494074
0.51823112120067838
0.50887189594760573
0.49171452889591694
0.50628081967808736
0.51354591135523009
0.4996919227345244
0.50815882062939521
0.49580454735727181
0.50154349961908229
0.48965238922399779
0.50585073924191215
0.49960356113496412
0.50494325353282832
0.52162976167529529
0.48022076785698053
0.22688411671710637
0.27161346108997558
0.47711625547649977
0.49266437625917692
0.51036818058857114
0.51048903225850994
0.50156571096945479
0.49623044023559038
0.50136398612971322
0.51428671190400221
0.50579360535047069
0.50553038153265117
0.51937595367334199
0.51263866047337481
0.48817702082648301
0.51434478586865828
0.50580155079919009
0.50500985078709304
0.49931946416019202
0.49281447412374763
0.51202033427673199
0.49451629235386108
0.50841252546780225
0.50331190520893088
0.48884692281636205
0.50749565514782047
0.50994559516953863
0.50090191174912335
0.48645128544323346
0.46024244786620849
0.482953273865392
0.4940475964650981
0.29207872821183256
0.23829117358450744
0.51364205001094132
0.49429172507414398
0.50353688025837395
0.50541783184980105
0.5223906272977985
0.50610320685520083
0.49572141614803322
0.49588102692980301
0.50166938098913638
0.51864621337433248
0.4989034832691156
0.50244399588521327
0.50195419338030667
0.49856827659052105
0.49325813802561774
0.48561552570888256
0.50657526364782368
0.47812602953922778
0.48854659178539783
0.50729793230938314
0.50675399398530108
0.50666088496737494
0.50096629180342844
0.509562366766107
0.51947015975677202
0.50351784989173809
0.51166797956385723
0.49879304670861241
0.50609257566917143
0.51507102415156802
0.28373031201514898
0.25713606201921402
0.48968920025977641
0.49714022556660981
0.50128207467126085
0.49969831375542506
0.48080901297087164
0.49492565158785051
0.50317002946729017
0.49741523865965676
0.50089324696798998
0.50012482813194359
0.4982648394280676
0.50203185144202667
0.50660119762402989
0.50274370592861006
0.49400225135018927
0.49361385836838123
0.50654865800320281
0.48188259163469527
0.50952279973638348
0.50611117882669054
0.5009589521144322
0.51122906362634335
0.50938341725079761
0.50434469034724294
0.50309256792994916
0.5076436906402666
0.49612133133245045
0.48519896640111887
0.49918164432202911
0.4821569336309392
0.22962597931211048
0.2323722107509047
0.50253800021907291
0.49053224719553873
0.4946230029775821
0.48707006932848362
0.50801337519286593
0.50840864084560666
0.49365118837710009
0.48623643408427886
0.51632811997734485
0.49543827027912035
0.49999413459705255
0.49711607092296428
0.49487621982775581
0.5187853327791585
0.50294643466714972
0.49627575260943319
0.50599670138516661
0.50156598470528213
0.50701058234593455
0.51168095238844691
0.515795155778491
0.49827160592390252
0.51240533030722712
0.48777953605926133
0.50053050131017418
0.47517132171553056
0.50859371075688753
0.4704606234792823
0.5069366217220056
0.51491875356839323
0.22469898173994096
0.24724875532579282
0.48789266310350077
0.50736763927834139
0.50981214288481858
0.4909762571716737
0.51340693894673528
0.48648443649814382
0.49768366431683003
0.49654546061954086
0.48897016918655228
0.50632123161187159
0.49847679701533132
0.50874995373697696
0.52537558227279957
0.51732670778761236
0.49809813521687296
0.5077051135708619
0.51732772236044922
0.49289571984797759
0.50305828173974154
0.48804699767264997
0.51619864094486689
0.48776448165926312
0.49802776609290256
0.49419380855791945
0.48901392941513594
0.508555997259031
0.52111233491679143
0.48638871398364303
0.51359154658743322
0.49722589275186069
0.23498800443653892
0.27355761787603983
0.51063033887401665
0.51549926607506913
0.5100715790102166
0.51491971293058314
0.50205048119667972
0.51204678060817477
0.5012676979559858
0.49263606589443654
0.51282882125778839
0.48802502362597028
0.50114185125000488
0.49544508362541972
0.49846114929243018
0.51340106258383089
0.50239434096765823
0.52246700046482752
0.49210717229248818
0.49760415455035639
0.51196098878216878
0.47982765722843868
0.48968594696640882
0.49795964956772898
0.49788447620990817
0.51492355021469405
0.50712221229322829
0.47302100820253801
0.50517955662842629
0.50499129856768243
0.4934200502650995
0.4953137797444237
0.23821654638871737
0.23830303958025192
0.50542794455551698
0.51950109734634931
0.50373496284707175
0.49644777181363314
0.51233491411883525
0.4972350230116569
0.50135313341955323
0.50284106140220441
0.49649814769081779
0.48930600273442604
0.49598005336115969
0.50465120362459448
0.50527511717948548
0.51063026568241221
0.4930492657833157
0.5315415793526499
0.50027558013317153
0.50796730996050554
0.51169864224433381
0.52272833260616591
0.50331988088562785
0.50252567762936384
0.50094992006868477
0.51604386594629759
0.5091074204771987
0.51455263758411696
0.5163832324819545
0.50034197582871709
0.50852186559358459
0.49584365471460023
0.28542545145679699
0.24734997790315921
0.50378733453876834
0.50045849288781663
0.50981821889227952
0.5159163023633847
0.50965924268268925
0.47270953328439747
0.50166369181920434
0.49968838133555743
0.49819074546100839
0.49994190778413683
0.50169208326350423
0.51928328290664638
0.50981498430939076
0.5046666517038223
0.5086690477137118
0.51364840078511309
0.50070470486850982
0.51453740932307146
0.50511420919566308
0.48960945989517501
0.49015967543218536
0.51009759148660261
0.49340307429849323
0.51831222322639081
0.50654063282485529
0.49023056828166334
0.4710380814844668
0.51601070724775777
0.49424103535324798
0.49875377277322858
0.34027631761896204
0.24722245778993845
0.49787162649847638
0.50489696209077306
0.50244876533885252
0.50148145854799264
0.50126204207522063
0.50444140523296577
0.50745481338351472
0.50550498462144811
0.51882805805903964
0.50567320540042648
0.51154174118595497
0.50641628405907424
0.51022382740647443
0.51668953807565587
0.50017595164459683
0.50432270372808841
0.49537592418019516
0.49345858167283002
0.50071848153799603
0.49407895020861242
0.51166878498526569
0.49695002077381395
0.49833984510130269
0.49964307635406413
0.4967038559723847
0.495185948554977
0.50392595184124989
0.50154824354059413
0.51511203498985736
0.50371599218980523
0.28613469786482948
0.28514643344048829
0.48550536323269045
0.5044594881044655
0.5008580578776195
0.49538185108782024
0.49033546113033122
0.49552021517324202
0.48954163698107261
0.48345105853762849
0.50132427227235188
0.47616132201198219
0.49639777945668384
0.48996377498387572
0.50497217737802125
0.50683084407068257
0.50558595084809588
0.49844953794970481
0.48399243967337147
0.49190851783227146
0.48612604334844445
0.49463345517456903
0.48613250233721028
0.49553392056024831
0.50674670889549778
0.47316950270062325
0.49296770026010484
0.50365206367340298
0.48534514259499634
0.51634221844636818
0.49669311439983332
0.49438127937528381
0.25513333005900612
0.25771692257475021
0.49764719084340853
0.49712991291684577
0.49052643537097673
0.48824409988108708
0.49798332917811633
0.51200461211734449
0.49312480761149374
0.49109362182723471
0.50254914444045495
0.49450308699935563
0.50237727392486675
0.48035113025839915
0.50560493126082651
0.48599847987910033
0.51743420688302766
0.49080242641765887
0.48560901900812831
0.50585701515172954
0.51849701604985143
0.47400618062535738
0.48985939906031911
0.4811350259571901
0.50804088694986327
0.50314908360396871
0.48495236477736092
0.48136104272970104
0.52069721693190685
0.49918756530922942
0.50592022121470737
0.50177534075368824
0.34119062759849222
0.26345149950244401
0.49562736044887401
0.49913237099096974
0.49074270686121524
0.52318476726869034
0.51226660490742559
0.49199027157813019
0.50719193831315312
0.48887226789765675
0.50494284729269889
0.51043286460814163
0.4876436634517049
0.48921963032223409
0.48653622540361813
0.48281334518912994
0.49500482077088587
0.51002559635100209
0.50025291149868067
0.50955789341624558
0.49979891481357297
0.49931631767081142
0.48538275920876167
0.47729549532526466
0.50166449974602811
0.48341836060117882
0.49072833985300157
0.496780498128638
0.50557078873448524
0.50362753335961641
0.48700393783432866
0.50980949028981259
0.28773545119689359
0.21149858716147313
0.51423418483628025
0.50601161623472335
0.51362608038488478
0.50026639631404701
0.5100287223104043
0.49328005112203854
0.50713307092317039
0.50671967306284671
0.48768064687446333
0.48958971897757592
0.4890182095199323
0.50509396526201
0.49794639921254419
0.5161742622172858
0.50179687371538184
0.4877479747424972
0.51221388460290029
0.51381150472291803
0.5039024280372193
0.52006511056517035
0.50027201731146054
0.49312366721566331
0.49753549946090281
0.49545706677297108
0.50463647959558955
0.50352925980310459
0.50900186476961207
0.49781876511983114
0.49315502664627592
0.50598395939408958
0.25817667425325747
0.29772653686407963
0.48821434893694554
0.49704102484922374
0.49810452722244108
0.50625521173440902
0.50448728824409816
0.4865607366489888
0.48916825823255844
0.49617371789566872
0.47684964996626367
0.48650642457043242
0.51209591940598831
0.48797428572027712
0.49894630038633331
0.51051632522490986
0.49370230881779709
0.49874855629371606
0.52077369568314313
0.48892420687337196
0.49237746288878426
0.5041049710013491
0.5185623354349066
0.49873710977042524
0.48970628141562683
0.49929584289539325
0.50969344633270797
0.49842408594685905
0.51392353755083575
0.4921325191762842
0.51152345800795052
0.50722434711364273
0.21783215570887077
0.25017047168083761
0.46880828266431163
0.5135909867572882
0.50854202900924017
0.50231167997797177
0.48274813592479193
0.49380619595412018
0.50028663774831661
0.50031813517290058
0.49870865655929736
0.47505680404748363
0.50603952864603075
0.50375284858882596
0.50783753677125776
0.49875933485140528
0.49404858377886324
0.50714115140427807
0.50305814184939912
0.50096565464376286
0.48746265368896335
0.50334962592975818
0.51326937795286354
0.49440102860178925
0.49540635872183242
0.50030866154532094
0.49673652608818958
0.49709576324495658
0.51267398832292299
0.49518374471149906
0.50839186537136849
0.50924010078779103
0.27010190359264341
0.25729597670483834
0.48778181005417709
0.50707589276288145
0.51313125990706765
0.49543289311357686
0.49624162867664695
0.49090703298626914
0.50596502552235023
0.48968374842757201
0.4919171491425669
0.49781962067676083
0.48590879737099646
0.49370238312116804
0.51293036639906753
0.50938056627671702
0.51871403263632954
0.49205127416957012
0.51682095123294614
0.49993368395343418
0.5051225616997691
0.50384983438110786
0.48961486478800836
0.5172361218921242
0.5217131794099128
0.4990502117749317
0.5000695385935735
0.50143053903760215
0.48698648029582003
0.49383100938176117
0.48516788665275618
0.50634201165848791
0.26732762185082026
0.22875518321743457
0.49371487649825024
0.49877901044115436
0.50493483614139201
0.49400082752592012
0.48812732099565037
0.4958949078227386
0.48377646373073141
0.50311198002137225
0.50254911270590708
0.48676498036431787
0.4955457551571309
0.49026042913142603
0.48626974155569325
0.491323912546411
0.48982510332085877
0.50048479433228099
0.50117321317161245
0.51895914731933268
0.51145985367466817
0.50886685982089441
0.4967251382546774
0.50286127067694897
0.51307148581551032
0.48264753629618873
0.49889503118878115
0.50597455023630167
0.51307224719610767
0.5108962627098943
0.5046588660964002
0.50175483483557271
0.25717374235742435
0.26808371857648822
0.48710641853600994
0.49527550134652187
0.51676757931889084
0.51400373380789921
0.48335649529280544
0.5051033190242884
0.50353271935845789
0.50605471765447507
0.49529538471303974
0.45909588518004507
0.48562278651155855
0.51450082298087907
0.4923988278358471
0.4910201767883785
0.50078953873064569
0.49597396710304031
0.48240720482110044
0.50722529490797852
0.49032407607625672
0.49895145008291708
0.48987841952426736
0.48635943588040653
0.52348110986023932
0.51076805506721434
0.50127576415977471
0.48898249400372124
0.49184981970760078
0.50020544410958845
0.48222774005464464
0.50105353083474524
0.26203549409641907
0.25944912131794551
0.48847329064863293
0.50290439995380121
0.48518699883617084
0.49962900364149626
0.48527924347242074
0.49409484426707106
0.49441395792814263
0.50144139726878467
0.49432839283820079
0.49241083081676917
0.50098915909172481
0.50533254015509832
0.519642011517081
0.49529379747966368
0.50217298178422853
0.51631202212158045
0.50669892588958465
0.50296011924734718
0.52502894619581875
0.48003934274983584
0.49245344079331177
0.48531047557722723
0.50741279503016656
0.4957341654615659
0.49963050466275039
0.50555051056230171
0.49494994322286606
0.50040222939994583
0.49812874321835887
0.51611665045111366
0.30556646168011908
0.26090001937144758
0.50437014169151662
0.4983561885268793
0.49684105552826802
0.49741592165873993
0.49684792112275317
0.503932282787804
0.51320147904252389
0.51186295880988952
0.47818312220496267
0.49449220927745435
0.50170078191682899
0.51197520754320103
0.50199869854839607
0.48800553524119594
0.49369234609937468
0.50206644040521076
0.49480062533448371
0.48997955700087398
0.49775628766145535
0.49074520373710206
0.50255245572153062
0.50032441995657373
0.49785495937549895
0.50996702267900695
0.49406529483390438
0.5039799624734661
0.49825521720913618
0.49119198036609002
0.4989456868707341
0.48983103267718164
0.25409855066261222
0.24759624901808597
0.5018842854800486
0.48742140491353397
0.51219589664260767
0.49972760641126301
0.50280797037401448
0.49746484179344314
0.51305306841844933
0.51314887730134617
0.47102590289868818
0.49740033953783142
0.48674019467096435
0.4848689540406661
0.48181861530532516
0.49692080166892122
0.48404600861126434
0.50353146068773924
0.50383042832880065
0.49136679176810916
0.49928047032190287
0.507528479199712
0.49442306509627792
0.50628909442136172
0.50065455895320266
0.48599627751601643
0.52334399683406474
0.50219498130591955
0.49267137574400177
0.50787243291130446
0.52835113245344068
0.49637376223380131
0.31001849462911168
0.25332262374580888
0.49620027155194141
0.5059249996629348
0.48827895774386337
0.50847271929514293
0.51484175888759431
0.48560923222553098
0.49301049518244983
0.52654181631087738
0.49608957322608821
0.51422999706846917
0.50273140306248898
0.49084662104846516
0.50600597404981462
0.49880097934009293
0.51431378689315788
0.50070798268359418
0.49186494579415418
0.48376887341522468
0.49841471052005265
0.50154010674019489
0.50831704085387763
0.47913880021273292
0.50071761362356515
0.4898065424783446
0.50954630748955798
0.51256816000890526
0.48872037820233361
0.48776299625635772
0.51945852301723872
0.49532898226634881
0.24942713721342039
0.27534747537098991
0.5154533745039096
0.50913912611570133
0.51729370841545796
0.49524940372134468
0.50349082090498709
0.52303709597049719
0.52283212853294836
0.48576339518231504
0.49270881816663914
0.49419304948809495
0.48365601485721527
0.49886961862833157
0.50109154776423859
0.49623087949635031
0.50773277586992382
0.51448535143191276
0.50173818552581251
0.5037032782091847
0.49521749965286072
0.48405144180995241
0.50754665075094552
0.48608789849301759
0.51337673803383022
0.47514342955768557
0.49829941239678832
0.50204603311033136
0.51370755454404826
0.49376298439729183
0.51037116804626903
0.50492284709596102
0.24644968870350145
0.17660083477957517
0.28323049505862158
0.23577845596046176
0.23545851515398794
0.25879445767447767
0.24014275219617148
0.32154036032729971
0.25707210598025487
0.22753214954531556
0.21931427115397767
0.29111597043297249
0.25900541851986564
0.20820216771759159
0.2275003342600482
0.26168168810032538
0.24950714901190646
0.275659460671484
0.21978960628491412
0.26742379019444917
0.24557490539276391
0.27112559813015402
0.23004329921558311
0.2377635774395887
0.22547474894692968
0.25203697073429709
0.23195423957553765
0.25057534385043201
0.24824555154787703
0.28343654896187526
0.24314001174419919
0.25061204478435128
0.11305008146545988
0.1321911812070361
0.25884953043976611
0.24792727983869592
0.24897168722116489
0.28107846606699016
0.23204417935062832
0.23893798084024193
0.23659157973891237
0.25602412599488461
0.27375893616160157
0.25719678147731295
0.22482614555484651
0.24190417560584032
0.2561540334509243
0.27695872399801846
0.25120363978778815
0.20817699394824946
0.24303817197729868
0.24017194089485491
0.23424776318866325
0.25558582459247126
0.25887166311964843
0.22733283716723235
0.24147400401495062
0.27298261922255301
0.25608730896702325
0.26184554967734902
0.23784602701326948
0.22103882544409689
0.22778172189937534
0.2424432180508039
0.11033113395497458
0.22596565257601001
0.49102695216327596
0.50241904147718952
0.47828449194893619
0.51064057642846272
0.50715979504461861
0.49238070631490294
0.50291203971002818
0.52378859261868249
0.52342798777457678
0.51436131796822415
0.50271534949902241
0.49515464799161812
0.49527456254985319
0.49742977393956228
0.50661440598768348
0.50428717494655606
0.48672549810123461
0.49529873927011886
0.48953172795786171
0.48943356136550148
0.50111366929212486
0.49731717131859132
0.48817042655978138
0.49877939700306351
0.5057183784217526
0.48416930880607445
0.51615948342987861
0.50229829948028759
0.49880379903120708
0.49119839909223884
0.3055182643772798
0.2544943962659923
0.49983018176569199
0.4848889311309309
0.50205151363274247
0.49294892658116268
0.49871062822786971
0.50384547066744056
0.49966709047944025
0.51437067223776323
0.48847319568647829
0.48817222626422774
0.48805626890927206
0.49170005455522953
0.49044198201397615
0.50581915459238058
0.48990337816816637
0.512245060016708
0.50464028635973124
0.51102474833519174
0.47695558486229983
0.50004807462761647
0.50630371951556152
0.48903718690284587
0.48602111004828502
0.50154265966559508
0.49236112839995605
0.49170752151512537
0.51728295583513728
0.50679729085969849
0.51365880164114919
0.49398175788672594
0.28293448689288747
0.22495754655004671
0.49216413696684641
0.48784522643975431
0.49218318585182719
0.49333499595114017
0.501727830691305
0.51314940836010037
0.48925554855143799
0.48534682270212881
0.47797699331810101
0.47238872082331163
0.49530526630960231
0.48039232444957891
0.49412592623634322
0.50481042133382115
0.50255434129391396
0.50076120213896913
0.50664090358689517
0.50166625564093492
0.49226969608989962
0.49657690677612704
0.50765380609545918
0.49937517185108232
0.51051324884030569
0.50619942229886128
0.49727634059064801
0.50499137191678567
0.48561814244481771
0.51880163000433221
0.52159332171415551
0.50474033073585545
0.23246329517996903
0.23903673170972806
0.51104266937682974
0.496719047697675
0.4953471050574072
0.50666708044709385
0.49303716513945001
0.49229878141957611
0.517519125572525
0.51149461432607535
0.5088570405494427
0.49555730960018052
0.50248306045389068
0.49238026919762118
0.50052068373289593
0.50793532496692395
0.51131165704969661
0.52694584775400277
0.49121630690445439
0.50234035166607238
0.50603720251500439
0.49351114931316636
0.50387675888186279
0.49895861325453561
0.5046601120291524
0.49472808436245236
0.49731032851493495
0.51782755435229877
0.52488634520562472
0.50065630649921411
0.46404403448354659
0.49691147925995333
0.2344658250648203
0.27893918186489047
0.50237620392988913
0.50045574388911829
0.49782055587213597
0.50363633652709217
0.50528178960050918
0.48412770592884868
0.48076085266960272
0.46780639601305279
0.50528892254065771
0.49813092465839925
0.51939874870490332
0.52257792154130744
0.50712465836512832
0.497744797472986
0.49689373443354545
0.50597487963466536
0.49137965531710115
0.50983197857204943
0.48528417024304465
0.48723201426498514
0.48644636340009489
0.48795450213850583
0.49706175186104201
0.50152503127860082
0.49860371697472983
0.50990261950646709
0.49669541833741859
0.49179867587094334
0.49876820422675205
0.48881092978135376
0.24522953723956781
0.28473925673251138
0.51385662140713873
0.50072929422989765
0.4991071321228619
0.50538598093047082
0.50606463631373766
0.49361332167957811
0.49919419651957869
0.50888115118107524
0.50010171116747959
0.50794368196193895
0.50164102757081452
0.48872160578916657
0.49746082055265539
0.50214708654555007
0.49791705378905965
0.51366208693719062
0.51074277506358656
0.48913293293342724
0.50168498256790461
0.49934851492706051
0.50792865152013578
0.49409792394391483
0.50456669674416621
0.50212689140416611
0.50878693514373208
0.51128912255744496
0.50188499870543024
0.49419434608133406
0.50054141264508767
0.4885286765186162
0.25865164758682785
0.24832555990018759
0.51143472257860634
0.52179061385307612
0.51438154909328049
0.50034652863321816
0.50564670458086558
0.49809130998992751
0.52178779037252732
0.49488221350224321
0.49634254082846069
0.49739805377642504
0.5035270711302724
0.5022366081404418
0.49221190948572729
0.50841150451439976
0.49060605945219049
0.49409562881343766
0.48985305037010668
0.48507968701819204
0.50546088131686517
0.51666115121710987
0.5067417379286091
0.51078369649772781
0.4736216679862611
0.49252051088803511
0.5082857490117183
0.49433687834069889
0.49205793138562604
0.50961109585632647
0.48311602875422238
0.50816119346713962
0.21949039705119464
0.28111935614787908
0.49606246037547674
0.50497177896758683
0.5075240348174882
0.49871035087477456
0.50203416774745402
0.4854662729202322
0.50708099597728906
0.5031267337123434
0.4748123537481172
0.50838766607436758
0.50395415470341698
0.51705642742341151
0.51208515639218311
0.51257573790252475
0.51208607402806594
0.51205862258163648
0.47844817197998069
0.51373789828523397
0.50653905729155335
0.49866602356376644
0.5145767201308411
0.47510102859652587
0.49685109396461818
0.50051036515849645
0.50716756369536464
0.49252215137116923
0.49587040805759686
0.50574378955183152
0.50545308842078251
0.49291014997614757
0.25500749197547445
0.23843888066044755
0.48381122963235845
0.50019714001658067
0.49970925227391599
0.49144212375439555
0.49496931688960139
0.52105089119407222
0.49994595474163139
0.4839173028261749
0.49867267147471572
0.50019001903058435
0.5060505064900136
0.50449206270280544
0.50954264870643418
0.49212066584610203
0.50018256453257959
0.49569711928057142
0.50814934931700506
0.50010538601501953
0.51591064746199189
0.51039669318470848
0.49442733962365726
0.48255168768839818
0.48834450768919418
0.47816908333286012
0.47204998581245511
0.47970168215908437
0.4885071979381827
0.4974752805142999
0.51416407744835446
0.48520483390009983
0.29868123692822662
0.22537393110744453
0.49435298526416283
0.50149720417852839
0.49121673697513529
0.5112575976712278
0.4863602706936575
0.49788110801920205
0.49413314764509197
0.51109967589320748
0.50013299995817451
0.48871760489260596
0.50597660743962691
0.51742070977007182
0.51531271263054679
0.50097632480701537
0.49862325650382222
0.50218043576301519
0.50425046878376678
0.50078428373024186
0.48822310146766068
0.49868515140706177
0.50511829340244851
0.49105822589395626
0.49844097734294779
0.5010449753309455
0.47671445639855592
0.48085012472194777
0.50457711027464203
0.48976946009648165
0.49838820542776768
0.49645270411832276
0.22606870695303194
0.2642536075948223
0.48899249486769242
0.51681880722445017
0.51550382626291646
0.48375382829245855
0.48879068179442814
0.50166055432154566
0.49944073770372849
0.5076610728761336
0.51372003060734195
0.52516544559474221
0.49482912854992656
0.48127047955727092
0.51100135970320171
0.49024337634234078
0.50365167735843319
0.49242446427598868
0.49924249739012633
0.49996372879875373
0.50841583190877537
0.50696613253502976
0.50152232883959369
0.4943592861459819
0.49650540557886785
0.5024564526075167
0.49993371884427773
0.49807669131972998
0.49115840387912657
0.48495687900192619
0.48558692258302832
0.49881577337783917
0.28468086797691222
0.29575450903053441
0.51016677158040424
0.4917638093184768
0.50261920320100906
0.50525905856124065
0.5037480551502348
0.51387736724478272
0.49519122096134638
0.50605178309986143
0.4959683047543828
0.48127514209166289
0.4965328529115518
0.47642498307575304
0.48563230111736944
0.4925521517550876
0.50966781107053438
0.5207136667356892
0.50798805765582866
0.48528538366417895
0.50403407696263014
0.51537384655854557
0.48863192794138166
0.50001424322086996
0.50200200354475921
0.49593866355001848
0.4885620966216539
0.48953099525876731
0.49765321151634506
0.50337532926004991
0.50001135124534724
0.50000499163085899
0.24109822437417086
0.2691429979412383
0.51095221204191421
0.50818126805401531
0.51245095136431618
0.50746600852318768
0.49695034958356499
0.49791239579213625
0.51384996372224978
0.51873721459401656
0.49786793725808076
0.50168590854320727
0.50075898634845406
0.48550544322662109
0.51321284393338995
0.5068261521345151
0.49722717246929987
0.50070692344930823
0.51735910978994037
0.50862202119087985
0.51192691953650649
0.50629090769524177
0.48508222086540376
0.49183686987659836
0.51808692462783534
0.51048317604951399
0.48329661756715137
0.49077560651339625
0.49585452228450461
0.52728313017104511
0.50087767326236665
0.50471519304265033
0.26257124048821345
0.24021120767277493
0.49456885799511452
0.51082811783635929
0.51070753927577839
0.49166479364790522
0.49935568274229353
0.50526656737411202
0.49685796414951444
0.5050330509182086
0.49608649521289999
0.49239777515851069
0.48724790015133979
0.49304942592925954
0.50592060911327352
0.50650953772542229
0.50274938863050023
0.50924592232377519
0.49695641749436675
0.48441816104819641
0.50598802673982846
0.49643902527576023
0.49160498208639908
0.49658946738303616
0.48184560990052261
0.49266239218283464
0.4989298741688718
0.49135460681703741
0.46947330112781199
0.49774248885903632
0.52200804946630797
0.50968050421163058
0.25845508471032996
0.21629900234212282
0.48208270421583727
0.50624066459687289
0.50383802987216586
0.50493334872515605
0.49621702622410985
0.46651650464150285
0.50519622762134242
0.50249749734292859
0.49447507060843993
0.51034826774901776
0.49637877665093766
0.4879695576343871
0.48771088188974387
0.49294029786417282
0.5038948265278963
0.5190741989749903
0.49488868331652586
0.51438580228127107
0.50452322757766677
0.47882972605726926
0.51260050302723514
0.5104151827117146
0.51726062478875923
0.51477783684985157
0.49750527780658799
0.48509039255019859
0.49415786345646368
0.51322764602540616
0.50072155269920648
0.49509350840747574
0.26203087360405081
0.22505735653285996
0.51238311001710724
0.50897156435444224
0.48533903543771761
0.49251143197901276
0.48490324654007039
0.49725182708994803
0.51964445144815652
0.5168938555753132
0.49186219120049979
0.50044182606745335
0.49512974121493858
0.49369148970912502
0.50083954404563569
0.49685920159394992
0.50987094030704194
0.50091331736307665
0.48689151468859848
0.52112093354699185
0.48666493185500198
0.49432709780754619
0.49955052627424484
0.49816576183571593
0.49670326492501671
0.48116835655253615
0.48776177182051533
0.49064716145599724
0.50058223499845134
0.50396025169293146
0.49447288371891207
0.49232807323220307
0.26195327595798029
0.27458068765023247
0.51421947664075929
0.48287927103572276
0.48746828090569128
0.48087160346923064
0.50294297833087831
0.47667255137832798
0.50915828427687104
0.5213564698924541
0.50751021856086165
0.50588574178827073
0.50909641150841889
0.48409580064973956
0.50473774319751985
0.50732803974163165
0.48306353579129513
0.50404465115455532
0.50738922125626984
0.51540989734067566
0.51085819729516502
0.49802037509757352
0.50506583192994026
0.51979107506873534
0.5078031899425488
0.49767633109615056
0.49785711174125091
0.48616006621909569
0.50477767275704444
0.49388854509039481
0.51138205898369182
0.49896550962660324
0.24219882538227264
0.25148596396010958
0.50494450910008837
0.49745024268920418
0.50602043816038156
0.48779283689429409
0.48967864885048457
0.51789811931172924
0.49736835613263974
0.4939771314006578
0.52379728943534087
0.49380246879482231
0.50853735094561925
0.5039477749123813
0.50744334760247733
0.50032162984541617
0.48591481155748401
0.4951891469237838
0.50464127567895034
0.5075270054404436
0.49242578706719864
0.48168894884461216
0.49472195605849995
0.4867727204298713
0.50004136837298407
0.50688403074673094
0.50819051514095781
0.49351838764462996
0.51293180199253752
0.50346407139009608
0.50398393538074537
0.49250428845884237
0.24373322484808041
0.24589559816782305
0.50315643816840072
0.49716084864095705
0.49622552129456615
0.5057651851838767
0.51513602914044376
0.51090940829509335
0.49738062801057076
0.48988108912680156
0.48169368323795875
0.48911655835210788
0.50466746724849221
0.48916959725717762
0.50289932725642916
0.48803586385004322
0.48758234502041903
0.47882864867392938
0.49890119754440526
0.52448484247024862
0.50261889080072142
0.49909801206120119
0.52470226613954352
0.50551203508927378
0.50753646110951744
0.49654121688168273
0.48996940084571677
0.4912219962182765
0.49452599324740593
0.50140739433150594
0.48138505756419153
0.50240404769382951
0.25540829416797173
0.24397037394904764
0.4918154897258708
0.51082608954395992
0.48748802624696874
0.52056165336555338
0.49503800290727146
0.5080295674049139
0.50084637707511448
0.50249824012197841
0.48909624856512635
0.51082447284319044
0.49839321244336388
0.50508798040687619
0.47990713928538692
0.50130846800436635
0.48309924320011738
0.49722207944746222
0.50706362997561805
0.50662556482307697
0.49689033032025154
0.48952402563042635
0.50828579567094723
0.52067912894891777
0.49886007835413515
0.51670984561005373
0.51353287471602849
0.49417195804830066
0.50026672666763849
0.49745345287669324
0.48546546927850653
0.50935643831161825
0.25695407778118895
0.26980991010655442
0.5064833618107506
0.50543401401856591
0.5151562956529927
0.49526449085309804
0.51237566448516403
0.49262365467714075
0.48761731804238689
0.5003745800442535
0.51340032491904031
0.50824862476563837
0.51893839001338438
0.51077366582121064
0.49909640929945581
0.50730998443527175
0.49670631578259011
0.51056732654775139
0.49865832829769829
0.48651136075263712
0.49321703009298662
0.48940599419300018
0.50720443872769017
0.51610800214699626
0.50880191227784954
0.51025380542405552
0.492126288212893
0.5011255913053948
0.48844453305413432
0.50907514790614139
0.50267114420741843
0.48598861080614431
0.23218727331004479
0.2866760772491293
0.49107494107432181
0.49740525070925162
0.50831346352673568
0.51021932002781556
0.48997501440060376
0.48784703877783619
0.50603943528959616
0.50867462094079419
0.51213815981906441
0.50196868324009747
0.48887939407311259
0.50458412421927101
0.48959960732418994
0.49666010513261521
0.49553363805868922
0.49534543527069791
0.48775569660849566
0.51512129102564608
0.49933335100167636
0.51117065364017611
0.49739398576973981
0.50608322662658356
0.49029118361647928
0.52624831742412026
0.50614901625671238
0.50297892231712882
0.49337986571811088
0.48942938625052251
0.49253115859922542
0.49071649475020795
0.22699988056370377
0.24245351180230801
0.50250527977093362
0.49785753318377174
0.50719532238332676
0.50575881961666436
0.50680422257360769
0.47893205364473074
0.48779086943666466
0.49412902246027524
0.49266635608882742
0.500801354431471
0.50320373480414216
0.49461983530526787
0.49641546813852722
0.49786333016915224
0.49981639466491207
0.48548101812441191
0.50174553691177681
0.50623523247120616
0.50375493821609829
0.48840585720481006
0.50411492454167428
0.49433479572862343
0.48966513893925562
0.49891544790280562
0.51816792223179409
0.49257279268679677
0.48217362876832937
0.48724827278514343
0.50642164139562418
0.50047971374289368
0.28738919735292734
0.23005822099499462
0.47705031309140028
0.49551283259090995
0.50528178606681673
0.49594319234403789
0.49222838045108985
0.47351803120947505
0.47861151189526213
0.48474210735950046
0.49468154998879083
0.49376451266444438
0.48172238666375622
0.4888541634003189
0.50444540143254901
0.49708678071893186
0.49408905159564648
0.49257372720881432
0.49414209023154987
0.49490744499267558
0.49080972869244882
0.49319619870487996
0.5237159436380604
0.51606684201833286
0.49680852475124021
0.49825623330625268
0.47779756737093337
0.49929369298953974
0.52116814060166161
0.49468304045552658
0.48989951405575194
0.49828416202254505
0.26468535908579383
0.21352635480801752
0.49111444212588878
0.48068199444396353
0.50357306816820646
0.51072903242420353
0.50046578184800417
0.5073549338885438
0.49305430468250461
0.51565029977578658
0.50165758029806162
0.50139462921058919
0.48936405066730498
0.50485791939862934
0.50394353506131639
0.47144581742413594
0.48655742684906461
0.49908018575189528
0.50413591711996908
0.50305749008145328
0.49928373793424491
0.51898618939447416
0.51732481950137266
0.48748173622361451
0.5122423996995269
0.49381024689168079
0.49903221366166867
0.48333342456298717
0.49383190426813489
0.49640656306273978
0.50223634195033084
0.49967160014969869
0.3022566754843396
0.24581664617406457
0.50512706457671341
0.50379754126157039
0.48775498836387393
0.49210996970902054
0.50179444700741371
0.50565989556963575
0.49670518499419347
0.48756010204621147
0.4841131241337171
0.50874857959271558
0.50056233871079758
0.49405914763438613
0.50014670278337559
0.50650620556225612
0.51121950036911168
0.49325346007915655
0.51331776975223864
0.50202918619944426
0.50434256180633419
0.5019195056290805
0.51485124036439445
0.50107769686946957
0.50663014487181179
0.49068562834629975
0.48527278075527203
0.49479705349861258
0.50889694342065095
0.52408898485412925
0.5162388423718749
0.50810677852916464
0.23765471184323028
0.25345111760078959
0.50224591588721679
0.4989011692244944
0.49081149363304988
0.507839205576882
0.49205002439474965
0.4770611327396973
0.50312988958123195
0.49742266877218272
0.49916006352967579
0.51789588291825772
0.49949997358111031
0.50860472129172951
0.49612133010776904
0.51805718440869353
0.49875062275281029
0.50672376924000062
0.51084780343720815
0.50752433438805156
0.51778380111398215
0.50452753625577984
0.49012611922672367
0.48544969590937764
0.49704958606147831
0.52040439430296614
0.49395466006384986
0.51875494171783221
0.4946075880824134
0.50053697765431449
0.49114339406945734
0.49960758753739826
0.2428584960256657
0.22330378900316977
0.49643932628277304
0.52497294023995822
0.50057125666159807
0.50745920963000046
0.48359359616426573
0.48349979309403746
0.51134250677587401
0.5103204182755211
0.50802688479911851
0.49719356865447112
0.50312313735692427
0.49154406572288822
0.49568575103051671
0.51109277544457676
0.4826804499427183
0.49950199311187227
0.48911487823994526
0.50923725336667913
0.50014146996992626
0.4897583297541398
0.50031225841778448
0.49870355345273371
0.49138394495433924
0.50094052041296555
0.48092830555655341
0.51052618120728643
0.49823339638310843
0.50289760619192558
0.52357671717448195
0.51265718665834792
0.23650527936711963
0.27644437854026316
0.49242485967777117
0.51863315365661122
0.48166229963457213
0.50004485120218822
0.49747778907946183
0.50643863463318217
0.50609253078057559
0.49498751782775813
0.5029853171699572
0.48872096076637894
0.48892346082870253
0.47963179533218436
0.50634294752259068
0.51430066117576767
0.4976874746773185
0.48996331823914591
0.48688579435510232
0.49267474214921975
0.5014197905375839
0.49637039623237339
0.49793145051328253
0.48981813120285944
0.48952900466020849
0.49051569024419589
0.4988807115175522
0.51040698685754171
0.49004133965432461
0.51983681318093311
0.50186054783697198
0.50410885317014698
0.22352292898000703
0.26737194272346698
0.48762743887934712
0.50589622758233477
0.50475250326751309
0.50844343264317193
0.49571773011034809
0.49313503680829046
0.49578027324738205
0.52692131901507677
0.50341076574972166
0.5122918219011996
0.4870528984991524
0.50263146900398914
0.50127406012277609
0.49871170163626888
0.48548663361480804
0.49268655936856393
0.5058956913050755
0.5047217605480433
0.49400523535517443
0.49974052857550688
0.50923502070563176
0.48796511877590482
0.49831463987820673
0.5094843435932721
0.50174123594032538
0.50575023913257788
0.49835452655070567
0.50505275172394493
0.50857486046615652
0.49500090730570201
0.26652377233051217
0.13589782182858937
0.22241555864976184
0.2423979861688165
0.23192548593590559
0.2464878394023019
0.23375195644844199
0.22838569706228634
0.24256542280567925
0.2361135128548113
0.2193140864074144
0.24176550550573281
0.28511196314765985
0.24582695063664137
0.22712046523288057
0.29022250931891908
0.22403392547473716
0.23479873640327129
0.2415613758579831
0.24721677632915828
0.23188599866868886
0.32513493181221731
0.27261568531113234
0.22735184586332297
0.26954658240269497
0.25344702212352471
0.23071752611723106
0.2319145757438667
0.2320862739360014
0.2844271709081157
0.23094063411353055
0.22498841710391429
0.12399154533795066
0.11200634774028592
0.24706621147925434
0.24221121180204597
0.25191788806627385
0.21863359355741374
0.238295974354404
0.24603084523306412
0.29605854363109146
0.23503239423181949
0.2520224392958833
0.23030815353478851
0.2499638106769963
0.23917483271180062
0.23697702579781749
0.24262084479312879
0.27656253137221015
0.25802642287770794
0.24685022074874563
0.2451534670129383
0.23959373484486615
0.23501188792210698
0.24243371036697445
0.24063366908841408
0.25376863943697858
0.24666001530643872
0.25470144417091861
0.24612314463999185
0.34805869817273216
0.28376354524485814
0.22531704916939593
0.24566525249439025
0.14459275871947699
0.28828922415926261
0.4862403586830788
0.48773870363909844
0.49949059966237869
0.47111104942219562
0.50989660905840484
0.50647585292917485
0.50725568827836143
0.49347480063841831
0.48749811316049069
0.49711056436446027
0.50425044726092183
0.51410287290195045
0.50898068709632782
0.49447979468072578
0.5018602035497608
0.48475413636136894
0.48907385824287658
0.49238784444902195
0.50738137013818507
0.50400571854503684
0.50051383625464974
0.49443512370933423
0.50119785775549852
0.52515417123671793
0.49605256988732921
0.50839258311652802
0.50011520793358544
0.50604690704727584
0.50904712896474036
0.49345117462806409
0.2432698258549533
0.25753137242335178
0.50371782237028528
0.49368268665345189
0.50892478897098403
0.50452108403890594
0.50286731008196461
0.50425033989358914
0.51013904747997629
0.49202163899741358
0.47839046140666247
0.52268784371782595
0.50035158980030237
0.46821337143233499
0.50767494765452992
0.50976066624561467
0.52391172814319209
0.50364797543656625
0.52042305206505579
0.48456554321751388
0.51475287315015361
0.49697908376397487
0.51002735208798555
0.49591325219860283
0.49510304984260461
0.50315319353199939
0.51234412521415573
0.50524497070164343
0.4946258278898974
0.49439179527247434
0.49181415166907766
0.51161484769432575
0.28175425148501021
0.2281568591555877
0.50019576932100951
0.48722969000859134
0.49189924795155204
0.51061759888283043
0.48416233419640625
0.510142107071619
0.49248674079705879
0.4992050576018125
0.5001279493187013
0.50713716841633261
0.49563748646320155
0.48049261241860164
0.49838008530513972
0.50685435335374718
0.50551334394952285
0.50844350392618021
0.5058913562803764
0.49456102297967725
0.49845586138400222
0.50652587992650766
0.51149112071325642
0.50172772376197983
0.48226648384433796
0.48271187253755199
0.50471387189843775
0.50034698678441225
0.49086413809341839
0.48795890059196878
0.50624445914667626
0.50993760367850938
0.2387759452633752
0.28055409270596288
0.5020390534475534
0.50994091849660739
0.48865704215921735
0.5084257984589633
0.48779593706571406
0.50260507828562961
0.48103164528412767
0.49916564974330307
0.51625563553631226
0.50746561645516775
0.50307710865594324
0.50177675390693677
0.50113697222451525
0.51139340626715135
0.49425881332632549
0.50097172700417747
0.49884914378878836
0.49873657587455561
0.51040781283264347
0.50605538708847131
0.48939111666015478
0.49181838722181809
0.49609684386703001
0.49200630086921021
0.505711530224912
0.49958870433622332
0.50281817327591161
0.50025941987099598
0.49592017377295589
0.49731727769290401
0.24665320087477638
0.2735771776595301
0.49975951961758563
0.49944421628470081
0.50448942258376761
0.51218187374319568
0.48706578942008433
0.47418952973633222
0.47799243701248473
0.48281993166763049
0.50095095506413945
0.49691335986999896
0.52689828261399263
0.50035385709329394
0.49800383086328359
0.49332071114600518
0.49415902835701431
0.49455612809785471
0.49096805293828943
0.50271969576867426
0.47070034580409681
0.48974982506722109
0.49928323470085817
0.49324118294301172
0.50941530197314311
0.49103563581849502
0.48698496938386254
0.50123894458651985
0.47352599132154921
0.4959307804019138
0.48557057849583118
0.4886650092061815
0.27479666933013613
0.23723509322337613
0.50403634604003988
0.48066441560772744
0.50025360469812419
0.50079424913148129
0.50046177556707983
0.49439208554310132
0.5089697806932254
0.50229372646899018
0.5128664568132113
0.47818043575310487
0.4917586742334269
0.48561000702992468
0.47408719308767511
0.50987016971924537
0.50669321906793208
0.50447479641073167
0.49705117680295841
0.49816057360631949
0.5013412658484957
0.51192504947868123
0.49944184685326343
0.48366407372460196
0.51061880678010929
0.50020718878256065
0.49568059105957124
0.51008988898654972
0.50739877791449328
0.48522596743952495
0.49354978470984806
0.49592193484493574
0.24033322336853538
0.30652157725561935
0.51449463433652931
0.5102839745397092
0.47492432811186774
0.49902939689426246
0.47383889965901582
0.49017826147812527
0.4925231519340893
0.50737600529581439
0.49231509152120528
0.51314936399930655
0.47852635035353663
0.50084957187311041
0.48393492836565549
0.50197560181009593
0.49972023885242872
0.50445039280316717
0.50691187071657717
0.50126206754049896
0.49143081168989478
0.49642554742784561
0.51248317564236656
0.50976662064898814
0.50126593771409467
0.49771580646347136
0.50763253961287624
0.48897379132907176
0.49010828220155894
0.52310844646825849
0.49457203941292732
0.5135184510505173
0.26467528433791565
0.21052408894660168
0.48857942221483491
0.50641482489618128
0.49117424625611106
0.49252519645671411
0.48846727054253525
0.49882941099342082
0.51438630557799891
0.4888436612533118
0.49481202154739523
0.49861983470320875
0.50299421105594799
0.50032868958452703
0.50875278366073107
0.52174023665918523
0.49629804797041016
0.50643859275843606
0.47981193154557189
0.48208106369781961
0.50600240314882405
0.49625855682394182
0.490458387682908
0.49270050855880176
0.50187214396416646
0.48720901556463309
0.52414294931811511
0.52509407115526296
0.50047363445167792
0.51422799009583264
0.51400439678943
0.49710963402228009
0.22741353225446539
0.23331676635038923
0.51283630190118157
0.49024922988963371
0.48553295897223647
0.49897944799064897
0.49683835880997151
0.51660790357311603
0.49501267486511585
0.49826295772305812
0.5014951209794275
0.49643518676546516
0.5149538312427141
0.51487990119627103
0.49085733707150009
0.48634214716971813
0.4859813303787715
0.50772453220680103
0.50658111692445051
0.48554044114234113
0.47802216386395857
0.49689814027157619
0.50908011927492003
0.49242524392584192
0.49316166983017662
0.5204447976271408
0.49759573876086061
0.51467745348027127
0.51613607200020728
0.50917645970235981
0.50062881867002607
0.519943143408931
0.24905190701462027
0.26053506968086104
0.49516361864042563
0.50460987411724223
0.50207616481609652
0.50906661132783593
0.50133354620158233
0.48435465967992658
0.49148104334871628
0.51406006325304388
0.48773093495117281
0.5172840418717638
0.49416895614775047
0.49153208584549818
0.49898434423486482
0.50125286261557611
0.50124475752248376
0.48137184386093257
0.49615330908564204
0.48633218481604895
0.48421075764332205
0.5147154125820752
0.49288705324717175
0.50220899999443114
0.50815010058960175
0.49527169614878808
0.49073021023072205
0.49272467269845749
0.47849683952949956
0.51234969684243958
0.52223134979991792
0.52253329085700873
0.25034156358805637
0.24271334241397516
0.49632090834144121
0.49394392501219914
0.50102967634967277
0.51223371181504052
0.48526034206204482
0.50941958205130977
0.51575130175645878
0.47889361999629498
0.50113079326248489
0.4968657937233249
0.48838025786368877
0.49252619687857757
0.49010810786961323
0.50174389694028565
0.49890141870562976
0.5138056577662059
0.50517700680752797
0.49500985267292336
0.49899162412574694
0.50673638732516568
0.49569353119800208
0.49019596938409837
0.49414844193889568
0.49925332002009382
0.4865058278112232
0.50652861306194996
0.51160365765197302
0.51794599905605621
0.49415245403068447
0.50225709832709731
0.24314494222006217
0.28161560439706473
0.48367421276708694
0.49721645677303833
0.49914676930675572
0.48965524525752185
0.49422158965921503
0.51202452156003975
0.51318179360188487
0.49049913421889041
0.51304884633792214
0.5175635481816222
0.50717292900248978
0.49008372617109103
0.48306274873288496
0.49574796948725941
0.49977084418154294
0.50623391421224395
0.52069067772466249
0.49944436832832234
0.48324191875240979
0.50313642801796543
0.51328882098338646
0.50163895312925899
0.4942684829792135
0.49142054454454898
0.49294623487289413
0.50166515733652839
0.4947651726343622
0.48925012565640791
0.48814777149862304
0.49093961064927627
0.23781420070504655
0.26427646162679608
0.48487804268628165
0.48104677687301789
0.50852248307275483
0.49719626898061359
0.49629098294990165
0.50169896456721164
0.50557526478934567
0.52048215825434585
0.50488481535762653
0.50843476656508446
0.50997015766973308
0.48843649231475544
0.48780534458877262
0.51075945282631163
0.51589204538497901
0.485101191813954
0.50426387963340535
0.48880250735274478
0.49919751183872946
0.48364933672319299
0.49039972416361971
0.50030889938651757
0.49593357899308305
0.49003028169481294
0.50157062269374353
0.49875125766061668
0.48621941043562678
0.49552094238937355
0.49918729723579419
0.49574604930873672
0.26398998191526046
0.27040497193327001
0.49673262292523152
0.50465073813836947
0.49110652610591266
0.49517691284757781
0.50190479008148614
0.50301427256562192
0.49049202056616004
0.48369442916362348
0.50763035643609933
0.50795588288737714
0.49589639146847453
0.51598019314110777
0.51221953687410149
0.50936468943522439
0.49643419024739077
0.5013122480922747
0.52115133053344953
0.51785083392963605
0.50475539238196843
0.49044276581680146
0.50318962160503111
0.50439115068663121
0.49505995109924789
0.48455630425997498
0.50849884094482267
0.48716487562874067
0.49055050378642295
0.47814280399278747
0.4921267473618296
0.49383796243265926
0.25160941109069934
0.23821753089648637
0.49924111290769069
0.51037224811640203
0.51142635482281484
0.50626970565576457
0.51526274444679654
0.51040750251552158
0.49329176709722006
0.51974648233384235
0.49387467957795306
0.49201000281822715
0.48530589732856783
0.50185011043014405
0.49494031635942376
0.49716441567755709
0.49918616874555705
0.50187252194010346
0.49922966783056366
0.47392989333975688
0.49002835731184924
0.49923341731178195
0.50171402412918242
0.5070749306422363
0.52235659442054749
0.50735747162063061
0.50281108833303678
0.49461683013371194
0.48366619866825855
0.49722510175202456
0.49006681838335442
0.51726881868970609
0.24306628202635036
0.25437450696009489
0.50833015382940872
0.5030342951550667
0.4991932098310497
0.51359054880409716
0.51021904391316897
0.50656510232074248
0.49834030497674653
0.51029971964292431
0.50301716514324613
0.49358577772422091
0.49058652352909582
0.49286158125189977
0.50695679391433179
0.50499505511616494
0.50967998152203531
0.49657858955141126
0.50918032366274135
0.48619110223315631
0.48554589059729292
0.50176318886483706
0.50989774610505501
0.50024026864916027
0.49705543214675263
0.51085183541374934
0.49960416702031735
0.51630871757187835
0.49944904064844015
0.49462513451085954
0.50361873050725459
0.47856581362366296
0.22654818665465953
0.26480854637441753
0.50423051353742643
0.5027309222078794
0.50218021410731062
0.48422924163621578
0.49967128555733809
0.50598506738212456
0.49294212951819527
0.50598592693709121
0.49784043534271555
0.48757573628138229
0.50095037015262156
0.51643051830004838
0.48646746461991136
0.49348040451438879
0.51000254285645463
0.50007251605822478
0.51706667777462623
0.49440289145039545
0.5001228073132763
0.50446111500972413
0.50658145435260182
0.50207782191385586
0.50215618420559449
0.49897725057418674
0.50755311515081081
0.49886411612618786
0.49997244195237572
0.49327209600407934
0.49191147563739845
0.51276293252796978
0.24888611592746354
0.26586739778202717
0.49596440053744706
0.50004162465433821
0.51472609486913934
0.49765985308065852
0.4870984468527364
0.50378109737636756
0.49327816160579008
0.48840047469831444
0.51619698443875028
0.48909248966717067
0.49315325763242424
0.49476503295505109
0.48811582536334291
0.50184224303261227
0.5104068629411298
0.48817077720914309
0.49736499297719478
0.51934304190821401
0.50589020129965834
0.49096626904356794
0.51110531407788451
0.49859142996788219
0.50219282545137023
0.50369570369504724
0.51362794687418589
0.47976596704615543
0.50749990271235279
0.49311540186557518
0.49613960723333428
0.50847736047397007
0.25029757953380766
0.26551406153603135
0.49102118930288574
0.47429709571929668
0.50177380321853005
0.50394203311180918
0.50908884953147737
0.50146343000572147
0.49539635295213635
0.5061642320015155
0.50798502203161788
0.49297269936295218
0.50477145370381704
0.51558418750318669
0.49561889266161235
0.48554857613230895
0.49006835954032801
0.49297087064300699
0.49195954120711255
0.51067814780190257
0.51444331624971373
0.51361243397267586
0.51265532993396912
0.50015561831459265
0.5164614660778597
0.50714497902294209
0.50261310679411308
0.50834555230277956
0.51058094563616196
0.49722513086262293
0.50083624397975812
0.49664945872662741
0.25777151659669462
0.24272552033445854
0.48869698628844632
0.50422829529964641
0.50085276298093717
0.50228051384532602
0.51186843328565657
0.48326654582340389
0.49846752065459737
0.48922994755563248
0.49120188517726721
0.51093985886384652
0.50675054319882173
0.49972377596224016
0.50384164074722659
0.49039695127986999
0.47869146157288545
0.51146366422715772
0.510570316861925
0.49366463489219553
0.4713682212624376
0.49585916730961593
0.51055657289993894
0.5108511210042076
0.48802565808032722
0.5073440793148043
0.48800717470166943
0.50061990203850359
0.49960797712864813
0.51007309106572463
0.50286954671939832
0.49241000859163253
0.24587059236453979
0.28501147063644738
0.48586912746834726
0.48798037277932882
0.48694919872250886
0.51034068893682505
0.50387397099190645
0.49082626137340407
0.51650918013545799
0.48971145955934253
0.4928616246708738
0.47117891349092
0.5011560224400361
0.50746647312893589
0.50096551007518775
0.48715102132378596
0.50810714370439558
0.48831659951704165
0.4834939182569214
0.5049025792104026
0.50193121374027527
0.50575293204057747
0.50746745906342317
0.49251039993417672
0.51788042333605644
0.5039708556385839
0.49364873275504784
0.50341053654158463
0.49508356953746113
0.49897379265500136
0.49884032558274721
0.46782533472856513
0.29013998111298384
0.2662944825736705
0.48115507730496182
0.49098260631569318
0.50974941628603543
0.50871768965735842
0.50919621697613104
0.49121582673622521
0.51411508910213921
0.50754999485862118
0.51579239128838472
0.50339282017212217
0.50645920286825175
0.49836077273351959
0.49814629227749418
0.50012673096350346
0.50967035126430726
0.51221458653709517
0.48780224395293303
0.49709101249864668
0.50980611197722758
0.5097405465125906
0.50608560042702111
0.52112620092451623
0.49363428900146056
0.48552797236258616
0.5050779220477345
0.48064768931672136
0.50270872332884087
0.5058895820216589
0.50511462115165373
0.50606438941066956
0.23929193703250651
0.27541995544239189
0.50870527736790905
0.49682046327234758
0.48907026338049009
0.48556084472060318
0.49756947845669836
0.50486344366786973
0.4932277974744344
0.4922707740464487
0.49421848597746459
0.51409867732156955
0.48900061814398033
0.48846100049509117
0.48131342704579927
0.48729281572427663
0.48628491793643275
0.4996403486837544
0.4940185090647814
0.48865059672748928
0.49641086786420935
0.4829894455382342
0.5029870995165141
0.50305007365305165
0.50494748865875994
0.49530693052107294
0.51574201181883195
0.50006090671797199
0.48785842251767564
0.50007405593836596
0.52179187053964093
0.48925845032598769
0.23570695540762629
0.25901638273694066
0.50487074076339666
0.51641209683387168
0.51596312919275711
0.50506291112630397
0.52472721043152593
0.49808586412294825
0.48877213439396444
0.50118978046016749
0.49284306667357791
0.50587916126197463
0.49846722879045002
0.48168901645081796
0.48296609314873562
0.47981893473529225
0.48284060044666693
0.49877950062421439
0.50976868895161542
0.49306836173681823
0.51785285049390128
0.51466057186275604
0.49117327287612506
0.50450726988052008
0.48595236463408342
0.49497528866247842
0.49538152477921188
0.4983103151332236
0.49707588143092218
0.51251235763044467
0.50156724123242991
0.49500122103087729
0.24088157164278312
0.29882145324630127
0.48318257612689902
0.4821844908309057
0.52023262983394725
0.49857356758650728
0.50714364822534486
0.49476246323118617
0.48859690042178844
0.4919273630449576
0.49890458536780569
0.48720185505129388
0.49120831907037699
0.48301376358583004
0.50024281625210076
0.49486881729118437
0.50811194354174893
0.49949237901861127
0.48601351086425049
0.48420955004122762
0.50050165653807677
0.5058182890311187
0.51928448473024735
0.50915962979141716
0.50549654721399284
0.5108464804800692
0.52212266125463902
0.49330815995846539
0.49791378503654549
0.49463216455314185
0.49797508765508997
0.4912732748504679
0.28192641027606485
0.26849483036897503
0.49728441927058314
0.4875758709488624
0.50584108898524416
0.51212058106969016
0.51095916412594644
0.47951723741732205
0.50099935112953087
0.47657934392421009
0.49312521114073821
0.50029408676023057
0.50079368029654714
0.51291956657133064
0.49137017054953236
0.52425872843424082
0.49340219697404747
0.51299068467801312
0.49364402035964366
0.49925814418888154
0.49718610130916224
0.50801161041836274
0.49903182964702208
0.49649057974671768
0.51771748283854779
0.50709918174385282
0.50425966612399731
0.49585293078640819
0.4928516833994846
0.50504925941542833
0.52078375062410143
0.52614804300125806
0.24601269703674106
0.24263681405048471
0.48745578304066139
0.47560951089864206
0.50551834251744576
0.49890749970750908
0.5229935842427601
0.48097854911590193
0.48931051416226345
0.49695367427819181
0.530356499226185
0.48895834793916337
0.49069374528206455
0.50810905494060288
0.51236457098333865
0.48774717713334786
0.50480854581955303
0.51969314328724325
0.4969598800879319
0.49580822968794142
0.51418589771281498
0.51287806648799106
0.5020976231753318
0.48661502448737937
0.50097890148512003
0.5220156373761462
0.51751159008321423
0.51445083917094026
0.50031434117825957
0.49792378325725417
0.50614043378786322
0.49633123768745713
0.25258292719227798
0.26786579392055498
0.50467301084257443
0.49117560763028401
0.50148544183297927
0.50435945605287869
0.50243353177387862
0.48094100083400854
0.50538776201347269
0.5075776410368803
0.5010668570488962
0.51106925120475677
0.50555395455071683
0.51085072038484147
0.4891794586758062
0.49639422671378891
0.51566502283872429
0.50673039209823045
0.50308152635915926
0.506800656587308
0.50516539757721823
0.48127243600091679
0.50928923844129603
0.50767346014558934
0.51465981798632676
0.52345550552409659
0.51373996501424746
0.50963296784756107
0.49997746638739371
0.50258103495442263
0.49297243057591761
0.52232422575928883
0.2398829420921518
0.23463954368121115
0.5157774881543431
0.49157746999722546
0.50680226581269205
0.50462867006770518
0.51699984515137953
0.49769787006334393
0.49998235595194357
0.49038503447373466
0.48775633376375271
0.50348335092579466
0.5234133463899997
0.48888978931637322
0.49694869325300861
0.49733957771550968
0.51629270666557436
0.50517528898197284
0.50546581223694131
0.50159769294557188
0.50366028658405937
0.49504048628749375
0.48822965068122037
0.49555743815041475
0.49489440913674532
0.49949632816653189
0.51017855352862485
0.50378435570351177
0.49860993169248058
0.49726396900143044
0.4900207647302644
0.50038189896185115
0.28495735623481083
0.26691764365498361
0.50028655332174921
0.48112936107374782
0.49585084844381799
0.49696541641985398
0.50554094450562836
0.51513387300297608
0.51073123092884265
0.49490039425962346
0.49726286042755174
0.51729521146118096
0.50393429137125989
0.48853836870345796
0.49250059226818721
0.50385442232322186
0.5111407042506777
0.49705457565748573
0.49881001541000342
0.50594936607936081
0.51763041852261504
0.49446567955655735
0.51230103253249226
0.52909423124772881
0.49201120017826877
0.49037190384722545
0.48210007771357616
0.50966822689177615
0.50741326275476895
0.49905767240935467
0.50295019513254446
0.49469694321880597
0.23524989576213629
0.16176588013300117
0.27439806303675002
0.2284612076059277
0.22897035030837146
0.22704089296261082
0.2615590512045578
0.26675025525283869
0.31616750120397924
0.26659841088469877
0.24911211353452054
0.3322434091194742
0.23541083492702458
0.24797202745464719
0.25896529835933296
0.23549171377601133
0.25783774107286439
0.26700432976767074
0.25470006099537884
0.25105426856102625
0.22458329756001838
0.25405561650136244
0.22652619720402381
0.25101779490869214
0.2648079701665213
0.26294176964391452
0.23515928475756057
0.27472849187127224
0.27232415111582409
0.26134919531266909
0.26794783230223124
0.24322222802148488
0.10436461615775963
0.12266753159831889
0.27446047227185644
0.28078084547712234
0.23826181540537322
0.28001332945369672
0.274090491940089
0.24321424303458855
0.22513777717306904
0.23292343736299193
0.24955017111519409
0.27963172259761354
0.2236580229431647
0.25058066460478634
0.29490462968052811
0.24598485560476699
0.3003522066342173
0.25964136498761531
0.25508771177547435
0.24294409337065834
0.22293280435966892
0.24858926268122217
0.23626590140211154
0.33179674989855945
0.23827430846621139
0.29362589700561798
0.2492734509451367
0.27735598396339417
0.27618798280821988
0.2296979856016966
0.27715659408713522
0.25691869042058263
0.11140377843979329
0.2420820568477226
0.49079754702029377
0.51332679923070657
0.48726700740098072
0.50266049838383453
0.48841619828011074
0.48617625966414729
0.49968971350156405
0.48396517517566118
0.49591646867529304
0.49276369478578991
0.48957031677613422
0.49726696826386957
0.50695249828955158
0.48648126465538644
0.50391975114311105
0.49452877712086196
0.49978152055779945
0.50269087897547748
0.50391186518868425
0.48874804735401656
0.51683026425279111
0.51137791921174824
0.50380587945138
0.48353787915669266
0.48319550965099922
0.51319835821471105
0.50039997102798872
0.50286399285655148
0.48634185666997476
0.4971354139228929
0.27078185612684486
0.26021987546774
0.50677165284988235
0.50664792280291904
0.4994080556477361
0.51036620833812296
0.50143853910525549
0.50520988098595421
0.48070199961175969
0.4987868927457294
0.50654273285746887
0.49804961464168268
0.49481516251282598
0.48738430691900292
0.49821434092273353
0.49312990914447319
0.47816866036985095
0.509099959256752
0.50427682717693145
0.49728429279985237
0.48199700867341844
0.51190181031585158
0.51527225545465782
0.48573823553792367
0.50173732827923634
0.50248849642439586
0.49415097981225492
0.4959117492314335
0.51413900822402236
0.48335289640977985
0.49616574324059159
0.50556091404043646
0.23430389373294661
0.23259451329935804
0.50893264201282762
0.4755358426449065
0.49810582142970067
0.50962679234511665
0.48860775144380669
0.5129308683837247
0.5067139840836562
0.48719679769429963
0.50882438424908516
0.49649427443197536
0.48289554665250506
0.48213868103598051
0.48633709423119331
0.50921122654405426
0.49809288584383443
0.51711858869424565
0.50296043621064968
0.49299287006415954
0.49348201078511406
0.5180187924930918
0.50085688286448726
0.49598207585198573
0.52330964410796876
0.49910368924435194
0.49035402042937215
0.49494085125796289
0.49499672807942563
0.49414181400785911
0.51303965201223201
0.48762004255420477
0.24597894268128143
0.26801312250339437
0.50285674289175697
0.5044551676430955
0.50665844447515562
0.49827803917973629
0.50480177490070288
0.51037221770884311
0.50737410482407774
0.49207876545774903
0.48684006947603886
0.49216562793212199
0.49463441476237668
0.49141605640830188
0.50243423595992531
0.49905250480435082
0.48485715560954884
0.48783493107209802
0.4969684629323482
0.5130210858760097
0.49886628622948054
0.48023555336025681
0.51338642305656301
0.51770386260717782
0.49736983163520965
0.50324492311480484
0.50365143887446395
0.47518288509979151
0.48527013696665988
0.47375501913707097
0.47869816418625466
0.50527348410774597
0.27370271099178017
0.29224739833753549
0.49821142398007395
0.49401062698767256
0.52287113361644277
0.50731818033956677
0.51070809286233387
0.48212258365102356
0.47349700644734677
0.50958755725520799
0.51174610263967046
0.50990129855778477
0.49490524687977588
0.48998166324144338
0.4844668584712159
0.50235799304223794
0.49675722863203592
0.48866762417593618
0.50404185245583721
0.50786745229868369
0.52450096428046022
0.51408600511846625
0.49800535245904376
0.50677470492763332
0.48313244322457888
0.50261796395438008
0.49970031451524
0.49619588857094821
0.49406420997157197
0.49578683805831708
0.509464480557827
0.50189057685450245
0.26446396961236729
0.29652477008450639
0.5321362275202397
0.51206681251339892
0.50986146313052494
0.47978900258762597
0.50395831500582033
0.5058953351878821
0.51207511487588731
0.50918809879607185
0.51834212288833503
0.50968247175376447
0.49271328430479278
0.49694185491635984
0.51596072018523098
0.48126373137109735
0.49939453150359958
0.48804924553439893
0.52426687802135796
0.50065899709551698
0.50724358414186399
0.49443937205284644
0.50050716046936394
0.48594741072252906
0.50669834441939987
0.50651855221370889
0.5156271212187985
0.50612312653512515
0.48903584922737336
0.49501443588922306
0.50117584859068198
0.49726040744956612
0.28243235051056592
0.25340469848968766
0.49496230419346687
0.50422416824505945
0.49295324138482327
0.49931858218364766
0.51646598573635438
0.5083709883520342
0.49330542087177348
0.50098896629843037
0.48363360713192288
0.51544445155514362
0.49599370415542759
0.49904011217073879
0.50259791171296109
0.50416853663808592
0.48688603875952591
0.49758906203426873
0.50590633267391039
0.51389052484900222
0.49708933883147444
0.51035432171434991
0.47671511651849113
0.49572881523867135
0.49966243672076949
0.50256458237781676
0.49817163044932583
0.50597752766706339
0.49014373030603881
0.50140070196043585
0.48268202080738865
0.4918762930672278
0.24382473445168412
0.2422676003450005
0.48586587453132801
0.4977299896825344
0.48211184505535126
0.49816503823003505
0.49246577176732453
0.51384129123242672
0.49404091966568275
0.49577537147821249
0.50892149253895547
0.50881794887406173
0.51283323470436037
0.51411215736637383
0.49066455701644979
0.50752196823486784
0.49334149733721139
0.48146014730217318
0.50344059987158329
0.50375116794193753
0.49851150155539486
0.51472942451225767
0.50150503908795152
0.49690975968897416
0.49718482885315152
0.50438087405494836
0.50829247734068717
0.51024867446737188
0.49231579993595248
0.51311710297257807
0.49970712858052507
0.50638129586725589
0.2441643447753559
0.23864607786918279
0.49468598800569308
0.4996054331579643
0.49792601903416001
0.50203733625015401
0.48746542710738178
0.50923134128332381
0.49447342342934125
0.49746338624378184
0.4824211417265421
0.4915896717028998
0.49734884095738052
0.50429806550734591
0.50246806556912604
0.50702342973945325
0.49508892857328241
0.51534954763494079
0.50288369070790961
0.4844621898723448
0.51648659947230346
0.49969004602105588
0.48439175076727947
0.50677587056021622
0.48491192182089937
0.50904721142529963
0.52196861977462983
0.51128343564872303
0.50016710475506077
0.51298845777510538
0.51487515147043317
0.518231582820597
0.29095891164504301
0.23646897672819059
0.48800615330765179
0.50474715632696288
0.5049168286114496
0.51075181848195639
0.5004684608877592
0.52200578771135997
0.51170084977912345
0.49592033595843282
0.51119646162529453
0.51323688667434963
0.52349791316067129
0.48935815741569555
0.49228723197924384
0.5061420483201704
0.50991158154184391
0.50830853070991022
0.50558909831733867
0.51056461491439209
0.51029380492099252
0.51577700792673309
0.51161120795597281
0.50648270907775306
0.50330791375724027
0.50769865497681588
0.51621336221211167
0.49991329070482471
0.48980372281566048
0.48436917456561074
0.50734103371410211
0.50513741233678033
0.22775002247103454
0.25160075270891857
0.47946979714980587
0.49172537941870703
0.51150084397453144
0.51396834008531833
0.50920166419882273
0.50718484124412389
0.52315051215353126
0.50997077129074142
0.48407912106575252
0.51746905195472348
0.50748043813106081
0.49251851120504359
0.50461321739373777
0.50975311142588264
0.51068543318659654
0.50664715794914106
0.50734249061619741
0.49760955210393959
0.51770712954601317
0.49343649831139419
0.49694282759897784
0.51072393374049696
0.49585828757491757
0.49565828407105839
0.51189235283586654
0.4946341560519727
0.50929627712485026
0.50441456372530846
0.51054882129049595
0.50204054676427889
0.24547223098389931
0.243687694546705
0.51514148606258148
0.48442660964980189
0.49925737347975457
0.49280468442725373
0.48941504249026202
0.50534079991668035
0.48736940433730885
0.50634554192693104
0.50019050609537985
0.49963455065126311
0.50213195259571664
0.51774348875677045
0.50178398553893977
0.50104686669169662
0.49872708044155412
0.50115194964342979
0.4931868781428419
0.49049176766505559
0.52006356682577937
0.49158210177223066
0.50966549355872681
0.49415673559347029
0.47991114518326794
0.50413454403139046
0.50366890103822248
0.5053386611358085
0.50835109073046392
0.49901806773945678
0.50174727013629061
0.50586479845185661
0.25537039173732479
0.24596068498761248
0.47752232785628385
0.49110320821592457
0.49740498429584651
0.48819147587891287
0.50600647387008946
0.493898366868951
0.50980198940269317
0.49912996542505261
0.4848035661457501
0.50477529607828964
0.48804607758698321
0.51945801576830797
0.4961119246272544
0.50929221994665974
0.50677378567098308
0.49407857108025555
0.48603373467497385
0.51835311425146302
0.50681626496183629
0.49339093872257855
0.49839122126915769
0.49661015883772197
0.51293805951904825
0.52095306847147771
0.48140180530169741
0.48901248492410482
0.48554187414881367
0.50352030510917234
0.50916546085529457
0.47717128849752904
0.28721435158520825
0.25443562615810694
0.49949769037031921
0.4930676219401024
0.51133804089041168
0.49580181733178685
0.50671844452495296
0.50439742260146625
0.49979308609909745
0.48983885429402574
0.51657712098091613
0.48402238771485251
0.4962114253209875
0.50620552946886554
0.51061484941083712
0.50400386022349752
0.48692151886731583
0.52381471328849893
0.50428727183849398
0.50549931276254534
0.4922874343320513
0.48685751476090777
0.49499648706103
0.49106657897770617
0.52858863381118548
0.49950736978688681
0.51554597680405834
0.49583300496731897
0.49618877765844388
0.49593177159418478
0.49055697585647912
0.50635116669178026
0.25684399528510976
0.28665694609950737
0.49438338494118833
0.5020194468649003
0.50064174397272665
0.50749737358976865
0.48878092679513335
0.51113188913297369
0.50095528557011604
0.49314115658966273
0.49489224763915413
0.46354931813259193
0.50917201343437124
0.50538318864591236
0.50787342528559787
0.48851232834118213
0.49629481912378187
0.48835986119602198
0.50543128323941056
0.50108988480108974
0.49852240341518828
0.51486947973506092
0.49611753858980467
0.49674445638505516
0.51371601185433724
0.48247389536617097
0.49313166670664837
0.49420993382828882
0.50299197284592057
0.50335430848113016
0.49034284622663721
0.49028574037321571
0.20966468897450735
0.23630324255573432
0.49616951137175891
0.5037404714671222
0.49652530534830724
0.51553757777875375
0.504440626231625
0.48859163891733376
0.49322972373385504
0.51294203637302815
0.52062807705927694
0.493382189371456
0.49116247239877292
0.50314104293209039
0.51040904100783668
0.50739215933794979
0.49948262793164516
0.51735292473524308
0.49239004028971256
0.4849517543958779
0.47740117780097208
0.51475077630602151
0.49956331354289257
0.51823139573134558
0.49391804459646521
0.50170103732131199
0.50460307958295392
0.52866604068334599
0.50156967374511063
0.49395733172115031
0.4954514280411863
0.49909303664682098
0.2283357267850944
0.28292139096539681
0.5048165573606942
0.50807699631951653
0.49547504085827399
0.50119215181814414
0.50039803559280294
0.49747084848927342
0.49252019342429065
0.48807093917717004
0.49100458980343842
0.50567386265429182
0.49205100644080901
0.50437604901236266
0.49839884978826249
0.49312378020247272
0.49738380379820185
0.49674010798788443
0.51941945301869552
0.49070703269036703
0.50451418240407064
0.50647957769174734
0.49302225894121193
0.49809517909752343
0.47296489332730918
0.48557555425856774
0.49168505361141807
0.50924376284673867
0.52298077196077075
0.50961451355408693
0.50177533840948074
0.48530526827729509
0.27311899865473199
0.24171018542518352
0.52130512662106865
0.50649447432576822
0.50020448500459913
0.48547842622198428
0.48859048122013959
0.49769703237966328
0.48719499198546762
0.50197834460339186
0.49754478671156638
0.50998554469191282
0.49289839509655092
0.50942270102297826
0.51702339221781579
0.50006298914726233
0.50606411348682478
0.50150326674841617
0.50797254941612613
0.50096489211714201
0.4907823121690118
0.50772039395953739
0.49405921359526445
0.49726995020626552
0.48132747613353
0.47773104168947755
0.493399159543918
0.49170544452273385
0.51534019020911337
0.49608805949016732
0.50113742412444395
0.51570781047513969
0.22842515756013324
0.26471971470890798
0.48271261100879881
0.49627075705638879
0.49257128105624326
0.50240525160155936
0.50837315057387955
0.50771832829637586
0.49023530034027524
0.48771549476480874
0.49298129698427773
0.49575266696680798
0.49895148650187804
0.51947622423090734
0.50096777295713357
0.48854058410191858
0.50330037857174836
0.50196170270264895
0.49616408526165856
0.50845711568346108
0.51593180853746301
0.52443461548079007
0.48858720989878757
0.5131595004486813
0.5155753428851555
0.51050703250273544
0.51295703803369064
0.49932145994637456
0.51335525704426488
0.51547165679892049
0.50838218230273169
0.49089508742855348
0.29871938840616452
0.22314304176764543
0.48761710623444188
0.50678568891076814
0.49561637410529452
0.50157019246886436
0.5141304844153366
0.50543249871246898
0.50180527870884784
0.50088369942953148
0.48906311033403055
0.49701479160997347
0.50091539408993291
0.47765515113412838
0.5016815602763891
0.47099274441919065
0.47813298079839278
0.49535443173141319
0.51756359282065001
0.49640275431347175
0.49842630756472439
0.49304265943928427
0.49693852928384274
0.52847975974107464
0.47600489173945831
0.51389401190621808
0.49709251561058693
0.50486108402234786
0.50057304909879063
0.51142932866641444
0.49429023400360816
0.49296033303747255
0.25858046754281205
0.24337785843808718
0.51152565946624995
0.52548739883765749
0.50449091095030518
0.5143683716147015
0.50772676052651644
0.51126346224895802
0.49370078564082365
0.50696569674772918
0.49177431038433139
0.45936810033327857
0.50361359117743165
0.49700535339982005
0.50688800077176011
0.49375348469373292
0.51344681263791914
0.51390596405643429
0.49888299693057919
0.50343375554117953
0.49824773165497821
0.50818316487014059
0.48194878098715666
0.49958823909678657
0.5053161666423488
0.49515695611446042
0.506830889375814
0.50489567289019566
0.49856660348368748
0.49430770841325888
0.49200998515179928
0.47256721456662759
0.2461700558974062
0.26041516831791833
0.51362626047316751
0.49331857480758484
0.51411412670284085
0.50263705666798031
0.50598665396063058
0.4930847326531887
0.49957526156288107
0.51511852954369997
0.50605310896677957
0.49103003926267108
0.497169286250501
0.49791972228741038
0.50061611754524715
0.50959149007240456
0.50794494072161989
0.49644912703003652
0.4917158140557284
0.50134753440414448
0.48923596379442152
0.50810337535470129
0.50618771541807872
0.51836721067181979
0.49613931995332144
0.50141014968370545
0.51037640540368334
0.50876278104772177
0.50990760209439623
0.48563625526747817
0.50514220108392915
0.48564835089993463
0.25439768296329879
0.24675209601399145
0.50314976050500171
0.48887269166691183
0.48316999223069806
0.47643629068529525
0.51161634442584214
0.5005333828283598
0.51140700539233719
0.49759216857212729
0.51509943204074948
0.49265138609349896
0.51307832565154743
0.5053054895385577
0.501282930884966
0.49572859367320321
0.49068401121031074
0.49681862843678337
0.50508799685816375
0.49132702876996948
0.50820960237370305
0.51303044813679843
0.50237914571129394
0.50440670901460238
0.51263981995858543
0.49727849817805964
0.49856984822891237
0.49665039367025088
0.50593794818152538
0.51761970019009529
0.49963836590987437
0.49548579728335135
0.23789900951414336
0.23191852335649721
0.49351284071148566
0.50883402319487459
0.50887199376151682
0.50617292173609563
0.48646132002611681
0.502201420071407
0.50491392068449548
0.49879434332287464
0.49611603573414031
0.48157087569013718
0.49437509728968276
0.49362411229826553
0.47737533513741992
0.50047297005626112
0.49695822372898896
0.53648808032179407
0.49590199936031459
0.51686408518147464
0.50383723024948557
0.50686672716301839
0.48842624802808426
0.4721826489947189
0.50698215147064651
0.50081735328284038
0.48944442871380783
0.49288746969039043
0.49110652646015795
0.50720004370621097
0.49111736447449517
0.48925856948536883
0.26986241205952682
0.23347426293972429
0.51594823123887024
0.51393691899354033
0.51312584360833591
0.49224740256807675
0.50145496121292665
0.49565077894082832
0.50530019302711415
0.49141983564456276
0.49300588765621828
0.49256536636824261
0.50567806771448653
0.49088140825216076
0.48962436055261183
0.49502518284576441
0.51410607873867364
0.51162082109311213
0.51585731678894331
0.49496879147336809
0.50476409471190342
0.51202695646562624
0.49627078253220619
0.48795452791039606
0.47345136520783948
0.50706491969648415
0.48479175831982008
0.50387510250160772
0.50257509042059134
0.48514840447662716
0.49568008315946688
0.49830455370235388
0.24575547761666541
0.27877125777723449
0.5143881074544665
0.50046183309994352
0.50428578935471102
0.50310131478994924
0.47801247925948998
0.49783101710796135
0.48799203285600395
0.50181020292923773
0.51617231549829512
0.5073033076407345
0.50481435282789799
0.52196587254393856
0.48688565396652306
0.48740341816792693
0.51671970235959397
0.49919861790786679
0.52253466027772377
0.51566321385472624
0.48533015730453516
0.4854871341707796
0.49192013190188022
0.50903696101056894
0.5088476501213437
0.51751861748944794
0.51031366243561294
0.50341296472126784
0.5135770401633234
0.49427000331951926
0.50174594885788915
0.51342235788090296
0.23160084330072597
0.25140944269368998
0.50425767451563119
0.48284253337253596
0.51458812522057917
0.49487642767888473
0.504308758160254
0.49688381221910932
0.49529337542944951
0.51563141483047437
0.51171448801226938
0.49919221742238018
0.50194216815167103
0.51704374773611839
0.49173718551284551
0.50244061350634817
0.502196011241548
0.51743574037972562
0.51846137226675693
0.50803478915969169
0.50340010065660978
0.49747850666679455
0.481891531171175
0.48414796931770998
0.49654559682128874
0.50701051801355213
0.51638954930557024
0.47990703526125744
0.49281928806052605
0.48421198289518996
0.49700012164486707
0.48996212233157516
0.24381914163938523
0.2432904120215246
0.48275678177786668
0.49424295071243413
0.50141041592771995
0.486504984644543
0.51612127087714232
0.49730735163416145
0.49623491739282305
0.49582700080569242
0.49949909215123584
0.50899035487548538
0.49842653823967076
0.48074121726406976
0.49762550734368266
0.50802876302668221
0.51144432161779863
0.51003386551248875
0.49944798413832336
0.50769823697137118
0.49976461995328469
0.50231407140777817
0.48690281028157201
0.49379679635209495
0.51632238382628393
0.48447550085804281
0.5148266963668493
0.51231887069560711
0.50506130454703912
0.51602039585597492
0.4942004217887549
0.48306327009525646
0.23755802842579946
0.25491695436707329
0.50107462313114892
0.4829753450277961
0.49417122064498076
0.51038716531346373
0.51188595761694866
0.49488970435577534
0.50668447992225996
0.5063273104449123
0.50438131225945759
0.51147288379155453
0.48451798351131969
0.48538509827875947
0.49079978639292565
0.49916964545636788
0.50942058868436491
0.50648088853173034
0.49181100569628283
0.49681861127952848
0.50545000998357448
0.50237821182550368
0.49486866295582671
0.52502553685831421
0.50527093906160891
0.49802415504402814
0.49328853424974045
0.50250983680636618
0.51166841501007265
0.49624630982951229
0.48539372540518388
0.49085424882774104
0.23826150182661654
0.25464578655204745
0.4956818095316905
0.48257076462773646
0.50961363614588295
0.49525545427432366
0.50176909454822416
0.50093656140314224
0.50420576185250032
0.50375859119957678
0.50402514984558422
0.49430913464643667
0.5088888351028531
0.49884676620296892
0.50716758518986738
0.49012846618159206
0.50050125264861089
0.48904984585432315
0.48524313224145049
0.50852478249421329
0.48988226419024183
0.51017501975727941
0.50421265001904425
0.51441333283083535
0.50933568248924876
0.49541314830164812
0.4786469585228284
0.51283495319501782
0.48951528772057729
0.501949592911906
0.48103391359063441
0.49417982190181703
0.24719389057358226
0.12459222183622681
0.26722855435426435
0.25700594694903572
0.21623144750899381
0.24362410116384819
0.22627267660815287
0.2408286599571208
0.21908183317493579
0.28345025603262874
0.22865408041555688
0.231406194239515
0.22814853669441376
0.26775989133180317
0.25439333912378026
0.23554063467635367
0.26946866003964731
0.24424335185215792
0.23949272263328952
0.22961872785265436
0.24497405000964426
0.27029932721093275
0.24781661839304486
0.2285226663557938
0.25767137980189531
0.21201299707669019
0.25246831324455776
0.31015603256588914
0.28044823986182704
0.26502458005117746
0.25230986266214261
0.25193593818256449
0.12418815056036157
0.14553199049992599
0.24874224014372309
0.25103842415086441
0.27281705148854113
0.24070394197452813
0.26053386203787021
0.24995708952106888
0.2697479566253656
0.2405977300792414
0.25958204921568656
0.23216915272711139
0.23845582633892198
0.29247125179382488
0.24832674588751963
0.23589621362781396
0.2508243216585303
0.26034012103757942
0.26390307922389178
0.25714127892618871
0.24745978706946553
0.23350174259030923
0.25501551461139205
0.25637223338587894
0.2431823494398572
0.26647781148545224
0.26432901117452046
0.24461828218642495
0.25553430241148506
0.2180331624227704
0.27509252850049032
0.2503743882061199
0.13877616258448147
0.2378267267894574
0.50485901921985599
0.52354651146887032
0.48899251421800149
0.50246396457621678
0.50791659308167814
0.49649691332994694
0.51228633731526096
0.5092596951262589
0.49521282357097057
0.50197390442548473
0.47477135655106734
0.51036723054746869
0.50821665280332395
0.50980217259815641
0.50265652451723875
0.50761109670282167
0.51851806634502151
0.49857766174329132
0.48576071977985719
0.46273181469068692
0.50361247136899245
0.50123885465678408
0.51046544349868705
0.51043671671018642
0.49279101739665926
0.50441067279300311
0.48576157256003599
0.48512131786947416
0.50293485367827462
0.48918142590592262
0.24494155678703947
0.24595450128732177
0.50026740939196923
0.4992841721026523
0.48633474310743913
0.51930689599681756
0.50745993334094996
0.51891147736924459
0.50884110475466426
0.48981519210835384
0.50861947814110942
0.49777464663099064
0.49905741967736261
0.49457662644190564
0.49760348783203467
0.51286380138561571
0.49585305572600691
0.49448376558408635
0.48678405451249562
0.48407720109216124
0.49650132160624744
0.52915294460755424
0.50145895095424864
0.51334602642170479
0.51380097305672834
0.5081050401611662
0.49890576927884872
0.49183044533926024
0.48117578321663562
0.47125792744174477
0.50284941833360264
0.4970875397208479
0.22078222205462214
0.24391123297508735
0.49047039582377167
0.49348075125519175
0.48857775706299017
0.50711313788181889
0.51977577768178906
0.5134748438255482
0.50135785022099189
0.50455863917589827
0.49861598090846027
0.50009550901846911
0.49641731112183513
0.50606675511177879
0.49996217933596915
0.51278756734034858
0.48425798370548184
0.52077109537432231
0.50493429120384459
0.49358631597957814
0.48214186390838171
0.49451840376902007
0.50527513400237489
0.49244380538277593
0.50350873970666776
0.51352085435280015
0.50407152985841863
0.47861880470535062
0.49711507773261288
0.4963763751170322
0.51121801675556178
0.48782484451935315
0.24580626349599957
0.28597516002984374
0.51538730137515831
0.50964971893676203
0.50839648392359649
0.49476724463633792
0.49875075666103158
0.49965758518000231
0.49544131773600086
0.4919784319042213
0.50251693227772409
0.5012212948422331
0.49873917415308344
0.50746743393560367
0.48872062428577068
0.48320454264781898
0.48751452198370626
0.48502760293595271
0.51368979652758817
0.50192244107489326
0.51042172139694475
0.51964101797422102
0.49808572564105408
0.47456429300508696
0.49161081953162294
0.50279023418185875
0.48121361802231599
0.48985334644593109
0.49575716750085458
0.49725371991649647
0.5109597701533507
0.49485101097564282
0.22034283607795241
0.26388567317614531
0.50300918592079502
0.49375310392380994
0.50645121660461223
0.50570797249533939
0.49780899801534384
0.50754537455700144
0.52326944358713334
0.51105834622469715
0.50321338845740249
0.4873709123273709
0.50235831395585773
0.50562102823528154
0.50603388656583592
0.50413611130566094
0.51409884617835155
0.52121331483874411
0.50846473966413308
0.49277599053160243
0.49575175390607906
0.50295310758003953
0.48156126465945337
0.51377905364741316
0.49420413108429273
0.49213744010284927
0.49222860661997608
0.50036718963949378
0.47343585325789533
0.50350784797748338
0.4908870886235891
0.49708251821432059
0.22196290559927656
0.24326687936316954
0.47446579687596957
0.49277521350100412
0.5045493987560179
0.48070779815486397
0.49140237604709708
0.51138042888471258
0.50385782935179058
0.5014093865191811
0.5034750541624099
0.48591019663758234
0.50354205027986232
0.49383731004428366
0.50917850878793858
0.49756074811209172
0.47437554051800118
0.4993064005961268
0.50640681927812059
0.49680503630959644
0.51485387140282668
0.4918882841322455
0.49724646473008211
0.50571757915968085
0.50097298770008447
0.49743973341341685
0.4928121136263709
0.50117825636803437
0.48342392498606634
0.51216697674328482
0.50479806952802264
0.5145234897525397
0.23674097892333848
0.24739317399379177
0.49758635424208908
0.5086857431145736
0.49009435505114052
0.48494666528867331
0.49612938842498505
0.5267088851683569
0.48861283627262175
0.51336235509481942
0.49739572410200905
0.49011824870331239
0.5124581389131313
0.50274701987418091
0.49980174663111254
0.50173667616520157
0.50528677864184612
0.49742499562770276
0.50696708182129246
0.50687845368302842
0.50822109438273266
0.50560084305732389
0.50985920588599365
0.49178851821163722
0.49374183615646733
0.49070596155323593
0.50124357382702234
0.51828439570500362
0.51181658481503212
0.51257191465986862
0.49918097668212535
0.51441209069641969
0.30661392842269986
0.25859895031433205
0.49747039379909846
0.50582546109983073
0.49009756743246347
0.48434119601035569
0.5154301176065853
0.50323694412032816
0.47452287773983026
0.50388916965414088
0.49178941990822583
0.5189369780226043
0.51866913502408118
0.50682400676317296
0.48307088125670927
0.49837758119511194
0.50856123750293813
0.50922231881890989
0.51300598844163736
0.51108257394798928
0.50036260090825224
0.4937557347989241
0.49774616835912466
0.49055775057306716
0.50656791648054411
0.51021696269555872
0.49123905508516563
0.49220359941928099
0.50512999601916975
0.50320748311737207
0.50429106410637081
0.49715106592493702
0.22468532544447442
0.2324115688406734
0.49363091333839298
0.49741411949597059
0.48975188864456953
0.51502503442010239
0.49943801689705941
0.50628510793207038
0.50087242173138402
0.50397862844912433
0.50089681327594227
0.49522610270500522
0.50823872217694022
0.51023535399379816
0.48131107590225319
0.50142297558764537
0.49639102638787075
0.49168691145356935
0.49823772109143266
0.51158866244049839
0.49219320887319906
0.51028924845726986
0.49430168838166294
0.50258121656888244
0.4805578213469634
0.50477854408431211
0.49813151302212494
0.4837054875778089
0.51068372363894099
0.49016113553551105
0.49877181789301478
0.48789293542375783
0.25329462568521099
0.2422445702587056
0.50846414794059502
0.50145167427720361
0.49202941603071398
0.50553659928693162
0.49359195140815532
0.51267730925308008
0.50680653536905962
0.49170174005388728
0.52506989470015597
0.50082404014090143
0.48434403626442557
0.50494611073067375
0.51196060834476365
0.4965652559431421
0.48947536637462369
0.48878182499936351
0.49560662418577567
0.50696004076137635
0.49695506338515738
0.51302718991478069
0.51726925145256486
0.51764391113040065
0.50244593480732536
0.49356492144714442
0.4863068644897775
0.50440033825406883
0.48477592039792566
0.50625903780485981
0.4849652984406429
0.49618407460265312
0.28604713486615702
0.24547890757962326
0.49590259687604837
0.50930393028824605
0.51204864473749212
0.49040627597215813
0.50285956750201211
0.50397297784967598
0.48995284287206148
0.4873105309875031
0.49804486505659434
0.50056684742812363
0.50744368179446253
0.50701718021122688
0.49901918254811517
0.50445939008512997
0.51111484608052449
0.50003834235092748
0.49171454297528711
0.51264650093095943
0.49575998427811374
0.48665349694642279
0.52111617567006974
0.51099425051189351
0.50465936693567215
0.48736177627072091
0.49380381300750892
0.48936476358498437
0.49875810378394031
0.50274724166491869
0.5158364513294359
0.50029445405416284
0.26073023789163907
0.27467303042540681
0.4835307578891917
0.50259451430931068
0.51561327603339835
0.50367845611727213
0.48182578248253261
0.49488415671836372
0.49490572500327973
0.48897539912614862
0.50033674189586674
0.51368279119146343
0.47269199562372599
0.50854583969378353
0.49314638643260927
0.49652216284764139
0.50726711625009568
0.50278155973787908
0.48916900784802397
0.51909565496220345
0.51037642593040711
0.48970850078622263
0.47789320505399563
0.49250689411874243
0.49037693877315314
0.50074742469816735
0.49722195418189324
0.49444601422279733
0.49013475514271182
0.50235154289957173
0.51281392595225617
0.50170780336708198
0.24418780501667281
0.25958306460575231
0.51914512954385272
0.48944679929257706
0.4850226499506885
0.50406592692185603
0.49490991407086599
0.51181108977703482
0.51663076573963074
0.50047969570547002
0.49129001263137712
0.49682885119053682
0.50024570929604151
0.52336893546401453
0.48663780764357067
0.50456857731031068
0.49300619151079828
0.50639059616744064
0.50243963947811976
0.49274242488214115
0.49870846140459185
0.49865168460682968
0.49716836499806277
0.51779496821786963
0.52045216040564368
0.5090723457234857
0.48734882638244853
0.50208108709486043
0.49164338137006869
0.50619472827257561
0.49218133645684886
0.50319797408330014
0.23226434794317602
0.29603861692855576
0.49853545614651612
0.47876324210942406
0.49707145823700327
0.49254403683441761
0.48632942021507219
0.48473069941798863
0.47960581218434217
0.49363309644465725
0.49219353176024661
0.48412108857574965
0.50084085531444911
0.49093653811693638
0.50082920986588075
0.49986185807433053
0.49703787251206372
0.50345070101943712
0.4856467293508609
0.50761887861527599
0.5068335201119526
0.50863470298123314
0.49984975149758448
0.48869168143647862
0.49639477583560898
0.51854892803645369
0.49814634338400715
0.48958855086799064
0.48683460976688908
0.50397347267838721
0.50528764744069421
0.51243926490946701
0.24374574651558742
0.28081140249379716
0.50133651069595198
0.51257730292963943
0.48832893049098614
0.51158516463117298
0.51569937602183924
0.48306247420694565
0.51152169187948027
0.5132899786779489
0.51693777262625096
0.50544855027777191
0.47633444696278193
0.48441905531424762
0.49730260716992442
0.49985889533157901
0.4896581774539599
0.49985781575714699
0.49607633980943605
0.4881472049245873
0.50698290955585545
0.4963135656106839
0.50018816635840058
0.52319320745278297
0.50851332590443243
0.50373883906165373
0.49515650503876896
0.49886842285614996
0.50933390571226422
0.4849069624089366
0.49092828313923348
0.51416280838175243
0.25974224358639264
0.22796453638928815
0.49638948020697754
0.50827573020507566
0.48506758312089399
0.51017751621548135
0.50068650457669861
0.48978427216388443
0.49737650572397196
0.50887706232589636
0.48968796141678639
0.50415072522486926
0.48971807084014429
0.50835251635418865
0.5262439766404553
0.49536959803961267
0.50752646826943115
0.51389747271665864
0.48298600873753406
0.47497285126527955
0.49075227370518915
0.51626715545204016
0.51068401885450032
0.51693283482082231
0.48744731421074117
0.51223350403131085
0.50867181026695329
0.50600095482590146
0.51180756069332745
0.51946027785094728
0.50930278739711121
0.50599135645219273
0.22220848789719794
0.28151009555835727
0.51455487105643227
0.50307163115382503
0.51284243344926217
0.5144066697784897
0.51972734495180417
0.50522817403984788
0.50478005339749643
0.50525379209650578
0.49612455704269659
0.49619176374167678
0.49338119224472632
0.50827237545445381
0.5112745641709614
0.49615182489464971
0.49581644830878524
0.48375797274699239
0.49726871915516485
0.48327499715140776
0.4979767879201567
0.51478472273777687
0.50421341334328873
0.49273784937860704
0.49687296374037127
0.51118646422648972
0.48932120156293268
0.4940813096941396
0.51440318162973886
0.51299241314376565
0.49758616483573659
0.49066445943771209
0.25496829741533134
0.26442508823916838
0.50232129713390195
0.51916911599554472
0.50125908448455758
0.48512742924450036
0.51167805274411249
0.50931629540947387
0.49892537993517921
0.49354086954034482
0.51296016366647734
0.48402845115089638
0.49211263987034554
0.50106710455733805
0.52996429806887224
0.49151679018244065
0.47866305858593594
0.50673297642245985
0.49556857398179271
0.48893417776116455
0.4848894583727224
0.49138308007513781
0.50177328943409161
0.49410239748746809
0.49166297296409123
0.48952429519669621
0.5015680966491306
0.52129792271045805
0.48942053910173394
0.49628127469144223
0.4949021849079786
0.50667903018377625
0.26359515290327562
0.28704144265164327
0.50892944881131397
0.49061455992372183
0.5090455746180198
0.48660585847376442
0.50234576675160436
0.49878621064614348
0.50900230427378401
0.49820657660425421
0.51585986209444135
0.49254616805332069
0.50231189772351981
0.50517089549005068
0.50422192931077381
0.50066040215229746
0.50762635646814791
0.51479093301382506
0.49346032484577096
0.49928021697542252
0.48931434803164503
0.50127223797126785
0.47850050215172285
0.50396395409188799
0.49209091579085013
0.47806164256155109
0.49723529539511108
0.49313034260587768
0.51053988660292959
0.5080527411061655
0.50554500478400699
0.49854595712354871
0.25663945657220899
0.26404900852843882
0.50670249449711735
0.51327157370163867
0.48877822053524572
0.4996364947921505
0.49368856020106788
0.49326117233418698
0.49846557853568807
0.49953326028188766
0.49020745694494328
0.47988313093120477
0.48335241718373112
0.50310182274373794
0.495828759040921
0.50010752559560989
0.50233859117987634
0.50941216370217146
0.50535271347465638
0.50511478288750222
0.4980019935050442
0.51392429875544277
0.50541361072311219
0.48815146933417708
0.48800688558177269
0.50789497120034521
0.48807585620262439
0.50013446110024962
0.49952045416416141
0.50595086473311357
0.49456111146263371
0.50339355429635813
0.27687354595072095
0.27392854149565349
0.5000384881830886
0.49583920379830837
0.48861938605803523
0.50343638523104017
0.48210440284565975
0.49139884084177532
0.48333265197171549
0.51994414043457338
0.48779758821476649
0.48716908770751249
0.50777672967223098
0.50269261541911503
0.49072240659224342
0.53144698464528695
0.51071239110829758
0.51493709734491544
0.49324459434026569
0.49965301403827211
0.49415035891686404
0.4939488110842985
0.5078653786701357
0.50567917964908349
0.50314915750531075
0.48887180058483759
0.4984733565693833
0.5081943080993947
0.50027421306451969
0.49315935347224504
0.52740887279207049
0.48573722776523931
0.24934731854074624
0.25377322118042578
0.51806747898954331
0.49467066861509579
0.5052571842575041
0.4970496970734109
0.49013328240222509
0.49798767688770185
0.51453024205756948
0.50106387200077729
0.50134576866706848
0.48735308825116247
0.50108301608368311
0.50848457734369346
0.51308991184648944
0.49847706154692534
0.50021611153843681
0.5103130739482068
0.48464818887971761
0.49611193292039296
0.48732941671801733
0.49471574848432426
0.50317201691826452
0.49399698658830937
0.51224492754158979
0.50066536002832873
0.50341766172070634
0.4999732770718992
0.50557599422700927
0.48243362498761438
0.51915603941915167
0.50785051274497128
0.24044131970678223
0.22643704784244492
0.48637957716138813
0.49422212242485813
0.50827202915037117
0.51408533672915802
0.48654329636859778
0.48924737542978608
0.49654066556905058
0.49847963198528228
0.48742600499728617
0.5073957898948589
0.48927543844607119
0.49643822949548333
0.50691776888333462
0.49121435529680213
0.4934380473791411
0.49594916845553078
0.50714752323374823
0.48185944907498807
0.50095718182906901
0.48508547337608987
0.49933559090929158
0.50286197022432566
0.50652225818882002
0.5130565045461335
0.49365683413848482
0.49732091691802555
0.50391698160445597
0.5195109471942343
0.49515662520442805
0.5032749911301031
0.24594555301938897
0.22740850710204727
0.50227789722446337
0.49944122772164051
0.51443370367563468
0.53123808451065824
0.50047435434788046
0.49074228044563362
0.50790976895864037
0.47509305702940624
0.50406879176294106
0.52715975940562643
0.50919543933042311
0.50275035766270615
0.48959324978846808
0.48135954927982971
0.49659408077396971
0.51956722893457741
0.50839809877071807
0.49198787978327974
0.51882618305479922
0.50480101751540896
0.49871689910467354
0.49935736950594523
0.50182408955498525
0.49682645227511835
0.48757041169833731
0.51019576702998959
0.52787334993814194
0.5046334722178174
0.50748232448570063
0.51283547274356489
0.28801997032861038
0.25762832297322785
0.4920383559055394
0.50295261891516585
0.47908734595786018
0.49724883422711441
0.4964646145444922
0.50072323566361499
0.48623249933947965
0.49621632968105039
0.49874229173138152
0.48349203474763536
0.51839261511060308
0.49508392116159816
0.49529121676346299
0.50908201135579922
0.49334221025154479
0.50111736404399987
0.47993455529995382
0.4916401235047701
0.49999804197271758
0.4999432050334594
0.50045134555245074
0.50072699147092514
0.50425782257168006
0.50622387052323581
0.49560082584160647
0.49087367377000618
0.51419608205822798
0.49473997002230558
0.4856673018678796
0.51658458921223538
0.24019010612475708
0.26373961910049221
0.50148589516154685
0.49842252550644678
0.48490118629471451
0.50093319773637457
0.4931492091244013
0.50198940945033488
0.50219425488627278
0.49127132345550428
0.48975404653670751
0.50416176952041569
0.49206407796665186
0.47153785311885749
0.49348864192939085
0.51528008653235713
0.5126843526404774
0.53147664172081277
0.48861161596532487
0.50699516735360162
0.4947561315441536
0.49601455257299643
0.49597671774609309
0.50793302662700945
0.49255331860627377
0.50027655281567585
0.47719524177764056
0.51604506457487287
0.49611594501635398
0.51658424466042352
0.51576528910548891
0.51035715181131669
0.2274092952378759
0.25076072043406072
0.50742221556811984
0.52084100900048114
0.49453346169038048
0.50453867644704509
0.51075235763656812
0.47866293967428597
0.49701729188857546
0.49503482692820577
0.51328975646804575
0.49923107811799827
0.49247497436265042
0.51516777039162365
0.49531036608086987
0.50526342270320967
0.50214021427793831
0.51428834535697077
0.48504543531661559
0.49751014755875805
0.50156254803930878
0.48232543544577494
0.49804338504076257
0.49216167959683643
0.51201087411820612
0.48080196534251091
0.48396361076237832
0.48803106171488664
0.51414935545294038
0.52270366612402996
0.51817540632715331
0.49078315231702413
0.25659207330143369
0.24719938383658147
0.50068766130211295
0.50453931708053668
0.50040035570160168
0.4822536276592323
0.502442090063277
0.49601419038149419
0.49041863996171908
0.49287769411545962
0.49363869993451104
0.51573087758479719
0.5015748544691796
0.49093957308485692
0.48125267530776744
0.4889609537470696
0.51538704440622674
0.50515004435324018
0.51339380287113057
0.47903430373903866
0.49182847671761704
0.51041659612936496
0.50272843141270163
0.4688557619745361
0.47967083067525734
0.498766112919239
0.50103917391113062
0.50874880250334331
0.51606960452772632
0.49715726017112394
0.49870346652619119
0.5126199159645134
0.25221436981732093
0.25105722885019544
0.51985616329781537
0.48324614054906123
0.49202121851524511
0.49092582880489438
0.48616618254619176
0.50469997322160187
0.49210865994989061
0.49472472675509738
0.52198217016376869
0.51733773897394009
0.48615091517403014
0.49113534903233935
0.50104832646266129
0.50757013911901605
0.51254570991553694
0.50048426243989519
0.51117716288323645
0.4805173246090424
0.49227049884053581
0.49840730054555898
0.50056063557811237
0.49863438629845436
0.50096494146351678
0.51077630774282012
0.49748578529677417
0.51072779319894679
0.52433738875834712
0.51216855828484154
0.51275653149269096
0.4936609444841682
0.23296086271386357
0.25204926816538559
0.49630218255050684
0.49635646522755233
0.49757643552513958
0.49491948647574663
0.48974333128120145
0.5003182390919203
0.50350212163232044
0.48957674958644454
0.49690149529627525
0.49271907704013845
0.50424731178988169
0.49340458611069854
0.50865011966029716
0.49346941802995742
0.49430526051563567
0.49768382819958201
0.49934227682619176
0.4883114902642488
0.49799505804635691
0.47401999370442321
0.49402893393542924
0.51093866314429792
0.5048625675363051
0.50022682447072875
0.51304202047735481
0.49627835346757337
0.4958352738570157
0.50311366411797986
0.50726668677274511
0.48792367203103332
0.24390436256453008
0.12354587199372086
0.25112184856424224
0.25514689160742265
0.23954074183417212
0.2445967721595117
0.27946195119760525
0.33773525183386155
0.24638045045422968
0.28185808936618673
0.26479906276521425
0.26362050151433214
0.24201530186758918
0.25835605867532679
0.2351994131860739
0.27996336181522236
0.25496400602920555
0.22418090325850812
0.25822700254604503
0.23865799747050367
0.22392122555226401
0.24496968071554553
0.23890522844208156
0.26680678579514494
0.26344483196849849
0.24448729276741848
0.27066986103800811
0.25000305205017082
0.25197693903241003
0.31477344962973919
0.24792925160995502
0.23615556809638213
0.14517926251632382
0.12399687081165292
0.32420223005565429
0.26722723926264408
0.29630252493042442
0.26247617546194307
0.26577783918295073
0.26956577557673317
0.25205953244687596
0.24672193421673733
0.2433912060429323
0.25698102326851063
0.24504598320695037
0.28678299402363611
0.24790006705423664
0.26336690684231989
0.28949143277673922
0.2774967898592669
0.26488946994583407
0.27481287836760293
0.257697068903535
0.25035159460619433
0.22167471016910217
0.27580826737697278
0.28004889074367878
0.2559410038758187
0.2404537087172598
0.24889528513203904
0.23727637285536199
0.26122948674891278
0.24719160903693613
0.22049485554452469
0.15528320476105309
0.24057742708988297
0.49528771058184812
0.49719129722153366
0.49749584482351067
0.50514139976121775
0.51270069437723731
0.50255929531390975
0.50853741160089105
0.48975393884555085
0.48374305716056559
0.47808137671264861
0.49253574983889348
0.51465018291426357
0.49377189172805847
0.49401645100718594
0.50880586023259144
0.50130069358172591
0.47384433871908743
0.4995197746850672
0.50883986096133837
0.49055006971668935
0.49182817994145323
0.49918427280457678
0.47757884399628076
0.51275194273262614
0.50178727071457974
0.50383021759515279
0.48358585617389938
0.5001014427029794
0.49712039200072811
0.5042448808985015
0.27872890484998386
0.23508691202843485
0.4997467017124313
0.49818264830691739
0.50860392877068283
0.5100750390902048
0.48387208189198933
0.49761107026389506
0.50178086553981283
0.49040493859853052
0.50435504828666045
0.51717798720905273
0.52742631406464358
0.51100766201613868
0.49308947305294804
0.50868988193459708
0.4861527975036059
0.48834188438311987
0.49980284243405032
0.52340781879539611
0.50479283320029389
0.49618329324040505
0.50157652533868402
0.50312143178537294
0.50974033687459108
0.51621866678075534
0.50385101327417781
0.48694500340719149
0.49476340791060935
0.48988396165526532
0.50953834537792286
0.51733532160361018
0.28388390942591429
0.28428632666028769
0.49908261291635986
0.49826260444163856
0.51283932676476973
0.49681841244488983
0.50923486739966006
0.49989733694475891
0.51266458666582848
0.51782545124785995
0.48922489152822018
0.49195550749701866
0.50990155193898912
0.50764555816818691
0.49421581352870608
0.50974349284570464
0.4941663797759851
0.4964816723923226
0.52050505088915355
0.5000643162971905
0.48399886698332045
0.52308600304472674
0.50416128230472224
0.51676058438486039
0.48585816643966906
0.52018554554614915
0.51757267285799924
0.49383761080280481
0.49630907905353616
0.48349555264482241
0.52169457685264631
0.50027407095900567
0.24894919367813631
0.26803649032271032
0.49997683462723219
0.49051268043864882
0.49746631317899859
0.50435099410815909
0.50163745741167076
0.49266123169668574
0.49784887655167959
0.50272746928379319
0.5315113246481632
0.5013405068626503
0.5122930570032358
0.49924483891339899
0.51043006675433744
0.47899647954997804
0.49220564219117585
0.49693736733992433
0.50232433754403694
0.49956070602999197
0.48961880749261644
0.49586258509558867
0.51142434675064374
0.50609252359597701
0.49439785691826904
0.51322890065902049
0.49983142083132376
0.51424258847183979
0.49195855956525569
0.48650010979942115
0.49904403463736019
0.51133632231177917
0.25050243364048164
0.29374140998016418
0.48802159354548597
0.47178223180335499
0.4942628064750359
0.49861911988005092
0.50497363502785442
0.50794761177884407
0.50569550579755318
0.493574800322028
0.50182117491945277
0.49956272930240181
0.50306826991699594
0.49786654233496613
0.50419907963682242
0.50923724838687956
0.50655482952642883
0.49709750586500367
0.48438024296429882
0.48760470374403231
0.5078763060456275
0.51987625245730296
0.50762501936805826
0.51283974376270214
0.50355890139894499
0.49092574184796473
0.49402854104252586
0.48405758836988311
0.51068098053217936
0.5069807025828984
0.50503842994927972
0.49325473007696691
0.25056851398804553
0.27291149712259188
0.52166822295624427
0.47349390346741904
0.49119845897118647
0.47781802976140497
0.49672291495103871
0.51069038358720065
0.50934772692215324
0.48314099918555903
0.49789398583785766
0.47330295206040357
0.51370034788079222
0.50194012677954447
0.50827432480176238
0.5104212331178245
0.48274753817786475
0.49932707939740612
0.49273593385912801
0.485705395912719
0.49183840284031333
0.49371879716422445
0.48899886594283015
0.50934283306114869
0.51254748262341876
0.5066140572820057
0.5073655771842257
0.4925015198849938
0.49237432341633547
0.48718031540853529
0.50566305641806297
0.49774710969501684
0.25801719114227262
0.27163185928763328
0.50657859834972108
0.50376398337069228
0.49980586461365267
0.50110819996646228
0.4829312480597151
0.50687449484363756
0.49506231886434676
0.49068201658650396
0.48545702916451838
0.48189881124379774
0.48156442863624416
0.49985062059269297
0.49252868397084537
0.49930093663537267
0.49170342678180234
0.50401995877363115
0.50087443903710316
0.51322354741430676
0.45906323020903073
0.49870966030931652
0.50118021705339055
0.49528003250953334
0.47278846358978527
0.51977877613609857
0.48945822411463202
0.49790975296545908
0.50398119999904967
0.5075765961960591
0.49213881759571865
0.48764151986512566
0.33377676040231136
0.25266182125907538
0.51761643232075238
0.50668439770744667
0.51446456998792822
0.49918275531949863
0.5066427249665445
0.4999316094224408
0.49552761906678755
0.49788437490530013
0.50422668572186702
0.50559684185558051
0.52094691511615754
0.49153565772003827
0.50463520565565245
0.50602076611819102
0.50115932797928864
0.50868456484891789
0.50567836183497972
0.50393633597249232
0.51075640537740208
0.51783849703815954
0.50873378500977073
0.51234963497661856
0.50187893627541835
0.51484747171707379
0.46965556791950475
0.50678445221582691
0.4955108996744384
0.4788771621061092
0.51972937635808847
0.49135847372215563
0.28314734906403788
0.24840436832110763
0.49460079485429409
0.51044133025948524
0.488229628752892
0.49587809030793939
0.50619175134192773
0.51718997976129477
0.50664524178341097
0.48649329462972579
0.49230155797832686
0.50891985950495178
0.51603683979894277
0.50813266483058572
0.5048935466287825
0.51721072285812164
0.50474436116648247
0.51246048048764958
0.48537767751546373
0.5130668024008741
0.50057512064891541
0.51911543777591418
0.51249921172244639
0.50877469319931012
0.49852149390568962
0.5086761885274601
0.50143337661890242
0.50748518823461031
0.50228059305095896
0.49208482701639578
0.48827537908148066
0.51073833362881704
0.24664294610222326
0.28356980061103443
0.50992620148193157
0.50709269799124201
0.5046606482198378
0.48873865362895469
0.4993464189007375
0.50124660142626376
0.4994910909656789
0.49055354761545339
0.50990609193135983
0.51849861757871729
0.49469302977106872
0.50480083714836976
0.49808207483792361
0.49250922812492698
0.5216147449640951
0.49897027499667546
0.4953721269186811
0.49237868954659703
0.49672351722927749
0.51076088312382606
0.51140426838798669
0.48277523110684184
0.50537979055062709
0.50340359773313392
0.50031807158994357
0.51445839002052296
0.5113152398405203
0.49310193297360844
0.49090510384239228
0.52105509066430655
0.26616398746318509
0.22236542923614072
0.49555368540516542
0.50359415731728108
0.50173868174122949
0.49425080736730398
0.50729306045256117
0.5126338231820774
0.49581108709025462
0.48832972735182983
0.5060371733110004
0.51243163709304329
0.50650282522536116
0.48918850871287151
0.50156396234990297
0.50757567188552877
0.5025587660778893
0.50722495650775468
0.52229946972920216
0.4914938544709736
0.49352032063138007
0.49571418088451136
0.48408097410593892
0.50830461499751611
0.4955369586132401
0.49116847567553662
0.50980694976108054
0.51809112172424532
0.48443732208991475
0.50535990706322953
0.50351280603499038
0.50783011277270973
0.22566582579734606
0.2345023139888206
0.50403203648111972
0.50166351306031787
0.4984358359996256
0.51428560128922596
0.49565806326960848
0.48177317071319858
0.50153295713956636
0.49548845049708462
0.51318223237826432
0.51233076570639602
0.48708448799891541
0.49454164039444132
0.48708764187762882
0.49506986164681355
0.50387492568748515
0.51550802814385221
0.50172664510131482
0.51755889236068531
0.526198736872032
0.49786417786082071
0.49784412752331669
0.47800075250037144
0.49665205657295947
0.502917455729749
0.50155745344044622
0.50998602619827083
0.48270960079045899
0.5152756952495513
0.49375672185295022
0.49505532829204585
0.26814879291901039
0.24709314688586967
0.50289223125754423
0.5083473926984643
0.48611975507590161
0.50947487909177736
0.50695966977417839
0.49823643228813064
0.49631942139431551
0.50417798795472335
0.50404043801519538
0.51656687886423169
0.49355314392648614
0.47238057961243329
0.48804236747608687
0.51272053965777609
0.50377851180803335
0.50646154741028404
0.50409793607249931
0.50031117235697486
0.52164996970959276
0.49844632674633038
0.50220723699824421
0.50380654771555355
0.49310173650794492
0.49959770275382032
0.49005763069034397
0.50825160435466932
0.48484449684387904
0.5058634084311322
0.48819475617368829
0.49989160039693942
0.29420298083838919
0.22041300659981103
0.50833324277158631
0.50814934295534353
0.50155641531160644
0.48425234885180196
0.48405448189727179
0.52071681308204454
0.5216336470884696
0.50605776073984277
0.48921463363804096
0.49367023446852898
0.51762349516531725
0.5114400212712914
0.5110328144089249
0.49498574289089509
0.4914273163242055
0.49667219913053628
0.51074924472810035
0.48561343050667438
0.48936177257154223
0.50522603946022626
0.49824528852840305
0.48729375306218942
0.51236521450256367
0.50957208148537392
0.50616882783291628
0.49785335477299919
0.50552215017268909
0.49590264308212284
0.51898002168831769
0.51629620540186238
0.26120462927071103
0.24012723862683547
0.51555985383907965
0.49904657734700036
0.51269381348363685
0.49711116915111025
0.50002598523141428
0.49193690438114912
0.50590782257100075
0.49874409977486039
0.49983881691219234
0.50363978202093596
0.4867340854336773
0.51551266395743922
0.50803817894741099
0.50331214275961889
0.50725097597991542
0.48958184061114812
0.48816673962865742
0.50243788446772852
0.51110998672360808
0.49076981836651001
0.49818951682811935
0.49511076294952072
0.50549220805384876
0.49901301515306395
0.48281806744427247
0.51229490308610193
0.49722156484592389
0.48172952724575518
0.49785689448839526
0.50310304008692264
0.26187740844921875
0.2347052095387174
0.50793800060113969
0.47502651594990003
0.49769041160104233
0.50599552687586735
0.4966559254671033
0.51177742177277785
0.49474342108322189
0.50733763380636465
0.48604911844110787
0.50969742187572842
0.50150263618320279
0.49856661553661596
0.48633666059442088
0.48975096108269428
0.50506247384930247
0.49559720041178534
0.48399692777189973
0.48555011280596549
0.51051492583486358
0.49446656517088355
0.49600392681866479
0.48396151244992608
0.49453223298247001
0.51525462819082324
0.50536310060168166
0.50152461403408111
0.51337161169796819
0.49226053051714425
0.49323740298675678
0.50672233387969956
0.2410858372105501
0.24486211915319483
0.51001586688364653
0.48314837711532077
0.50961679696204099
0.48996060255982854
0.49872974767693395
0.50014165264536836
0.49395421826763675
0.50201249323775432
0.49212903468543262
0.47816090609932649
0.5116087253293421
0.48541059408064374
0.48945187300925447
0.50178168569849912
0.51425407680690172
0.49654519272674558
0.49576688151770365
0.5160567833633174
0.50894177731845736
0.51901141780868421
0.51148054613657301
0.50574535479915506
0.51495076540537843
0.51755733823316985
0.5173046093254049
0.49652992468192647
0.50774737630601374
0.49514340497810766
0.51047134274779493
0.48966315255244408
0.24389624737132687
0.22124628786634465
0.50137969338755783
0.51697678656182
0.50119939110713996
0.4832166363828696
0.51414706019848544
0.50312797454026736
0.51251672681812466
0.49937635335550079
0.48200276107340573
0.50871289495752148
0.52217549265803309
0.4973808937566731
0.49663126668784746
0.49313179308278804
0.49794065924637776
0.51490673226390848
0.49460318442107298
0.50302862820745231
0.51123836454889582
0.49957758702444022
0.49712921809343402
0.52232338937223899
0.49664720525553063
0.5076810692216378
0.52865309920315462
0.5169362183211037
0.51173280128316134
0.49064160456309919
0.50566445762266032
0.49844647881092385
0.2654705902482965
0.27324638907505711
0.49950551876397553
0.51095151498073021
0.51084841533460612
0.51368613582010947
0.51322017578180623
0.51025754591765482
0.49784016885552024
0.52259753922725505
0.50069441884415644
0.49570865426214605
0.49989669124925801
0.50884672038742518
0.49865524148232587
0.48903063496757138
0.48998657358595349
0.5022825099924223
0.49185884266409929
0.47663982678889738
0.50198795277272168
0.51546207141903655
0.49438472569773223
0.49745849052130192
0.50925180664460545
0.49484448860903851
0.50638987636558574
0.50555663792152317
0.51274775727614741
0.50090196910263818
0.50220632300960433
0.48796823574499343
0.24694155605664403
0.25197490913417253
0.51637017614674485
0.51064965690301001
0.50332094893747992
0.48053013027273928
0.50288329586492042
0.51652158567407669
0.50519530889206643
0.50367463012696978
0.495017422547815
0.48983375750383246
0.49248770754636134
0.52091686385276592
0.50540606613050987
0.5172463868837377
0.49588186514705751
0.50738189084133933
0.4964514858755254
0.50435574065937194
0.50362189698775539
0.51539324363726202
0.49441882137552112
0.49818033418693691
0.51392849530349194
0.49980321251661902
0.49351845180180404
0.48487890946454476
0.49435469662692699
0.5063075223435124
0.4885384262988347
0.49022490644040795
0.29265627584080134
0.22738672489296488
0.48688091995506272
0.49145096774347469
0.49013817512793001
0.50302416009475559
0.49415388822675232
0.48879940414584699
0.49361447066716951
0.49830822807838981
0.5077801787302535
0.49316114148711282
0.49421332398352757
0.51272975166903201
0.4869357306899334
0.50374610034492628
0.49704772614351278
0.5098821248967792
0.50892212823423899
0.50374439830656981
0.49444094378671349
0.51269941293468024
0.5033198380073135
0.50235360351653857
0.50061900424705408
0.49422416085501453
0.49876092693272522
0.49470801160007072
0.49448079875440409
0.50557698891144454
0.51757713198366051
0.49314947033374218
0.26228532341964617
0.25957954622383173
0.49578086052017079
0.48353338677257157
0.49659619584192161
0.52288849847030827
0.49973391189266808
0.50242068049906385
0.50170591038190182
0.51114517199947707
0.50913430832479301
0.51114708298265521
0.50087727595245302
0.49206113675205698
0.50296352902095376
0.49266201909170787
0.49165105088365041
0.54027702802056266
0.49299348141554217
0.51085087963159392
0.48148904111028007
0.50641360584284378
0.50372380136995853
0.49767441865130863
0.52396239403589173
0.49670170580266104
0.50547282066188148
0.50622338819462398
0.49687136138587495
0.50032144657377409
0.49736827337410777
0.49681351811506508
0.26027043870379185
0.24299856706860071
0.48698201163735583
0.50095072812041463
0.50167814050265891
0.49386720262233452
0.50687434148036281
0.50554981573980462
0.51858054844366064
0.50385499192855621
0.50717379057412748
0.51260877556290241
0.48869738862593104
0.51275141907906985
0.52040841401300919
0.50244539520113285
0.51569607783380067
0.51574161474625058
0.49917362609806343
0.50232567660747673
0.49778754251335533
0.48351468952445298
0.50160463300057068
0.51445637432035063
0.50393531952026105
0.47888216156218599
0.50018705681604025
0.5100635773252985
0.48295599061601491
0.49629153946929316
0.51071091189178996
0.49332785060315376
0.24809391318369522
0.28790959090012513
0.50677001540380107
0.48747704647285889
0.51306811260911112
0.49265019706218904
0.49247956322248271
0.4937799507001861
0.50396287774714044
0.50728603281273832
0.49391226628153356
0.481639442534669
0.5040907748494502
0.49412235096014084
0.50857686122203338
0.51219743299003651
0.50238127807518251
0.49857245541246037
0.481966596879841
0.49519051584347307
0.51215339173684549
0.48452620800084223
0.51277158666814737
0.5034071391105549
0.47760177463271669
0.5265381364684828
0.49589426317669572
0.51969490707204735
0.50107117251892785
0.51460357651408029
0.4998501254641739
0.51277802903075786
0.2421109793284737
0.27857405783122552
0.50655776111305217
0.50633489546834143
0.51100780908655086
0.49750323548805792
0.50111794308084689
0.49270695466166348
0.5079782358620355
0.50596621448627477
0.49544581631192774
0.50942220502887725
0.51273690914890768
0.49322153180610834
0.49051661800757429
0.49604900372236449
0.49401377035042121
0.49943064447959601
0.50978791639882115
0.51162279910831676
0.50206645459651311
0.50580827237311998
0.47640659843580901
0.51528432090007825
0.50950666416503887
0.49712896487285746
0.48587398003670151
0.48705175135431711
0.47588240972371892
0.52080280450570271
0.49790482566788585
0.4949833881548979
0.21995135643278446
0.26667046127971628
0.51123256145310592
0.51243626778732609
0.51836837824032189
0.50414770233078021
0.49992853790951436
0.5122069682597914
0.51052587949318173
0.51151359991169509
0.50347501397003214
0.50108277405992163
0.48429202255131998
0.49166147461887083
0.5177027843361619
0.49542123788178449
0.49141024904955999
0.49053271838767715
0.50263326805139841
0.47548861908125079
0.49290351131293131
0.50660938595626703
0.49586473893707717
0.51433075082015534
0.50416022365993207
0.50771169169210995
0.49325259094918422
0.50123932619784173
0.49279285286822561
0.5140646799093026
0.51314999050195831
0.49572519016250494
0.23145754094391088
0.24713879928136467
0.51007988286530825
0.4955127111827366
0.48025678620797069
0.51155582466741523
0.49825154723381115
0.48890114670077472
0.51473798544681859
0.50165356996609534
0.52129148115740931
0.50530480816275969
0.51015696700926538
0.49571212464172854
0.48962922040898521
0.50960957777724425
0.51279547735632824
0.49119200616823494
0.50364555797558785
0.49717689371715806
0.48927081715235515
0.50475197165226571
0.47938185384852344
0.50958716690147587
0.50274661434023171
0.51008413666697172
0.48753287577043386
0.47422741490560782
0.51083126280212254
0.49913112207125176
0.48978066938902459
0.50424491947465033
0.26852305184717895
0.22750156875275115
0.49134576726158852
0.49232076711878636
0.51526596019229143
0.51968000417399407
0.51170531559839016
0.5045042152860143
0.48809028757024953
0.49289149831860679
0.51234648581099185
0.50470677676479059
0.48950193272021991
0.48680693816153248
0.4821809435374641
0.50794674606884904
0.49716097360134681
0.50732729585043901
0.51018548389610419
0.49402251361793059
0.4776157276896581
0.50177798656401462
0.50434746864799096
0.49912800359332599
0.50234322897792083
0.51047094782748736
0.50877508636660895
0.50115194124598805
0.51071864246170873
0.49115276415543563
0.49779911979565938
0.4935288851729856
0.26848496889062035
0.24858002865602211
0.49651380671138762
0.49926928645733049
0.51603989004047635
0.48531080027940376
0.51488837144668942
0.50225295154407834
0.49336507860830131
0.48221696398308972
0.49661995194858
0.50417063915573734
0.50744441897872705
0.51574847375024513
0.50837066131360098
0.49547649016170875
0.5021695465903091
0.4943284060836603
0.49473351966150314
0.51002850897100438
0.51046261795217085
0.51581238130950036
0.48953779868828567
0.49599736074370415
0.50078360592496929
0.49473981565961922
0.50699615347229021
0.50364498695318016
0.49483398678165141
0.50259928479569904
0.5099671372233201
0.51301658363420466
0.24079853989406919
0.28770341628986279
0.51170825916532536
0.51516259364988604
0.48418796574300865
0.48817667085739908
0.51399900689731215
0.49688642071238232
0.49587750553577375
0.50471870604319446
0.48283276354278426
0.49292357707805479
0.50520230755639717
0.49761127693612933
0.48570372833724579
0.48315935874729649
0.49805690145125409
0.51235674073895165
0.50629404552153878
0.48377356814985611
0.50235131010568712
0.47993367754079158
0.4981482609044488
0.49227856978558521
0.51089615570789715
0.50446729554577285
0.50858205822821723
0.51070532494182408
0.4921249345043901
0.5079380028758369
0.48764432185995016
0.49422057553428006
0.2438383962441556
0.16747627265300088
0.26296584472534684
0.2334211393913263
0.257123345353519
0.23963583308876396
0.29971033972921923
0.28063583401329389
0.24839397328361157
0.25219187420531125
0.25097026978287962
0.25519851329168142
0.23035835345466332
0.3011688721369255
0.25558365865477295
0.23385720904382426
0.29033391485233556
0.24296857145295939
0.23363076523737536
0.25013094239170236
0.23182732852238691
0.26474555431615721
0.25319394644191701
0.27576358333348183
0.22230920722946526
0.22787998389776346
0.24572883223311356
0.25209431485949174
0.25340607604568999
0.32059078696751636
0.22017927270260806
0.23450260721342814
0.10766374943640994
0.13976194516689924
0.24806593413984018
0.23453867101800249
0.25287255653206003
0.2503306022258337
0.23716055448969003
0.22476964864525009
0.25820277580829082
0.24370154249465578
0.24047710125882765
0.26071030328646677
0.27679899347988945
0.26169254137157866
0.22505567581597746
0.23546137252520333
0.25109141400851004
0.2214614579401912
0.30329478659330578
0.24308299236994443
0.2399124056830329
0.27152109102882538
0.31497088653057836
0.23761420666080774
0.22799941890297842
0.27624291530332096
0.2609893306057251
0.25805008999713991
0.25758117516245227
0.27297004933779473
0.2854354102956761
0.28067292620823969
0.12100506805441252
0.27533106593245332
0.51701682957792505
0.49054079719614052
0.5136184879754977
0.49058280253606923
0.4895498154251347
0.49448971865318286
0.49914272944555865
0.4922246355363819
0.50791628053144677
0.510619919215762
0.50593212749562755
0.51171967433033017
0.49214553294476499
0.49418923665341713
0.49709127910685841
0.48706396890428438
0.51097622113148977
0.51173852368186901
0.49832450420030933
0.50262416028196977
0.49412428499207239
0.51324956009681444
0.49686629154097012
0.50207067097173064
0.51304074661526455
0.51286534272139017
0.51604350958418022
0.50291055007755936
0.49617364941986325
0.50868640059179704
0.22986858089387985
0.25057203245871729
0.49499081783977644
0.50104578681710532
0.50546893218770483
0.49107641351947162
0.49306043700236885
0.50204972957883598
0.50615284020696227
0.50128042505037251
0.50938040357779946
0.52492613814124855
0.48937752347363217
0.50435563147042894
0.49809940048983764
0.48568713182894008
0.50915181010925092
0.48072846919511397
0.50528555129875308
0.51613148263624264
0.49278358114922433
0.47430254291697699
0.50167652076861624
0.49954331384059086
0.50278272667021673
0.51188172734578874
0.52438853194187718
0.48888430250498804
0.49724682734459802
0.49722870905962346
0.51567884908142669
0.50155220752767793
0.24684052099898712
0.24277941455694829
0.51793703756290221
0.50978446703558611
0.48244243261003134
0.48934982192706672
0.48831626161043673
0.49918153119263592
0.4856383775827382
0.49070598067473664
0.48954684450119129
0.50311421882054852
0.50695970336208118
0.48635687901563585
0.50378192997670967
0.49059930776630833
0.50445174012482252
0.4845562889167806
0.49690006627093758
0.50567503969982974
0.50730381223126975
0.4926548366609293
0.51619819400474276
0.51171329708324886
0.50625685837315015
0.49439469356090726
0.49012525169704807
0.49945463498220355
0.48624847149706157
0.50929758548222803
0.50277254605640331
0.49486348014671711
0.24383483934296479
0.23536344874382403
0.5009768711462409
0.49558745758478984
0.50960469759453741
0.49560948463182836
0.52854854179855493
0.50194234705604113
0.50522683601288432
0.50172064872294331
0.49247760670405227
0.51134553804527205
0.51590309314916794
0.50280311522518795
0.4884583266031674
0.5212703089721813
0.49516083639317304
0.51970341883705484
0.48180114688960146
0.49835918072904045
0.47905352609096696
0.48550572256365093
0.48914522436258412
0.4937180104441643
0.50966020516270716
0.51013338924612839
0.49900062182114963
0.51286585644430749
0.50346601267626656
0.47318234618828647
0.52300743580341646
0.51886827899698873
0.25662698733016359
0.26474765925856264
0.51626183919741286
0.49114842477212362
0.49888164661860135
0.51441115050256936
0.49702901178230979
0.50612641057130925
0.48693780921135499
0.50120112402120132
0.47788262471757931
0.51200421499132864
0.49781597239531378
0.48584953179999196
0.48722531312170364
0.49638181804592424
0.49578971020330354
0.48933728095650797
0.49804904861941263
0.49465569289663336
0.50955083234689469
0.49692054081744413
0.50494745276740916
0.50267908020579133
0.50365834630847983
0.52267710922035016
0.49693940450858048
0.51702601994797281
0.4912147564846216
0.50065538896235728
0.51814609000504719
0.49821625871071645
0.300489520833635
0.26922104636387861
0.50457937725387558
0.47443719504311588
0.50662876565742998
0.49094632928907239
0.51940956456922349
0.49847348862822111
0.49485080913973312
0.51061996311773228
0.48319114425175053
0.50203624710447037
0.4864917055339229
0.47920950050408895
0.51509246249050555
0.48710312743398515
0.50627909778236801
0.50409747937319871
0.51305966071903319
0.48973837683410115
0.50506550716683252
0.50099058120014706
0.51169045006442049
0.50903260447209431
0.49852254605561841
0.50478042515861776
0.5124726842420505
0.49213648268662052
0.49860153683874536
0.49546387772779504
0.49375314226546752
0.49213315411226394
0.25251060474652315
0.25257108005643342
0.50578726772260685
0.51948146105593895
0.5045559418563681
0.50326677181021129
0.4879646304029619
0.50854548398386978
0.49663008337806341
0.48036262229901416
0.48626291582563952
0.48965163438262255
0.51044927022729869
0.49949265988499164
0.50576266103166023
0.51500805362062263
0.48929555703249566
0.49891114734830005
0.50181753364991388
0.50473108810410883
0.49828936860916384
0.50077792369016461
0.48575656959645891
0.49237300850648219
0.50465449577063326
0.50454548781533826
0.49502362860655813
0.49843165217332747
0.50253303995444454
0.49990808420415805
0.49010027045497012
0.49945577753133735
0.23812014623812067
0.23873210976631334
0.51210950305937375
0.5040775833736667
0.49708603524340012
0.50340284051327455
0.48908966716263741
0.50238338393809334
0.50116938065178362
0.51028644725493943
0.51164209675483407
0.50050648092149042
0.50666024771722229
0.50237024966498767
0.50696668195559458
0.49753186133461652
0.48237483970664097
0.48027754987570453
0.49017356752843821
0.48300590781003011
0.49666381568060269
0.5016454098178631
0.49134810547391078
0.50745240416406612
0.50712638877441174
0.50552959248915941
0.47572025330437401
0.48649877159451083
0.49244647609805836
0.49146605683567263
0.49182467268113222
0.49547891219624374
0.21480056909958983
0.31753038696663055
0.48823583832263023
0.49203555486971251
0.49876975603627227
0.46419949094577978
0.50386381215777376
0.51429677873282753
0.49386628627366419
0.50344568059588635
0.4970665120221609
0.487051150367518
0.50143063626459572
0.50597784504222554
0.50125623819533638
0.49905588167540749
0.50852464402580411
0.49845860989606389
0.50679331853366005
0.5138738664629019
0.49412031918998356
0.48132963402226447
0.47650802973337092
0.48757489459906234
0.50908034265100943
0.5049426137937526
0.49464043098983673
0.49596132043903446
0.49396091402844711
0.48730474232100002
0.47290988132368511
0.50365793420512817
0.27038134735249164
0.25901755530025111
0.49305335046974796
0.49053199470273223
0.51363096882962334
0.48497688966962382
0.49438301474197643
0.49427751853286445
0.48292421347913633
0.49848328711412648
0.48608464945087049
0.4836563775836773
0.49346251184985446
0.4920547972354089
0.49377822474191108
0.49675331071701384
0.50044866923173303
0.48932175074602452
0.50637182548697091
0.49662290910834322
0.49846624234299142
0.50298898177451146
0.50041894205347948
0.49777958903334457
0.48774032821414015
0.48148585151985573
0.51812890801314304
0.4978552674999292
0.50605304716181831
0.49157797970423872
0.51541714451408049
0.4917169716574265
0.22830678208028987
0.25370304975948682
0.49689815277555582
0.48356231445697501
0.49790379108600985
0.49851514625588378
0.50618409362626227
0.51829448952608137
0.49682989773655445
0.4882773204823237
0.49070868807938917
0.4954351577502914
0.49060660832619118
0.49480389600021235
0.51288058439152717
0.49847942023721242
0.49136655905307502
0.47211765617857782
0.46637132781388008
0.51413791672495179
0.50799344838400773
0.49999622594855925
0.5176376534639906
0.48383529333468056
0.50293768652163584
0.49924737543422371
0.51031744139883284
0.5175235252883118
0.48673500934147951
0.49996602263122486
0.52299294320557177
0.49612584230314238
0.25343672645719462
0.25970741068921332
0.47896118331947773
0.48779424739796412
0.51018317729507379
0.50977075991180154
0.49022796494892318
0.4944816216335608
0.49519128580104022
0.49805276910044882
0.49647386980686742
0.48809334827167394
0.49411458276355558
0.49484515998561135
0.51018878600313444
0.48551156074347063
0.49217916671028733
0.49296701800784459
0.50131467902507665
0.51528227755345002
0.49967235976637531
0.51398736390898758
0.51934795183909699
0.51729838984158738
0.51295721377270564
0.49712788472082498
0.489302717965727
0.50432303186719363
0.50890936447054602
0.50447273600847065
0.49222821155901209
0.46753663291561137
0.2527180911686
0.24720136510809382
0.48920533304416952
0.50304108732002495
0.49647106187109724
0.50260994215265553
0.50300257982584395
0.5045199296519961
0.50341586356027546
0.48972151582586465
0.50455215671705866
0.52271198084388959
0.51749930058169114
0.50447915934199883
0.50513020442095824
0.49755097737660109
0.50844909583751563
0.49619325347725923
0.50686398209384043
0.50856479649611519
0.51047780782329932
0.51120624819223448
0.49942771160557248
0.49628375931920055
0.51050871936942177
0.48936943486295725
0.49065324931524484
0.50651301376577385
0.49677650713765636
0.51812799694932399
0.52115642274209129
0.50717291807059095
0.26670712066753099
0.25050654096081881
0.50681148727854708
0.50023377803431213
0.49134231399103961
0.49433343941343433
0.50919566914219894
0.48471308844320304
0.48969103297871641
0.48725734599038284
0.50641161130381185
0.49289345430544573
0.50652825909048427
0.51379287954203434
0.50445301337817683
0.5024516434139451
0.48311655672282017
0.50566763900208411
0.51826508832524143
0.48970730663629425
0.49035841200982211
0.48749575701664688
0.49816629181986616
0.49876691573757814
0.52336718060663878
0.52299470709275431
0.49577471583667904
0.51366509431520935
0.51498117997669712
0.50358214665585088
0.50514169702980827
0.49476193329916529
0.2545926823489022
0.26197098628869775
0.51766380647084986
0.50489200358554975
0.50316373397168357
0.48812681366516664
0.49579566615736204
0.50829071353504451
0.49141178682582259
0.49449016780899074
0.49968635709381454
0.5098060829947586
0.48602667070627886
0.49686869177246079
0.49405461480668461
0.50245597106742479
0.49773092083647019
0.50111507433626279
0.50369160585470707
0.51633786510068713
0.50639065715327136
0.5054209141273126
0.50534456611413203
0.49703253305657241
0.49669572024129072
0.494761919099312
0.49014934500658047
0.49960974837261535
0.49527079207608932
0.51255689606131949
0.5018584717895247
0.49889449008127457
0.20189064321104158
0.24977832072867756
0.49646759830735965
0.47842385158506617
0.48546554113608881
0.48174750970366848
0.50177859144878445
0.49941730194832656
0.51613662317620013
0.50022327878811401
0.51327150996308857
0.48940779227834669
0.49573750385393545
0.48812318693867596
0.50672873608153624
0.52824130352613252
0.48329594938210407
0.50875223388980495
0.50467215820409328
0.49589256839507007
0.49524534446023422
0.49792409405339161
0.50847334686643642
0.48465771918228256
0.48155364773700804
0.47694636932531825
0.47672579126860365
0.51718302611040456
0.49673469343284982
0.50537611756792122
0.49004894341320177
0.50125907931570812
0.26508980643234131
0.27605595732227933
0.4842547733787822
0.49829821251427125
0.49605413225111672
0.48133909748234616
0.50038804679719351
0.5075746062133667
0.48271843016014249
0.49011356645106502
0.50799154067034291
0.49476540672672581
0.51736576037781501
0.49975294859493746
0.51301094930286928
0.50221396163543552
0.50731523496151054
0.49422068678180398
0.49788912023785181
0.50300706134148487
0.49473728074279144
0.50947652909102037
0.49651732764514722
0.5230601302054092
0.50814552236234578
0.48552833208498231
0.48552445872527505
0.52709962318415449
0.51637271335452828
0.5001646058496001
0.5114227828836263
0.51295352584636889
0.2575569740802256
0.24348866211336098
0.50593200010900052
0.50238521564820926
0.49683902409787223
0.49901952144947703
0.49331780523996671
0.52366590864668894
0.48852939856949756
0.50893302233838789
0.49815744177849103
0.50996915746324345
0.49654830768864733
0.50490498620995017
0.50436557865471732
0.49581398540804084
0.49174475745618762
0.50136247680161983
0.50963793145145386
0.49011673865918925
0.50945687627609504
0.49230139236005599
0.49978074216718715
0.52388758742570651
0.52511791086128812
0.50307610397401714
0.5163029855011535
0.5130926390972832
0.5050110670272947
0.50609293801639377
0.5028091668522594
0.51177416724200353
0.24358585902881569
0.23239913798940243
0.49866347299094543
0.50706015222784595
0.49009796251512122
0.50142762574862088
0.49224776724205671
0.51176268666660818
0.50225453944863219
0.47949857115290412
0.51173530845644777
0.52590600771039908
0.48132147966020905
0.4999366906503715
0.49291546442520906
0.49357813804621836
0.49948602224187499
0.47438889093871062
0.49759694048017838
0.49457001440614662
0.48256990809325495
0.49478998104160143
0.49346256136180611
0.49820838912374149
0.49114665790481082
0.50195702905682549
0.52526556156493243
0.4875523454544371
0.5223831991146195
0.50919627658245614
0.51426861195181461
0.50066038819194536
0.26432505409657281
0.25835367071642446
0.51389674010149611
0.51217758617322307
0.51749054734025368
0.49172894537547146
0.48611817698634013
0.48829391314437481
0.50115627583503541
0.51280393729637219
0.50754445568388595
0.50864902181283478
0.50385354269311566
0.49567495992802835
0.48957395012347016
0.47301487296558681
0.50208877462172208
0.50120699812203973
0.49621560781526219
0.48327536832712858
0.48652126258518552
0.51724435261578239
0.50271126045520631
0.48663640845076939
0.48800864826275647
0.49120918347896886
0.48859396949997269
0.49857127595539991
0.50053406323863925
0.5008692497925803
0.49103071593084729
0.49739941609738492
0.25622608469600067
0.22773817624273204
0.50809911210734016
0.5166605280386809
0.49741671132539073
0.50424440406548554
0.49611791487934215
0.4788455105333505
0.48874127714359999
0.49850830279532915
0.50679161349228019
0.48450831783999204
0.47329798074482637
0.48742683062566539
0.50706126248026173
0.496749189270559
0.49327009276503014
0.4925824357696299
0.49969117337593744
0.51079393525067518
0.48890992883834133
0.51745184468806094
0.48691647779787744
0.49591748599413427
0.49687909530830121
0.49791366342279386
0.4999579563075417
0.49579887793242733
0.52246944203991552
0.50067174186782237
0.50122579222459263
0.50056895132257051
0.27496756449493381
0.21511425586648653
0.49920562356760723
0.49457176346395215
0.49969214997532019
0.48353545143467513
0.47167313189255233
0.48334319148413923
0.49904624409473924
0.49787178715175723
0.4952447324884392
0.50336236316997807
0.47976415780143522
0.49702020984625078
0.50490493976140138
0.50884156411093162
0.5106146384152237
0.51528959108861561
0.4997219592828181
0.52056174031066527
0.50882175086552939
0.50435330186240901
0.49079729969334951
0.50521560079547156
0.52095286922895145
0.50472336770448201
0.50084705240143235
0.49703182969104692
0.49177860713528199
0.48461120541905756
0.5128533401397225
0.52491203071139314
0.2463076742248371
0.26425404900287791
0.5025368084597015
0.49783174686407783
0.50473670593561959
0.48959798698026513
0.48745739283938228
0.51776069428653693
0.50008222936356295
0.49074781643104431
0.50460266449741176
0.5015209601513414
0.51594616333795995
0.50393134967448294
0.50038081700053949
0.48884068071427361
0.51694875990202127
0.49091169910561555
0.50877824356206025
0.49617421301922643
0.49834848355642014
0.518156231095521
0.47480276971594759
0.48674475022897851
0.51403519569227984
0.4848720881424427
0.51960659985185487
0.503945959043684
0.4915428655320298
0.50052205977298636
0.49231355869776811
0.49498735289102186
0.24329678474225286
0.2938420846282917
0.51731013846528062
0.50628162914422137
0.50559284434695984
0.50225828161535924
0.48423623300471635
0.50746506751921883
0.48896602988865762
0.50633788195998042
0.49273305867543665
0.48563049307135303
0.49042989272499543
0.50650134385683543
0.48848739270700264
0.5016663648328864
0.49930663129863045
0.50883433316633697
0.50238738186865628
0.50332273386279902
0.50680462280610583
0.49936819209257322
0.49335885465950513
0.51435239811284772
0.51268564815560524
0.50878373500242702
0.49751958048617151
0.4988555639193889
0.48512368646926851
0.49906170765437979
0.50095343961375283
0.49271218623998908
0.25478334515749368
0.23897426509614364
0.49344443779638297
0.49533614849824409
0.4922814061114435
0.50017569714331644
0.51467299484995732
0.50800102940564018
0.49387658918201199
0.494054862102628
0.48313427973409301
0.51044480222838806
0.5100862795350305
0.50922787306753625
0.50347978075250888
0.48329035171315288
0.50565434378544571
0.50348556924357679
0.51987034227896411
0.5083814973292401
0.51184995568562996
0.49866709828886657
0.5184784441123087
0.51007386111208675
0.50333062230895065
0.50628783763492446
0.47598408163618167
0.49778006804794567
0.51243137873705702
0.5166410974946517
0.48899860070457885
0.52106775541825101
0.28779121624126708
0.26381420571732178
0.49500153819355902
0.50837067087315269
0.50631624788050711
0.49328934593820861
0.49436645483897534
0.49044701051667206
0.51000265507071441
0.49702173451210185
0.49548316418797905
0.50496172200148426
0.49957430413957277
0.52943700487741552
0.4994913098997526
0.48343270611503825
0.49374830966196953
0.50013674974168365
0.51306508308127852
0.49360425748098896
0.51760796446395285
0.52264820829001712
0.50383299756695699
0.52846550692810734
0.5005598160937863
0.50296887716652117
0.49625706548411902
0.49950916871367257
0.50225307825680954
0.51709369491157375
0.50005560341431798
0.49701783470096417
0.26380393139619485
0.24914562267217877
0.50576450073495871
0.50682808156577441
0.498967275399258
0.50566570019546986
0.51372959588592249
0.48956570114562004
0.48656541755087102
0.4918903339720625
0.48596513268701624
0.49492361297552795
0.51424414267252272
0.51303537742167094
0.50680788433423329
0.5049079900094755
0.51525126654196907
0.49944483144381036
0.49256046647300711
0.50714697298594869
0.50445269168111695
0.49007385866466324
0.4920719689732726
0.50677778931865136
0.50881052985865383
0.51193376001876767
0.48633439701076386
0.48975683112326462
0.51748111326306678
0.49894538755869822
0.49956508447685682
0.49936609579015478
0.22982516677443146
0.24506478011704341
0.52391202044927787
0.51336164551643715
0.48253581580608335
0.50794794868138604
0.50071512477024427
0.50929191687743747
0.50572586557014032
0.51324454239526174
0.49979733438004409
0.48929720770366164
0.50760609440652804
0.51200483939137376
0.51928385652695552
0.50311001448344961
0.48465139352615449
0.50528861907703515
0.49677923770092947
0.50199860661479456
0.51542420323859472
0.49387408690210349
0.4940714294858789
0.49259631331029569
0.5053183949181429
0.49774115288582571
0.48694130795163143
0.48931039651484759
0.4974443821564058
0.5243811920720397
0.50503501247284777
0.50948070984836125
0.22624916079651392
0.25425409767785934
0.4821448126885593
0.5149703877991072
0.51104652702509357
0.48832140895012893
0.49230753275003192
0.48387543002990296
0.51730539726784308
0.50240779282356185
0.49497091459943243
0.49401361487290157
0.48508700362804019
0.48617317373151253
0.50067873989794942
0.50945358488649872
0.48115933974293967
0.49105593988406571
0.52333005048440573
0.49320772351949621
0.48872729775285018
0.53369585451702362
0.49777838254574291
0.5136962311228993
0.50023834300011205
0.50621949486352991
0.49434971818823281
0.50525310134371548
0.50110048217206593
0.49089260544787111
0.48771969933222292
0.5004700103325247
0.26354730911571389
0.23018025441149245
0.48747353429507267
0.50685231048069557
0.4776344585203906
0.48882570714218959
0.4860522401674523
0.50811450097624622
0.50762751884613067
0.50727806936714781
0.48840342886336408
0.48116043167782768
0.49094234747170551
0.49982257394381918
0.50099424941840076
0.5020552953952333
0.49594819304807625
0.49932281775923565
0.48262758406556017
0.50587247130034374
0.51529121300985747
0.48501549649118403
0.50383857903278795
0.50640031603592306
0.51662789136754284
0.48130238060434283
0.50221181351732214
0.51261850668512576
0.49818746408012615
0.51122616470755911
0.49831919421367421
0.50086652666433151
0.23491744016307975
0.15313184398561344
0.24349337206432942
0.26301464668826002
0.23528388776583722
0.2273935025023478
0.27616946303717765
0.22312609863720717
0.2587342662964498
0.25987325420766028
0.23269133669196518
0.24762989874436614
0.23001448290461371
0.23201153904379196
0.23133989141657235
0.23242431505705768
0.22584458715479469
0.23338915436619995
0.27567650711122232
0.33385614530850277
0.30392036592411314
0.29599200048479157
0.24415227884579371
0.28245709672052494
0.26118831256293285
0.24152434578593582
0.26860670853598062
0.22703421373797578
0.22734548470153695
0.25009635628935878
0.25182416213130587
0.27204465447575088
0.1203515305953466
0.15447733746592635
0.23805480532145962
0.24674226138100741
0.25495694439383543
0.21750323785968817
0.26056114305967637
0.26500638293213707
0.23185377678744862
0.25397599233109064
0.24383816409704395
0.24443554273996965
0.25772824338417061
0.26167448603709165
0.26284590603995001
0.23364733624259001
0.2438962396320673
0.28292342477462884
0.24137893030503851
0.23065856383009689
0.23464697661908537
0.24276222122654184
0.25793630699940701
0.23615435957841222
0.26673461190275988
0.21984952772149621
0.23582641315585853
0.23725166596943439
0.26525346264833738
0.24774185610000757
0.26642825276174692
0.27372968177339052
0.14037209315935265
0.22921047642068371
0.50256713203803272
0.51544553641556201
0.47341681553364978
0.49315822485156718
0.49504695918921421
0.49868378471567176
0.50025747214260718
0.51386667828915056
0.49610303896327446
0.50154444433722911
0.50356992647218179
0.48638886435562506
0.48419593820948265
0.51476959083964724
0.48358977214016535
0.47973767299632375
0.49946368517527778
0.49504821063506105
0.49400184960538163
0.49961437035231593
0.50814955956744656
0.50059706622433453
0.50525504326559301
0.50973466336975759
0.51968927182418767
0.50554451885046203
0.50665253129367271
0.51311135430055999
0.48387114405038906
0.49538929913049168
0.25106444880269319
0.21669894953793889
0.49637322430888609
0.50339983438758162
0.50612118467699196
0.48465578252440206
0.49912743528731429
0.49433334862873346
0.5166162144690768
0.49108727258513951
0.49707145943433639
0.48180389487496766
0.49337852527694015
0.50340875271929852
0.48417108064402886
0.49739328630500712
0.50805831024555204
0.48953286658255912
0.49517629710558553
0.50558687485676013
0.50457191539871882
0.51612912579887127
0.50630012853300066
0.48654534533360616
0.47987372093708835
0.49565167603727578
0.51870470188975581
0.50891576434982388
0.50790279776815017
0.50590779570677602
0.50302731328744332
0.49678217724070317
0.23882144751966841
0.24961095640185307
0.49738450635455733
0.50146924084231148
0.50223221975379195
0.49331191377271139
0.50886050637811753
0.50021726624255092
0.48425168674030422
0.48199142749848384
0.49291684746583186
0.50677036335061432
0.48935618420953836
0.49241134554344024
0.49201652561171999
0.49773331460721382
0.50089242013399149
0.50132085006842331
0.50308633663513691
0.4923140971739145
0.51925811790309928
0.51347219428708879
0.49046123069746189
0.50132836320001839
0.4920339751651806
0.49418205467084364
0.5125976199524569
0.50636410855913772
0.49744717504290153
0.49494366422881153
0.48450128830993477
0.50441985128300981
0.2383833512030531
0.27161521924518767
0.504031263814681
0.49510720827424415
0.51344739108507731
0.50974738360972827
0.4966263347335288
0.48369069760227007
0.50443093072065803
0.48580503918413109
0.49442689809477608
0.49059553302212411
0.51553790641180797
0.50694010833241843
0.49388871865309464
0.50963841222297424
0.49933473497307768
0.49876924585520332
0.49303454528416057
0.4956779083873033
0.50056874285929753
0.50274150894840275
0.53081212804396516
0.49359938659822533
0.4974514929516719
0.5130348742366283
0.50717338931329381
0.48774890282463462
0.48946421734638079
0.48966634510040524
0.49907402946498192
0.51489452987682349
0.26859852628857139
0.25265363731298657
0.48434246841585277
0.51022795940704568
0.49208743127015597
0.51284734205262406
0.4818904074036901
0.49680125387975138
0.49661826016330257
0.51554932212114735
0.5070183545639253
0.50023809218514648
0.50079134899721289
0.50099774466091873
0.49474740380119869
0.50084463175159677
0.48027994015262432
0.50029962940555961
0.50227412053248477
0.483653202492073
0.50698212601462012
0.50039266046644948
0.49942493550638739
0.48107341661555891
0.49727586458131712
0.49603526528660441
0.50124591186792467
0.48398252949271964
0.49843083184946724
0.48753788653057489
0.48358995085093293
0.4742150790445866
0.23529279094558264
0.2474412378432225
0.49663447802996935
0.49589592552195111
0.51167118615041707
0.51174125057194075
0.50783707114223786
0.50392056920413553
0.50420273163375506
0.51042022856130365
0.52867366326043053
0.50096628076926231
0.49699163553430969
0.50124422155224502
0.50325316495593775
0.50017941739537197
0.47342294188348016
0.51052052299520334
0.49530443644224176
0.51157854378756273
0.51083195972701734
0.52736595003462361
0.51624244786068596
0.51095088124651566
0.49585979481943282
0.50584224875218953
0.49744107005593463
0.49503273221781008
0.48428702251662781
0.4999647057655679
0.49524805464068983
0.48444139744026665
0.23528904182308355
0.23517038076246707
0.48080469360329148
0.5170495922177516
0.49130623222734843
0.50693648490275123
0.4950797523188239
0.49889278486161887
0.49047981630196941
0.51153498515601381
0.50436005296245356
0.50449833559490265
0.52571562475364741
0.51370838997461477
0.5028407965071755
0.47745571915456519
0.48182285775764305
0.50225270033665426
0.50774146525681518
0.5115603076192291
0.51170799001802292
0.49505681646985494
0.49722953541982601
0.50736117016627857
0.50622790134568241
0.49023663801986211
0.49849806575955019
0.49873692217822779
0.49797903442444486
0.50899685061596944
0.49889978856362127
0.50254790306876718
0.24306346856647248
0.26346859919663801
0.47849551579987676
0.49842222646159962
0.50416625477588872
0.48491287966220753
0.50235202580302096
0.49521491582486837
0.49173894562847903
0.48795638517880863
0.49580115076612774
0.5004076716825655
0.50319427448989473
0.50334445907444469
0.49694245356195299
0.50358387085206102
0.50949603188485604
0.49766995377379908
0.51558873191734023
0.50440864110965022
0.4943365174887478
0.50010148861159864
0.5078106836850268
0.51234191289353481
0.48172942979500816
0.51209351783914026
0.4978938890941057
0.51001632150571408
0.51076293347224455
0.5111224148778768
0.50737137443687041
0.49876667425822713
0.23494526015112113
0.23437887005829566
0.48746240891294307
0.50723133572590939
0.5141456461096845
0.49460510985952338
0.51777735375126066
0.51389088325927479
0.49514835370429328
0.49078113653348115
0.49849431231756791
0.50516013717314689
0.4888872637531107
0.49246458482963451
0.49976975440106136
0.50325558941187243
0.52289963487861801
0.4816677962980338
0.4963203826668387
0.4928916802457009
0.47863205773828782
0.50609409933522775
0.50579127147849823
0.49429939560313219
0.49704702973858728
0.49097798911820839
0.49565137659137326
0.49713901642877251
0.49197867148029867
0.50746873438052653
0.49915704601822464
0.503177478402412
0.27655614689721347
0.25681161301778321
0.52436520146978416
0.50087987589481298
0.50723437084637069
0.50812128808568024
0.49216735167419179
0.5047412475508074
0.51361600108465033
0.50032650066750584
0.48005768439029695
0.49174037436885698
0.50388234451212977
0.50156319575044039
0.50463925451658775
0.50324337758131887
0.51290982396132667
0.48347172932471583
0.48205807022179198
0.49183714839043363
0.49159724409814487
0.49772410267910944
0.49762397522152435
0.49766551806577941
0.4790481610655356
0.48891437684816019
0.4829689342390121
0.50603076132291824
0.4805664159261388
0.49230037365786755
0.50272976733098029
0.50055323421855646
0.27488783768624542
0.28118200788753006
0.50582088799308866
0.4890458794497774
0.49492868280717484
0.5006803645298844
0.52968006822997682
0.49649298796924024
0.49986223871865515
0.4981663910039279
0.50493520797457103
0.49452779663502722
0.51647085646590329
0.49029637541501125
0.50333554235395472
0.49461206733151281
0.47809618186487679
0.50347650519377296
0.4911129596577849
0.51632682099040517
0.48823021480606854
0.48427812047629093
0.492148869437734
0.50031295826434585
0.5052332487434984
0.4995147407022657
0.50129840230060652
0.50838063670106937
0.50747667177811873
0.50060481559274195
0.50460009071524292
0.48797168067420504
0.24507834099046205
0.22801357633859481
0.5093973053452524
0.49753590107987022
0.49633325338321987
0.50525090072551559
0.51590230076259502
0.49565514560039542
0.49646625106086589
0.48857298166060648
0.51730262899034585
0.4933480664833651
0.487257162580087
0.50511720432661389
0.51938092127839841
0.50975287543966585
0.5091603817187812
0.50115505445152142
0.47261321263855965
0.51341161877074659
0.50621511552637244
0.5078365722262228
0.5097416006535882
0.51237385842013594
0.48636819460843495
0.49160426312273975
0.49109108561557474
0.49976960829674766
0.5096214928428886
0.50635872127626913
0.48589166310281989
0.51064169653556524
0.26571048289666749
0.23413169890644284
0.51279381013926029
0.4807144076167475
0.50957893552072753
0.50252825948160829
0.5057720118121436
0.50516560907226959
0.50837092188036104
0.49928697155525553
0.49550979411784862
0.50443526759856749
0.49747784616189383
0.50736798176779019
0.50219680022235103
0.49518277494259777
0.49067920171945406
0.50008132690308571
0.51939637721773579
0.52377696327919399
0.51353079629983744
0.49407384870120896
0.50887018026208231
0.50434472246116813
0.48332159270620956
0.52868935717056831
0.51493826110263596
0.4876010411184582
0.49512140107132824
0.51876355892840176
0.51483891667322867
0.50611991812098245
0.26004865736874033
0.2587953354072498
0.49596490754722833
0.46974500155167725
0.48987107838103972
0.49683232698005197
0.50106121508822299
0.48683216388908945
0.49473926444284499
0.50752042024102584
0.48778082392128863
0.49176041004558962
0.52143000558613961
0.49253673060466252
0.52735596114930583
0.50592779124641218
0.50316404550700633
0.49643934911860838
0.48522705484438344
0.52124597948373164
0.49731107556125242
0.48703851062195558
0.50410897517241438
0.49798071473115302
0.49158373421532447
0.5059914228846415
0.50658950987799534
0.50731990624784928
0.4894992066909381
0.50002421358562443
0.51173569130218566
0.50384859907405843
0.2202336906701024
0.22671023665016005
0.50301942909990283
0.48042470576889351
0.48369570824783403
0.48723388531041456
0.49913299643066139
0.50727848621674887
0.49782412932239262
0.5007114660563462
0.51578039333390224
0.50280471631218693
0.50098598351888401
0.49030906692458875
0.51442762344191639
0.50207735921817331
0.48932272737947502
0.51818820161143941
0.48096088713817847
0.51618129001987256
0.50029835454932658
0.51240761291890657
0.4931064232169175
0.48981384452521692
0.48305243632039435
0.51250278575153263
0.4889279376700203
0.51023826559689611
0.49854052052049658
0.52053418517407535
0.49558273749296772
0.49532004026120235
0.23458546248209766
0.20070811658204046
0.50686566615298034
0.50126986544207752
0.4821616838431998
0.49747590509078632
0.49845388545280089
0.49163082366903976
0.49667132116425422
0.50976342664239616
0.49753961577966843
0.49342079795122717
0.49060861815211843
0.51202645074859876
0.50460018298498799
0.51239038919203528
0.53286963816551625
0.52445444832788424
0.51940806638590253
0.49145387345121416
0.4857157252599561
0.47678402066620734
0.48839341751038601
0.49256876448392006
0.49545864541264917
0.49822933063051067
0.48856858422100752
0.48844678931090585
0.49907453326100548
0.50382397731394357
0.50489619299086674
0.51137532887082893
0.26351007692738276
0.27545612318577634
0.5243018911078865
0.50878844508149401
0.51344793778958053
0.49053482385603653
0.49856787149036413
0.51127952033875501
0.48629311129820713
0.52940885329591558
0.50689514451953077
0.4986739680163263
0.49371028180110776
0.51324416254753491
0.49945654688216112
0.50986324899289381
0.53046818236341076
0.51740858566510506
0.50619853180670438
0.49193698132866559
0.51918899516921146
0.48577000459931163
0.51402664340841819
0.50193826972999034
0.49943289969804772
0.4859912362901268
0.46795280666515948
0.50978673022229004
0.49948454657404356
0.49620196758397594
0.49779130539035898
0.48369355051325724
0.28188679738829403
0.27565716285792807
0.50374436953749735
0.5105651605754179
0.50504086838524798
0.5034940152848344
0.4701239284972491
0.50374303271760823
0.48622078226031984
0.50798855352979377
0.50982410602489459
0.51248710883292992
0.50812375313201497
0.49704016162374859
0.49368755379346169
0.50509728384238073
0.50420528711507584
0.50511674472527635
0.49244071610554868
0.4977360256441789
0.49823486332222605
0.50316736600435696
0.48433319622606924
0.51022600532965157
0.50516321285876986
0.51642740496249295
0.50027747794865407
0.48354925138491411
0.50231305731343956
0.48792311173626834
0.51723434228318688
0.48796896024222219
0.22978288729745025
0.28917777299619141
0.49824110899359186
0.51186338527306807
0.49256544001820757
0.49270446991850597
0.48139496035886914
0.49649063377521185
0.49480352077550444
0.49118004018763073
0.50023134369502631
0.52003406780174055
0.49832037807736079
0.51087170321686759
0.48444049992273563
0.50730070385879544
0.49782533939804813
0.49337928374514001
0.49293294666782916
0.49788144660201189
0.4849896308110781
0.48740459763225014
0.49622438211685732
0.49282441500014801
0.50555512976291828
0.49049591286316452
0.52574068029761811
0.49902874998876373
0.5077256284301489
0.50210592140753341
0.48544868637703631
0.50276126948979849
0.27359578370790527
0.24955787228830995
0.48045332215855202
0.50526218392213562
0.50737039762157909
0.49649878854910207
0.48763672430215577
0.49765679174423233
0.5024183082998035
0.49428270851524503
0.4960363706505268
0.50322980867641787
0.49505085435068202
0.49476414219150044
0.50066179178676518
0.47985595431956113
0.52958135584783561
0.49893634645676566
0.49998658568488685
0.49928691058989699
0.49877865303864938
0.51542554102424631
0.50537263832242252
0.50232149391913361
0.50165215890741077
0.50371974606566861
0.52271453502514997
0.50430961276946895
0.49955128862878106
0.51125292159851055
0.51415948896850039
0.48648518900300747
0.25875727709625779
0.27220427337369446
0.50298698332038094
0.50063676357069953
0.50116071953201258
0.51238035376067648
0.49418764774688689
0.5054715875061857
0.51234505113104878
0.5039548310610571
0.51274788320120412
0.5080286410969268
0.49771806665224683
0.50620910633356231
0.49125620680688137
0.50471650594360651
0.50841671233843833
0.50411443157755143
0.51318600014056281
0.50545631671138846
0.4816316860594112
0.4980841311015281
0.50385135570122985
0.50367042303107901
0.51531779300446812
0.51862211232396571
0.52531477636674917
0.50219433419119197
0.50195857032813518
0.50946171893507974
0.50988187557147402
0.49453861738582622
0.25311884722526956
0.27663620313224685
0.49752572976547832
0.51636903642494447
0.51120162145413361
0.49300706241081826
0.46276946297246269
0.50394824247126502
0.50565268225111226
0.48209264255254225
0.51207539275778691
0.49020678944336693
0.48779894196213808
0.49161517198392263
0.47374016556229692
0.47882748070885639
0.51402870921372634
0.50144202974822338
0.52524261292547736
0.48766531339779734
0.5024937605918206
0.49258009993090629
0.4996302677583056
0.51665708890019291
0.50181756246788745
0.47860500024243036
0.50847224105438604
0.50172396760099403
0.50126056913985917
0.50686640698504037
0.47949504613897653
0.51418240778340307
0.23285489841779908
0.20780546291968333
0.49513720921573018
0.48396339803344168
0.48540694225568093
0.5082754708048367
0.49364758548637533
0.49101463816747015
0.48992324858772018
0.49717071412781966
0.48772033359501249
0.51229479808822187
0.48810886890206528
0.49684030007326629
0.50457770233114518
0.4735096008925182
0.51201606095760788
0.50970418182280619
0.49779268143198557
0.50488151234575585
0.48100606141415608
0.48165801020046611
0.5018219212330195
0.49165644465121711
0.49389738027888114
0.50400490467358539
0.49546201629791659
0.50860550876345201
0.50813352712242066
0.50548268109890082
0.50582374202527469
0.48711743647567379
0.25604931809723236
0.25332863676908995
0.49979571620801799
0.51518167023613548
0.5057547503581804
0.5091683472484686
0.49792191636668703
0.51123556412326954
0.51160981355970714
0.49283376648787042
0.4993395639346247
0.51205857048739278
0.50138617379240447
0.49628961064383692
0.50405567920047567
0.50195656719799575
0.4966620026988704
0.50169432417465987
0.49346559301552745
0.49323871797586905
0.4946519074537285
0.50140188051511148
0.48610272002018262
0.49369968987928353
0.50891302257462834
0.50196110677877892
0.50960340110954716
0.51882987993056162
0.51656104409479364
0.49402010220112924
0.52389477561025277
0.49279434121121307
0.29276729898253512
0.28988480272185108
0.50171006499743942
0.51211213947023926
0.49403627629383129
0.48795070331757834
0.48171281771101787
0.51785814686813525
0.48690119044113966
0.48645649931000268
0.51692967860245553
0.50886056746262953
0.51901129246348199
0.49647029638458468
0.48277022389626018
0.50149037746764125
0.52060169580072846
0.49134103566343357
0.51003213446153195
0.49029588479001124
0.50845478681277678
0.49206238223221882
0.50200090391686236
0.50609499563087068
0.52117144582150299
0.51568762665204204
0.48478082593161576
0.50149371202551984
0.50669565523169391
0.49316469668136709
0.49000838170731364
0.49848931794337398
0.24589815408920565
0.21599692072316951
0.4921021885837224
0.51363156796749965
0.48887804519692213
0.48615482034921292
0.48563657060779764
0.50222383275107407
0.51599750342915696
0.47478012757224203
0.50786135499973761
0.50675471562845986
0.50116945389763123
0.50361828443814793
0.51966953274225403
0.48627119114559247
0.50042539196372937
0.49320507771035133
0.52016826981818698
0.4886282761282208
0.47234908398063308
0.50721693641668708
0.49927577828962466
0.4812772561945497
0.51775216199678953
0.49957986800147047
0.50140359891781228
0.49756253640140136
0.48797396045825786
0.50317113485122167
0.49164721840014869
0.49652119790520394
0.22832390077185946
0.22636490238143522
0.47827425372936994
0.48892826559892888
0.50212354005722326
0.4927165311694387
0.51327018280329861
0.50339814839421615
0.50997406961229819
0.49790237436310703
0.49228137504066288
0.49714102802685872
0.48628351988180818
0.50119191929231288
0.51633070601175568
0.49347524766606432
0.50820641394947852
0.51794444138638152
0.49936894103088908
0.50143577753606172
0.50833304916550293
0.50503116897978029
0.48134387467347917
0.49125329023298053
0.49389696989702081
0.50574222280460812
0.49275335169180107
0.49222957055268196
0.50015404790636697
0.50080959465117636
0.50379280203507704
0.49834841127294216
0.2336125851118046
0.24291570594383563
0.51037828380790107
0.51861073683682946
0.48638863028047952
0.50748464322154496
0.50392242276239851
0.49719183398939482
0.48229044879039518
0.48733754832579035
0.49664476617716152
0.50463786624026952
0.48692754550903761
0.49008780480902542
0.50313108120364036
0.50248453533947623
0.49549262473668637
0.49172567194592198
0.50328378747797153
0.50687100789240958
0.4969307268089983
0.50765672348374979
0.4941999779553789
0.49483759114769421
0.48771552026316467
0.48868138989590965
0.52109613697193646
0.48327945385534643
0.48364213367338443
0.51200236344457939
0.51537593818447747
0.53172049529998744
0.27047805002734449
0.25842781057453212
0.49231481857980264
0.49084332674662279
0.51607387544959016
0.50442779670591575
0.499629776251244
0.48879752761029255
0.49298290447126514
0.49454894208692718
0.48945529658219872
0.50271380898401663
0.4903519380106498
0.48869817413747901
0.49234962425829859
0.50671339262812731
0.49033745345298868
0.48945038495059345
0.48433787575317022
0.50576952052929769
0.49599942330362323
0.47815027720656578
0.5019830032887449
0.51207615923892302
0.51514417926081224
0.47450562413419528
0.48390901928874902
0.51700571329981027
0.50724447550751262
0.50314673594350678
0.49131952089695802
0.49693381904108125
0.23825922168315708
0.23892384992151647
0.50560753475987374
0.49713591292427317
0.4969823507518572
0.4969257682021716
0.50704840561837639
0.51264853404896349
0.50559464941082255
0.50389485255368105
0.49368784093830648
0.48390395294029287
0.50651035941951161
0.49710570245776836
0.48589698163810868
0.49146126597093581
0.5140298361730683
0.49060945907231485
0.47992190465484036
0.49212875506072612
0.5167635341289919
0.49249543245215172
0.49193494320981401
0.49284737079838087
0.48696723445683754
0.49333987723334205
0.50290481974963119
0.50522387741768426
0.504923326784955
0.51347087270248071
0.48356247178427264
0.49588671014506136
0.26505798376793699
0.10742809107535396
0.22923437430368099
0.26366222443005566
0.23973705019441499
0.22851966258320472
0.2442976699049659
0.22051433359199352
0.23928274906010469
0.24087922330917622
0.27821724219475324
0.25993167777148357
0.22560779715705964
0.25040190998478834
0.23917178718180063
0.22225137370840586
0.25890710078703055
0.2723861494285052
0.24234756429369583
0.24263971719289826
0.22785579807505585
0.29520114205206527
0.29397765259504216
0.27187574084054483
0.23743353501803258
0.23590770301384023
0.2509180584976527
0.23790632576783927
0.23143141142422188
0.29027232620917448
0.24517512663856109
0.24574881535958201
0.11360437634350611
0.12124943693151709
0.24725454110511824
0.2790645255233129
0.27254966629163124
0.27310858903727142
0.28655662174848445
0.24289651357378647
0.24305330623875634
0.25221672419795338
0.28449509855739707
0.25763576590840415
0.23877000723649572
0.25122265825205503
0.27228652445909185
0.22446403810222587
0.2460342279862546
0.25257346243531537
0.22505131189551644
0.24574010429197765
0.22305689889041658
0.21677512611118929
0.24520123061172394
0.27648590351153352
0.23872144279533758
0.27317109838293607
0.23994350864412409
0.22077749840820118
0.25975883976968717
0.25514507208709758
0.24182093162362339
0.2425013874624212
0.15198882163167535
0.23942558582955567
0.49228585065798597
0.49277502083653246
0.50570571958247856
0.50485225260819944
0.5007633944339005
0.50001661263058117
0.49308388517594737
0.4962297530919777
0.50647840011625989
0.48653666904254367
0.50570670198827583
0.50701426415956152
0.50501612279976649
0.51429756241296432
0.48307700111374297
0.49799736142027817
0.50765056846328416
0.49708936227253891
0.49201630268926483
0.5141730232326126
0.52205357415899278
0.51381149180379593
0.50161234568855484
0.4988946902166862
0.50321617698915144
0.51605261321122697
0.51650286048328709
0.49396438320911007
0.50035345449762336
0.49419963772595482
0.2525117091995886
0.29521896347481869
0.48548766621403383
0.50966481299359967
0.50388745309283256
0.48882905815182837
0.49335556036456374
0.49327990559849699
0.50972348437440484
0.47943747244046703
0.525294019157446
0.49504136128365039
0.49768670312792301
0.48897029874671827
0.51319748285453703
0.49660228433109838
0.49144505956538803
0.5021985476876234
0.47627444406513336
0.48385210881912999
0.49140553456898683
0.50417298584728421
0.50738268516943563
0.50971880440095274
0.51406175030919854
0.50699245984098584
0.51052883593068477
0.49347836973370618
0.52838235439402759
0.51134893078139965
0.50418125800950231
0.50515367227119101
0.23291586282737359
0.29974247916950075
0.5104077391333347
0.48993582944987207
0.5058531647831489
0.49945767462317892
0.50891183099178616
0.49445961745434081
0.49394273727601212
0.49363602095573134
0.49763801323272616
0.50062433689755304
0.48174165031685418
0.47837408436512963
0.48232183789022465
0.50810385113776668
0.48532198245323466
0.49306145477023045
0.51693187277583519
0.47938226182442079
0.48837076353053294
0.49995108264536775
0.50288411652528686
0.51253981255149206
0.51245649322524045
0.50596081657953673
0.50079356012317078
0.49983338366891439
0.49452834842592025
0.50695646909214109
0.48534755199584673
0.51613131361974263
0.26922473952131609
0.23989995994139587
0.53106648039067406
0.50279899278635209
0.50288288571634499
0.50139735709028432
0.51247401151870986
0.50027920467653775
0.49465451259741944
0.51376337911024306
0.5033244549999486
0.51670205913885447
0.49832785207896396
0.50406311857971797
0.49983212013983536
0.4986537367844614
0.49797354100653213
0.48781439339239463
0.50475653034533108
0.47926233911951843
0.49599356134313205
0.49416477846524148
0.50148649601572592
0.49445082134455004
0.48624661684746534
0.49003374900764174
0.50156914752848181
0.498432901642544
0.49541647820309981
0.51245154842289942
0.49536926082064009
0.49263956869469522
0.24456165509197222
0.25013480034025137
0.47496556469124079
0.49943957376950338
0.50664295948484528
0.51583269154858435
0.49555315144165762
0.50784974393817983
0.51321710020046696
0.47878009282932388
0.48954170268812025
0.51733127133264079
0.49644858571120598
0.50830423220812604
0.50244454871255995
0.48383676044070317
0.50315392010036042
0.50409622640440499
0.51197266788271989
0.49915314106700037
0.52847812630227997
0.49811931909916796
0.5071789964413651
0.49366383523490293
0.50810975545102754
0.51620128827881073
0.50525025927151912
0.50794695258019429
0.50837025948790526
0.48496688694808959
0.50776137891286266
0.50096145720946161
0.23130214846259975
0.23914689871170408
0.50634749793226086
0.49227662999043681
0.51394655107675546
0.50183074903519576
0.48692529253215405
0.50226480386677208
0.50069666385900924
0.50361194992464386
0.51170613219733607
0.5150942626515651
0.51023246916076637
0.50255069267412822
0.48496626659987085
0.50480136963835665
0.51823102060452386
0.51442376519846311
0.49110548042402657
0.48750137762131596
0.49601805727921661
0.51533224649011911
0.49873217530136976
0.49841779835802402
0.49077869790220252
0.52652741497593947
0.50143484176339148
0.49327127467457793
0.49769671661710274
0.48802128144586604
0.49947597409650507
0.48451342272724263
0.27697883818445129
0.26312435212347668
0.51573854763178195
0.52533042485471759
0.50066474677526718
0.49615784154105719
0.49225210675229875
0.50620408430678432
0.49744523170503291
0.51010186385388379
0.49229713236661837
0.48791647602984067
0.50478675511050319
0.47890117967707452
0.4822825299569824
0.49403466347122627
0.5190441256030307
0.51019529458445245
0.50290983742311834
0.49744973888587662
0.50731659925117434
0.4940056425669167
0.49088178934636778
0.50027632436498648
0.50447979154118971
0.50207670931556325
0.51305833457450045
0.49244533200566376
0.51423820997947078
0.50827380428409374
0.51347221243766417
0.51484036142670675
0.23550143258645143
0.29072345436842167
0.49928215972597001
0.50050507787218157
0.49772957499919346
0.49747033833427723
0.49363163720050635
0.50015936631105351
0.48949988789011589
0.49232585775359256
0.5170125977974207
0.5042682327260043
0.5091648562329103
0.48179547767045233
0.48319881372657603
0.4958128984671481
0.49902138890657932
0.49044334926726224
0.49163440488844734
0.52426377553379266
0.50393564061110563
0.50698344303360665
0.51161012271240458
0.51029381364740234
0.50096833194442214
0.49577881871683738
0.50228737859449502
0.51818103795457782
0.50522487551136852
0.50173243413973867
0.50225030979116492
0.50828125600200535
0.2505772321944762
0.23682480988823307
0.48536436908071751
0.50479299593788629
0.49118712782577056
0.51793104173266902
0.51109246294367161
0.49478520048054192
0.48948143989816556
0.47492584760712825
0.50831830472270556
0.48946364951586441
0.49281237217456791
0.4915770012961368
0.49067122061466789
0.48318291515880424
0.49846218008810728
0.49531535133284965
0.50768427958941353
0.50597456955981479
0.51026994037255835
0.50044140184752572
0.5200122052337155
0.51708293725759424
0.49621705670794652
0.48974929854377619
0.50202052654091922
0.501919574078175
0.49664387049201103
0.48944108344561932
0.49976573718577338
0.49405935774379073
0.25093063930327669
0.24742257658476213
0.50292086386096269
0.51065752393035246
0.50702675661508934
0.5139096113063536
0.50647383387831457
0.50478035270057897
0.49594812340841277
0.49536744955894763
0.51605920764401803
0.49383438926149503
0.50453945968274028
0.49321821443776986
0.49728910720237612
0.50889176288926041
0.51392897865170217
0.49639874374785292
0.50077133660913609
0.49683204606409254
0.51780040515276893
0.50206062558585063
0.48478834946195859
0.50366873753730113
0.48427409941588379
0.50213981326823065
0.50179293289165694
0.49291315218511156
0.49312433910318065
0.49727594011741444
0.5009532726810797
0.50426939875527554
0.24181328687924328
0.23841176570068706
0.47915913872908583
0.52064369429336643
0.51065697523937315
0.48954096334155534
0.50648529643339157
0.50967353114794645
0.49931628975075842
0.4936272274251845
0.49518800434920135
0.51057427295247659
0.50836956229032682
0.49704190619961292
0.50873337502078597
0.49035107832996377
0.50578597632459144
0.50625334496143737
0.50248731140741687
0.51420577389795152
0.49186699089305158
0.48568306167505415
0.47974835831607049
0.49945154877229825
0.47484296074317678
0.47304980193903984
0.49214934059603388
0.51343261719165989
0.5021644104044255
0.49499077986367063
0.50870457647619571
0.49312316189540123
0.24835289271680278
0.23183485856606043
0.49914955346151557
0.4845897880896749
0.50337526154791445
0.49716764877509839
0.48361183110910511
0.48826314503037138
0.48227760638166067
0.50599926085045943
0.51493713820787523
0.50169065102849675
0.4848130696311389
0.50315506468688243
0.51477667971917695
0.49305541336072467
0.49126890242103799
0.50994521510082103
0.5021368491542304
0.48266139621138637
0.52910736321059104
0.50164742136207929
0.49779641440071987
0.51065944689989895
0.50626822185819786
0.47418687344621724
0.50748731489692145
0.51299608300191679
0.50147930754744841
0.49376844697060135
0.49552127225975817
0.49967474247619137
0.22267928917888458
0.24009205893711416
0.50945306848947625
0.49536969606463815
0.49600595821651283
0.47703855883342805
0.49439731527339387
0.50346617832088125
0.50332137285052825
0.48443959860623192
0.48806397875245172
0.4879526418688076
0.50874810581299656
0.519370297548571
0.50094946759336023
0.49033053227626722
0.49254443530643333
0.48085972173509922
0.49855463132018474
0.4910377005051263
0.5015914700318389
0.50751112750213045
0.51673020696510386
0.51856642393087726
0.49912815511925862
0.50771573517587787
0.48849424048624507
0.5146959643934208
0.51655702100287648
0.49936685619778209
0.4957071663376208
0.50047094637121758
0.23046033547850509
0.23561368169638111
0.51569058299758797
0.50633323104254535
0.51660890647604696
0.49477876600759219
0.50532581128902498
0.49148915352637929
0.4874237402092319
0.49771424686488563
0.51327610417758163
0.48163257123169295
0.49982722567495774
0.50603744827680941
0.5004497170044766
0.49350943672872682
0.49674297660814787
0.46554900932199011
0.49785326689239701
0.50943150811588045
0.50530726877820065
0.49518789810302749
0.50669041242331736
0.49227686283264993
0.49054718689481475
0.50105850877293778
0.4947860236393562
0.50655442678438978
0.50160872868402695
0.5034944956111761
0.49330313029296236
0.499638070270574
0.2320248453800616
0.30094624336667714
0.49113419073970666
0.50671344926513961
0.49534016095902361
0.50217304203947921
0.49496509769463032
0.50145299092933504
0.49170468067629997
0.48250707145346639
0.50330960819273807
0.49702495085893705
0.50938055890472922
0.51454742068727277
0.48913383183099596
0.50979513920507313
0.49768940688408364
0.47718607529155155
0.48682148485067039
0.49328229958973269
0.4920292119095383
0.49978326181317451
0.51311665962923325
0.5303714389753057
0.48593479064080458
0.51166510878402804
0.48464669154081058
0.51399892786468548
0.52231530710871643
0.51684310193505889
0.52245777734379373
0.49345721301186279
0.27380161057507468
0.22820356903968358
0.50145327598081035
0.50731727720331055
0.49709353437596149
0.48644757625132246
0.49021876881933746
0.4967479011538905
0.5025555888255645
0.49507615264072041
0.4998122083827421
0.50528637937883747
0.50580176769035357
0.48664892079722061
0.48036512738054082
0.47687530068834139
0.49679248982930796
0.50156778086383447
0.50429372216573976
0.50038492978899063
0.50417679164507834
0.50112668904564217
0.50656707045771754
0.5362170141934417
0.51627991282581642
0.50030541940013873
0.50638084471497402
0.50149780235543862
0.4944538459885654
0.49003832661875701
0.51834524054785847
0.4930298818158968
0.23180164390084304
0.2369913988035689
0.4975550437078578
0.49092574193798821
0.4795663089164669
0.48956880601901992
0.49291517747576818
0.50428004504248147
0.49552662658039609
0.49909265767952332
0.49438251056920507
0.48720143012866174
0.49885081678244314
0.49745217431592142
0.50370334410758622
0.50619150127641732
0.49454183132718033
0.49743889576042388
0.49988965853899187
0.49517559714556686
0.53052319902782075
0.49850156937641932
0.50428735873781627
0.51504949315746884
0.51278381176461318
0.50631056188056001
0.49001503453399736
0.49103105244593437
0.47881158470743879
0.50334778742281749
0.48402422415680763
0.49894454083497358
0.24902636838430003
0.22961749163198306
0.49966794552213684
0.50792452834834645
0.51366815093448193
0.50973130732682237
0.4961104667708659
0.49729202036513415
0.48757288925624054
0.49952451562801692
0.50635926917663332
0.50569187221360823
0.51323658179175025
0.51329034321867317
0.5004550728631495
0.50277521816103143
0.47778867053157925
0.50604226974464206
0.49164765251933834
0.49897949380811596
0.48210018612837613
0.49313225131520105
0.4886890493969307
0.49002605358839213
0.49493863726943849
0.50563671456998638
0.49521679721716166
0.48685534316921647
0.50673639637185486
0.48148214937142708
0.49909989387310849
0.48433177353335388
0.23579330879436999
0.23411941004424799
0.49583222915216291
0.50007483016352416
0.4987121103926106
0.4958024083543105
0.48566045003361391
0.48331408347786597
0.50531918245799634
0.49572511722666718
0.49932895491106255
0.49769437180247161
0.48491430021988713
0.50072272949119612
0.51194301438652468
0.485098662521805
0.50804361171787138
0.50925868978561017
0.5220577493640145
0.49745263620346275
0.47889997368115761
0.508036976567939
0.4973719039363218
0.49871257243933537
0.5203769940859474
0.50985435098094833
0.482734304967818
0.48635900335650617
0.49703692304818914
0.50126460568546349
0.47970711553334167
0.47879110943687025
0.2432077494386235
0.23153520067486191
0.51366197297634275
0.4943654942961026
0.48913350134836048
0.50475988666561278
0.50015420448967896
0.51911961295273756
0.49222578842248527
0.5079804221447386
0.49085820452022216
0.48631464781024636
0.4867889669362423
0.49826388903815488
0.49112525232585402
0.50826493449495502
0.50570848857498618
0.49795430269397506
0.51467396076849303
0.49580149878982466
0.49271336791257792
0.51576443544972639
0.50960936630035414
0.48989477578366775
0.51034260600346293
0.49780608711662244
0.50149122169189875
0.520488875554732
0.48860143803777123
0.51039057668192567
0.49994383863832381
0.51881627738425107
0.26280690374043519
0.27099687211309875
0.51945076243512434
0.51743721582689339
0.49887889779460354
0.50969876118071
0.52203647981365764
0.47761164010449003
0.48067563042939304
0.50145809452966661
0.51198442433057045
0.51228588210759685
0.48591675596443223
0.51271189129818862
0.50524345121264291
0.51275150731010277
0.51685923786349908
0.48625982178552535
0.50183966660146051
0.51280964282658359
0.50925145223122581
0.4868708169356441
0.5040204923280629
0.49977925662027634
0.50457963987072851
0.5208553423734924
0.50469917869118563
0.50744084545540569
0.49441153518144132
0.49916640684450037
0.50406123730001307
0.48882478625400133
0.23644624336304518
0.26969284380341152
0.50420179995733216
0.51640276995017143
0.52100919343254393
0.48674497133161321
0.50771348713086151
0.49923375177284413
0.51507509701371712
0.49786488632528902
0.50119448567597058
0.50881109047141704
0.52680634010629468
0.50741933233172531
0.49689454767450952
0.50122232101497133
0.51276178398596173
0.51456815970332304
0.49868299064010785
0.49396957811988695
0.50116528141051864
0.49005254668011899
0.51845301804435262
0.49635041788752127
0.50830200268178549
0.49966719326472098
0.50831569660302456
0.49521863240342451
0.51035490738970735
0.50094292177612454
0.4949546676743124
0.48614177668150232
0.23017461251297866
0.23853547638912823
0.49659228400830729
0.51854949940792017
0.50234048554098609
0.48438343871354067
0.5068886420802825
0.50033231497962838
0.51123960720852402
0.50686745021126844
0.49827244338336002
0.498502269119104
0.50112996249806852
0.50603255717290041
0.51820449589411777
0.48519400070125218
0.48840157116066318
0.4829393127220209
0.50040332214001937
0.49266598326540323
0.49256558099259234
0.49610046389573847
0.49541033941026258
0.49399977682119739
0.49840260568925471
0.49082077061337409
0.50859891394363166
0.51862933816773027
0.49006160484392253
0.50336691171140324
0.50894700865122833
0.48637014353144076
0.24737366324281193
0.27744054218194719
0.51318178838859951
0.49642921711862448
0.50028475557172758
0.5100099879006601
0.50666212166809976
0.49027854771045504
0.49326994117786827
0.4865835806124878
0.49185011461392597
0.51821098412748823
0.49626137442571572
0.49849191100773615
0.51089208380842877
0.48315166698870504
0.48922144089532205
0.50574931971699233
0.4864306770347423
0.4999058821784324
0.49089685210307915
0.51082829842909128
0.50032008456485
0.49938298599352388
0.50925080874434014
0.50841242510937701
0.50410655085762912
0.52457919032070544
0.5141449315613762
0.49924345472678572
0.49452878435211889
0.50101177683380793
0.23145624167374873
0.25535390053568335
0.50249642599717126
0.48444960862905567
0.51577974847715791
0.50001846360824642
0.50584679571553992
0.49320753665536832
0.49405200441023017
0.51415522960106463
0.49832809468786743
0.52040333530538074
0.49132893164776997
0.48920221767283106
0.49978685807235051
0.49011416555454629
0.49003312106377439
0.48941217474713922
0.50275401601678471
0.50399757370133791
0.5091320739985814
0.50687576779012766
0.51479876962979421
0.50260095427484908
0.51638976243192491
0.51091758300406509
0.50181228666223687
0.51066518093208058
0.48805757363742602
0.49769932715893694
0.49155643221807849
0.49452880092880525
0.23395566185755604
0.28110048151146322
0.47362193610601733
0.50954283975081771
0.49621282769959973
0.49369408098532896
0.50968943993822302
0.49246122233388578
0.49964020367077594
0.51440122248187647
0.51006273218501497
0.51121800236959025
0.49790166433607264
0.50467652512667915
0.51582344900004651
0.51863716967798712
0.50507258526185039
0.48734688482902738
0.48770451866620129
0.51074203375596972
0.49859610715524366
0.50400472661987339
0.49385126146564096
0.50358693111749087
0.51028263996417433
0.50879381361767628
0.5013880983796799
0.48589799052074062
0.498812215058619
0.50938973034350665
0.48831615730247158
0.4847460943463851
0.27898135826717735
0.25349047069152819
0.50629826858087679
0.4908112343005005
0.49695395297189615
0.49085091164093159
0.4844135448791454
0.48515060634103468
0.50825446780866645
0.50610112796696549
0.49637166103599556
0.48625872965461359
0.49376575679535489
0.51667110354068368
0.49589400896065267
0.49277811704992364
0.50856845981653276
0.50276059701358444
0.47533259495112534
0.5003203246810336
0.50442716551204481
0.48557485168321035
0.51210028552196485
0.4989055470564977
0.50066357850900323
0.5008753729423423
0.5036255060313809
0.51397896543010968
0.49392461650907077
0.49679676125119382
0.49994855802546095
0.5027427599543467
0.26630798959755941
0.28023478019920411
0.51921975444188251
0.49362717797222827
0.48956880572436418
0.49792387365423296
0.5002633054207285
0.50119326078069248
0.50527652958004599
0.50025706783282975
0.49668599942706915
0.51162536369962708
0.50531686645253859
0.50696363302465619
0.49703925508309427
0.4840703993549339
0.48323786579024541
0.47019946420865921
0.4954823896260282
0.48963066938999417
0.50693332768250265
0.4977560356840125
0.492466998152637
0.49526457344165031
0.5166492956434261
0.52604966130100483
0.51516234720806675
0.48859831406706894
0.51669626928874923
0.50003088656051731
0.49545320417612226
0.50681103337609046
0.22872901898832979
0.26947983947865217
0.51474083593395237
0.49522277518300611
0.49603725490127992
0.49734824919262155
0.48993304570335328
0.48248951781752281
0.4969025608348126
0.49869271326012343
0.48763176898945626
0.498089409546777
0.507692531411986
0.51609364933139135
0.50648934064610374
0.50301259211507832
0.48259509613032464
0.48461612828221345
0.49351585004978488
0.49638645960655275
0.49445931860489334
0.4950079262697758
0.49605663275078027
0.50615216135744101
0.48788516395938775
0.53315493255982471
0.51600072418327381
0.50050703688748321
0.51646248286866203
0.49411176049398342
0.49517378532315576
0.51541109480273362
0.2204719850481838
0.23346290174431963
0.49926048074000706
0.52218565307474707
0.51708131089758624
0.48071173522450966
0.49177749054207842
0.48390374498946365
0.51895473889175259
0.4829991472131242
0.47659234040035531
0.4780405319438254
0.48245669160142191
0.50990884961354022
0.50331806538716573
0.5015667365101667
0.50037440129334021
0.5144156998955669
0.49675447444271981
0.48927824652258434
0.49982432160411294
0.48689572074714776
0.49888358875189381
0.51165272585935151
0.49324951559421437
0.50175976361501462
0.50075568278073634
0.49459558205296228
0.51554175964304327
0.47405770184226875
0.52274118789373025
0.51140476776802868
0.23518228819980597
0.14275560868203568
0.28104875920271843
0.24099846978903178
0.23723418627806467
0.22769062644872906
0.30072721491068322
0.20890245595634338
0.3053671518209683
0.28879588411791418
0.27445587098729796
0.23650427665387716
0.27514399400023093
0.24603487560796802
0.25956153361850659
0.23850858156915003
0.26001766547112465
0.23150545218203702
0.23724036399251233
0.25328565913582457
0.24387079969223252
0.23008234043205658
0.27865457059472643
0.26204964512894519
0.26147250427077712
0.2587101310566936
0.26068396253957016
0.26666816193984388
0.25607130688753088
0.26089665028737613
0.27593557821316894
0.29665632487707383
0.14181053215182582
0.13277168135610717
0.22605388105928684
0.26231279777410693
0.22678172174393971
0.26179611380389267
0.23805041406996849
0.25571457314124701
0.22243803556786551
0.25312411904354348
0.28607196351491926
0.22536689882585031
0.22172341395402173
0.27160296178205134
0.25856312117144253
0.22195294168006255
0.23417713527474038
0.23066093622555944
0.2671624940839562
0.27061233267995211
0.25337826533568569
0.2559535646026036
0.26633787060552322
0.25218645360178171
0.23318524671956398
0.23433284699992751
0.24902232994550852
0.23419619917320336
0.2693044783973218
0.27428690707836079
0.22308006851345036
0.24949131297295637
0.11537644608195194
0.24713893916445046
0.50591915171692636
0.50760118393013742
0.51016474964713032
0.51068389073545772
0.48192941882235651
0.49000175562347259
0.5129016498700274
0.51429913141841443
0.50378796308075802
0.49390251507223049
0.5171090585177045
0.5061873059863613
0.49911005294730321
0.47839269118809252
0.4852274771159884
0.4757983531975723
0.49571694663077376
0.51465185431771276
0.49199764049601152
0.5028125299298829
0.51615639878094111
0.5147427083084033
0.5182483406382915
0.49387438093087865
0.5192659106420543
0.49637893525095494
0.50469861179913889
0.47672358309018831
0.50075279504437509
0.48802712958903843
0.27653173692409122
0.20923829351011483
0.473941702889358
0.50550558126870282
0.49232386931393163
0.49034208727973783
0.50648572319566465
0.5000577155006718
0.49612546717928241
0.51712623778858724
0.50639354166037664
0.5093730367242838
0.51600819380532426
0.49301159997663369
0.48344793405564251
0.47091034995391873
0.48481683033468326
0.48619558074752584
0.49799703688901298
0.51400517042549387
0.4937485247017917
0.50512904915289047
0.49615742343067981
0.50463716370146505
0.49429743529441417
0.48758832505276967
0.50314166695349427
0.50512579344347319
0.50073563480210181
0.50001872642186707
0.4952424481018205
0.50448521851203409
0.22203599385757769
0.21875764296221445
0.4880078416373389
0.50935497219203252
0.4825002455937985
0.51260406033568329
0.50313190883328196
0.47726502373550406
0.4879946893926887
0.51461761890061442
0.49335987080816668
0.50273486571569637
0.47518516017100082
0.51243017164781701
0.51371957564607051
0.49525272082175514
0.49914095534011121
0.50192390881334714
0.47786272304576421
0.50275124995655485
0.51126241340217893
0.49765716378421482
0.52613686668382253
0.50869883758330858
0.50040423294065361
0.49863582172864757
0.50059780463176029
0.50837772280032956
0.49480214352103175
0.49689182328652393
0.49302616443565955
0.49781302989544846
0.35663269540322168
0.23122554060506051
0.48789608957976627
0.49599398706444137
0.48904702470690836
0.49563015703722074
0.5115871555324577
0.50178125807320573
0.49926529408237491
0.51620206946973102
0.50433137025644548
0.52109243935183436
0.49881174148697394
0.49279134201074914
0.49778710755132266
0.49625302362334972
0.50338079956895987
0.4879566609724611
0.49843537251812031
0.49124115930985729
0.50511776147482745
0.49865566906457998
0.52996294230166008
0.46531952175304375
0.50922891375738377
0.49213883026108129
0.49075297767911202
0.50511008294431403
0.49037293908995633
0.48437700979900056
0.51017322264801468
0.49790059378127866
0.30370902080873347
0.27871199201986885
0.50278090318282131
0.51089602820343605
0.48860973176342554
0.50889308550092682
0.50039760359283858
0.49311199205169298
0.48723498059630388
0.48971312327927641
0.49029311745631687
0.50841633184876023
0.48799192320908225
0.49364276959609388
0.51158578636335217
0.50018760717932076
0.49516117808587046
0.52212917343840015
0.5034616374068438
0.49059812742699604
0.50166923275800324
0.49758624430922049
0.4975700572522524
0.48994179870739119
0.50973508740064721
0.51023696950171915
0.50474551568883419
0.50259032796550562
0.49768704607416936
0.49142062847141088
0.51389143354801936
0.49327546020702351
0.26658271771468206
0.26241575455943167
0.50519926852202102
0.49378104533146638
0.4922508306054017
0.48475927759370174
0.48191759521448546
0.50070280843612069
0.50401902341954707
0.50047397692426143
0.50027425842709883
0.48592534678387589
0.5186369447156175
0.49700012016501333
0.46358609533877648
0.49799098177397666
0.5012181636076074
0.49916349248880709
0.52215750851251186
0.49126285987845958
0.48685061004733154
0.49034922243038104
0.49185242326012268
0.50880782877142949
0.50000941720747227
0.5021637449777131
0.4686948538992331
0.50844214270513788
0.49502580585367345
0.50210496746411748
0.52660979884285286
0.49242509772330972
0.27486443008000566
0.26981195608043584
0.50554535069736117
0.48601537068257716
0.50187001146458876
0.49445930164797897
0.50511579560635977
0.51240518867156248
0.50642622893292744
0.49930555232503648
0.489283530150738
0.50634203783040277
0.51587837810112802
0.49770939717122781
0.50017535548155412
0.50224286362688708
0.50009799416816147
0.49395446611853194
0.52261234769396936
0.50585675043405742
0.48014659903405271
0.48957073074399265
0.47367111910058946
0.51193708581691422
0.50063812778007533
0.48371671562698976
0.47896184539904652
0.51044283298262583
0.4991504664654719
0.50510452570672482
0.50937124196676975
0.50610554912082428
0.24976593758196725
0.25490862850439577
0.49231463620125476
0.492649963383538
0.50155053831124474
0.52196429508189124
0.50051848509507724
0.49893217034661547
0.49015501473941558
0.48917949503373553
0.49659910769772719
0.50426148053990771
0.51875950447057129
0.48956387975794874
0.48157706838319803
0.51249039914438488
0.51478410435879973
0.49722634712956715
0.49777508180332325
0.49869260876150107
0.49226213940638697
0.49284967633155313
0.49595180132292149
0.47806975792063949
0.48802770333011231
0.49745220388377226
0.5057699022555916
0.50622172912633856
0.49539487043604968
0.50020619997445392
0.48595023195495074
0.48828665938985044
0.2495416470164491
0.26191865722842061
0.52367485319892615
0.51710795777161755
0.51223745340968296
0.49802572889477159
0.50786532514976612
0.5051934234041483
0.49511420466194417
0.47604687208457253
0.51847426241396566
0.49797947098934825
0.50428351847615538
0.48403553612566047
0.47823962240487067
0.50081783691447679
0.48796611091628711
0.48527743078615043
0.51076005339254082
0.5226337668903438
0.49601964923878777
0.49512251865352469
0.50602610304502516
0.49698075336862391
0.49286172749009693
0.49101905184957717
0.49498477928952922
0.50806763117903642
0.49440841609303643
0.51076813577045732
0.5171620109187014
0.49752297682069674
0.26247039591815635
0.23228514741516537
0.47980197115346729
0.52975199082901137
0.49487500146691243
0.48738814349529663
0.48553987311405256
0.50137312694582425
0.49935281763472011
0.49335890727380094
0.49409802737688735
0.50480286374094518
0.49877697273249855
0.48993204194824136
0.4928292571907702
0.47867880772837312
0.50424788412061095
0.4879252669621359
0.52531881612826392
0.51665998401510027
0.49481238078471812
0.50969190737095227
0.48770943057987426
0.48036554460519665
0.48840221619927054
0.50202102546902116
0.48573002350355871
0.49540485496456438
0.50061790452317712
0.50172268097409323
0.50377808265986068
0.49924073465172852
0.2343342617514137
0.25264647204570712
0.49816242023591834
0.4943905268319474
0.50607539724571582
0.50253178801751186
0.50241007095140833
0.47911228773051323
0.50034832808971386
0.49730899220952207
0.50036740181209416
0.49558817825890267
0.49678459817650933
0.50337388160448926
0.49744095160067187
0.50912466551056679
0.52298886556638713
0.48485887757834523
0.5127145233334357
0.51992290873648772
0.49718776374528284
0.4918192698565082
0.48672170510423002
0.48447681850204705
0.50879912487756207
0.5027857940734286
0.50894560449131021
0.51557343782004628
0.49750464826192264
0.49511865912100728
0.50971100589071339
0.5074155314819212
0.24204670647018492
0.26467626576570841
0.51282098983903401
0.50043461571014147
0.50867980196306484
0.49470405308987681
0.49009548457054458
0.48355331339777369
0.49375118517449529
0.49469258166351615
0.50422874817107388
0.5075133864639072
0.50216919004391047
0.53430824330243398
0.51386087355005727
0.50784571735391526
0.48020554010930583
0.49369421918659956
0.51357392099333543
0.49851922243429547
0.50994186592162871
0.5166930269744392
0.50176655535071868
0.49415010534483611
0.51682023556059786
0.50483887998245913
0.48844336193238641
0.52163983398677116
0.49968085264994433
0.50492134005633649
0.50548379669376386
0.49836538766115146
0.24673149672237377
0.2281169311626402
0.4900927355344602
0.50133415299289996
0.48237845179192618
0.51185384257613475
0.50941090037116554
0.4806951550013473
0.49618077497394031
0.50995286553875174
0.48921396074345913
0.5064238297870236
0.5107396547288876
0.51824723701232212
0.51257018226029849
0.49938380990567693
0.51797756504220094
0.50498712107683874
0.49098012418206671
0.48814012011947994
0.50025236193192313
0.49795996614018456
0.52643453330319034
0.49943368369656949
0.49538684603952926
0.49563390369490873
0.48338399468065146
0.50216436508912421
0.49878256113609992
0.49206208166570392
0.50584413592664579
0.48842094548076903
0.23676641398435086
0.25506310296311624
0.50070935502902514
0.49796747465806496
0.47907086940661836
0.49030984891801144
0.49340036627775669
0.50324762105854814
0.50342503581835973
0.50269169787784052
0.48876291644254904
0.48841776315130636
0.50944485322284494
0.50082702149420188
0.50064866023972754
0.50591143024569829
0.49695283291110209
0.49481797106547021
0.48452908982722687
0.47549313738882348
0.49098725821793709
0.50188344834089493
0.50010064382612018
0.50920282936510486
0.50876747155753821
0.48710953290831416
0.49614559426917365
0.48503087291778518
0.5097114538088352
0.4873780136406633
0.48920832798986214
0.49748502946753487
0.26335827323735622
0.24671460438541418
0.48638120962398845
0.49718716506689054
0.50599681204284175
0.49952021443895711
0.49783020787941984
0.49025988746473814
0.49225823254397777
0.49533581737001198
0.49144709709034684
0.50173654562708092
0.48714852494115762
0.49318611618134528
0.50974892460313304
0.4949837875614902
0.50333765016306642
0.50661010468267687
0.50725228360614028
0.48877004236445953
0.50412283503173716
0.5052402528180161
0.51190283723541175
0.50470349479908805
0.50565480230541138
0.47464356825720516
0.49128037426469934
0.50038792591252068
0.4976006767536626
0.50695632489159115
0.52680883565147263
0.50277767444922949
0.23259405984589765
0.24318141508640204
0.4988312174628593
0.51362947396785363
0.50545051795103424
0.49310323307037102
0.46948365588772528
0.49523447230522083
0.50334803453273325
0.51046267031098413
0.50506709657535287
0.50702764432079916
0.49378788255758316
0.51099024063020793
0.4813551760809463
0.50668016789194881
0.49818465096018894
0.50021336279643758
0.48589942965703364
0.49785859157975293
0.50690530862136451
0.49460997649409272
0.49312229642604999
0.50803317071364251
0.48979410926493067
0.48894137793760234
0.49538756306478238
0.4967425435552405
0.49648069505491349
0.48248873538085069
0.49459760800201158
0.49313228745171372
0.23741577063768238
0.28583179900738753
0.49680663038083345
0.48938448108923965
0.49058843206996383
0.51039459566853729
0.4762770335685661
0.51003657393760082
0.50713679393944711
0.50061988434567606
0.50893932880403292
0.50422805784663527
0.4943082823594413
0.50989281898519545
0.50234154878837722
0.50757710449140703
0.4856112100929606
0.50237022862755443
0.48893405337160445
0.52126905905473642
0.50852149532013502
0.48911049314682159
0.49242805969399317
0.48339471238106446
0.50741863893772587
0.4805091085941367
0.50208481907294378
0.49848115102704155
0.5154363062638444
0.50468051594829
0.50876928673542066
0.49777508612352567
0.24805831354462196
0.23527420023599904
0.49337054987739326
0.50476022157392642
0.50989845045169346
0.5198636113157763
0.49196660940629555
0.48930882823686656
0.50266248260313739
0.51782628218237148
0.51486622279174166
0.49395215034175649
0.51585512137765022
0.49635134437292278
0.47700610827130019
0.49658323441906094
0.51399480190774849
0.50009266353186321
0.48047825544056516
0.50708252719540969
0.49612612230483755
0.49996504751346327
0.47874838846896894
0.49609260345530481
0.49649630942686901
0.49050810356610403
0.48800485955731071
0.50887942632221173
0.52826565134418757
0.49198738737078046
0.50109060575899333
0.50265211401300181
0.25064791309199014
0.24291842391006349
0.50613494747274546
0.51184546100791983
0.50221096111514429
0.48827808330276912
0.51697212433440021
0.50304586819926911
0.51364101101425197
0.50934639346020738
0.51940274597292835
0.47873668818262693
0.48380500583874397
0.50524056760086833
0.48666176691584467
0.5012079911088021
0.49649912546757607
0.50186763885646601
0.50661168498915066
0.49761554290715421
0.5077885635990067
0.50304168707166597
0.49849150194067832
0.50942387587497462
0.49651920994228266
0.51014876237443041
0.48861271359378489
0.5024660399648736
0.47480597802580243
0.49808210395869551
0.48333306234947926
0.51211712183761893
0.31702132396750327
0.26290060446417496
0.51353290288276221
0.51464732226998988
0.50561991112771321
0.48852603573155579
0.47936363493544132
0.50392532054520867
0.49719821198386005
0.50099567302343895
0.52193085738784639
0.5247792285041567
0.49353570669930585
0.49256045212948019
0.5079162551288241
0.50443514963457647
0.5138906328268269
0.51053382690419469
0.50114502938050687
0.50273746834267252
0.50340196279698279
0.51563698330452956
0.50227532677116937
0.49271980767221008
0.4996833568854358
0.50265444058337772
0.49981222584891488
0.49980866659707929
0.50344224639059265
0.51084597020754108
0.49718366842277462
0.49321394360568693
0.26546416256201649
0.24870897089561067
0.4897609336419117
0.49473797587263768
0.48659010083858578
0.48227492296573382
0.4958437275468543
0.49097945322221259
0.50658797625510854
0.49924441138706743
0.51175293518843779
0.50870526850678199
0.51914149177140612
0.51320599132725619
0.50380952014844727
0.50702743170880116
0.52088212931843125
0.51942982158076922
0.50573530961045599
0.50889821379053657
0.52249405237691482
0.51506696136169694
0.50101385567152135
0.49921310101047833
0.5093918885539821
0.48959867615631308
0.49724115522225409
0.49968021382112943
0.50958919053458651
0.50382671974842319
0.51351290940206173
0.49601824102314984
0.24248178182672889
0.26620176400523199
0.48283240222180324
0.50114575309736964
0.48623363344758508
0.47178741134524099
0.50386899164534416
0.49175939656168199
0.49235998538833953
0.49768628878901205
0.48299460185788734
0.48669323194574537
0.49598825425827031
0.49770539065575231
0.48298301891095252
0.48766946742096773
0.4920869296654673
0.50845485213940067
0.5087288219095345
0.50875715894288398
0.51739489170561193
0.48514008440959527
0.48737261394116449
0.49486412311763672
0.52147017038947707
0.48501126339610695
0.50542999978057301
0.48097665798067279
0.49068036675798754
0.50524977872057453
0.47572727172835055
0.49768594029187702
0.2686523891143251
0.24811196279758041
0.49612107321835081
0.50729165094251583
0.49098051875295901
0.48120304399705754
0.49254676760985472
0.50746174902473706
0.49294491954333808
0.50740007142169741
0.50329628922603542
0.4970044682217461
0.51557007353694584
0.49873704206019415
0.49402953589737969
0.50024910730981864
0.50552400537035791
0.49807137077156766
0.48817646061883069
0.49603709152355513
0.49611173521093971
0.50393820578850934
0.4970647626945765
0.50602968997290798
0.50935947648292634
0.47983156894705215
0.4869075609062482
0.50639152256656006
0.49248285512477052
0.50411971112887266
0.50507308227461012
0.50141139402948542
0.27606036560679259
0.24869154747109637
0.50538260932631207
0.48722976810951818
0.50189401410441403
0.48891044671762041
0.50547179338700698
0.51285027801809802
0.47645146454438903
0.51385601301200234
0.4998814033404842
0.49379276960523821
0.47970673584865553
0.49271328837174744
0.49209198095447604
0.50890053018004566
0.50431714228700353
0.52619806284033777
0.4985831585941331
0.50880596781423781
0.49065189301036533
0.51905272060838337
0.51822237225605983
0.51842692111352162
0.51233743306821888
0.49646879186721238
0.50802272226817691
0.50520538466020437
0.48634881367552585
0.49613682022461558
0.47977361878434671
0.4879941319584597
0.24562127869942249
0.25824191934808266
0.47300336497895906
0.48523056861474034
0.51871445784925985
0.49185293278170694
0.4954150169716186
0.500079211305824
0.50084465849694604
0.53244710198874767
0.51420545581585342
0.49965531550908349
0.47751008566703662
0.51431014116408535
0.50486072883053323
0.50244785730521324
0.50606547874009045
0.50583513425869986
0.50838974875089438
0.49554854580324809
0.49842014809282398
0.49989888233989771
0.50042408976065555
0.50751141688282442
0.49829513374025869
0.4903401970834888
0.49806866478389139
0.5075703331504563
0.49015652855135344
0.47908998396498548
0.47381568707716815
0.49550360701549306
0.25483247681377835
0.24540569387167335
0.50577744985701512
0.51568218730239568
0.51724673522303266
0.49999141760827354
0.5016969859484316
0.50349643354346896
0.5006628892197319
0.53190746800891642
0.4958314834601813
0.51539334771090994
0.47584238861233369
0.50626937224352153
0.51459651615053759
0.50853223933566227
0.49623083277438773
0.50300227586520685
0.50478280963824229
0.49554245223666504
0.48821011268684955
0.51222100412831895
0.49727309488505933
0.51521197005711084
0.487170688064331
0.50397231778949303
0.49136994580057985
0.49672211094951407
0.49572023099521784
0.49593194920208217
0.50057624064783268
0.48644304486873147
0.22439902909300344
0.24529257767094331
0.50839177620095466
0.49576278204691476
0.51353351248364132
0.49468634097136416
0.4918722351870522
0.49643239656675275
0.49935559544146102
0.51010086403452237
0.49883040797635486
0.49524948512992251
0.50363263462909336
0.51616313331954899
0.50659611292040652
0.50595782958084867
0.49149159412848548
0.508254664833104
0.50598055494095007
0.50728746510455247
0.48365888005452423
0.49492661511462771
0.49194786392847195
0.50722209218243042
0.49175519792448064
0.50244046651401397
0.49715765269221412
0.5132587322622375
0.49897208952140293
0.50615999002531209
0.52734674439890195
0.51084448723171383
0.23232089832897557
0.25014867021074866
0.49715577752069251
0.50774867120217904
0.48076910324548244
0.4721979993518764
0.50219896452108148
0.49158610011570419
0.50210157590707705
0.50936798578107001
0.49543946343372824
0.50128718368387892
0.51567697413381608
0.48904911051194772
0.48566219131231686
0.49451778473477465
0.50213714134013876
0.49360622463696269
0.50004646359561666
0.50696424408435681
0.49158281143758514
0.49728483797003514
0.49900468103774664
0.48997253300512195
0.51215546792782896
0.51178344906528417
0.50213131517490062
0.49188668175861366
0.50749757239049265
0.51786754960239223
0.53491977542394675
0.52130700003432229
0.23150373532754484
0.23311244177642901
0.47387535664001129
0.49852318944751395
0.47638417622152313
0.50023526474143976
0.48860327572004719
0.49487249819331602
0.48353551462283728
0.49055081710094395
0.50982361804079313
0.49430578084389554
0.50420904740106587
0.49331698626225606
0.51945516726132202
0.51583892269702702
0.50770604750635062
0.48779354325634044
0.49223548507384957
0.51345637793879639
0.51275913578917331
0.50772210165719112
0.46655240381179702
0.49111554983999295
0.49965918968479095
0.51233092012822656
0.51589028745063503
0.49618355031156508
0.52375325563115516
0.49998012651065893
0.51204247924805846
0.51262589900899047
0.2427790522294436
0.23505277914987582
0.48819719048464116
0.49068119664353138
0.48995668131198278
0.50978577387553525
0.4870121134186956
0.49690089079704275
0.49991619409365295
0.49206110574463935
0.49456038865453816
0.51188302475112391
0.47426189673160096
0.49092207524529069
0.48629984540276489
0.50637939156238665
0.50224386432517842
0.50445495737597157
0.49887124490987311
0.49228658152880284
0.50267363722369818
0.49597458962415952
0.49522743127697733
0.5075628938117015
0.49206664144850604
0.50972080391636465
0.50769030647228586
0.48940705548940461
0.50700559623594765
0.51239792327686584
0.50449219179347693
0.49509769284456551
0.23344770298934309
0.099499577116942489
0.25160510762733745
0.26042071036664471
0.24972893104063085
0.31038387509415871
0.26568488704561688
0.23064537967719317
0.27657289759948489
0.24123916504096396
0.27410706093173348
0.26501911368186354
0.2441508612418806
0.21457442124093079
0.25939588073608055
0.27216830904572548
0.26164346152692791
0.26123166785519758
0.28374469691140336
0.24197420573016498
0.2270375962441934
0.26194862748391728
0.21984635190568461
0.28675758184100525
0.24854550491262581
0.29504107336893964
0.27021540783600606
0.29897278010711614
0.25717274851817662
0.24280987788339889
0.25361431905805504
0.2420476186100122
0.11350273585683575
0.1176326133697093
0.2382479679547525
0.22927507604945824
0.24488670077563252
0.28472751893139336
0.22464727910068985
0.22567651837486968
0.25084856517913234
0.24001396175792783
0.25682579894278756
0.22134440550972834
0.29718179715911558
0.27313636431241595
0.26320973622297988
0.25692868555674225
0.2256795672566328
0.21927730564052297
0.22336004358750455
0.22625444204700385
0.23657881058043853
0.27553668063242687
0.25175076706216487
0.26238040395275125
0.3420270000613444
0.24184923904908029
0.28559188742549879
0.2597432545401307
0.25154645294484484
0.23745673750158414
0.22200692957595888
0.24955363815464077
0.12243417090209327
0.22237491758121158
0.49365451049034903
0.4938748071780984
0.51437487131630799
0.5356585567031823
0.49007260064286995
0.50410220682012463
0.47944614431507149
0.50315221600006854
0.5147068557218738
0.48595844685765577
0.50978514873240643
0.51286321034193816
0.52177612258201234
0.49983325773233123
0.49276869090094799
0.50511188764706028
0.50237140280308312
0.50157448354194401
0.48284199722635096
0.50494396420090648
0.50235470052946962
0.5100057422440093
0.50943137052423515
0.47956055580590479
0.50359219184571435
0.49273476140653705
0.50229625140171563
0.48625952843929049
0.49796937209501296
0.48856857433672013
0.26118509090161274
0.26836958339143202
0.5169378120204291
0.49474216292010359
0.50668341059012512
0.48725516124789459
0.49486881295419327
0.51129250786588887
0.49337123578082437
0.50370561533441693
0.50123607302391737
0.48932130037439614
0.49889419172100624
0.5096589457003714
0.51166853617396935
0.51569842312230352
0.51749705301158577
0.49697165192759724
0.50555257730438774
0.49168636947023964
0.5045835234400321
0.48822230550820933
0.48865396968907143
0.50085907073201685
0.51313240200329246
0.46705443875719488
0.50132531692686655
0.50555522577062473
0.50668918390729423
0.50630997931620081
0.49351674375901461
0.48742336284666732
0.2591708852128547
0.22810053530333974
0.51286338158911571
0.5098033355142052
0.5032330865185799
0.48698454257564566
0.50452536046381558
0.50455385706176625
0.51725893799708422
0.49303388723457509
0.49393739065062114
0.4936103790665351
0.48990532418683552
0.50333086855251685
0.49614125324227848
0.51959127031343066
0.51023377825219762
0.48435571605681021
0.49040005478185117
0.49633603728325698
0.52121485326255079
0.49337170210090109
0.51436037091583831
0.49724614916893611
0.5002472032893579
0.50287967582967874
0.49053488761403818
0.5067996530048432
0.49770122093562968
0.50204794339249503
0.50541750381467987
0.49878914803081259
0.3129779895307197
0.24812424410303136
0.49967933082152255
0.5204607715656322
0.49988645433703405
0.48833261064822758
0.50012302399780872
0.51504795526550817
0.50122507744472822
0.5064945217264577
0.50275022339853626
0.50361436879478982
0.47954434907024385
0.48364078268385235
0.50958170860413199
0.50100749051729054
0.48847377204513592
0.48254190888642379
0.50916397953575299
0.49486458505659214
0.51226446380433022
0.49045718334905397
0.53080293064996109
0.49877512185690837
0.4990813014353393
0.50641733048928228
0.50694003560255352
0.49392542858680827
0.50515605852267176
0.48571711263639772
0.50530909522313761
0.49295113296097887
0.24634034875684624
0.2347959223886022
0.50239566746534325
0.51345000920516548
0.49494226806206665
0.49023922010884929
0.50035448188836529
0.50860589131298295
0.50179994125711658
0.51036828965690184
0.51894451631909322
0.48505212159570643
0.49111983232638262
0.50539706287049113
0.5026144987167005
0.51402203769969868
0.49490064799309197
0.47349505242508627
0.49519178373689071
0.48866026303283
0.49476771569899597
0.51176736585179505
0.49742973152901188
0.49920952917327277
0.50882399666251688
0.49605653752519741
0.49400391804425642
0.5096203224948751
0.48989393275830312
0.48836965004624816
0.51014358343951838
0.49377487519176189
0.26546368621380739
0.23383897519249999
0.48488606763668129
0.50490945713219271
0.50830262453037578
0.49111270961976405
0.49666058879008745
0.50279364839471563
0.50582775988830719
0.49698104649767644
0.50826501288531611
0.49585946052834223
0.50524995200651512
0.50493993497811129
0.49454872250456994
0.49814555076287997
0.52063214075096242
0.48996051427455489
0.50649799688458497
0.49651186653576573
0.49538253905081903
0.49173445195464516
0.51535135919538977
0.49669941915517218
0.50531151621064874
0.49773662856915679
0.51625081058011357
0.50230985307511222
0.51147693187831145
0.50208427278563861
0.513725210556225
0.49650763257296499
0.25449538043798936
0.22666062437234175
0.50173765363230127
0.50537161070068215
0.50489795693354123
0.50056506026067127
0.51177428345858467
0.49731388927509496
0.48981418054857206
0.51488605398819265
0.49826672929456989
0.51041662928013676
0.50065042400535997
0.48748431497594147
0.48684573930857294
0.49282029625942581
0.52328226092632746
0.50491669694154107
0.49708151218745444
0.51056193733984145
0.50504096083045869
0.49477083496723845
0.49219698525533845
0.48502004222890999
0.50941954189157768
0.48673931210875609
0.52633667019760544
0.4931135699476713
0.48284082558970454
0.50254809231029163
0.49915712572817722
0.49781386169938208
0.28359166561557614
0.28046161640798911
0.49011588948479495
0.50480554341844708
0.52916444649785432
0.49926400260076703
0.50277364819569714
0.509675005950882
0.48767861195501044
0.5050903762541642
0.49383970045609943
0.49294458266939067
0.47799738039886458
0.52776985822703626
0.52050471125873488
0.51635193250461375
0.51662033040867272
0.49618522253062147
0.49702847129961958
0.48924112559106364
0.4911434144066783
0.50219136385779095
0.49182087497195792
0.48993430781895458
0.50693329116196539
0.48629265270453537
0.48788489217277264
0.49478866622331164
0.50350090769080003
0.49841729236971405
0.4981402991045405
0.49662019354824838
0.24761913214749037
0.28061204311252685
0.51527572376882103
0.51778833072972275
0.49377193119791413
0.50102773162038361
0.49202910451707871
0.51253101623271213
0.49686536669369852
0.51773174338428762
0.49652613737356299
0.51877533254929342
0.49609101786213344
0.5002446359320023
0.49671682983881699
0.50108898393899137
0.50657727453935864
0.49590766277369619
0.50782723259256268
0.50330147500229039
0.50013274226902626
0.51449805564917206
0.48891084118091532
0.52081040348883378
0.49786098372225601
0.50030168954874288
0.49764736540160415
0.49549758801079258
0.48895133513092714
0.47423444733784836
0.51759520044540752
0.52020739117722525
0.26235725251641462
0.25809968228817454
0.51966264952454178
0.50883342744325177
0.50666928844568582
0.50670212368092604
0.49707173013871714
0.49225636071231021
0.50663983244111743
0.49726543947301283
0.49487094100214757
0.51245896497674703
0.50396390301277538
0.47596976814997743
0.47748567979220385
0.51297775386805322
0.50059362520914219
0.50193015197476609
0.50259410548530759
0.51230356024659851
0.49866913752449005
0.50890431357377797
0.52575813881593814
0.50372125760835662
0.50469338834773669
0.50414158481011961
0.50325400363601303
0.49500427744237857
0.49845450276344877
0.49649053543988725
0.50983790702602239
0.5020151942124994
0.22533037144738979
0.25676979949578038
0.50106636850866937
0.4909075224138163
0.47518320019355886
0.52404174401430081
0.49049088243295841
0.50426671735940776
0.50494173142928067
0.49640586711228951
0.48648102147998373
0.47489231668138304
0.50965492979282334
0.50199809343983082
0.50777614582697639
0.50224721237427039
0.49076749454302354
0.50392022224351851
0.49622202453734365
0.52849067729539312
0.47560258592005494
0.48359767278068605
0.50950795564876805
0.49734662803809704
0.48552718906992337
0.4985049383247
0.50235492750198663
0.49878994865576165
0.49587091097813019
0.49290471109594614
0.51838456949007194
0.49232200166137208
0.29081066366602132
0.26833055481943568
0.49941302922522973
0.50465413748594345
0.48253853920282602
0.49870068072629725
0.50760062236715753
0.49345333009213166
0.49182089985210586
0.50036403998932699
0.51879993740860031
0.48811674401767385
0.48470830176937235
0.49052855191265987
0.48516345949243972
0.49992804009828568
0.49277703119664917
0.48263178724418254
0.49698652652307829
0.49289082367721015
0.48674983304904473
0.48387875544652181
0.51528322246721592
0.49038918595506004
0.50472725411078123
0.4886144346928824
0.4893284292662789
0.49825331320409322
0.51527912290090316
0.5122273100701259
0.50228715888278541
0.50978295438409305
0.23547006402240658
0.33011693467143521
0.50034879490926487
0.51538709094631219
0.47656131446294342
0.49131372614493563
0.49585946128742681
0.50098223115223339
0.49844987614406194
0.48515590483606869
0.50094623437836694
0.49087520372764148
0.4893689830046693
0.47019482412981417
0.47022960793491353
0.48822034627979322
0.49906911526151265
0.5086238954327692
0.50152501201126376
0.48746814484437934
0.49646687065117867
0.48701151771668261
0.47940837611495285
0.49683694983109045
0.50840866862040812
0.49727593305955398
0.50588344111620176
0.48500617561726567
0.49411323605284913
0.49724489939921812
0.4854067992817383
0.51286414647127898
0.23178303803448069
0.27714073247688659
0.50161391234864872
0.49845361079938566
0.48822027849983041
0.50244714765342491
0.49054487559332105
0.5168027201086034
0.49172909862846192
0.50466870911592265
0.49730231165882821
0.50678878378600156
0.50080438108473568
0.50802434396964513
0.50292225421664871
0.4931640633747934
0.48473727364027397
0.49885226967892915
0.48634278085032645
0.50188596668147933
0.50707326684811327
0.48666567115578035
0.49723129031933222
0.50270470642573739
0.51066763249165115
0.52469826215797122
0.50931118410487375
0.52561090369929753
0.51330225735704849
0.47719823263608036
0.49079082181443379
0.48960313189370419
0.27558967397874667
0.22859337447334796
0.49096984434412932
0.50328122263408581
0.5142650126888898
0.49498920883702791
0.51568286050965562
0.52220259128655977
0.50528825846690806
0.48716466008647391
0.49121525662212806
0.4972420844660923
0.50844532767198602
0.52523657378073629
0.49445896392192951
0.48978790093659869
0.50802129972861321
0.49024767066169256
0.49926753262072177
0.50180497608728614
0.49121127890248545
0.50541907084687088
0.5032313848645672
0.51518779994980302
0.50694638282682503
0.50314356315697073
0.50421238527128109
0.5037525331776519
0.52777686979150562
0.49224902786396368
0.50239191432822716
0.52428796041611292
0.25391492934458892
0.23263274956211438
0.51655881681029081
0.49309408460073256
0.50406073921420091
0.49274271187717705
0.50507503586542246
0.49675991409158166
0.49601751606073774
0.48812678801649417
0.50769019057708464
0.50982960942439481
0.49970003551000364
0.49453503840723673
0.4946751902582418
0.51654147469638723
0.48979466176531539
0.50864056975995198
0.49092679781808657
0.5002663908693189
0.50176702449525235
0.49506149283341883
0.49152948313521594
0.49980357859302632
0.50022144377395483
0.49351244966991725
0.49929748232353355
0.49074062817878372
0.50817644371198989
0.49629729031859876
0.4982028548485411
0.50348751848996298
0.26191867934795582
0.23814382763417577
0.50130486478860403
0.50459682665938788
0.50918995096662445
0.51538646245840303
0.48965205734280204
0.50745740476395373
0.49863654053429435
0.49762195130716319
0.50623176354255117
0.51860200066325457
0.51232607407947095
0.4893029441062543
0.48724887120000887
0.49235972132642808
0.49150719470571891
0.50178276592851179
0.50583267569074108
0.49827445980274282
0.47437736922212737
0.48558635975569647
0.48769296690210007
0.47829786535131685
0.50071023991118491
0.49469530990070171
0.4964706489216687
0.48979119251379827
0.49718650182878532
0.50365189728499538
0.50561606235071077
0.48816319395862579
0.28029474483833838
0.24390742817708849
0.51166228682724813
0.49682228556868696
0.51029042669829994
0.49640851021556853
0.48931448552114615
0.4857458821983961
0.50150789827009201
0.51080576894849405
0.514245005059209
0.51644422910504306
0.51508511635394816
0.51336966256155803
0.48705777564878505
0.5052421425677821
0.50390612761279063
0.50708438151627855
0.49904055988816587
0.51470504658253924
0.48700560401444071
0.51228305831613818
0.50537991173096397
0.49922819966212179
0.5064915710312089
0.49415159313852208
0.49077744204985924
0.5160319826065759
0.49614987758281348
0.50261869677688698
0.50470972953296311
0.50240510417486706
0.23337095997159826
0.27058404557888205
0.49116329186163316
0.47571532736465438
0.48102572415620359
0.47682119979933602
0.50915994723753977
0.50177042235660008
0.49844981898440582
0.48940300964830052
0.50521658947795134
0.49969484096374961
0.50178707263708056
0.48258785303905216
0.50909527830814849
0.51311721519905451
0.49974406071419558
0.5036126108471195
0.4895289009816608
0.4840936111108386
0.49182806118312428
0.50221822502776081
0.50328259679538268
0.50699585033423822
0.48141918926798216
0.51158154423372382
0.48611696761963968
0.50690028758827532
0.49392029020099065
0.48349517656267754
0.49796420348339199
0.49973603428729285
0.24953387527015311
0.23440519485961914
0.48987444054294144
0.49394158977270453
0.51512449864479148
0.50086169136968639
0.49053179887123693
0.51001312139221511
0.49991425216684993
0.49464649274517924
0.51307544595949905
0.48723864306422687
0.49135876678924806
0.51100446270111444
0.50109785625783998
0.50064674023077393
0.50044429909009769
0.49044715937399758
0.49576564968147091
0.48885832702207882
0.49217797277712899
0.51467891005846678
0.50072267181911578
0.50132410176265518
0.49164842827018135
0.49588451466422906
0.49423125076350261
0.50706731486600543
0.49518178085726228
0.49440354732208808
0.49981396239305664
0.49043596700667497
0.23292704940499687
0.24030654880534383
0.50378086454847792
0.50834056141805928
0.50899294127761552
0.49652664014678488
0.51006984022904123
0.47798579459506063
0.51588651347858971
0.51488623224576913
0.49959446058599016
0.4924690169368951
0.51752339904990752
0.51914956860110195
0.49418930048221721
0.5005512094057567
0.50459724546466156
0.49843237127811074
0.49675931437218124
0.47716403503051841
0.4963001146927476
0.50224100646832426
0.49717155088480486
0.52370928112215087
0.50017252085732844
0.48980676453861682
0.50446974364089792
0.50171954667722574
0.51087476142322152
0.50596423122350809
0.53045818176751935
0.53268096436282841
0.23751273711723542
0.24056672388604039
0.52083870702819512
0.49446741096267338
0.51757289501532755
0.51551319183841959
0.5066122175381812
0.49622377773950405
0.49989396624861715
0.51710767364102228
0.4823096454838392
0.50678554163651501
0.49408811527852803
0.50694809090779391
0.47586328502161285
0.48593659407014866
0.49441529720038846
0.50789249282419424
0.51439110437289315
0.50556043429476094
0.50909892272360047
0.50330420204141402
0.48437713782019737
0.4814424283615435
0.48638728294380357
0.49184816950840327
0.50986778354633133
0.49886941027624082
0.51346252529213454
0.5092343075850716
0.4872457968380281
0.5135533660040279
0.24552104704882008
0.25074223911180177
0.49446218453946933
0.50033451516461402
0.52228317142333325
0.49878939497586483
0.50362676257491146
0.50350426356537326
0.49254584990742944
0.49851902901849449
0.49087689523485656
0.51594503111402767
0.49076716420421573
0.49041258425432444
0.4713657079890724
0.4957812345423534
0.51139430878393055
0.47572264053533964
0.50442607271550532
0.49856095262362204
0.50117061808871033
0.50601821720509965
0.48177862867288618
0.49911568381734062
0.49930827762255281
0.48118557864238104
0.47408799261316498
0.50757938415295878
0.48675757387904262
0.50856462440812455
0.50986962521721813
0.48196417666695818
0.26469326080900979
0.24243088432250887
0.50720107768688194
0.49595305376416682
0.51224789406037363
0.49868712714641877
0.49187844111860624
0.49744581994653769
0.49173931068109455
0.49746490367093715
0.49719802436247768
0.51401294409530829
0.50097425530360629
0.50659789319862736
0.48319318783592335
0.4961522910316708
0.50528543374229717
0.52467383070753137
0.50392615651061146
0.4841104471697108
0.50008074747399744
0.48270898247388133
0.4839996269893202
0.50474484755286497
0.49529562099273933
0.49506553684614929
0.49049765424491226
0.49959134875906558
0.49433285321269749
0.48190809653963917
0.4955154885965104
0.49485305066054802
0.24322470195190854
0.25284882665314001
0.49933038820214232
0.49294990244724579
0.51587073085199575
0.48253245188552685
0.51121674137903472
0.49997141541179191
0.46383791430567439
0.48670679227825531
0.50003153784709975
0.49463498013342144
0.50020373270145935
0.48347789325672375
0.50286919164487753
0.49513735737070841
0.51719972957939075
0.48382321617151464
0.50900700000646126
0.51942628252715251
0.48539077801755254
0.51471427499918865
0.50999141427322081
0.49336593760635594
0.49048912645070275
0.4872563377702207
0.5086821526164752
0.50340996229998158
0.47828366151803786
0.50045489493089468
0.46785501802621648
0.48478639780041488
0.24652531545598083
0.31148544221197982
0.51261057869581483
0.51299076290079082
0.49765359225251415
0.50121609423109781
0.51292651431310732
0.50105482150982561
0.49626890786722538
0.51277563205984622
0.4949698092950115
0.51220268577550943
0.4741758667362746
0.50291299697683578
0.50255986638103989
0.49144416536286351
0.49566495774377822
0.50584981248612537
0.51085220344005722
0.48480803240055914
0.48873490820884885
0.50901606272201616
0.50217453207333684
0.50519421644061002
0.50227185525948859
0.50904414733813497
0.49360740779020418
0.5020270558409311
0.49799515239632486
0.51513013071683167
0.49656209528456868
0.48884578047080351
0.2538605220678527
0.25523610547453418
0.50539824265897604
0.49925006156015972
0.50704538206126271
0.49580551162236353
0.46966923721064929
0.49537188547450561
0.50546636635648101
0.49266298677533071
0.50761482499062216
0.50429574859434456
0.51002973352558045
0.48926262893238809
0.49389054991131959
0.51721681717887069
0.48943966412630197
0.50579925505159595
0.50077328048459246
0.50759073307505276
0.5098730789457101
0.52140885318149455
0.50908116982065321
0.48909883076464578
0.49521904527039362
0.50176310183578443
0.49846839288297912
0.4911817798404523
0.50834195159165252
0.51147666785650969
0.50982439729368678
0.49948784790860296
0.24332372420129447
0.28405634718210454
0.50201907470939311
0.50019573644678206
0.49981798040857045
0.52009933694812061
0.49398716529424447
0.51238273155405933
0.50708985612877944
0.52238433815568752
0.49871734893720654
0.51627361674988403
0.50798624073669718
0.49259842931919895
0.49473474838308878
0.50920347588883175
0.50026014018214693
0.49123880768748068
0.50359968260815746
0.49266275289988382
0.4930012520761104
0.50163551559250852
0.50240091069558979
0.50437004015743736
0.50181891414510515
0.49890286509707388
0.50849520027431516
0.49593955584872268
0.49565913809061724
0.50853912249297539
0.51266370904694525
0.53169431217489771
0.27067112049528191
0.24348694593608536
0.50412089489876044
0.47311666945586783
0.49329181127468547
0.50768353769679431
0.52296218711585341
0.4986176855107286
0.51211385912496343
0.50436823463150149
0.51114256273841929
0.49635942277725775
0.50845272492963867
0.51789223204770285
0.50512490814683275
0.50207097575294501
0.50775966240704218
0.49702537854643719
0.50159787059257943
0.49924060193903563
0.50473537294222937
0.5097837643932297
0.48697471140126708
0.47777713225831536
0.48930280947804261
0.50819458059847988
0.50873142199143018
0.49526645336181024
0.49420466626253645
0.50571360026526613
0.52408474488473689
0.5135597090552706
0.25433776658507257
0.2382178143252468
0.49264333236970181
0.4941021233938494
0.50098756386860288
0.48263383403730226
0.51157757677593785
0.50249056871291242
0.50889512404986637
0.52460098225321905
0.49832424065046343
0.48760991561964867
0.48770418631696072
0.5116042137050304
0.49884987371425898
0.50190796753858991
0.50043736078201551
0.50671976700918941
0.49845534863466967
0.51296512874170164
0.49565614909832301
0.5029068659840833
0.48395835178753149
0.49022998572478105
0.50588436751730248
0.48289496370321844
0.47909086740894091
0.50890833192096108
0.49587681289352953
0.49818097073524492
0.49921260938653828
0.52593862924100965
0.25059025376728938
0.1450415415803557
0.27928897801682628
0.24944622891562568
0.22741269161311403
0.25400227727470548
0.28090769626962764
0.23349987966510236
0.25529669958890133
0.25224995940224637
0.21730635132672582
0.24071784559083795
0.23917981231900673
0.27716804510456367
0.23667618650771602
0.2605731588418852
0.26803214447569357
0.21565224761803997
0.28180969976481068
0.26803759209179573
0.2541288081910551
0.24136662780355442
0.24660428221288908
0.2745038697507875
0.27037612743451606
0.2724219642107279
0.258382355678133
0.26060339541418792
0.269787991060983
0.24201435585613049
0.23905677953108223
0.24010374406653984
0.18393307647877064
0.11410921530179506
0.22974725989007283
0.23357425718033142
0.23618016049435261
0.27155453846849281
0.24399365494481667
0.23458923459893288
0.25192410518298008
0.24587905467427917
0.23843455151375056
0.25683233832376517
0.25949304702097242
0.23833743520207881
0.23874857963800467
0.32052846385856304
0.23004229036939114
0.25942999016940488
0.23580692550272822
0.23676701948458517
0.2559470262211303
0.26802683218819745
0.24654165549928478
0.26913435287070631
0.27774556063952033
0.28049238914522706
0.26024315903344231
0.27617741150826519
0.30126096489033555
0.32045814619906615
0.26184935281751159
0.2520634767296136
0.092215048077388298
0.23638050217739873
0.48956268554965732
0.49658303321393205
0.50084534322221064
0.48921624501904343
0.4880162200783571
0.51073749688674941
0.51008254193723457
0.49285053883855451
0.4939470796214675
0.48423598720795241
0.51780712612201396
0.48916044646140322
0.50455973428133305
0.50969328215926557
0.49130290925243303
0.49633745938551665
0.49159359664421953
0.48172157580316133
0.49241395794688853
0.49508031648885287
0.4842463420000514
0.49281186010152583
0.51742289729163726
0.50034712036902829
0.50882978888973829
0.51761956107580576
0.50819504067401333
0.48938402686677873
0.50841593174711841
0.50760710413986121
0.23357836148845176
0.31327089573360317
0.52389890771457204
0.50726826202753827
0.50711515495643245
0.51795901939151467
0.48940323747330222
0.52206558790396118
0.50256110672755316
0.49885800692022525
0.50912778631245892
0.50664614391694685
0.48895001787500408
0.48666241129663096
0.50944196565127964
0.52032904329103036
0.47878302060435191
0.50496793874112245
0.49404900313765387
0.50172259523855045
0.50685968555799932
0.49993665388665343
0.50935923054991705
0.51310790578643017
0.50491306814706971
0.48400602042886359
0.50797590823157057
0.5136745518265009
0.49359534932743049
0.48010417307194586
0.50986298521922502
0.5028299961984507
0.26073733667415133
0.22468308346498361
0.50989663287731313
0.49837874869750221
0.49445796663053876
0.47253746591192264
0.4995459915558344
0.48998644523369539
0.50350815147528483
0.49979807826741807
0.51144395427344325
0.49505712316309924
0.48418732603583325
0.4950094658216993
0.51348274401814908
0.49162004953331406
0.49598412306988093
0.5058773314230135
0.52109249769926536
0.49938595114369511
0.51272878786174581
0.46743226678619409
0.49792020298121847
0.49851622987673699
0.50792450656604526
0.51391516887022304
0.49646948683865799
0.51100642284407682
0.50928343446771818
0.51109618103590981
0.50174944441366265
0.51090226142699546
0.26932675744143825
0.25710081753433922
0.48764095605832791
0.49115066223171466
0.5100918375767769
0.50896099716080012
0.50310199894208696
0.48609148737449143
0.48692558180256329
0.49364915441151624
0.49690972039432396
0.50594928884398926
0.49522391870386712
0.4992073633864289
0.50807288648331017
0.51198658876418857
0.49766526700300234
0.48496067105947788
0.49357286254578242
0.50761039341882364
0.51096314022503087
0.50024921499908259
0.48904731157369624
0.50426073710817754
0.48578253697263052
0.51435432952366988
0.49092806651333731
0.48912596090677207
0.49599269973310528
0.51035224800678691
0.49648569128513365
0.50832945551148145
0.24027756789809815
0.25869821847837149
0.4879990845589644
0.50871710177170137
0.48595982125143783
0.50655948340370915
0.50165994751520071
0.48741152448845471
0.48796080225952876
0.50628849742069459
0.49083489871682667
0.50672108002133631
0.48901199208951801
0.49471697911386769
0.5253356567784615
0.5195326215419489
0.50629336276557491
0.48564506721692308
0.50632048430116339
0.49679853064458812
0.50999151706166768
0.48643881892038621
0.50141834039417366
0.5221009609050169
0.49312456151441286
0.50040000620697034
0.49596055463411376
0.49575195382763898
0.50845347717690559
0.50880328630693328
0.49747431636873463
0.49707056410954437
0.24949505773176209
0.22517792963495945
0.4975871831078913
0.50560016424671239
0.50580384448513482
0.48846042999477018
0.50188152190055357
0.49745802975576897
0.49176819726006543
0.50902364681439805
0.50773526817974612
0.50723294154356757
0.49164020118854623
0.485411224498978
0.49601396810309922
0.48347487518321813
0.50357133271752075
0.49790946249496809
0.51193247550663823
0.49844461948619678
0.48097592685790275
0.48754287815910724
0.50869593704831262
0.51315918499034441
0.50284244017507185
0.4974526922596601
0.49851158734959961
0.50458458247275628
0.51129411345680442
0.51545285609954195
0.50891644062076624
0.49650841306874305
0.30113143823203903
0.2856855470081856
0.49482831700485147
0.50048555351800283
0.52435686164285389
0.48976228508839015
0.50764846765387561
0.48614357722512858
0.50542499502603699
0.51796704986169073
0.50455981772199221
0.49788729702591866
0.51633081600673369
0.4983824994798684
0.48383065049814478
0.50418612756984249
0.49376541183626782
0.50355162747911697
0.50410867315340724
0.48235936005493546
0.49028748746309314
0.47253098966159057
0.49605844945771249
0.48597668719586024
0.50887308122825636
0.49756656495001267
0.4909795654301799
0.4881993403056365
0.49383576082587094
0.49509783360720655
0.47888560351870668
0.48206544132170615
0.22262457453456219
0.25621303144504604
0.52548826130611759
0.49722291924499579
0.50281404433527266
0.50185688201642931
0.50259710542759661
0.48908447439062774
0.49697757876237969
0.5134592702175208
0.47608548483309193
0.49385537890924697
0.47411415113812955
0.49742260737337141
0.51588164186135965
0.48994980049537828
0.51414967181403382
0.49741008319653601
0.51082112327295748
0.49031528998487223
0.50494174590518903
0.50390469477529531
0.50493394904698974
0.5103773939342634
0.49178887460491577
0.52352907371242463
0.50162064924067373
0.50184331621910716
0.494614955175946
0.49123232001975675
0.49801728028937947
0.50971066949485788
0.24971566261363473
0.2661925142223085
0.48844179025086837
0.49739173509937179
0.49614050062525433
0.53191108722103297
0.49140083532890405
0.49021401356200051
0.48667076133133502
0.51019162658741668
0.4861671989633049
0.50203587545528017
0.51470774913800932
0.50568051362933308
0.51023122135419374
0.52322664200319446
0.49698572135446878
0.51574079915777948
0.48888528457490787
0.49376425560086745
0.48616281808292516
0.50166688387033664
0.5134832391587566
0.49429024873754818
0.50319841233233376
0.49644642910792786
0.51139635239123282
0.50861930239706921
0.5101766070803031
0.51432075497831353
0.5151945736864969
0.5106792740445073
0.28163894136429135
0.26525952810339765
0.49029922656300973
0.50332251377242776
0.5059531189051556
0.52203293857428501
0.49313725203828218
0.50252473483453541
0.47685063742265732
0.50677259425955801
0.50307938970200572
0.51163366331564242
0.51599629105755351
0.50147877220091652
0.49541538829935949
0.50692842117564985
0.52322098467797695
0.5003847641144884
0.48173232694492679
0.50613235216590757
0.502535955274105
0.51005243177402304
0.51806301770562868
0.49990022248271626
0.52544953532688188
0.51205814869473498
0.49284627893888133
0.49588169298721912
0.49662584969247214
0.51430734006622814
0.50915937476548112
0.51138074523119725
0.24365263198021292
0.26914165301181986
0.5002120528839118
0.48366471196410821
0.49791536243271828
0.49243562297993487
0.48930799139063091
0.51589571028092107
0.50724899742068053
0.50516118030577506
0.47482774780968273
0.49036861936379633
0.49404141465312068
0.50807578279648435
0.50678577644407974
0.51250074055414807
0.50002277841756027
0.48226082907080181
0.49206578650453703
0.51531339014404032
0.50545995046187109
0.485659766718126
0.50623294552621256
0.50708239354224582
0.50858153734637723
0.48593142101139841
0.4974523639182542
0.49028942760093774
0.49190777996964241
0.51334150407329127
0.48532461057265586
0.49801769763658588
0.29659453409938802
0.24894348918664641
0.51678599198131558
0.51736375874186846
0.485509212140525
0.47828233625689698
0.47231715661997342
0.49391955287227213
0.50696384850649923
0.50571361843889806
0.49274475550942826
0.49623851121120555
0.50689038007867826
0.49107834615749735
0.49515916431697155
0.50155765453130596
0.49676992528361275
0.51535548256476871
0.51922152482660344
0.51187760742221067
0.49410174849899263
0.48515835315108147
0.50781616422445586
0.49550994851906488
0.5217066276978416
0.50939924488603627
0.49912399387883427
0.50504615504584416
0.48568166350691866
0.49781589998749753
0.48950329028875245
0.48402027623114563
0.26282908970093888
0.24220656556556955
0.51000145571341493
0.51489077503286862
0.50891387781866382
0.5133727707371647
0.48988703756378071
0.49714600585489105
0.49604111293865361
0.4756447394004234
0.4900070051429018
0.48960767653733694
0.51447924242052878
0.50299390567083391
0.50415808258690631
0.49918672425396154
0.48718057917355245
0.49281947082615846
0.51725717875639476
0.49210532047923689
0.49479876155158603
0.50960943963724781
0.47895759409178607
0.48050691660979783
0.50428122201633241
0.50004065066337555
0.50175628775230607
0.50262717897669962
0.50412686127503903
0.52994249868057286
0.50860743826370713
0.50044850471906777
0.23865161509936628
0.26127887071915307
0.5200958932387697
0.50868671677125521
0.47967429540055018
0.50998192861112002
0.51019826836228144
0.50607015862624072
0.50422904784193079
0.49390240988696804
0.49728650385666501
0.47933429807318367
0.49429881280286214
0.51385345152633577
0.5069459318083166
0.49504568059187415
0.50340097618197599
0.51558918260259634
0.50016619754842839
0.51313763992157946
0.50689485071991824
0.512318749225676
0.48269095679066459
0.49130647480121953
0.50551422045230276
0.50691069955410262
0.49499341706962624
0.49007849989120916
0.50168343742911403
0.48870175347724576
0.5114241706519872
0.49092611744100939
0.26890468113605731
0.25010880780905664
0.49184992094118291
0.49043618483941581
0.4969697095382577
0.50041754421751738
0.48207414374940666
0.50494343729908175
0.50666475871514804
0.49640767105139288
0.49881744792471877
0.50733151310319236
0.49657940558888991
0.4980962888571458
0.50632044450623948
0.50745033759498315
0.50278328764945657
0.5099908413258446
0.50808783758059584
0.50648748144050793
0.4902962094731253
0.5052425970466351
0.49891900140578016
0.4880479346184276
0.50194722302226891
0.50636609806875998
0.48983452548983375
0.49638103447782184
0.50797106755638644
0.49454257790509915
0.49618347868947005
0.48997127202747504
0.25201620660565394
0.22090991490993855
0.50271322141730534
0.48892044555679609
0.50299292406078389
0.50216473719910426
0.4872649519861717
0.4885183243282783
0.49096155230526017
0.49956600904539417
0.49937476681773091
0.50471996211640602
0.50973137477087771
0.49153864633322952
0.49773311232645778
0.50556462490879117
0.50048868308070904
0.5041279521128571
0.50749329041704117
0.48895104529790862
0.50414216120877287
0.50239918880953593
0.49231903417399336
0.51135385955756263
0.52105294822207371
0.49012178739612
0.49271440923398441
0.5003612342150513
0.52426210392164008
0.52292961098615087
0.50500638687222676
0.49357730162348945
0.24706222522728299
0.22259643029291945
0.50066578817195184
0.52340762585830369
0.51160215136361764
0.4996737895227728
0.51937979473908746
0.51797872871773176
0.48625285755140679
0.51707758291961758
0.50770851381158266
0.51017474708850408
0.50719836575679711
0.48314809178486101
0.49547414031904968
0.49883519104477897
0.489074919881064
0.4937659047567558
0.49461788094845788
0.5039982697098192
0.47174477916400465
0.49783545119223244
0.49165058144271889
0.52614514135876578
0.49874803984176808
0.48462301482485903
0.49594868164846412
0.48894716159410873
0.49912077901064628
0.52524522230938264
0.51280499528165646
0.49880788490330891
0.3030500177973971
0.27003915710984278
0.5021398587454976
0.49137360759131349
0.4924149634634099
0.50733658430017881
0.48527484705696666
0.523917981474184
0.48488946171761471
0.47771807152282802
0.49224566234688072
0.51318905249296132
0.5122417498650369
0.4834447791334317
0.50148565975539028
0.50953752812368314
0.50020091300240566
0.49798160940875685
0.49731870386499066
0.48820354080156503
0.5020352778255347
0.49542530160562964
0.49160676178275853
0.49717822773957543
0.47891528484259821
0.48808954914158459
0.50428169488010166
0.51108848516191119
0.51290630785539615
0.4998371234433801
0.48755787041889825
0.49111051407243622
0.21380884758411128
0.23816389522769574
0.49624518505916598
0.47023499409390834
0.4943258129885667
0.50615077487488547
0.50616366442343963
0.50897691020054858
0.50335984093241182
0.49377664817019568
0.49952131218776624
0.50858785284575159
0.50082707623596412
0.48808639099903678
0.49034703082499498
0.47652769882395529
0.4777065247056429
0.4969164040613504
0.48614260407510856
0.50705865550983464
0.50847554768186309
0.49434748459344807
0.51194997312116342
0.50181357373928537
0.47218788986874777
0.48434791136031036
0.50127185758340354
0.53292921465751775
0.50292968414110995
0.49287533465973438
0.50123755243851276
0.48508600602328406
0.25871658463167935
0.23485453120349137
0.49585788967291355
0.51507395814155421
0.49426077527862511
0.50082600613300576
0.50627077566899714
0.51018054722750239
0.49532318095933803
0.50026998249613808
0.50098786720479715
0.50115956200352385
0.5130909682704482
0.50340092386267443
0.5091947332276866
0.5225695229143773
0.50343832413253742
0.51549670810033765
0.50258978187204117
0.49573255701356161
0.48578843430289931
0.48712161683336269
0.5212389533816506
0.48109139087257247
0.50633328659810095
0.50293399606926326
0.49488281411573631
0.50631888907753653
0.49766019286107221
0.5198684003196723
0.50157719758927355
0.5089434709068148
0.26828325497572303
0.23144208243310627
0.49241050495136268
0.51081402821554667
0.51071343661089008
0.51849857239338371
0.52160456574599545
0.49621224198635627
0.52735749784127295
0.50016221370821912
0.50426533132474283
0.50798321197728613
0.5247620983261464
0.50065072413910827
0.50192772712284317
0.50433102623370285
0.51321248790113838
0.4985819083825328
0.48474762809742594
0.48085052797376909
0.48788080358080399
0.5106845343740275
0.50784583047041076
0.49741199797148278
0.50131319999508428
0.49322718673270977
0.50363033797840118
0.50907825909883031
0.51514355803127054
0.5021754340611021
0.49192226933662192
0.49904805727770718
0.2297663744823796
0.21615935958858601
0.48422179839120599
0.50558662104051111
0.50532552221571192
0.52663259135863494
0.49874376053562336
0.48433075941302706
0.5107999025967136
0.49124203516535209
0.50547118944766856
0.49573122519343088
0.50820828898517767
0.50858131247533012
0.50800645216680718
0.50616283555956909
0.49748993417740756
0.5157530878521347
0.50018162571258074
0.49761835322594028
0.51098056715284057
0.50065912446891447
0.50032925804399375
0.51079059432185903
0.50590978693787214
0.49721531270426866
0.49357039489452514
0.50206467885875006
0.50576784590381607
0.49297260501111434
0.49291082598963259
0.49251544937205488
0.25520537116897779
0.24538331991149109
0.5112179308640683
0.50097512655371401
0.51509892499398569
0.5091761623430342
0.50997992713761597
0.49608979031938588
0.5096536541284582
0.50713622410917869
0.50794693355702702
0.50611765811448284
0.49138809231181135
0.50141427623750301
0.50676036386426149
0.49729697291303071
0.4841237010349812
0.50701735705005846
0.4990648920707802
0.49416748638898089
0.49758894008054133
0.50607710228597169
0.50476981224067929
0.50037129373799794
0.52061512887895645
0.49687400003623761
0.49750332306173162
0.50312740220062646
0.49825296806194846
0.49954448136727381
0.51393022872578042
0.50439171302828834
0.25468518887335362
0.23308624806220152
0.50878490950224775
0.4823782142898273
0.49317552496041117
0.49522002935298043
0.5023495153493519
0.5103600255971823
0.50952569336212339
0.50438015928066326
0.49030651825957522
0.48976078156806818
0.48444649919882354
0.49612221395891537
0.49644846132004183
0.49431798766236257
0.49154273568098339
0.49337370439965694
0.51077768494289777
0.49234475465451277
0.4995499435652519
0.4985716357627239
0.50861020290032055
0.51053750467033199
0.49904259899872822
0.50852045667089318
0.48921153159226671
0.50445581828096842
0.50517897395942513
0.49970887068826403
0.49253700988361182
0.49759665761655814
0.23247668529781698
0.21271575078096536
0.4880616998620067
0.49987036500063958
0.49762311399008619
0.51516154797226155
0.51489018734278835
0.50869709488637938
0.50449979986925131
0.49795776981968931
0.49713382814014923
0.4793126427809809
0.50117029133370172
0.48798133527275417
0.47671355983672686
0.5008539650637317
0.50279399042301587
0.49472573749514237
0.50381462325375381
0.49892398359590567
0.50082863112509324
0.48407267784910535
0.50804830590835914
0.49998166878078643
0.48290738601737138
0.50778462754250198
0.52244738894717002
0.52250098687690738
0.49985641753275389
0.50258435005947066
0.47978827142396335
0.48885186839562095
0.26733125883636494
0.25108815177803911
0.48843505730876707
0.49408518664187306
0.49760786666276985
0.50772277114332376
0.50240121189354936
0.49525635431150544
0.49985617072591237
0.51092063814974242
0.5221217371946989
0.49338719850196971
0.46967035330795293
0.50171939572445767
0.51327519230895935
0.49778142924230923
0.4887249755773011
0.4952213245969263
0.51371562763655854
0.50457828648599379
0.50627578689529362
0.5323265230717239
0.49459822225999978
0.49196932703441254
0.49475773816772339
0.493794888318345
0.50457522193742044
0.49980909164498982
0.50272062437851117
0.49486041068517644
0.50464448535581063
0.51100713693493094
0.24537806613204957
0.23792255495256495
0.49689710088770744
0.49808599129984282
0.49819278962344643
0.49153487888556507
0.50133218397191948
0.51293151721738339
0.49217225568968559
0.49651324715135214
0.48622715368002495
0.47186934678249487
0.5002779179147947
0.50060437655897061
0.4936738473055895
0.49401941822997997
0.49558609013978738
0.49717067440374896
0.48837568128914366
0.51214126445464936
0.48547649599007264
0.4950979415329933
0.50516824945810523
0.49878114249584998
0.48883400907553642
0.51197506455333774
0.52341141494983012
0.49815467232805438
0.48958488684290025
0.50150615903421969
0.49248191414653769
0.49302557884835874
0.24814537463908837
0.25269736094382578
0.50418590067813707
0.51044543927918851
0.50888897090002649
0.51540720988570388
0.51222197982349849
0.51683599852746254
0.50764028626150748
0.48442096391446049
0.49880609119667396
0.50862962197080275
0.4979258697948844
0.48347994617644302
0.48629625517281838
0.5105808358760725
0.51647857505431238
0.49715511852167399
0.49720114097789703
0.49762648198879389
0.48038036464507344
0.50132862948486889
0.50292339482291992
0.50715503575391574
0.47832675436262323
0.50473889804647032
0.51516491663834019
0.49521429567528108
0.51323440632932815
0.49792585711591247
0.49147383013143692
0.50160127073352223
0.25578520079152728
0.30230007337681725
0.50057549651403088
0.4931265444125838
0.51592090082241993
0.50125029279451661
0.49006626139494042
0.49763372554270535
0.49519979019630972
0.48841006496945644
0.47265927260694995
0.50249028716118338
0.50241287871041751
0.49647110149948542
0.4881357933470003
0.50082720566915784
0.49945673553180786
0.48592635106469634
0.50916930720519193
0.49779821508230498
0.49796445614722895
0.49687673991054709
0.49907547207392938
0.48646078436681484
0.49640138442555787
0.4931628572852263
0.51491262342434763
0.48670176761811679
0.51259854158210805
0.49275346197268544
0.50273308914242854
0.48502126761496389
0.23230790279599919
0.26687936586389255
0.48546359705703435
0.51796456000830149
0.50219482082595301
0.48438941461763341
0.48978962630005612
0.49548964305717069
0.50382524949437479
0.48960209811449135
0.49221624492297139
0.49752063766509197
0.51378521876900163
0.51080501210175921
0.48551120718520463
0.50566217952217019
0.49112097007162769
0.50086535745414018
0.49651442298678999
0.50344115802777989
0.52107148174272833
0.49742113123149712
0.49480945456926484
0.51148756364870451
0.49635271985335855
0.50664949690429284
0.5061342429519412
0.5056384382768736
0.4903081767597991
0.47755824524246121
0.50056599957721781
0.50002751897162523
0.24210562573657476
0.12912506034404797
0.22196719944179868
0.23011723792376071
0.2375715618977407
0.25284971253075433
0.28888098526740114
0.2546459408271442
0.24381894409170846
0.242875227990974
0.27365169393175615
0.24558772763594672
0.23296387670401728
0.25278705283899772
0.26234016661411241
0.26704986616550941
0.235797492899356
0.25923237683717071
0.25209330389823503
0.2405790046292316
0.27058936695064068
0.27920468776904872
0.26774107476596365
0.25325559300435913
0.27862997585368671
0.23222688073897946
0.24357372101040936
0.22529643706745556
0.23749449183126209
0.27861882954313572
0.21887866748613069
0.257308025901753
0.1433491114496985
0.056321586888063532
0.15581816882062421
0.12660744071429139
0.130666817889285
0.14789033808515722
0.11358694149497991
0.10404928469776271
0.15859775813871488
0.14283935376618806
0.13522823357624333
0.14329794553548139
0.16702416155319988
0.14085206141608936
0.12746563563648303
0.14480509836376154
0.14397786876540039
0.13245375622977248
0.11685992702189926
0.10006281509911867
0.10848647478228837
0.15365552108704461
0.11749903344374202
0.15132945258796091
0.11241084205804631
0.1288415564764234
0.13454051644591733
0.112476083290452
0.13958726217699224
0.108180360617909
0.19698154455328604
0.11705270389042237
0.056989133138544958
0.1309709054911331
0.24844239951678895
0.21586253476673015
0.25274483236692469
0.23046839426603616
0.23519474757333264
0.22904502997468043
0.23642319586565264
0.24955277599766792
0.24762104907095492
0.24929600713350608
0.26047982455486923
0.23786239187400912
0.27415201994056904
0.27169484149753181
0.26268941616663327
0.25192003771416616
0.24131990981941917
0.25876935312488991
0.2292696471287923
0.25806725844170658
0.24725320131337614
0.28292048466209957
0.25253813762474964
0.25970675450084413
0.24914118479356176
0.28455582931835
0.26899565332688075
0.26686241592838517
0.25054237118835365
0.24312864373079632
0.093040907592574218
0.13306298888119572
0.30266333476840757
0.26288303630489557
0.23216953047748254
0.25099695821568246
0.27793017298691575
0.2444556420844311
0.23416690190516815
0.23815067299057632
0.2621955552230224
0.244312262907349
0.24758092901111226
0.28360458792865351
0.25670841592341831
0.26667492879798166
0.26347516169494234
0.28058089417015691
0.22560682150503861
0.37121403943672776
0.24175623529525508
0.28118477987732515
0.26154083327547606
0.26558044393771174
0.25263715760177147
0.27519980888071505
0.24593361208739267
0.22451337274924449
0.24489956525533302
0.27604213383836534
0.24460089623391074
0.23958773208642747
0.16404937940000919
0.14704468750083857
0.23882632754836047
0.23545502735235563
0.25701990266141783
0.25152947221716837
0.27975398709589089
0.26938236099925372
0.26781584569593214
0.28340140905431782
0.23043479325639016
0.25424300871060185
0.26461294114592598
0.24834237903954839
0.29070855485881542
0.23048826189770394
0.22773305393255217
0.25807811161762545
0.23868651313277967
0.25428851530545937
0.22235998849495273
0.26229248103154407
0.23715394857460709
0.24281606215709492
0.24614097929555598
0.27361082364311751
0.25285729916578703
0.26261163881191668
0.25871077814140286
0.24462157729773068
0.24069083311278244
0.21670114677390415
0.12778052796636613
0.14978509389246458
0.28392318433748687
0.24625240164187651
0.29507918578349873
0.22816690484934726
0.23546768971839624
0.21554145387972151
0.25156054575841652
0.27096442307658475
0.25294225593591257
0.24286903180681077
0.32476015191503654
0.27665274965876657
0.2190397069657502
0.25574333844674346
0.2905189321277179
0.26076663267972539
0.26038360851396947
0.25179747320230339
0.20724516464426496
0.24982515223452151
0.26805380076429502
0.26516914160741667
0.23239016534531931
0.2827438589633966
0.24091122923688543
0.23141625034359317
0.27358005288760723
0.23613618344967338
0.2633347307852229
0.28397883344903119
0.14508776390327047
0.11526695130634844
0.25121221691003703
0.2598200282502236
0.23249658607985529
0.23971225161265508
0.23533421581058805
0.25463524081623745
0.25589969242015059
0.27734753786806465
0.27204419325280715
0.26303800460171739
0.24299152105675442
0.23181521342072087
0.27598869600298265
0.27628862522143632
0.29851514762066206
0.23243728119849275
0.23547038005431817
0.23045578118392596
0.23631271510343033
0.25405837221744715
0.26427252732187889
0.26017934775106155
0.27299654121837386
0.25224045794481276
0.24167495535128136
0.27333605701615848
0.25345774931095943
0.21765465568767359
0.25354097669439363
0.2431887304528485
0.13659521919974293
0.11012135624612066
0.2641674402279055
0.24289889939464918
0.25941003915146893
0.2458175998275946
0.22583602100781819
0.22946824617369951
0.23867903637709423
0.27023689173310106
0.25920322032604914
0.24939158959852251
0.30756443363963409
0.24291328911734658
0.22581439884333798
0.23372117953200428
0.28672833714028173
0.21064507543178884
0.27998682512401979
0.23177057996291589
0.24787061914111883
0.24348285379854018
0.24093155857269219
0.24789567736412513
0.24824534261398679
0.22577174472571029
0.22687230147579174
0.24159874318110852
0.24776791856504674
0.2520224169130495
0.29086971226448594
0.26688256323881826
0.11523895165252605
0.10159527085389264
0.21189306395257412
0.25619884977826468
0.2587119067899431
0.25173167412746417
0.28408913166628419
0.26897930383761953
0.23472403869836261
0.26369957698420221
0.24339708362137899
0.29137794755112306
0.23328038629458744
0.28466892987038478
0.28456612652674529
0.23100996783239058
0.23662848891730917
0.24679461128744948
0.24942324865507542
0.27553239633500903
0.24106522222226967
0.255146884527856
0.24182739365894182
0.26739830909499845
0.25232209661362975
0.23714575610774374
0.30548593437600063
0.23185212803837463
0.24903790560469793
0.25309346339302141
0.23109538914511998
0.22378936915318504
0.10837818347298252
0.11777721458114417
0.27222967145012866
0.24558543752632597
0.26012502958206807
0.26710420801352208
0.24434355920932482
0.26590605168144255
0.20863895524490025
0.24758234050263914
0.27353975068988612
0.23465349008428088
0.26624913611672429
0.25601415002978201
0.27045245605022972
0.25598352709945971
0.24747267932101219
0.28631473577562988
0.27801858645806832
0.24701421567124343
0.26136842591894061
0.26239288038748654
0.29428073301359903
0.27458934403794094
0.23512167824611871
0.22885408612050381
0.26036053341509868
0.21203086285788708
0.24823495839805401
0.23507402030785449
0.28309762106934538
0.22926450889382474
0.1250008438388707
0.13941157109893421
0.24665657328724286
0.22330866689968595
0.26492314264544403
0.2161905507980931
0.23741352031138854
0.27996769774933722
0.26178321430765428
0.2523820453647127
0.21935502755242273
0.2498368092949069
0.22927998167452474
0.26721961885341033
0.24670292840604383
0.2334815420840147
0.24648209703827023
0.23766444832045636
0.25759419240303055
0.24020295139391376
0.24279268539982288
0.28581123845656825
0.27753336362098724
0.23045000606931673
0.23102251061238033
0.24449832671274696
0.26047825870387248
0.35443840005451421
0.21268971690121405
0.27306069614349621
0.27016276271920409
0.26710847653808828
0.13381738406150429
0.10204787348435709
0.26284022059723838
0.25988527663065858
0.25639112218865256
0.24962573615190123
0.23888425380566855
0.23727145454920404
0.23898870607069503
0.23985975547094121
0.25079571799856054
0.26781312825345266
0.23492366012855689
0.23953141312743109
0.24000500657933166
0.23870526969380323
0.24866011322679218
0.2504752812308278
0.25996003388231093
0.28795327644666358
0.28968730313098962
0.25674916291872985
0.25985327373326134
0.2440552104737381
0.27169351288391252
0.21607983736664577
0.25991670939783529
0.22720634638296491
0.24922545849541994
0.25686232375134882
0.25288913103396632
0.21604303569526245
0.15618472732232463
0.11589458529259043
0.24910919131199319
0.25801204669502659
0.26574608717082288
0.27439540292236936
0.25299457548603133
0.2909902252044051
0.2726193653402324
0.23204618699187471
0.25693764399572278
0.2391671722747058
0.226531594345566
0.25206137645969751
0.25430759724490831
0.27016607897595818
0.23127251109092961
0.23677524055931892
0.26964791847276026
0.25975001854209379
0.21500675543936199
0.24952179356155407
0.25810307658451598
0.2567525572256561
0.25998229582545845
0.26924885732954568
0.22291347726486288
0.27812189124543374
0.24687570407053339
0.26509275520740988
0.25824803854747158
0.25337935513505822
0.13239818444833923
0.14480556367400035
0.22619437673140533
0.30134159738711214
0.29123826419569487
0.29843417326167776
0.23618588358895592
0.28508532389290336
0.25013325745386311
0.2405141445864292
0.26910820863070956
0.26614478960556287
0.22553905313536346
0.23335231042817436
0.25475811388427899
0.23060633891313004
0.27892120241752599
0.2381400904179542
0.2531106052370472
0.2647200393031981
0.26466195619408839
0.25823299571228386
0.23604531596811906
0.25989495183980099
0.29987063392126279
0.25672410200927176
0.25837940613105403
0.2495141303733254
0.27588637643820135
0.24765380118461913
0.25279485237169647
0.30332112336874978
0.10397308448000801
0.12064408472047576
0.31119824521617867
0.230545622599091
0.26555275933294631
0.28943731000430556
0.23830337599210394
0.22315493162012329
0.30436775428940299
0.2623057376108211
0.23427111535237477
0.23924626188537731
0.26474824428276167
0.28744572178304745
0.26692721053989216
0.24603467414466057
0.25389087664321408
0.27571583327290838
0.25806635113529952
0.2460445156948724
0.23822981141226238
0.25133817158627286
0.24056936529124709
0.26572817526921716
0.24780736512320897
0.24025742870637742
0.28269852586315825
0.24530906529872878
0.25019289260232869
0.26088612092367186
0.23972815803687358
0.24398543921371338
0.11988224044423405
0.14177522059134737
0.24569944499312771
0.28243820119786422
0.25688976041031775
0.26157220908153822
0.21900278021994043
0.29293050879110039
0.23036927328969756
0.27972354682030542
0.26769247324515349
0.22082861194377351
0.2266956796694152
0.23410272408101715
0.25561834747270945
0.23543495192877512
0.23318758018141639
0.25014892284634194
0.24129966196832256
0.28906322280527508
0.26374255414748943
0.24841029512184418
0.23992298572072657
0.24181605406826581
0.28115076329381439
0.24848199289634021
0.23863610130091556
0.25605152239681239
0.24468318838374442
0.27068300842450388
0.22135130365776742
0.2294576414241534
0.1339435784005284
0.20726714647630348
0.26961518191550676
0.26305159634738268
0.239920149756188
0.23902324750394027
0.22164884484889424
0.23350271381900586
0.27472080400261201
0.27870947408182217
0.24099148534518142
0.27848239684417281
0.24256305693769489
0.25888671367175187
0.28216388785176122
0.25359629952446205
0.20395515600568759
0.22539290517652447
0.24568588878539765
0.25224783701669257
0.23571357064205473
0.24895507687438378
0.23853269857763629
0.23520102107105045
0.24616719313341298
0.25150886889806939
0.23757725576069838
0.25057246807841033
0.238988853495851
0.26605550622492097
0.26400109984489395
0.26378090227795575
0.10026710859536773
0.11523108951869639
0.24639010133194481
0.23355605875773944
0.24718217847071888
0.24040738119539051
0.26422275737706741
0.26097955452007765
0.26013101677753486
0.27068458202834167
0.28500981195768832
0.25219509188909817
0.24761220200697498
0.24989592900819965
0.23319529746364662
0.26079617755967111
0.22983964613368693
0.29016408141679767
0.23484961593955
0.24057089661051828
0.24002774798574597
0.2611577105917246
0.22440948871108676
0.23611143236143858
0.25956312192041275
0.24563900184583656
0.27039897840790472
0.22523732699830659
0.24423210603415327
0.25536200374347173
0.23038323556122733
0.24463580898987239
0.11580776404998556
0.12800277617247999
0.24082759792763941
0.22586466410087971
0.24789788419762587
0.27158936848614901
0.24595140854732986
0.27209043564091512
0.2333389604049646
0.26847689872209379
0.27204427726104125
0.24111592402761639
0.25489064521132032
0.28133210872920894
0.26691987631246739
0.24496473586024076
0.23253834777835927
0.25968529279809194
0.23147360428502772
0.24261583306168019
0.2736884864181624
0.23160031021607161
0.21790315027224932
0.23918847124096115
0.29286403921670651
0.26010700688464083
0.24970597868862132
0.24006586307368108
0.2534398334127998
0.24007913196832306
0.24906280382374202
0.301353263446344
0.124201793546072
0.11798934409477753
0.23540019022693034
0.23686595764480528
0.22859220850583273
0.27020951241523444
0.2531661318106187
0.23889335253235675
0.25991781576050238
0.20904003351122863
0.23298609903016632
0.2987250419936901
0.22233229095586807
0.24214680173487368
0.27620925386938594
0.24777665356213419
0.2652030474704527
0.25351135582360196
0.23801085274024664
0.24723383956452863
0.28521628495212359
0.24093087915340028
0.23180078568377918
0.22942442906099411
0.2535317113676932
0.22269263505219025
0.25569773255914352
0.29942448030180019
0.29502221409186186
0.28053884077683489
0.22423227416832056
0.2599610918981588
0.18168070317602592
0.14054232263815358
0.25132104628295349
0.22755525172610006
0.25536515679943905
0.22777212009150663
0.25886200091076511
0.25092259348054768
0.24653155853345227
0.23911081573600218
0.24910235310756917
0.24060577692324292
0.28359886774598175
0.21904300143622663
0.26070978946564266
0.22353976013994858
0.2473630809836741
0.22936720032853844
0.25994050272096364
0.26502184904338671
0.24106876925875928
0.26995746767171358
0.26920352447631818
0.22447850638967481
0.25588626891260574
0.24440361584356396
0.23332642434229134
0.28271723694330969
0.25512086764429787
0.23292507471646612
0.27497914833239356
0.31272492279765507
0.13568625219786304
0.10192750001626581
0.23633269583526262
0.27891984797673774
0.25803130565560284
0.26039376685831933
0.24616828115879288
0.22753204433207147
0.25531857518018669
0.22113339947213134
0.23939017426598699
0.25457064493079434
0.25957838262079275
0.26073421953458842
0.23049786245914614
0.24726295914512406
0.2421637162627262
0.29430580709890697
0.24585461469638548
0.28731223859626348
0.2741382637380525
0.27689975561351465
0.24644268184564672
0.28208040010576568
0.272320924615646
0.25286433072001968
0.24325624301926935
0.26457996552414126
0.24104170868276856
0.25284931209451034
0.26595957545457638
0.25063343242773761
0.15263874331980776
0.19604675869471661
0.26710479943241155
0.251908177130031
0.28523625145979986
0.244959266036299
0.22346218187492228
0.25682361770996437
0.25004814683371596
0.27308567560698138
0.21108995595406707
0.21884776834115002
0.27393821853083011
0.26603219880352563
0.23828957386509761
0.22403092828050827
0.26563207307616682
0.21769633898334456
0.28315114384937362
0.2610504934852641
0.2366680601375849
0.27042413511274527
0.23413871566953642
0.28889050179962178
0.28195957607156208
0.24329482057990506
0.25959741013076076
0.24062954310902249
0.24237826699524428
0.21380436835836417
0.22399504417243651
0.24687547286647488
0.12226609268115213
0.12938288776680265
0.27161496621284231
0.27030087027261729
0.28544607041569059
0.23929739877479414
0.26737606899929311
0.2428067630965465
0.29023818679540375
0.24026876297790853
0.25271711567573185
0.30136045605653466
0.23664046404422998
0.29218725773848309
0.29419380224812414
0.24303208204968729
0.23010491606454248
0.28443715318443891
0.23557842954929503
0.22563192451086675
0.26979855702056227
0.28158119891155764
0.24283429157216413
0.2873755497274475
0.2438816381439958
0.2462276350138313
0.28726603191955724
0.327518754160673
0.23730794387971813
0.26719510492510151
0.26570858767745809
0.21886368464751604
0.12072549636321402
0.16204988005845114
0.24972341334140602
0.24968883297398894
0.29757433768252978
0.2332675012272048
0.27690989047948028
0.23749474942593843
0.28926931069730843
0.21180650358985512
0.2401110248973938
0.29253616779299318
0.23716557551945966
0.24514549696295204
0.24212423631564259
0.26577237970259365
0.25447996322070626
0.25671176403316881
0.23093765733106622
0.22991886449229151
0.24178666188399142
0.28474493321548089
0.30152473830433318
0.26911772985919236
0.22186811742648041
0.22385150257669989
0.29164852947935016
0.2556078588935779
0.21401360510306969
0.22801138951547084
0.22817129344853782
0.24900505223487701
0.17336635541872281
0.11511726455722802
0.2332525576800184
0.22642814693417737
0.22867755044807436
0.23723533727553503
0.26722947794390417
0.24147983118936839
0.29468389042153442
0.29158798871699643
0.24900990771850912
0.25349152897973742
0.23884890024006641
0.25486624996332191
0.23853082920150928
0.22769996664500175
0.22129244680217436
0.2141575273879805
0.25683746483626346
0.23511656132340986
0.23034781409437996
0.26807508472035996
0.23664720392851377
0.28189109641806082
0.24881058135998196
0.25892663503871532
0.23832653839818271
0.22266836608277008
0.26877194016013078
0.23540652144870441
0.26332574571968215
0.27529148407711806
0.12160256889173564
0.13313228325981019
0.24707096167736375
0.23360903106419481
0.26873052894419441
0.24060296492559208
0.21997872118917769
0.29733469462539064
0.29740316481982326
0.22970905081694748
0.28388393238568294
0.2423446385399958
0.23438231004070792
0.22215035797024615
0.24032598637330438
0.25803413638139538
0.25418925996316061
0.23498367470041512
0.26479708947864394
0.25370878700345473
0.25009147476576948
0.30274220495568394
0.24126282965491355
0.24801367614132666
0.26300380164256426
0.24667824409630118
0.23544354708618948
0.23833573379821255
0.25833128391566801
0.22605626242410659
0.23496170411229494
0.27635131551419156
0.14205457269416019
0.15848826335849503
0.22792433251783101
0.24980139321148118
0.23107727426384886
0.2667561416955061
0.24713376771632983
0.26720215646628909
0.24892905736264201
0.21476355240468664
0.22999606690992797
0.27486018857693012
0.2412451843539446
0.2637524119076744
0.23956215582137697
0.26356019787170371
0.23840079978561496
0.24218481906294334
0.28921369411833764
0.25449918061337901
0.26606897752417613
0.24230481874006202
0.26643712892540417
0.25736156316945014
0.25883471272274011
0.22761565848189988
0.25899249785019063
0.22978793047650364
0.29474089635630296
0.24610589923617987
0.26515546355242448
0.29649014893689252
0.13118788245357024
0.11716058165650599
0.25086810965839246
0.24246398738587441
0.23634725182823524
0.2562462046706977
0.24693262880567593
0.24274361342427167
0.23973395800846903
0.30801228586711826
0.23413558625707481
0.25739852729767854
0.24712206147714899
0.28237199364428883
0.22456936488576615
0.2218975695746768
0.22411477275631747
0.25394914878607183
0.22478502192251748
0.24439772062059234
0.25276996278606845
0.2852566944954138
0.24090549552414905
0.24026993523353904
0.25175362679841434
0.25493350747798266
0.26222802903528208
0.21885451030759673
0.25329549394165052
0.24507905621860956
0.25986250138579725
0.24322756285493399
0.15351466489131879
0.13511060720433185
0.24996675773935198
0.24267413609945274
0.24849712792477308
0.29731464149407599
0.2400107867242959
0.25283845385838416
0.25809104909422242
0.24348457842952118
0.23419167147392861
0.25361095761796898
0.28486154205600311
0.25553193385901002
0.26059658274721997
0.29901341544691579
0.23363433548097645
0.22843019669543935
0.26616810254355161
0.27061398744417497
0.23150686252796152
0.26334452936926189
0.24799824201193263
0.24141010920846392
0.25764997080170204
0.24663651819791982
0.26274504284559086
0.23583083470057303
0.26770057389401491
0.24831728747020579
0.25123920508993869
0.2611406351942413
0.13851356015191016
0.15418904265967678
0.20854517394764754
0.22974020122368405
0.30376587339882499
0.23354670906200148
0.25828193385057774
0.27333445739229995
0.2521642194204014
0.26698218065354146
0.23631811020874496
0.24497387544586946
0.2620487945703936
0.23697779033509805
0.2438349131282348
0.26436708223897593
0.22878325551318401
0.25071825614323195
0.22367175830997532
0.23745107388898487
0.22632635934742035
0.23318209016017877
0.37386701178351761
0.27907262621236811
0.25479518561394932
0.28082233682955049
0.2413051868347606
0.2722391213054759
0.24726514845375328
0.26898075071382932
0.2714134248835226
0.29170780667360874
0.099983690592158045
0.10964642928805675
0.26287780448715886
0.24792361979281569
0.31046206857127612
0.25514656533097663
0.2782910105157359
0.29353025432583268
0.25634716788677608
0.26457469676073264
0.22648570868595119
0.25104323620641655
0.26192961961370897
0.20150768767215885
0.29085360793378301
0.22247025461576891
0.26238496052781285
0.26450845523847361
0.26119950960954391
0.2581803952012981
0.31006358825804636
0.29868409290114217
0.25870140362539906
0.23570237020979268
0.23288112868293481
0.24907568041230146
0.2751953193581631
0.24012232456574348
0.24637651060879939
0.30271163198232959
0.23888588213163123
0.21555850780843319
0.10285997072421951
0.050710341926013744
0.10243234589029573
0.16254516955701737
0.13472913964978747
0.11051533036483259
0.11488108361122107
0.099748163866166112
0.12199766212931727
0.19273944070535606
0.12666317507866889
0.12544534113692393
0.11295316241877471
0.10616839366668814
0.13078019606675315
0.14128271118596045
0.10852612928573879
0.12252725978793216
0.11905115129761638
0.17005869511858551
0.11687229433512074
0.1147210580614684
0.1972307859758218
0.1869471356694784
0.11902573048415363
0.16830302469457367
0.12027768900169551
0.11765228706260757
0.15376129273169262
0.14842732244216764
0.15028476575743993
0.17656685988502385
0.068224918783637636
