384 22
13243060.183095917
0.10382801630132957
0.24325039776713595
0.23115282743000987
0.16733651103126623
0.19091135071037321
0.17795457792000779
0.18784033679624665
0.18409292184708273
0.16803480012132929
0.17234883693628747
0.20649505498803783
0.21347327012767828
0.17361304764682711
0.22883749584192797
0.19555032807813225
0.16906344488314298
0.18413938715057751
0.34076390183376887
0.23794874361364834
0.19974424224296203
0.22298899520243903
0.2699731105728187
0.16617306797966097
0.17999617828486536
0.18924459763757381
0.26636488072008618
0.23507595555068891
0.16873947949672988
0.21353025091205141
0.1919752648029929
0.14632852479318556
0.13086903644001427
0.17193734508712344
0.28759963987011911
0.30801307757579577
0.33460359420496771
0.28650740520723478
0.29413767435952304
0.27767859078031865
0.28114098943402088
0.38361772842957303
0.33422584824043322
0.31046582573287201
0.29350661459301092
0.35579072743690354
0.33177818627015643
0.29361246309268424
0.26199220407992352
0.298594197611594
0.3103108571252145
0.32290570276422742
0.28654850958334177
0.30676663870913945
0.33874486331728731
0.28472963772484799
0.26835971801015712
0.28632014692224522
0.31359812845838231
0.30719506841869776
0.26793695879803042
0.32898307982590752
0.29378111748822977
0.33754970762519115
0.15787251903290728
0.2505467169513596
0.33733774968773522
0.26477252030705795
0.30061751312742546
0.28320317213179769
0.33675837678246123
0.27918382893120358
0.31228821555687553
0.32217852070258918
0.34352053017444467
0.30553396823550272
0.30791820073359782
0.27183352476102368
0.29822361798952046
0.2853862077301515
0.28755734510490971
0.3482359493903095
0.30512323026117955
0.29608647540237742
0.27396675032466355
0.3152212984654667
0.3020513580822517
0.29615013189613432
0.24825784795446093
0.29269259226010269
0.28580543404844216
0.29846811370515569
0.28694113292853785
0.32042816101444832
0.33435167603945343
0.32875501451820549
0.23176357211045973
0.16376313706104212
0.26236569904529328
0.26706727805358649
0.2908675730843015
0.29734289717558493
0.31133045564598494
0.32832504949954838
0.27870762775136487
0.33118482930464077
0.2883215478758272
0.34976666967287467
0.26264298360247029
0.31701611380728112
0.28691817294775385
0.30080561503657227
0.29995420071317208
0.30911460806995011
0.2872671078593016
0.28285568944625822
0.27142027289843218
0.31893976171840449
0.30323481763911103
0.33336063197861115
0.30710453142701571
0.28874899890169137
0.27379721775341209
0.31814326818462524
0.30621871796975175
0.27729467425156612
0.32665651119440203
0.31589704437788518
0.16695352211213565
0.20867921323831273
0.27291360067836351
0.34235738279282868
0.27667238031944968
0.3068011158413802
0.32582633973990183
0.29902300834335516
0.31124555865561859
0.34026071592020007
0.3262306084272259
0.3253104866465456
0.33859385094723493
0.30890077451158005
0.28422293711930402
0.33105778022419474
0.28675171941344452
0.30052479700439078
0.34354629126856517
0.35633861471954414
0.29269840607267589
0.27460591917447774
0.30330304444365397
0.2980707396823592
0.30098171652695893
0.34594408549176431
0.4075198903961974
0.33233108413613566
0.27838839309861185
0.2995966173624498
0.29216768199164911
0.28393987963596579
0.19608933266722339
0.15548366497529528
0.27849103977286865
0.29310464372470929
0.32054167520265386
0.3506799263105071
0.33042518949299926
0.30400772042905899
0.37143168631925155
0.27953332513054846
0.27577448040089936
0.32737065379004937
0.29450285938515619
0.28440717628612372
0.29571553123604255
0.36379768726681433
0.29202065403594279
0.31517692457870827
0.28183046362338771
0.2749812110081894
0.3583771201858505
0.25779889723070681
0.32785641178319458
0.28821529197591667
0.30398681912635023
0.30696864608216307
0.28783325237029006
0.29956937524247168
0.29284444853174407
0.32453220608888594
0.28242022386734444
0.28188875193231405
0.21855832248806234
0.19102023139643254
0.31756527740899892
0.31392597257201288
0.27514158967353936
0.35034210833608764
0.33610882998664499
0.28419889730303316
0.28406480331529077
0.30563406215247335
0.37251248070951409
0.30128107334750109
0.3056559139835468
0.29282857577494303
0.26083336822433228
0.31085590392616602
0.30154522067820594
0.33227125913730715
0.30254596385962862
0.28590705272175465
0.2859610497759727
0.29235093658877659
0.29933978511456588
0.27066274604335211
0.30036078032396452
0.30854246188510165
0.28037721540651817
0.34677849871762051
0.31184364419978811
0.30229983721622095
0.34223084798717579
0.39653683202382434
0.19185308764943804
0.16443948653181886
0.29390314098230685
0.33976234339032613
0.31901533013209521
0.28373033028977879
0.29026212571680249
0.3123122964325814
0.32665041699838582
0.2807149094094768
0.31516806813140585
0.28920783253998172
0.28897962216088707
0.27253017218426817
0.36463886011596192
0.33822913472472454
0.29299356432275631
0.3207811268936534
0.30533323153130831
0.31579304245229661
0.28679375015285991
0.35432255477620955
0.32062892619259342
0.29804517333695224
0.27150199470183534
0.29905474192129239
0.32081259314882499
0.30809584957627745
0.32847653776149377
0.31422021594328531
0.28143713186298547
0.29644143819120988
0.17668145122013784
0.2101485779180981
0.30744528449239511
0.29069572423144263
0.2756810303175552
0.28432742003616573
0.32715534099613996
0.28192392283547002
0.3281331265538468
0.28749607472240973
0.28966987678057404
0.31068596377334134
0.33280278778153777
0.30915319030901117
0.33062907772638761
0.33112826462996492
0.31275438446348502
0.3372105463966949
0.28928167492991763
0.34294668564061376
0.33243878041432073
0.30317532465365049
0.31301799384058249
0.28842586201745429
0.31980138115457057
0.32445949707112615
0.29303031624259973
0.28200708242257061
0.35355510121922112
0.3661827867789767
0.30793525286481227
0.32672270812753917
0.19193067305935937
0.24662470782631379
0.30772869203200992
0.2863968197477022
0.27305516224264392
0.29056492096948133
0.31080529752920472
0.34204161941546779
0.36270633831100041
0.31021965777428462
0.333743626862884
0.30122357669815031
0.32019747256977532
0.28540586177121274
0.33225413989143893
0.2847613378314251
0.31233578603671724
0.30801243672089623
0.27812972548011755
0.3547256376704489
0.32404567629690539
0.28911497317921964
0.31475074100711586
0.27707343277988278
0.35934202345177962
0.30862479644899349
0.28273799985853393
0.26973330943682711
0.29852789938737118
0.29062554567418497
0.28982968384613678
0.29966211227144174
0.24810807113928626
0.18033250170558626
0.29100646031354954
0.29434699245232687
0.2714751685454822
0.29200699003318753
0.28601031029487234
0.31481557728090726
0.28091006466215768
0.28911565985928378
0.25930758314788382
0.32513818405222927
0.28460190651251455
0.29762524593277473
0.29039336864829302
0.28072426049309063
0.31472057320620411
0.31453133137532985
0.33024095635233003
0.29354592473316571
0.29170681523482245
0.27989844434589856
0.3439162503156627
0.3693671366231423
0.30914610096306205
0.2765216857951262
0.31575778315922115
0.27368983214905906
0.30390365256884688
0.271338235067074
0.35373601143927019
0.30065183960222347
0.13632126366440533
0.17679286445987386
0.36504602403467112
0.27894125270952358
0.3042882859832069
0.30819092270584392
0.32274649593650173
0.27904812653946404
0.27478195477430539
0.31251601519975453
0.37189169038496417
0.31579224610179685
0.27283865319582218
0.33121005622138766
0.3042929568530468
0.30199005466788059
0.33477455919094018
0.29701847779994811
0.32152084323902197
0.26784455742586338
0.31690537061472041
0.29540989356410585
0.27746625756959825
0.30760486516367741
0.32720790277056566
0.39012323424014628
0.32645310831117913
0.27994173677718565
0.28350534657363791
0.30594054048756747
0.30982226763352833
0.28151926244902142
0.21113575004404905
0.2067323562820077
0.30593950369488943
0.31515048941225116
0.31522866430251451
0.3228262326139188
0.28143722744362371
0.31178458253714059
0.32979584673208773
0.28374835839906476
0.29128643755599515
0.33117083530313551
0.26403925812697793
0.3075490937662077
0.25378906655558936
0.33860060598914005
0.37970026189992828
0.35729444873338462
0.32889987056176245
0.33876566334324237
0.27073513650469372
0.2765691330311924
0.29079433400946969
0.34998801979323468
0.25524039291143535
0.31066073867326299
0.32563009352838029
0.36361658564764643
0.26669047407013841
0.33066814455369586
0.31948123850131083
0.27617805930862388
0.2057615882743552
0.1689014982793845
0.30461325499824354
0.32221567615864721
0.28542918271845458
0.26653568978038183
0.3312461534586767
0.31391930738838264
0.27600124724506209
0.30882981431284179
0.28116308084985675
0.28527026949289414
0.2714680985535009
0.3455342989055124
0.28873968770326991
0.2643083368970271
0.31613338350501452
0.31240764067950899
0.31060020503212377
0.34213812088638867
0.28745940085320365
0.33914443433363062
0.28243638436959151
0.28965919699911902
0.29169160452207543
0.31343247182866774
0.28806621943008665
0.33673093817326449
0.276588052278673
0.28366598379874258
0.31351059277089754
0.30227475254271285
0.21134777913654054
0.13929966593752868
0.33841447590228407
0.26506990034277228
0.29675684866109386
0.36224449924442459
0.29333432832038991
0.32986200640267332
0.32459812882802874
0.29887320926165534
0.29370383733158717
0.24848522564261569
0.28460356176444229
0.27123423376396777
0.25826204568839495
0.27783391161879128
0.27065730041634217
0.29533959028779894
0.32768208494876305
0.28681743393171549
0.31678718813045703
0.31883183523508907
0.29202552010275401
0.29140121817898779
0.29089605570397076
0.31726593329661895
0.29034070487281333
0.31011115268033362
0.27965866587227639
0.28885128712275981
0.33576919670115762
0.32886482600060679
0.20973876343087119
0.18087276984904935
0.27509055594813464
0.34624563869217057
0.31070109278050406
0.323746843754675
0.27329526798806059
0.2829819942575324
0.27418672202537153
0.31667834372341108
0.33572610137903702
0.31980080875620059
0.29443175662448517
0.28974113201658569
0.32965574216822668
0.29265760834764287
0.28826888637231896
0.29582461829937812
0.28595322521046473
0.26826461074633429
0.28914087680939549
0.3120249127548182
0.28703317477675794
0.25844289995408787
0.32247715516148479
0.2848152698400524
0.31087486952767851
0.28713787938370822
0.31245771072000211
0.30811095179034653
0.32203765401424078
0.27666823907043381
0.16620718862259393
0.15633859567790565
0.28489438236741688
0.34805008656866743
0.37000166753831698
0.31797443647738433
0.29942225705255432
0.30495011682312445
0.31372040156380543
0.34772739020790905
0.28680711184600866
0.27124345937455208
0.2853851580370666
0.26450221089703091
0.35602848807082593
0.30146969138000163
0.30769166965661304
0.30378589784873666
0.32635140546859953
0.27322102780434743
0.30791443722225142
0.35696726989772459
0.3362975124197693
0.29133332938508905
0.29636922985059666
0.33947191643515873
0.32719746511282333
0.3022828788252519
0.27870213742222405
0.28546727407144262
0.35627097298552757
0.28352850979582572
0.15887434293145619
0.28168083180966108
0.26260250539585728
0.31496335103946005
0.33281777768463633
0.27092592005988692
0.29094838120107902
0.33369996320289119
0.29631224426690345
0.3045624442852285
0.30556329986954861
0.36628630003208418
0.30737626225937881
0.33859766462996055
0.3267675454969326
0.32546639109482167
0.32976058194349339
0.26609284781493114
0.34233664811444703
0.29331039188566338
0.30523673647530042
0.30272542321257867
0.26722441377392187
0.29321097476010011
0.33871910542520189
0.32702823004111581
0.35239857953603776
0.3071862467551727
0.29196051025517789
0.37805063038516579
0.28602405543913084
0.26972233827128006
0.16598640670184162
0.16056207679705464
0.32740382103876964
0.3300726058463086
0.2861510461020656
0.30581288187995492
0.28444589374199608
0.29507437390147517
0.28835807516028883
0.29701412605990796
0.2987320030839859
0.36148966982676289
0.30477554072045465
0.31631043795581948
0.29899531034228644
0.34375576425229309
0.27460675304137233
0.30755489452357204
0.30732514229715419
0.29439275258573805
0.29049450094960755
0.3491509642060846
0.29426751143597973
0.36568300241507568
0.37841296752584219
0.32469357045067837
0.30588351641911726
0.27400283626270922
0.2805820941161396
0.35768670402176067
0.33919754030748023
0.32278332520043035
0.15676394173449551
0.15536800527686295
0.31358981894227245
0.43301983699821117
0.29604954936174538
0.30492843642493955
0.28511018864029913
0.33099954231985268
0.33216737507150962
0.2849476775527009
0.27097211842786711
0.36380262697952442
0.29413875527419514
0.3004243513417636
0.32835436155709147
0.31808891858683142
0.29379602528575371
0.33846946891140334
0.26901479480668972
0.29728040472201311
0.301792857440075
0.27502545152466901
0.30869639458022047
0.34833970993417657
0.35276188506137585
0.32048063843734681
0.30542048182100817
0.28978047214184771
0.30181083373181139
0.35069491382353418
0.28320026190007352
0.28631269223006439
0.17176878410043128
0.22514363189226072
0.27984930529270974
0.35010064780647554
0.31966576411862929
0.30556216550895959
0.27431550667508486
0.28204582270023376
0.30993048268687429
0.27736738282383638
0.32031367317192305
0.3057527387341421
0.2875391716176352
0.30950496272728462
0.27067104589942875
0.33581185908087519
0.33668468924125494
0.29115714006759097
0.36661166036608811
0.30421276225758737
0.2807553168788462
0.30891080195964116
0.31168361860188631
0.30068047326883091
0.30077194376597149
0.30010422059577813
0.29647182471932898
0.31230688076025614
0.29279617971573746
0.33121954523451846
0.29371328940980296
0.32500704431108335
0.17277138566467723
0.15753462171841273
0.30868005624793432
0.33085902072337453
0.28414469342862181
0.28828761309239709
0.30476294985305286
0.2954178048572027
0.27960432665818313
0.2716098219760773
0.30867278522773145
0.30715113553797335
0.28884065127127911
0.28251746898300523
0.33417174617356771
0.33883037446520375
0.32383848580826424
0.28876229031443479
0.26617385094445351
0.30513082677344117
0.38080302799166127
0.29682589469488879
0.29109928521431688
0.32358654493689137
0.28781675557251485
0.34141647677534448
0.3132316364052643
0.28458262314406463
0.28158260932881246
0.31879960575080846
0.29317666850201207
0.27090146401099796
0.19523199324930804
0.2318561270356998
0.30960735167705716
0.29143549641463284
0.29356520758455884
0.28685436509975032
0.28835301857043871
0.27556526139390203
0.31714263245910479
0.31991247923843319
0.34326086192545047
0.32597095869802001
0.28037985141828559
0.25807546829317812
0.29691856954564938
0.27108835888908328
0.31902090825849927
0.30728633772941011
0.27141162707956912
0.28637365308527474
0.32934033131141416
0.29835681832531991
0.27791053503772162
0.31305147049189719
0.32519530452531786
0.28737863093424221
0.30579922446434521
0.33520792998077037
0.35757573376685886
0.31946350186456973
0.31190659692161093
0.29848252988532498
0.20064922147998668
0.27533891555815426
0.26758251036200914
0.28153245070645172
0.29516207290459806
0.3095573298153233
0.31000710010692956
0.27129764711721216
0.30961789147236252
0.34746597043510458
0.30470314410120952
0.28973439272998619
0.27330831690542245
0.34854443609596286
0.26065503593111888
0.3090329450855826
0.28994215737263701
0.32734059737701859
0.32759630903963144
0.31690409616987852
0.27822805253776822
0.28987685477943181
0.29044891348993074
0.2842617567951608
0.28623350989736807
0.33954277892023349
0.3345342204172958
0.28961200146290828
0.29842133791689207
0.28925116844780507
0.30198957030915435
0.31689915532850743
0.16840176467593473
0.17171945229741428
0.32124211454356372
0.31032144070156403
0.28016548701377897
0.29725733686984551
0.30366597699413794
0.34373983511165085
0.3335581904768008
0.28623161511514217
0.28290457816548326
0.26864511224904625
0.28340344888540231
0.30837146334313881
0.29181732733020976
0.26373248116696324
0.32291813530042796
0.30016373742261704
0.35257501734037616
0.3718796845597625
0.34818329811589049
0.2973668237544882
0.39648109774483609
0.28117959755654731
0.28672074265660408
0.28035105047272646
0.29681018219693944
0.31095031938223211
0.28481057422208278
0.30013929193022609
0.27110516401596035
0.28317413107933515
0.17738157507502589
0.28828844900298428
0.33063531476764768
0.27979828794985911
0.2938513748818472
0.33902412275773974
0.27470891121985425
0.29143354062318849
0.30161731123173963
0.30496230358865811
0.30936888107242733
0.301741668346928
0.29901083578326793
0.32398326446926673
0.28467956629853114
0.30664508666059981
0.34318597736823231
0.32194313974923811
0.35874982981850101
0.30579016044485507
0.29600137329423398
0.25981517114063718
0.30094094060204157
0.27557449255819655
0.31846043783668382
0.35199624013342162
0.33687172913766872
0.27822914944858707
0.28858936161059345
0.28450398899466883
0.32204370110878466
0.30642362060468181
0.21869645461098491
0.1931462409938571
0.30325115510888312
0.36710073292686879
0.28724117335885346
0.32066835873390748
0.3138559525534878
0.28968648588647833
0.2893857423222968
0.29934365094926207
0.28270725885117659
0.29132212532875118
0.30317951600559384
0.31759274945041505
0.33355278000766664
0.29107342561408245
0.33581536627351261
0.30448527822126797
0.29892862283064925
0.32031150635226169
0.28440446159640742
0.30999119908958372
0.34130103566517161
0.34512234361318672
0.2785813938666466
0.32399877516795983
0.3102384944615128
0.25300872585748474
0.26673266766579984
0.35488638717574117
0.27197022251268921
0.30010459576599252
0.1546784930124675
0.18505833685700745
0.26939946707799678
0.29804144017564793
0.3255808573697444
0.31343654836501289
0.2744456255059855
0.32834704144949661
0.28119941592673481
0.28301214260455493
0.31588477201699117
0.337926651399022
0.28794336355005323
0.26467729342268426
0.29223750194969195
0.3195735681046481
0.30076658095872327
0.34555605547142043
0.26653154365067339
0.28049409794079416
0.29107089321651258
0.3062818774459613
0.32562127690709536
0.34901714429138125
0.29665729580590278
0.31422863071009555
0.34230141990274326
0.28911666353042942
0.28005101385611414
0.31331813586028706
0.31457211185585521
0.28504373028531604
0.23788266445170522
0.14394586662199788
0.3089937876396513
0.28323848884406078
0.29567556235497994
0.33626499039542401
0.333068287724059
0.29895348779550895
0.32475483935390953
0.31307067377698433
0.27997128366602098
0.29890232411310552
0.28569819178532341
0.32135127854665624
0.27728521659389727
0.26671244858156701
0.29693230537017751
0.326967118009099
0.31744953128541398
0.31036910522116773
0.30010523262903016
0.30017827481379039
0.27317814693715292
0.30027035310207312
0.27589978850251046
0.30244075029230388
0.27825760357685547
0.32496388854812192
0.30268261022262971
0.33861284601802355
0.26113691884477708
0.32047859301946302
0.24535754931428747
0.15770525204313804
0.29150789062742705
0.30635908595719014
0.31838415181188834
0.31319597443340785
0.28537808690148631
0.28334463139350774
0.31000724016318876
0.33059035112589097
0.2845269348115832
0.31115176753774743
0.29425001706171167
0.26941941689021259
0.31449453163227453
0.26521779272322765
0.26023986611957073
0.28756172428923837
0.34004227215158161
0.29374076499345053
0.3041317303176449
0.2939062905126103
0.30243513860824639
0.30371832560568995
0.34580611169737541
0.33028068583222042
0.2754895062843854
0.32347980433401929
0.32505498552374729
0.3860028775296595
0.27702271557138203
0.35383316333323511
0.20652775474091992
0.21419786070954697
0.32667026321951781
0.33560703661974095
0.26976681350667875
0.34127577835121908
0.31767924883332033
0.33325619692442632
0.31760667375694213
0.32095307741577478
0.36891560467877127
0.27185985607194108
0.31044175646920197
0.31163324072904436
0.32466865572614506
0.28553460110241108
0.32720705330156163
0.28759271018112925
0.28993204740163653
0.31040979621767956
0.27781064820125806
0.29965594038032028
0.28964430465493507
0.28652312822470527
0.2980102153038614
0.33578636624662184
0.33556837596566469
0.3343443080665579
0.31273348910515908
0.28535153870824942
0.32168334180600616
0.30786537280446757
0.14123931152215996
0.10871568304558346
0.19664676674396001
0.15369717169971178
0.19950440467175645
0.18530137690215245
0.19867468929487439
0.17120556890783381
0.15993869220168178
0.1537309340180765
0.1852688057182261
0.17013166983650579
0.29809621240603656
0.16888389613202232
0.18407525581880504
0.19373659924588468
0.16979659100498407
0.14522749466344359
0.1629691445273683
0.21217000134938663
0.18533282855677177
0.17431121559454452
0.20186888214622328
0.14838921301511976
0.23841140466697933
0.18900187565264598
0.17837276449349343
0.17404434808942387
0.24569311052963205
0.20908912550371209
0.15820642813255781
0.18952218537736254
0.20154470395441518
0.17187813615584097
0.29488255343228081
0.28649416816688972
0.32717910612586071
0.2747895839657557
0.28515183837141855
0.32756709012816387
0.33758223147436334
0.29910052751833494
0.26194396884113791
0.26879620300184415
0.30549661613304524
0.34624618024204451
0.33179492389809173
0.28687744202133503
0.2983505579585935
0.31053793515037792
0.31219070305454799
0.29472366837296071
0.26520437065145408
0.36498514759066431
0.38449359907471897
0.27137636667550952
0.32034665987516087
0.26670520219659638
0.37257616459062376
0.31273776572956324
0.33189241273228387
0.33504830121469487
0.27842121843132156
0.30712054137151135
0.22262229549336565
0.31017660873763503
0.48520144554826705
0.4798156956196884
0.52095788977319557
0.52020955752259546
0.48316863461218246
0.53846225955077642
0.49472873010517499
0.47228884997236092
0.50093698621749305
0.48106355495822034
0.5047649142487497
0.51121569315241766
0.4871535496108626
0.51492467850820811
0.49238670788098166
0.48510677414358133
0.49566349104694241
0.48940398082390801
0.49186703413332516
0.50865522987565959
0.52338711554696526
0.49164229584559149
0.47822731598403834
0.50622375991064317
0.48318970780368325
0.53849058875693701
0.51072221973793597
0.5068884788865573
0.50538911319049828
0.49340922731361325
0.25977822125486205
0.34823545271762785
0.50746990604529252
0.50811233820633606
0.51341680340888241
0.507464346718832
0.46719536496937369
0.47257096792889519
0.48753303608301085
0.50509244029843947
0.4957333994387853
0.50192870403879497
0.49692709647876754
0.52422457451205895
0.53234042828210137
0.4745615826546446
0.47851131388441642
0.5113520803213828
0.49443314606395022
0.51553231497266916
0.50896141622583035
0.49648093021558498
0.49052619799610186
0.50516842679286666
0.52063677436942701
0.48627277024558879
0.51257537098381079
0.49190761299662045
0.48604255696931575
0.54784209665143169
0.48431941018065056
0.48898201961467702
0.31105964476917869
0.31580805964760961
0.5023908149963473
0.51842235714331963
0.5210374781818814
0.51140032470517516
0.50683396406458603
0.50242750975042183
0.48628302284357766
0.4858654526847257
0.47509970032465465
0.45888137677703178
0.49011331640240197
0.50739928233481113
0.52955637364551855
0.50083089549918935
0.50725486542870024
0.45545301473289562
0.51995892849324377
0.51802774586065903
0.5099312657396452
0.50843549474837824
0.47714997742344328
0.48690719555450007
0.50684515215304971
0.50951733609965077
0.49206522644519607
0.46310025319031856
0.51193846654912589
0.49490339633154634
0.47656913858337402
0.48152190815782675
0.31520681455850641
0.30718376818301485
0.50188155032309856
0.48903919171789001
0.51213051390937459
0.49470470017273649
0.54444689455576101
0.50286510954378671
0.50768614760253838
0.48591210375286092
0.49531383200278783
0.50845354428453093
0.48564563369590968
0.47931525924570328
0.49276239113606873
0.51026452172544956
0.46645315394378262
0.49859262060445386
0.50215056057329166
0.49535071827360749
0.48106349381476854
0.48165978193868536
0.48350660474902407
0.48072769960619399
0.53375015987322316
0.5092128128069664
0.49523338593603194
0.4911574443377052
0.4770904591386777
0.50513233231591781
0.51466515083265962
0.49887301305778958
0.2863541385412523
0.30385951973516212
0.53125823732504551
0.4892995929319961
0.47656591603312182
0.48444604986019985
0.4905428122890465
0.51454798350286701
0.5096069424545242
0.4830934229916381
0.47634559550441141
0.49689532690694393
0.47043839801838094
0.52800131700664832
0.50678691403443066
0.51369723003113354
0.49590772153124363
0.51159232426527368
0.53709417052372588
0.4600752454770608
0.49735016833982154
0.48730911617536277
0.49673742132978937
0.49861598857558126
0.50641543098619901
0.50624458839845277
0.47330084283437734
0.51994920725440652
0.5065243183539242
0.50077499298347095
0.49799972981407153
0.51721679922808772
0.29929440293463966
0.34214745642043543
0.48312696697485635
0.50772861495133081
0.48397928975252252
0.52296875512208485
0.49014389922552343
0.49607113174889006
0.47306850074565809
0.50897089286935637
0.46685578030170216
0.51355609422016424
0.51416655533401623
0.48424109894235684
0.53000904681096661
0.51528977538315768
0.50756735314402113
0.48049801831628186
0.49616131761985321
0.48803174635958874
0.48467761823557598
0.49065339634379634
0.50430390838610617
0.51430985086519809
0.50858175156628549
0.47812969207592732
0.49706904604970109
0.50340834309825777
0.50388912501110694
0.50640018657191577
0.51367158208342412
0.52227010332732238
0.26634322992534293
0.30937567460437865
0.49145709897966161
0.48238478773323767
0.50605968611439733
0.47983032712429752
0.50414943299851644
0.49868885048933143
0.49315414026080145
0.45947921936706698
0.47035953897581223
0.48933686910352697
0.4998301929679243
0.48554215176058668
0.4933240129969233
0.49896198283493887
0.48305669503741205
0.50291412850134565
0.50811984661418907
0.49813326868158747
0.48977722146876135
0.52603754654347101
0.52155908906603621
0.48263517613204587
0.52533440148177879
0.51146170279596881
0.50725864592544068
0.45148365955967723
0.48679780630995756
0.4582072424252957
0.51836751671669334
0.50708024357215664
0.28346193973072503
0.28465667142721829
0.49654171242475892
0.52031851963911113
0.51315705958440838
0.51483955996719422
0.50758248357528868
0.50408902884526041
0.51159145193306965
0.5005022925175332
0.48552632013140057
0.46729738704367352
0.4869577479433877
0.50916293986526673
0.48385178622028341
0.5060797470282653
0.49117077605391174
0.5127399015534011
0.47261902108673876
0.48793149761261667
0.50835220591728347
0.48446822064283152
0.52427297225270664
0.49618769142126645
0.49142184033620662
0.496128702801021
0.48922164876118285
0.47819724616571696
0.48515690919390059
0.51711144619172389
0.50672458249210917
0.50543557792277727
0.33267187838511042
0.28764574191201531
0.49488905021267721
0.51236512894944275
0.5050798620129584
0.48698398751072236
0.47983286704320893
0.48729025366502243
0.47529963991310087
0.49947728460585433
0.51874066017224529
0.52499863324679996
0.50221188105497172
0.49192636648708166
0.49752817549062267
0.48528228486755637
0.50823468185368548
0.53745071584196691
0.52550673089674593
0.52101035370946114
0.49475085976248273
0.50341850806689015
0.50693015101865657
0.47958839919360907
0.52169609161754515
0.50941997112458259
0.49972858559496758
0.51803557766163078
0.48786726069881819
0.49156825777978624
0.48358809340868059
0.48442710381159693
0.33875099918786111
0.28529870269763591
0.50095673695276743
0.51562542955895863
0.50253074703288958
0.53198813671012257
0.48545779987344767
0.50471015372162864
0.51442083792252902
0.51094344785786083
0.45190231150653914
0.5114259097539221
0.48605730828378824
0.49468888058243948
0.48074300198176506
0.49214334013624372
0.49712830608494246
0.488890652211243
0.51535307202489311
0.48814169185549594
0.50326193897585803
0.52594401975820926
0.51416389013280672
0.47141880625923605
0.50826953595065727
0.51484755206021759
0.45804526917661298
0.49621811899790108
0.4883658517424781
0.51262155668515319
0.50113424532975093
0.52314908559266726
0.32317029452514962
0.28873047549465369
0.5189535569042989
0.51470946580732291
0.51001549258137935
0.50268915642762513
0.50187497753378862
0.46675965020899607
0.5122630298781381
0.51264482745141582
0.5105860264128268
0.5031928061798624
0.50035364824641571
0.51575435783466506
0.51354383645676649
0.48137452346781473
0.52302745052751098
0.53626777294468297
0.5237244864992705
0.49459952727569528
0.50307007705631679
0.50181119787361306
0.51325268258175172
0.49897970705987038
0.51552367160036872
0.49612200030237974
0.50891507396403601
0.51060457366729783
0.48850390300546848
0.53917839032056347
0.52901576232082048
0.53411702044987874
0.277117445357697
0.27424425347911302
0.48424829881378234
0.48246458592343849
0.46376032299915965
0.47710388336170767
0.50970175878510038
0.49548304660319337
0.4987731124731728
0.51061496670296835
0.5207359307228675
0.4973850090290094
0.49586206434259
0.52354227680919407
0.48549354715125032
0.51297257772212146
0.50964686904350609
0.50757066696246012
0.50353691864542938
0.49388424044987128
0.51528342936329286
0.50743936951641266
0.49767961587113702
0.49182859204942703
0.48317068501265148
0.53444234647251843
0.53014489377602747
0.50416241717198618
0.49709740784379841
0.50353622565266787
0.50240254258228378
0.49732407561343001
0.33488865366133236
0.32254415139164244
0.49316832896382257
0.50773081462106273
0.5052281453249946
0.46851689944921815
0.53744604068448143
0.52180062214862888
0.50640747186299206
0.52268454173883183
0.52826964282046984
0.49872927534819089
0.4696321010874735
0.46161108083741464
0.4740035373618835
0.51271615206554921
0.51362510422454455
0.50210576508850124
0.513388845946119
0.48694474346668698
0.48566820921838777
0.51766585263872655
0.51173104788119572
0.53533429304660485
0.50036716285380411
0.49549012851173574
0.51437336253991106
0.49930443364899091
0.50385950466459084
0.50261479638710238
0.49464813461753931
0.49905168523893956
0.33067844328699936
0.27268061194235843
0.4951522431567727
0.51547772310138784
0.49427803567019596
0.47815624095833648
0.4896845811615112
0.49556017252762674
0.53208105388902704
0.50303195711134241
0.49578310918437413
0.50710882514042133
0.51216047980833235
0.50358603470692209
0.47015892872332077
0.49347131563853414
0.48602494627398052
0.51158826988462414
0.49837009794756254
0.51720867438670937
0.500126432290106
0.47167704307563563
0.49246040172718619
0.541974053769532
0.46585969955743134
0.50581150662696139
0.52484510358465708
0.48836969150022402
0.49744130198429987
0.47513574180850626
0.51147238995515454
0.50880513766692281
0.33154617585966506
0.31461865790073745
0.51726792449395476
0.47820700502747826
0.49239372742602866
0.50562587349118582
0.52037768147920227
0.4936599920200877
0.48816255928931301
0.48639783069110493
0.47562959802868715
0.50455860640867989
0.50059560501974598
0.51505523930698915
0.49579453218024649
0.50693901850369127
0.49245858456851066
0.48098467255403754
0.50817975957052897
0.50608700109514726
0.50542486758605842
0.5094195582708746
0.49665163553278407
0.48775061203448711
0.45976311712520562
0.55132041076698879
0.48893973152651188
0.49305877714234447
0.48766350763772714
0.47969156922224271
0.50833472798825252
0.5153775813592385
0.2774486776787779
0.32997995827235443
0.47526389691322934
0.49488639825103936
0.48390198501552067
0.48497113928857966
0.52016103333839792
0.51002421737400461
0.50364424641913275
0.49849388707398912
0.47673448272586794
0.48512013658367842
0.49558045083147562
0.49709262981804159
0.49641959092009863
0.52886889034657314
0.50539594227338724
0.49583924616044833
0.52201592461448432
0.51492267463207997
0.4767913337172352
0.52440511960975833
0.48561532640928012
0.49836748668134773
0.49569218452790176
0.50336299244539739
0.49032784754309949
0.48254416933965177
0.49228304822494584
0.48665237473775746
0.47557135471625211
0.4778644785299675
0.29927414115697981
0.31870315071323291
0.49054043657822033
0.48926545779862313
0.48208829113704454
0.51041518567666833
0.49797660408008382
0.48394952443334488
0.46119124475916007
0.4928360710846863
0.48838320205108121
0.50910197729149087
0.47043212141570123
0.48364949443491978
0.51605595447705477
0.52902606682466913
0.48491811103780325
0.50446480785691183
0.46106034908907417
0.49937909419537779
0.50298159706976431
0.50957177864822512
0.51767125084296817
0.52728893027767476
0.49325745906032314
0.52117748428967792
0.50897882435932851
0.51455303774062211
0.51065210387399529
0.48930885879843128
0.48202386817845311
0.50170348100960305
0.31152280322703946
0.2969459005717846
0.48208158698442405
0.52100243053545103
0.50172780196930122
0.50423950102799975
0.49545990702353587
0.51412407846505925
0.47389391543317594
0.5228164832773996
0.48422133070775891
0.47997771757262309
0.51339197012414817
0.48984769225545777
0.4982667329853892
0.49598192423975962
0.48047936139884395
0.47912196039393495
0.50602321117662774
0.5087094198171298
0.47993735802526061
0.48868351503694402
0.51897127535217713
0.48357240512425137
0.50056923091353622
0.53592111445447643
0.51825312878153418
0.47219970446640996
0.50661437755737737
0.49172362561037075
0.49289928392457333
0.48666265733243702
0.29490130946300852
0.33615361846078068
0.51040695688941717
0.48802897121311761
0.49294359937624538
0.47708714566516763
0.51499592937809013
0.48549136238308011
0.52382960895354436
0.49455667291648336
0.49691806037811359
0.49113286307288989
0.49831612003407222
0.52062625863098144
0.51146981766853672
0.49977193325042307
0.47745120496395699
0.49681300863583694
0.47206700593956136
0.55071841273185673
0.51651332630042446
0.51267565920186819
0.49025049751198457
0.45966836221892682
0.49178454099290703
0.54023032690361372
0.48767462967900566
0.51507112674031608
0.46455098942435252
0.50220380198854808
0.48213305489940911
0.483999970661871
0.28125600939939832
0.29596768528353129
0.49404171932489838
0.48515454303679428
0.51216769224142566
0.5119954113543016
0.51175606978495103
0.49391075697940579
0.48457194188843372
0.48946545564260713
0.50310255443560925
0.50187831941598382
0.50405243583786052
0.49405337623455342
0.52396825667197156
0.51491320173348676
0.5169717040696753
0.49138414041391587
0.48402889366100693
0.48985477350176954
0.46568343730532202
0.4815426077416356
0.52197957324677391
0.49041848569182894
0.49759648298627401
0.5027824753249206
0.51806821612475529
0.51023991638899502
0.5144715637295536
0.50351456948671813
0.48888067248340911
0.5103015362863923
0.26473909418271596
0.26923131502854381
0.52552416030788474
0.48958117755536046
0.50510620339297263
0.5125306773401922
0.50438063735362249
0.53302711019582427
0.51497516093288664
0.502534911482724
0.50501684906065203
0.48791286878067036
0.49429019275581698
0.46901604718395057
0.50931262298850943
0.51550740107735948
0.49821843319077974
0.50313026613516232
0.489306249301243
0.52238699875920025
0.50687095168868046
0.500435216805447
0.52358637196231061
0.50402742211858509
0.4836876992735204
0.50864433322835911
0.54620901921112874
0.50551780108548727
0.52249752586263476
0.49563696072256919
0.45790424524400891
0.52010831103979538
0.37399546662120653
0.32212799250433233
0.50548578960170842
0.48156345920059673
0.51345620683205573
0.49787563557658654
0.4983266282181309
0.49077533675800344
0.4881482960809701
0.48059133866239395
0.50051169246491833
0.51058100872726842
0.5292141301497969
0.5168162177185962
0.509557813467861
0.49588926464668154
0.48242407178125835
0.46912479913060617
0.5259345073021543
0.49739543291871419
0.49184708130083099
0.47895861098096232
0.49277079773365029
0.50676839868437773
0.49862031299402293
0.50693152366867666
0.49166136948393308
0.52226570189927246
0.5204811873983004
0.5179985898039583
0.54366989279594458
0.49987018351370122
0.32958755609125623
0.32654344703294547
0.52394433563422782
0.4781784867624263
0.4970223519932131
0.5197461013314143
0.50554362225757787
0.50638156818768487
0.48821918053981811
0.49225649667076765
0.49273058352117277
0.50665322865461526
0.53397938938509504
0.49316479513139772
0.50686399406854521
0.50344534062935575
0.5171786158024263
0.49486776560025886
0.50212460915559132
0.48010181280669795
0.50528073731905654
0.5213378573500016
0.4440827986212566
0.51693337950817775
0.54226159513007055
0.49596175591841424
0.4728551496021533
0.51223552896771207
0.4709935766674469
0.52546919574873452
0.52557866813804366
0.52211442475415792
0.30185468360672901
0.34208599831073261
0.51263482866874355
0.52497885078104689
0.51421540560967682
0.51257527702996553
0.51476062754210283
0.49500296349569051
0.50361192767126606
0.5117887827470351
0.49286939372019167
0.50922866146091983
0.52623536547372685
0.47074470539096608
0.53361946445234043
0.46476907773520276
0.52061014715769915
0.50523802267209883
0.4856666234262878
0.49463622427480802
0.51833987753216337
0.51225384369079074
0.49447162362742197
0.51737727935806677
0.51115332841217398
0.50590933012404404
0.51617444397343726
0.49656803893702506
0.5217462235818221
0.49000093616749951
0.50451020875981711
0.51843525532446144
0.29341463059505757
0.3067645454130371
0.51719040385425319
0.49709400517810276
0.50586955344613904
0.49794880400584407
0.44988717513949816
0.49753222284522358
0.48790980222073188
0.46563052297818192
0.48924467798802496
0.51194171705542635
0.47833827166363874
0.50884599975216283
0.52930526019560165
0.49523780278597657
0.49660767186599797
0.50893082202525775
0.48319066027057972
0.50477925481009545
0.50712490761999518
0.51619562822323595
0.48515686735266206
0.51381901542642039
0.52164099684888798
0.51061520649007541
0.50459964182406614
0.49587882029480329
0.51578866663345435
0.49061587100289988
0.49103120759175128
0.50120313821662743
0.32150623137351725
0.29818385728610908
0.48433013879745246
0.46107416907754439
0.49117200862031646
0.48553291416609856
0.49044565870554535
0.50204976776917065
0.50774219443690261
0.51790588018242345
0.49528064836008429
0.52253594535146908
0.50072511505922024
0.50212536468090718
0.49127797080813956
0.50537479286081521
0.47667363112427485
0.48100179527166764
0.51092538519749542
0.49920776328140687
0.48051344430657789
0.51471816999839659
0.46587461682575554
0.48240195433242367
0.49733500065838931
0.48938672205726796
0.50740149453008554
0.45843790392197242
0.48401761209648958
0.50432225535800312
0.46753538726663013
0.49859406522208927
0.33404405834517253
0.35546606198962699
0.52891003435033712
0.4836644610474447
0.47442868943107736
0.47242656997857829
0.48807257882379723
0.51137338471435501
0.51834333235104457
0.53712706761801698
0.5030355205758974
0.51134684917227324
0.47608464433115866
0.50499865572224945
0.49335569426377046
0.49974300009940653
0.50818625060938449
0.51043327426900842
0.52482144082500082
0.50299889461516478
0.48226967931938075
0.47307618551250719
0.48643987996392229
0.49441756659524699
0.47965903790110753
0.48895065069680971
0.50073334566886896
0.49995842885021646
0.50496804543529661
0.52704599767479399
0.48708784456794724
0.52005676874548545
0.29710736782867653
0.32137090990458411
0.480458972415168
0.50804515809528994
0.48222116334351539
0.48488388794701859
0.48976165839712471
0.497357694851915
0.49125982274405466
0.48823711720369184
0.46027506165302662
0.51559615361222622
0.50637359865182674
0.49761210850998222
0.49461710193885461
0.51080504968853635
0.47657614729679226
0.51058842014931094
0.47026110685290512
0.50199949124745002
0.53853165733913566
0.49414793089541909
0.47080730162676609
0.48895669544067966
0.50933268183066394
0.50366964638977985
0.48158952394869542
0.49881347224759603
0.54716693245735848
0.48641428283115645
0.48660201016431043
0.50894595014244859
0.31741504561148226
0.28483116336427911
0.52408447321629004
0.49622046483011278
0.52163466332290342
0.51338308685725953
0.50317064326592775
0.51709606478988424
0.51771274146465851
0.52121709355175772
0.48391351950898825
0.46698375003325937
0.51873330771307136
0.50716648246266804
0.50751480333653776
0.48091357329385609
0.50156392582658826
0.49800727666649969
0.49135869388754555
0.50828549042188187
0.51096443559256144
0.52856975319279886
0.52697994969888373
0.50494630207512969
0.51838479806101767
0.52218646224291798
0.50264294027806311
0.46433488245438431
0.5007533960084688
0.4908943593434037
0.49609639053989901
0.48590889622780825
0.42090477159489259
0.32668914486988782
0.49259732200238993
0.49630863290264543
0.50488572577209101
0.50999030035256832
0.51366448356308791
0.48130074331596018
0.50528828376631707
0.48839805108982509
0.48984757490462061
0.53078370722363166
0.46904266390484661
0.48245622856733422
0.5219041350335577
0.51444204757692658
0.51439901240987651
0.49698240738856292
0.47029311352690184
0.50825377617764045
0.51343837858503172
0.51450400321020706
0.50761657131759885
0.49485178191980544
0.48836843029629734
0.52831020780613169
0.50624396411470629
0.48800152437621774
0.50586971968281202
0.47093666625256353
0.49849077252214608
0.51194290584901736
0.32452111810736439
0.16304641581594015
0.34169953551737536
0.2671420414491481
0.35142777008888781
0.2868521698444137
0.28043225562042196
0.33076343281228499
0.28409020910930172
0.29715510771012543
0.28904845570874793
0.3137552006404653
0.40026031300792697
0.26636353752156416
0.28786338296042407
0.31815862076926843
0.29717726665525152
0.26208073172111074
0.2959418559068685
0.31238851036841858
0.33149861104507816
0.31966982399274618
0.34346902089770276
0.29727380145543553
0.31777297765734808
0.31705041212635587
0.33328360835188192
0.27465926583440237
0.31390939512987076
0.37018073027932352
0.33332397899468863
0.31223674962785991
0.31671012783030766
0.21287830504673241
0.30365160712641565
0.33214758987752746
0.31493300155391385
0.26410880999637343
0.30840493813567132
0.35668234977999869
0.33020711729535279
0.30885537970894489
0.34395857252937317
0.28422084639210743
0.28017093287920364
0.29496432356440905
0.32191562399054724
0.28967998948030377
0.3121095524304463
0.33763486385350427
0.31314846199417656
0.28943865607519104
0.30209412598187307
0.26182796268556868
0.34633038313492526
0.30287508323034168
0.29766058628307274
0.35502278963336964
0.32280058900424297
0.30079497263665073
0.31741476167029653
0.30862830792822377
0.32268000993946744
0.3320983841448551
0.22114429161970117
0.32785990839302059
0.47921237663053534
0.51267023453437777
0.50485582106516791
0.50512931226271629
0.53391583702273759
0.52588729388985822
0.51131192003767967
0.55223107385469228
0.48417293030476183
0.47350610852586661
0.48330578615656505
0.50186788014033035
0.48942700028866681
0.49392308813091984
0.48614524300437956
0.48791754115594366
0.50244974035081247
0.49564463278521276
0.49800357280319413
0.50184782167606834
0.51015907953469786
0.48864272479256993
0.49022531871452929
0.48741942236013719
0.48875655977900695
0.5033201001074451
0.4967289550065227
0.5101563761907022
0.49424128091989128
0.51623222523935086
0.27271958612239694
0.30469524163532236
0.50125585004765016
0.49598534805526723
0.46866425153093455
0.48556407572015908
0.52619257984593226
0.52199060444830636
0.5013287110964243
0.51231687015582139
0.52517266479967517
0.51727432436690457
0.49297566601007636
0.5165104302921365
0.5103095465595664
0.49974824052155464
0.48616349666731812
0.49995727093508918
0.50530800950387345
0.4738312068914991
0.49304445540768904
0.50746980963461652
0.5300246613429318
0.48118416954368537
0.48663815799770843
0.52401772139263914
0.51385464884882626
0.50113513194560733
0.49706664931834882
0.48485468067798415
0.50120978764670965
0.50494223572354779
0.36290540329794524
0.28064084068761652
0.51775075628188005
0.4830620815820949
0.48689582325077918
0.4892932122044823
0.48752832110018457
0.50474944765271945
0.46532487189555016
0.48518673399250295
0.52090577068009447
0.50968794441494258
0.47998912802487831
0.50162203785696813
0.48841170358053737
0.52088623256490851
0.49816136837022257
0.50287837623198994
0.49764175402260891
0.51671988565418814
0.48961279096482752
0.50462809626051486
0.48627525866560617
0.50112354514963853
0.4738534043687499
0.51119253472181558
0.48595600785767024
0.51176902425597581
0.49787236242988436
0.49310967297992753
0.52024587528249377
0.47846086414123623
0.34972925196735732
0.33882601607950441
0.50285707371074495
0.49260969459129017
0.52296118618991372
0.50396440422867295
0.50868710685636787
0.50222753132650455
0.48914112456931796
0.50085549254851414
0.51595050258238662
0.50452923350738454
0.50166528138764799
0.51921194418981398
0.50280284675279707
0.4900712927449008
0.51773003321018207
0.4929066775520532
0.47820924778215351
0.53877504841400159
0.49068062106133964
0.51619646766780947
0.4956944527471569
0.52349466734946182
0.47638753833426045
0.4919029085209542
0.45889229834263373
0.50071618958852393
0.48694289357973519
0.50977011651070381
0.51889306513413569
0.49684823510711473
0.34903895639223426
0.33800853001142045
0.46475398337663459
0.51432662264843598
0.50237447439161131
0.50387491779571991
0.50130819836798224
0.48664996171227126
0.50263957389294489
0.51328170027949671
0.48347893285094007
0.48038884709785262
0.51389734007947618
0.5124308586364883
0.46740978107083259
0.49203265631663201
0.51456580899807869
0.48462042491298807
0.45983824080059521
0.50020039927665905
0.48340388669496287
0.50701200766663279
0.47797776000030828
0.49494267939258291
0.49484363331103715
0.51024217467217259
0.50423270312355473
0.52964959529567546
0.5005685635421725
0.50674584046665205
0.51931994587527386
0.50006744897321809
0.28959018940682141
0.30141718411979718
0.50461487636254054
0.5085094000363326
0.45126101628270843
0.51922454695172293
0.49405079040796979
0.46372257730527416
0.52257229971649732
0.49349478576856032
0.47343564901041324
0.5220877022643049
0.49072615646605927
0.48988673032271274
0.51373755380642838
0.50918754053503013
0.51098317741829358
0.4953784842584455
0.51366689687670342
0.46826587676431547
0.4599645131056963
0.49160166691114188
0.47478223403268988
0.48555827214519809
0.52403189397577776
0.4790383113068592
0.50949216568143452
0.50557952789229366
0.47955561076535658
0.49427560593414982
0.48146244225754053
0.52867857213298275
0.36423087649608088
0.29285880915623075
0.49774035347696666
0.51293430205759338
0.4913778830860957
0.52385987310955195
0.49799416649013145
0.49879923126968995
0.53755233191049334
0.48268983908611124
0.47301465985574231
0.4855321616896478
0.49239673296524861
0.50041195725710941
0.51040854512327238
0.50613503960612727
0.4979888142327627
0.51406647635895608
0.47596427149774451
0.50053261708552876
0.49683894476271062
0.48299636512803418
0.50394672305153687
0.51557430306684349
0.51206503847391061
0.51372730429580815
0.50613874542968884
0.49640752220708484
0.52628695969828188
0.51765479534171677
0.47081687457261878
0.47052847959553112
0.29833170622402472
0.27159025326646075
0.49566455235518697
0.51004314003353668
0.51832409337452912
0.48996710125260329
0.51070322627170717
0.49755495185532389
0.48088756294269053
0.52013463949009697
0.50535681149322076
0.48554917999441055
0.47789243023463879
0.47168840964394387
0.53933205584279187
0.47707759427208241
0.49257143724877639
0.53658861282366033
0.49242700694775798
0.5060459904995307
0.4925980328240957
0.51455284507860799
0.46756373314804284
0.47204106308671606
0.51271875318818205
0.48943790713183472
0.50059327671825671
0.5114340545035394
0.5002103027998589
0.50443476251428976
0.49422516763976343
0.52448793452319376
0.32583182154404172
0.30192688359333264
0.49237576128333321
0.5114858094764213
0.48678491069882501
0.49152088051852899
0.46894364731009025
0.52237928350401741
0.4996279528770588
0.50134319178314068
0.52258396833777332
0.509954191844329
0.5137693832582978
0.52456325946956295
0.48291762364916763
0.50588816569252804
0.46308975035030819
0.49260611398854448
0.4908600672452762
0.48921434825294025
0.49076089033808368
0.50008767052687009
0.49955571691619277
0.50022453193327243
0.48960470144749579
0.4835451777480963
0.49954994915145728
0.48976976588979448
0.48270739664047735
0.47161125234244117
0.50100794987817454
0.51314671119244482
0.34202113833183839
0.27489583047392979
0.48275997093220624
0.48455456594529123
0.49562809364673033
0.51654087623466594
0.51367685440890254
0.50418455675002272
0.4835086888815357
0.5020762427505604
0.5471989543293071
0.47066904475406968
0.5307755593156277
0.51016462078744751
0.50566817644898154
0.52510898370708958
0.52325036200009711
0.49912038673173009
0.51925053025284185
0.51105945376458173
0.50548380260961123
0.47812809817002522
0.52413370642056822
0.51512052846638423
0.47998532797719123
0.51891537990501857
0.50782289640112099
0.47687325467894831
0.51069159847605972
0.51174099999559963
0.47244372737062484
0.52880371347479871
0.27682180400893808
0.28738043193892959
0.49256174981405271
0.50982407433981924
0.52236144617157354
0.50946968170732487
0.48452108617383205
0.46633342734469019
0.50225579396922393
0.51933500714615322
0.50776302468843093
0.48654162685221941
0.48189536857854331
0.49098688379741506
0.50984953466640404
0.4697801788159327
0.48773734747799019
0.50960586923302142
0.49830024600896167
0.50627870497325245
0.49956029064863761
0.47056551179126249
0.4993465035597448
0.48008004391484843
0.50117638294512012
0.51354793498094509
0.48352987047267126
0.50776159915062635
0.53772973457096596
0.49063419982596995
0.53049416216094458
0.4924007859003583
0.28188899537597234
0.38649929902326546
0.49840607962726047
0.4986287247693994
0.50622721875458132
0.4815675541575038
0.48056678085404386
0.52009698528087234
0.50378717363871695
0.48469337082136854
0.50896172458507849
0.50341647801212586
0.51137836267863324
0.503742915843432
0.49804683186565907
0.515792300198892
0.49668381669036271
0.52464266289993211
0.51590529585606093
0.48509684826384425
0.47794684321930975
0.50096567270319936
0.52937012456085997
0.50128821784224264
0.48800187478413615
0.51449250419241432
0.48767176317976452
0.47110798675990151
0.49509394118344552
0.47386653411728513
0.51070594608738074
0.51161578236374217
0.34912710630457627
0.32610835402910709
0.48701471087806386
0.5054764885280455
0.54532598868588766
0.50238868761081679
0.5105255827168963
0.5224811253714774
0.49520648553347479
0.49641991788346124
0.51403239049361205
0.49463032706095189
0.48390079452473828
0.5154342066665567
0.50293886200347671
0.47778268207101565
0.52868191494520045
0.52369349797581188
0.48537821396728836
0.49171116639160833
0.4965863971234401
0.5000695863072061
0.54071716586689755
0.50669783186839468
0.51968341663472772
0.51538147006407176
0.50807372459962996
0.49600671175896272
0.50745231838920313
0.47626128638152532
0.51229570615491749
0.49409984695692483
0.27406020501289124
0.34744211159005872
0.52249402190846062
0.51245699640651665
0.50733949639510045
0.47289532350253355
0.48916703218529889
0.5132626232121692
0.48630905165945537
0.52024894649032105
0.4844507913103312
0.50831396452365407
0.46764504301342491
0.5411553932819877
0.46642549361078856
0.5052286629745234
0.45929059883908818
0.49445459198750402
0.47502882032000615
0.53576603602371098
0.49995332978981993
0.56682225704976263
0.50760631934432121
0.5211178377731871
0.51197463910478458
0.51646812027504008
0.49158439329701353
0.48350211123398695
0.51223900567816483
0.52177480779533192
0.52458608934356143
0.49538091776526305
0.32365213845456497
0.27849658441748393
0.48793011691545962
0.48807990844273763
0.5325100222856437
0.51963609508262354
0.47150005878416495
0.49957038909983698
0.50592604529037033
0.53565618030139472
0.5154041312091433
0.48134292459895295
0.50514034288579523
0.50517719442316689
0.49277309090855531
0.50821004571418282
0.51626018191597134
0.49326463550831495
0.51272621123943474
0.51749938180905553
0.53040808792092409
0.51186489408519686
0.50629013526244748
0.49930145270297166
0.49682423957612698
0.50006718272748385
0.49972098951931476
0.50179812881988373
0.46699232825390186
0.48683911456654594
0.50696317839443772
0.49990568752318321
0.30094457626396737
0.31021004157827486
0.50376318605924997
0.49040223497177332
0.47931266131391997
0.48249886571197653
0.51792615658334873
0.53430379022559571
0.50679050456047203
0.52069539803987086
0.48352293299781768
0.49424141886930767
0.51634032915747041
0.53058364008357217
0.49895502943930931
0.51722599381417811
0.50256742894521489
0.49530729422420344
0.50670170715916962
0.48638540528392799
0.48297614521574972
0.46869518843968377
0.50294383893097017
0.51868862501149771
0.50385943482344997
0.48456702891212411
0.53594170473075631
0.50620961975588397
0.51391970161814959
0.49103058871048305
0.50761044599074634
0.52461210979205408
0.32775976959553105
0.32106451631803024
0.49988173244128775
0.51211916701410021
0.51642734524248401
0.51468498628561943
0.51578726907013095
0.46633534435196766
0.49269905603798875
0.4682219944788869
0.49991978519574376
0.52279881689832786
0.50286143072155931
0.51696243199158987
0.49687357514272806
0.53520698207382
0.47984793271072479
0.52042700586260149
0.49137169289396909
0.55177273745970867
0.53921813747479497
0.51194040485486547
0.48700636039891859
0.49147894195836817
0.51981561337206039
0.51400526225552778
0.51452347950672217
0.49555524881196178
0.52559690419841354
0.49346009268085089
0.46794656231709181
0.48903170132417118
0.31736259059728011
0.28730464229848196
0.49137887535330804
0.49809505370417456
0.49054120805877444
0.47073844913230184
0.48487188228575878
0.52345117671200059
0.51186833941511078
0.48693420998991033
0.48047397892284832
0.49227715546237238
0.47643029482077254
0.48454800037729301
0.51852504887088458
0.48953911616734447
0.51017996672038701
0.47549769912049056
0.5058247679399176
0.47557367668388756
0.49433751598908432
0.45900962269955037
0.46192633858841664
0.50553012352961868
0.52940971787852242
0.48938614756478177
0.53137566776810896
0.50107350172532461
0.54970324395511383
0.46578641914126839
0.52676632611895857
0.51539976850316327
0.29956052822406376
0.34834993140427417
0.53442523763797667
0.53215764719901171
0.52064706927641813
0.51151411780610345
0.49926221412476385
0.51681063765669577
0.49924733731957732
0.4943944850218383
0.49853738289148131
0.46054658671408416
0.52642705229949727
0.49467286089696522
0.49820495998713171
0.52510542738623278
0.49637177729505488
0.49446846505614828
0.49392400139395864
0.50745151794184973
0.53780931619607786
0.5342891314117969
0.49398218883087724
0.50617792277022444
0.4865512833163948
0.52408947304723275
0.51646670585037435
0.50494616751788479
0.49748424029599453
0.46630120611704579
0.46431946969702792
0.53056178055983971
0.28172388033544188
0.32110997582536643
0.49102393746288836
0.51151759823706733
0.49694253672677779
0.52323315987543872
0.51113328890500831
0.50900211149441443
0.48215134864853582
0.46823129874060504
0.51772501029874651
0.48390686329359889
0.50109044933962987
0.51022094183493372
0.51001489353156038
0.52286448404112362
0.51167949777727717
0.48480288183063686
0.48918723166097067
0.509549682893501
0.50164147300421524
0.49951495005779595
0.50337449102335241
0.5074168415964031
0.50183565803771013
0.51136264820623201
0.48540778520986433
0.48043907459863222
0.49374518854714811
0.51176613907757929
0.45868435046636424
0.47871417307348035
0.31825007940721445
0.28243479095892826
0.48968546850983824
0.49718485500345333
0.50187520813716668
0.49724075985964528
0.50696051125605213
0.5126796814862673
0.51117772485529012
0.47253060359396348
0.49439275031973801
0.51152896062505426
0.48297960735035983
0.49644019962438612
0.51783535795735613
0.48956521870798098
0.49573604840775792
0.50632563227181937
0.48845383957781402
0.50470588949451389
0.50023918823875413
0.46727185529534115
0.47092142707796819
0.51262907865053231
0.50013668811522916
0.49339335964991587
0.50370658880695407
0.49852265995702438
0.51927557800926638
0.50733464592683497
0.51081633582844532
0.50508031410830756
0.3259711533692749
0.30148558885558147
0.52026664262964262
0.48304511350889456
0.49747249525844756
0.52097646128312913
0.51339548217059428
0.50573671478267346
0.48226339751519376
0.48995880259692814
0.51034951501326542
0.46219071491436037
0.50881345883227813
0.52525939245286746
0.50495133414482096
0.48121953601073786
0.50209710636088367
0.5192807806638563
0.50568928094753174
0.4888980419055286
0.49917788125665485
0.5458260662658676
0.5081241833826613
0.48543729343118186
0.52776609958343212
0.49035003209527966
0.53566630877292842
0.51646033306009442
0.50624181973335403
0.50710852136853013
0.51087874684635648
0.48432629394616822
0.27055762748721196
0.28551381134285753
0.49044033022335348
0.51325306822499006
0.53097160763997142
0.46875171871080834
0.50514182691716936
0.46891287026243506
0.50629541600450767
0.49624116882984942
0.50855781806076894
0.48698387758913769
0.50731080471660628
0.50548873848996045
0.49549662947153872
0.52264964028171157
0.51330114568554275
0.50239756457102069
0.51203985302901545
0.50935595204577244
0.49479077868887322
0.48876230956751371
0.51503214449838586
0.4861337465315288
0.45758088044707562
0.49651606066526899
0.499981271785573
0.49646251494660337
0.51749200463651845
0.51168840438105045
0.47443869774409114
0.50051433050735927
0.296761054692111
0.35855866391236113
0.51194775957675898
0.4968914000913921
0.48064195727755998
0.49609051132724968
0.47949251260219883
0.48459513055128778
0.49952643142159325
0.51133532303051366
0.48324493328487211
0.49833206060312041
0.48465535683700667
0.48659673132213649
0.48049012041521844
0.48305184782940741
0.48144197819769857
0.45924624283807319
0.50042528112593532
0.47409234880876566
0.52790560600356795
0.4890793593064488
0.48782583129341162
0.51120386321046696
0.50268323152904126
0.4893973644126639
0.46497340589624303
0.52140332418957691
0.47308603851733833
0.48448990976222012
0.49588417026831938
0.51523289695600583
0.28634163054472622
0.32790821958211153
0.51986227110908612
0.50051735253904395
0.52043533206636872
0.51685073637084067
0.46896638251417044
0.49700815989500696
0.52458351926543823
0.50292933081156266
0.50622951806280447
0.50232459164659315
0.488049011770609
0.49973075129536332
0.47786703282558768
0.50083019970706366
0.48275647140530209
0.51767425175526105
0.50267821280024227
0.50274372455668637
0.51408688980026385
0.5264672397767215
0.47917414088694477
0.49839722132504832
0.48558456326980937
0.49237969857395558
0.51366547285572051
0.49177791430662898
0.51078052930383055
0.4986045037530365
0.50780897732290786
0.50703146521087439
0.31737974599816177
0.30850301963769705
0.47086695554981983
0.53081137234728581
0.51243207166580551
0.49806581812048567
0.52092210011508411
0.49415890498931048
0.51181357931026505
0.50180011020341742
0.48628756469570977
0.47753023136683614
0.51510044516952314
0.46989518990428292
0.47735407398227175
0.49726444389457353
0.49760450509798904
0.50552862032430257
0.5181476047062562
0.50198660374310433
0.54046883767676346
0.48414907492946901
0.490929738769041
0.49712884793708184
0.50403289177845068
0.49583716632069003
0.50354123643914184
0.52827030140048215
0.48707241406446888
0.49158943212582912
0.49260069178783378
0.52987481787630275
0.33129890384930882
0.26432424092946516
0.51056927214338355
0.48988160877772896
0.51292169176483793
0.4709851094685264
0.48501763989104746
0.49741033633808179
0.48190366896208031
0.50784750718683191
0.49319849415175238
0.49802083220384263
0.43579639747624815
0.54113265384023956
0.4941095640733143
0.49134380021365726
0.50643252971538499
0.50505297450709286
0.47768598466804923
0.49823458897678508
0.48357750512198233
0.51944059127806452
0.50883672638141841
0.47279455073179527
0.48045923046439154
0.49728853315677479
0.53317342245605592
0.47960207619454021
0.50976183970054423
0.5052437540650877
0.48309389320382939
0.51308137119414743
0.29362466168589541
0.32411036089361989
0.54040058022250415
0.49494170647231789
0.4917120925923783
0.52391536157929885
0.51085647110258292
0.50821256459416853
0.49685530682657825
0.5129882786346609
0.50470717443914381
0.49049551458998036
0.52663677156608735
0.49803379857809293
0.54780097336591238
0.52308122011847424
0.507063191614328
0.49540385073794191
0.51261321491420297
0.49901090824374411
0.50684823699294557
0.51162923623591228
0.47862013297512424
0.49371944200329348
0.53061226973465747
0.48100113931297395
0.49470935421772261
0.4891417544142056
0.46438356668155401
0.52678297014773134
0.51295018942327364
0.54906401375246616
0.26489183756141471
0.3203660276265326
0.50780484933464642
0.52544999637233603
0.51717611172103606
0.48713818104613787
0.4659315731812777
0.49405676348611466
0.48579550842816138
0.49226202216145937
0.52700322421853596
0.48072784676872432
0.51835738606068682
0.48153007150880617
0.49083524945343365
0.50742780329094228
0.51291726759738288
0.50188837254441321
0.552020147243799
0.50171605864494007
0.46075244841145963
0.48259383020261104
0.50437574076438663
0.50300003164494511
0.48519231139239999
0.47733364242161108
0.45965874328480461
0.50368787538766358
0.49539114401879952
0.52122116814467745
0.51581791985273928
0.46366456398859507
0.24681171304043167
0.30492953861641009
0.49960162252960766
0.50762630185954871
0.49507897168481985
0.49479600273906277
0.48112206053923517
0.55827448774598132
0.49525552055462024
0.49363282535898012
0.50990647162612401
0.50720569336328947
0.47054434583681065
0.5208908283848811
0.50900215861945675
0.4902855252621659
0.44512731051350024
0.52638900592467619
0.49587102554605522
0.51012914409673304
0.49259068026185665
0.49974301625737794
0.47524259650975709
0.50091451763928818
0.51102516192507919
0.50507988336987697
0.49757209232253335
0.50911406595477182
0.50705414011984073
0.5165573106506105
0.51231640532058098
0.4869855327204537
0.37861724335234492
0.24119796946880612
0.30366991133654198
0.31017985640746615
0.30252429284956617
0.34667253010417076
0.2941918973324924
0.27743315938790686
0.26843883132222607
0.28452206544574055
0.31021500240873351
0.30102069355891464
0.302590503181978
0.36142880021482077
0.29801911435045964
0.29241777273579717
0.29958646586137672
0.28843258666452348
0.29493613749510345
0.34207513897270708
0.33026886898501645
0.26672823182551819
0.30771952755752724
0.37217056608416182
0.28445390373823298
0.28348730072610179
0.32400497347402452
0.31443663594825166
0.28946339383209624
0.28954388908132195
0.3055825324243413
0.34640681469384438
0.21085463152768946
0.14390727461883879
0.31013713495447387
0.30973512592705205
0.30243466390031509
0.24605983405306026
0.26681177523173322
0.30673884642964289
0.29185103460003742
0.3035018255057404
0.34353555302922933
0.28362199235613689
0.26189236540423916
0.28983518323014457
0.2912607174033276
0.30343278042067318
0.29679578125502204
0.28488047394357702
0.28612069480634555
0.27207207480871332
0.30905457104028744
0.29388356645706148
0.32878672017225047
0.32470666250089875
0.28822352077171448
0.33518597925779187
0.30686345708574436
0.32862077183101174
0.32263278029987474
0.26971302696625743
0.3356916067805647
0.28248753101291063
0.2245666252836237
0.27008809251772686
0.49537386591087901
0.48103614196762906
0.49664975202592299
0.49124793756298379
0.50868793532066781
0.52001972132141772
0.48456477297037415
0.50648071805712325
0.48176202439257382
0.4502632931988339
0.50323716031758159
0.47060533027889656
0.49738406273696173
0.48080435744209521
0.49518770171304816
0.50854366070338353
0.50365588885125112
0.5074582088274171
0.4922021395997675
0.47387289885822881
0.49937234958712257
0.47750407397604927
0.52092226660926788
0.48102906621703095
0.48436988233916606
0.53238772271476853
0.4829686575121927
0.50363462143933901
0.49295512886351622
0.48179840285095094
0.31907475521840895
0.31120323603698002
0.51565692525775753
0.5080311173648433
0.48663893794527202
0.50905733553785459
0.52012747902494227
0.48832922971239884
0.50754761698283357
0.48156423671598519
0.50539997612526233
0.52367437208510759
0.45864969914444176
0.4888950161690418
0.50452410412187643
0.48428394367916699
0.52995760289631089
0.48152118974832159
0.49478587143361208
0.4898873645287225
0.48665593238188293
0.4537774401257556
0.51022551336505506
0.49022996413934899
0.49435761426343888
0.49374529270734469
0.49940670110143093
0.48262097043270663
0.48997863266596819
0.52468191578794643
0.48554347698272426
0.50060830849144866
0.28994299553515834
0.30413763729371934
0.47734926105827097
0.49695348764639885
0.47776365754686934
0.48833082345953432
0.52719994670394055
0.49740738261804457
0.51067521547736494
0.48337207725667475
0.48079131226911098
0.49683873512199317
0.52955592772189641
0.49849847496768823
0.53238683808484777
0.50706728163313908
0.49504457445205874
0.50451294519758427
0.49269621840159894
0.50503099722871758
0.48245804231938388
0.49273952246878233
0.52342271816877406
0.48663517412793161
0.48363673341069469
0.49563445562655739
0.48440226678667742
0.50425350383084044
0.51831961107653401
0.52967472130609239
0.54036970762617231
0.49403822633359429
0.33393488445428177
0.32171123820322195
0.50885730481545832
0.51151711800575272
0.50012078065563648
0.51440919289660214
0.53733349511932238
0.49886230015898936
0.49756540389727544
0.45992200673298755
0.4997924930392722
0.48149987232860669
0.50104063699603685
0.48522802866916354
0.51894925759061972
0.50001670490537853
0.50518538361762033
0.48185722976927858
0.50625057499966397
0.49537329394633944
0.50448531576879174
0.48457983128167564
0.49006109732705899
0.48393060484176387
0.51674604809070401
0.477899008176007
0.52330292374225207
0.51930591900190215
0.49552317638604743
0.51659358532633737
0.51559382865624337
0.50611057573022922
0.30179509682944727
0.30461802476805833
0.51058663586563513
0.4845580375371023
0.49386992720823081
0.5076144746806357
0.46562925867642474
0.49220271220219586
0.46878234588944279
0.51843662013617076
0.5258398872199268
0.50680878814526209
0.49222656245577573
0.51280726517828157
0.4815388569330763
0.50342941344231162
0.50353819720023785
0.46951511865083506
0.49238003476946784
0.48758083807977831
0.48667370575780017
0.49764249832196855
0.47320301766770795
0.51744532964066481
0.50824000233660782
0.50162514014890558
0.48495250172746451
0.49944049937237983
0.48402047218018979
0.501121003780998
0.49387912364580877
0.48579807393142077
0.26593368372109993
0.28669223786969156
0.5303395252290497
0.51545289030698549
0.48783979481310319
0.51393777506030736
0.51413219647786113
0.54161617231914327
0.49457768013428849
0.51338836949919153
0.4958922646096281
0.4945194060009237
0.46690069931009237
0.52339221938736591
0.49675922629747576
0.50638242972919134
0.50307155619790567
0.48199061412978783
0.47736546369106997
0.48852811141811209
0.50428829410360021
0.49109346556395478
0.5094454467861691
0.50173973083986856
0.51592321141586051
0.49540880816290328
0.4730150746386888
0.47724696911083447
0.45899794444819048
0.50568668420026108
0.49333725239658044
0.49078776533662422
0.31549391877566124
0.27725657269844195
0.49220660049043158
0.48544670628583275
0.48347136170580929
0.48673298388993835
0.53124438081793979
0.46846183121516111
0.47758489149795852
0.50153936817380507
0.48735128459267224
0.50409824086493649
0.52757640083360879
0.49252238010448374
0.50497565298384617
0.50863013059973428
0.48207098840902501
0.52178925218924255
0.48198322354144152
0.49279114001272878
0.50413546113518315
0.50038410897806418
0.52733538958785431
0.50243880374477734
0.47401334005418566
0.52847108951688737
0.5001855611506193
0.50168517606420104
0.4919775943860254
0.47889693683150114
0.47488495821660121
0.46356412798542984
0.32188588459992507
0.25671243285734358
0.51438603999768218
0.51819922046545119
0.46749341195709737
0.51059135423802615
0.49999125064206745
0.50544120681051841
0.50038780569566066
0.5237577332083283
0.4849101560428572
0.50502484002175763
0.5091001963461268
0.52419418314142885
0.48269125100562232
0.52897453920579185
0.50197926034294515
0.52301931034412852
0.48843818442756903
0.48978031924478393
0.50871368067256995
0.50863440725365905
0.48669727271787039
0.49220279319401261
0.49285689164741597
0.48930899618692553
0.54206893624705255
0.49244323049215771
0.48428717982226327
0.48184045650109025
0.50399800551114216
0.53466027312048581
0.30010118241113026
0.27922504753064237
0.48758516916310124
0.5028562719577897
0.47928109737230135
0.48523863367494424
0.50404434022319367
0.50081737921782588
0.48772931573664641
0.49924579334324437
0.50179897667310258
0.47038209639586115
0.48922301024886888
0.52170054121707798
0.48686745188988301
0.54249989706921575
0.50204027835945797
0.49391933949393502
0.49479823254351746
0.50558103670268362
0.53214331602812481
0.49798273021642636
0.49319617350448913
0.52429074758117844
0.48057886073142475
0.53637819407991461
0.5034707272131298
0.49616269160230136
0.49583056065980752
0.48196605743418847
0.50141164824633222
0.45208467084206388
0.31034896657369948
0.30292096243712391
0.5493117654225016
0.49607718746514007
0.47947797878322118
0.49100686398154592
0.51243559159098051
0.45792450134081236
0.48671862927381626
0.49060934196602918
0.52096171327728569
0.48517315167209335
0.50220603890711146
0.52001557735215931
0.49180235908353986
0.47147008762210896
0.49692746385080377
0.51691249786212912
0.49507835777575926
0.49174857720003834
0.51452320199241397
0.4712284894168125
0.4990954232587374
0.4994508174557894
0.50813910698588782
0.49613312320198638
0.50366314792395439
0.48763546006861791
0.4910238897564681
0.49111922473904013
0.48524854109022475
0.51327844503043019
0.36039619325853345
0.26166736244860217
0.49199961987069502
0.49009813364025534
0.46367238322743942
0.51739966675602356
0.51096880832737646
0.47757248767725669
0.52125086356533634
0.48510614260027718
0.47700650672693096
0.44815788628282471
0.49641345019667876
0.49192126085768911
0.51095750478113511
0.48592530369961301
0.51198562169046069
0.44852094718732427
0.50330192137854757
0.46599017595678072
0.48862248740821762
0.47180863179537924
0.51563991522993535
0.49815296739112286
0.47610319817254626
0.52044813387217526
0.52105484186763762
0.52640115455864256
0.50142843154184014
0.50813292459900616
0.49060234101886463
0.5134985530279923
0.26922401535915297
0.34151355149631213
0.50335344030807661
0.49628448474366227
0.50579156885112486
0.49741733812451078
0.51303738637130103
0.49250984380264134
0.50908392531380775
0.51069326516616487
0.50739418056289287
0.47606695961309814
0.48908362729528332
0.51420655657059477
0.52510573100586788
0.49786544805229133
0.4877071402133184
0.52210861496622751
0.52111623395031759
0.50852370346669773
0.51304638032135286
0.50898076752527366
0.47905820613657568
0.49272954870473112
0.47154304191731722
0.50475966406266903
0.5193696493801937
0.50065383789618223
0.52824575153017284
0.51903897225968454
0.49485732236386143
0.47388265102011812
0.34400953177507748
0.28528932007085284
0.48549757785524067
0.47369482603208096
0.4747967692896658
0.50514923731520966
0.50655361495937667
0.50489202790863352
0.48295063688620055
0.52265201550729667
0.48695953695327471
0.50829071617338606
0.50668638695763257
0.50676881169556576
0.4993150146118564
0.51763856697426813
0.50029016546222083
0.47186973575305818
0.49359932250288541
0.50556681533126613
0.49938746356669717
0.5474813830273807
0.47949188286571554
0.54504530501415072
0.5184424298073298
0.51420936208108514
0.52011253062029605
0.50858062864974851
0.4838067257821711
0.51224065750778081
0.49759219629606932
0.50531135616621137
0.30376248033057568
0.31673083675726987
0.49023764386224333
0.481835286985558
0.47129182996271451
0.48975445960689912
0.50160911167492284
0.49023009813112145
0.46674996135275676
0.50109790679679733
0.50037684090199763
0.47421664363806576
0.46064124746127727
0.51762384224439284
0.45961090427323087
0.48360207305828806
0.48982746366572316
0.48277140906382804
0.49638049521131333
0.50890830309132118
0.48155832455661401
0.50940510537903616
0.48681745665482618
0.49329022838822012
0.47145122348517793
0.49775181566070803
0.52350288590131944
0.48048114441272377
0.49792077288767556
0.5068216201431065
0.49067567963543851
0.50240701732749227
0.31043503043098336
0.27443332685689065
0.49609885731554365
0.52605546673339709
0.48743197937542193
0.50754590290521662
0.49269311130961779
0.52540086874933933
0.50329767057427255
0.53801583047005164
0.51349973950834815
0.48564368887734727
0.48945853511923293
0.49281322360723884
0.48473470693326248
0.48194883621296208
0.49261514322055794
0.5075284126610321
0.48001829917251521
0.5137577721563843
0.47796900339061849
0.52232872833415445
0.47630514566999327
0.46586311345997972
0.51572058271386489
0.49285951640348252
0.49509121096737618
0.53090696034844631
0.49920734250913679
0.45645220761288624
0.51752125502166935
0.48738914241987669
0.30938172417749715
0.32863334469725103
0.48294220341516081
0.50249214676605813
0.48833811200748456
0.47905008624826906
0.52969680653227647
0.49275631638895045
0.48745243422332646
0.49650430642096743
0.49491334979909535
0.52309909477323568
0.50142559013092092
0.48872000290142736
0.5119391543413242
0.4993097865834133
0.50523194431412743
0.4966742322440918
0.51271482386465828
0.46431204062271003
0.49563907435455118
0.49858586061930421
0.50325720521002804
0.49346652309555694
0.46486411508928804
0.51771989900286852
0.51620595107201472
0.50472110236820644
0.50880495309874441
0.48772856200415621
0.52129474846991541
0.50603248258270039
0.32461490022069944
0.29416432808225851
0.51108658669996276
0.49475005550920176
0.46926923046715913
0.48276815120763755
0.49845994208525235
0.51200243815559021
0.50065777984648385
0.50569202296174964
0.49896243695570447
0.51246918554373533
0.54029452913723952
0.47928118477443787
0.49294699969723277
0.50809663282914053
0.45776812658891175
0.49773124881640368
0.49074524743192832
0.52767062839620638
0.5019814910272774
0.53786204814137517
0.5127310223019067
0.49066070531882594
0.4994818119701705
0.52613575320779304
0.52686229635513337
0.46902431819483775
0.50370007145015561
0.51774494761048195
0.4715866875302826
0.50677497271888761
0.272220291632157
0.39210680856943997
0.49766374537454394
0.4951030406209625
0.48746062837616927
0.5148816699096217
0.47969799051719825
0.49507466054051757
0.51933200872075092
0.48593314987297798
0.49302592475397417
0.48854360613856879
0.51050830066883668
0.50755700659835479
0.49870103601286175
0.52315691170774836
0.5145976561199137
0.51824552457762685
0.51449611698888731
0.50076282123814631
0.4757430535627129
0.4944099381030444
0.50835397320506093
0.51256761264391137
0.46919288255229619
0.48604075343527348
0.48563327199450501
0.4951187783377109
0.51391302074770373
0.51448435023432393
0.52294168672298458
0.48102478195721565
0.28093135124596275
0.26680070120943461
0.50916909456522552
0.47365472833179201
0.54246174785603007
0.48485057338132903
0.48870153012861733
0.50489102625013238
0.49137734323170679
0.48852717950371183
0.50957825996962591
0.49236364210690503
0.49220638049821447
0.51013158358305066
0.50003613387668489
0.47302327878850275
0.49975475263588126
0.4892294453900522
0.51078275323373745
0.51498207997485357
0.5051771319510916
0.49468478449289377
0.51620739922619696
0.49285124186325086
0.47637016999302506
0.52441591125624698
0.515955223857125
0.48999828706698939
0.50816297576227265
0.51353348847026392
0.49173091704403155
0.49658448947137473
0.26881425451616903
0.28330544708061212
0.50873604798738248
0.50559449159551029
0.52270179033864972
0.50823266776687881
0.48632941198115187
0.52285478165258814
0.48827376322346638
0.520915925825855
0.47282814311551014
0.50272728146000922
0.49002170071626033
0.51737311517193663
0.50412260643541029
0.47847470391675678
0.52274313809055628
0.4738638605963198
0.46445762537472457
0.49308407259724901
0.50644927098204884
0.50740253532324686
0.47768026628885391
0.50839766715237023
0.52120577802196366
0.49009265669383684
0.4998638868215613
0.49523473459656797
0.49452745692949712
0.4966098009680126
0.47794601535516645
0.46826979125596097
0.32819784647304862
0.30426529523312318
0.49009355980234254
0.47632124570874446
0.51786002185712154
0.51596792352095722
0.51597575118282113
0.47619447990056191
0.50460448971975158
0.50042664083191424
0.48136166389673712
0.50935703939486621
0.4582724477369603
0.49985254258121226
0.49839311100908529
0.49058350726310435
0.48695975525515078
0.48837677403818724
0.52519147291600943
0.50483869851552654
0.49515990674890958
0.52672452881248166
0.50123722780370716
0.49228616226692895
0.52623364924332106
0.48343159061911883
0.50153174533273182
0.50797475009789539
0.50807049994676057
0.49054467716587147
0.53392074884259511
0.49035378515324723
0.29802747748864861
0.28813389927204514
0.49653402578107597
0.52719935145309671
0.52671456754656221
0.50543550593953535
0.50468724016538569
0.5167752070157543
0.47597291073462883
0.50464122968333669
0.51888008129521024
0.48413109035565871
0.49908936320135111
0.4708596830229298
0.4850372179867683
0.48525864170727045
0.50153631140355692
0.48750663998371685
0.51489894089148924
0.49754916188114573
0.50891986687634472
0.50641845468822622
0.49812634792509441
0.50970470522126943
0.49146096216484803
0.51710629031823263
0.45626833011662143
0.4903647292677904
0.48769261226979377
0.49154511339769702
0.50708402160418287
0.47834348204342414
0.32787147211565415
0.28947368331344026
0.48155730242990608
0.53628210850864444
0.49537089592412764
0.51952746524040316
0.5128611235061119
0.51433425789692755
0.51794653204571661
0.46638757485848942
0.5312393561426596
0.48176750908217258
0.48838521918254624
0.49760912828929504
0.48029372415092608
0.47721788070701598
0.48660622011507659
0.50570260353707652
0.49572576298140769
0.50293400346172279
0.49973355010939019
0.51884473214230697
0.48956917234158892
0.48430206968358086
0.52803229509329908
0.49355872962422798
0.52236835170414364
0.50486152402710982
0.49416855788387393
0.50536793418321879
0.50017189133453333
0.50275188173998342
0.29087304599865549
0.30701474724708711
0.49357599839382582
0.50849844525037424
0.48819642358915522
0.5209378421607177
0.50543346504646747
0.47177565666698529
0.49881844604210968
0.51595410189872337
0.48141231977882398
0.47779115338747752
0.48624166233532962
0.52950874937168824
0.48990258152807581
0.48331301967635493
0.50919635880866798
0.50920191483151844
0.5321366415563441
0.50175554903528441
0.48530321232897455
0.48815696293566696
0.49644595130792957
0.50110529436641127
0.47654894385175339
0.46725553529642644
0.50346826264807665
0.47740238570940285
0.49133651003097428
0.48623916448295684
0.51006855611328583
0.50818655792663325
0.35047712446347329
0.32201550592943551
0.50803176004791373
0.50881578279298401
0.50752871616165507
0.49699841455428123
0.52493292579616146
0.51782619642580652
0.4889153145288771
0.51597362132195057
0.48762077230964268
0.49298746984652297
0.50698752779716083
0.51484792056691864
0.51646769494796885
0.49552343954842898
0.5021211847304905
0.52035743120556532
0.48491631496577436
0.4884362965117176
0.50160147631322327
0.49220525180547592
0.50026367407286332
0.48725072091579191
0.48686905997862773
0.51458093927804927
0.47275958024382292
0.47854240940866366
0.50559221229301743
0.50190070588245717
0.49255744339516067
0.50299648758753313
0.31263400095067739
0.3347137471185696
0.495677122068169
0.49473267859585768
0.50378429794542612
0.5152347190032126
0.48628671225485953
0.50062612033323173
0.52028853423628107
0.51256258276184263
0.49366946037892057
0.47802984852719127
0.52091932018241549
0.51643441199323281
0.51409943074920184
0.51062266321687133
0.5192226775285731
0.51452196274276429
0.50885219411389671
0.47288200251177737
0.54703253734763591
0.53201181867855374
0.48674125450242411
0.48352632438840881
0.52864919286722667
0.49611398172405213
0.48665319066695378
0.48319080106632117
0.50626301856190581
0.50916812889751917
0.51216474381365162
0.5033614822828254
0.27881222656600896
0.29129350262019948
0.50294224650142372
0.50922692353353705
0.46580077458519681
0.50845091199165249
0.52471315414523922
0.47830193696172596
0.50241028608350047
0.4776974521123627
0.48978136426041863
0.49108336686440884
0.50669783703705029
0.50493464612218231
0.53035249223497216
0.48248143312699315
0.50953931999912361
0.49082699995647422
0.50542858963960424
0.50685353373619146
0.50281997222145369
0.50688618761967952
0.48736759348471032
0.48941365125071667
0.52663345685984619
0.50351119055525595
0.5144115394999782
0.52179118773248656
0.48684197513591071
0.49720292634343527
0.51065050226751074
0.51251012169184429
0.30562411071997853
0.26923153798602123
0.51572667810137574
0.50308682444640429
0.48308426544094962
0.48399036631256814
0.51317154270870413
0.50138022131020021
0.50635779544484549
0.48701536934227962
0.49791706734452029
0.51183829080666199
0.51055792434348546
0.52421435341251899
0.51138024871662902
0.53187339720927895
0.51770015571477779
0.47792101834073297
0.50785168682826265
0.48490738466954797
0.5189829990941861
0.4931906071239936
0.47717275036834234
0.46989561869736379
0.50917402185081684
0.50099602304194568
0.51288173765101908
0.50469592925487927
0.49576337449995173
0.50573707049520455
0.48469427728363018
0.51534665442964722
0.31708066341764635
0.28488723802751709
0.5214951030440651
0.47550964892904107
0.51308901255262207
0.50562736594607827
0.51890455924578172
0.48429721270939674
0.49663134511651458
0.49746028541058884
0.49292622177408685
0.52177564960222511
0.54140768397379679
0.48212289532457336
0.46683835698928111
0.48538241078756311
0.4895507785835479
0.46068501789077054
0.48595930618058197
0.52122476024615949
0.51978185218769046
0.48677438011745755
0.4874611708418029
0.50447273808863791
0.49368988838646127
0.5016056896107115
0.50166023463940379
0.48682129768322968
0.47637658719304238
0.49872764089513272
0.48536303985565732
0.50731024796928426
0.2904993772668848
0.27426465567357827
0.50529084681407177
0.51955226122605436
0.48367384427723764
0.51686877638040196
0.46414885438975434
0.49388978677843642
0.49811106908912256
0.4772849847227279
0.47751635702016682
0.50856895252752077
0.4972423994996949
0.48677939891491101
0.50878449963325134
0.523124617151008
0.51545007589095027
0.50927138536923322
0.50720034458786145
0.47991499174495766
0.52094560366092568
0.5347717255055866
0.51518476482669051
0.50987272737432743
0.46644441046743068
0.52634404822986192
0.4941790373292666
0.50151135643218192
0.51189352856083825
0.51524422199283493
0.52223359687764237
0.50623788406042247
0.29465261058998909
0.2184139144632565
0.29591940288995494
0.31596902103063512
0.30613259284304783
0.35950097714514906
0.34836731218693756
0.30798276078795495
0.33146653843131219
0.29851197733637952
0.33409287708856023
0.272654874126531
0.32149801585114857
0.28872514372805691
0.29794427347791264
0.2869555501281596
0.30823789801316887
0.30781624086145493
0.30901015991600317
0.309082644640231
0.33745448270498574
0.3282795572956394
0.31283807493426846
0.30503208426569262
0.30699203654059287
0.33958369185205095
0.28426377577905187
0.28061223055920476
0.29301839336930596
0.32031230380256198
0.29368547702796483
0.33630201875758936
0.24124481438268189
0.18493523306627405
0.27942715259460638
0.2756477590581366
0.28750695985447677
0.32605456234006336
0.28623385739973528
0.31984715896267329
0.29184604533732167
0.34202614129146358
0.28610736599873116
0.32860424827839174
0.29620537434416633
0.33389710171492776
0.27930926331252248
0.2653887914272442
0.27064166444154664
0.28074840170918769
0.31736448470860928
0.30311016610859609
0.40530713828984871
0.26378722889421274
0.31151066609968109
0.31078672680630559
0.30093206250979687
0.34125873623341013
0.30534162753975996
0.2763596783235453
0.28586727215560814
0.2548637641386185
0.31030168633540961
0.32773366273888704
0.19850735218488069
0.28105136924565643
0.47372802094600108
0.50518468949897866
0.47520484252988904
0.5231917964521432
0.49177025289964266
0.50081822310735546
0.4725217950780129
0.47509670087799921
0.48767157127209826
0.48195047660925378
0.47848483410929876
0.49101229924900686
0.52133642132210445
0.46816072954287263
0.50137948515205877
0.49366264221036371
0.4993885091371168
0.52249173836990725
0.50310247425065413
0.5135536627208156
0.50853490724043948
0.45734622265009434
0.50249048957099418
0.48717131995559654
0.49084777674484675
0.49696309766790209
0.49969563868623096
0.51085224574265609
0.49207160303163922
0.50965621940647188
0.31067236913610219
0.29358979411670572
0.47442790292799064
0.5306605819479554
0.48805356095484065
0.48856424974967883
0.48728766552483671
0.52568569431700451
0.51519109174138522
0.50616207345499542
0.49643731913153766
0.51659228075277319
0.53410923827753143
0.48366226436452836
0.49331469877522394
0.50516678519951075
0.50140214223723523
0.46273518481123255
0.50735054572958049
0.48403667125061167
0.53500335317176584
0.50198133912308096
0.50589441973507099
0.50479644727680184
0.50958377027542312
0.49097234856198479
0.52101971490724697
0.49422220769937109
0.55128872264516104
0.53923328571171114
0.49161569014282486
0.49955835898297279
0.2793020268085929
0.30446330906541724
0.51854265281111944
0.50546024112095356
0.49947292499352763
0.49269909991944522
0.45051994690798447
0.49574453467078672
0.53294659447835746
0.51902199110460168
0.51947904205413054
0.50331491279214957
0.47040186452179694
0.49094541045809215
0.49225365205027427
0.48619213832122637
0.48370732031593328
0.52094200890193731
0.49000313225702014
0.50749950026200619
0.51616035922497583
0.48223318320217218
0.49785644418544445
0.50950707662465267
0.51535703273073785
0.51350710976529623
0.5107029178875433
0.49238863469229871
0.48307251689947023
0.48139080702504938
0.50678410988655964
0.5130052212763212
0.29617095241714997
0.29927659111555766
0.49244085410301586
0.51090226930417793
0.49945368712928295
0.48800839332286838
0.51523975980161618
0.5106560579943209
0.49498358847836382
0.49307510558394457
0.48680019961325177
0.495960817007634
0.50266965532020835
0.47916820407414878
0.47400875966480494
0.51430277126279644
0.50908862112729358
0.52298387291257453
0.49356991283833462
0.49033441283271201
0.50613978553987338
0.50418079565279716
0.50431863964057266
0.50382852647220366
0.51090772636873194
0.50224344967816326
0.48533728223113914
0.50595599017104453
0.4948485045498664
0.49934404137873523
0.50648458840180777
0.49841644507188299
0.32637778578096932
0.27532950368172171
0.4689022692032242
0.49320415298241416
0.50637519101916939
0.48902755119209801
0.48837373676240814
0.51093518407181637
0.50598119651397011
0.50168072903564087
0.50977199559342046
0.47381240612269865
0.49200492691749004
0.47648015918178033
0.48137841464892395
0.50348704246454379
0.49154134412459927
0.50718007346180616
0.50205533706643157
0.4963313665764264
0.48646466716785586
0.49069100587860248
0.51767712940383037
0.5355064705833974
0.48797383806541245
0.5123071856291983
0.47766928136700876
0.46942909514504011
0.48543819860277954
0.47897036878147736
0.50505266764753798
0.51624995377902627
0.27210698715319676
0.32224972442565913
0.48803224937575479
0.48012682184256716
0.52110424792768717
0.50526779929665222
0.51437232173644654
0.49150585706534955
0.47688665351639381
0.50883683671337965
0.48234063102140784
0.48965120375435855
0.49402957730279706
0.48733428365394604
0.48573764430135102
0.51612332547767947
0.51267677284223367
0.5150598753534148
0.50011114586229899
0.50260588225518299
0.4626054257407452
0.48748684057914943
0.49457486053142308
0.53513260243768501
0.50305016530309521
0.49836003269041362
0.49443766556104318
0.49830277559035252
0.51662164865176774
0.50191257982731807
0.49846127875796215
0.48986732387569026
0.29888599853885939
0.25773577592609598
0.52255072366959565
0.49655171737548864
0.51231249405197388
0.49138244495486566
0.5185527242322161
0.48624974686462391
0.48502520441461733
0.46564363143942061
0.513973987276237
0.49752819115617813
0.46582888685101531
0.50669518246568523
0.48377406471041051
0.51721192125619475
0.47701230058811456
0.51018245510312377
0.52893315779544881
0.48617930376388802
0.49549611899471563
0.49376340940944607
0.52944005954301565
0.50555415021519623
0.49697914916458513
0.47568794314098739
0.51592193959566468
0.49908798886104067
0.48200472834858876
0.49614906654037805
0.49543582768210048
0.51993682391139584
0.27651169059658059
0.27743523770700235
0.49755544920018235
0.50869667064489554
0.46987390531898804
0.47287862436355599
0.47005390199957042
0.49115865971217959
0.500757891861212
0.48050616894031561
0.49544825764971484
0.51074250798518395
0.48813773411114725
0.48385127730348343
0.49976239268725059
0.49766615340316012
0.47861295045049951
0.49913053236222965
0.49156519329346327
0.50833300417209459
0.50614021475526838
0.50952973791540357
0.48799397246788884
0.51756612534856483
0.49694907734884042
0.50717160989715337
0.52120698863124237
0.51413073600475467
0.49175162465871541
0.50936486413869186
0.50124899643378573
0.53644123287612622
0.2913092951266566
0.28056631249952918
0.49180217449578612
0.52329440819420336
0.48858662827879179
0.50528740114978488
0.51017136905028604
0.51272023516798126
0.48846298346355738
0.51619155350305257
0.47959036939721311
0.50226498448570067
0.50688532738232772
0.5042664968758882
0.51197321264480955
0.50343759195110638
0.50013143780008718
0.51734912827632895
0.52537517073458229
0.54383929609290038
0.4982541788196953
0.47808160179743131
0.53208886489011387
0.50929495081296139
0.49159321083885038
0.5047460246847072
0.47474734979132616
0.47634020134773658
0.47912768596263422
0.50637644061023512
0.49329264317664906
0.49979249950735338
0.3174954281033287
0.35195949966150825
0.48660513091014312
0.51669583984374134
0.47397616883836174
0.50498234621286597
0.48001538326193194
0.48579132681326886
0.49492005762305341
0.48366841278341682
0.47857857707351437
0.51271788045137667
0.51374875962386624
0.46938097636466553
0.51646426713631555
0.51385333018233381
0.50601615800365296
0.49490010074574092
0.48787324052489478
0.50907756480530053
0.52409435600733434
0.49545534777838068
0.50063646933368788
0.49170862226034673
0.49410682337938877
0.49110706734362602
0.51766057274866339
0.48880100691977674
0.50127105406985151
0.49495375724769075
0.52532382499020247
0.48311327233546714
0.3146028864789806
0.29362302227490894
0.51548615757259431
0.50067398976992161
0.533066920731459
0.51002935012868289
0.49688030072368089
0.48314896758849035
0.50984074258987311
0.53039284393618935
0.54333161861250223
0.50655050487944719
0.50625691769229753
0.50847878221183052
0.49736282200745208
0.49426873467123417
0.51150669445010166
0.49336849271847349
0.52030330739822939
0.48906972060251164
0.51692094192871929
0.50516699212357019
0.49980163765861391
0.49477891178748196
0.5021529208922153
0.49920571942771441
0.49931303411793049
0.50570810921473619
0.49992007322916227
0.46305791039361138
0.51261156093201998
0.51288078537653725
0.2998363492846341
0.28991162771648682
0.49396798511302287
0.49746618831107997
0.50770776567270481
0.52120620589641187
0.47549591398635199
0.50061210430712633
0.50077157304034237
0.45249950318190152
0.48038195888651614
0.47775322814537202
0.49992178653663483
0.49967968551609521
0.50162890197566146
0.48062340049363433
0.50267133872889069
0.5034576538951766
0.50422282658463091
0.4946479448737196
0.48314076728640232
0.49059022192346302
0.50535482809999765
0.51579774969585435
0.4887856393102995
0.48197621142321717
0.51254071753921437
0.51689345936406206
0.51946828586071314
0.50967922273305544
0.49924320271512396
0.47881103428312355
0.301168080877801
0.29251155448040755
0.47422314951396749
0.51679332657631705
0.5008232000313112
0.49233086920771124
0.48177131071911766
0.51258003226540172
0.50405425836082296
0.5190719994669325
0.52174514698568564
0.47547040415046293
0.50292714439306696
0.49781288414105657
0.49458819009424765
0.48638610388881764
0.46683036162916419
0.52097712375237559
0.47224457484197052
0.47236851507065564
0.48975051325162006
0.46562629111523163
0.53741138094752072
0.50793843585738407
0.46984835641625289
0.52007226998941913
0.50014469696798947
0.535648075016119
0.48444369716712204
0.48888151096557642
0.48154593208218388
0.48253388795141849
0.29043139389109529
0.32970242315668147
0.46890871331086659
0.48148395970915481
0.5206376808680282
0.47626595902356772
0.52777307588691913
0.50235918418416348
0.52050269988765818
0.52067661793763675
0.49892863945195476
0.49859082262963367
0.50663127534540986
0.55038885422391592
0.50780569772650075
0.51707163289019342
0.48753103623251953
0.51832011458356075
0.50391401932495417
0.49280075328941447
0.51067408195307706
0.51696587774828684
0.50334818552255367
0.50133706802499511
0.51647138274793092
0.49828935477242348
0.50057353259449822
0.50869777990093445
0.50792289863774009
0.51531413055229547
0.47255218817816924
0.50054524988376559
0.27345162612276819
0.29909123166558682
0.50617586814882498
0.49715072689651385
0.52114577179382271
0.50898155935803668
0.52793160268389072
0.51862411696453137
0.48240286500312074
0.48571740703121385
0.49007173512447239
0.48693426101815973
0.52054415441056079
0.47957740114470371
0.49320277693681214
0.50751819712287272
0.49711329604641646
0.47686626006457505
0.4967660417773202
0.51032870931780439
0.48594672354398072
0.50906948758916981
0.48860982466428654
0.49530346255703145
0.48649530502929655
0.49012403026942958
0.54602057822332806
0.51347247824182307
0.50842520105345501
0.48211951919691221
0.46899083816889642
0.52341014773782479
0.34638081389880143
0.29168232919153081
0.51127147442893295
0.51593267440329615
0.50077004933712133
0.50908263322549863
0.51061843816181884
0.51397710460496526
0.49795845648338549
0.50109336590010911
0.52354163956488509
0.50848988112324978
0.51321599617585423
0.47568826222860039
0.4925150269418323
0.50840743958898504
0.5083749724105846
0.48177668812272406
0.50981449625341491
0.50427495320046567
0.50937121257432494
0.47024755261111961
0.51569762769115035
0.50159869188091533
0.4989265812424391
0.51504498755871075
0.48948850836452096
0.51862137216123938
0.51585409048142516
0.50719358328013719
0.48113703635100352
0.49751437657874586
0.27300143038448871
0.30909854155160105
0.48172067492485598
0.50050826711780017
0.47097522829584948
0.49307228481942028
0.48994131602533103
0.49053538977878491
0.46382942369191899
0.48202489790494246
0.47239724053232596
0.46123658845756915
0.46521724361229772
0.50775279670139828
0.50914677448532153
0.50612492476895465
0.48594798968117864
0.50012954806010423
0.50454117075845528
0.52327169315713995
0.50790668469580913
0.50625245385283213
0.48820542704865177
0.52909699208313665
0.48202423438288788
0.51921986965797573
0.52000149036860177
0.5214241055732266
0.50027528461865378
0.48745337516314158
0.50802038813612049
0.5104281150687181
0.30239055479264754
0.2880213047406297
0.48802991169473831
0.49985943024109386
0.5302121966852833
0.51016867863915982
0.49374782725429034
0.50215798483039376
0.51020371579207247
0.52867558559207062
0.53192473589547906
0.48259440296595268
0.54744437063716989
0.51599808062110375
0.48774974794862758
0.49828230013688712
0.52630877843363943
0.4956388470896711
0.50098203734856483
0.49199681876361401
0.50426396560062292
0.49077837086956155
0.51055294767504389
0.52677123459961028
0.49099700049134881
0.50206381856539728
0.53526155665811159
0.52187887506351871
0.5153824404938615
0.49618093834960941
0.49970242896498324
0.51201266487645158
0.34765805496896734
0.32138541620857675
0.47950238720074273
0.47067830201718963
0.4490791727059027
0.4994725371588789
0.49316076378121965
0.51220864586608483
0.49675238992901333
0.52796340303744671
0.52401383051513861
0.51606353259039872
0.52319006842801619
0.49790619885070508
0.4949795450688434
0.5107899056023526
0.52328892549247707
0.51616150089961943
0.51077223210875
0.48750420958176904
0.51240641276078702
0.506714203362154
0.52349292262482749
0.51630873407893141
0.4957246122998944
0.50084206584257418
0.49100326634664826
0.49263987252765534
0.51109728853732894
0.50343287413465387
0.50233254697753738
0.50227174858798107
0.30785658638166363
0.29706876955339029
0.48121896858770835
0.49571678239597294
0.48664897193362677
0.49836130713735893
0.51231061038487724
0.49578755837759114
0.49292062650060542
0.48896323646274525
0.48077056795012107
0.44762700427533691
0.52183962712798859
0.48850519924651259
0.5260996757727826
0.50014820041452723
0.50893706612227585
0.53012174388722677
0.49768821925807183
0.48701097918735142
0.50777594839197437
0.52831618792428348
0.52283969951048592
0.48248937840229661
0.51608976269382389
0.46809864563735049
0.52648322088582922
0.47701261929961847
0.49499509210537485
0.50132405619274967
0.51865137242433512
0.47194064976601152
0.29256543511084848
0.28553559359945585
0.49463172426158658
0.4981354589286191
0.48981102433251428
0.49212391360349378
0.50072931388656983
0.48099293004397919
0.49550623734396448
0.50879500192674321
0.50487836554648791
0.50613560371967992
0.48026900050694094
0.48857442965930037
0.49320997076656614
0.52364564008742842
0.49223339554906592
0.50130399960835781
0.51119132814688728
0.51899613876452622
0.51960863745162322
0.47963482668179058
0.48702953820546152
0.48112453249901871
0.46265350170853486
0.47899200461535102
0.50074675420936676
0.48658959903693233
0.51486968020494828
0.49973636534553845
0.50783753300230594
0.50463566657919101
0.2827737423567851
0.27358254600723242
0.4885954203648033
0.51594858801809007
0.50906994620427881
0.49142902390957316
0.53595982590213587
0.50223474880622798
0.52251512151531454
0.49752689454199589
0.49611731610910609
0.4743871198736036
0.48774384936523341
0.5023053135182326
0.47347183320755526
0.4857617866302783
0.49022623120496511
0.52081978566016518
0.53403592560573387
0.43030450772860723
0.49152430041225376
0.50701095318529465
0.50286849913505061
0.49784618555273519
0.50529479175293746
0.50382828190195816
0.47878582017926635
0.49188035558725868
0.52891632409914535
0.48624293018850245
0.46977858311713983
0.5111686011565163
0.3378796422646152
0.31052155384112562
0.50605771012725265
0.52383918750477498
0.51860080937456621
0.51544936718497414
0.51046067051383404
0.50140385660047893
0.49062420986504807
0.48099050258162857
0.47885502437643329
0.51062239816046495
0.49858633395184077
0.50211227411056381
0.49689767465219598
0.50362728010153401
0.52965494464787233
0.51209258794125279
0.52096709897322857
0.49379393071856531
0.48561541880818204
0.48100426900477311
0.49502233588219463
0.48772671490125152
0.50181743029863324
0.48386312292075689
0.52521372106879627
0.51322701016117744
0.52248697459706628
0.52752248411220981
0.54594024360991666
0.50663593748225089
0.30529073820173958
0.31851576117442998
0.50803466372385386
0.52904556835720995
0.476080765761492
0.48053424951878393
0.4834473924999303
0.48199313730037863
0.51458321519859096
0.48419611930929257
0.50465304374587383
0.48894941801006081
0.48733331698507193
0.52772777198064014
0.51417318500045006
0.5217592301071613
0.48623980284616908
0.5404734083940731
0.50356834325093303
0.52399458200637261
0.47273556395662975
0.53053179475992429
0.51651838848073828
0.47330203670006704
0.50261125668800988
0.49993723112288674
0.51432746433411713
0.49018810371910171
0.51994091036286127
0.50851460685234262
0.48592711374837183
0.51505384877042115
0.29151511639252914
0.29322088890465053
0.51203444425042199
0.50332493957386881
0.4804796664032937
0.5079136815994354
0.48053725175143391
0.5195758627426057
0.48957962834277313
0.51648929269937227
0.54226464694342791
0.47550151772293991
0.5077213320161893
0.50790594430063307
0.49070247508348142
0.49677166509380011
0.50805318610957795
0.47094237423722501
0.49423942265747456
0.50894860445000023
0.49376833214446131
0.50179307803572737
0.54094425316965566
0.53378281730419441
0.49181181853502426
0.49591811681575049
0.52826044507712122
0.50493557436974856
0.49625402971032956
0.49269699550641283
0.49312998601040553
0.49177811783643405
0.28877816907171777
0.25722330765172352
0.50916258682123261
0.50455018760166381
0.50028587694677729
0.51591790392935055
0.48743101171914621
0.48695028057135692
0.50132748365937074
0.46670326697586667
0.50791934082463586
0.49357231044449612
0.5054305774340847
0.51733612916973903
0.48168602163337298
0.49124411342736773
0.4988205190036733
0.49603363894950453
0.51234626686546425
0.51763507913488183
0.51156037970880031
0.47262577485741153
0.49023524630470444
0.48812100707174655
0.51653566888002345
0.49187678488430087
0.5227260494442133
0.50935160908554655
0.51687809295164777
0.50126763878925706
0.48774220012380132
0.49952287897131409
0.31223149467388156
0.3139438605502281
0.51468521240398413
0.51214334862216493
0.47366640745070232
0.50963777151862855
0.51929343102398151
0.52013226491849329
0.46596828194552359
0.48811297255382241
0.49376907434608497
0.51524298721887718
0.50568801754493509
0.4866363506758285
0.49773845855154447
0.51097555124730765
0.50756375575812673
0.479313190609927
0.51013012049452733
0.48623109402180648
0.51644216058373449
0.46957775227237369
0.47936856733017641
0.52857389767260565
0.53251230189374377
0.52636054381123709
0.53056216465062389
0.52664208702820103
0.49146521319500053
0.540871580492154
0.47844669358602526
0.5076792236157347
0.31249882218398678
0.27981844320009258
0.48765372168505361
0.50332564862599727
0.49110518534246161
0.48073033768574797
0.49078779497872727
0.50364192706496669
0.507285679577959
0.49808816281151108
0.49008246979192327
0.48894069221719072
0.52940651691577179
0.51010402483223638
0.47375499896919876
0.49569281298258527
0.48795611382722726
0.52087757146070324
0.50151286840204168
0.50454056988975882
0.50812050412859155
0.49505013900000244
0.5104693233921912
0.52177417058536024
0.47467431867783549
0.48778964265118724
0.50439839976394241
0.52639560869716073
0.48355239225186974
0.51019120619531766
0.51117613263438788
0.48472063724212772
0.30670264044674167
0.32784366218319139
0.51438093261120199
0.50201300953785621
0.4960320204602332
0.50401420343472358
0.51797397637781706
0.51038277197702098
0.51108051428086076
0.49283300123282375
0.48070938139651492
0.52232645791401433
0.50781086798208586
0.49253123149147826
0.51780130166455884
0.51049046974689682
0.46868002419274524
0.49941139159480352
0.50137092522942051
0.47747293111121392
0.52096662659589776
0.50800945028904876
0.5015764733457525
0.49082132670825346
0.49450874075599793
0.48780609075318271
0.50948329360770339
0.53444394221119851
0.49570192029113447
0.51168342384777576
0.52771315713779843
0.47561037429424702
0.29879924513030515
0.29227240467047227
0.50728988538128761
0.48860730256143958
0.50549316262430022
0.4997808604929338
0.48718596510736584
0.49409058995952193
0.48652751974980141
0.49058105257669682
0.48973820711751165
0.53485303352597358
0.49126610804689647
0.50611016424728827
0.49430539677561691
0.50605674040037996
0.50848056183348178
0.50857065303705018
0.48852775862786174
0.50662650364509809
0.49735894445179446
0.50062412532063705
0.48083746804418276
0.48072846098413974
0.48444037281720076
0.558126902085883
0.50771563229249761
0.507074412785393
0.49536834168144922
0.51922225950231771
0.53224991468873895
0.49873591439605652
0.35236131236400242
0.18507166579895271
0.31886979527483178
0.31131268251841465
0.44492920802857922
0.34649141873605105
0.32245539521421046
0.32209249565726983
0.26558714440684983
0.2909010658210277
0.31914228877154355
0.28065196177549701
0.28720131556317824
0.31804567752419166
0.32695409397750563
0.28934440537793166
0.31303248906727532
0.28249425867141975
0.30522847244308682
0.32272356508112726
0.31920031244117614
0.30853337093260219
0.41551892654322692
0.32359703938105433
0.28268703651099036
0.28938448646353326
0.34923219757111368
0.27159746847321642
0.31153566244974368
0.28914438905756717
0.29287810856531804
0.33602028506801729
0.23413717836342934
0.18137995347910768
0.28921842947566268
0.33322426401292676
0.25859796605511071
0.34606816375089777
0.30838742878366215
0.32498439982248417
0.31076530003982811
0.32867244587389455
0.32869257439400318
0.32099514958182546
0.3821929844631573
0.26340088931618399
0.29054705117082924
0.31803929649082441
0.2654550018084143
0.25336722705017817
0.27263738004658661
0.31305148770614866
0.273858111453811
0.30271412873738729
0.30708030724450791
0.29975379544497976
0.35297852940594182
0.32444501286533672
0.30787908748667137
0.34509864089655024
0.29720544031907714
0.35167144344620338
0.28350897700165167
0.2845975052652005
0.19148985592705325
0.32532059263006902
0.47894627121600025
0.50047206439885683
0.51065591588079073
0.48579230474545887
0.49837413710638728
0.51511272182937584
0.51086390883531918
0.4914149454536893
0.50596074081763465
0.50110084284927459
0.48942840316097291
0.51703758089801644
0.50227889128204783
0.50359095360019501
0.48087767390888198
0.51439934351541328
0.49000126624359092
0.49746555663361802
0.52462488505088078
0.51511523645954937
0.51338048637542499
0.55094501424616604
0.50427811767531072
0.47905094464264325
0.51759659298636551
0.48099625712627686
0.47988669971666525
0.49986345403763222
0.49427340640059375
0.4905145212418428
0.27192454091511176
0.27126982043379494
0.50670258453775829
0.49740357531751705
0.50518239324588998
0.5226379136721141
0.49553039941690885
0.49448567522545805
0.50343337034561786
0.52129308776360861
0.44222236034700491
0.50307283523733692
0.51569068050718669
0.50125791182870871
0.50322299018568617
0.49934439226079014
0.49686988659448561
0.49886603645492339
0.46671903692247479
0.49983896376786147
0.49687630968545099
0.51119880539614049
0.51341422328891828
0.5179075744269368
0.48588834006478765
0.48385608803120167
0.50376703441716153
0.44939791610618501
0.49279783646616832
0.48133118954527748
0.52094619716219914
0.50803810387540638
0.35005057512147059
0.33560708637754605
0.49780979746179832
0.49330626465678673
0.4785402533054206
0.47695581353336808
0.52840417329238776
0.4881476601223293
0.52134096380196815
0.50353649003721979
0.49292138649227879
0.46927740977738258
0.50578748538360263
0.47725749524649091
0.50745938996607487
0.50276836753093879
0.48214088448761067
0.49450116962286572
0.51615222278679074
0.48894910297947286
0.53040855144115473
0.48838008332296057
0.50663509314875932
0.47587718167030557
0.49520139450023665
0.47726827906903563
0.49608914204973015
0.4991650544604283
0.51752657654640255
0.49699636892918975
0.48018664204009753
0.51065072613107476
0.3133954557403717
0.31410247613527326
0.50048995508480598
0.49237049367260999
0.52199154906091338
0.52377362361207824
0.49857853858522733
0.51581108121427288
0.52026315470463191
0.48543946008635785
0.4831856083569287
0.49314982513853461
0.47757241403375444
0.48418238703944938
0.48815000814016479
0.51076612874464178
0.50996169751687825
0.47136949420830865
0.51310528995421378
0.49630802878758135
0.50808939498265393
0.49527989856773363
0.51211731552670425
0.51360275032246272
0.48226092056647923
0.52462854913077517
0.51150532648880953
0.50151631553593357
0.48614156401919634
0.51900724401070497
0.47305317630010763
0.50857762367905746
0.38002808406291144
0.35498903506450391
0.4940631998213838
0.49746068876279237
0.51207101709282898
0.51042331843009103
0.51113543398282213
0.52033388473080389
0.51067963951918349
0.47829646021609823
0.50814787762653113
0.51830044355724725
0.47894979829028994
0.51531048009314273
0.52993623179424398
0.465266494704139
0.49861599112688448
0.50024561262681078
0.49805098386017815
0.50328592948387285
0.50534079253126241
0.50829772735337475
0.52840749366143114
0.50999935620546788
0.47243025570364228
0.47699690008949658
0.48447099702096874
0.46049413479913748
0.51047039074327538
0.50478014890728651
0.50802747111841395
0.47443155681069493
0.30213647604441052
0.29204012823658398
0.52249498487726698
0.4879794356267308
0.48913297748260109
0.50485408930674913
0.51540030744242404
0.49846453359584247
0.51678512305823843
0.5143662183150246
0.50544444231742713
0.52888720471517747
0.47766295384628393
0.47394553202783024
0.48873344015393366
0.48111195626018644
0.50820003336249708
0.52860395854664322
0.49677025393817009
0.49331167435835727
0.4991344107506665
0.48188300103183451
0.48311587854647164
0.51653513898564574
0.51953204465011604
0.51670848770432598
0.49385548584999767
0.47973372368719774
0.48267979520864823
0.48846662419062498
0.50125626934017098
0.51518826788271932
0.35475041211095726
0.29963248418496219
0.5275044735490072
0.48283233069926984
0.51101470028246987
0.48362461249639377
0.50598290194122275
0.49793456766549282
0.52313030784685233
0.52344349272685498
0.47725782835496955
0.48902409379868089
0.50859026272969599
0.49607691812520432
0.51069543037978105
0.48533789753822471
0.50909813480891197
0.47782842679943965
0.47507916500085928
0.45609153814477038
0.52563304263383293
0.51163163531379585
0.5184052289416945
0.49883598241260657
0.47102775889774945
0.51802479227913945
0.50407541387734134
0.48752976079405075
0.48987526246670537
0.50595367462348395
0.49137170862003821
0.53127070448904767
0.32432803190243192
0.33251187100118823
0.53015974963331869
0.50568860908822411
0.51870814002329058
0.53046460527020523
0.5127668228585861
0.49399020911938768
0.51117851661828573
0.46409417722533736
0.50205006651643702
0.51000607454342584
0.48765281147572542
0.51118647083544411
0.49889259790441576
0.49885348323421358
0.50612993253212757
0.5172768087514793
0.51305297521652315
0.52423471157501333
0.52969228053095185
0.49682122176467891
0.50907397436263291
0.48237048042394098
0.48105568523388509
0.52492564111846207
0.51793661251342349
0.51279668185321692
0.47848890275853645
0.50475176143511902
0.47947133525104102
0.51531694605482581
0.29162252244571446
0.28921624431162646
0.47505579868100023
0.51130366413509065
0.52567515660791231
0.49265030094605489
0.47124857577106993
0.51761965494886675
0.46544479223508389
0.48962182048007108
0.50727273554728269
0.46562727271980675
0.5115132129650285
0.47654266523070471
0.53560599263604713
0.49592538786970142
0.54112385750987524
0.49350854155093199
0.51031052418534373
0.48961551152454119
0.47502457486047805
0.48326728105698236
0.47812229241705245
0.50174037511212466
0.5485465017061365
0.48493345377736191
0.48750591681312877
0.48123226318941464
0.48721245454292478
0.49364520283588709
0.52465864498871428
0.48049526159016648
0.34506583123472695
0.31568899669487477
0.50177254072429378
0.49005021309827335
0.51820602703990193
0.49518062099700921
0.49384649428121846
0.47741815932812515
0.50513038121595466
0.49624683937364344
0.50292950142176551
0.48738170384032736
0.52078687731939521
0.50337386527591954
0.48947245697891695
0.49755035972458617
0.50221573106578532
0.50281864546220845
0.50281700952674724
0.49457438755082828
0.52009733485907961
0.51556251892811822
0.49154341483387892
0.4903159409391879
0.50141617265280602
0.51718773070744706
0.50549384002824316
0.46152325614574768
0.50607931269435347
0.50157470485546873
0.49610705752341372
0.48347766947296933
0.32297665911682477
0.28930216298815081
0.50686737519902958
0.50899919783529834
0.5277871298532999
0.50908069972703029
0.51298299418830706
0.47933527514198065
0.50258321506941273
0.47267295379383434
0.50582282685704916
0.48756293748546259
0.50731538363437023
0.50749696795460564
0.48478107510104373
0.50491361569789628
0.51558664212300531
0.49295338161899127
0.51301660594354859
0.47739553461206191
0.47861158692712302
0.49681307161301963
0.55419075655615568
0.4994873363561832
0.50681486699438316
0.50140664319557959
0.49220635019536918
0.48862442084478047
0.48658957789925766
0.50352594452054478
0.48281543705375224
0.52136767128706318
0.32324934871178818
0.30853679249033267
0.49931440138143085
0.4553432363581037
0.49110909313692763
0.46254789707815575
0.49965514704928615
0.47002733887451897
0.50945285662277706
0.47224232455619874
0.49470940727591611
0.49508097417513747
0.51042008790701099
0.53081400985069349
0.50525774687156566
0.51013177271499244
0.4668178479681751
0.49007756515890849
0.46948589634575427
0.4981728314406807
0.4841053442282286
0.51915106428892022
0.4988908161508096
0.50910091953068415
0.49835224601649508
0.5091285680313502
0.4895751315415508
0.50750408851857121
0.51265388225610242
0.47054649727231029
0.4844196988384234
0.53887737141694936
0.27341197256155608
0.29214150696706748
0.47936022936253542
0.52320694750891816
0.46753593703537594
0.50979607424178741
0.49514340113318739
0.5181550654069762
0.50278622780852322
0.48020147332771046
0.51537850797105955
0.50898022935511711
0.49190174714346757
0.49420037767136021
0.50832723944250913
0.47309029032670247
0.49016593377209255
0.50808393512167549
0.49785063207400754
0.48461290796829293
0.5084101801442773
0.51032113168545845
0.49928585867522324
0.50490549158110787
0.50232677968051231
0.49964047976915738
0.49558218748675775
0.50676951116161351
0.48725265732715861
0.46915915545534986
0.49281205930256478
0.49403081617518935
0.29330239959927662
0.29960531865863638
0.51300671506629347
0.48359202456765271
0.49025491220297523
0.4954369123751961
0.50384866096225123
0.51965735924532019
0.50547054441908879
0.52809263479751356
0.50231057574946236
0.51818622557401528
0.5112908828377154
0.48752085221122726
0.49147690633078894
0.49975519898198884
0.50759014597073149
0.50707462528759628
0.47445429982634757
0.48827555278213625
0.46915689081233086
0.48591476215638046
0.53434780414867933
0.47705149574305833
0.50913331016367003
0.49394086081961697
0.50828974539354899
0.51967690042547254
0.49513631059695123
0.52788898296569553
0.51113781075420095
0.51206295123352497
0.34480774662252844
0.29404274701101707
0.50970673200235972
0.5011118780043039
0.52811771219053649
0.50378405680334626
0.50541074417946275
0.49220563126503852
0.48541312220180322
0.49821282094332736
0.49500727706690106
0.50143450833701286
0.49753122021734131
0.44473923751880323
0.48217116087690048
0.50218058271981103
0.47486992195648081
0.49823376577153339
0.48554137478119325
0.522199882859401
0.50104300027801885
0.51576568292171576
0.50864372526490964
0.4765883156411086
0.51598501801382801
0.50874887439577732
0.51551286571644939
0.49846782168647091
0.48635139315911746
0.47707003646863322
0.49594795085151017
0.50749821088160141
0.29107619388223804
0.32006074554462188
0.49123312278369169
0.50835752730837291
0.50954197535861223
0.5171234304785145
0.49690520111571729
0.4795182239441983
0.45435692786979082
0.51633177054213208
0.48857703763234389
0.48221559491348759
0.5045231341672638
0.50388761595855514
0.49239705270296802
0.50280839607173899
0.49090165068866876
0.47948905578321738
0.53649520809011608
0.52413312489026476
0.49132527575211477
0.47111690643468773
0.50730956756350065
0.48195178252529114
0.46934253468339932
0.4419429713384489
0.48825005671500904
0.48409167400066133
0.49908096172846073
0.48249588004837646
0.49792419679335032
0.47987257560841801
0.36395174555500781
0.29059947721880464
0.4883770948334733
0.48806887574559954
0.50550396377596141
0.48297302123307617
0.4977708974748119
0.50820170320854885
0.50927721045028562
0.49714487577441796
0.49873843157370285
0.54762463274186357
0.5057330888703141
0.49213956518712954
0.49973336502935967
0.51520010840825048
0.49050700229368188
0.48316319744088027
0.49685008808289322
0.48779691782016954
0.52589118525251755
0.50681682422516572
0.49708615014632229
0.52557211940263437
0.4678067024413245
0.45451734048465514
0.4997129864037958
0.50046683551670068
0.48997782819329239
0.48137406450081549
0.49778327303078918
0.49208889640362286
0.29138289545974927
0.27788792377248278
0.50869069219597252
0.53991975713107632
0.49084844596263921
0.48290853663172273
0.48798485435575228
0.51032818596702489
0.50952537446892698
0.52757989766231583
0.49259746065886162
0.48472179097905788
0.50198829358417207
0.48864419595906072
0.51883401487723912
0.47438612825096232
0.50137250231125208
0.52343340937549065
0.49499224682353093
0.51903298483466853
0.52911456656789191
0.48593733759461144
0.46744249483937472
0.49681101479901268
0.52435316085535633
0.49060320477734248
0.51454651976560895
0.51612554870936811
0.5023546094872291
0.4842692335135621
0.51808917299502244
0.46394621598692171
0.29821073829767192
0.2505987959132937
0.48721316704285578
0.52199844812366913
0.4919262219204375
0.50462526566249533
0.51862283713630908
0.51577869967544798
0.51027228493245247
0.51189612905013959
0.49832866631874512
0.53303786257434937
0.49521034593408214
0.49766978109017812
0.53363524725747746
0.4778817785555875
0.49250238620889836
0.51773643830302885
0.48706154685146369
0.49968348170169652
0.48605463269642696
0.48932781041522411
0.48401579600931999
0.52374923687782904
0.53429845310657087
0.5166362275851073
0.48306641183054466
0.49060240639783465
0.46417432489402294
0.51705810276383313
0.48334076746014315
0.47765060435554307
0.25128849522276009
0.33719668338335812
0.52160882498351502
0.51000221678412561
0.50854041269905881
0.49350156656567407
0.48327768854034114
0.51583938358409498
0.53727861230601948
0.49660542821142645
0.50869355269439376
0.50424240546961685
0.46658600150511625
0.49040396269500824
0.50324278370762454
0.5085303199324499
0.51563975284728203
0.47979130109970397
0.49603636657820749
0.48541171761165774
0.51156487008973606
0.49668516321790124
0.50051396227700273
0.4750142223907215
0.5203440151460107
0.48509174001912442
0.5211883185156948
0.48344657475838304
0.49275794306152854
0.54855688560883353
0.4917802382396676
0.50544536330930812
0.30923298541441741
0.30041596522208192
0.51653877022009709
0.51508367209267558
0.51179495220364146
0.50948771086266198
0.49785428141006055
0.49744244536227405
0.51754268617675803
0.52003688827666605
0.52380431439650732
0.52171127347494151
0.5228571162873088
0.48092153145945282
0.48460721621267228
0.50525660832991059
0.48250965970361237
0.50600853144520574
0.4960499837122585
0.52445916167283713
0.48017047783151506
0.47539695336093057
0.52127846029478109
0.48155498442052902
0.48754468190613587
0.51635915383307307
0.49423050928928869
0.50663844885695175
0.46053038226269249
0.51772817348599653
0.50271637471026787
0.52069606273235436
0.32405266456551773
0.28343878835746494
0.52061150488015107
0.51455001837732928
0.4874166357246596
0.50683152467255088
0.49517000625363478
0.46932772781143145
0.50582512248821176
0.52361226577356068
0.52224918355929217
0.48999657080841297
0.51376647401324238
0.47747992555524366
0.53476140715268006
0.5052201462663295
0.49227162657469115
0.51905364128548703
0.50529996972312918
0.51872520593693283
0.45271039160646542
0.51312562720683308
0.50279226715576519
0.47987193910772452
0.51954318874192429
0.5073709471048865
0.52957294003723787
0.49987626362350729
0.47471396665121363
0.50159682721453669
0.50572493522430484
0.52367982302367178
0.24928531233674384
0.27315930150000933
0.52387254357304125
0.51206922049534442
0.50395466130504218
0.50569592692207854
0.48032167950802879
0.51308552582793043
0.4905764406238185
0.49227971651778357
0.48902989669283964
0.49723055996844007
0.47891946975026328
0.50281890728300616
0.51384037903638036
0.49514783139197244
0.52334069073087675
0.49997307220507015
0.4907073591047425
0.54072652357359641
0.49576133463103822
0.4914683477700082
0.47032581544432428
0.52341403681100407
0.52492135298953746
0.51921816214812577
0.49453421412806553
0.51421805969206558
0.48432700431240222
0.51650187203082876
0.48034978688650615
0.51867822397832708
0.28279736935414829
0.27196235336810798
0.51473282670770892
0.51703851327878192
0.48747301444014096
0.51074763684633417
0.46279402708285078
0.51607649080730289
0.51202462462152443
0.51129500922614568
0.49599726626140528
0.4861612800942397
0.51766791352196673
0.50473343545470983
0.51383650542349768
0.52647086272785293
0.50674640331012755
0.48959335063635073
0.56694153382893508
0.45369285195550751
0.51403285898195761
0.51068708766890203
0.51857066480974301
0.51284848686675522
0.5050978902390002
0.48193912656808019
0.53528335332940413
0.4820612688275891
0.47946159373406799
0.52281999382002731
0.50682506226102153
0.52872454715756423
0.29084672567073894
0.27255598415483223
0.49640953442618291
0.48956214374329027
0.48614584648759002
0.50714535104981329
0.53482418723747083
0.50712133018375416
0.50753189217906192
0.5426065722561404
0.5112498252570824
0.48358236020970746
0.50615207684180075
0.51079026307506292
0.47885063559672081
0.46045619133861704
0.52737852750318215
0.50657080819805056
0.50264879836607357
0.47658444651809145
0.51152309730175827
0.48379503446920019
0.52896511350564868
0.47965787845486985
0.48003307461532879
0.51169125662756398
0.54142341438196395
0.47372911578677446
0.49026560979939626
0.46511444609271063
0.50496009768557881
0.49263147191695217
0.30249550758903043
0.30016340454057511
0.51179175578836511
0.50012457572436009
0.49390007258045826
0.50298441331469912
0.48100061241309566
0.50559826806746988
0.49169989763625899
0.49967667752016348
0.51863851013972151
0.47988697364055699
0.51188272241389676
0.48737448190326293
0.52253784944975257
0.50679910753988611
0.51818829442520054
0.50024831746617637
0.48184390099274432
0.48072714220473195
0.52370860635042815
0.50217254941392342
0.51225274122765863
0.49272472149786123
0.53477441453369357
0.48535168963676451
0.51179226548317303
0.52125398280771429
0.49460120522308332
0.51942358494418039
0.50561711181800051
0.50481587223840496
0.30721925552477647
0.28476742400621841
0.52428122652154008
0.50771270058884432
0.50200277074224398
0.49448146775585278
0.48287105797206503
0.50229570818232705
0.49624461905120559
0.4894138887551428
0.47438291306142849
0.51022433901481468
0.49590438785522689
0.5274749435777083
0.49237541107176197
0.50304455715319907
0.55006466278140709
0.51473320187981542
0.51055102732569368
0.5103412901078318
0.51917275509313809
0.5076659755936499
0.53397456051182446
0.50178984694315498
0.48945742172822942
0.47070456029259156
0.50557903398057291
0.50433592494718327
0.50364230070344451
0.49441710920636367
0.49765362004300173
0.50580086932435819
0.31816885343260853
0.30381427709823611
0.48552496938994189
0.51545347937557351
0.47100035423539349
0.51937432993807009
0.47092144998619917
0.52808662014758323
0.47360692848233055
0.4743210471112379
0.49445115744314178
0.50329876857030409
0.47995315464888061
0.49288189803244681
0.48717522408957975
0.47504602088352799
0.50428647665805404
0.45615627665088943
0.50182788131198863
0.51500815897719165
0.48875220588029755
0.53308354984161366
0.53720871688168848
0.5231663696079295
0.50305664425549801
0.51428620926203561
0.51424601802768022
0.5205107109312288
0.51128782141909324
0.51858122168921628
0.49584895600749052
0.51430231150831829
0.28903379178941796
0.37177341591854968
0.55543823463892117
0.48772683545376416
0.48720326282624532
0.51546739582864498
0.49793355232654812
0.47379719745824417
0.50011435349093525
0.48802726649582551
0.48679474414791685
0.50063742273435508
0.50126471948501317
0.46886958706100035
0.4880560488809248
0.51519286120023799
0.50488856521991277
0.48097362836873614
0.48266620831421009
0.51782805896061312
0.52147723592793682
0.49271778479851902
0.51862052097192823
0.50412697522167516
0.50946887971694876
0.47725894792360768
0.48913114313081707
0.49631911275284429
0.53561276944246095
0.52391023782445956
0.48805664548879563
0.49106049355488496
0.2934005818935026
0.32194773666063209
0.4951384467386436
0.50667880187008707
0.50268373320256909
0.5275142037953463
0.48947435205865403
0.49960422753777894
0.52265814830953261
0.49535725945333203
0.48289522373919225
0.50882342608961639
0.49063744084690131
0.52579767501373753
0.51187058551402298
0.51226008445672777
0.51459009538359302
0.48827922314189115
0.52845341832689474
0.51360493612564961
0.53199736816574728
0.47975002176441883
0.47926680424598417
0.49057059885684745
0.52348179669697203
0.50114184069529666
0.51071114819751307
0.48511579857270087
0.50511803480152651
0.50688817822737453
0.48907266562074581
0.46037098021698308
0.347275811868902
0.17555565585178995
0.28850470094668068
0.34021067691111934
0.29741450563725708
0.28280545603166912
0.29612434940076582
0.2904834584059845
0.30451457201941412
0.32655478465073429
0.33155785621544587
0.35796103466291007
0.33305129026868818
0.28334302385631255
0.30871819817395518
0.30729361157437407
0.27916556410776283
0.27132779229523502
0.37428022060427335
0.29816514196605987
0.29414205994293979
0.29087682380862168
0.28201346275263606
0.35811739286432642
0.27984729082716203
0.30186032843869476
0.34753990488572351
0.3072998020726897
0.29657627310159362
0.28199973672109879
0.28330184488087107
0.28928451468418537
0.21436331961639996
0.16944644547824436
0.3016381169194336
0.28645979451457593
0.30029433098321723
0.30340344486981818
0.3024615850998289
0.36370124914253404
0.31912365317141655
0.33897783348336141
0.29244880832399622
0.28627879827532338
0.29112648197046143
0.2710814422345682
0.35862574492150129
0.2694398127023761
0.32317768330210989
0.28873789601340716
0.30669730131032624
0.3281757493235824
0.33987803877273975
0.29812791174011555
0.30768512163681827
0.32455411202896717
0.33914533451349088
0.3190054005785416
0.34364843151470503
0.26959356142448559
0.3401477372850093
0.33790885718525465
0.34754436880694961
0.30296218520441365
0.17301849278804723
0.31971915035099541
0.46904656877234846
0.48666691590807276
0.51377323196561386
0.49833146398336492
0.50435025129784639
0.53396130767982175
0.48345178594099275
0.5036225778568435
0.49463261259682778
0.49235103273635722
0.50834096683313801
0.49583227986104789
0.49191902204517718
0.49222985691976495
0.49589854485381157
0.50926002652598812
0.50247179333701097
0.50242368583948505
0.52173009914966795
0.49083161858327112
0.47771741902073678
0.50757790020349314
0.53222502781812475
0.48681636278590557
0.4998393238270612
0.51113011581853074
0.47069271263519952
0.480074830616809
0.5332440279414179
0.48702758917356193
0.32889372395256972
0.31346448769878799
0.50239687298346203
0.49452803628592346
0.51611012635390585
0.50474165307823859
0.49197091491789047
0.51831281531044204
0.52586050609130353
0.49998144077342793
0.48631798736935045
0.50109510438206162
0.52695947762428452
0.48688908784676505
0.47646249854636041
0.48275433205159413
0.51046661780569436
0.51238089829545208
0.51004117321743248
0.50470018814519024
0.50934583959862756
0.50484257746025685
0.52138098641566
0.49380358553640302
0.4934171741102607
0.48729630345931801
0.51542795715288425
0.49912551425494472
0.50628627355062894
0.5062594977111935
0.51654209861047107
0.50554539480852789
0.29335160527333909
0.29980302826486493
0.50686138766428956
0.51023388052079321
0.51680807067641055
0.47519273950628554
0.49137834496827526
0.52080905746150197
0.4796995610991292
0.50581000587365421
0.48554710866054218
0.4755609134751258
0.51286451211096051
0.51005263973296622
0.50539657140676109
0.49254020909477353
0.48276179741864483
0.50042826824675524
0.49503561562672244
0.48488661744167855
0.54669031632616372
0.52614409837405918
0.49074069101700785
0.47160962833332698
0.50200698231755536
0.48671427222576291
0.52307984254727113
0.50022253055747723
0.52131177542214668
0.49632476507332246
0.50175941637141641
0.50313584071637973
0.28282873406066256
0.31919997881127754
0.50602342127980293
0.48876314147980965
0.49619140033217396
0.49631359024198923
0.51545182903585107
0.50692682693168734
0.49572873591712918
0.49748558880879995
0.50703684176922248
0.47892529013177709
0.47339337891996724
0.49088434501050632
0.49968414138807904
0.4851865305292164
0.50305841772983295
0.48900320057295366
0.5161898026215056
0.48187203564882802
0.51365109387228147
0.50563246445810672
0.51163121082331642
0.48008217532093278
0.52797876266108468
0.48968622163351888
0.47740063948171207
0.50891355824079687
0.48391118311392184
0.53191658959916421
0.50080001014590902
0.50437643549265532
0.30009417365388152
0.281054924340571
0.4859361394655094
0.53675524740904335
0.49547773608150214
0.49587103245029263
0.49989905726647155
0.51798214749872995
0.48745070114018152
0.51645774934373845
0.51796838056785499
0.49569943178159614
0.48473416038248412
0.49353661628245304
0.51804881106691758
0.51930513711319337
0.46866847858861443
0.48599399240020286
0.51166316231432096
0.5074806627993611
0.50360999883232149
0.47878574481710184
0.54158483462292994
0.52896902289379477
0.4975607075177767
0.51103301256658007
0.47047809633768989
0.50183553129304703
0.51648966402406971
0.514141517504622
0.47536300317866736
0.50095288759719558
0.32635454391027646
0.31780983757473008
0.50185117527852952
0.50526633225052686
0.52487582027049562
0.4694316659070018
0.50662266215359597
0.50939118163803365
0.4913947939957487
0.48498685244949091
0.51230552225205805
0.49411413505065716
0.48825666175797494
0.50434115372423438
0.52136039511266463
0.50971125980939935
0.49801634128208078
0.4976649657176544
0.51564901998535129
0.48220154376565888
0.49212210625345976
0.50324265032589865
0.4759535713828526
0.49379677978234354
0.49337906876896592
0.49571016630063958
0.47475290170682005
0.48851503901910598
0.51154077765149364
0.48827919648826074
0.48741646744835276
0.49159405758187974
0.2612392964146989
0.26291412055859631
0.49508216079246042
0.50964404026917975
0.52448418576971234
0.49087173622568681
0.4905429009141356
0.49924920490598756
0.50055500857855606
0.50103803689344362
0.45992596058920393
0.47980968437698002
0.50626576083647445
0.51505186484818211
0.51392943165966432
0.49416639136402851
0.51974873287308343
0.48748430996412978
0.47940279240033951
0.49420529179081285
0.50277063106576436
0.50311590944690765
0.49999913815244595
0.51726399982665017
0.49672673032452014
0.52361354946939143
0.48897619507487489
0.50091343615113093
0.49285008204354858
0.49366643343823929
0.47338830545441696
0.50068616831345003
0.28427335327287651
0.28616258860645033
0.51995158777743877
0.49029789525114531
0.48253415841989516
0.50469922834055403
0.51187451408400997
0.47845003577878903
0.50610239483624431
0.4764554239476157
0.47248874551820103
0.4714661866828237
0.46387557393141193
0.47341938610765399
0.48863228652741836
0.51601853624990324
0.50939161004292932
0.51055868742626942
0.52434997087375368
0.53679422051838765
0.50162134359230159
0.48459373673408951
0.50541249019156576
0.48247114552783971
0.50261863989386424
0.5020646065932276
0.48447404587153792
0.53541217718943879
0.49355916443219633
0.52671982138776174
0.49342237664178334
0.50489770010007273
0.33590953113982908
0.29365190417400189
0.50044085895141777
0.48531114598333686
0.50410302691090181
0.4888332408242938
0.50767902736366288
0.4802578963846485
0.49262353979677798
0.51195107417306662
0.51224479043486404
0.51555661967784816
0.50677653198598904
0.50192573698032694
0.50351512461709291
0.52099584769232621
0.50214757735657412
0.47581654366505111
0.50273885044851163
0.48010710340541624
0.49561128918491215
0.47602824261663645
0.53024331020444715
0.46448069898233679
0.47900005431254838
0.48770506922031803
0.48957323910969125
0.52034057061958128
0.49911890646956075
0.50872208066078928
0.50827542693564576
0.52107804134501012
0.32535238799186067
0.30292711656967047
0.48916448886264829
0.47840818591101764
0.4952068331896044
0.49681170505330485
0.48313517401170003
0.50836196404666978
0.51761503822530974
0.50208859662970684
0.51263280845186765
0.47803831437403288
0.50973273716266854
0.52009525317204364
0.49215361880046443
0.51311430923799373
0.51583629942591802
0.54830740184075999
0.52390855141321291
0.50787877251899494
0.49195741653462643
0.51884826460576428
0.52760031995787815
0.51132489940187831
0.53137388791393014
0.51348442873077227
0.4862396801843234
0.5122423170200836
0.48474639172957318
0.4614475966728307
0.47124273776962028
0.53805089031280495
0.32335521661485267
0.29748175056124204
0.51876535891069231
0.5109736906281841
0.55010113420527917
0.51060631964297609
0.51631044798898629
0.48274884109317967
0.50409670141046437
0.49836614166279281
0.47597682341691983
0.48927004684842063
0.4898413189907872
0.49071408896701429
0.48837162847913695
0.50332726862362764
0.49770877604561886
0.50151231019737841
0.47519960764522984
0.48273810048122717
0.45780463227219015
0.50874213736111584
0.45335632739938275
0.47956877835358686
0.47688795594412947
0.49438668326786389
0.50776816860603124
0.50727190630284769
0.5013085857652575
0.47416716076940363
0.50934545376496443
0.48204722970494168
0.2782158833828608
0.30580169402657825
0.51997276082124155
0.46186941301324813
0.49466294252773779
0.52964331715683788
0.49742834928814683
0.45865612104082637
0.50492341574179556
0.50112374435530749
0.50497172106722021
0.50682503730269879
0.52840861060769917
0.48842281566283341
0.52609655034180847
0.51505500609468213
0.50076859711768806
0.4774766557469356
0.49924288326793087
0.50192295261999265
0.52156220126211716
0.52336615840278788
0.5003150830378329
0.48890807584457385
0.49154497969429645
0.5115048791964063
0.49622800525484778
0.51396658462155986
0.50158489374116977
0.51488195530102165
0.48549326278665045
0.50451367042261763
0.30876906599084164
0.28800647865980239
0.48450659355672016
0.50125906684411703
0.52086602600214238
0.5152229923089725
0.49375201175277328
0.55241647633380431
0.49734727261619621
0.49691244082386815
0.51532823730365451
0.47594155749949291
0.52503912980037992
0.47613110063491243
0.49273616931728775
0.5058910983327527
0.46778935411519973
0.50907390729493784
0.4860490239295247
0.487284382853239
0.50661808852002443
0.52896109274196967
0.50526878471187631
0.50343633283544287
0.52079217485561646
0.52796886884298366
0.44719924263882399
0.51376058852634998
0.51530025845787497
0.50783463708203991
0.49180703878833387
0.51450300302052587
0.2837350156662104
0.30588223328060477
0.50611693196886176
0.4939726359477753
0.51377921515616032
0.4766825731216533
0.50858752548035058
0.47428944650291494
0.51114499975931094
0.50033405224509087
0.49606488314103392
0.52280021605049753
0.47210492209510135
0.50827612269096867
0.50172100406747966
0.51556300724027959
0.52729748122752251
0.49039305488275825
0.49251375249019874
0.51731920569834389
0.48017400265778121
0.53239303330118215
0.50422873337329388
0.53157498976570683
0.52144483633207039
0.48744764012558012
0.51061171817903328
0.50520771421248334
0.50996029710350377
0.48534217186319839
0.5028664769779142
0.51512781766931792
0.30111920101555317
0.32899320056275477
0.51984574564983965
0.49699741228555422
0.52342999402645585
0.48842788975402035
0.5029818544289838
0.50002639814800753
0.50905801153628505
0.51912514875217974
0.47697602512736476
0.48965049339982797
0.4880142840047888
0.48968901610424725
0.52767439364298163
0.49609071743767708
0.51752811445723146
0.51041227750002516
0.51210337939118633
0.53372332640842213
0.50105378868356942
0.48877862844026265
0.49510513325164246
0.51306863864901764
0.48290793038105989
0.50780542560528952
0.49001449556964377
0.48218428757716159
0.49526528418435289
0.47262371495687372
0.49393077463278962
0.52637172537554433
0.41444522673803391
0.2827233668033397
0.49246810679700553
0.50104184422263776
0.50505737466532175
0.47487547269042418
0.50790505273835063
0.49704645713335538
0.51521896854139371
0.49738508185210661
0.49546914262432001
0.47774875322056465
0.49319080047102759
0.49550225861918895
0.49181782930734097
0.49396874947772201
0.52711476929660772
0.50670007497671143
0.53968577073804747
0.50175705401232351
0.50739095536760959
0.48361976650287902
0.50610283332319805
0.51201417776855584
0.49164606622418933
0.52585322667978662
0.4835111598726658
0.50145832902006826
0.53347538031160702
0.49980526359866095
0.46687454447650872
0.48269190230397674
0.27502084325609638
0.31607520272221662
0.48757885527659833
0.48750970356514189
0.50739701299309814
0.49126580646235124
0.488677364118138
0.52626546073996894
0.5071402887376304
0.49408325893372002
0.49333060481981383
0.50375367668563908
0.51549797877694215
0.51517849880828093
0.49950414770891866
0.53393990807715352
0.50203273030166884
0.5025332296789905
0.50934760878189622
0.4776758950823099
0.50409189935913379
0.47375629561700211
0.49826460578396781
0.48119321593891828
0.52327297653266203
0.48133641860727583
0.50123563861751474
0.47483699627830694
0.50456026742979809
0.51724533717018761
0.48553086159262443
0.48392220779831374
0.31604755962587761
0.27603795289614808
0.48946272989066103
0.48578043478725025
0.49800584342565679
0.49089098603661546
0.49491692688564048
0.49326915299882207
0.49999815884565912
0.4954000867690273
0.53225016505504497
0.5061602004491097
0.51518252663248743
0.49590987292605765
0.532502380370803
0.5069615925957901
0.51987093516770222
0.50225948890144112
0.49097643522588236
0.50656923023050204
0.46917797694406871
0.4888436702496195
0.48606859925069851
0.51588035347772854
0.48982321660183581
0.49304935774684838
0.49985332741263883
0.50036172183513528
0.49964721078984164
0.54099866976410327
0.49795890912324792
0.46189751690029934
0.36555147019747569
0.28690475912198193
0.51099507887835283
0.52549474692619114
0.50021238247083888
0.51381701080580744
0.48014257035037222
0.51798179982766457
0.51253640596085981
0.4877376105829867
0.51308007271947464
0.51762653021021554
0.48718774503773021
0.51065964907351047
0.4895211519340385
0.51185104701810891
0.48617613395899612
0.47886163404576293
0.50231292161846663
0.51067615326526694
0.49168878887629924
0.5291207241845014
0.48719752540896993
0.49661471144440522
0.48524921782807012
0.50086240857469366
0.48939903929852885
0.4862652221287343
0.51940126722318314
0.49538046041286926
0.49673600769052101
0.51214570628808331
0.31397488290633074
0.30906708426859147
0.51049349454454018
0.4829841252061215
0.49278670291918963
0.52413327114081887
0.46782306140179475
0.51367845632101039
0.51361148301328785
0.51029033423030623
0.51405016734348119
0.50270445895758031
0.47374411138191874
0.5297124140777375
0.47635838457986684
0.49886482142798749
0.49288097041329237
0.48898277373054388
0.49127298214020204
0.51635229966699403
0.49004313048156056
0.50631575370366366
0.51236483654577825
0.53306245568169919
0.4921773434029883
0.49602820036141021
0.48725594634482244
0.51416549944226753
0.5207937081110604
0.50145398006364095
0.5064366439317266
0.52981650174754835
0.29422941304383898
0.29442536622266663
0.49357181648675363
0.49065200298597472
0.48970194563870501
0.52252939029534717
0.48104442318263568
0.49506790370596104
0.47717691221257857
0.52048472076810548
0.47002869987464602
0.51821366074157826
0.50091234287734887
0.4806163087652911
0.51789123836772388
0.52187173421082433
0.48689006527800976
0.50179604966986202
0.49362176135870667
0.49278113277649882
0.47118806311334049
0.47254959616125153
0.48921532840228737
0.47528771154729077
0.49832920779042117
0.50130011678503761
0.47872220149304101
0.47120205053979836
0.47429749793363551
0.5288952243453191
0.51507640942599575
0.50837308039964901
0.30359741976912502
0.28366854918837675
0.50655658567745121
0.49726674247893632
0.4870970267493574
0.51597483533110378
0.5144326933383836
0.47294861838429575
0.50575138875578307
0.52763354192610257
0.49340378733455242
0.48286618635096762
0.45751418145351547
0.50176288901594779
0.49612332604699033
0.49821209983058318
0.49589021630603025
0.47993001476435676
0.50942412951346461
0.50249998275441243
0.51755601660876482
0.49637735913482051
0.47752190213130885
0.49237046244962707
0.49342694029927481
0.52358112858434069
0.51020460520666111
0.51327650953312387
0.5129293416350299
0.51047791987830415
0.49209461139115357
0.49374390908382221
0.38117549825770514
0.31516588280071889
0.48945004697897998
0.49244809025287922
0.52445076671787139
0.50432310863663188
0.51276148721361936
0.48399226578923515
0.52868950906682388
0.50034384159517198
0.49196128627743746
0.5066042940350356
0.51084186563665324
0.49402206387861947
0.48864555991952607
0.49543546307463709
0.51169877382878071
0.49069667041847442
0.50613573574842752
0.49395602275132777
0.47927534135555078
0.49680691552925821
0.49892942620671349
0.51623800891392169
0.51662089232317476
0.48125704824128346
0.48290234051425257
0.50925151888082354
0.48596093980331267
0.5331054096241632
0.50182812052572912
0.46280282389221705
0.30630346072986842
0.2662334862027903
0.50192913552815954
0.48655889225311849
0.49344840115594735
0.49568481248153801
0.5333419325095744
0.49360816515261208
0.51534436435826381
0.48565321053154115
0.50318723581329694
0.51162664204574626
0.50507630746988219
0.50498426883291414
0.4925491557779218
0.52532670862875352
0.51720808800239781
0.52152307552614063
0.46640511981701438
0.5059919561334062
0.54406161385996155
0.48681227705176638
0.47592596139955218
0.51449637686186755
0.47517488485205706
0.49420959516172702
0.47968692501169741
0.46820252978612215
0.51562537775048511
0.49630547032321942
0.51374793261674412
0.51126599539872497
0.30190214744588062
0.30278858872862402
0.51466076666473548
0.51274772927227708
0.4531913308745078
0.46990327022387057
0.51154692372584842
0.51417756199670983
0.4931404910829521
0.47442582111116516
0.47163560151817213
0.48343164296613794
0.52221831642649852
0.51444031078797237
0.50655168051628452
0.52469361686444671
0.50912397865248726
0.48683333135282547
0.47854734502284868
0.5004348708702745
0.47621918108879718
0.49201964791739722
0.53016037758200152
0.48944141087508397
0.49287032100351036
0.52806981859885394
0.51044321959057259
0.49934070828243787
0.48629192635282148
0.51989137907554972
0.50424279407045636
0.51414253796491927
0.37893828055309975
0.29167224419281257
0.47021317907597149
0.46606084347495336
0.49879641471057812
0.49327966153791336
0.51957913720962345
0.50534917588270833
0.49309188296621165
0.47900325420703926
0.50066573911509415
0.5208302175225995
0.47954785357845392
0.48842332200751726
0.50759523938436502
0.54031851738351966
0.50680875793762403
0.46837023029561869
0.49242427321173254
0.49181242766224781
0.49536343781318154
0.49823080644638751
0.48768896035363773
0.49978510342912141
0.49083947379165882
0.47065800944819497
0.52281058153504656
0.50851439378430552
0.49387040011314265
0.50029408467957026
0.50072724757417986
0.51482205201449638
0.29762012904955215
0.29610527145167881
0.52894582017251424
0.50626505997130244
0.52463447795275675
0.52762796835704961
0.52831735787322465
0.50999152166063555
0.49912459387841412
0.53755445249067568
0.47121827680698536
0.51862508622757475
0.47580429345574898
0.50852150095744497
0.49385001200459011
0.47935458013258236
0.50748789858977894
0.45325249455286298
0.52613933455306872
0.51206598830375927
0.49239788002566165
0.47126211289172631
0.51452939305785739
0.48875870175647262
0.49645130239879809
0.50521229610858986
0.50168985405638711
0.51430747589185488
0.50878578106432149
0.49424931570458475
0.50432914006114193
0.50600445180539766
0.35715154080468403
0.33186490691580073
0.49771557714310483
0.508785599548217
0.52866295307141675
0.50858352132492401
0.49465719333206065
0.52082149581045289
0.51981099891715865
0.49439833382786919
0.50208367813174504
0.49446944632722234
0.50902373547551982
0.51135940311885231
0.52471363867853016
0.51832049045496076
0.47521721596493871
0.49098467830064974
0.49642881257204152
0.49089694771224007
0.53144212318560702
0.48825301272692517
0.54168230763931169
0.47263012794252518
0.46511067782870752
0.50938626125816711
0.50411680477752985
0.50012726579744182
0.48462916518168087
0.50356295931490669
0.50086906633247674
0.50492049888170198
0.30437812533203468
0.32419190856841246
0.49495758511104138
0.49885222534801732
0.51059466195583236
0.4754624041470849
0.51289042045088884
0.52167005925991428
0.48903113807232396
0.48340742043669671
0.49299334636294334
0.49353246139143203
0.49643564047656791
0.46082272153748666
0.53201898938684844
0.4850892583418962
0.50312538182268007
0.52780500482403991
0.47742193517567449
0.50984666171682647
0.49916887432886231
0.49653829642162089
0.53708579966838743
0.51721847257390807
0.48732676576474043
0.49625231637354944
0.49307733002993875
0.4631342040246943
0.49884118831878393
0.50578837625854312
0.48461497621947358
0.50391723780529041
0.31495645139457967
0.32409899484802052
0.51303488109613926
0.49409897329099928
0.49647897373100541
0.49796761807418816
0.49073032256176086
0.50030760363173088
0.4733589911916159
0.49317013864741471
0.47128058228858155
0.50032673374480507
0.4759079332033273
0.54493439835913704
0.49614471063816407
0.47155894956940242
0.49389430140973872
0.47600682268332312
0.47415202684984242
0.47048013454063164
0.52211715783043189
0.49457184869895532
0.49638358536436455
0.49089968194323869
0.5048079982408249
0.52051421757460847
0.48223205237219696
0.51010930698217949
0.50956566280054783
0.51153523363739728
0.49244859023380527
0.52049615470700961
0.3195259089450998
0.20682471063635785
0.40274012946756071
0.28992542855254799
0.29996091980652517
0.2644909928510506
0.35926864330851049
0.26716404088170387
0.28510869571245911
0.29760947473110227
0.29680399161656823
0.29463243066440936
0.2687277931479809
0.33794262661765967
0.27103123327175027
0.30766652849953346
0.31053343190756028
0.32747374762154091
0.26952140975275951
0.33155101315182806
0.27833604053534278
0.30951369557897374
0.33115422893838775
0.29540235399483522
0.32745314741865511
0.32919596657413208
0.28097765746941611
0.30159367540455267
0.31532987165050264
0.32325548544014765
0.30993459862906381
0.24858287206248811
0.16224799912054433
0.16735314845842869
0.31887739728480974
0.30367282166722681
0.28653218741624731
0.31759389715959541
0.2728777514279771
0.31042059012071266
0.27516366486604732
0.30446478727509535
0.33415222512175263
0.28980993684641732
0.31797628713866366
0.28627324365253459
0.25940841450729918
0.29523776281823466
0.32274574946051948
0.30089542314732964
0.37326767992336501
0.29856234096057915
0.2745340601340116
0.29012769973300662
0.34609104455995926
0.2763279748619501
0.28714302302340777
0.28603828897181816
0.27610595500490026
0.28344845841858185
0.2974822860738881
0.2535811140523867
0.28994582612172126
0.30245223275332306
0.140227793498126
0.29021095966078297
0.50481919912914897
0.50769909215029774
0.46943829865967618
0.50448785619873493
0.5056246977417822
0.50236292209289712
0.48786584477363815
0.46737512785313368
0.52082579686174457
0.46526762707011121
0.5001771741354899
0.50455775367514655
0.50045480842056889
0.51537592454858228
0.50322920784786129
0.52269868580225487
0.52136859546884085
0.48949240132687388
0.5042216729572041
0.49786719502598337
0.51150919709562359
0.50560341004352527
0.49615839794456956
0.49883463458543092
0.51558890733912321
0.52856857818228475
0.49343756017447715
0.51163351921283484
0.49541539997117406
0.49133485154955048
0.27635228146090335
0.28047186040433852
0.48920450023950568
0.4979200810874958
0.47034056748049624
0.46714706093666136
0.46445636591921541
0.51706058038160652
0.51150429447421741
0.51590925594892123
0.51181249956625552
0.48616540799507385
0.48760317949430365
0.49644171654857649
0.47056086687139242
0.508085791860452
0.48880369355281472
0.49410222771197876
0.49359813987435608
0.49776998546467294
0.49991776277926808
0.49849117046969227
0.54295954160170601
0.51415036482089493
0.49838689947795506
0.49136168534904007
0.50001712107165663
0.49316307319553487
0.45310288894023326
0.48878523815105168
0.51846898949509912
0.49362181901995317
0.30818955082240451
0.31361406511080026
0.51675536676935185
0.51106060532256248
0.49869096649389116
0.46753970501401076
0.4972698950054647
0.4901892669396159
0.54503058749004551
0.51765886095478841
0.50262431078262382
0.49885941199814432
0.48910353704411286
0.52207760035015938
0.46447142598323615
0.5143948891346356
0.46572399853168583
0.53556042827984474
0.54268761695886258
0.51237418006386792
0.49697594147739538
0.50691223467892732
0.50339917083572794
0.49623768474751723
0.49014194883948831
0.53545535100388031
0.48445575565692306
0.48856318516566416
0.48904159190508512
0.52823089486284747
0.47232113233022438
0.51955699206453665
0.26095915696430383
0.3132514870851143
0.46717344306598396
0.47253891063721454
0.50011985459918151
0.52639790755277538
0.48510921973966104
0.49613803646912796
0.46541734780273819
0.5181812025274557
0.50736298995697326
0.50192042741964116
0.53308753785887764
0.48639696761213619
0.49669684044854356
0.49061689513612178
0.51052531693384662
0.45998890932562203
0.49563215638922253
0.45852015017957526
0.50452625001174345
0.53650804159405874
0.50054206580930583
0.53024996613109676
0.49266798866456651
0.50262817030594287
0.51126138666338217
0.51997465652275943
0.50547569365641543
0.4900521874086376
0.49948408958119161
0.52054771701021341
0.29327260793282495
0.30965460077866119
0.50273250645456447
0.49586145487312749
0.50517809685627058
0.50458949403010411
0.49559677708482924
0.50482893393401851
0.51071769040641057
0.49619365050656722
0.51159076490698097
0.49769272045875007
0.47773573022720783
0.50822490848363422
0.48504370119083917
0.48648447207666606
0.49094391292101247
0.52594787843935642
0.5070258208245545
0.48726004502787423
0.51108590479390981
0.5159895332957114
0.48072448483201813
0.50301842025890398
0.49722718558072959
0.51267378123785101
0.48288523780928883
0.52799577257959773
0.51486996124179696
0.52724044708804729
0.49714614811563645
0.47596507527499071
0.28505646980897764
0.3379053247156476
0.46836957134350993
0.47007660449175065
0.48983260770286768
0.4697911448745562
0.48179287009236466
0.51263338490481114
0.51327605937480447
0.48920674716606177
0.5057537613309514
0.51796024696802412
0.50693920331286657
0.48226372759356545
0.48288681764950797
0.49107634074279
0.46305512254450376
0.47915201680439645
0.48781735780283608
0.52924417578802618
0.47306016471584483
0.49756003999875986
0.45381053994656118
0.49758071464482462
0.48624730379515807
0.49411410062139005
0.47476608244199531
0.52131455283905459
0.47409513489705979
0.49349746072203104
0.48390598085444564
0.5390877991434746
0.3080243753069648
0.34797810497333248
0.51786465339641563
0.53423858935823054
0.49926407975629972
0.52043392454714588
0.52873369818909721
0.47997272284036185
0.49702690024071711
0.48469032875344026
0.48517124680229651
0.5111979364198439
0.52855573001375222
0.50348494745464412
0.50980653116789376
0.47598862191109459
0.4873965870790109
0.49830469192867111
0.52370601026226227
0.49031086020329034
0.48020772164851544
0.48642121273116357
0.47807242149614204
0.50345892259259961
0.51997850780473454
0.4806709194355091
0.50887630589118427
0.50060287931319258
0.50311647932231229
0.53639358746374644
0.50774117026228349
0.5023662448281857
0.31215420768349145
0.28275216523179608
0.50236580428537903
0.48870964324108701
0.53092176115972389
0.48475072829507582
0.51147859209922031
0.50853556301337699
0.49976427354028619
0.48038353392686461
0.49377665603027904
0.51792613674375676
0.5113808286389403
0.48646606920893287
0.49979657902633606
0.51017772817691365
0.5182889058401261
0.5133986745010144
0.4846249029683859
0.51402036663539152
0.50597759221130068
0.51978298702862347
0.50527976887751436
0.49978855815869466
0.50702402179245298
0.48189429908784853
0.50858239792207816
0.49081643597553043
0.4660906591164079
0.51099213677551669
0.50391023660869605
0.51371740998586479
0.34630400822145452
0.26668134805830002
0.51167719720390414
0.474675354642555
0.5216142652025223
0.46964232800974232
0.48780569306737426
0.49748113072105316
0.51128801595840589
0.50705906792825473
0.49601844493505293
0.5179274913340921
0.4871508916513867
0.49725297370993299
0.47252825971299328
0.51169261976002922
0.48056480911390786
0.53133013713260535
0.51562719102993881
0.50197677830090637
0.51253006737847639
0.49028016807205688
0.49873725404635644
0.50191426433177955
0.4901101312127093
0.50682609543453239
0.47413503849476651
0.52466563758291873
0.49282830446239362
0.5071167518860128
0.48890100982812068
0.50271350453023134
0.28822820177188002
0.31601674805904473
0.47658454915507587
0.51980869136595909
0.50102563342216511
0.5194693936438981
0.48532251096434131
0.52526471602548852
0.50625688394497081
0.49854089358480486
0.51115519972310874
0.54953804849571586
0.49276187926301712
0.52830933522097545
0.51867028222857203
0.49791106519102868
0.51012816792439375
0.49240277138946875
0.50239806632069095
0.49869782408844626
0.51524558375871077
0.5006198343967414
0.5070535410260737
0.49236394322280969
0.48209886416897579
0.49731920417090497
0.51715229408466012
0.50416792482496187
0.5212346064434108
0.51896016074570495
0.50957392890150643
0.50720981244658492
0.26756800424071836
0.32812535976135071
0.49069787914689145
0.46820465201984351
0.50437029359290253
0.50794234436254904
0.50547016077823848
0.50243345466200351
0.4691491612552452
0.51485760277080139
0.47869361387642584
0.51869813547231924
0.50028052130388589
0.51382163649572454
0.50270063506586515
0.51916530599433675
0.51553687187617125
0.52341202133189102
0.49474421572595834
0.53532619670995019
0.51715588361799358
0.47768766169682558
0.48715525296618156
0.50766193063302101
0.50908929729390096
0.4846925523454127
0.50294191252208975
0.47833692570140962
0.48179829471747654
0.50514210635606938
0.49746771238403659
0.50292694535634141
0.30522459931222912
0.33294686662344131
0.51407383441530952
0.54413312850955631
0.50476621742372663
0.5016870615732546
0.50800114180693634
0.54782640252404957
0.45567021417079545
0.47414979761762849
0.50082521620131426
0.51938478159355395
0.49459828048614307
0.47902472863276035
0.50830874561338579
0.48658176945525594
0.49213638790478698
0.51234454526769879
0.51301918733479435
0.55077252612272154
0.51071081311130317
0.51152684014548166
0.48303602112390781
0.50604196720385897
0.4718839947954257
0.47934726077678508
0.5046975365515578
0.49327147014982375
0.51017609341566761
0.48568838679135601
0.5153548982944266
0.49468503573925837
0.34753560149348262
0.31447710120724137
0.49391189115728262
0.49304132232165809
0.48935830139497011
0.52022578692425625
0.50663829100276414
0.51761583081655271
0.53660074629843324
0.5121140152453233
0.51932448687311239
0.52347674588066717
0.50986211039612828
0.48275803993536343
0.52184745287367795
0.46982869764632984
0.48092614156178393
0.49439191200343324
0.50221967457211969
0.52613107965616823
0.50970421988952552
0.50106020951665986
0.48501159534576249
0.52011981656257888
0.50169936175432306
0.4839001199938775
0.50401242392005685
0.54870570190898593
0.48815873807005844
0.50014468086781816
0.5212977999570767
0.51457801700143024
0.35894585588071187
0.31339084848420623
0.51649025205963794
0.48146352612567284
0.50203226718814331
0.46842542172199203
0.52017493311727681
0.50349766036916954
0.50142332557381886
0.50623232298205978
0.48238536595328974
0.51172415091146106
0.50126327103372914
0.52118269362464653
0.51099332833398925
0.50845174099108659
0.51352243619731996
0.49009310772402198
0.49870840335047617
0.50914899355365306
0.50250950231836411
0.4880985575544145
0.5172205606382968
0.52101298806934859
0.51489089600816573
0.49653666951652192
0.46795677743828373
0.50232613025032569
0.52771083813876674
0.46558249164779664
0.51180878794405249
0.48387593531151157
0.27331550513024783
0.29365342340225803
0.49066635187684893
0.50856861769023742
0.48303258115422615
0.49100244144915139
0.48158229248572015
0.51979969996971964
0.49710722900222981
0.50482465799438392
0.50810477236671314
0.50381601995350456
0.50655510847607832
0.52503495833286162
0.50266137943354194
0.50924538020699062
0.54037704137811937
0.51777122215329674
0.49125958680098486
0.47284064082450722
0.51434977488886369
0.51048553539052732
0.47252978596657852
0.50303018029556223
0.48855946434883801
0.4837151549242954
0.49656675267183342
0.50672401876937534
0.49754513893484881
0.48921604730971657
0.5196651897351201
0.48422790014580536
0.28026253824344333
0.29990019775090554
0.5187380600524627
0.49166709206820947
0.48787599014646688
0.51492311592462714
0.50018806834036034
0.4973006376775585
0.49947195662661337
0.49948452630435547
0.52147031843464664
0.50002945505774765
0.53584244407313231
0.50343989790238686
0.51163161239939214
0.49908852041223406
0.50169823187925955
0.52483131309111708
0.51512500040150089
0.4854194007102931
0.52949259177305708
0.50262620462921881
0.52515668742760224
0.50083830873004542
0.4976637126455542
0.51663017477662754
0.48582960837483241
0.5057238782979937
0.5038331731166622
0.48484011342241112
0.50493359996741627
0.4764085535123424
0.30661858077823284
0.2904250975334895
0.50143118360867678
0.46904580684823033
0.49626237059760381
0.54321994558786246
0.49843701582549438
0.50346255288002872
0.49851412361491987
0.50728865817243474
0.47804195845140596
0.51196021731293817
0.49196194901206014
0.5062912515914163
0.51677106669375772
0.51823816949749413
0.48573265473033334
0.51227364789134089
0.4979952436537331
0.47925530101327335
0.49955682315721778
0.47819319884381484
0.48651042810422024
0.51881746025742626
0.50342605282539421
0.51207006014765521
0.46272131569581132
0.53886782199061778
0.49644516721890258
0.55580263142887609
0.50175513238738345
0.49969960241058553
0.28988203915760508
0.27526514491391563
0.47233724103649233
0.49880234910503385
0.51327434576332109
0.50156085232548719
0.51552407078987583
0.51903195260120816
0.49344466352038474
0.51382997007436915
0.49710238925568551
0.49705465595126724
0.49250666160472162
0.52602627888581099
0.53244771721366524
0.50986397274640871
0.47484790904495178
0.46125209937437422
0.50148185037887349
0.50860754419021892
0.51752415157865106
0.48331293861786395
0.48591967117887874
0.48329455258835946
0.51067829668052345
0.49203295450656681
0.50837181270406473
0.53458813036684305
0.492657447327772
0.50258593080102165
0.50331420952117456
0.54509278731128386
0.34332360483931018
0.32567798216293625
0.49653691467713279
0.48208303292527999
0.46307682570349379
0.47336065358761442
0.50648806221575071
0.48572414323097612
0.49178969025036057
0.50563976539378985
0.50777014264605147
0.49971098438364236
0.47503952387714476
0.50825906677924804
0.49638393190169505
0.47960808165791463
0.48249937847924118
0.50446478898994851
0.50149257850318396
0.47488699413064589
0.52597789575523501
0.50399099585779739
0.49896318203258228
0.48239855446092833
0.49451350264613653
0.52961512552325818
0.47122615620902919
0.4966899206442611
0.5049921875615988
0.48964035729585398
0.50017521112482732
0.49837172437985583
0.29092365878629672
0.36976754493107894
0.50979292092203099
0.5225078148586898
0.5286024169213237
0.5056652340361002
0.50498859245855976
0.47924076928355541
0.49464864211343351
0.51871245531255084
0.50043454032051204
0.49532927544530447
0.50770250274109929
0.50708421095536294
0.50379543079063782
0.5375098324617138
0.50891589691721562
0.52185210439268304
0.48182270034128249
0.49620339254284956
0.49034130122115838
0.50372023987848302
0.49986341145968727
0.51384809127022413
0.46137427426464034
0.48189758019105622
0.48268782956376194
0.48611141076942221
0.49689444412269212
0.49932946716276344
0.5024517370064383
0.49757905980163902
0.29471954214446661
0.33353272764413666
0.49042923340207711
0.50395142582326924
0.50059906932629583
0.52302657267378339
0.48897516122240248
0.53860783820907132
0.51141990932971426
0.5008750768868826
0.48362707478497091
0.46486901283273069
0.48934563350458088
0.48257385697038024
0.53482988682736921
0.49380585522553289
0.48223083175483955
0.50279517565873855
0.50924344491527462
0.51076253336527311
0.49830727758872329
0.53003766962381293
0.51589484593034352
0.51378029108763146
0.50368733449090597
0.50991764808157447
0.49955245266351839
0.52109331927411628
0.51122349464493666
0.48658837817022926
0.50434364027391398
0.51846229319014558
0.32604978822955211
0.33514326951418655
0.49118626852888997
0.50962852500103695
0.52799158842151217
0.50143068772662858
0.47735619891251285
0.49244761220605088
0.47791112405367159
0.48664097990736654
0.49948507397374436
0.51468563994797434
0.51879517091037186
0.50029299823651363
0.47252398863003775
0.46924233964171924
0.49918158979749022
0.50948124197533817
0.50251378993061335
0.53842066864196492
0.49595535131784663
0.48586697979930626
0.46136710525011537
0.51739153970274998
0.48542635874932405
0.48793528429628852
0.52194758395911278
0.47391210390553368
0.52346674437196616
0.50592573329999402
0.48972052564823437
0.52773272021799
0.29920406981341174
0.3010767047743857
0.52576757208686453
0.51802460218132951
0.4946064766621619
0.52558928671260952
0.50485997134115979
0.48616403537775399
0.50479798635982187
0.51998339673159111
0.51493344038280253
0.513971943602896
0.51142468298553556
0.50852280737865896
0.47942456140533085
0.5039414514085726
0.48895238421965731
0.48888559168864754
0.49758750846845812
0.52076766565975452
0.47560146484579335
0.48653222718600153
0.48013451560339876
0.50243918707943958
0.49452890680907774
0.46344178825391413
0.49972739228334906
0.48645898518809277
0.51726300293726346
0.52020992044324332
0.509609418871526
0.5077957181339543
0.30230518859447492
0.3380073874691934
0.52024176283004941
0.50021597247884686
0.51137848516050888
0.49247309463369371
0.46999523642363544
0.50460763222941285
0.49027274818315342
0.51086327882459648
0.52347639876608276
0.52095668567950748
0.48356495062574023
0.50670340967180627
0.54179546191791927
0.49204011175079365
0.49189281427517295
0.46872278926059546
0.50936730852603795
0.50324956752136973
0.50116344376580602
0.5079851085375946
0.51595587231443163
0.51190646619515556
0.5316290832170274
0.50272425689846789
0.50468558620057646
0.49299127815027399
0.50784294000516617
0.45981341329847475
0.46176887241609266
0.49166270119929578
0.30980884536578202
0.3364627649018283
0.51774485116006452
0.48141954656415548
0.50838369565160269
0.52955569240972922
0.49670088090107967
0.4887816840021369
0.48678043016333594
0.51469399582630315
0.49331976818310364
0.4838985087934487
0.49832262215251777
0.48714028628661565
0.48754020800330311
0.5272771512584975
0.49281774524434863
0.51096477638967253
0.50986364513458748
0.50780920226055049
0.48019270724636509
0.51868726806322518
0.48818398424727855
0.52966799170624357
0.47123563367756471
0.48514018303356043
0.50873204969906016
0.55122033100770085
0.50287878647653694
0.46731839360449595
0.49844581296464335
0.5073356736311353
0.31360767770031617
0.29067293629229923
0.48744575139652802
0.51863935007822626
0.52533208459280623
0.50492517677423598
0.48954414714190858
0.5213520177758556
0.45515364720745399
0.46400021491429505
0.50715636507511619
0.49374807155145856
0.50492854775327556
0.50637764046700073
0.5020560824642466
0.48095897754831263
0.49510539059534964
0.49957182688916696
0.51214338048501296
0.47434712084639075
0.50256837883440553
0.50823919005340146
0.5147872983941858
0.50617607599767589
0.49806360971656871
0.48567717138134625
0.50162424452901655
0.48792498286333047
0.48602236606816185
0.48631816228431607
0.5029889308358062
0.50310034882508958
0.34920039395125718
0.31498654670346682
0.52123645939830388
0.50812435224253238
0.47856983680326659
0.51202998350388673
0.49889365352134046
0.49018368770020815
0.48705857941852504
0.50990412127905116
0.54507907204071782
0.50292929904018202
0.515279474605151
0.49340422505197346
0.49238263851498387
0.4764813505924505
0.49119227177766661
0.5000962637163322
0.52592452034762105
0.50140162513383602
0.5152292126864717
0.48438829733200711
0.52519626843883238
0.47213874700074204
0.52393937871352392
0.50310069480934094
0.4948004210822689
0.50266884542465984
0.50400845068430333
0.52094713123369973
0.50387023704332168
0.49721727353368222
0.3274930623446366
0.29065469610058098
0.50197934459653482
0.49251074691149943
0.48270555281384681
0.51133798533288921
0.50745208391389895
0.52072701158764312
0.48182545437853325
0.5024313403905315
0.52544108251989319
0.48924575437358897
0.48526305592316155
0.468306663180169
0.51987154529673896
0.49727777291570108
0.50447811177178259
0.5061888431996866
0.48303477747343021
0.51259756161810699
0.53223649691612651
0.50743941870259746
0.50309078207951419
0.52952732984776407
0.52356733789799503
0.49654108795354335
0.48870979889059413
0.46954121091864215
0.4814823106602289
0.47232082739856912
0.53322359397733599
0.488068358008928
0.28171640899513323
0.34130905053675387
0.50226912785543387
0.50867000023909137
0.49071556027180974
0.49246551989082415
0.48355515846264119
0.51695542299035446
0.46678656872967372
0.53813789130003387
0.50721149815919631
0.48388005217117436
0.51290106943261804
0.47166011542209985
0.50173444756984231
0.50500608588956408
0.50232087607570197
0.49952057905182384
0.50204986241503835
0.49334688544788474
0.48528272690766106
0.52269568111518094
0.49885470485765609
0.48985928774649251
0.50014326993077951
0.45911796452495923
0.5157950563439655
0.48853354664579862
0.51906102630470097
0.52803627392362362
0.48643406544062201
0.49880396171422697
0.26940320986292893
0.25919289892261793
0.51623097785149519
0.50281298570090938
0.50126035514645029
0.49235172358623186
0.48266140246481948
0.49179009442555571
0.50775017006551826
0.48788568840528146
0.54106496399315451
0.48912220740766893
0.50633124651765515
0.47486078712364649
0.49549928189511971
0.54801269555248067
0.51517479841655178
0.50706596212247579
0.50785612564933602
0.5226565640922215
0.48547834512435073
0.47454160382427374
0.48342032964912174
0.48629476922646914
0.49022306684710437
0.49017655260951765
0.4865099675233257
0.5373272507103114
0.5001105092032091
0.47929584827698185
0.49870649487952423
0.48148607271846611
0.2659633496662443
0.1969338495360505
0.27558513781390376
0.3120790586749021
0.27588060823260135
0.29306255740389714
0.29375591052095962
0.33727695437379884
0.32236049503457181
0.3212405122710178
0.29477644349018589
0.29676126763273913
0.33039219740455528
0.3079100410489527
0.28675782276447431
0.34870433175384136
0.31455758835824099
0.32792389685260676
0.33278613751045605
0.29922304501340008
0.30151327426804969
0.35636724403197362
0.31713292530128068
0.29811990510159625
0.32034251508752148
0.28719899766890394
0.40879281440154719
0.27343198274062697
0.27901552253733819
0.34532740396956724
0.305030669533157
0.304666364038159
0.13127613443675787
0.1622868041532376
0.32509651321937727
0.27743952582700437
0.2752043458662195
0.31452043212010611
0.25600142866416981
0.30176740713876837
0.33479829425062568
0.30780088760456659
0.32219943763614245
0.27176159313959958
0.2712954940572786
0.39080037932167372
0.28937092026785893
0.32925007542196894
0.29254155596921039
0.29452947999819418
0.27857721953188885
0.31801389372350486
0.27615866551522922
0.31168166102316014
0.29225848041528157
0.35466363452358723
0.28519080779912165
0.31956614641439229
0.30043497157169424
0.30432542537634039
0.3129232673647479
0.2936300466496482
0.36176791278841863
0.27327370556646052
0.26169196007527995
0.31364363422099978
0.49777404306681866
0.50421770492481632
0.51762336795080688
0.48984021575373621
0.50030610207306836
0.52336581403630489
0.50497297124961893
0.52081419729208045
0.46556538969185629
0.51450108528760097
0.50882326789612764
0.52429809982628994
0.52171456405291672
0.51999259505692408
0.52097553674951158
0.47892004058709364
0.50009738598315312
0.49596547564820159
0.48063251920768496
0.50010248980834182
0.51806310292784452
0.4852682765370141
0.489506481913764
0.46847473039194687
0.51282946768613158
0.49252198577557782
0.47897909757374507
0.49733451211932267
0.51389978386802448
0.48984486259862287
0.27158260461551231
0.29380000210157664
0.44972936020515797
0.49097551028623992
0.50550742334491627
0.50200059090354743
0.52242379412709916
0.46700043720227563
0.45943660961310029
0.49920880593629591
0.50191047270608047
0.48079908072460914
0.50245854026278547
0.4583494996317713
0.47648882397547015
0.5120100279630132
0.48705137342975813
0.50917884171776295
0.49162035804003096
0.51196709649470507
0.49969822418975601
0.47662346992232169
0.48457369649713672
0.49244626581495721
0.48753501726930459
0.50161169504160774
0.50436518995088886
0.49621694772791242
0.47887988163233164
0.52490086224329369
0.50352269338102318
0.47867020633387952
0.33223094681327547
0.29450153917416316
0.50764422198970904
0.50117632183017669
0.52917861783901499
0.51552405223637232
0.47118361716103419
0.5027391847102709
0.49223865034856062
0.47922256334272911
0.48571500598208783
0.47450357641085839
0.47761814165283989
0.50536534850238057
0.52592193274855792
0.51951064397800595
0.50384824834825259
0.49597727196970953
0.47851334029435111
0.53356241072367583
0.52536460166151044
0.49568241840909733
0.50566365653632339
0.46580076211106541
0.49295165252302708
0.47834630357984598
0.48367833984397413
0.52503508735400573
0.50327972113595298
0.48993916072343552
0.5102434792832935
0.52600075155968484
0.34563649390847068
0.36218082066030721
0.50773945261740894
0.49927205338400971
0.50187953830048326
0.48130188957746961
0.50849919712858516
0.51109097672208192
0.4945125178023223
0.49111312470180252
0.52030891175561511
0.51295692505650492
0.49579456852591897
0.50615778698517655
0.51118050413951499
0.46954608588459396
0.51907524702540675
0.5008969020441012
0.48921656002016556
0.4711935967045669
0.51009146825034857
0.47202762811750792
0.49225347105141243
0.51716377255678014
0.48629432586354987
0.50081261923585596
0.51075092508047093
0.48098513756918648
0.48368768418315072
0.47462649969997112
0.51824828490750663
0.49320555718465908
0.31708424130075219
0.30812041392463713
0.49969939502760308
0.50013088074745615
0.49373560329554739
0.50793037063382429
0.50140780134101415
0.50356298827724633
0.49054957093341339
0.51637150385785002
0.47794829209221962
0.51619620084047924
0.49805588931278583
0.48609129016291325
0.50407908326963458
0.52340432459199504
0.48514389584697615
0.49995672656740564
0.49811141250299157
0.50940060424781752
0.49196715925198198
0.50268079944271693
0.503246934562954
0.52118826454424205
0.48228940626629074
0.49843601650631975
0.48671189106883317
0.50221842933180949
0.51988176724025736
0.50055542993532187
0.51387950608962418
0.48050992711946433
0.31386110324927979
0.2650952420137091
0.48949841209271006
0.48306778316030297
0.48851436442538076
0.50430057061426603
0.46402872265870992
0.51079440527671449
0.51310116555703456
0.48279713016421105
0.50916848988832564
0.48404051740381232
0.51691874365124668
0.48224536785986627
0.52595682143140565
0.53071540329810962
0.47108925128128309
0.51525846502621719
0.51540099926090377
0.49720719520972556
0.51753683399810346
0.48197521967374152
0.51298484107596731
0.49356715232108833
0.48928391520859627
0.52296379195047871
0.51937447152322735
0.46208831788795229
0.54387387786402219
0.49360357021103751
0.4923591239402561
0.49799417897222731
0.27286611556338897
0.26911971914919619
0.48520810692433713
0.50474930589040135
0.51474638820141494
0.50320929285336702
0.4838550725220801
0.48684812560091723
0.50518492658059966
0.47351919009682591
0.47400657591232731
0.49901116989783517
0.52607622418888345
0.48578665530054871
0.51445263192275303
0.45759970231633945
0.51075746695084345
0.47731726767610722
0.4928542484167685
0.50647353978191634
0.51575033332700049
0.50094276107073654
0.4997852816516104
0.50977792235070229
0.51496370503180267
0.46738919467500695
0.49298886696097993
0.51125251316767106
0.4961106692819941
0.45470231955521734
0.50987435852651619
0.52285556462170357
0.31636858853819816
0.27443467483093814
0.49315996432259318
0.4815337411649605
0.47655508704925781
0.49755181463389692
0.50075185021732072
0.49797766348508804
0.51397620308440739
0.48407556257399714
0.49626902503594222
0.48323467266500053
0.47069453526919408
0.50267965831067907
0.52036830849824678
0.49707936406757736
0.50705315730871658
0.51627393547012657
0.50293370817017558
0.51596166358963513
0.50848218783522725
0.51587022484918388
0.49538535310967502
0.47915893444210605
0.48870853786146123
0.52719242795181653
0.52101979189691439
0.50115065372904477
0.50452216762930768
0.50242855286783439
0.50870575758360892
0.50328959003870288
0.33738247965468182
0.2593090854332642
0.47026929863774158
0.47960754341323913
0.46113405319979855
0.47689316193935072
0.5013357153022181
0.47771410674082493
0.48535984568719037
0.51654342143266885
0.53486649741786707
0.50145838854947311
0.48791539870105133
0.52366626311842013
0.5097155570818277
0.50344220252490857
0.478660136802813
0.5199029732057131
0.47324109090552574
0.49371495477478006
0.50996360733453761
0.50400478997154818
0.52912508108210454
0.49949342702358535
0.49680731279524926
0.49506194268466697
0.5258732095478883
0.48137409232139455
0.48996109499680784
0.49915017628532388
0.51802531141150199
0.50287161790780821
0.3069307534591566
0.27370258140664022
0.48436753629608326
0.50048520128845286
0.49968934038036117
0.50342494589564923
0.50723387137702125
0.49631749137035447
0.51159140995688435
0.50668062180695839
0.51003636993705348
0.48577684667375387
0.49754528765080502
0.48559098406447798
0.47147863531403805
0.48545750409319255
0.51446311172474257
0.48454932002897427
0.50654010005221428
0.5376174457664693
0.47758966820480164
0.5030957427593874
0.52125990961851731
0.46976524167098249
0.50576586971920756
0.4600877751373611
0.48942264693268583
0.53134949382168017
0.49660230725991622
0.4889840124800815
0.51803315685313289
0.48292197093552897
0.3405811902104619
0.30373534441490213
0.46938997809147065
0.48698828866597393
0.52158328524523323
0.48494217610816381
0.50908030312381047
0.47814600065259638
0.51220080028798587
0.48308941866304966
0.50137408951988705
0.52627794513622939
0.52417675702380251
0.45790882738275279
0.48424218977207206
0.49709032203965653
0.496345910566305
0.48095575485375053
0.52932853412829117
0.50157846311547338
0.49290835133450273
0.51321843065225237
0.51542157837850533
0.48043790094249395
0.47279341327985602
0.49355284468570026
0.48107286957741779
0.48666436878943919
0.50139295459181421
0.51742862842640602
0.49120961846363681
0.52791482757130093
0.27805084857463941
0.28191533499483085
0.5285075198394954
0.51110513768023369
0.53209169295830361
0.49234856762643048
0.49646253554016739
0.48996461804733965
0.50961905024048471
0.49583580477041156
0.49319936488452004
0.53220840895915655
0.53453949935872924
0.47124987429570375
0.46601999067130101
0.4860629270508855
0.47009180752170604
0.52192731034650275
0.48734309672515191
0.51337936648241478
0.48833503450446691
0.51668640727645054
0.52789799563166717
0.49308580814472847
0.4822887011952593
0.51530252598233128
0.50355209464920381
0.50142095996565172
0.5213349752858859
0.52445481811463013
0.51623934576738628
0.47994133469624761
0.27814972782611691
0.31063006609844862
0.49116300770068916
0.50432304790262028
0.5109177440613577
0.51701754425799407
0.49889223634482932
0.50230454992014861
0.48642995903374225
0.49399238131731149
0.47713280889795812
0.51089369253763328
0.50353507787354956
0.50368555045305186
0.50785724954934452
0.51657017006325512
0.50356034623754153
0.49210354476975754
0.4837785196483021
0.49247076666972783
0.48738078477217128
0.51198039529387973
0.49831135762863582
0.49270601756882898
0.47025402234863922
0.49485066015892298
0.51318809262785192
0.50306460048373669
0.47881845278583951
0.49814544437524538
0.51280908027014005
0.52402075248184699
0.26456284884568326
0.27512656278776831
0.50726746811179513
0.51864402309819235
0.49744817423603488
0.51654585277583709
0.50969154933280147
0.50329659042549779
0.49850773596844122
0.51402287925343204
0.51819031381263581
0.49137138016126919
0.52211982866568352
0.4803929887895117
0.51114999881020118
0.46620360235336933
0.47364556111044404
0.53167966380441789
0.49374169873272467
0.53129872240114462
0.52776848813510346
0.5037955370110474
0.50321611386859277
0.49378698764008483
0.48952762543667172
0.50867173033458235
0.50973322777355701
0.50469850202830524
0.49533693084389252
0.50703786533419382
0.46419244461561593
0.4963660584113409
0.3463701663018281
0.33626766373004152
0.51627289798602716
0.47835621645072385
0.51637911533426972
0.46001572846217309
0.51344799981473321
0.47537084597362061
0.48842056034748438
0.53330711291100152
0.50721994424134087
0.49963128142481394
0.49510759146316652
0.51201982100793786
0.49184416503590506
0.48595296090489198
0.48670757027773404
0.49318497858561089
0.48422201026466805
0.50900924751691057
0.49395529835692054
0.55554114498714069
0.53459906997152318
0.49578358688254914
0.484049443727185
0.47844597282622031
0.48520913273317651
0.5049953366327079
0.49372275897501566
0.53306412211908194
0.50324976619328576
0.51431840446609256
0.26570500613325354
0.30184815921176927
0.48195054798322806
0.51559135447943949
0.51165278114955182
0.5138097204487877
0.49356824083554268
0.50698646717296048
0.52992336814965546
0.50246126716618811
0.50854221999194305
0.48586475555474762
0.51433948214500713
0.52705256686242019
0.50009449942724482
0.46682415006951539
0.47922092367393654
0.42818645940631017
0.52976542300380502
0.46497700945365966
0.50930821919656477
0.51725774546973835
0.52442595559999083
0.48328732650751161
0.49363075022572889
0.49186049395769016
0.47771034995417655
0.46822551607942253
0.50400613524634053
0.51036911562350296
0.50431137349650268
0.50087984241297789
0.31462098702426722
0.28409042911580606
0.51856379076297021
0.51586320450840595
0.50063940816275321
0.52760037716287844
0.49080305075426661
0.48943739728123209
0.54163616604511822
0.50706641906800387
0.51066951247000136
0.4797215190331845
0.52036260946612112
0.47762426196149371
0.4864772448583789
0.48916443407864152
0.47906816956190845
0.5121122791615893
0.52554380917000254
0.47598246572455449
0.4573344085256843
0.47516310310111121
0.51424295805475129
0.48435438634396122
0.47642983543839057
0.48673654983770359
0.48885272619131148
0.4965097012936095
0.4957431776745943
0.52284220689452854
0.46646099667735735
0.48238120456388095
0.33336108763262684
0.28988919703244659
0.50673179010968805
0.50585521828039059
0.51637451899385078
0.54268954976444617
0.48204103870920534
0.5090642330493671
0.51176869918053991
0.50480656471092833
0.52482699077629424
0.47431851838292988
0.47027079613650963
0.5315371056005026
0.48560035209609831
0.51980781020633005
0.51060343643950612
0.5113250000950027
0.52042914177517396
0.45867054796622941
0.49119701585205061
0.50458684576431057
0.50854311556299558
0.47933284982980706
0.47856539110887408
0.47156819360035074
0.49827424557157118
0.50672090400528302
0.51872642060755048
0.49933552228644967
0.52181784616685079
0.51061393684707235
0.30381889141886503
0.31819976507639547
0.47168723606796725
0.50245056851040315
0.48434099012450155
0.46517502644094538
0.50481554964045161
0.46900435100400079
0.47242276713379405
0.50692976202630391
0.50596162886236862
0.49801812001709439
0.484721291034302
0.49721978337838962
0.44843149247025904
0.48960583547331155
0.50892727879162847
0.47280506490281526
0.52879689586714518
0.49793703118448768
0.51756634013451619
0.50433852012238356
0.48314046993983273
0.52821524747007043
0.50881190969196322
0.4899429266766126
0.51592061875223472
0.50065933733969314
0.5185365032421958
0.50076286296624783
0.49694352730531072
0.48780385321611747
0.29564662724824353
0.32628706528468071
0.47159784716881537
0.54008971907347381
0.51483126634727594
0.50185264151947817
0.50347762667695217
0.50084430766454602
0.52414978437995274
0.51121724409543501
0.51634237576685604
0.50438449430242982
0.47045051429644646
0.4805880795857807
0.47573253212932914
0.50210198947359552
0.50030236724846666
0.48252605377367758
0.52204730218611994
0.49100060552799696
0.52138110137227933
0.4974544549934074
0.50232891913346167
0.4991446505773936
0.49297586314258046
0.48282521037750253
0.4722067067762124
0.51434638471472727
0.50201353514309677
0.51259178483777801
0.50199875617855383
0.48534124688466773
0.39892394088415312
0.31081141144835062
0.50666816810593018
0.53880884755832925
0.49532139419913418
0.50069067100466902
0.49939907883883033
0.47495967506066583
0.50803730904484634
0.50270119560137849
0.51672802081732017
0.50223583239698988
0.49405823869120924
0.51143259279424658
0.47095879853860007
0.49031975165618763
0.5198964810950728
0.48628463898681568
0.47201711849290418
0.47848574765267526
0.49214217484508421
0.50094609296029102
0.49241773737995709
0.50126209163604329
0.50615387725042971
0.52087881636580058
0.50653695365772244
0.51966911822268869
0.51422975681227534
0.50410754459443508
0.48482745949355865
0.50701101574514262
0.2657521967023056
0.31319640604499682
0.51869621976583369
0.51461534085365901
0.54590361539636045
0.4671269719058459
0.4967323561729155
0.52637783658167869
0.50737405277831715
0.46064326549135348
0.48603464965465187
0.50080041661149988
0.51345438533809873
0.47427708778893163
0.48777575276903057
0.46191028746825202
0.48130273313393607
0.49453983284057484
0.46637660637467315
0.49544845140475829
0.50295140083736278
0.51313085961946225
0.50776356048895799
0.50716885092568886
0.52027615346228862
0.46511960371299388
0.49832463211600231
0.46295453698939493
0.50419320150206648
0.49875528817628234
0.49801423763464514
0.48589679197839386
0.31891869124429023
0.29330182667779597
0.50567773695660645
0.46795358398837683
0.49401286583523002
0.50261078775949108
0.49951656985189413
0.51038850520043688
0.48453415217200807
0.49311173435275768
0.48477236871919605
0.50925460796737521
0.50009521320322536
0.47351523578928073
0.53288482856636954
0.51417511610457145
0.52666500112591519
0.51110249488076154
0.51059867245058488
0.48997470793966158
0.50902469086083546
0.49970687415635123
0.48903473828646271
0.51698976985548428
0.49137044223782894
0.49986477567187942
0.5024346227417622
0.4991799005282529
0.50827683538973434
0.50308223531841534
0.50453811868902043
0.53244356374270119
0.31902501276367112
0.28926704363164485
0.4885925108282092
0.48722319796701852
0.51121052790917232
0.47536086436149566
0.48703621174405176
0.49442577594872317
0.48715688544395258
0.49677332253948026
0.50546471125225501
0.52084641279512411
0.48154201097662763
0.51435953856708394
0.50949664012578333
0.5179879254169335
0.48231114677465659
0.51577863280672798
0.50055927389391197
0.50784729445409871
0.51294385943654275
0.49426070493649255
0.47661160717775813
0.51996114736832655
0.51080447943415319
0.4928200165724459
0.4848875163428048
0.48275529113303617
0.50157074388081069
0.4812978096967333
0.49561228722004669
0.48580624635310843
0.29151528099273372
0.37130302301857143
0.51382745524089657
0.51012730833637399
0.50906397059708008
0.49434146449122257
0.47321216408547184
0.49766652927226757
0.49825471424702877
0.48844582662981351
0.49041896536557739
0.48544298077094217
0.50746834796372498
0.49862419616946674
0.52000218910141305
0.47627672366221996
0.48696564666836628
0.49678788339139079
0.50694852234652066
0.50069934130865079
0.50711723526329933
0.49705767946028168
0.54304574442766929
0.48684787048414563
0.49679667244579945
0.55331576877877575
0.48133031947542271
0.48671661454740045
0.49837514884809742
0.50091115320942148
0.49745893683915526
0.50442482817293699
0.26315870688133591
0.34377299565589969
0.46050625021256025
0.48542855884315089
0.51923882599783899
0.49603343888789525
0.49537085391244995
0.49374156546987757
0.48052080564373983
0.51235637898421982
0.49341368173344913
0.48043375618632211
0.49078313503410564
0.49466556889806979
0.49707193890432194
0.5161115340389606
0.51475614292768768
0.4811033111119376
0.50983245458263293
0.48019636013800782
0.52576550761436325
0.55016576315180854
0.504640620450024
0.47454505151043919
0.49492603353473513
0.52419412375625352
0.51933721458141624
0.50834384341081373
0.49621570468586135
0.52078396960925766
0.52405650830098272
0.46485179240346947
0.33426447725530217
0.27530485248140169
0.52344910314599435
0.49597981530637852
0.50449825213446964
0.499592829858996
0.49570046628458275
0.48263692068931963
0.49124780923045364
0.49278432510818165
0.53994112781306158
0.49969607746635525
0.5180256843873815
0.51305129772592972
0.49163443039976856
0.51542072813509099
0.50524562018027797
0.49612952713607583
0.487511149478071
0.51611212029560971
0.49904228625826724
0.51988702238781148
0.52123881665157901
0.50691586930671362
0.54520550426932679
0.50490542862025412
0.52166110758421325
0.48471294860805442
0.50262263357823944
0.50133771844549901
0.48471534690041301
0.5044776800560693
0.43807484866794338
0.33609153154183802
0.48732820075675137
0.49123004572098683
0.50424520439498421
0.46235525280072937
0.51677641942912467
0.52168061583356251
0.48877830091276964
0.52445246620375841
0.47436756661857432
0.50258830891353323
0.49057592407040113
0.5116863433109563
0.4675169780711903
0.49613619649635232
0.49404662284803547
0.48754126569043177
0.47775268919810338
0.49965793276354881
0.49237837562770498
0.51683529003227602
0.52665124250337192
0.49801221188092776
0.4953051910680043
0.52136128115367408
0.48275640798078201
0.48988897601546061
0.50125002208190017
0.4873399434554741
0.51854388215627745
0.49729571546982798
0.29754260459623555
0.39284488783397514
0.5242681584089357
0.4879074340166385
0.49639509146441974
0.50044790784467041
0.50666815465778081
0.51947740118401364
0.52138763945085453
0.49789374958059784
0.51206188097244998
0.48487991894890242
0.51326435649467339
0.49569946828615202
0.4891488397435873
0.49154965851117849
0.48489538882114597
0.48918888785084141
0.49762844116398181
0.52206409235052786
0.51028391751153623
0.51855219381804707
0.487283451435781
0.50724321034756703
0.50091599808467935
0.51501297752253383
0.49303743753892093
0.48956157388393395
0.49775677787278128
0.48754476480083564
0.50988144066911878
0.48708921363379937
0.27168167393396514
0.3086529680818999
0.49043932842111171
0.5057795703013388
0.5211440601815881
0.49193823754047178
0.51526736388106942
0.51502271830400015
0.48922206007736041
0.50678620844429789
0.46718712154574382
0.49553438580900305
0.5075366162639724
0.47216523813997918
0.49408514143150895
0.47211629593536508
0.49606596010903548
0.50040005022395795
0.50490251795740704
0.50584177081136628
0.48883680404824792
0.4979326957417996
0.50717405855197661
0.49373293361707887
0.50535785526788835
0.49897624211235936
0.49062707679506284
0.5213167777060902
0.50993090506544669
0.50311489824444777
0.52127559726789308
0.49375283897732175
0.32317247226898438
0.19272763002221929
0.29700187205895995
0.30863322913826385
0.36485328329356187
0.26944713534429321
0.35062746013394419
0.27352326246817793
0.29134990251367565
0.27684323564903807
0.29245937222075008
0.29603032518246619
0.29508479702539281
0.27090421460858699
0.26766110074718702
0.28482667996551925
0.30169487151523783
0.31823732514781372
0.31838671359549992
0.28830218981163663
0.29148702852619918
0.31527232949700512
0.30823395929852304
0.3771871765961185
0.34288844149715164
0.26891171480637655
0.33106330046080717
0.26895810006394988
0.31728959799058598
0.34347736110340871
0.28583424659691803
0.29053754643226692
0.21761487537318766
0.20048687288777817
0.31906199248217693
0.35734495054905752
0.33293158284032964
0.3101063486375053
0.32057162441646447
0.33210541710076869
0.28423423089218774
0.32639106365374621
0.32198302243177146
0.29028754745034063
0.29683430784657777
0.36245192700716167
0.30621005872640178
0.32705721197520166
0.33314632270836175
0.27952379960649099
0.27620237780845136
0.3375087085632259
0.29282710303139486
0.28914682268838254
0.27992736832287751
0.32696940663224738
0.25140626289247597
0.2792604346465436
0.30596987771797612
0.2674046761872978
0.31469869601571382
0.29173636686874471
0.26526254938558536
0.32907540080994774
0.27916701039419695
0.33164901431638111
0.50843231293821001
0.48412693035593007
0.47923378953056978
0.51181989912510995
0.51067160800889766
0.47193491471302373
0.51284817103635272
0.49398864044522151
0.47103236363276019
0.47865944391798326
0.52357974967737431
0.51156790255338824
0.50444538574981013
0.50273382377392206
0.47291814812055427
0.51432798906584565
0.50349711875322145
0.49567928967669223
0.48831375076708711
0.50531090941346823
0.5055527160755644
0.51371779053171862
0.48887132092486107
0.50784086788805127
0.52145860691718204
0.52730842061269756
0.4938256737836012
0.50503349078569026
0.46930666157444828
0.49754064240941032
0.32780953120232553
0.30662246069075466
0.50625386927382265
0.4725968149187198
0.49085747928308121
0.50343945393309164
0.48266056602482021
0.52338483411455561
0.50653347809542404
0.49199165375066639
0.48763164337482595
0.49883230306950094
0.49336968100426076
0.52197545558759151
0.49598934903400582
0.5047905316647775
0.4709766502069922
0.50720176176761944
0.51953915745435875
0.49142643160984528
0.46800483182087588
0.47522001990669677
0.51957319366786026
0.50901451359532845
0.47958292011312081
0.49820365638564562
0.52136364277895053
0.52580854845683589
0.51836910060146379
0.50688765176621109
0.48283029383242893
0.51047410946638561
0.30723413175852754
0.28541873366994169
0.48879531360542178
0.50023286989991
0.48475182696924057
0.51038048611979103
0.4976341732548441
0.50798393422052368
0.52474792974101991
0.48554846553947922
0.46822598617281397
0.48425822941439794
0.48736234942321982
0.51248352721884149
0.50391533532639243
0.49968054236813747
0.46783851103648
0.47341650627083959
0.49315053939462394
0.50455592262659843
0.46246539533063941
0.52708004726818058
0.50368477404010337
0.48972809958916402
0.50819161199055185
0.49586705040153722
0.50242613403843184
0.51479542244445842
0.50755505428460823
0.53282770873272267
0.50664374732277551
0.49911104800192224
0.29050569242037316
0.31629910222089691
0.51428869363213647
0.5241829611249611
0.50966249891407567
0.54596121532275033
0.5045904450759362
0.48411125426380153
0.50657823246591116
0.49837424011302434
0.51176058673973079
0.53988464302365025
0.51318373783340587
0.48925169239950228
0.51855019915128575
0.50445055667108141
0.50800759150511299
0.49313505089064008
0.51541893466727584
0.49399718379409369
0.49020719828092291
0.49700909736139087
0.50112778264262148
0.49346037653819197
0.46816410764500804
0.51334613319696787
0.51091294294627043
0.51250635203161443
0.48901321442118262
0.49325118909982313
0.4834131873898192
0.49883806303115991
0.28411256660871498
0.32025287739453451
0.48244699962686971
0.50744533653975865
0.46528113292333739
0.50283985921450225
0.49222986450645445
0.49951380994196726
0.50608300782348214
0.50704399928591459
0.47383767254644571
0.49978228405377134
0.50204287002656045
0.50606726514549738
0.50775803919742379
0.48913652968156746
0.52441278170843375
0.51697728240785312
0.53358364689624838
0.48194567470372618
0.51045640275488846
0.48524172357026374
0.51503126525598197
0.50195266520970117
0.51116502460232915
0.51103716754914141
0.50852418216125428
0.49501917846752397
0.4880253897278673
0.53362222418950533
0.45279959063046149
0.47156774951244695
0.26964502763940817
0.34783453333254249
0.47433124660211179
0.50764128642990214
0.50041392311456712
0.47981400445833644
0.47396073346167961
0.46425796187453416
0.52346637073693181
0.49588991669403315
0.48158170027600966
0.51742532141089592
0.51072677286206314
0.47421327644650724
0.48240873477106133
0.52221787163781308
0.50925428197913625
0.53046858700369603
0.50503089201988394
0.48336682077288295
0.50951496760989623
0.51508564050062966
0.50706836452134441
0.50911579500307425
0.50614600340934446
0.53855109871897211
0.50301736537746455
0.4577195887038516
0.465915777205542
0.51737948101450659
0.50352666653563816
0.48930274758168485
0.32437603989354141
0.28508921747515331
0.49336244812483238
0.48078492844657073
0.48330845663374383
0.51795636402586387
0.4658838268214881
0.50344825331434295
0.52343442016178121
0.52485331821195969
0.53059023622764701
0.52276754210982568
0.52260014935952459
0.46301066506973215
0.52459198831354359
0.50923750568009474
0.49768880297969326
0.49455776246772504
0.49560142471868535
0.47863738884859602
0.46704626171532715
0.50671796402798319
0.48471126436682488
0.48449284839423623
0.51027082116807743
0.48819981609907409
0.53063012632051099
0.49200165932216666
0.47439228219034502
0.51547707913367191
0.50817178310943223
0.50765944628879367
0.29162193849954932
0.33280218444010468
0.54589802326488035
0.51382504603986023
0.49594198651820143
0.48910708637230671
0.50695891923781966
0.47808956413681136
0.53072726536001635
0.49598161119773954
0.48784408534732876
0.47537242974929483
0.52761839200007554
0.48279501300049954
0.51486319979179607
0.51687849790345197
0.49596549578429083
0.52910321551409456
0.52752170495564499
0.49572468014774645
0.51381589421740692
0.46608271485783254
0.4727808879938129
0.48851839268180081
0.50472962616252204
0.51351280134059152
0.51815137380826504
0.49465978037278002
0.5034295273979249
0.47466202131468843
0.51890073492213562
0.51325410799818816
0.31503493076271455
0.29254951001480572
0.5347755203398068
0.49808595797644079
0.51425569884757527
0.51777704576467942
0.48343392336391222
0.52905418034812923
0.50941405628926162
0.48551104917088855
0.51281123803462703
0.51769400645962527
0.48391364770312428
0.51679077105395455
0.55128181743759541
0.5060914271895488
0.50146681876739529
0.52394501514996883
0.46929342217496972
0.51637277983014218
0.54082112591936682
0.51082076287941613
0.49485012162142739
0.48514310511760517
0.5022340925719524
0.52902838686685871
0.52001737781975743
0.48452000167004244
0.49703280496373836
0.5153767616361975
0.49654460906088005
0.5194275895898488
0.29208665836733871
0.32379449533847776
0.4791824780828563
0.5250094122843717
0.49330374129764054
0.51436922721070677
0.49615985020782238
0.48264156934113983
0.51731762810628434
0.5038415051011379
0.5011336435911713
0.51388778098211874
0.51910269573646639
0.53848300373647451
0.48474859423971162
0.5248822238522155
0.49593722550159469
0.50880859714029125
0.4885350618294565
0.50773112749445304
0.52040078679977519
0.50452829479120009
0.51148587712330706
0.47069229695254422
0.48674817663440378
0.51709920861917469
0.51180439139712786
0.48975046941275213
0.50359128876959547
0.47757233377497521
0.4970517710589244
0.48192751385824562
0.31999403219377814
0.29026952398350186
0.51278047085519984
0.51425143601781298
0.50649500548459458
0.5121835049219996
0.49348575320857885
0.49749440532873651
0.52599870437511209
0.52674608222167729
0.49921937609826744
0.51031094358975571
0.49239940626859507
0.51466021260598804
0.51185126640676437
0.49869167970895284
0.48880363266846
0.50941927079772298
0.488686486280836
0.5034118746415529
0.48975386289674577
0.47032367988487644
0.53593506448518968
0.4837900152936741
0.50633351318890341
0.50315174140512353
0.49129760754934093
0.50867321829501078
0.51629179767502431
0.48962952113397762
0.48724595786569375
0.50470642740222316
0.30472197525873035
0.34106432909067902
0.46704999772597577
0.51840753327837175
0.5088655760286237
0.5215241250569751
0.48861171766243966
0.46106881025943375
0.50789617486049554
0.51642998259433548
0.51840347267810183
0.50717716376655453
0.49086929902641524
0.50717749783141763
0.48999900620356213
0.51438451057385459
0.500929634806908
0.46210153903585605
0.48674310171464408
0.50001764025232909
0.51261944097578205
0.53466348397568009
0.47265015382975645
0.50463858238478621
0.50024492442708279
0.48197828025962386
0.50261872330083135
0.50556201365904874
0.52526027571494915
0.54045241343642747
0.50260346588613092
0.49895965088244559
0.33584039979879582
0.28293641944967268
0.51133144217674675
0.47513584326028474
0.47329560937943882
0.51862352474549533
0.50221948273213601
0.45809911737349357
0.4792630681899761
0.52182358442700072
0.50824784935964185
0.5105361889378609
0.49180011303092946
0.51373452490979854
0.50313360780568983
0.51015139505563523
0.51906293385418056
0.49845678071348115
0.51230297088415899
0.51299421172966042
0.46238630372577022
0.51185593951035491
0.47487862729531782
0.48784803523484094
0.4977204392625113
0.5055712821285826
0.4739626955470857
0.46734711045252919
0.50974795025421349
0.51055345886295422
0.51909496105665143
0.51034478070163092
0.34057967495712627
0.31438481764185783
0.48762982624856849
0.48147635764104429
0.5132000484006678
0.50194906618422586
0.50370162564923182
0.49385103408839659
0.52214175029257914
0.49569233609831248
0.47717779021743906
0.51263607614290796
0.53089147109091772
0.50890411368330624
0.50459387360443031
0.48499265519165702
0.49968601744530572
0.47715366935081449
0.51304836207987503
0.50558873766550527
0.47246579768471419
0.49710120575969691
0.51134180002701113
0.49820797777097608
0.48680154117437041
0.49393528391894564
0.48922852666591093
0.51428827229399132
0.5083720730186233
0.47677747702836848
0.50338946986261457
0.50687000525939241
0.3165658347588331
0.31090266044117149
0.49388513428986769
0.47718893776947513
0.50413323462604875
0.48801471758807152
0.51366976229663519
0.50913040787768216
0.49636164646582071
0.46535326057811355
0.51375679389822004
0.49819672598911735
0.49692668311372379
0.49731366481192124
0.50034484142912705
0.46178353675874545
0.52092117950430572
0.47515293304892653
0.47482967153353511
0.51460097375504865
0.49164535104041329
0.48736583074089423
0.50773309070430672
0.51542962053339725
0.50487427020747311
0.5043758628711783
0.48414300022359641
0.49592619602706828
0.50848245235137268
0.50028674169241716
0.49761522280920933
0.50127907554234929
0.32874366435767716
0.309449011158625
0.51073837137832867
0.47346142555177206
0.50946124631732437
0.49153091739908411
0.49277502116412919
0.51954814500387847
0.49434081083909936
0.52305537988969453
0.51268679991411059
0.51507014405784901
0.50481671852283505
0.48736492245974877
0.50279721661441223
0.49226179367802175
0.47677675892996757
0.48791496152521174
0.49693534899669778
0.48384142319063644
0.48784769357242258
0.50752050386696679
0.54132638927646626
0.48610792908518752
0.488452244176308
0.53672538977041828
0.47776614407961332
0.50411565365956468
0.50140885929655754
0.53642721257319637
0.46834432057626479
0.48563076068456235
0.31809051392950016
0.29338346513268532
0.5023309383842165
0.49286399592477953
0.47879165092065656
0.50540435406157458
0.48480039391323382
0.5012278303389458
0.49172380372026692
0.53278095998858777
0.49464510841618298
0.52680892840774995
0.49185496756282354
0.52594264190137319
0.53615098781894799
0.51645160669189294
0.50788654955320156
0.51641520535835173
0.52134817490691499
0.52663775225204568
0.50549564416290016
0.52458282714806304
0.51334132861156667
0.49748900583797273
0.49145150572447222
0.48628304391149502
0.47356552530520757
0.50331741266503283
0.50504661401770701
0.49920203784619671
0.51010485418456608
0.47753896922467731
0.30034360183903153
0.30523595701471201
0.50187162447317302
0.50465005782580941
0.5109174032153444
0.45639198691908056
0.49706575849586759
0.51112649319419401
0.46644773483994401
0.54726006778314895
0.5055297891646483
0.54154655910984151
0.4981696967654175
0.50647470266746664
0.50911773190724863
0.50972558525933154
0.514532063189443
0.52759045532849247
0.50639915179949091
0.49724803491712155
0.50185604842908027
0.49603809325250203
0.46981056215607764
0.52945346185990749
0.51402618707121162
0.49908879452564392
0.50199425788623286
0.49664658128418943
0.51335979606366899
0.50037141340339342
0.4969073981209241
0.5196086990483082
0.32781906820599627
0.27553461892870101
0.52181564186563933
0.52802417075841035
0.5229069136358564
0.49011237699635823
0.48903793071377338
0.49371147318343567
0.53566219319360875
0.51240170264995011
0.51957581776522721
0.50998063094035906
0.50145078448938507
0.49655844014013795
0.51814327643616809
0.52249609403595076
0.49833998108969674
0.51049336941384282
0.48803299417862178
0.5199473904065236
0.52933586230958185
0.50046971387786732
0.51027821695137576
0.50811362528629189
0.51793171470440191
0.48698319362694198
0.50042496513209667
0.54618475996717453
0.50213776477269412
0.4674697244690485
0.48503189277255909
0.52058659173538557
0.30641056615282514
0.32929688652362071
0.52686944697752192
0.49951388883791986
0.50976872028573139
0.51791652685764722
0.47590249552319597
0.51946416392882055
0.50256366561098575
0.51036945564487379
0.4496130297401818
0.53977653192191399
0.53809213226663732
0.51563548824926442
0.51185848043140481
0.52123245084754422
0.49550016939154434
0.49697996190593158
0.53323041761134293
0.5180884955012689
0.51768073106614032
0.49504653649150931
0.50905584335994969
0.5024366618399615
0.52350463895877852
0.49161208600211997
0.47488367876056881
0.51723323996973469
0.48918887383436954
0.52546761306018197
0.52281170768657681
0.48968657820557926
0.33666697982164467
0.32630234070872993
0.47505287697467818
0.51223534777713586
0.45339327218615127
0.5010917890514065
0.46612369344241589
0.47389188223017364
0.52194216201974442
0.49554180233893175
0.53185184318699852
0.49848245774171968
0.49830499070882772
0.48224391283150436
0.50251820781693257
0.50780812065521341
0.48896096387545562
0.49720241611805066
0.48848737601061487
0.49969377635189149
0.48575335995709934
0.52266222816942709
0.50246556244365159
0.48001583750125504
0.50252379884352039
0.50586903313922482
0.52823633624792221
0.52315440659199808
0.51407690801141348
0.50923349570332077
0.53934965906076549
0.52013143308757703
0.35715736673878057
0.30198089572528336
0.50604630142047413
0.49977602975899182
0.48945865073601036
0.49879462348847153
0.49051886184862836
0.49820348050111085
0.48806934018648296
0.46763345769120451
0.53832230392353064
0.50997943945106794
0.50042849597467753
0.51394737139271096
0.49737153917036003
0.51290615917430404
0.51213770989340235
0.49953152056205347
0.49161623820061023
0.51000913525621949
0.49021341492413906
0.49231216923836574
0.48768434705569291
0.51403912183571721
0.49680431742041431
0.48713120075894539
0.51748517957467077
0.4860110327842761
0.49212433520543736
0.50847369996631331
0.50626389418714368
0.48716969228190404
0.28449227295500235
0.34586311245779078
0.50059528834313827
0.45684201084900178
0.51564160586677965
0.48467857345579818
0.51997357288557877
0.47856683897068814
0.51215624559982653
0.49812927130742513
0.503759884908071
0.49974134100538803
0.49230934637317769
0.51981128301022173
0.48694350411529919
0.50738599005200535
0.50955780574832765
0.51903876319233133
0.49334634895734825
0.50308331736999379
0.47810845635758692
0.51270158221777351
0.47288519840499821
0.48711377613147289
0.49010216628722558
0.4911590626746215
0.50794539725455834
0.51485659670427164
0.53380241038298193
0.4984797460721333
0.49606901064864928
0.49935629897813805
0.28188845710746502
0.29771178371180684
0.49159334355918094
0.4699323650632436
0.47175067428850664
0.51800571034485221
0.50854790753905932
0.50328965348528121
0.52244102265515102
0.4995928493659319
0.50969468401586904
0.48171320351366964
0.52308857683133925
0.46955543017532408
0.49632696333028453
0.5130456413094755
0.49539103635939524
0.47444853212162874
0.49592411262560865
0.50096881783333336
0.52401685389175479
0.47338424438764082
0.50026702827878933
0.51271062095870712
0.51308940258030156
0.50467513943944575
0.49178827849360096
0.48733791165557722
0.52319960553072131
0.51228937301586974
0.5027667031516021
0.52145538610146658
0.33049365326605362
0.33017390651940243
0.50353948478770305
0.51475951356367144
0.51220830320776556
0.48993807451937205
0.50349756314594385
0.50952609460056897
0.51287221233456048
0.50750390629092268
0.50592822773349366
0.52434933042537124
0.51019081958183476
0.4973916048762082
0.50549002595844994
0.51103546596717941
0.49010845500179584
0.47208068987855978
0.48109754952614653
0.49769177349253146
0.48418482299205529
0.48561301318268973
0.52832473549872838
0.52621809130068364
0.47935284717238835
0.50144067346263987
0.50814505082252071
0.4872026034966227
0.51581391898069928
0.50718448350159162
0.50052250860779435
0.52791676908325103
0.37540919818262164
0.34133072069265308
0.53378659289424046
0.51695711985657222
0.48792665441483601
0.49539142499604116
0.48430513594216101
0.48933876410167948
0.50076409852260861
0.51180717867307091
0.47593181313518085
0.50942417118545813
0.53471929143525865
0.52909101139924808
0.48829948698254116
0.49665190818542498
0.5161500487209405
0.52148001338304906
0.52928661013369049
0.48598264539391905
0.47446863962992047
0.50328267040584218
0.50998069901582355
0.51021865428550539
0.46795337093268169
0.48082385161992408
0.53036670365650751
0.51350666645533638
0.5158413248730207
0.47806520480391596
0.53371830079028204
0.47621735892593053
0.35295038317735189
0.32434770582439548
0.49269243214724462
0.49984485881403312
0.50579095380348926
0.55189661139086232
0.50435967923168656
0.50019953166057485
0.52766649190131765
0.4904573912492417
0.52371661094694677
0.48910737349392458
0.50070854726869074
0.51842633841787666
0.50958880706120402
0.4954684574314992
0.46945095803739006
0.51341040972719021
0.51491556864220978
0.50012061174921962
0.47513705968940712
0.50247616918219873
0.54647748149969122
0.50206739649042664
0.49489202880271976
0.48051350456767122
0.4834259781996082
0.5016907645336387
0.51301913737608706
0.48970934519345738
0.49100589971141873
0.5427786885883128
0.30196701327528375
0.27938390407539843
0.50926253570601288
0.51419659584842348
0.52085253790055253
0.5224421162701931
0.49050555829384551
0.50940332979876568
0.49589049458527301
0.49372346008904794
0.47523587479155782
0.51061197781104828
0.51022170997185412
0.50163126183129758
0.4881478473152594
0.49959554843183607
0.49174057494098883
0.51366406945038801
0.48649978124157595
0.49686564723551579
0.49166375474780116
0.46681552607022614
0.4915653556608286
0.48880335648143491
0.51721583453520503
0.51791580842579488
0.48916599709921671
0.47313923395989516
0.49519686696992782
0.50088597836308157
0.50903025436254479
0.50740388256756808
0.26461585394365061
0.28254810749495984
0.48233028128839273
0.48459031712756062
0.48958532924195386
0.50305966677380221
0.48051727170555203
0.50030250271041599
0.48245400046732589
0.53467093538914034
0.52362439372703362
0.49383154247979333
0.51386282126852412
0.51543902759651972
0.47345205251282158
0.52475035139062298
0.50434685051295824
0.49107493321810114
0.52344682936307807
0.50061267966472456
0.47263071992911787
0.52606535965649703
0.50351158728376633
0.49691647650617971
0.51672691312296848
0.51138026696386285
0.5253465020308915
0.50593807225650456
0.46759682333423608
0.48660107620713472
0.50657024202362977
0.49286321628624907
0.33493071998402024
0.34373211926297342
0.48452817410323917
0.48988553364781673
0.48755980325740722
0.51356455786078548
0.51436505230664142
0.51024617465309385
0.51062331896150981
0.48394776729601258
0.49215522486223656
0.51382167489909791
0.50801517289336251
0.51031805535919716
0.50524041065737224
0.47495284134794941
0.47113907490868406
0.49136579247191042
0.52498414538064575
0.46510721728211213
0.51876645123775489
0.52347187507234094
0.44439358617630187
0.52266659942528026
0.50851362210033313
0.51156460077449928
0.51456598487173155
0.50653137678143667
0.51370617111311978
0.50682330646605833
0.56076486618632282
0.48181728164632165
0.3208903414287958
0.20047863675315364
0.28286104320361111
0.31086073243431062
0.31037659535324758
0.27725949767880809
0.29809588209263288
0.28959211992867012
0.32113919227138943
0.40837512319040692
0.27099718978877652
0.30541883382696461
0.28957800880313511
0.27558326778300735
0.27261387622164301
0.34075462667589534
0.31920738470541155
0.31435189154332466
0.26358345068328576
0.26205562563659834
0.34987298338356793
0.27953457772896889
0.38043398790621663
0.27537275532765398
0.2780208867661853
0.30359167745378984
0.36221543975142173
0.31431843349031169
0.30746359376416993
0.36022565339147794
0.2782597969659692
0.29508415339249799
0.15819358793450883
0.21001934787595694
0.29771102291734414
0.31865217670137397
0.31611320828205525
0.30416995746946268
0.27981565413895859
0.31532425685910931
0.27544124207481102
0.30829133029675609
0.33328561532846646
0.30334358526412758
0.34419812165329872
0.34270398500519583
0.28051160932260766
0.33200334692241001
0.37205745910353838
0.35271637168761055
0.2921556140577794
0.28915324300839329
0.26642415445731976
0.26885855182551976
0.30058899101519709
0.32081068184103817
0.29147631812244257
0.29576849164842306
0.29438494381718588
0.2980335225449785
0.2920292164914845
0.29383172462644824
0.27851563000970714
0.37118180364893094
0.29046130488840394
0.31560527443614328
0.51321415204910481
0.48448777477003852
0.49387636305858407
0.48638310933788204
0.50870736175544318
0.47611013264485952
0.48001372329928016
0.50746343840855801
0.50232093417643919
0.49863224517617644
0.48095541310823664
0.49808819853761804
0.49577434339190174
0.47894555304565112
0.51827805956019912
0.5153255527246362
0.50414109852534095
0.47044120888972896
0.49278089517167784
0.49843267950827136
0.48689327142334965
0.52888054312888
0.51517077199145678
0.46762700019360387
0.50350900213117866
0.48224342595442826
0.50902163344002571
0.50059719662233793
0.48214370862182176
0.488848209575035
0.28837474884844716
0.30323975044968754
0.4876787697160847
0.51045836064994254
0.4978404579449624
0.49651451632219717
0.48472667159428018
0.49840714228650146
0.50850398817919107
0.53027006429482904
0.52667278934761352
0.50504297018475375
0.49166080947401819
0.47364738972396325
0.47643983003355711
0.47791403600010757
0.48208318425270147
0.51841649252180899
0.49080576824376704
0.51638943028175022
0.50612415821018164
0.51193270259735535
0.53649219709635465
0.48127735607210848
0.4974679452111056
0.47421861325466652
0.52375990500181324
0.51277962153239076
0.48910234105171785
0.48171071814376504
0.4821593892737388
0.48105666459224178
0.28651260821849994
0.31409012213815646
0.50119762040140359
0.4837821267470172
0.49804588326726229
0.51028738036990384
0.4920183227041538
0.50418690498135799
0.47317594998689261
0.5067134459004069
0.47608444507274533
0.50734685535321922
0.50638692721738365
0.49415366254443538
0.49705141377941547
0.48814013729563338
0.4984905918187128
0.49024655957159796
0.50026626222869319
0.50878912253703978
0.5176012102797628
0.51215922689317173
0.48979625373921376
0.5136868484762992
0.51369984583234851
0.48386707876055035
0.49820683422738754
0.46253153991587004
0.52127359958572195
0.46532471288864674
0.52692437233463507
0.49355255160769917
0.27118598847311404
0.31212418447161577
0.50648218607417517
0.48376639570228097
0.49756048043613138
0.50804115740696976
0.50201886793701245
0.50723016200301607
0.50027323305735927
0.52068406758054298
0.49012680993830016
0.50155686692300594
0.51331409163322661
0.49615262961735529
0.52134830682364575
0.49125353347809253
0.48235568391738814
0.49596008299897915
0.50886607366625347
0.50748044797059855
0.53894035972877519
0.48886540948961305
0.51041314743814803
0.50374135519629148
0.45764996812530884
0.49527922955670128
0.50343136317868531
0.50071068912482786
0.50735117282187869
0.5011543794669594
0.50617623470636453
0.47597428550958487
0.29458449840392581
0.28583793085900977
0.49588937911651038
0.49314539137870067
0.50774827990572735
0.51450435672279171
0.4742019676210944
0.5016369544025675
0.46823565344734391
0.51287545503981369
0.48920341459964084
0.52176433371313524
0.508056479337467
0.50281846769460692
0.48962264118940202
0.48850310353572807
0.51458832619962336
0.48540732700883205
0.49521906934688664
0.4825954632891023
0.49927199986515758
0.48311027594529354
0.48298047432316815
0.49530743246853665
0.49808773601841322
0.52156435275265967
0.50034070712377543
0.46058256150632354
0.50486754026994818
0.49344075391892078
0.49163650826294658
0.49800156598798795
0.36000888009689241
0.28709113538176445
0.492365154017393
0.48729301929307123
0.51591142599981221
0.46434794529231443
0.48459851701740658
0.53034553030603104
0.4562873188414831
0.50738085326823068
0.48651119844779256
0.50452033224403592
0.50802211867043989
0.50420117676446141
0.47627137287700255
0.45497172936109354
0.50296184091808183
0.48200773233097138
0.50820091442078896
0.50310442218230245
0.49651736896359094
0.50173768857115197
0.491196385936639
0.49623854667063128
0.52201608430684909
0.49134001898410778
0.54848542655095589
0.50094187965667758
0.4908290232483758
0.50961721352360145
0.50543442028495966
0.50396591331691565
0.31266992531826876
0.30587348548301602
0.49694657296235351
0.53817301378901927
0.49225845064848289
0.4810283642805524
0.51181482603522321
0.49209300255178989
0.48230273631697362
0.52042115266609967
0.52438377288432836
0.53947183564203571
0.49494228088415859
0.51390432760175198
0.52391627342977365
0.52492609708637117
0.49300969279354567
0.46588496576355898
0.50021756013176499
0.50052272512227824
0.48817168033485708
0.48943949417132554
0.49762588810153446
0.5001173658201864
0.4657400295180727
0.49151964490661776
0.49473215065638526
0.49588084942740301
0.49652985887101481
0.51476471803272428
0.51379117832135923
0.51991832670381632
0.28798239003651654
0.28698785049693842
0.48962218785464351
0.48377185611859785
0.51245561755056035
0.51104099142438275
0.48790701236425815
0.50427161363025264
0.50371577799268241
0.48026576631296752
0.49147219175094353
0.46552975366962818
0.49113031893894676
0.50043912374604504
0.50233462831175035
0.51423162743528616
0.49837846143746511
0.48011137335809967
0.51616063371814991
0.49527762108604867
0.50937212435796253
0.5083100203164107
0.50724687973013183
0.50828105276536073
0.50183018374334487
0.54807158083275453
0.51990955697356311
0.47746530831576528
0.49519730959525698
0.51839917956160264
0.4961641066328864
0.52287409797875795
0.28464436497093165
0.29284324466636186
0.52002863947510991
0.48580072163600291
0.51733371117415838
0.50406300422600525
0.50962843514828737
0.51965058573622314
0.49024670389593628
0.49835546540684483
0.47842159989365202
0.50972227532425174
0.49019845979785631
0.45562311271066741
0.52396163255808781
0.50070502746164691
0.50063888194732742
0.52703843955488339
0.51481667862563507
0.49537272015603229
0.47582678039388709
0.50677142503692552
0.55545350914538461
0.51432662289462328
0.49585227726084602
0.4813005716012414
0.50700838354337374
0.47762530872303721
0.50353804388278756
0.50077948522959059
0.50623321797579657
0.49509044652567058
0.29822998328481737
0.29772443729985693
0.48975651235666207
0.5084071933342631
0.46598601924849348
0.52072859977484998
0.51975312134699592
0.4777217522524978
0.50746729176885508
0.52919412472167215
0.51875835778595192
0.50678269765036255
0.47280148553395562
0.45220772066011033
0.51526486823362883
0.50759340561970079
0.48758761859494321
0.51096653167836759
0.50091894819063854
0.50756043184498068
0.51874759142696791
0.50845505314598949
0.51938843443748239
0.52968606844384492
0.50396697376072652
0.52133775617433409
0.47703269577082497
0.48051566508697569
0.46803197419938103
0.50033139656129355
0.50619633147831611
0.45448427248176876
0.31160781430100692
0.29626464646986028
0.46001062740727944
0.4818713859242067
0.49473657778264224
0.51505700251790532
0.48657217877850645
0.50379772049029203
0.52756935984423881
0.48370062162222077
0.4841785903437742
0.50415641965481273
0.46969340043165281
0.50207255096278436
0.50984887811082935
0.51219761883889814
0.47748658571816949
0.47258068352193322
0.50618641128410824
0.49224854141771679
0.51399933423011424
0.48605456418051246
0.53364554852808976
0.49040112071580649
0.51977814930089927
0.52109045498522832
0.49641584963555968
0.51642141536040043
0.50229114684190324
0.51331888021911898
0.4752150676301643
0.4978478032964182
0.25825215474213914
0.28244382559420278
0.51099270698138166
0.50533045782514407
0.48261447621398834
0.51019578659205267
0.48895210360607433
0.49869601674187042
0.48690099195757724
0.52085834101933814
0.49288820859457649
0.51168292706892216
0.50670251507252284
0.48554414273684626
0.49162199232298442
0.48052628551185711
0.50799161837493456
0.49300375351500791
0.50429342230454777
0.48604202015979875
0.50582832399496669
0.48125445292822816
0.52247356258869238
0.49562943536970366
0.51568273452113256
0.50348775201693075
0.512701659335703
0.48409512716554293
0.52265716842182319
0.50315964630421262
0.5231655983577651
0.48496220913739685
0.31080975545122147
0.34196595949497288
0.50263709072374074
0.4926862141056419
0.50149590803219479
0.4929409117460859
0.48086052090318698
0.49205696974381047
0.50636265402939518
0.47714694184557688
0.51431823998485882
0.46506905401812426
0.51070220816214318
0.49699768513074666
0.5395307088850837
0.50402688952688213
0.49902166703981182
0.52864629706357413
0.54230920781159619
0.49461747864882488
0.48652194132735072
0.53402707359777435
0.5032445207492301
0.5035642703030524
0.49869113808489907
0.49225967360368045
0.51034214662790989
0.49632099033350308
0.48278682540518147
0.50463877991060557
0.4943864928162654
0.50663003447168542
0.2721347180947209
0.32719676318290525
0.46587736545217251
0.47312013888816506
0.48104717498861899
0.53720524632075928
0.48576727181101731
0.49756482048085776
0.46550666162434595
0.53509718499782344
0.4888422337518456
0.51168239332063248
0.52778019985193414
0.51022573340423771
0.47288017455558468
0.49039895034864089
0.51673307869439311
0.53043784535022009
0.48611490948215991
0.48636198714502243
0.5016169813693746
0.48248568052708857
0.50745436029729829
0.48708338676124713
0.4851449340315041
0.50799025900290318
0.50198299854619011
0.51758420751362533
0.49365795489839481
0.49473358185049487
0.49540671619879034
0.49590076224678087
0.38605976983622359
0.29383974377981897
0.52324209327094795
0.49073102794949619
0.49872343842420996
0.48198854977930233
0.51471718427313151
0.49916625123577818
0.49186162967391617
0.51266883209366654
0.53605025192207478
0.52935623227841699
0.51038348284954915
0.49048410219260763
0.47745071350285867
0.50832251189006539
0.49541987443574492
0.51297188604619059
0.50791307330584667
0.48852597750600169
0.51473221252920076
0.48502613894244839
0.49544019090710212
0.51089633558013714
0.48030999671133173
0.52708644661163229
0.48150005313048322
0.48726884952032762
0.52844625162782344
0.49927011820017347
0.50384009584578093
0.51161342852899272
0.28521163011733086
0.30110722341487506
0.47867812226895762
0.51309890354614829
0.49600903091156689
0.5094578687498017
0.4988854132481807
0.47961423354809879
0.51865998979635508
0.5195453132264547
0.49173585647536833
0.51243725128653594
0.52111288701897163
0.48066288385656197
0.53164974258170505
0.52279106287062671
0.48639852140233092
0.47183584181431437
0.4993011519906429
0.46821863389940493
0.51184725737284997
0.49574716296757831
0.52841505990590809
0.5248143101068844
0.47544786629987174
0.49565671582638576
0.51054052490025115
0.5065086077394968
0.50410875178141235
0.4947482283932263
0.50752039670969429
0.51941040446869258
0.27589565154549422
0.30466270413590291
0.4754800054224948
0.51264760365411033
0.47878828018031844
0.46382958103825367
0.4779344095330727
0.46024195791846029
0.49559666873563579
0.50480173811056972
0.48870319693620701
0.4947963594639101
0.47838238539094041
0.50830238565535424
0.47230759208554896
0.49819486582126704
0.49590799381290412
0.46881120058540166
0.50026206744582169
0.48819429330020442
0.5167309816060075
0.51122931096667945
0.52062385628101016
0.48896755928171087
0.48680874951351116
0.4881876823766928
0.51333631122772805
0.50231602753592597
0.4755118649098849
0.52532070208561799
0.51166567553405995
0.478752764113278
0.28797021514858551
0.33997460958107351
0.51090202075415403
0.48637397876930305
0.51039259238029089
0.52741888487029986
0.53655192187634781
0.53869052747218849
0.46054959833499937
0.45940680529186068
0.51820319069993737
0.50229711701899271
0.49465813838729028
0.49142766552761258
0.48468173449831187
0.50022570755796858
0.51107388848815438
0.47065567321249385
0.50959383760170307
0.50885298091307296
0.45929614163170401
0.52286851370297571
0.48437563371920006
0.49778992489818397
0.50224678544665813
0.51392548129302096
0.5022179522536272
0.52164375486323911
0.5335281135672385
0.50819196916157661
0.49488323975695708
0.48336174416007643
0.37020932917316651
0.33036702227754133
0.53225044152508183
0.51174779150526439
0.48297116462263573
0.50247370527687774
0.47190570995180037
0.49203808011138361
0.51531125225765806
0.50400814842288222
0.51668015672422507
0.49864705892247896
0.50546635673809115
0.53522292999078847
0.50261034457490228
0.53035544382167676
0.50822428871181446
0.50984500381079734
0.48526472700369
0.50369771610398983
0.49651198806466995
0.48394818051195559
0.49297976750760852
0.4902227371018506
0.48497555091552547
0.47223427828579578
0.5240178037050085
0.47183627384678462
0.51355019073618657
0.5093229207328569
0.46238497860111355
0.49856482559165249
0.3534593870228101
0.32361882622039295
0.52544243138701363
0.50668249871850402
0.5105119918581672
0.50777777230094523
0.50946284294877298
0.51991888839208922
0.52218445980376216
0.51403274937948973
0.49847093451765989
0.50087352597084289
0.50278236777314778
0.50876595406590264
0.51123317957561365
0.49921479647242201
0.49402265607002976
0.52198240186862066
0.51586359549244354
0.53678808794498722
0.48910161893544696
0.51005071851587136
0.48362913142374098
0.47326494902848765
0.48956644908630059
0.48714588163357453
0.51779935175000502
0.49858940770113208
0.49495784600344073
0.48209857531131778
0.50022498538192484
0.50098225591263323
0.2769403711741284
0.41304565370408969
0.47177746331096687
0.50798628380962541
0.47690677943803383
0.4987732162885653
0.47546885120732346
0.4923346277641249
0.50995636230736896
0.4814951889020973
0.49490455258725086
0.49459594116288091
0.49806509704951346
0.53757192447377
0.48927543523500766
0.50980018625875323
0.50482097786613556
0.45716504488817333
0.48742790848486123
0.48880877524872174
0.51313518528912161
0.51011971518631016
0.5177786386882145
0.51451005727426546
0.53008673243666427
0.50869067792565215
0.50094081942987689
0.49435713765388145
0.52145380795069052
0.50501806393983373
0.51578429017273364
0.51965740122489024
0.27191438912775018
0.27678236096681247
0.51644904239697087
0.48913973458776239
0.51348212521647396
0.48074771434376662
0.51011856238401276
0.47306743813182162
0.4945618455707686
0.50585810637811013
0.49496537370598537
0.48315717759514643
0.48967344404266527
0.47740849504735955
0.48682902814881124
0.48570382831207431
0.49735720290461527
0.51170611771711727
0.51220148900200846
0.50251679750772393
0.47139974540363994
0.53864902404380488
0.48975662769573103
0.52781756438145755
0.5199066670573349
0.52788923201212434
0.49698654073411686
0.49096095750827928
0.49933783467120213
0.50164296755766991
0.50330907763904087
0.50634035834770708
0.30958140246580601
0.28958408595294982
0.51443776384776785
0.49507467447049469
0.49480566357494626
0.48515652261356934
0.48296974921703939
0.53434641756395684
0.5040850551896221
0.46982483598936969
0.50941061357137662
0.48714742917210879
0.49017085896650642
0.50450800134721663
0.4987025277972611
0.48389218933702244
0.49182597577923787
0.51359363654165635
0.52584276493255466
0.50707214297448566
0.45451859988428495
0.50655723848129219
0.50593951229797496
0.5139419891047764
0.48776733844554154
0.50270079043753924
0.48018952534408166
0.46572260937998661
0.49659546169578739
0.52954793499079056
0.5118149825981827
0.49049296202729048
0.29382231235272022
0.30755385785290024
0.49598037494560154
0.49397028155839395
0.49956052378717131
0.50360314283280461
0.50855119521157133
0.523113245462833
0.49708661435366897
0.48368753112047197
0.4864902500408117
0.51094708483047635
0.51742174596980706
0.49725574082216811
0.49537644691274885
0.49497707585573064
0.54000029168412367
0.4915141059732005
0.48708995238653907
0.50185967291768807
0.50836913610194234
0.51757157079766403
0.48532607519396381
0.48992734087042916
0.50284317148429925
0.46633736533358794
0.51283739104838644
0.52684137980170143
0.53845873152554691
0.50752481672509397
0.51815097559212009
0.47394218531953952
0.34636166315442635
0.30075839169924878
0.50169022282190501
0.49403539641228156
0.48782079121171379
0.54242918218170988
0.52400080945614547
0.47051394405928892
0.48574730834108898
0.49867845602209698
0.50011283897172798
0.53254527995946088
0.49914630988236847
0.50105990986282167
0.53971287057248019
0.5099953737522821
0.46883312784093106
0.49206981386437643
0.4818951021031207
0.51617455306818816
0.47720060477309234
0.48155038115746152
0.5067512823083884
0.51953050385328114
0.48494695961111994
0.52037393493971118
0.50469505805046555
0.53200361723168432
0.49147108256957506
0.51254028702065613
0.52502888613578258
0.49886838787266724
0.31658088462668238
0.29756750999978099
0.46836661260872697
0.51257155015947387
0.50267455922549775
0.49771146406901712
0.48920779534381592
0.50090207941339271
0.50033582194830539
0.49937081453279714
0.50826466764618827
0.48887593529921819
0.47475805157492351
0.49403628696039747
0.49895800508220572
0.53516253057222118
0.51894653814309144
0.49797118543908214
0.50753128455594676
0.49020164363920909
0.52291739338429022
0.50745079708126251
0.49430340176171444
0.48218863381382487
0.48143650209230238
0.5116365524591604
0.55201249304454969
0.50148649906465781
0.49833335601454909
0.5178768380671952
0.48826436092583037
0.51626021113996157
0.40115676798350802
0.30015256641854365
0.50232847991347784
0.45170245249834157
0.48168588932013584
0.5262180096156549
0.48557084777459536
0.47817693424478241
0.48680373498271812
0.50045522150241895
0.49464048048701781
0.5008372750294996
0.49145898339765598
0.4987657331153586
0.51032694832107506
0.52641229780520404
0.49803122560159452
0.5051979846443917
0.50188005717792028
0.51086130048281464
0.49043501248672033
0.50857399235518508
0.4834515888964962
0.51049253486346913
0.4748267356481477
0.49967801542278495
0.47320626682607342
0.4814739401118952
0.511661435399697
0.4828163580038965
0.51195857721781035
0.5033957253574366
0.32677060799545715
0.30076282029332824
0.5154117594689166
0.51579409324429981
0.47100436548249108
0.47360933937935201
0.50220600347206612
0.50267621694361697
0.49681298874046664
0.46069381301405221
0.50813172200878742
0.5273329479453831
0.48362370114509678
0.4985144625440992
0.51641160692861243
0.49788889946549153
0.49602186141821802
0.52655618915278302
0.53463853199809819
0.48007484219805396
0.49565990310867808
0.53687267357247304
0.5077390804379549
0.48065694182682506
0.51280340871818419
0.49139665815576333
0.4876645349332363
0.48506100969381472
0.49339947239636983
0.53099027633574303
0.49821443756336981
0.47927215437140908
0.26922771532414475
0.28862085211324101
0.49109133457136833
0.51680558223834727
0.50185597467570886
0.46522097001325957
0.49497223922302125
0.50372038120924312
0.49274336121579465
0.50064855770733874
0.48311642300012808
0.48720994535083417
0.48166622700789163
0.51603834590329067
0.49533141969336447
0.53961049490811641
0.47710402069469948
0.48737900688962615
0.49711143152985049
0.50157257609777717
0.49646570243531246
0.48731845857512657
0.51075328793452346
0.48015263967233568
0.50328006746874776
0.50695437194961379
0.50297047935785721
0.53202459941360336
0.52160680746200216
0.50656426108076491
0.4982243087677522
0.55043656299986576
0.29913524833755073
0.24335472754410967
0.51566732809601301
0.51739053092563159
0.50480479923835908
0.47790849036834576
0.50115224719542117
0.49645698316283488
0.46294168998753971
0.50599893321913725
0.51848985705176198
0.52576622411804019
0.51726267830829009
0.49434069965330646
0.48140682852601635
0.46405533532957499
0.48358327456498834
0.50109558518697683
0.5161154149668995
0.49426383913766786
0.46420662956228437
0.4840853652494545
0.5083542153692362
0.48333562562370214
0.50753503453917659
0.52674700875116831
0.49083632352762868
0.52693449658374847
0.49205647024226568
0.50075763048210964
0.50620082547842249
0.50000718983095849
0.29789829187437161
0.21421827379289435
0.32083593049185699
0.29006434131448777
0.30109641699480566
0.35497020556747155
0.30977718948926564
0.26114766612030577
0.33196452086687533
0.28310985487157575
0.3363055650903341
0.28452809010312557
0.28893840262719106
0.34442761423221829
0.27327875505443111
0.30411389610667716
0.29091217430317889
0.31242905890563588
0.2972517898838683
0.30059230459603742
0.30189151031309058
0.37921375803893953
0.30937336903833729
0.31382840320014832
0.30523656636616858
0.29547735173782042
0.26990186785742531
0.29025422760480563
0.28190952630571642
0.33145115324839891
0.28764249994565783
0.27055893236113499
0.22748283295884517
0.20245740745722773
0.29572990402572064
0.31205442963819108
0.31890253281815484
0.29703243974816629
0.30074590499300669
0.33262178396142184
0.30255313036101461
0.35860790027244144
0.28888917782167439
0.28107727462270721
0.26698982785168646
0.28019195262517976
0.28163827218422011
0.2862018603021263
0.35454900436909853
0.37067971572411529
0.27305623499504755
0.28389070649239234
0.29350133629588893
0.30519238747524513
0.28040061458316146
0.32670881574904642
0.29847858948677697
0.2936263538211894
0.29291233288738444
0.34664206958259852
0.30659324697171958
0.29585323832370225
0.2954367597374043
0.31758638390217026
0.15813501575013472
0.26901490576787501
0.49097063345061243
0.50972482572034084
0.51288967572111477
0.50956267733507565
0.48145028458967865
0.49321451225742907
0.51419817615191643
0.51961381281667984
0.50247938409189252
0.49860913705407234
0.51724038574703046
0.53056963320745087
0.50922664586024691
0.48528575105850297
0.52113200777425317
0.52907257176820965
0.50845585639016777
0.50805870104405471
0.49616918273666077
0.50645529891294183
0.48301629672687313
0.48863552333122889
0.49611275682245387
0.53087311998058861
0.4921772914759035
0.5302461543217285
0.47622713634675978
0.48984034482555849
0.51272478137270483
0.50134780029630921
0.31000830520066758
0.29446486149860485
0.48044954538242557
0.49131871300860741
0.51891314940381272
0.45731257811921527
0.47514955058583142
0.48958868359822894
0.48638627780248
0.5045197008825173
0.48335505565377862
0.50791890876648882
0.53600518034474565
0.47997057962521217
0.47556364973353804
0.5121630285720723
0.47779765019608461
0.50809048911554711
0.51207137493823351
0.51301682699654427
0.51480852456263593
0.4935388557484861
0.4954302264439237
0.49258508648457777
0.49777741969979433
0.50592392229157312
0.50089387831009424
0.51920902250537326
0.49902679404956135
0.48291856751670426
0.48179226517547907
0.51730992626116135
0.31448267119278106
0.2631824230078762
0.47359113035801575
0.49361860592341489
0.49623757559200343
0.48353433603462809
0.51058819928705723
0.51943171017920042
0.48332878128429352
0.4882616765690812
0.49043107007371189
0.50280640670584631
0.52418121091870051
0.48077470761395275
0.48546216588921426
0.50164780211820426
0.50175266145951147
0.5005815897152055
0.50071949475024946
0.48401927761810015
0.50726087840795842
0.49928386838353206
0.47745637357077192
0.5029419796628205
0.50161747657193845
0.46267465459358331
0.49452088249197129
0.51014456901092875
0.49825557601053522
0.49672172672769926
0.48026183597708766
0.49148459762050301
0.30441995766417423
0.32381876789333808
0.52028568139523546
0.52208310060352092
0.49951326196992096
0.49038985126175255
0.50735349743865843
0.51621167141448587
0.51345324480333432
0.49543056936665103
0.47822393836514615
0.49774093409671527
0.52301290061073424
0.52526200957664604
0.52441697877164217
0.52316662372298217
0.50829505486412574
0.48735049909989542
0.4760548840144706
0.48337226452045728
0.50045918638046472
0.49845391550936363
0.49005245336330183
0.53377418673378407
0.48737421397785124
0.4969846694385901
0.46923442788013847
0.49084350308408836
0.50411390427486125
0.53202269403212799
0.49625843398238889
0.5074532476419521
0.30008812401000978
0.36706876474772476
0.50142416269058909
0.51662182358994513
0.4771554941392438
0.49814175060051996
0.51017577259892866
0.52084300450566601
0.51548887101134822
0.49792966476373329
0.52382651091698507
0.5337771762696446
0.50443629912400301
0.53452797025973908
0.51407151250667615
0.50114822192346664
0.49309339550678022
0.48475594054366195
0.47571804437998799
0.50062544831243805
0.48906727060509469
0.50789308699831837
0.5307352252969556
0.49503699724695222
0.48755381569081463
0.48730287697132435
0.51689502027901002
0.50502030267145037
0.55413805684413486
0.49303119236337151
0.46757750524450425
0.49669174095800056
0.32841556965343233
0.30158561765801184
0.5155088765042003
0.47773273165605246
0.52522485305044542
0.48002497174331982
0.48364927119850942
0.50900664477134427
0.50539596866163294
0.4987595894705496
0.49243942716027228
0.49556319831052981
0.47720720519983223
0.51439507539809637
0.50844851592396056
0.50613498473832408
0.48423022103659258
0.49637252984738828
0.55718610008125047
0.49732986218783365
0.50916496518747223
0.52588606622595035
0.47799967236312241
0.48685978019288173
0.50811716526526962
0.47875370945355411
0.50922459835357192
0.50058786186737381
0.50595482589769647
0.50231400071588617
0.49923516382727717
0.51525269324816081
0.28988823021482335
0.31009082416136663
0.5012891933916549
0.49450616476947562
0.49582100045078409
0.46846611552749035
0.5102531191622689
0.46489070604242866
0.52365391154236873
0.49950000285504154
0.50649381563802598
0.49208644967968551
0.46582265976726589
0.52580176609992679
0.48323376391981288
0.50538881811778291
0.48240880180848272
0.51264235475660169
0.4988377492886315
0.49614231218445631
0.49109658219851882
0.47855591076186521
0.50169369759138482
0.48635172326356552
0.48039652036572134
0.48611376372508208
0.47980630008015762
0.4823764354962769
0.46879391688454386
0.51760540924505205
0.48282143660539473
0.46406509925196754
0.32694844603074674
0.31593889459641145
0.51880671920144406
0.53232308034374165
0.50881338963431766
0.48904814983131872
0.48350583218270776
0.49214253498245469
0.47148329600206801
0.51248024573494788
0.49260351109521378
0.51227944846319351
0.48695444858526449
0.51389106830460607
0.51650541236162983
0.47369172063599468
0.47768534400394369
0.51268807298057062
0.47384764217288294
0.50201948927531503
0.48169876515507903
0.53925421878295299
0.54090430700272107
0.50118111195051807
0.5115558851209896
0.47526968937348729
0.53172454572011796
0.51597023787446394
0.50607178682892184
0.51220743666535051
0.49752466031168863
0.51845161847319499
0.32265666772089396
0.32205826350835176
0.49618546958282744
0.49643817639256338
0.49450347883711226
0.4999694068766557
0.50488929197233479
0.49352904552589066
0.50155490819074511
0.51518030931356085
0.51277893211605929
0.51256454156134057
0.49553080329840737
0.49165075890009075
0.50505390751879464
0.48397946944270731
0.51514924137768436
0.49550451230199771
0.50954393880663618
0.50444385099746514
0.50921357304892234
0.49427416779855349
0.51199882669869778
0.49860698823568161
0.48621077032018345
0.4787277281971663
0.51592395957930692
0.50590214367060704
0.51565601977915276
0.50861993492530533
0.52417018599891074
0.50194579134754946
0.30598942050910638
0.34141739174743524
0.45232490032285239
0.50035069684654798
0.52039185009780919
0.51257645275256569
0.49922211296517971
0.51533887200023731
0.49933574627895322
0.52364019400654471
0.46180667631054356
0.51544678308832481
0.50610764203238445
0.49970415338966556
0.52437264401330308
0.52347795036495004
0.4965976855993835
0.4491164786730813
0.50479751889410462
0.5140502837906975
0.52185266938035224
0.50946186887608957
0.51395545732361703
0.49363921994459181
0.46991935452114664
0.50445011814356255
0.53671165285469813
0.49693578632597968
0.46527830900652778
0.50340459068243015
0.50950025842181434
0.46837849943514487
0.34144362185302424
0.33179013549115172
0.48685047296357969
0.50472350066130944
0.51017194853840919
0.48000222574256834
0.50250408411253455
0.51914212335745791
0.51923466191980661
0.53012034473802461
0.48668046321731884
0.50376899804306619
0.49985688752765089
0.50500953827699924
0.52741068423827953
0.4824004671048841
0.49994261851418359
0.50589759884999319
0.47661202453253243
0.52380902155658193
0.52271763428097784
0.51410495741935569
0.51041346307599433
0.50404434162637402
0.50154683143877798
0.4778984597176934
0.50532752904934142
0.47719029268879631
0.50085753287006884
0.46080266273414278
0.4751476767663419
0.50154343480709251
0.28676299611768713
0.36786545806565213
0.4871973541258286
0.49338915328326627
0.49268692740481174
0.47389769658244607
0.50179090313810215
0.51235288961401138
0.48501649209936959
0.51165197447013622
0.48846362931375931
0.49509587864919369
0.46288628456948694
0.51348117606752131
0.5134541495322178
0.46616443290698117
0.49306870099173844
0.48955374259908152
0.52595429060175714
0.48917697900062446
0.4952363182810563
0.49640686421763375
0.47799897766342797
0.51381706436621188
0.50154658517220674
0.48798423847317268
0.49625030645488499
0.4875172963535831
0.50561720427457113
0.50604241509806025
0.49078706750946505
0.48281918202424151
0.30936794151832142
0.32004705003758405
0.4907051472755033
0.52951525611619632
0.49284340706169782
0.49225043447575362
0.49028131399201441
0.48991511645900049
0.49296269449649494
0.46955874316052765
0.51402997068871037
0.50762517303966437
0.4805334504312912
0.47529378791079857
0.52111122704015833
0.48501163456592611
0.51431869587112955
0.50990551659816064
0.48831433309100902
0.47730565418235088
0.49537352357248876
0.48166512159780839
0.50529637898618807
0.47809136488235171
0.48137004208982137
0.49378858506688694
0.49936702825750556
0.48403353716104869
0.53177556343952825
0.51234531460346311
0.50273738506161747
0.49058981330201445
0.33008533912179011
0.2793628301322626
0.50874362730729006
0.49776766586340765
0.5183618114595997
0.48497270333250264
0.49084892857486562
0.47221822341436315
0.50593981963141399
0.47609966936649772
0.52327981291524794
0.51622796778531932
0.5090811185717401
0.50755551889211059
0.50849717645541248
0.50219708686744058
0.46337162761391171
0.51403247721392298
0.48241098653764569
0.48805815028616856
0.49802008856169211
0.5067807584185875
0.49751766904625894
0.50072486805664196
0.47439431428115436
0.51020891141537505
0.50715713784144634
0.52661973367595161
0.48630049868626646
0.51193632937009415
0.51211771266405026
0.50058341655900807
0.35145433571612483
0.34148668794888526
0.51474939242589413
0.49558570515390443
0.50625638036097964
0.49760075460536429
0.48306375552180802
0.50090834888855185
0.49892872382522158
0.49293135031223573
0.50118298921237814
0.5001525035005211
0.52449264214876612
0.48445365186787748
0.50516211472460937
0.50244303919341515
0.48755556658725629
0.47077353442310621
0.48814278568232189
0.48600325805333294
0.50575408362613394
0.49524681838904355
0.51390584929500838
0.53288405312805331
0.49280962059549255
0.50092949283661325
0.50920354606466756
0.50858887491785476
0.47482544757355893
0.4910023960693462
0.51193041108435966
0.48843142369377945
0.3122925264588135
0.26587692284039838
0.48987422192840974
0.5213900946596256
0.48936394239267006
0.4981667059634341
0.48115403771868082
0.50477155990444
0.50237907687877592
0.4925933191803239
0.49568017585094082
0.45848269599148544
0.47553527573307952
0.52736282348870778
0.51446177458180586
0.49850479036448508
0.5154292927926839
0.48987507010011239
0.50488796492555144
0.4999416101016893
0.53858580162959502
0.51212093447653928
0.51207888396767709
0.50804058387025741
0.48705296105776558
0.49401923855370244
0.51651677416001829
0.49098961152983744
0.49487181316340861
0.47923987650068633
0.48230219655350204
0.49610098329170027
0.28661763139308716
0.36279305059125999
0.48726487405053848
0.51258406598538275
0.50069347223568839
0.50133116834154157
0.53168609398878175
0.49856107858982351
0.50643909354259919
0.52074373137262953
0.48044229388520748
0.49809198142877603
0.491085979219131
0.55121171261321023
0.51028088979977648
0.47816766125040172
0.4852531800271716
0.47779827281735082
0.50438418618375014
0.50320872594204247
0.4973482636204809
0.53050865653035661
0.49636922977401404
0.48712674219826191
0.49225141129498273
0.50452627795531624
0.52748092049094564
0.46109629064248681
0.4871309434354813
0.49952537342000991
0.50808222902612321
0.50843168005119266
0.30670198473335547
0.28764905555864151
0.5058637071804355
0.4851622187041289
0.52290189161776912
0.49797749529755342
0.51740495064219583
0.43875182749828529
0.50880844639873191
0.47687345926551405
0.50688990724934346
0.49987730517078316
0.49961183676561294
0.5200271791812372
0.5210463535173202
0.50030003510091925
0.45779474880935755
0.47022827550045881
0.54136506786716698
0.46871726658982443
0.49983205296323197
0.47849921621667918
0.49572417632288301
0.52677524618180671
0.51114079653339295
0.51360755410171244
0.50111904088081449
0.48791399134761487
0.48534575675014729
0.53338835347624913
0.48819077238263492
0.46732083091783383
0.33150031904931293
0.29158403904747421
0.50669860050240401
0.50267525861491658
0.49135987488061483
0.49490697897690555
0.51286769271433408
0.52311583501987391
0.46057528436887202
0.47698520739242534
0.50078617185999297
0.50972814788713094
0.52614183834897776
0.49555190016106671
0.49807048969223955
0.49845105154752628
0.50054199951580414
0.53461323582801112
0.49177064210639754
0.47018477612090515
0.52400394508376757
0.48398773749902968
0.5030866416796661
0.51669458164469761
0.48267554131235479
0.52318549048330187
0.45132303433989301
0.51417026686592249
0.50840496605279317
0.51061344056889824
0.46436918513909403
0.50936400709257845
0.29806076877892335
0.35948136926097979
0.46519957812746476
0.49514368421236582
0.49682726316258635
0.48373716026706259
0.49297993370597792
0.50399580073181516
0.4807965156487104
0.52381037121174501
0.5031467115466951
0.52864078960544836
0.51591017838876474
0.49897036946118911
0.51932743246433277
0.53667410077104216
0.48495946844438304
0.49263620991439055
0.5025285434852188
0.49759059776800491
0.53560704911330781
0.51947060036683668
0.48853665369729382
0.48513377072006592
0.49494300944981207
0.50712420633200195
0.49791625921884847
0.48536491838648649
0.51913813155208899
0.4870581336726385
0.5027719846142622
0.50148836685799736
0.29855817126253248
0.35559416508802932
0.51833574846553554
0.52960045744051565
0.50240706658959611
0.47671843169693434
0.4629688473770438
0.51359386126712792
0.48383440098906472
0.51514283587265963
0.50695070385992846
0.48131689814271861
0.53704712424453627
0.45802377064184274
0.47265727568109966
0.51045859560507489
0.50544865022615937
0.51484112863879294
0.52726343390790942
0.51951903150484413
0.49549328594066744
0.52392520167251189
0.52283505201979119
0.44406017702078021
0.52722981586777673
0.5112992310369272
0.49964994635644877
0.48054392934574913
0.49503121810250306
0.49034241493013397
0.49321273420905271
0.52917521211720375
0.3364052405680471
0.27788685909964528
0.5088475552156404
0.51041108847657224
0.47113960621039092
0.4863877093950349
0.45252808936163058
0.50654600047598231
0.51737605292653388
0.4992528695027279
0.5058378699070023
0.52105362832403546
0.48826266448022204
0.4794023281416776
0.50379885479698061
0.49057673163524301
0.4963660412847109
0.4743712497629381
0.49348903822575968
0.49054840898976537
0.53386425639953561
0.48672881415104652
0.512831544082619
0.51634508840283022
0.49950680905836548
0.48748296083787029
0.52164907071330946
0.50528306845381721
0.49778415394352765
0.48173471471506163
0.53176398288375626
0.51640922451380422
0.27704580453275002
0.32687477830757988
0.50657923336010058
0.47513312057505774
0.49779836148706169
0.52123285873082825
0.51780923270504309
0.48396763418374378
0.49352133466943376
0.51196368665232839
0.51742805657763369
0.51641501298940773
0.50371447733411123
0.49704274071221177
0.52504997957055066
0.50352338241511529
0.49868107548310386
0.52166753851731729
0.50389175313917267
0.50400525513688099
0.51131929693884881
0.5012302455851686
0.46755133493228118
0.50300070211689274
0.50440423641703902
0.51785927629939565
0.49171373410936847
0.47389188078263239
0.52450030250349555
0.49422079418376835
0.50174034458933925
0.5012913967714685
0.393179909171884
0.26350789578492123
0.4802184777704202
0.49861604856505426
0.51538392616921946
0.47019974907634798
0.48818232315848703
0.51967170876633195
0.49896397692698269
0.51287039475129215
0.47548799329511099
0.50225121202380063
0.5085750255396112
0.49563585059467452
0.49267367504174647
0.48489463868878246
0.48278339949881099
0.48366185119427929
0.5148605102603161
0.48902126742863683
0.50051476053601307
0.46461130475767842
0.48520421298350774
0.46612049829570734
0.47359105068163698
0.50109052017181677
0.49455691799496476
0.50285986940457006
0.5157384235455692
0.50379850261669978
0.5134823838060113
0.51516140200074789
0.28991684297085102
0.30041705988183992
0.50819244376405326
0.51455051968340071
0.52314456244273289
0.49943637932144341
0.49573842032806653
0.49390039719784629
0.48004507617879316
0.51525886811227706
0.49554825228074517
0.49251999201933766
0.48748790723612795
0.47978333824667529
0.49898307397696501
0.46698703904976835
0.49059256348863256
0.48824929268175848
0.49949386023513143
0.50372599805722496
0.54643643881737292
0.52989462302507451
0.49319626438792241
0.49867660534166874
0.51503173658792023
0.49330972501209586
0.53897927328696194
0.5251086406971156
0.49608492215804273
0.47404747811248599
0.48298078509158926
0.50176446329962254
0.38445844892683878
0.37151484229507237
0.48935070942092851
0.49683930700787265
0.52077391463473954
0.47308398697310206
0.51592986181513167
0.51549080162270788
0.52026685017922081
0.50587733782252353
0.49372800267542688
0.49915478766175897
0.5039359766219168
0.48889365077044722
0.51415413253041065
0.50421909476954996
0.48359725315694113
0.52378105450090873
0.50990527782633532
0.51637324097799775
0.52402423389211172
0.51322991462632805
0.48319877899265801
0.51356814256644523
0.50200659387226465
0.48851241304423193
0.52657193694511173
0.4824447674413927
0.4934401221806336
0.48619122400015091
0.51582171219038853
0.4982759977561344
0.33592599349492713
0.29468767026927672
0.4885694730775122
0.48365033498586846
0.49856059586849705
0.49779785066029431
0.48527857638345795
0.47264958328400419
0.49304558910606483
0.49781846560800402
0.53712102442735665
0.48793057366529741
0.50288950610446914
0.5005765599496661
0.53188181144931812
0.50573951362109837
0.52736436701186018
0.47920063052153239
0.49526077789508932
0.48956235620502953
0.50951329934265677
0.51184562991894222
0.47072299319153421
0.50851177113442148
0.49725553416325546
0.52496153128807987
0.47645574025790238
0.51070513138603024
0.51009708274451482
0.49046513152723231
0.50409445628964189
0.49795002280284001
0.26912065908666449
0.31154727553931549
0.52426991700581449
0.5272565394944424
0.47095475889366245
0.48884995621827088
0.48889115224702206
0.50947819521972182
0.49559195587796828
0.49255928010312194
0.51722254920715771
0.49994283984679394
0.52696932313627998
0.53878232026556405
0.52701210084092109
0.48201605327778679
0.50425487193223562
0.51959405874464593
0.47848937870176406
0.49783895710530857
0.49773110667344089
0.52308166002861023
0.50381431969609292
0.51946529266427166
0.49192723660782484
0.5144484509081434
0.49368413267501138
0.52400099464465433
0.50232023266876891
0.48926555727999055
0.52148452108560972
0.51840382293467457
0.3194535019261508
0.29950232569067492
0.52343236545227689
0.49728750048682779
0.51013928183626978
0.49254245199787733
0.49564877496969134
0.49604325105560948
0.48876092430098167
0.52670924146313158
0.47695487515351614
0.50890430755371963
0.47802692632675142
0.46692287215936956
0.51168516345699944
0.49848827122609946
0.49263913603938031
0.46337080256675045
0.5077150080144941
0.51434964501427405
0.50215646845786133
0.49071233222930871
0.46276969312885818
0.52018049380648435
0.51080383623309289
0.49346145315759571
0.47460383827519592
0.49133516473941374
0.52793574959762413
0.49543057251491701
0.53430344706421617
0.4895289765649638
0.26392309723647611
0.34238401458776302
0.4873760259484371
0.4791979115646377
0.5064575571687524
0.51439804797464617
0.53635059778365046
0.51242388611936485
0.46131215257116187
0.52249497272749623
0.51613594468128177
0.49295635715902969
0.48240771392890741
0.45507938813829207
0.50483583714014912
0.45985968885579892
0.50083102393048917
0.48111522137064577
0.50229479967258839
0.48610680250596711
0.49829855930190964
0.51676738618915263
0.48669784099109498
0.5155492956141241
0.45924672601807209
0.48249514791101544
0.52190737941526144
0.48341827242228602
0.51186890609579661
0.50104302283041824
0.52835779120569049
0.47720026700229073
0.28309159307395071
0.21509483798917933
0.31159581137345282
0.29847846202961065
0.29363151706431806
0.2916912831745862
0.32044284103323506
0.30317654999605864
0.31113546755320953
0.29419139321852639
0.31672072823551167
0.31263860210570338
0.27521622365711157
0.31115895704529128
0.31812013572873543
0.29693709057926704
0.27737485581952503
0.30997900000199996
0.3139564669021877
0.36967150552726513
0.35984784886069127
0.33699654463815704
0.3196437530457707
0.29016665993131802
0.31243387135119277
0.32680161962561166
0.30137813329619451
0.28785333791444728
0.26020435457988966
0.2726125657441309
0.29962153330099961
0.28674111489716114
0.16785943454404534
0.18339126935501396
0.29462567541965418
0.30225822273426933
0.34716789567747192
0.3630177962992242
0.29868603089673673
0.31899779534574746
0.28827205887815033
0.32072186826353044
0.33381786930263085
0.28076705742717672
0.29604128237069194
0.30707688548352308
0.28706017738811979
0.34994560977691264
0.31149232599087495
0.33186301743455254
0.31521811338812722
0.29584764855516243
0.28306179450023738
0.38330551636981114
0.30995567096152282
0.27962541968661941
0.33085955599701466
0.28044959911314576
0.31391305970412497
0.36923156171635035
0.3219758231798171
0.2813149103323126
0.28268049890810032
0.28713423388207843
0.16235832059376207
0.29026375159502893
0.48679482228983284
0.47678691845942978
0.51169438347052232
0.50106468972069884
0.50598996862852808
0.48380300610394766
0.4843732432291275
0.46962501749367064
0.48533271748186096
0.48548767488685451
0.53449401313335276
0.50355935826482967
0.47908579268253887
0.50320561500936911
0.52506146332686332
0.48888641701130076
0.49872013576935081
0.51378872779866414
0.50788778673988089
0.49186282012433075
0.48899167254924031
0.50921878929069619
0.50924573983277865
0.49077809061602012
0.48987211821089544
0.4770324397968575
0.48861011538291776
0.4825472963499855
0.50216714401230689
0.51335761316380202
0.35729908188604093
0.28047011471889577
0.51602215729046608
0.5026317104854986
0.5133636758230804
0.53278540144537245
0.52914543812549508
0.47138063461648028
0.50468464123304835
0.49483381921318209
0.51454833168340453
0.49733931489826377
0.50315114651403736
0.47907859722516288
0.47797060368824096
0.49824119731164196
0.52708594612187354
0.48356618200895357
0.4997756483329896
0.51050384515950242
0.49109368218788152
0.47231649107425255
0.47947372689925616
0.48437466971116827
0.47639516145393668
0.4482710258126778
0.50089300087715694
0.50556760829327585
0.50112212756877417
0.50539328825897811
0.5107096366461088
0.49081507238985284
0.32883303335703445
0.30544667577283724
0.49206898827126305
0.50464392623350718
0.48333535872891675
0.49123655832434976
0.49494832156260837
0.48895715624660507
0.51259089836529204
0.48326714779946234
0.47126345149078241
0.51421500699117084
0.50856851365042377
0.46037475313036541
0.51986277049575447
0.51359100427936466
0.47568330183371116
0.48864107464586909
0.4704236474456347
0.50911612233425607
0.50099452004494427
0.50409946485934587
0.49092621041718615
0.53117780023105476
0.54149683819199224
0.4974690414228104
0.49737555478296797
0.47496448864973395
0.48876665506907951
0.49690058697771672
0.48505414112593537
0.52049972637092035
0.29260520420832897
0.33291272174459946
0.49367779754638441
0.49430702219763173
0.51881659069592234
0.51327744345057258
0.53851466365559419
0.50426441094324193
0.53386827521034919
0.46954444417095748
0.46629913458461925
0.5384603301180636
0.46473310114547545
0.51453779224314333
0.4881657639250675
0.49018524452162171
0.50727418588901318
0.49261357393840188
0.48653345613890481
0.49390910520755921
0.49861267800577941
0.50177162731431024
0.50293352454876894
0.49145134914079425
0.49568254206838691
0.507759475356243
0.50186004823318509
0.48575485796960427
0.46784757050287867
0.5093631737698171
0.49895854035671927
0.51467568142896125
0.33391993865996172
0.27619144922931471
0.4891772758823667
0.46858925076842928
0.50535255199914419
0.48286738667185164
0.4999783621747565
0.50521421864717253
0.52555915582207891
0.48823690091601746
0.49737867348566139
0.51873809096267842
0.49614067903298759
0.51736939572709206
0.48472003661423552
0.51382500111483387
0.4902870289321673
0.4843805799348665
0.51497685733128862
0.5066561628548697
0.48260488527501533
0.49564368258762903
0.47816028226549012
0.49030694736111557
0.52613164725884443
0.46200817264932675
0.50281289031845078
0.51684925309489749
0.49369840544064914
0.50904769203631395
0.49747624641575261
0.48181903311466689
0.31134808205668085
0.29012515880154377
0.49824254962174575
0.49257549238612397
0.52087766245319622
0.50900429911127754
0.50213461657037217
0.49362931110050551
0.51237940803052739
0.5098179416581109
0.49068932525501302
0.48207715658104339
0.5011284671200873
0.47095780762951733
0.51248467408767939
0.47808268781681762
0.50750321240933216
0.49072426636476685
0.49955572147610544
0.49787159264625203
0.48992008325936331
0.49363606112269687
0.49638824829008837
0.49695104437026738
0.46919959453132593
0.47710285244014666
0.49021506888368516
0.50791133160319746
0.49684548214960084
0.49807636493241375
0.50157930542749007
0.48505785161599807
0.3266131414351322
0.34040146069607802
0.49320448371884068
0.49784479294060818
0.52410452233985094
0.53198569949690389
0.49729418163331068
0.49269642219190918
0.46276213668419935
0.52604403699757818
0.5047435570592248
0.50838870017856308
0.52080083581769621
0.51546850396377397
0.51254042258328103
0.49869588302983281
0.48500107053221325
0.49321235890517789
0.51194056184006786
0.47356137905594969
0.50624050449760183
0.51473593897082792
0.52389166285794009
0.50110662396084182
0.48814570334431351
0.51491384570019794
0.51293001922671466
0.4752167240093717
0.50915234821731037
0.51643444214423573
0.51870053851176778
0.52166365486058286
0.28459209065844748
0.26213670493291413
0.50060384629611265
0.5001828407482195
0.49489409687748748
0.48444039312800391
0.48674028378468548
0.47796335116690536
0.52196324923421045
0.51445684752793119
0.48872844790705916
0.51021239650071015
0.48368485505660169
0.51344975972450169
0.4675207702839696
0.50741143099808605
0.51576349266724841
0.47901219397583744
0.5192409637461004
0.48926895269927873
0.517908044011962
0.50271476000298687
0.49540604645241659
0.48045447566890864
0.51229435151911495
0.52056878961556285
0.51730710002865865
0.51372303628932092
0.55043189853795382
0.48488015597650097
0.48727083733779003
0.47423325139649164
0.30277133105094184
0.32727383678125821
0.50793326143791262
0.50213909961718473
0.50647837504385973
0.50052170406845031
0.52173449619561951
0.45855751925017618
0.50786693005201189
0.51929557912975455
0.51339604065309796
0.50431336142396599
0.50899740948974459
0.50699705016001684
0.50283616696980593
0.48419237418069949
0.5017846472040195
0.47703137512121552
0.48115489988911936
0.49258339241750709
0.53119486480053846
0.51783941080190066
0.53067276527194107
0.47113539964576262
0.4948902066306774
0.50348759308246793
0.51356199354902599
0.4904375368578357
0.50902089844960141
0.47285518159141188
0.51594779161042637
0.49807922127335469
0.31448680789543532
0.29890329695830808
0.5144166982709476
0.48674127476558171
0.51067666948326917
0.49058305546942005
0.48324107272963596
0.51130769383243169
0.50429305852023965
0.4786822178243863
0.51945843052581997
0.51081758616981365
0.51483517433538517
0.50447205830308195
0.49140539465403671
0.49108722282174866
0.49254835802865621
0.47172124427183582
0.4959439480020098
0.51268953491420821
0.48850055658530706
0.49923563693936274
0.48601532505469508
0.49307566938882774
0.51360031720715982
0.49648196035717296
0.51686920410411896
0.51954500347576438
0.52232114658058681
0.50652163127061012
0.50313942531506561
0.48809317356814425
0.32237670431384702
0.36203488894269392
0.49074711493615925
0.49344321368927979
0.52905126138620906
0.484951530465831
0.53055572047636601
0.48877917034826707
0.50632620698720721
0.50217304680138686
0.48714409210230486
0.49589739986252429
0.50691218738584032
0.49966931695326811
0.51886600340447753
0.49451717035787668
0.49596660792864339
0.48878418440357363
0.47296346446676502
0.49255137956812628
0.50364858071208407
0.49414669903701258
0.48645057035916839
0.48808476771420778
0.47703712484938343
0.47859440644995727
0.48567555250029348
0.4838618544691356
0.51800949809350938
0.51552072864519638
0.48691899244401349
0.52488642733312785
0.29167268419697812
0.31935934484806416
0.48551267521630204
0.51057376411445388
0.51419391685403226
0.53174217166823645
0.5329078964077687
0.48372847411472852
0.47887326322007667
0.51480748553628897
0.50397240401631993
0.49488343347704711
0.51215963576891432
0.46424966526958078
0.47145510585273853
0.49716367573084613
0.52353167683653656
0.49667566587447093
0.47723226541728486
0.50156078396693116
0.5043191809505293
0.50953929976204893
0.5181904386762638
0.48461942631616928
0.49594074490609102
0.48149474599567882
0.4720788395249611
0.53415370067769197
0.52274738242357877
0.49526557185706749
0.47949816669784384
0.50269719726723439
0.28685305461425092
0.39865512823761212
0.49502657460614746
0.47002721289092603
0.51259796162802118
0.53327960368425675
0.53271161882261775
0.49698569320052272
0.5243232952274498
0.4536966728155557
0.49175769034639116
0.50374497687785025
0.51009828306567151
0.4983809056151991
0.47576981230025661
0.49289532307635514
0.50649261908418719
0.49795598262008539
0.45483262364462224
0.50412978721028556
0.47467545457825666
0.4770707131631759
0.47483546169573992
0.49920403445524281
0.52421503237543887
0.48656707283003303
0.51884825057811323
0.53764084893489783
0.51969497475519855
0.51713166485827478
0.49134632346973378
0.4839064024357066
0.31686835404580671
0.29577459567212616
0.5045386126451411
0.51106539300462817
0.50756840105553647
0.47123299655194678
0.50336925694766133
0.49450416208325132
0.49074690914587255
0.48204125164673989
0.52818877451504065
0.49455127265553855
0.48133399903481755
0.47940989915230797
0.52124609895781804
0.50928486499184444
0.48362439035658694
0.52372910629264569
0.51896573640466037
0.47212034804225561
0.52997525807288481
0.5124714273812031
0.49577807877252578
0.53296840412335722
0.47166090031450997
0.47857190106074987
0.47253482911267231
0.50018309597086819
0.49779857368194219
0.51818897405856779
0.51980984573766209
0.48408702451108565
0.30710922916126737
0.31651206878165716
0.4925913336268099
0.52150787654861774
0.51695123941833421
0.48637983737221518
0.4942167873064095
0.49296447700834317
0.52270115710400666
0.48545000758577872
0.49059228129956556
0.4919877278460778
0.50511211044132942
0.53245703417203238
0.48887170717495299
0.49668258764513984
0.48982371347725412
0.51575448962152304
0.48247881037842483
0.48225201000539314
0.52141334324025246
0.53145490905816173
0.50826783723727786
0.4853834766794512
0.48134772686292643
0.47943888912041527
0.47296274151380668
0.51280981486441501
0.51947096228787393
0.4991358621127378
0.46557344353658026
0.50683619262985125
0.31893898829724676
0.35633060314400516
0.49714106415995513
0.52036953108869421
0.52527121269975419
0.46357380515857743
0.46931438431766381
0.52622002690048209
0.4706240617845609
0.50034287066191763
0.48760990619545896
0.50015112002830187
0.49650078270259179
0.48703752958412794
0.49724720341111878
0.49249524352790042
0.48477008707480995
0.49962929335599104
0.49609678144842811
0.48468302043535078
0.49192590660505114
0.50619491345694123
0.48564243699897969
0.49653073647970436
0.52324623052468688
0.47649401075427306
0.52832029658779822
0.51928595796376342
0.4927633496064166
0.45922012460969919
0.50922687290315571
0.49316083359804969
0.29984116601342264
0.31662626278894973
0.51423851075735372
0.46096946361875124
0.49291990776699041
0.48886091150032329
0.51440392196776186
0.50327786187271173
0.4715345667434549
0.50639002342083284
0.4971585823770811
0.48034854467371868
0.51323553995992444
0.50820335676295336
0.48942854368645122
0.47599868306560383
0.51445447472868799
0.4887112605820399
0.51932314242104682
0.49298498492533466
0.48070688753528268
0.50660632044503473
0.50915532269420449
0.47699653477307113
0.50475439772454533
0.491175328248659
0.524421546250188
0.51634292527566261
0.53327406939673139
0.52483351788920496
0.47005564161118829
0.49623215828009509
0.30069646850600273
0.29190419077979601
0.49025431493993132
0.49176911179462418
0.50060319470990156
0.49588066279995313
0.50340684306654215
0.48172295073050092
0.49986529315853528
0.51580622708911239
0.48901279953510851
0.48493035492099779
0.48953276769311987
0.4697354516879988
0.51351177852291885
0.45808144872885004
0.52993290741903121
0.50165673359038265
0.48277998157977514
0.48313963370864693
0.48853057653491028
0.49669035944360235
0.48663792506899622
0.50543037985298567
0.51093461142474517
0.49455705312981563
0.50105865505646685
0.51780432908699592
0.50328228972271771
0.52577966096377582
0.52110259947572124
0.50205777924090167
0.29523914477268492
0.31515011665248999
0.51710640875849401
0.48546436015403127
0.4763789810535789
0.49458258199818722
0.49270457139423851
0.51018445492133002
0.52400826516019694
0.50258368530048692
0.50189564014333576
0.50062845132885814
0.51095935100516654
0.47779702266842822
0.5144630263194091
0.4556237506665462
0.51510492686291309
0.48109872390863079
0.50127012347615951
0.5159428476264738
0.53323111507101906
0.50287264947854227
0.47525170028682545
0.5089637825255996
0.51004972571264795
0.50693267368705652
0.49607029272973185
0.49557390417431424
0.48225722348962968
0.48850955754295444
0.50568047706333585
0.48464832072874109
0.29775083778467459
0.34745642844555524
0.5157295215310076
0.48284703744089824
0.52370407010458175
0.52254038377537571
0.48797259143881588
0.51647661781877507
0.4963686183431571
0.4884912205517622
0.52611418887222261
0.46578876644005301
0.4964160246412978
0.49590876988582061
0.51652663692141132
0.50646800747181997
0.47735651315614902
0.51512647051072791
0.49815159640575812
0.49169327505618116
0.48709787492057066
0.49857238865346726
0.48433725322149163
0.50463620868799464
0.50528928856048194
0.52542716733130934
0.51734669139427891
0.4700890086582511
0.4799301561745245
0.48941254047018562
0.50093867446929663
0.5202585655993609
0.30269023650007837
0.31820752634698746
0.47620977999669761
0.51035747536672493
0.48808558600672697
0.52934626712641908
0.52401430104191427
0.46946628985486732
0.47050357102866858
0.51067920885716145
0.48872391491016498
0.50359661981838233
0.5106101829550298
0.47896102798903889
0.53438479626226665
0.49289518191868881
0.47916847261941664
0.50624883969449797
0.53526121173441332
0.5224514777454734
0.47024159601556281
0.50149632116627685
0.50226742775847988
0.51832918805008932
0.51336783238147476
0.50212470895610717
0.52972545037960717
0.50120270211212548
0.49068703217337528
0.51368183741021733
0.52724359400384124
0.5166493468440283
0.28678259818919344
0.34594215321087618
0.48390179979819237
0.49745574723974811
0.49628931255612307
0.50161184902151457
0.48265792535189306
0.50845385075352467
0.49982166012120222
0.46256360220959108
0.5101251405522883
0.48810034189927393
0.54280114388382117
0.49284435388113329
0.49546115842359023
0.49940066937073496
0.52661169312902067
0.49044381679454846
0.49274473077940623
0.48413743391473446
0.50123368212541819
0.49842291138219524
0.50805393036184709
0.51296985474875378
0.46153513736454616
0.50136781388732932
0.54174110607454096
0.47921650767501628
0.52736450823944669
0.49366450875184087
0.49985761391527972
0.49941308299192916
0.32793022840718483
0.28409912422965378
0.50006999132226937
0.47953260060143127
0.50745950416407704
0.50662810994465701
0.48261329601992542
0.49474572183678772
0.50235127769166477
0.50592642028261914
0.51308954812486895
0.50866859684941312
0.49052519556164526
0.46345537692405431
0.47716408219733214
0.49623421395206713
0.49772949355397328
0.51348318499922929
0.51112883200986203
0.51093747485502106
0.51840344757981716
0.47686665527533012
0.51224610866070464
0.47933718845143491
0.45532911587707214
0.53270925357242893
0.49947261332182014
0.48938326248188596
0.48705595534980772
0.54087380103467375
0.51477084577463517
0.4745823422169464
0.31751538430249732
0.33345390008074827
0.47442943669003879
0.50413474711901685
0.52745624815972481
0.5023350449749322
0.49137273743786058
0.52833683404449505
0.47597128433971375
0.50690875513987743
0.51156426313535919
0.49081420540839615
0.46953926983049393
0.50620364913065652
0.48456300022875615
0.49650509730721248
0.51218553447590398
0.49192475691982668
0.48319307178405846
0.51447704558464202
0.5065065714992153
0.49467673638223769
0.51813678284924403
0.49914110076670476
0.47140477504395834
0.50200466741351657
0.51666443371115922
0.49646828566663431
0.51049985710417434
0.5049783706650709
0.49876398392466942
0.48674121981419527
0.29656521444252987
0.28706927896465478
0.51096440185849201
0.49637084784905194
0.50623698757299651
0.48950007761620867
0.48075301221500788
0.49458699316145699
0.5130488782488839
0.47393196410308364
0.51694776462044378
0.52224471998209721
0.50397731984096139
0.51227566258966117
0.50559201264086417
0.48126926472797232
0.5230737244618815
0.51914655951316091
0.491877853199718
0.47792984912258452
0.49126098675171792
0.4953296385488285
0.49244848938876851
0.48371122835403674
0.53191257695875116
0.50535385206400463
0.49380444480705765
0.49181682530000626
0.48227123285075535
0.50061502550316395
0.5119834026008574
0.4818359353357124
0.3159417962100175
0.24940130069782995
0.49307370209143009
0.49960195703334154
0.54003780028213555
0.4914636474075561
0.48810304494251017
0.49112924341584796
0.52145760127230956
0.51171673841366061
0.48474258921488278
0.48555073718156277
0.49739590963577113
0.49202822733150853
0.50863271041005242
0.49196352936242038
0.48273380528223125
0.47236982101404479
0.5021745087478835
0.48998922563868375
0.50677951481313133
0.50710146638391751
0.48985021644809629
0.49502998219589051
0.51098879009054987
0.50054019331476385
0.48921070735843925
0.51231191869995873
0.47499698271591462
0.50958208774018354
0.49263722477222072
0.48893379517239843
0.28041134255767586
0.29744531252547979
0.51404353815802695
0.49844510025036559
0.47812005656920153
0.49606414811548599
0.53437293886346826
0.51945233520481082
0.50313771875331792
0.50347701062587569
0.47144109851675009
0.48499081187455639
0.49877018456023708
0.47632323696496498
0.50243853755648726
0.48123664328972859
0.52022282802970043
0.49983438679489978
0.48991298364804697
0.50103244464464092
0.51128266783828547
0.49734521951615857
0.53811814098754773
0.48936895628270544
0.52228099549057982
0.47114195757366306
0.51237729890369221
0.51910454949026241
0.46267121241993492
0.49734996431288675
0.50919876805499942
0.51198416484004639
0.31436707992469148
0.33980517276960009
0.48146299441473206
0.50784188995049229
0.48757026691888655
0.54561231795371412
0.50392177671934146
0.50074226026210134
0.51121509234719542
0.47047949660582511
0.50371429757979036
0.51052384524727501
0.4984175799527632
0.48595411820058515
0.48697441523604507
0.51233306770607701
0.47083650948592387
0.49278885871735623
0.49666841183247779
0.48366850819188795
0.50867611054692419
0.50357516292944815
0.50536362024922965
0.49968691901904844
0.50096223189898359
0.53936139849726572
0.5181550651408956
0.4925423880442627
0.49507618685830795
0.49623998562299182
0.49302627611914884
0.52018138667165947
0.29023169757969997
0.29674707929284172
0.5022260552778911
0.47870011148274744
0.49254416821125874
0.50494068830947114
0.48768925787556305
0.46046768750248934
0.49656665592789329
0.51707173391388594
0.49086021759443388
0.48651062667224076
0.49039653073670403
0.50524364433461488
0.46792348696593605
0.49954532347288361
0.46653735554130565
0.48582908191466823
0.53034904529247018
0.52835115944659972
0.48430388176735401
0.48282105055050567
0.46534477657760542
0.48672161938851782
0.51975798377302729
0.48568790812327062
0.49727912083997217
0.50884818669626741
0.50281385040916304
0.51502158103682227
0.4807265029249656
0.52875501088965482
0.30009740869042228
0.31461943914484575
0.50306521048225672
0.48259083818312615
0.51963133581002519
0.51874352184000583
0.45676239668476515
0.49317286817719336
0.51921659349834948
0.49819374623109325
0.51123750701592929
0.50047483171128637
0.52037465314382148
0.48807304736962975
0.51003965452824784
0.50299613600678272
0.47944681509234044
0.49844313164694137
0.48331014630209634
0.4905716918476607
0.50701925555911886
0.49506314840801124
0.49872238846715922
0.49502249425156658
0.52807451059780475
0.50219136867978498
0.52683957798868664
0.52128732544587264
0.47001679419712583
0.50682492610291396
0.49051308127955817
0.53544884710370932
0.32673751001770163
0.16075849228724859
0.27700666817637631
0.29677528787095891
0.29171078664136518
0.30934442149778224
0.27861279720096094
0.31027976259293333
0.29245445181477525
0.29003839142868537
0.30333578284701807
0.3190090764821199
0.32780256927677165
0.35063367668530143
0.33883117512145144
0.27980551389971553
0.31099071331929085
0.29316535421677437
0.31832187282338564
0.28570682582488621
0.3313452902413232
0.26863332111723864
0.35012012811322207
0.26386295981316832
0.26833916916187706
0.29497120426884865
0.31768772573687332
0.28782433366204641
0.30765070192856142
0.34289274433739902
0.32179356613289162
0.25716101000002139
0.15437098192063228
0.27489663337812714
0.26271363805646208
0.28940361589701735
0.27717200980000678
0.34300844777324901
0.30701190689011326
0.38685497879572783
0.27091852409185946
0.27503090253809359
0.3097611956648666
0.30543733100204579
0.32427168877361395
0.29404677889791642
0.33438052830188447
0.3158806952763164
0.32840195558082436
0.29710617419366797
0.27417584426515595
0.27906749701803152
0.26059115325226778
0.29815288338893386
0.25628654603592366
0.29531808756739064
0.2820722941256551
0.3019439527392061
0.35505544128290473
0.32939050706279216
0.30072830969907416
0.30653416498592362
0.3081658612334312
0.31137680748407687
0.18094820985144744
0.30625950293137882
0.49700825381536745
0.49412684692584219
0.50764765078375751
0.50262177178290768
0.50504673455029458
0.50755550190030563
0.45451168736037167
0.50379192387789129
0.53343389607017633
0.51006487442695236
0.49999134474943335
0.49839955637393124
0.51390980199409986
0.52139752922157223
0.49619983330242939
0.4775812741581702
0.48928107759678946
0.50449311862326041
0.48429838893376187
0.48511794234824873
0.48670970339665276
0.51742501129627261
0.44195533143530935
0.46795424092479559
0.52335523297900854
0.49140095728152128
0.47498285398067858
0.51317507090828318
0.48561242251688919
0.52503588155228831
0.31301567571318722
0.31392441520425496
0.46656267980156596
0.50722997101004608
0.4735155063455061
0.51311465671402512
0.50629796832562013
0.50730824218449089
0.47749941279028424
0.49156415701155898
0.47692913487598426
0.51361799292959631
0.51733252952015529
0.48885996374466967
0.5282923901359986
0.53308665641499664
0.51726680445729212
0.52132315022318731
0.48650205322081908
0.50785737905533068
0.49252470228408829
0.49757975144023814
0.47278859038518983
0.47911912012636704
0.51886902280606639
0.49143266779089506
0.47711221958218331
0.5135917630766822
0.48911226219073733
0.4641513924031061
0.48938079123983708
0.50062036478393568
0.33740542140865698
0.31336042844478296
0.48373555881918623
0.52320571721837772
0.52197659030142773
0.51400115563385285
0.48137992627049209
0.49445660500941141
0.50645480896234507
0.51230119571717969
0.50602239568034713
0.49979383423544033
0.50507873638506473
0.52322866798686152
0.50700270182781981
0.47330266286628653
0.47724436483721416
0.48472241254351861
0.50408264960982851
0.51334952011084756
0.46584439842374892
0.50999374691684396
0.48107350031072715
0.49218285188052957
0.49973778436961958
0.49015741224975024
0.51019244188785295
0.5087120523053601
0.5076341111045094
0.49551777021086008
0.50232944506824173
0.50954696493848628
0.25057097434551356
0.37553207389844567
0.5207676272220515
0.47633087685031922
0.51993236190568914
0.49181563857015936
0.4969593751439928
0.52011448227892099
0.51659505043100451
0.48813863620026443
0.47913546674210844
0.49842950197583141
0.50841786245851739
0.49876072655941867
0.5144202947128933
0.53008184270078174
0.49361726896642083
0.51100715045445655
0.51318955113751286
0.48673656510388891
0.51285423063522628
0.48951659943567927
0.50936254822012561
0.49311531745009302
0.54464239437193396
0.4962881458845651
0.50020182293067073
0.48170160098343301
0.46324341622631149
0.52749107995253952
0.50874921408349683
0.49112195301886097
0.29181501591528275
0.29902230479299752
0.50206251548994696
0.53562368201528143
0.47652800096162173
0.49455594483357257
0.49255750219864552
0.52047070831673681
0.49970525198424881
0.48423590589205384
0.48512693248462341
0.49586886295237559
0.49548522491016572
0.49298014706601267
0.4657791266426613
0.52407450722176141
0.51935727988690517
0.50624951184437639
0.49490687406876516
0.53866245161810788
0.47998093360519495
0.49622797312004396
0.47966871827100577
0.50077362958114779
0.49757500889376133
0.52997770868099681
0.50136981686215321
0.49741330308961224
0.50409578400278565
0.4989579500757938
0.50570868027854143
0.48603511229371144
0.31622001228323254
0.28836823266571082
0.48246622600514255
0.50504604831757549
0.49019266772918973
0.5199601800765461
0.47207373718532231
0.47076255982790433
0.48477072711892227
0.50160300035477046
0.5027341892432331
0.50735969189669883
0.50026414599087898
0.50050583182844055
0.45290060377204
0.4775169789790854
0.46615205245312574
0.50748068937704005
0.511870652201878
0.51777160614455064
0.49755655323632064
0.46906569851397339
0.4948950257048273
0.49092324101572515
0.51620346265100436
0.52075990907852532
0.49979104675983266
0.48227603429521748
0.50582414452218816
0.51161838581704888
0.50963448559383717
0.49501225668823756
0.38819517884568827
0.28981096007360352
0.50747794455711559
0.47904659428379343
0.47789185143260232
0.50045558390195177
0.49954225333603092
0.49082789655220604
0.50564958987041453
0.48373212771258783
0.51037390315208553
0.52132788620229153
0.4929424586410972
0.48957447528181047
0.48519866133413908
0.49715124254140186
0.50087581882608578
0.52821186686498922
0.51461503148757526
0.48747456079272855
0.51663833948973892
0.49014435740406115
0.52104180287317847
0.48194681456218247
0.53361474291861499
0.49334783206816663
0.5014541931191272
0.47645337766710982
0.51151427642808911
0.49734312469918079
0.49869216450609366
0.49839478314586094
0.32809624440059931
0.306608294016463
0.49061920347489946
0.50485537048301499
0.47760304444796436
0.5009460792104129
0.52589247481047507
0.48596756877733782
0.51244673045441491
0.51080888098430388
0.50982698915826241
0.52816228059150006
0.48370223560155801
0.50322517779757503
0.52093611983956967
0.47284923671398787
0.50557163914725711
0.50038104242211923
0.49846667744851691
0.51573507214409653
0.47531384923476588
0.52088129431765184
0.49921279514342731
0.5032279717019128
0.48515845107367761
0.48565963127363665
0.45313656335364966
0.50158054828099741
0.49357898629218122
0.485357710736671
0.5242260143763211
0.50631426935512203
0.30923649319673685
0.31158223540224966
0.52122854571270372
0.47033416337095074
0.50729769878799535
0.50561408031132249
0.4946307237722995
0.46897100035693529
0.54057453373894304
0.50725510013553143
0.47177257357429686
0.52205178408419783
0.50790452784173623
0.48386607342762566
0.5067528429781748
0.50947689704551247
0.4935804197968211
0.49049784029951271
0.49981681891297453
0.51961612545802593
0.48801386474761993
0.49187231440684831
0.51062386389338366
0.47840718058400056
0.49284047330374536
0.49807094983212585
0.50075504410476857
0.52517853649470947
0.4856982155270369
0.49450150010087823
0.55070821855525542
0.48134252843597714
0.31134803621427654
0.29703196017875733
0.50115471778281362
0.52212661432136198
0.50648741654283125
0.518287709183886
0.49339574604236791
0.52038925903379551
0.5037742267077594
0.51067936881506781
0.46726531075746153
0.5067888054332651
0.50613477324966505
0.48284300266268526
0.47412449965181908
0.48357684264215139
0.47046041539387029
0.50710971223229695
0.49300193944972454
0.49324787128695918
0.47509466050172305
0.4774848941226722
0.4833474340297666
0.50033323381696759
0.48567203253592156
0.51928610038171075
0.51836999048361565
0.49101426658245906
0.47868039208241797
0.4999070560570667
0.51143695466856431
0.49492884892550804
0.41491735527636836
0.24101598971122459
0.51988746824775089
0.47095468503603982
0.52582280633970435
0.49488919073887649
0.53977596668757977
0.49673767560655707
0.48767130280799775
0.50484652757597159
0.50609054080222216
0.50505571729388854
0.51828010604665598
0.50764988868906269
0.49497600060594421
0.50614430403611066
0.51014937870251043
0.48837931793380479
0.48607550713893544
0.51187073056556742
0.52950563728549371
0.47781845213512603
0.50009775522510513
0.52074782869972491
0.50381083663662041
0.50136648533071726
0.48760867796131419
0.49991464662088997
0.51891110779094274
0.50660521470866637
0.53064449143953152
0.50046561428352165
0.31561631007396962
0.39270443491089396
0.47106770734945347
0.50577724820544967
0.49570458285353636
0.48631746454396124
0.48151004279875176
0.49833918887762096
0.48602764308057572
0.49795935793502116
0.47862329723077501
0.4842932094319371
0.52523232110162565
0.48621971877801429
0.47711115961003364
0.49190046971250367
0.47528736532125604
0.50234658795269316
0.49803918917922196
0.50879388187539099
0.52578292798953852
0.48730460195298686
0.4910076646208143
0.48341929092218888
0.5116989765002814
0.49667050076913699
0.52100475763833654
0.50548844135497384
0.49527071224100538
0.51361988898595801
0.49716647877757081
0.46957544466113255
0.29531247782154163
0.29459724097938539
0.48854419825923412
0.47271995188291815
0.49586034809566093
0.51990354367762737
0.4821980681696576
0.5065276050704256
0.49421534876106671
0.51409255538465781
0.51497773084934184
0.49912418522366803
0.46904489891304274
0.49617534540354952
0.52815798420769322
0.52144259182423836
0.54137772266454187
0.51588403486824985
0.53991146816060709
0.48503108640999082
0.5087637698237143
0.46739854473160136
0.49049768588130321
0.511297247087804
0.5246427731979274
0.47543975648050613
0.49410644267890874
0.47018743900737331
0.53283418457791798
0.49390668962732065
0.49966034750300398
0.49345015794758695
0.31690428017327638
0.28784833280684596
0.50903470097536152
0.50039922503395928
0.50498289048245759
0.50604616648100631
0.48885228314826723
0.49578094894468094
0.50159847073781605
0.50479603423363939
0.50973989749725546
0.52843739146309454
0.51174834303605365
0.50200861343594427
0.48234817227453514
0.4941255875310831
0.49641512719443126
0.50969354879684559
0.4965535669538032
0.50893695428100105
0.48464843809281666
0.51351209682674892
0.4916226778580135
0.48645893500576154
0.48009085048450889
0.48299857368495686
0.46841135587709432
0.4723286195097236
0.48324221193169831
0.49161064541478333
0.48639807871540675
0.49226776058007121
0.35026647009229839
0.32198678504358641
0.51531970151397177
0.49554470634213421
0.49206605553988669
0.50857211863538487
0.53091608520332467
0.50304898606378223
0.54261286285718657
0.52123533724837035
0.49575131896768465
0.47003976370668266
0.52396917170354385
0.51481107124160685
0.48326808282281714
0.49269320848200915
0.48644086462210961
0.47808077084449263
0.50016747439557829
0.50363255494164738
0.50762588285974819
0.50796889891884667
0.50440256867908673
0.48606257114505907
0.49515797859122823
0.47429677653093349
0.49917269254700408
0.5007090838499838
0.51421669228919753
0.51933519275164186
0.49918150962013158
0.50427200124607385
0.34366245559740455
0.30338155541714668
0.50149676881429917
0.50979834193172247
0.45702402101479112
0.48029448202090985
0.52684959151297961
0.50271199126251032
0.50095098034429342
0.47618737993753013
0.50074857470164336
0.48296830001836372
0.48539571400256248
0.50886804634219962
0.5055277251814756
0.50792408520357946
0.48801250816350839
0.49397168816019449
0.4938911194857038
0.48911612808873367
0.49959634972895345
0.51678126207997677
0.51021217512261197
0.47855418813029288
0.48743143154721097
0.52784120740320217
0.49327473976801317
0.4937679528051685
0.48800177662610988
0.49426772846653011
0.48333215692812542
0.49716112914523536
0.31024365107837948
0.31117570968079566
0.46547916443595361
0.5279678443074679
0.47051766679889484
0.48863198493054766
0.49090699536841975
0.53199804139267348
0.48774267323272941
0.50298729293577638
0.49517946469066665
0.49247760642954053
0.50554384327081947
0.48634302594231621
0.51093360887011741
0.49638363334613372
0.49532785949139352
0.49448703211644868
0.49799078611476422
0.47843554878863898
0.49954320169948457
0.46416975151587303
0.50731081504453723
0.47581201250980815
0.49772261140663715
0.50725368013418859
0.5225483119775397
0.51375424339577824
0.44978495692133152
0.50144498627144896
0.50215648791043588
0.52045872359720158
0.31846374144730688
0.27700193635643788
0.51335418766488017
0.47427123511889724
0.49736183751053742
0.47944070606437655
0.50221217576075672
0.51607657067817958
0.47875933778743712
0.52297290491499382
0.48738823922272939
0.48915340362741083
0.52126518643033726
0.50486591907098632
0.47170910704430424
0.47354613524999178
0.52019299121380835
0.46999456913644677
0.50454817499309068
0.50632963491320881
0.52076381058460197
0.50361009815703106
0.49963275017902309
0.48142981446396699
0.49509622528702096
0.49772306111731451
0.49676486726339986
0.47316634210649855
0.49400349760251816
0.51171895448102556
0.4595593794842055
0.50997995189630163
0.29816655665465225
0.30074842851367334
0.49638350038103146
0.50627394311013696
0.4906831832633502
0.51295289147078271
0.47665843620094256
0.497390978959521
0.51569167475616895
0.48965889143733471
0.50381639746932616
0.47662903795317213
0.50241612575121763
0.48465991065109432
0.50815509223806887
0.51502886734261533
0.50204460120596617
0.50098948147038869
0.49208334013973609
0.52040548391770369
0.48161216685143077
0.49591321213328499
0.50702872549336364
0.50072863531935341
0.51032343478223652
0.49398955515310139
0.49343476642876755
0.50504117166733054
0.47247010800216932
0.49492989881567284
0.52202183918533496
0.47697718717446486
0.27555420701652295
0.33553806246192219
0.49141627396514026
0.50545664963510206
0.51784266167496873
0.47593714741966331
0.51225050493116897
0.49426496828468597
0.50959176133126638
0.47535649574123656
0.52087031028921127
0.49641484939460562
0.4828319103242118
0.53995042243189784
0.50777511706991263
0.49079041360551307
0.48573053160239571
0.50082342840092842
0.49815102140426909
0.49404621567402923
0.51174670587888937
0.48833925066760125
0.49405365232568321
0.49961792773953401
0.47607892293230936
0.51956912471766414
0.52561148104759392
0.52860408024007866
0.51022736925357681
0.52364491852928285
0.48777213377437267
0.50227723920599965
0.33532433911070603
0.32017314833530813
0.50256037563348299
0.45902853353271583
0.51158823255302344
0.49251373529303494
0.4721614962059773
0.5032453722943111
0.50379594326122579
0.48190593983169772
0.47784708004158211
0.49290867693372348
0.48391298745702399
0.48470934643734365
0.50379354505207741
0.51552835434272637
0.5059363862204791
0.47394762287088588
0.51645857410759788
0.49723411668836009
0.51657503402326344
0.5027362109491087
0.49056233197922883
0.51461159589020788
0.51292597622079616
0.49401025615065552
0.52571973906839697
0.51460090943300285
0.5022747603802229
0.49595080085470067
0.48373465892226314
0.5169253523541657
0.32885251866442117
0.27247738822193684
0.50680252461919895
0.50516675956240442
0.47899215813281482
0.49863255277582857
0.53599373703995767
0.47300598399519872
0.51849727113926958
0.51218545408902705
0.4955782953627943
0.50084597119087981
0.51126903324213757
0.50367682261327207
0.48993894822957462
0.51611104837704547
0.50592417074593088
0.4924551352537026
0.52249023976275555
0.51608440252254895
0.51866106786533073
0.47472528437686978
0.50371810208090095
0.52366543152783984
0.48269762717540637
0.50253281904472735
0.49688664989934234
0.50129414232899983
0.51177142170810885
0.48570463724477053
0.50151439333250059
0.49349338596851056
0.35825652200140301
0.34797711947915672
0.50794044029276464
0.53108578247023941
0.50006331243546942
0.49579048516933161
0.49315769060557318
0.50486925682013595
0.51185987314149417
0.49627498596127528
0.51617681212430755
0.51317555091315503
0.48105920297567145
0.52063914020002589
0.50379209487137844
0.49672458020946642
0.49072775295119331
0.47960521463989075
0.49682568870634125
0.48857624711810838
0.50797170151599846
0.52014955218206727
0.51244109420506834
0.50969887000839598
0.50480810731017522
0.50834206621853417
0.49555274648620895
0.48615557444002588
0.49402749214068159
0.48904299182774164
0.48813945329021197
0.53090803928304253
0.31717279198161619
0.3127307349289693
0.47803117233722775
0.48775147420099518
0.46352371695402822
0.48720914143071281
0.50299766299863846
0.51019465345701587
0.53311932318765431
0.49731451770172919
0.49250518306466895
0.50402425439147325
0.47047579811925078
0.50919859478535401
0.51289460535425069
0.50039883818977093
0.51628012462447437
0.51469353420040753
0.48441234549314499
0.47704008071567733
0.52706786181616083
0.51716818434067857
0.49337659386397137
0.4992912545649355
0.4995643929255546
0.50204166753824531
0.49973110824070383
0.49627281701064468
0.49797557151624994
0.50691627318048094
0.50055144810659735
0.48246970262341715
0.30408036094768975
0.32209595940241503
0.51097487761503801
0.51668287520469147
0.46709102315309808
0.4881520007163298
0.50717419839927458
0.49417619764672854
0.49796857354514668
0.52993779453012857
0.50691214867765599
0.51192561761542665
0.47453901168446827
0.5120495377364489
0.48730077875188177
0.491669316506123
0.49531157489390537
0.51519983577136363
0.47708185930132607
0.49272538205608102
0.52101000889219951
0.50002968644510926
0.50238539873539345
0.53067407517005727
0.52339309698386838
0.4993385309401458
0.49457358017767494
0.48789062659772719
0.52758219334669898
0.49974168845896655
0.51060593030621293
0.49835715107996137
0.34547510870622972
0.32812310788290189
0.47055978936105858
0.49725785941320783
0.50410468706363687
0.51490602687778875
0.48437210395524605
0.48711131974736133
0.50418817084695211
0.51260409745585811
0.51232660368351324
0.44282210774895997
0.50961575784526703
0.49048624808008584
0.51129251996242042
0.47895246255428098
0.490845971654637
0.4803972683824832
0.49704257213779868
0.50954386051214118
0.48891751013369888
0.4890965219022545
0.51236603878137754
0.49308838487213258
0.47995792105883905
0.51390254310474104
0.50608460589736504
0.5132497552882912
0.47221181430511833
0.49869835642627242
0.48429076763663753
0.5272925943370278
0.32986338149664851
0.27314276853649255
0.52297296355631351
0.51648213123194975
0.49014159369514232
0.50003659973762893
0.50041117225448906
0.52096454355787347
0.49208912759284457
0.49249580628915168
0.49750629977127814
0.50188642501887937
0.50507351127534184
0.50028039595445561
0.47907596425768895
0.48397636435227198
0.48483626965122989
0.48567069364217069
0.49269829949951821
0.48763065805617195
0.50719369067371745
0.53715338620542419
0.45050658815483713
0.50785274440945616
0.47908211875408158
0.49137876166561695
0.48931143850335951
0.50977696923890836
0.47412001760188871
0.53117270080325329
0.53053635973710833
0.48255174654371152
0.3437086540496343
0.30074357123003337
0.49954326172116237
0.48365557172426721
0.48345899241501278
0.52448635485641748
0.48169568287552855
0.49977193872225972
0.50652016675838629
0.52354909885150436
0.50607340405724233
0.51883700491731455
0.49631589117278463
0.51109479454788953
0.47779308007750082
0.47849538705150602
0.51038255326027238
0.50504596634590793
0.51994635672505907
0.52601787665304911
0.52098775791068241
0.50988288459276776
0.51225008494975122
0.45723376954695027
0.49555009026178959
0.49464173633787856
0.53214452415554037
0.48044462697410417
0.49143612399665787
0.50916357019022684
0.48809923464686678
0.53483187878028782
0.28882048925111442
0.28285941438086681
0.50120489476309538
0.4904292206870976
0.50880871054791932
0.46673080930574745
0.45821124961770132
0.48574062213537861
0.47232288939209049
0.48008523390015245
0.49081526922135194
0.49938919495740675
0.51534789117804047
0.47620874647953843
0.4677223503843933
0.49226835720703427
0.49301982290846524
0.50127829347337527
0.49164975092840829
0.50847289502580262
0.50878556731355806
0.52352744280992969
0.49942934290920915
0.50081116832148287
0.51167886904804927
0.48980610746885916
0.49697994387748523
0.48949820990088783
0.50365040048706977
0.47799594865454098
0.49417969667158002
0.48979714096100968
0.31537737972852903
0.32291055398474344
0.48487989638079637
0.50138456277734367
0.50291211902552491
0.50770461417570201
0.47582125134730208
0.5173947311238386
0.50127346676176043
0.52993101735827275
0.47225563749661775
0.50478351649108666
0.50903340147759835
0.47598216706887253
0.49373359667380107
0.51446859485209318
0.52132132368219286
0.49152209975082589
0.48504269047320564
0.50254207904316428
0.49956682783304807
0.49874229733398984
0.52155657510284192
0.49381452565201606
0.47165236771045338
0.50217645921943532
0.52845050888869494
0.48534082372776782
0.51050379013088321
0.51236681869281009
0.48523074150042583
0.50176651492291113
0.30066260057097699
0.1748059672134982
0.29569508291172114
0.30385838850086971
0.30983457107937001
0.29328108039863621
0.28647806064479414
0.29628492668509426
0.29022150840713384
0.28976110287367934
0.3007527262368091
0.28799465189002227
0.31391958779266538
0.3013016938125947
0.28853929189400995
0.29855873686591339
0.27967124518969033
0.2754203893976791
0.32570682075503143
0.3015101187171132
0.3525265691822389
0.3148656776563945
0.28646994014219052
0.28714775301612649
0.33120205103418665
0.3056054827431185
0.32092815940870928
0.29368817060002361
0.33979404402731883
0.307751891737855
0.2996184360548127
0.28485069056277945
0.22108988594927176
0.18042295638779776
0.2929812421047065
0.31499008031420572
0.29208001018543261
0.29200534359335217
0.32074663349901716
0.27004059093700339
0.27780579683480444
0.29522277537505354
0.30954189984069108
0.30203624258404033
0.29442376833217621
0.31510210403107486
0.32671255251281223
0.29422048792890443
0.28648859779811514
0.29834754724423918
0.3160137211440085
0.29043487105130239
0.34128394765446185
0.38553768574407304
0.3166553538025072
0.29877155548618128
0.32929591731405666
0.32588057904054557
0.3144539327149648
0.29733544490057712
0.31253081457825271
0.27566684729221769
0.2778418045403156
0.30857722823785477
0.19956203679236911
0.27366396026508244
0.48439830509008652
0.48584476512716263
0.49871265593806968
0.50553584645728245
0.48709772166131471
0.50907926336899068
0.50525581737236658
0.46611788811599941
0.50285792038286203
0.49920997943520584
0.48167131368794286
0.4958536076527793
0.46871718031402071
0.52200914198181103
0.52219371436538053
0.47903042379036187
0.51091287343738201
0.48987000422474292
0.49193243090946454
0.47954069068433769
0.51186987360751324
0.47937755406805227
0.48213939170230463
0.48525570021389935
0.50189752296454337
0.45309546140612966
0.52728279769351172
0.55296201152616753
0.48870946561648654
0.53115711681143185
0.33363851654095816
0.29781547927204122
0.53289560705534855
0.52018568629244077
0.54163445682107925
0.48087207904541679
0.51093274934572408
0.52563917468736554
0.50356675686543673
0.51113468533432183
0.49733079716244871
0.51824851099470126
0.50073155439854822
0.51668439286135348
0.45628261836797185
0.5190957791595523
0.51904778915373928
0.48218599918711202
0.4881456839216341
0.44321224842095308
0.48614194189308513
0.52014786238304267
0.49837096254012886
0.51591297408380898
0.5046726123890457
0.49184034992141012
0.53528596940964623
0.48842669853738707
0.52953364672893155
0.44862815013838531
0.47508819620949055
0.49661303559553438
0.33331395728032764
0.27813523615858127
0.48639226401745461
0.48386362188844995
0.53273316048479036
0.4943277618185048
0.50275749996898667
0.50218270873590076
0.51430362274622954
0.46260495816802794
0.51744927619529124
0.49327535010478535
0.48221414776600685
0.50818380392673623
0.53418990515615794
0.52317258886157469
0.48037716240100731
0.49031603774540156
0.47381041421080511
0.51546938971407918
0.50123485675444268
0.49661116381805859
0.48326250026635426
0.49304970771266676
0.52823927167954621
0.49550534054683631
0.51493676284748913
0.52552595217750786
0.51021332933674524
0.51227676761788543
0.48902944101601986
0.51315242775828029
0.34869616497005468
0.33982303002130271
0.49819765411404082
0.47784768307637648
0.52025655607842314
0.51489677210280138
0.46903760879879219
0.50144699667418624
0.47055718831962007
0.50585095061348107
0.50886919610202597
0.50053212359056476
0.4737967161176842
0.49928694868421714
0.51031377429827041
0.49258935115528851
0.50602159457354323
0.49284873478909585
0.51215002764136142
0.5053506938383453
0.51505845520226767
0.49056630873153273
0.48624043416950297
0.51714601202141008
0.50043669019027681
0.47453955618813193
0.49766881034882177
0.49418786503620954
0.46951135794102788
0.50078284284507102
0.47125445390193921
0.48132690118932514
0.36137190516888279
0.33397904493178554
0.50282848616053311
0.50499468963092986
0.47799280326643806
0.47130387701378851
0.48816407294902764
0.469470024546846
0.50961164225740352
0.50195853783688826
0.4840654719756799
0.49709965025207881
0.48693625120733297
0.49428287912748747
0.4825794464796383
0.51126096375716912
0.47933138580973961
0.50638092064628859
0.50781071257674826
0.49761046019846805
0.4749714089859659
0.48648565176503689
0.49867476755098167
0.51696844629461358
0.50055367784955485
0.51837113647236122
0.5044219270269541
0.48646760340793477
0.48819226292993978
0.49297875374459021
0.51338498115908615
0.51730858734072638
0.29660905356877626
0.32064420251490544
0.4932549278046609
0.4983003571280627
0.49268197759285232
0.50426911682834297
0.47354877763395137
0.49063825788936433
0.52269249644693616
0.50216417229170651
0.47365681654025299
0.53407763407844322
0.48689723649466016
0.49502708745104906
0.52096134303069475
0.52149371074849571
0.48417447745989634
0.49572457309492968
0.48612363233324535
0.49516730021757915
0.50093142228149756
0.48170005765291801
0.50064468240805615
0.51723589532559777
0.50013806369414016
0.53065357704551863
0.50041476995801804
0.49324072676223712
0.50177255437058521
0.53299236918925064
0.46360378610812303
0.49397593023875358
0.28416126534837005
0.289770045160478
0.49959145396848581
0.50652818372472486
0.46675405657766927
0.49989451486080816
0.48123752909181855
0.49669310457078364
0.49397672414201477
0.48787107566060417
0.47489016240993942
0.51986865792372672
0.53197436886378169
0.48104178939400605
0.47635395879110842
0.52003747619949037
0.52352815385949636
0.51616334946752152
0.51181806944721342
0.50538840781407279
0.51371132052002733
0.51865047022366084
0.50290737746879577
0.47947994482536188
0.495078595626044
0.51339218313556068
0.50377633211313322
0.49340815526932796
0.46319717262431398
0.49296195849545033
0.49526598870641558
0.50925520962843585
0.30825889819288538
0.32454703981761951
0.51073133537672744
0.50365987027682901
0.50396675721659434
0.52428865304089112
0.52139734592947784
0.50491666890690157
0.48359418022806111
0.52130038504850817
0.48661644029453754
0.49929153698476186
0.51438384984156438
0.49597771544890962
0.47419858030639039
0.49016666265042419
0.49346208107211176
0.47284196088764424
0.51532361068865107
0.52821819335884068
0.50082343489283898
0.48150467150592369
0.55023454999948895
0.51300162875107558
0.52399042013785913
0.49496050895497545
0.50369358171653211
0.52262994896942672
0.53555172789382843
0.50086180258019164
0.4878835874559786
0.48923056972994522
0.32186598919327236
0.32984374159975183
0.48105467764719684
0.49467214998577891
0.51270956155381642
0.50665738782303604
0.47030189179993537
0.48867447489771115
0.51541201360736733
0.49240702784675527
0.4968672974119514
0.48467580417615602
0.49713961133236606
0.46995597941852396
0.50812867248827709
0.47830047329004877
0.52188138602207113
0.53915559177672223
0.50083348492639956
0.52371358420958547
0.51033550280930329
0.51446035919274025
0.51004786668455859
0.50839599363810561
0.50939900592423526
0.50071011203867832
0.4885814050457426
0.49920176354101531
0.51019223740515474
0.48539314735344652
0.50437696943804144
0.51077472247247291
0.29464852758634225
0.32357264375620848
0.49501339679179512
0.50837339976887552
0.50025782593048218
0.50078779096349557
0.46188355086344013
0.49636782000839413
0.46094170101321752
0.49943425191000934
0.48327873379669944
0.51620214849552715
0.47256994468847879
0.51988847424206763
0.51416047865300485
0.48001084231706959
0.50429329836495418
0.50928570747056634
0.50957884381594176
0.51307919955920711
0.50215466832372579
0.49159240428840889
0.47017858172911253
0.52303326544388329
0.49408969670840186
0.54473086587007225
0.51233334795114005
0.53617428507621123
0.4932933846835526
0.50951349842326621
0.50386156985183661
0.4834619295149965
0.27755205904969049
0.26963352005794355
0.48243924379097342
0.53041741262388731
0.48613659265794917
0.50469281056834348
0.48814481078785416
0.48528378382778342
0.47406425329146795
0.48344639613431373
0.47932541962825215
0.47619093168392451
0.50675465123223629
0.52844936954906363
0.47888165868075461
0.48893073958484723
0.48523137995912563
0.5043012909455713
0.50569617294027247
0.48509303021951328
0.50725638579434218
0.51013506477993154
0.48761798709038356
0.47436877912486963
0.49291943490449747
0.51035756006374078
0.45466275130011313
0.51501079799891636
0.48017760786749875
0.50839602523718141
0.51660375788473745
0.53090263483494082
0.32141165462864224
0.31981438561406184
0.48947685280107883
0.49963954463206034
0.51707200138806886
0.5226758183004887
0.52463316416449013
0.49820664606593879
0.51798031051981719
0.51343309991857256
0.49480719485811375
0.54726060790191855
0.47778487633199473
0.4898630304395924
0.50614048940049394
0.51199552585432839
0.50157978946029336
0.4759857161729717
0.48631032217651154
0.51747924074957896
0.49765345678781236
0.49618808041269419
0.48240109429335759
0.5029563902747477
0.52458933496418059
0.49020836718389404
0.4923767081841946
0.47864558974627464
0.51249576113946249
0.48910592823106797
0.50185498331156486
0.52716462612765913
0.33272032353932707
0.30757907303829241
0.52334723627711988
0.47691003825280764
0.49267075339562288
0.50869382817665543
0.50490750851097255
0.48889719520430641
0.51090413907116516
0.5053629534533467
0.51606561047615274
0.48956428579425243
0.50376549053830033
0.5047192089663729
0.51524110176450544
0.4967159954703671
0.49888342715064854
0.49746831124411961
0.51632998624543092
0.53389427177980253
0.52632673869607594
0.48974983197330763
0.51054680390442508
0.49716177010712453
0.50114913250799686
0.51643181353349954
0.51456581641342358
0.49538961249781732
0.49343488636590499
0.49835546149773569
0.48867424161555312
0.47429314525319399
0.28718745994253525
0.31444470384070139
0.51335098494797149
0.47252785942387543
0.52605800802914615
0.52157516511334401
0.50792343577526777
0.51072614126604854
0.47950990804489502
0.51225237374704169
0.49550207923484468
0.4977319188687635
0.49613125647627998
0.51504131965269118
0.46694640781086927
0.51698866124060394
0.51969370240512736
0.52029290901524927
0.48224318584005754
0.51349644753842461
0.51318994794711159
0.49981156907367763
0.49213323197536724
0.52120252263548628
0.55414139439055454
0.50450072005371471
0.49675271021857736
0.50178155246431233
0.50159717521400238
0.49976882689246299
0.49661703207093588
0.49132433548787119
0.29450784009050612
0.30130215285887341
0.49421559190292219
0.53613409075414264
0.50017470911214423
0.48306742596309821
0.53353732254801589
0.4934084285468246
0.50697167569272872
0.49794143469027985
0.49882808718595889
0.48036779536316215
0.49903415717478772
0.48870957868773285
0.51841974636434285
0.49466039419222224
0.50320378852814207
0.47529979508879472
0.49984374802212816
0.48009805564561803
0.50425642276795291
0.46498400456649086
0.5179677719820841
0.49635090756287364
0.46501527080946087
0.47244422186732155
0.51762621996963287
0.50405956802917806
0.49541369794371626
0.50341474329299141
0.52474676347986915
0.48968549255512739
0.33852651721679516
0.2694438188667877
0.50235026340307765
0.49063167171093286
0.53661264123205821
0.49674047092362489
0.48112259502085059
0.49064630728742192
0.51513280813422657
0.51982403901823659
0.50954036868072794
0.51845651708720786
0.5039219082893841
0.52102219700756869
0.49946625767541597
0.50620739217341626
0.49778815812174121
0.52670590368737658
0.49266593823036542
0.4565837392134578
0.4824178359497715
0.50923172573501296
0.51058872339491124
0.50493740717390945
0.50987806076706366
0.5192150600833606
0.49766520128114911
0.48650973791409224
0.4890430027846176
0.51340451535636744
0.49820274949579435
0.51210545436093147
0.28210924437206991
0.30182447840433091
0.49858020549306614
0.45458201031202855
0.48771271678577449
0.50604297057348036
0.52042811362436314
0.50807812201143754
0.52228896552287696
0.50103903043527054
0.50034563721450476
0.48803559612875846
0.49713300944873823
0.50731585485981667
0.47412007396766254
0.49560945110927362
0.48115150568873727
0.52783306080947334
0.49588925104524578
0.47879382474220178
0.4912416906004658
0.5266995821166387
0.50805787216853926
0.50084695574196714
0.4967446672145493
0.52785875239442792
0.48920930018934933
0.54161155200553901
0.49676593565606902
0.50705798536928259
0.52800842482735177
0.514875267122337
0.27786553150925619
0.2940405664636494
0.49208788304232554
0.49043706263249753
0.52364970163242475
0.48265641078966681
0.50652336098592787
0.4891594009336005
0.50625557019540979
0.51353852200211803
0.52720137867372052
0.48921519842457972
0.47675057198759974
0.46435885210935796
0.52337126407559598
0.51666569795212469
0.49643671281981472
0.50702956692966894
0.51336144418993512
0.50437042623238071
0.50207232865565254
0.49419154371789026
0.45979320932394041
0.51697654361902656
0.50042591755649335
0.45962652238105645
0.49487066217700909
0.51059006549768815
0.52884374196255923
0.51427606919976776
0.5050832469337998
0.48162195027716609
0.28473101337192852
0.26951178218225036
0.5346482039341065
0.49960949523362869
0.50512312122854253
0.4811814698156322
0.51285837064518347
0.50035492533500836
0.49845002154345014
0.52017736287868332
0.50739309275876177
0.49141052567946708
0.48208905482959857
0.48166941554958143
0.49295211904858871
0.45747316017125084
0.48736568622814697
0.46931849431442496
0.49644455608216748
0.50503384956580089
0.53316307166118271
0.51704143861508645
0.4977783757131754
0.52489909605686857
0.4852693076416521
0.53301510532205643
0.50946421345100001
0.51202219710264452
0.51726718526881676
0.51739082156119243
0.48769860957341343
0.50949265086551931
0.26532514888186653
0.27802445640261808
0.4980948600744099
0.49527680980943545
0.51758639040669974
0.47968071098115084
0.52479709123279661
0.50449606907507705
0.53304343518715513
0.46736404186446634
0.52564143015527887
0.4945379881649698
0.50763603219170872
0.49876161981639994
0.48416009550489247
0.47296371615320526
0.50524164552129192
0.52278137334807406
0.49866874401933325
0.49107744782003782
0.51438341359786877
0.48633995409297509
0.48229445186149383
0.4886495046498216
0.48662970079793644
0.51874777889968327
0.505734683339508
0.48345443029723967
0.52108471685979429
0.50354051427134072
0.50545373366264768
0.48640902319582452
0.4043003773328897
0.31539749439154902
0.48572589336362038
0.50961452785733663
0.49280162826238172
0.510270069438438
0.51535490830331088
0.49630011833161819
0.53439328482469406
0.48383755736124723
0.52235939227139572
0.48069100983128654
0.48651107045430186
0.49844201483250966
0.50314905610418603
0.49884708871510686
0.50062570152590935
0.48939525854341587
0.52007956305390879
0.52331577212274094
0.48735538936816858
0.50476855347900651
0.48965522429742619
0.50274900725836558
0.49264369157196758
0.53064392050600262
0.47666383884590113
0.48843529165706934
0.50446246208030487
0.50218539081175295
0.52128666907742582
0.49054231012738519
0.35174760687956252
0.27833843227064758
0.50372361728045412
0.48520072358363603
0.54374563913776741
0.47049123186581215
0.52515523062557867
0.5460388931220691
0.51412749300173111
0.52449232665909429
0.52482964409858557
0.51395831619383081
0.50721384921036838
0.49384563292206135
0.53543435245498427
0.48918495805413237
0.50080582689732511
0.49556401094528046
0.50551289037595848
0.46209909082174228
0.4933014887487025
0.49807430453760015
0.53792610759581616
0.49426173339553514
0.49268848873356846
0.45055172352524464
0.50358156144768484
0.50309505334469118
0.5333890993402296
0.50546719835851639
0.49737270093509633
0.49688897323507375
0.31798252315085274
0.29882414171494359
0.52539442245880252
0.52489050798624171
0.50316694963887965
0.49539778791782196
0.5275681251627804
0.5024935624313922
0.48678914450623501
0.52169940300484885
0.47087650292826244
0.51074853212099847
0.52259834272279759
0.49429086476515638
0.49692720095126397
0.51089956365623967
0.51568578559281675
0.48836287927787919
0.48019637262707543
0.51073072189149316
0.51642442181770232
0.50874520058964823
0.51966108830583002
0.46185435244326412
0.53752849604182462
0.47439111330346301
0.51268813646509603
0.48199618133841898
0.50619576230302676
0.46694810520104124
0.48670404211102486
0.50829937271872971
0.26526980061771238
0.27159852307780141
0.52310223858655802
0.5006989778176717
0.4556529442085584
0.47270417760728239
0.49972490459286806
0.51180371557214421
0.48947091529701559
0.52021036789919295
0.48160115720829699
0.47835822801763045
0.49829418451889718
0.51105158576084508
0.50591101395496219
0.50116081902406995
0.51620163042084444
0.50316806002738079
0.50048138403356912
0.51226783341836457
0.51002448488132357
0.47327877189775142
0.50351716082086184
0.48584819871865453
0.46587652058913953
0.4883177757566774
0.4803491116515044
0.49213566698434552
0.47978749516223518
0.48899731978428085
0.4994106530706795
0.48842403817822827
0.29484665002617322
0.3374479968640125
0.51049677490275724
0.50316271340391705
0.51809700151215898
0.51399073376012039
0.5142240072225116
0.46636466159337964
0.49294080892021103
0.49673230864446893
0.47210317861029355
0.48841708402947948
0.48990611542762574
0.47495380877090354
0.49277866065796577
0.50779541772515036
0.49126804451794692
0.49604078175801081
0.47751465687100092
0.51068396094181812
0.4936953019543015
0.47994168726788827
0.47237266961881813
0.48382638542599482
0.46743647565492269
0.50486196905525349
0.49953847326065237
0.52240399382902847
0.48731378100543032
0.47876737759027421
0.52212737018481248
0.48985341448483682
0.25732902146640885
0.29529012393168963
0.48913667830965185
0.53028470266943428
0.48797050365915445
0.49210743132518192
0.48235922247911228
0.491196195685147
0.46931098256820358
0.4935155908695924
0.48650974192248181
0.51753391095076884
0.48247213468165795
0.47841604654333258
0.46305786413963107
0.48261888077350451
0.48107956804601454
0.49899635703145084
0.50279653649758083
0.47177655884804204
0.51021463268488576
0.51732678345619776
0.51082417143203063
0.49736069593930826
0.51394783403257116
0.48587248613927547
0.48387109295521125
0.46707057998157075
0.48317916787484183
0.50194552858016084
0.51112534408963217
0.50420132495465453
0.30666448320913303
0.31004952341724612
0.47767879642315214
0.50501194167386765
0.49780518425481057
0.49443056135398078
0.51695567709433532
0.47564089007828836
0.489729645091529
0.50036207597558791
0.52212253907717632
0.53392319383880649
0.51782828757833554
0.48772262480420986
0.50486436427687953
0.49966871867699941
0.52186877261064957
0.49812685563145237
0.48278144032810089
0.5012722945639696
0.47693622643493627
0.521463726159199
0.50141831371638867
0.5265163096562312
0.5315831833569219
0.47310626452362897
0.47650534182323101
0.497899807249369
0.47253173796340203
0.49868480791193848
0.50372137937647732
0.51492569133456911
0.42883786398004053
0.29373989141328583
0.51226928152603846
0.49812374686856115
0.49045885158515556
0.46513386379675498
0.52041704865719418
0.52798407757675991
0.48508505257878215
0.49340101694593458
0.47653458153639339
0.5119910596736249
0.52160248373098395
0.5124414079059364
0.45905209116692069
0.49330758573477534
0.51990228467092225
0.47039726453903141
0.47089777789549064
0.52228787669460286
0.49687303101100944
0.50203022242452533
0.50048624474488246
0.49795744981295731
0.51455825090943319
0.47744845530936003
0.49551812072119183
0.51423271061077225
0.49941623624163511
0.53309651445964357
0.51160411830362362
0.47076676902441028
0.30780355989975178
0.32789274607287344
0.51841326367100837
0.49830753943274264
0.51598565453550349
0.49601976542071846
0.49052573869481975
0.51516476276378431
0.46746019363182123
0.50555485030624436
0.48991438483155081
0.47744062855306429
0.49750256087251982
0.49480522215821993
0.46774342642691408
0.51913825330948493
0.52379427594677797
0.49126248668591266
0.4854522524427452
0.52126966402539188
0.49507290343152011
0.4932972590823767
0.51572110534577398
0.52110164488444333
0.48422164921419009
0.52141105411500432
0.46918885560746842
0.51813240032412533
0.51980506919225133
0.54096055808143906
0.48588413734770364
0.5199248199227362
0.2967203863660669
0.27694065764155507
0.5030740064662349
0.4686286510726026
0.49828053930805311
0.45569180686173216
0.49351147437784709
0.49943238843883586
0.49283028197243867
0.48376152513294723
0.48611945782233612
0.4968547227597106
0.52772848770146075
0.50823284213491537
0.46684239261136751
0.52847105474876965
0.47081657273727034
0.51466736894600817
0.51543815247552349
0.48757150442865704
0.52634896601243553
0.472874174211457
0.51486456083108678
0.51103603680500276
0.50473574131864241
0.51351086125215228
0.51269132010808427
0.4781699051410695
0.48886229486005045
0.48914903885723537
0.49074135017514547
0.49987763153469844
0.34340354366777948
0.16745403246533289
0.39918330512072003
0.30404790767307421
0.28988677137745184
0.2650717672098834
0.28056044528345842
0.27107619898256058
0.27451100209706913
0.33314985366305699
0.2735801560472309
0.27789793379656724
0.27159346861727823
0.31254006543248319
0.31643128520062297
0.29231213863499972
0.27949436882739265
0.29843575692951119
0.30195703940218138
0.28066999388196473
0.29592050720547164
0.30450336785764187
0.26503654483444034
0.31469393441629251
0.32173061805056091
0.31428778476566083
0.29883346942247374
0.28386223912632802
0.28347137129478739
0.30137960880189074
0.27800065995049156
0.29900852791198945
0.20281501718076289
0.16759162602955713
0.28012381465169622
0.28147288684999761
0.28721851978197455
0.30898502435748387
0.284190278357148
0.30996213417027313
0.28736825956462075
0.31084142095221329
0.29367530837816419
0.29733152958328141
0.26727969910840116
0.29671594074010099
0.34414769993418232
0.32952779905580765
0.28942723696575473
0.29668015277933624
0.27669814079291061
0.31444290090693738
0.34761819634546298
0.28883247917310867
0.29127002316829192
0.27194454811481544
0.29284984454093616
0.33502234791529895
0.30177795925217399
0.31712769066506369
0.28786339995818278
0.28830146038032861
0.29125621152578679
0.27314213567240125
0.21904149879173135
0.28299076455985545
0.47948799164329581
0.4643891456250217
0.49043045876944752
0.49462782080881873
0.4882803821630301
0.51590801208261861
0.50544530140321231
0.51834775875419203
0.49204456018707604
0.47033157271411641
0.48814748069224112
0.52440662218546041
0.51903586446851657
0.46962005340399593
0.51399460068186431
0.49801365359812733
0.51858909563193989
0.44897247824134717
0.48846856792931864
0.52006020030197064
0.4627719042226251
0.48949966328510464
0.48553937478839737
0.53381570632439335
0.49772439790500428
0.49843675257718317
0.51254345522089928
0.50833623206399059
0.4861187065847215
0.51705144659386315
0.28776829711924229
0.32449595162319889
0.49786776864296195
0.49966872485718222
0.50424473865105646
0.52009350478893634
0.48937521648604826
0.5224961853316501
0.49624758432310379
0.49803723822455748
0.52343667999890386
0.51511417455770225
0.48057051283696672
0.51739233992061795
0.52084891033676461
0.51293080145906211
0.46824521892158588
0.52554875345906016
0.49764284242488266
0.52449078997981824
0.46985251859812127
0.48803549389285483
0.49325429017359623
0.51008761666004521
0.48370321081206952
0.49830723579002473
0.51413503720673592
0.49092627140018574
0.48495836180312818
0.47252304836353093
0.49885205318291853
0.47487146108580047
0.34256081027197144
0.32265970305386804
0.51223283793957786
0.48764533003538818
0.49254598950539874
0.49908685165964339
0.49679812856471728
0.50967055650936877
0.48115074740709218
0.48229807187307733
0.47266794438258108
0.5322725250886603
0.48191473518867117
0.51213356859864623
0.47667643741832261
0.48175608984127277
0.52281567537501095
0.48941185541011473
0.52566514884607773
0.49603657722445815
0.50548845367249018
0.50247684334952381
0.50702306733404778
0.47789341223459758
0.47868512678204234
0.51150523265266423
0.50586478441005545
0.48308253910180676
0.48314514760973415
0.51828596315862052
0.51474068506326009
0.50318075462116496
0.29444787329828515
0.29086714922500445
0.49592675766047783
0.47414392235985742
0.49721808923160826
0.52014065229982409
0.49593368111489472
0.51369158849399443
0.52195514027496348
0.50264060359662721
0.49436482220508193
0.47672749496142397
0.47207889077958992
0.51106252511261607
0.49091480342198712
0.52318372132849933
0.48900223535814147
0.49417183649101815
0.49645276239785724
0.49710028743788864
0.48952732031394647
0.50555051918012983
0.51713766073008993
0.50751820843286122
0.48293228375064445
0.48494642800873555
0.51379937313019441
0.47064816890362671
0.52934909130388819
0.47392621757767339
0.53483476196906599
0.52566538478560643
0.2952640060019876
0.27132730283166923
0.48432026149861918
0.45498107857788955
0.48171816006147589
0.45672620805413827
0.50847817643985083
0.53260999143116405
0.5097323122481614
0.50878793837599856
0.49904573377616762
0.49676122296737357
0.52202731885728693
0.48794708093600347
0.51024484344354137
0.51203321177947669
0.4863628785430783
0.51857014077321062
0.53123386447876875
0.48399840308487113
0.50444017859845924
0.50382219306003817
0.509358919654613
0.48956273160630148
0.5229861687601709
0.49507748805756885
0.50858352463967482
0.49641011850853184
0.5051641594729066
0.47197124486363989
0.50851731647191478
0.47497709616368983
0.2815677610585744
0.26321817979171414
0.51400887812335772
0.49478899209184518
0.46700060846647373
0.48876801088006516
0.51925149392771297
0.48676376013924399
0.48242842282466281
0.47004944278011163
0.5083495247885732
0.47565436163127045
0.49385793354335689
0.49905770396479876
0.48998533389599747
0.50725996042767663
0.49432933270153734
0.50528333554481364
0.48900667745850634
0.5103282249401575
0.5189172692955194
0.52848437605187137
0.51208964420577818
0.46477225868854349
0.49959731224910953
0.51703438551322145
0.5003558949169391
0.48283954419963193
0.4992323567078914
0.47548660943635834
0.52923589627430168
0.49609393442481986
0.2857151478327617
0.32714576326465494
0.51658671025598868
0.48587454110403894
0.48125854719635408
0.51730961070424031
0.51221275432485958
0.48958105561084603
0.53125731799893294
0.48247723704179896
0.48869097138203266
0.4710274952652112
0.50473680104967122
0.48724552925417469
0.48771629983623177
0.50501924538498011
0.48023803024857925
0.51941721364818694
0.49336464438439165
0.50010960374261371
0.48306596244170119
0.51212188572527417
0.45946828436057036
0.48867945294984305
0.49387035141060737
0.48366658848754834
0.4850609315405246
0.48964853868881336
0.49250162989865248
0.51871627091711947
0.52508651645555182
0.50234536995900103
0.31186593767627685
0.41431173163048979
0.49718511404659371
0.52647239131580115
0.53904985492586299
0.49897195249474391
0.47584935139921791
0.48019321178229118
0.48860526614292527
0.51314025021408027
0.53735603989885417
0.51382214442137941
0.49735731794192412
0.46204778664360718
0.48730230772574651
0.52132694343785702
0.49411818902595017
0.49779203367657854
0.49587271103208019
0.48521903361594543
0.51628267787317794
0.51012952970561098
0.52096686670393177
0.5044735720764475
0.51823253875583319
0.51245995884944839
0.51834100271228967
0.5056840412168373
0.47659834793222977
0.48601625107754054
0.4861796779072039
0.51566793815519008
0.31078670821503401
0.27664421339472361
0.48479276678930039
0.48525284011113445
0.51293989488165825
0.51036023288594323
0.47301433736391452
0.47339250762865842
0.50698298672298181
0.48025510020198242
0.50906038592863456
0.49488557712394876
0.4983164310432025
0.49355730129748887
0.50562081348114096
0.51200128459580452
0.48848549911935069
0.49832390155277001
0.49188788141138851
0.4630642870402612
0.48318436038081752
0.51931830172096649
0.49891802603179108
0.49571952826268645
0.50081506357708194
0.51830356882631501
0.49057007109244655
0.50005983654204378
0.52178887875112412
0.48257360627730828
0.50775766657561539
0.5229837618195412
0.28937832625010895
0.29095337135739746
0.47963897552454915
0.51695442808709513
0.53202235830428923
0.52325696765368712
0.48343306627434884
0.5003607813150891
0.54222186299642239
0.49951585236694396
0.53460853810069497
0.51009946841850617
0.49972198936790779
0.54169142188757891
0.49163606335750371
0.5111245781956375
0.49882560788053898
0.50964870867786394
0.4875921987147625
0.48141586581050827
0.50555034997917925
0.49962459265789927
0.52673609264331511
0.4952126780761138
0.47990975119124019
0.54603714511068824
0.52485209381954689
0.47437471617409754
0.52027697884960178
0.51001190240424565
0.49001790348710483
0.50094838560351196
0.2682854142594841
0.36638365521055427
0.50635634476521807
0.52279509212556885
0.4931733635789558
0.46734228788252657
0.50583854360036895
0.5010505271827117
0.51794967536964764
0.47556756686604351
0.49155455453504993
0.52104716240258908
0.5349485516208079
0.48462939085954221
0.51386728322404196
0.50358400819774041
0.46189497598841756
0.47619566692714177
0.51432087181956565
0.47155021280592718
0.51556366970538536
0.52585169273016452
0.50479536684574544
0.48796256803232174
0.52168605652970979
0.50178145269233498
0.50269667102411641
0.49519095052159201
0.48649655687539622
0.50656448785338337
0.49127671880928692
0.51069069065548867
0.36867550592894704
0.25677024644740581
0.50545442512385963
0.48287017672960914
0.48108046225922235
0.52226833483237056
0.47410072748037607
0.50293464526173393
0.5393778168242912
0.53608185729243818
0.50087035425046889
0.49292580855974627
0.51181165701516784
0.49532009701842517
0.51116718765791136
0.47497882913556755
0.48950209827260888
0.50055413080832756
0.50568937856661222
0.48924396597094594
0.49355020864824922
0.48926362166383736
0.47261955915542192
0.46919623442884956
0.51519691431356829
0.48536328260166411
0.47511757122072223
0.50369246512065469
0.49372849494147403
0.46629832631193713
0.50286856606451236
0.4930485623263216
0.28048631534045804
0.30062788842295152
0.49882903412519886
0.50584786919946423
0.50759236456333467
0.48231706067507796
0.51436272789394244
0.48782449375252129
0.48888352543630254
0.50925015921668093
0.49996483642431472
0.5201909375728081
0.51996071042044567
0.52148827685607724
0.5128846904422053
0.48019152014912381
0.50062750134479872
0.50269684760433297
0.52734913526329918
0.50612949414295627
0.49072604079389537
0.48716521385481898
0.47148536458870127
0.48248167092171679
0.47895306183577191
0.51891707663474462
0.52155258874741028
0.54166393043755312
0.51358286933908615
0.49306829022423598
0.48011517661009034
0.49596726819945486
0.34965971002214424
0.31121017408253965
0.54157411393782939
0.48234260859735723
0.52413817928388751
0.48898645837017329
0.48246946332775487
0.50382177873646261
0.5026152453096645
0.50790870444321734
0.48884131872332931
0.47810293682454164
0.48771111079687479
0.50398320564206067
0.49557621602306484
0.4884960644117638
0.51961042200638397
0.50750809439947087
0.49772836551523841
0.49983739164094665
0.53938348144077042
0.49154029127207149
0.52902479647115364
0.49828423250849024
0.49892013111485245
0.50433481985096817
0.5293726328296654
0.48858343936121523
0.53020631883651059
0.53158769625095392
0.5107855225139073
0.49755717289729784
0.32297584136224627
0.2912674480335688
0.55351672531829077
0.48283900821307502
0.46193042581384997
0.49263294231332155
0.49391813509572352
0.48117716251408893
0.52120651834998222
0.4942885609303706
0.50476208357475372
0.49591200360441523
0.49096242672435458
0.48578027581712035
0.50884888792646421
0.49837163776698862
0.5218317863851103
0.49314601266839048
0.49779890197482463
0.49875740675233832
0.49058244004470702
0.49593000246740354
0.47092274163862252
0.5292835787718414
0.49513659489636175
0.53633343683431434
0.48997724619083755
0.48895003473364496
0.49137192698533222
0.4955655799232897
0.50919547921799913
0.53313920264216452
0.28342621692317804
0.32378738516592476
0.49285222227370462
0.49159050054233794
0.49482552294210824
0.49135276158065888
0.48752053810089957
0.4999794961693258
0.45291634991880741
0.50206339915199993
0.47070693878923808
0.51162288993629712
0.50191477184742028
0.5255389565937314
0.50723235213220508
0.49700167211603641
0.50872187227988885
0.51644954062087289
0.51066116305530929
0.53043383554238488
0.4773400126696471
0.49746567811469122
0.49296661760460264
0.5159323560224045
0.48926942570635823
0.50030524165510404
0.49654940378245227
0.49793875934991366
0.47646799753875219
0.47806001359379885
0.47762486895532147
0.50373959222720033
0.36194647025131216
0.28172039856084669
0.48920365467000709
0.48368577377013072
0.50365252888431467
0.52633846469231116
0.49433803563826817
0.49836198927965708
0.53168719855290059
0.49292830459061709
0.5037188663678247
0.52758087739196458
0.46807578505062791
0.49654497814267695
0.4956539595806872
0.52171613088801938
0.50689301270474718
0.50707310498614622
0.48308923537590842
0.51427254872819406
0.51702656078985831
0.51383876139551732
0.50669796858159155
0.46791592840034696
0.47030480742479802
0.52070685634047476
0.50675769556784156
0.48859198377231383
0.5008854032055865
0.51926971339188799
0.48493240870928012
0.4721648082586794
0.34605928482892817
0.37739533221625926
0.5061280652553759
0.52349596142372046
0.53011620465904796
0.50478666083774182
0.53289966085270435
0.49483307599516296
0.53203616358579509
0.52696119702553601
0.47758412670268185
0.50016764435228545
0.50608746603610411
0.47454747895259081
0.50675274946587734
0.51653620848961312
0.49262466616017342
0.50460609284275715
0.52050072866420372
0.48459540797447032
0.50187136503755903
0.49310316348977834
0.51721956907769784
0.5093105165460412
0.52122895672492298
0.53909317550963587
0.55746749332853895
0.51692837109478429
0.52027417101891071
0.46567648885792873
0.46819233956987666
0.50850622569862969
0.30263167721412287
0.319330432726388
0.51143839663680424
0.4738500746693865
0.47296944455283119
0.51211570228484582
0.49412626854722091
0.51880531063264823
0.49740843757721609
0.5056285449468767
0.46960406102709895
0.4802379672195316
0.5094316577218877
0.47576957959798755
0.50534073838238092
0.48995943666787012
0.4891005231929772
0.52150444819820596
0.50825208447793224
0.49391996096635993
0.51089984239315234
0.52280393398330016
0.52704150147415552
0.5227693205068985
0.47343018554912597
0.51168941070790497
0.52194660314959185
0.5197877580813044
0.49509641192401127
0.50892861800310152
0.51008940357483656
0.51770034193895009
0.30650517968669949
0.32861735912660656
0.55350552839281952
0.46989347983124918
0.47109805442407621
0.49996540999087652
0.48303504175814277
0.4906296579451595
0.49945191262675231
0.52435220601315669
0.49557421830776632
0.47407927400073974
0.54114359414013147
0.5169323928397227
0.47546033647453617
0.51343705258624017
0.50251053888229902
0.50258064082274256
0.51717378257703783
0.51129524087342737
0.53270777268342262
0.5130191029425516
0.49839071149953712
0.52229227340045581
0.49329422949576734
0.53397289070187615
0.48024268178564145
0.4707199677929782
0.48851203637054091
0.49908046089092006
0.48366710083733822
0.50901778802305753
0.37958669570711767
0.33949241640233851
0.52204185055501506
0.47991140378212543
0.48755931321856777
0.51990665529568769
0.46759579157873843
0.50499386271424174
0.48498488291759767
0.50963442568551354
0.51333402304395848
0.50103690235737841
0.49540547744851843
0.52959643862439831
0.52317578264955034
0.50488754087161425
0.49035925078290948
0.49781955857402976
0.50497233217830817
0.50068565482371941
0.50523097273866946
0.50051974691473267
0.50529561965371372
0.5208839031239606
0.50719583514414845
0.53225265006273303
0.53298804156708024
0.48535238815017745
0.49619058203682703
0.50397763179003607
0.51315589162579955
0.46416679274873218
0.34510520369884701
0.33899046899262653
0.49219367003382364
0.49925980498311778
0.50636527056163161
0.48362765922919637
0.48678681461175155
0.48656760205677702
0.48496318070026218
0.48171332138042239
0.51202585819296453
0.51075847111451345
0.50523260649235013
0.49141641611394038
0.47671032825382298
0.472752786744839
0.50635411831804111
0.49230108497781488
0.46957379141894473
0.50154107422308536
0.49440664483232649
0.55123180416619688
0.52306240446337204
0.53125806049908819
0.49546264399253093
0.49911272806376444
0.51355969412707703
0.49343732106453658
0.49484186494355586
0.49571552683155873
0.52746823794384834
0.50310444812357957
0.30814297315000799
0.27233730586360233
0.49202324968477501
0.51002836115749028
0.49343673572621
0.49932019208195788
0.51184687461202738
0.49599845032182638
0.51516867418995316
0.51440521155192676
0.53560796246009279
0.51493311869765568
0.52288228618558896
0.50688676111098852
0.50322833878981865
0.50839168826342451
0.50439146205131602
0.47448211063112289
0.52399141287463513
0.49641889247567689
0.49837540269103597
0.52075339360538009
0.50114251337593885
0.50915913538986213
0.48289770889265449
0.51737396711742201
0.49110915881382822
0.49424311561628226
0.53152204465765773
0.49730114830332434
0.50748397870955064
0.48429008503746179
0.33367159488360965
0.26274684279710259
0.47243562195662081
0.50462009268771235
0.48489219094767216
0.50864402285200838
0.49756811784411026
0.51187889495150674
0.53220832778722527
0.4712955713844319
0.49685878410778345
0.50209084620936961
0.51676304537197215
0.47402790976091669
0.47306194411531127
0.50732020275677048
0.49175648464724081
0.50540990061814828
0.52409082000065277
0.49210483743710948
0.49193207994867882
0.47612468516814604
0.50616882423521226
0.49495501691017252
0.50155935691794717
0.49478318041697628
0.47294367532666326
0.48780250556784638
0.49529195311615526
0.4945881922622925
0.47651218396757283
0.47930619412090436
0.28121041521851442
0.32970538001865157
0.53182537271945196
0.52007154267039113
0.47917316545651312
0.47341636889206262
0.4841031718172909
0.48690290381958196
0.49331235858877615
0.51951925705455104
0.51938167600387042
0.4976923352952084
0.47510672104668533
0.51658072308776559
0.49734305681243574
0.54005667945527969
0.48147329519606874
0.48730962080423579
0.49422430062552131
0.5385688649101763
0.4901679586884431
0.45518479973708564
0.47144114982323915
0.47779447074013948
0.51586956775751636
0.49171665984088891
0.4604279676548812
0.46365860224921823
0.51173792621005787
0.47924116823467416
0.48780598555951071
0.50362173909570362
0.35955842135811705
0.38807416263464611
0.51689955671577326
0.49502125479867243
0.47034689381303496
0.48553464107912436
0.50690374481164568
0.48388289520797656
0.47987757783274515
0.53984322500165871
0.49959371994183027
0.49623514628928833
0.50776878523612134
0.53378750536352526
0.50702094911886453
0.50031745459229615
0.49384137208905959
0.51065511132747721
0.5264589128438113
0.4877863724916961
0.49143405730024975
0.49937857025159582
0.4995744186035011
0.48858478669624339
0.50325276397486651
0.48955506409734217
0.48316999376824304
0.51090924259082116
0.51659182911988799
0.52549439013233512
0.48193247218639124
0.50950650507806794
0.33225516905359748
0.27348141207959814
0.49329003612115524
0.47145170192006675
0.51974813936852282
0.53220834368367842
0.50079892243496926
0.48357470685914633
0.48625831110530959
0.51990269729340488
0.51266446799651466
0.50137696455004765
0.5249145848750425
0.50965081155941871
0.50316152461233077
0.5009015048256783
0.45672162455351489
0.51496581712976353
0.4850041793621358
0.49643420698125656
0.53106735110648673
0.49292228440731478
0.50420332697031345
0.50580422944549097
0.50307308301221154
0.52834346699146217
0.51517747824872273
0.53143989305572026
0.51075533973608933
0.50903592072880455
0.48732897351878157
0.48356260345067736
0.29070951160756386
0.26271638356484278
0.48738217469065093
0.47265639006331589
0.49798336296610224
0.48418522381825468
0.51140125691618932
0.54919199203752755
0.50447128895002757
0.50940056275532997
0.50121201531084203
0.52029023794004636
0.49082497619962762
0.52219365755159075
0.48494474168377394
0.50961046121870868
0.50567918142168233
0.49058578741597886
0.49111454296336193
0.50234038104758882
0.50381539787080154
0.43982205895022625
0.48983831560024582
0.49108566329814252
0.5115781374349232
0.50753840297643149
0.4574649252237114
0.47462218621535429
0.5075368661786227
0.48651956691353393
0.49593228839994918
0.50963605666279455
0.29286745576747497
0.27693457924652271
0.52825724462453649
0.49657895883902775
0.4980268665609503
0.52064330477736942
0.50734898112843396
0.51167380002386154
0.49461867390803466
0.51207756959745743
0.53600168439529761
0.50147351003288165
0.50789979468149093
0.53227562611904744
0.48228440180374577
0.5082832633425568
0.49936967221178036
0.50504005747069058
0.48983671263717271
0.48294982627415567
0.50936489846109922
0.50563712885756262
0.5114543077584438
0.52069511741041408
0.47768866295152951
0.47482978073095938
0.51943439398235824
0.51509464956059747
0.51199504912884797
0.51242312340883978
0.5035170657188166
0.4940070932963741
0.33765499581668096
0.2847751744715093
0.45580375897747061
0.48671771906785377
0.5103153606336287
0.51472636669914085
0.48814054732070267
0.49055421265053389
0.49958504197241788
0.48639428629694104
0.53075165255335655
0.51024687322376905
0.47048848883613648
0.47209188563988247
0.50178168047445915
0.5012618025499177
0.53248984805432664
0.52281467382262803
0.50508340897748416
0.50513040688921473
0.48472224826685995
0.51899264965446412
0.51514355546480395
0.50728655062641492
0.4740146671756858
0.47356759415974858
0.53457711786370599
0.48366336786740638
0.53051490603012952
0.48289586836778087
0.48309100784726444
0.44643416680615844
0.29957579572937049
0.16021805155515242
0.28326969792012435
0.31330525778753465
0.31386649123984267
0.33469745227018644
0.296726504730493
0.34886974609654459
0.32528524903849082
0.33661379473916364
0.36981147015200561
0.3476805817386831
0.27124461643556375
0.26742509647319834
0.27135463437277602
0.27874190990420677
0.26618474256938218
0.29509501141912309
0.32646400642778778
0.28365335885265414
0.34811146174854574
0.30777167156652147
0.299068196135302
0.3102816665198509
0.35566490478043261
0.33651471608684619
0.31757334743000809
0.31885986452137371
0.27847456972352158
0.32290804114542565
0.34049492299978296
0.25844262679559477
0.17184284266262326
0.22063385593773371
0.28765628232772594
0.33115189925403282
0.28868541476812215
0.24213294495284643
0.32805075720358845
0.29566092615878364
0.29225582750200191
0.29819199422417314
0.2772685265190768
0.35218296093627299
0.33097552225657323
0.27942976086426896
0.33410866445085086
0.29445219235706249
0.35995429418043945
0.36687011281511733
0.28353001088303259
0.27977107575771915
0.28761743654921013
0.35167253408123555
0.3447905000028077
0.31540290459749148
0.34732439817914768
0.33660748940223073
0.33483268965605772
0.33463712712838822
0.28916513208409683
0.31656249748791376
0.32539863606210401
0.30121798658911958
0.24803078482187249
0.32325996888871744
0.49935279883092532
0.50535656663390349
0.47893538312704653
0.52756059939174116
0.50860236998874808
0.51233012712008974
0.50242807347068019
0.52666091226663969
0.50244127995606436
0.47617467656836243
0.50810455621909034
0.52199949081082686
0.50596174557322582
0.51584675265327451
0.5035287331265097
0.46377671569388029
0.51425128788754659
0.51014819127392552
0.49024984226770552
0.51512707726687623
0.52354814429439245
0.50494961376411696
0.47036918219751089
0.46035174909708021
0.49219835328733252
0.48339736636709391
0.50414010751470351
0.50766234030112378
0.51077233971860581
0.50095257761059619
0.26209906098403718
0.36085062483290564
0.44818769965908745
0.51523166474730053
0.49014261551268085
0.50206068293704054
0.47890662711543308
0.50600296631895669
0.5341524710837916
0.50090234571133474
0.50263419669224885
0.50100162936720738
0.50790853352444465
0.51805518937915751
0.47494091346040607
0.46682149480166113
0.50015322314136745
0.49034909055613307
0.46143911928356501
0.48430450933964203
0.50146512500490636
0.50121681197460055
0.49028358534892413
0.48644227215103908
0.49032200213214072
0.52396974452408096
0.49500473303257653
0.51087553309135891
0.47077632654366791
0.49715705391249998
0.4805519830686269
0.50202965781656284
0.28547803816408757
0.31513967332244563
0.50906372619618645
0.51119981178035834
0.51894170994247535
0.53281591373000858
0.52415041569802023
0.48923223552413109
0.51675451889103285
0.48230705268861118
0.47256090390034389
0.52593695893255721
0.50018213665028832
0.53110886879347885
0.51767761508951693
0.52497766695555292
0.50050865190931293
0.51373117392538314
0.4835500875877054
0.52388026496478224
0.49156683115933281
0.52097913797968476
0.54722935053066235
0.51697024956266635
0.48749511613434882
0.52915357577172195
0.48475579510580025
0.52003327002111221
0.50727942656139724
0.47825435602752742
0.50525642274698579
0.49730907165542426
0.29515478260787381
0.33362011921788348
0.50059481434940289
0.45871168186441497
0.49750869211687887
0.48750357394749377
0.48750268115159573
0.50505159127259536
0.50464579999198544
0.49778211976969716
0.50028116397382749
0.50628276473952172
0.50027804252547092
0.46618089702769039
0.48717890332029945
0.49313330305391195
0.51625614266775832
0.48865456967466414
0.4903185282219803
0.50808811437426127
0.49947125269981407
0.49260692633229797
0.49881143105218595
0.49321723626752112
0.53006796182070637
0.48693397739090993
0.47367038707412806
0.5076681963226527
0.50641153249279591
0.49981011690946048
0.47462081140131185
0.5355314061245976
0.29176674522156332
0.29443783727070394
0.50830609262650817
0.48513978748256431
0.4793778705662492
0.51068882647600877
0.55515537620920219
0.45697015067575464
0.5201824993254528
0.482433225314085
0.49886906311842522
0.50841432633286487
0.49723592707942216
0.52725585030273647
0.49922113992520994
0.50706541920598858
0.47794712458013933
0.4823972731668083
0.48832933629900155
0.50621447231843175
0.49212074492768298
0.50890069592521492
0.48626267487403713
0.52785114457396376
0.50505950530214994
0.47845113792113886
0.48965482386406228
0.49760801005390132
0.50665698020130667
0.49841525829762046
0.51747882718137483
0.49662467523819592
0.27133275180220101
0.33467427539603029
0.50630899735197987
0.5169341370262498
0.47909960152947523
0.49722071678891788
0.46918052330283994
0.51583099142301259
0.48423175291258075
0.49254772244984096
0.46970070926675572
0.4898579721461605
0.50008160655783052
0.50350266940455868
0.51180900167285537
0.48031696563169751
0.49632658190500495
0.48479556660322753
0.49853038326060367
0.49411846824977884
0.51338847197847348
0.49808512937664151
0.52111723074095662
0.46608353012449494
0.49602485140140029
0.48774862030574695
0.50745242355741471
0.52277411629268777
0.48091834044522064
0.49683034176847068
0.51142960315809283
0.52150987893782885
0.34183565899560087
0.30867336267697754
0.50595669639536178
0.52094842752176329
0.4853957161641031
0.48759057394276345
0.49848111407070383
0.48962362220639993
0.52552363214144104
0.52135039199544686
0.46261230626024991
0.50421381095094864
0.48795926516947713
0.46692008098884646
0.49991342783550641
0.52568260092186048
0.49231289747983437
0.48432196552269929
0.48912410427434161
0.48889637809634617
0.49660137888980771
0.4795983044375236
0.51415258867168545
0.50311750269184474
0.50785964269860251
0.49188890851652689
0.47590991794270948
0.50108423876649888
0.50368464357566578
0.49758986605742273
0.46474091744228391
0.50606346020616277
0.2991350042095719
0.3279625311427366
0.48520569585316342
0.47091006031201021
0.52569258522808049
0.51057118216867814
0.5173242654206025
0.50003831454082848
0.48978787445033645
0.49182755717673621
0.48989308095333051
0.51619814966371624
0.52211584499154839
0.53288655974718058
0.50525191602401132
0.49065177577264912
0.49120309537949686
0.5242010340813763
0.52442165844896393
0.49390229870581553
0.49001951661339271
0.49467718323789717
0.48816701182405503
0.48774782185176346
0.50050572025558893
0.46852700403971925
0.5029601279151471
0.55432043674348475
0.49015170551278237
0.51320415040730805
0.47849515772084006
0.48215522898582597
0.2600159675830131
0.26974382206278402
0.47925799103403127
0.48996113548387116
0.51228106453089706
0.50074179065195057
0.52064794444906126
0.47627400540630216
0.4984701550803407
0.51623241548061205
0.52187999425132992
0.50591712253191512
0.48603599945509146
0.47979173587926982
0.48870874638700706
0.48702337654563166
0.50857252040411216
0.4885286946363589
0.50085588462593189
0.48733003782155615
0.50158452738843096
0.53709950439481646
0.52235724809730699
0.49265261088670415
0.50066998497135973
0.49990581436815879
0.4981438339017627
0.50259315309681352
0.48675351154673679
0.46496422864639969
0.48158230244028066
0.5034955018344478
0.26093049085482378
0.33670794013733424
0.47405528826801357
0.51786396295045956
0.4812035985535198
0.50204648461383405
0.52419226868877689
0.5000995645418157
0.50643946010907692
0.49093790595608017
0.50040170278596252
0.47432421868053531
0.492518843825827
0.49014252663235502
0.52590401268400655
0.48704822539907316
0.49116978164726421
0.50325895088433426
0.51671932855409053
0.48914155023520084
0.50400578917384087
0.48699740386391938
0.51325869291104431
0.50273856358669944
0.53146763157370991
0.49940314377130401
0.48825442552265019
0.48691633687358238
0.50849058180367124
0.49704501178097216
0.47651059303806192
0.52440892061152844
0.31146804237447828
0.28059736716836053
0.49126117460030255
0.48947717179524813
0.49284350455306547
0.48461017935020007
0.49430074046589623
0.47363327711430614
0.50376730033060602
0.49615726365216661
0.48239092097877184
0.519108857047474
0.48624303289539195
0.49294512417815778
0.50284901263499027
0.52610449987644325
0.52207501128686695
0.49462512863172164
0.50854194104550887
0.49860485253795189
0.49259049673818744
0.50568849484099698
0.48593781455282076
0.49383900266237829
0.51989679264523136
0.50620152821299036
0.51293915845778215
0.49829887112193527
0.49281445126561024
0.50171157705072456
0.48322686035056295
0.51476669531517827
0.29711068622429493
0.28166142155559293
0.50423575402604659
0.50787798673838758
0.48379705471162554
0.49132573826926329
0.51096647083168512
0.47897692345462389
0.48618388143439073
0.49850929073221345
0.5037741262339871
0.52137552336602055
0.50689836982582182
0.48197770008387403
0.49903632591384151
0.46099380284501507
0.51721403324865456
0.49146949039888033
0.46126272007155406
0.50680205637794329
0.52575634976834562
0.52784924396386124
0.50858400636632028
0.48876584954176377
0.47253149228585545
0.51786828841360244
0.51188850624976034
0.49612201935013728
0.52152332726743666
0.51419706397949916
0.47685504850445254
0.51764660447219135
0.29141906824830155
0.31615502143371782
0.51318946369680929
0.51344904795007895
0.54145718108593099
0.51775289904407285
0.50682887482519012
0.50016003557446287
0.49909378452932718
0.48560668128963347
0.4910155703961489
0.48835684366466148
0.47528209493877022
0.51710379443074472
0.49163706206809055
0.49016335555213503
0.52490061737021199
0.47656385465380741
0.48605322862057188
0.51358789282743311
0.5190942091189189
0.531962211429442
0.48987236186849686
0.52519824773932522
0.48514119990656274
0.48491014118182907
0.49278583724241271
0.50053750200257241
0.51453737960026913
0.47847621398416373
0.48463933555312261
0.47543480171009345
0.24580288912651882
0.30621066398902463
0.46594761424309128
0.4863834758859808
0.52165491797156693
0.49044239270446438
0.49324122837852874
0.51762178963234284
0.53033030478507159
0.48916043484506083
0.50159652069497973
0.51593565095981397
0.52485388963680946
0.50052043649548938
0.50025996317837762
0.47572541068273499
0.51064142437686943
0.46177408498661904
0.50479730697105696
0.49357644967645353
0.52959128353287632
0.53446448920902478
0.52019321215266079
0.47566408625530832
0.47629006918181666
0.50294002910308711
0.51765362439392182
0.50024130047527848
0.51678913661149861
0.49575849668888133
0.49961575575486222
0.49309976786535459
0.30921934475570684
0.38142092112695641
0.5091178314456184
0.50211413631923951
0.47539417785496563
0.49837990284346628
0.48654714416239908
0.51966038640045209
0.48922612454733516
0.48757957775955746
0.4935957373913894
0.50271133523480394
0.47598797595276526
0.50158421456901614
0.49648059278046902
0.47930625135764693
0.48016913708647735
0.49404153627819308
0.4750905704756016
0.49464787965249002
0.49180511325728693
0.52026018177308442
0.51555535902665595
0.49683671866282575
0.50270578270812627
0.49220409337515331
0.5053482471709223
0.50483119172163704
0.47717611934300741
0.50006713526787383
0.4920145844612826
0.4920334028420274
0.29408620205501101
0.28137469548328642
0.48646565318304524
0.48116881285613633
0.5161843866211383
0.49103243999664814
0.50539179322036309
0.47954930463280748
0.51282461172622873
0.52099720510890613
0.50619396782508075
0.48408807604509879
0.46312256772807714
0.4882616669780056
0.49709497123887036
0.49926343997623723
0.50881595046251182
0.49635110091085133
0.5184448689982909
0.50949057039005996
0.51801112985732123
0.50315767676022272
0.49276836859094519
0.54208717813153084
0.49626813631471522
0.52670021237059528
0.49637470305619341
0.49949022913640823
0.48489053313401387
0.49896119970585856
0.50842729551695764
0.49168744320012581
0.28689632024854489
0.31653327198883074
0.50933121818810612
0.5255171210107904
0.47566891177989684
0.50194040785399185
0.5193977049843328
0.49768318678207696
0.50422163858392444
0.49607314106063005
0.51836216117940581
0.51084179040105882
0.50971909468998888
0.50456687874305994
0.47350356662843218
0.50809003172287825
0.51408696290483846
0.50901327983060862
0.48557871359228577
0.4946414665411063
0.50143972634350742
0.52536489532622332
0.49400859565335264
0.46589728405945458
0.50653487231787919
0.51003417857394873
0.47925354028415229
0.50364240662149518
0.49822988539641255
0.50527481374243699
0.47594750967952149
0.49613281423280786
0.29172024653360246
0.27169031571845492
0.49955990785326021
0.47847728538466988
0.51141971625240712
0.49811574961630478
0.51015500170826644
0.50539900260835158
0.54160710707730431
0.49409378361904743
0.47144648572084535
0.50395958710006161
0.46286291850140382
0.48662935195345647
0.47808384953410321
0.49420972140149622
0.4968738749874918
0.5189221200640235
0.51532516791069227
0.52566440817192839
0.49697046987720961
0.5038395776030552
0.51881748823654084
0.50073536884274983
0.50387333715473814
0.48246274821337404
0.47024191582695807
0.51047994555583098
0.49347429638455448
0.53065352892078532
0.4977514531267998
0.49562317916284082
0.29217084565784118
0.27808718874376637
0.4807448491655022
0.50962145829348737
0.48446782864669757
0.49728906392916733
0.49074491740617243
0.48776268483745833
0.49700724291793019
0.50407862645220292
0.49889442004839496
0.52072566151123134
0.5051027988579605
0.51543430207621266
0.47687691125142762
0.5179508622610618
0.50889442628625758
0.4966752466056864
0.49503688796107403
0.51152419370105484
0.53363753263348701
0.50519442725333941
0.47114628936420117
0.50520897976599333
0.51921128552928419
0.52857183578925171
0.51557095261487762
0.51301450218369116
0.48324300348359056
0.49693402480328525
0.5432349066319383
0.49292302026472051
0.36965972170108641
0.33146654455275265
0.50242288253000911
0.52652857616076809
0.47184053970663903
0.50361931285830341
0.50087962293144084
0.50727899595440129
0.4972643785893166
0.50292420469025712
0.48970291405561089
0.51105047873849152
0.47440143703707305
0.52191898113310919
0.49096204741721844
0.49464436105898602
0.53271150336937101
0.47662843331700805
0.50349404064219316
0.50833890643616919
0.52513496450712838
0.51027709115028375
0.4957459935477368
0.49895104115726602
0.50173449313814611
0.51264926765842855
0.52811421096457045
0.52572334056372094
0.50249774052565577
0.49299996837051396
0.52005758232053767
0.47536085129140826
0.30868560501405695
0.33509002353651646
0.51634515540069992
0.53041964650775275
0.50244389400488643
0.49190339403362909
0.49117496082222567
0.54510541675016688
0.49695642104994292
0.50136846267452773
0.48570547045435719
0.48345636325534069
0.50992480093983383
0.51024420870783571
0.47582405895641966
0.44971044463977927
0.52048881945166692
0.46450707740008873
0.50135448898385371
0.50733897874855061
0.49211282108903964
0.48609797341665129
0.52798429867036301
0.46975854357485847
0.50505703773282784
0.49251743399120179
0.51639379527901585
0.51013970711130874
0.47802496372140035
0.49647355902613782
0.54876189054908198
0.51208662134723848
0.29864240185665253
0.28108377694741937
0.52516323450526292
0.48549732534217338
0.50373687890647412
0.49997230712834922
0.49222927183024157
0.46889033679669145
0.4907528518706013
0.49211144850704608
0.50055908950999439
0.46973625378374323
0.48039174709295329
0.49722062481307966
0.54564706388296813
0.48777861071095174
0.47901904145574192
0.48234172662617036
0.48672253071952826
0.52430504112955456
0.47982522346334155
0.48348416828532087
0.53496297311181906
0.50387611049750558
0.50847607645452175
0.48033880241302718
0.512557411447912
0.49113467418542239
0.48748509581136001
0.50679362744620748
0.47835666779854846
0.48663723611378779
0.33010430905595739
0.32348839061018664
0.52630678970960931
0.48875051767666933
0.51245911216224782
0.5014615056315006
0.50132738555979883
0.49395204965783157
0.5132116261548727
0.50896926081999561
0.44946520034545517
0.51021646904701123
0.47474424692927158
0.48235262459394262
0.51809947683092539
0.48073937661581256
0.51261828522435104
0.45105881689750582
0.50367300727432684
0.51751685179165074
0.49733008100592779
0.51614328955421285
0.4832722681086698
0.53930543392193808
0.5026270403697205
0.52609314075434732
0.50092311156387981
0.49686211100947908
0.51628847512565523
0.47436648016885863
0.51177555140793429
0.48913828658296055
0.33940135279572609
0.32221985062739406
0.52446082283760642
0.49709085714234502
0.49975233691626247
0.46648497806632261
0.51214978567659708
0.51436109441812983
0.52284766398356297
0.51291483471959154
0.48404271585944797
0.50427751316764902
0.46898166568938077
0.50080475732302288
0.49584747094186155
0.52681521866677483
0.50450058638188389
0.48772079246508165
0.48869159297267784
0.49315895052317998
0.49031396242059549
0.51128232051583333
0.48518328056778187
0.51683428871135972
0.4909011160193637
0.49519156781874568
0.49883525524231193
0.50893670354154297
0.48621401047391821
0.49819776743515176
0.46903590648327359
0.50092772547751996
0.2795504617892689
0.30071789302122892
0.47424519133764642
0.51803593441904727
0.51519588970201147
0.48667029400650774
0.47410014280649915
0.51383818872826703
0.48936051281236548
0.52274767213308215
0.49274444475195106
0.48557533394354802
0.48174425180201269
0.50533830836914806
0.51805103405609976
0.48957791840574078
0.48209625679433721
0.52016708389239141
0.50639262497096316
0.47948512346464184
0.51173429321761932
0.47500868900268739
0.53309708083403728
0.47272112559478868
0.51142589371559566
0.5233333629502972
0.48356652001947209
0.48803512418243422
0.48795784188226166
0.49053794127615391
0.49997604479558172
0.48209434467676482
0.29795768699005726
0.32294380094357977
0.49822931597563441
0.45863090816056534
0.46808901033091127
0.51967372807422973
0.47221052107628847
0.48766477406399961
0.49338275773638779
0.50796874418731208
0.52057414195129681
0.51791003068452812
0.51681905118278704
0.5107871474614214
0.52295322872015837
0.49045066848421187
0.49413283551444637
0.50945486737896595
0.48946835416487627
0.52144878517938698
0.4890810197505493
0.50579477648383142
0.49674470261332609
0.50363363568534181
0.49827849129532509
0.50440960775744359
0.51498732751853371
0.52871940723199429
0.48852755033845247
0.48895845952670164
0.51013049955614498
0.50205108879398042
0.29708123433724476
0.28979361891612976
0.50776862052316962
0.50521218272936574
0.51834950354141773
0.49882980192583104
0.48137534358342365
0.47065957141964043
0.47593787452325226
0.50236659900318903
0.50222334610380825
0.48695278916096968
0.49452896573610233
0.50142988494688534
0.48139167510231234
0.50023917571869647
0.49978661254190881
0.50946390056609114
0.50564513061401661
0.51745266746474583
0.478637042423181
0.50227400231607633
0.52006206900147411
0.50719349126756341
0.49370195073387102
0.5400447632339398
0.48853493726340047
0.508211105764516
0.51722133605029552
0.48948005873887412
0.51095048126669751
0.49862118875440653
0.28252789301266562
0.27661214163173115
0.49613476650386457
0.51134752942828698
0.51294559827163377
0.50924218169220181
0.50812337851563316
0.50345472000051272
0.50091488614927804
0.5083976978790522
0.51303208105025211
0.50796351265397555
0.48752781503245135
0.53111463448685825
0.4923113381034242
0.47943356875889931
0.50521948954696272
0.51921065693760482
0.51159306278114625
0.49014210721457557
0.48387676947783292
0.5045806747603141
0.52059781310707665
0.53006859453886757
0.47780429198131724
0.49898333293764163
0.49486691318535087
0.51333271110805523
0.50063439193162151
0.51897705946059924
0.49380956069769733
0.46049823603413398
0.29979820175497923
0.35147935854890922
0.51322142443351249
0.51804706263659528
0.50268414802110606
0.47586185150248606
0.47338526725972707
0.49788485816568218
0.47617055306280204
0.52432584260631143
0.50155164944288277
0.51818327814858256
0.52495806171744797
0.50562961447287547
0.49450749507633263
0.50828225218654632
0.50661843258823014
0.50255730083259109
0.52408480633203602
0.48265900627294017
0.47068213910983286
0.48218069211557868
0.52422612285267434
0.49316397928878747
0.48224595047447183
0.508742115930226
0.5108318428730001
0.51798108073126836
0.50978114318332957
0.51132100319116736
0.52276559106519804
0.50405740485647299
0.28517201529613434
0.29768161309611868
0.49246653988470163
0.51181534886918734
0.51126003924176444
0.4996798871084201
0.48701099561855027
0.53939250845228182
0.47418770058474913
0.51317300356943785
0.50180712356945811
0.47479018103632087
0.5132274629769632
0.47362761152994448
0.49575521447030563
0.48882782117678392
0.51071910468637771
0.54301504943376833
0.51730155690323287
0.50436813819153126
0.45404500239548107
0.49619643385891599
0.48612681614912068
0.484837382183539
0.52174383448856465
0.4833144981746072
0.50850783545087019
0.50957661530944742
0.51585025216754454
0.49919965358954421
0.4897169439277354
0.48941576937404979
0.29091356652218381
0.16699203910546359
0.34949811387802354
0.32922415590456
0.35931737392593127
0.29578259664362755
0.28426400883927283
0.30019013567094271
0.35165950124366435
0.30883837808888259
0.32667877365116682
0.3177798765546998
0.29694700101572524
0.29988704740845262
0.38646914810546179
0.3073849274501908
0.33547457171748934
0.39092685576349084
0.35214782167132053
0.26810990140029983
0.34383189541996173
0.33669086208369203
0.30688855922439939
0.30695015072052284
0.3218280447038277
0.29081348681217156
0.36967109507404083
0.26754999304090993
0.34494868232502546
0.28521671021480322
0.31889905164970023
0.2947714147536617
0.26315724716188887
0.17915969674747859
0.33908347695858226
0.27636264035927505
0.30815478363633642
0.31504075421609468
0.31794275955890106
0.30449783010379083
0.33411436224804225
0.33353783369308865
0.3235699880477223
0.34032258484951217
0.28945364897786358
0.28722790566516393
0.29275086477191309
0.35770479445515846
0.27886529047223896
0.30789885624653757
0.32149149232431573
0.30900338143825684
0.30805570643949831
0.300952781312256
0.26495559327873602
0.26979419673518718
0.25785312052546311
0.26423583671469897
0.3073382904657242
0.29083200441077001
0.31250436155961669
0.29072780653086461
0.28776600816227815
0.31058385929494059
0.15075914251321904
0.28908689174052915
0.49682853377710268
0.50206758874835555
0.52564405641535439
0.51269366104796232
0.48945349370375313
0.52758853089996682
0.4940936517457632
0.51268803119256579
0.49921404491624249
0.50230910022435193
0.50257672723289493
0.52735716484576456
0.48884470565709631
0.51468412251089657
0.51805245364085839
0.50461779739768298
0.51112495808170177
0.49597158425815413
0.52086275790682968
0.49662551549098544
0.48492840483665522
0.49520911484903485
0.48954211189481361
0.47771174117562709
0.53041112881697916
0.47833849024058162
0.50455220276071089
0.51696077259243234
0.49836232362471383
0.48986593177198079
0.384765565271668
0.37041410255786134
0.51963989563778412
0.49032265734723784
0.50975644583876967
0.48365948922207364
0.49542202851523542
0.49248137132731407
0.47784325965581331
0.52025096025588868
0.51457616904600378
0.48866760317035873
0.51264418360139474
0.50705431676706803
0.51789572251079097
0.49250919232271712
0.48794394250119538
0.50907236619717233
0.48647994855140103
0.49314190081161685
0.49126267920802813
0.49251313599611773
0.51610473461786133
0.51427602788014459
0.47657040390838745
0.48957899460472942
0.50095224516026793
0.51674408137045114
0.49774998060743975
0.47505204463185524
0.47543954854993559
0.51716400606879953
0.36234807150863729
0.27066555446887042
0.50326178068106187
0.51567454741610919
0.49770625097518228
0.48640368574177079
0.52053993051464942
0.50543910134530068
0.48358438395828152
0.50235322321206199
0.49222620326045924
0.53145730758235366
0.47358852279697944
0.50804528095595103
0.48264891364999618
0.52218603336801928
0.50972688201514238
0.49401775435418482
0.49561186882602254
0.49383214543219633
0.52501207918779802
0.48950397087390468
0.47246836727459451
0.51285101106120601
0.50840841533400138
0.49249462925296561
0.48851030418250213
0.49216588105695486
0.51319312126867689
0.51950214028732855
0.49920086647890882
0.50633678506910895
0.29529262340371887
0.2959180675322769
0.50199221340092837
0.52540666893450061
0.51566830008305919
0.50035819478362964
0.52647222656381942
0.50906882763406169
0.52448864900443848
0.48889242138085443
0.51057085293184568
0.5045334273551213
0.48147510928692672
0.52062099140085194
0.51706934639537194
0.50980080743657818
0.47850160878912645
0.48492210192649199
0.53635222962090334
0.48766755333648876
0.47985993191057885
0.52405914478736348
0.5035895895990381
0.50782049376553662
0.50712460559064232
0.52216208145929144
0.48852990036155014
0.51016178337531715
0.5586231114369139
0.5080131236400397
0.47647752901071033
0.48594308655257318
0.31302326331734742
0.3344008177066643
0.50850045005369626
0.50384614347481094
0.48177263437376439
0.49115803938427011
0.48517409839456527
0.47506792521493224
0.49320220356697536
0.47530813172536379
0.49848540914261369
0.46222165066683679
0.48660347110578844
0.50279726514296752
0.53313292969903314
0.51281883028105502
0.49686508566847959
0.49570833548760412
0.49856306011003471
0.5231537828564895
0.50732325516365007
0.51476136050614574
0.50611679369147333
0.50953706835052781
0.49411595798721963
0.50889040688583054
0.50616505518062715
0.50482862519629235
0.51243909063876247
0.51994511572076085
0.53204188588402646
0.48455459727308919
0.29752870159668027
0.37496782585091754
0.50488826787259455
0.50652035288295061
0.49591051507864342
0.50201180601336581
0.47650112367598835
0.48193915138929633
0.52109675277931622
0.46689269075246481
0.54355960365310263
0.50505062243713639
0.50530025639207521
0.48749838662224476
0.50705677205635269
0.48526526111286572
0.48998917757847649
0.49836650667251309
0.50139403957152051
0.51160197312264166
0.52650485842475836
0.49299422344185928
0.49815828838336423
0.49533369202555699
0.48315983472115337
0.49969524272042637
0.49973598864641122
0.51513329868562985
0.52760684139576086
0.49472057581207934
0.49830762034689924
0.45443471665384844
0.27908533300609861
0.27198590044288989
0.48430960725604016
0.49979692373868595
0.48434060461883582
0.48127760030292144
0.50773904086513311
0.53310987321413239
0.50394761198465754
0.49128757151760089
0.49312001609349621
0.52586420512529652
0.53561878246112293
0.51734618676714983
0.49535434807213408
0.49222071950956181
0.51885288994577849
0.49821814330482322
0.47597654811122658
0.49295560533772947
0.51162127588897888
0.49353731540658963
0.49680530760701225
0.53316205820572493
0.47557005638809141
0.52285518314448076
0.48338146224402284
0.5191223415512084
0.50521325221538871
0.49228548124280619
0.49160442504752155
0.47815881944398558
0.29821959688707395
0.28989629587250987
0.50117610607251462
0.4878065586065144
0.4866765737624838
0.52136909955399646
0.50861188993731776
0.49556977616127118
0.53365671308459495
0.51770569459211702
0.51177118869636573
0.50028849714867019
0.4709190168813851
0.48248646966700587
0.52295278469869344
0.53414768012841274
0.52813921660339114
0.49249439213756763
0.49167797142734154
0.47877545068431571
0.52135517287323085
0.46601857230426974
0.50074159936609264
0.49658955235176727
0.50408743586313665
0.50246330109247894
0.47093099542562145
0.47945741146950993
0.49011062847770215
0.50759563743116554
0.50624181576286864
0.48287529251180789
0.28338590828518373
0.30492199556804112
0.51410087127538695
0.48028017673156176
0.52156067898959779
0.48792912468996169
0.50546245204971096
0.50088275662518544
0.48665758408463144
0.48639399468128852
0.48313396073714521
0.50261093120602707
0.5227630620165673
0.47699191271688662
0.48992833835921917
0.52226935295047483
0.46968530169074441
0.52688758981249584
0.52666827372643676
0.4821948110219168
0.50372365916416606
0.49760476650035562
0.49596665137406665
0.46807803332538744
0.49523204689619488
0.51058928899645684
0.50518840707937884
0.48663747881847219
0.49832191115713276
0.50300349766150865
0.47690769807405509
0.49165307050468954
0.28311199060395981
0.31122560934082094
0.50404487381262875
0.4825225365602363
0.49709113187583476
0.48709226501334624
0.48867265913023522
0.50557933716466086
0.4832976868837584
0.52276956391991658
0.51305573109641245
0.5317915897606188
0.50160253050993653
0.50510724918055172
0.51554251583710797
0.47371583795979322
0.47233618255952242
0.48487768985099633
0.501937897019749
0.51109107639525753
0.53916168259488395
0.51442581574798074
0.52345371667128671
0.5006073272907513
0.4956214156195119
0.50441950331911567
0.49435478570507685
0.49195640562381987
0.49605053358657614
0.49922533403150193
0.51311097696417063
0.5112037601696714
0.29458261064679608
0.31215944041280674
0.4909033613491478
0.51721998698021299
0.5200191669972769
0.49784562537415106
0.52105418691206329
0.4869221407429708
0.48840747581036253
0.47905935717069187
0.49998342842040655
0.54593789459974351
0.48164096103816334
0.48080157288750885
0.49002648488824052
0.49634843278391932
0.4976332093567955
0.50668256142924384
0.48975005864335747
0.48891859447380132
0.49109320869848022
0.50100998097452698
0.47551409734173156
0.50742036139204361
0.47794575547940737
0.4905044487876537
0.49318209887159054
0.50665420411007434
0.4921377849218001
0.52811000941385711
0.50994559056827604
0.51652676811850584
0.286543206436287
0.33385361844584194
0.4953087162487439
0.47468387126161599
0.50743593693901501
0.51125196178170129
0.48641348361824199
0.47440290048141431
0.49168963956960127
0.47683836119705364
0.52974031330649862
0.50106077555374617
0.50919657843918442
0.49681460152526213
0.51130401264084757
0.50328886068122269
0.50575285336842202
0.53767892606985124
0.49403432241378187
0.51752672310704972
0.48323862946183066
0.50799310926613561
0.47874480375932621
0.48752169973641474
0.52366793075687967
0.49956790928065725
0.4871179189891896
0.52340656126320428
0.51780435290594451
0.49642363690892755
0.50081837127063156
0.46180292256082173
0.28005679206764506
0.30188907365127193
0.47437707054108491
0.47519739435865577
0.52466665490802744
0.46590134886543272
0.5212158204849292
0.51511862795773355
0.50053541587828254
0.48801514207926244
0.48730898061904976
0.48265944136937672
0.53059608850657269
0.52398914131452889
0.49253062596526243
0.48394478669618374
0.48311121604637536
0.4867212148931595
0.49284900461259268
0.50583026117233609
0.48711815910130135
0.49943192806803893
0.50623810912172684
0.49664606938771982
0.53136563967092798
0.48688681927263239
0.52024409811854166
0.49491982265486234
0.49353394548005769
0.49641224871826889
0.51183038977721595
0.51120406460423673
0.29946814548059125
0.29547281498836631
0.49306803548852352
0.50361462382694
0.52038688310583392
0.47862875255781218
0.52121272997473933
0.48799422087857247
0.49050493307028281
0.47805166264299748
0.50435926626615524
0.49670905172171737
0.49145167591623401
0.49010731923592121
0.47694309958285996
0.51018063559536042
0.48511017237679965
0.52157662740068544
0.50262100951215671
0.50552161059881151
0.47581439370604955
0.4868013566981943
0.53074525167216868
0.47683829860327526
0.47486149394570643
0.49253534933695464
0.49370109044773536
0.50272077931493253
0.50441667596599737
0.51026205266233937
0.49918845128832667
0.53624618107489053
0.32921021642986631
0.28907373573173245
0.50163088429479308
0.52733779566612515
0.49642798456981735
0.51079403926606115
0.49582089074257757
0.50567767278127906
0.54782157037262147
0.50451182705680708
0.48170074705265603
0.49991809429021722
0.45226414154020439
0.4343192589478353
0.41976135107394935
0.4994548244410808
0.52330218129426587
0.49445636321240394
0.48595705234271164
0.52249797006293364
0.48514931573832187
0.51429292065239218
0.48637123006891164
0.49158382710874815
0.49071712023962394
0.52259326283034602
0.4644436812842116
0.49981505283063343
0.4822899649994673
0.4857232832719226
0.51429367880180432
0.48615831701180762
0.27026318605895888
0.28486302581463047
0.49219191660357631
0.51599603988097731
0.52775825426219325
0.47667027058269856
0.49706214692802514
0.50377669566971206
0.49780671413698019
0.49914871707641612
0.51301757625094546
0.51707484636225909
0.47597344755716514
0.45247539867338926
0.43347001408870045
0.44692502563655867
0.49180380131788626
0.48646069067638237
0.51608861926406058
0.50123779954493508
0.47491511220976851
0.47576388869676717
0.51432415407232035
0.50796638450933074
0.48252609873232
0.47401502717979338
0.50975628193398914
0.49174469633516826
0.50276763476156094
0.46913022570968332
0.48278566996366418
0.50391841120993719
0.25637857815131293
0.26669172748424103
0.50457698225472236
0.51802287717448847
0.49342505157476063
0.5142312436842934
0.48960367733152554
0.49483502176614691
0.4853895910646055
0.50418165348918442
0.5183866607535762
0.46196541276020031
0.46481236627979727
0.47593364845680564
0.49994499569557793
0.5035901738512345
0.51206969795635426
0.48031806440427305
0.50413535580179225
0.49149956547589191
0.48730598678275994
0.53149201463766027
0.48738160722177165
0.51560876903945052
0.50938536201249041
0.51749512886868498
0.51226109066089331
0.49946879457638887
0.51207980282098364
0.51092562846979472
0.47955512705171766
0.49434528793390392
0.33590942930051149
0.26322968626998899
0.4758143596252612
0.49364409397156322
0.48260844481598497
0.51063065118593698
0.50169239572220659
0.50792669555488623
0.48357565583158818
0.48708354026824741
0.46675284066396339
0.52151290943515249
0.52318759689783756
0.50925639231508857
0.46611397199767762
0.48110009834063278
0.47710707224845172
0.46955276199976986
0.44146929107169952
0.5174061332633908
0.51627682355962434
0.50165904320256771
0.50244115451766369
0.5083791008841807
0.49577040435142966
0.50012299807423943
0.48307054331012256
0.49097663452055396
0.53315641323357077
0.49239979753179064
0.48561633139066879
0.48086715862568297
0.29295255470626685
0.32156433833646331
0.49892045428364395
0.51201995513654186
0.48832872693553148
0.48809754139497208
0.51589181572023635
0.49883992849419034
0.51799519129286276
0.50062186520826701
0.49657010407592689
0.47170124149370674
0.51208104151185985
0.51969359053381747
0.49608305078895104
0.51362727471582637
0.49139055618893307
0.30778541021988065
0.0073782888428004408
0.26230318646012479
0.4981569375371408
0.46306024810806368
0.50064393118205497
0.46308225529987251
0.47447239933801943
0.52621951288509083
0.49999895133881966
0.49912049939618874
0.51085725582827057
0.51727393130262167
0.48873336235059384
0.48190470792049878
0.27406484327930752
0.30395344427430232
0.51115649997905543
0.50352232121076268
0.4822787005407273
0.51302099424867265
0.49072441077456402
0.50249759587814968
0.47573796667473922
0.48831327229157051
0.49604935229390212
0.47665340371226261
0.47981305564160293
0.48812785188942148
0.49116990229615315
0.48823950618639145
0.5060317806807727
0.2128597176665889
0.0055810437708345585
0.17851449763852711
0.48507918456680504
0.49391990436587208
0.47045928676136489
0.48383325258035526
0.46876868540711958
0.50519576366780583
0.48673235101628315
0.52182028282167536
0.48749677638875433
0.52063289058157813
0.49161629657483302
0.50889251521565282
0.31372304228987802
0.2879256691490133
0.51040353942971839
0.5108909296307238
0.50793823208627964
0.4915301892343395
0.47498984236115738
0.51328674520256723
0.50294215377453411
0.49097097216081109
0.48807030839616422
0.48253527336506152
0.47494051077287175
0.48721666585774004
0.50916833588780552
0.49131920839926768
0.50877190372044223
0.41957291174766936
0.3456241575959062
0.42967328355037132
0.51829697529993346
0.47366384336310247
0.49016079290113512
0.48572286498045403
0.50604594313393514
0.50970357122909027
0.49738186367180592
0.5132149135072811
0.52355771607924595
0.5264599354687054
0.50031091339172018
0.4965460617637063
0.34510834139931412
0.30404693571838448
0.49652232653093459
0.50432408726510725
0.47181355937923869
0.484611907019736
0.46390197252577403
0.49652164286269068
0.50823851176782719
0.48802304447251571
0.46925310179453539
0.50232453223871676
0.52037946059646123
0.50475556230679985
0.50953266526925867
0.52780336933744221
0.48066244558890853
0.50649814583157837
0.50301537001334162
0.45950253209326741
0.55669733014031797
0.47808355219944415
0.52359481610596237
0.50345545634137123
0.49355200704823415
0.51140629195069465
0.50049864588806836
0.49916094945058204
0.46893673270577396
0.51818682467641575
0.49581331933591261
0.49353032518804063
0.33876517951702789
0.2744150293621076
0.49792762092852638
0.49162994000545535
0.5106840165433123
0.52342173387105806
0.48886715764006888
0.51341983562216587
0.50002476842184396
0.46258136566659341
0.48198810007112558
0.4688811885139294
0.5113734215070096
0.47264506863837408
0.46258610278028733
0.53187811479152058
0.49566772843524903
0.48803258320243703
0.50243248862868628
0.52523076606588082
0.48707161165944507
0.47199817048126108
0.46071106983937488
0.51737958370889514
0.50106008073062491
0.50871900697198524
0.49333820176707688
0.51100430451946532
0.49579181899703001
0.5209919744744087
0.51104829781032224
0.49847074468591085
0.26803148958347967
0.34464758081947011
0.50108398322597436
0.49403851794035197
0.48896251035715899
0.49489202442886021
0.52529083012290001
0.51698080633986021
0.47949041497202466
0.49084036350801646
0.52077831872035363
0.49320289953550994
0.5068194910499646
0.49282013265454044
0.50272152673101489
0.49121063896443234
0.4931533791141684
0.50724522769875002
0.49643966711496634
0.47586815593017717
0.5185341783605939
0.4883758861083628
0.51539286366430437
0.52435803765310462
0.53220775930269137
0.50044480309615935
0.46444404549292023
0.48720917375468276
0.47335820495536235
0.50357994307897402
0.48536023720796523
0.49707217818677074
0.32861385378744962
0.30303142417791551
0.50960839249006673
0.50809286323812208
0.51965311799383418
0.5122428782302525
0.49832706559853529
0.47508991423805952
0.51171602275468697
0.50917956635526773
0.48054914622676231
0.49965140759065885
0.51469833186740799
0.48182505442635293
0.51624477456818618
0.47663616224038136
0.48703928722458728
0.467956247174867
0.50364998699037955
0.52260825184214221
0.52549231284911113
0.5079886037976038
0.51180098865384371
0.48689435506634887
0.50857697826879389
0.49369366998777098
0.50851098136264727
0.48501123693249576
0.52859086221123319
0.49895294295074799
0.49754049411762474
0.5098156488305674
0.30245743099553596
0.28218676873561183
0.50473929608112444
0.50906336743519098
0.48170885930200075
0.48398182222854791
0.52715418050430907
0.47488033619862874
0.50718249766779921
0.48096087164538426
0.50849946619504061
0.48601209212094648
0.47856389125062598
0.51813029429211965
0.50013393213564494
0.4905165362648638
0.51288805051553921
0.49987022661575597
0.53200700063908379
0.46206202263255336
0.49516213687422883
0.52828435801373608
0.52642989275802587
0.50894621870151346
0.5061773789824715
0.52433889015251511
0.47631099406776128
0.51211996449192965
0.5074119335109496
0.4756541380672909
0.47331195784396485
0.49587654287852406
0.32745402249046124
0.32328007534908793
0.48972608531273887
0.50718323256485864
0.49178841703281401
0.51036504390187143
0.49770992832179595
0.48909308331400841
0.47965605096969022
0.5089784028596579
0.49337225485456632
0.49436243237288502
0.50146767168618533
0.50425127467990838
0.50864675612115473
0.51204293295823355
0.50120650624759444
0.49827781061872556
0.52801226271979573
0.50417017731753744
0.49847222042710621
0.48645294977276488
0.48619893414558152
0.50163736014322802
0.49690392872865013
0.50607327136552394
0.50850508453950305
0.49139252082942642
0.51882415089941658
0.48762484562339964
0.50412556377537776
0.50490885925329376
0.27231405450517554
0.31238848765819061
0.48617482293530451
0.47981657797881433
0.49793236112289502
0.50806853410198005
0.50452862141088917
0.47861370716010854
0.49214953701109709
0.47240973364366401
0.49775654394811891
0.50288928909404018
0.47768741315138186
0.49153004439756309
0.53738150903218573
0.50155947188388206
0.53879456031476336
0.51638408227231192
0.5202628813729071
0.48549928828727523
0.51195615659581573
0.49375889855682931
0.53738661484792016
0.48490216775253381
0.47877930608362851
0.48792582189327449
0.50134609298049271
0.49773086949023332
0.49951235042735603
0.51305216992618996
0.48403201121150535
0.51635860425359459
0.32500122472537091
0.26432771107035091
0.50555565561992299
0.51089013585865095
0.49303454944872277
0.46997657057077868
0.50298568465275206
0.50205413350049855
0.50230177121632036
0.49625553567622749
0.48933227607147051
0.48312215895802058
0.50140828097475942
0.47731982602234829
0.48396282657778461
0.50201300140756588
0.50270917605881804
0.48660515754500872
0.5428859562812185
0.49153813088126541
0.48873136031666881
0.51386820166175151
0.49606893219877046
0.50560018970229659
0.50623776322595859
0.49938925177694604
0.51069826545561658
0.5031633786987022
0.49253047361174435
0.5280946671562845
0.49982512072583141
0.4922487000431543
0.2834549827466174
0.29488819369985086
0.51981412401057969
0.45845308523936751
0.51232659071209463
0.50591124033521573
0.52657645386981722
0.49513312908898544
0.51002729302102001
0.4805966728585474
0.49911915620464936
0.51088130971180434
0.52771419625453897
0.50818288562626912
0.47818702265528756
0.51262225234262881
0.49537092247016268
0.47938954560230507
0.48881099253819976
0.49219827433690577
0.50019318606507079
0.53651757048765791
0.4836165816310195
0.5161958710629283
0.50619367908711832
0.49000814808634757
0.49318391898222291
0.48800028360503739
0.47213560627832113
0.50653329768367195
0.52716943258577176
0.53814945438190176
0.2724267736244218
0.20954262256247999
0.30804898860180285
0.26584894024477818
0.24729843430927659
0.32778300790688203
0.29382394513640581
0.27190310781082355
0.29391608844395051
0.28926521822322354
0.30358374109443076
0.30891784122437366
0.32108572516679962
0.36968048686029614
0.35348438567946522
0.28894723564547109
0.33196921913144667
0.31853512876352458
0.35403416363257012
0.30061394512717643
0.29949844466540432
0.30462595457083813
0.32854771602729582
0.31657485280211517
0.32636755243109095
0.34658893852766781
0.31651558393986073
0.26419358390249753
0.29834698571328649
0.28170582932584198
0.32112888501063191
0.25566615575346396
0.20020371812769691
0.25019947571326817
0.27305797748557148
0.30843453621552352
0.38621795566833717
0.30993696459747588
0.29266489676768648
0.30747243705822352
0.27883721290143448
0.31081154828479701
0.30761153416567727
0.26098290598363483
0.3732646212001472
0.30327861250151916
0.35656929807000082
0.33731276148725181
0.28695251983984715
0.38794263922289479
0.35418479834278072
0.31805400132723616
0.32661253724833922
0.31939290455726443
0.29083151490964543
0.29074458663291142
0.33836664151633095
0.31104175164328979
0.39779713383559351
0.33174157658455539
0.30829172140228139
0.32195306025914078
0.27557970961668021
0.30284390007659956
0.18589402777908648
0.30009626631031455
0.48537360213942005
0.50899563018746752
0.45315485896266472
0.48288155311349878
0.49802833510920791
0.49083683245197685
0.50022617862045116
0.49015722524988364
0.50374599832464018
0.51026917825937457
0.48927687863821906
0.50128530575967511
0.49522799851913768
0.48567169407135036
0.51858503290297664
0.48633539966599565
0.50205130405192189
0.50288321230026578
0.49122628027895676
0.4933738079014961
0.49583780840318192
0.51963130706393601
0.51520795453146706
0.49735692255510272
0.47548070427666289
0.49627529317449209
0.50297232843745254
0.49518143732492842
0.48392933349030903
0.4919302314560744
0.30046462916236127
0.2910135921851344
0.51462233225237319
0.5383454783976076
0.48049545197170662
0.4941556873306796
0.47275114582675265
0.48151530214288485
0.54244243507302603
0.51356734467707676
0.53977509281724823
0.51272050069367148
0.49728848161631972
0.5086744886732294
0.52045123745469812
0.47530456275501254
0.51978191824013253
0.53195554468584616
0.5033262197063465
0.50709623776455093
0.50915980660820104
0.50106838019004607
0.5202030435431434
0.48428156890754337
0.53150868561323739
0.46072162002100875
0.50125879799034812
0.513404926397242
0.49686509096608528
0.5012911573930382
0.49533741415077098
0.48763298034079644
0.27589342259530192
0.39854850061412234
0.49064702643786762
0.51342040465448013
0.50129205472088267
0.49674910474534723
0.50653482375982029
0.50656193441745856
0.51062705776306361
0.50345659907631113
0.49156216399015901
0.53724713103465405
0.48593406542641066
0.49537893191769566
0.52763547620191042
0.50405456336661225
0.49624241345181036
0.49412134327069079
0.50462505826417148
0.52737698871781336
0.4643639805844062
0.48680980379315908
0.49721006002512858
0.46105297641671661
0.49125537453433771
0.48644093546742267
0.45626988027583804
0.5007602596428764
0.49712420480889968
0.49633933420802445
0.49618490513046448
0.51360500853870028
0.31345801840711718
0.36100323066875023
0.49590803700299979
0.48907327035451548
0.48301060128659851
0.46488824451548527
0.51065854667149158
0.50996097691432463
0.5105730402233345
0.47319311140390352
0.50356829291452865
0.49739334533932428
0.50989006693733308
0.4995304515467977
0.53108939435018165
0.48208938057452155
0.5111576047891041
0.51113551024514292
0.51323847307669812
0.50779777977986096
0.49261024289975547
0.46862288463801327
0.5002551133079578
0.5093946657541415
0.51312922622561874
0.4761595837618795
0.47158357185396599
0.49640135968020105
0.49376500785883459
0.4950201091579729
0.49603085055914997
0.49055357252357329
0.32777317273751877
0.29734582114010955
0.48808177337934389
0.50364420810660537
0.51538765506367767
0.47843969207722781
0.51740860290532098
0.52230600142612549
0.49810306799262188
0.48095681827993042
0.48235537510273285
0.49911776870696772
0.49368096958219043
0.50827905627116265
0.48936105217409642
0.51563218900947783
0.45838284662657119
0.51454724908951288
0.49824512937603299
0.51326718354097056
0.4897202897365126
0.46579718679501958
0.503555471060948
0.47196029457511418
0.49865794589270829
0.53196659370285804
0.47512127175402563
0.47646115039343229
0.50711174590685271
0.48023403472156284
0.50211355635051946
0.51551124357237377
0.38408967820605283
0.3416300741812931
0.47305419985389469
0.47597543356304928
0.530073464058743
0.49874255115848143
0.46734999288562623
0.47586748830837361
0.48451739351865825
0.49307248688149918
0.5032802366952619
0.50515322493294568
0.49541645102654347
0.50050969767249365
0.48009797285609268
0.49284288798845854
0.49200406954420467
0.50895516846458122
0.49576980234877011
0.4882690399151588
0.49615584800951751
0.51555787167464828
0.47545385027449133
0.49808977441941332
0.4806036615550503
0.48131349597879725
0.48017513477931295
0.51444230959469184
0.46456964128380207
0.52879375487853875
0.49991407461617154
0.51130695680639138
0.2962078108454721
0.29092403960868096
0.49722597361366688
0.47700373966270898
0.48883735887965746
0.52490452001919097
0.50209517252232594
0.50013964798183508
0.47979312252711315
0.50799015785611634
0.51131088836085892
0.48695546039549498
0.51035945352899093
0.50644130096232443
0.50831221879971134
0.50718150206475876
0.49231882208775618
0.48685403227855861
0.48059523887996874
0.48793325652554004
0.47643284479138148
0.47591097052755327
0.5072419244784484
0.50276133794384803
0.49914036976408266
0.50215429730183958
0.50945638606308929
0.51532578557011255
0.51128500320755488
0.48040764409567305
0.46049296415329394
0.52348808663355606
0.3245285805407962
0.27475383960089977
0.47834547037496133
0.47176821210760722
0.48207704362235265
0.50739990197522633
0.52767559065921399
0.48244352835414023
0.50662327164201915
0.49134942532507586
0.50995098926586069
0.5117373505473588
0.49920668777797861
0.50521799360864394
0.48487259899250829
0.46530519498630668
0.51394728790619493
0.51135403717720151
0.51350495561070852
0.49593595114388522
0.50438306393447851
0.4935583603891246
0.51184231790143742
0.46623824401952035
0.48167962303723483
0.54093233736773039
0.4687128130180111
0.48752808579596468
0.46293913805400677
0.48112948039721942
0.47214791637237419
0.52316191173195026
0.25984093395653224
0.34553394107078
0.47961157275697069
0.51044414776726987
0.50240237044446112
0.48324666825898277
0.51161533276167837
0.48914321205100031
0.50394361147492106
0.50312870351680161
0.51767068883777678
0.53663581757090706
0.49464938109073026
0.50790959416161008
0.50059296584257462
0.46289625397724227
0.46223198843837621
0.48120101994177966
0.49881096471291891
0.50191130882378598
0.50971011809403777
0.49307051986960271
0.52325417217595016
0.50163374876391131
0.51291399396820914
0.49291724465724607
0.49099701299998455
0.51027886643591791
0.51418598954369088
0.51832506401547596
0.52496166877707073
0.51777108668096183
0.30371131818600233
0.33445558345698151
0.50956553724856701
0.50062667906434022
0.49828027099695632
0.5048073430916219
0.5071477119039367
0.47500534317713533
0.47556383019784437
0.49350907057130805
0.54472112389527338
0.53368250940966622
0.49559693787563508
0.48662128449581488
0.49209793394286616
0.45605766798629699
0.48223596791112494
0.48703185029457585
0.49366018486204061
0.48061440275457812
0.49057455419693924
0.54298072040804857
0.51002911426875153
0.5109646176868391
0.48230408058676522
0.477127437443988
0.49104111973487241
0.49812801832820897
0.48778986039234679
0.51880322489743336
0.5122173673281778
0.49958302344645261
0.32217966518715763
0.26998614999447301
0.49877642991356935
0.51954024702031221
0.4941398022054464
0.50455153728717561
0.48506288342457038
0.49108535330113856
0.50252786588852894
0.49850560149124129
0.52344363677268058
0.48609349942385643
0.52377550765005365
0.50502006751523154
0.50426474357830398
0.48600872479086504
0.49898352930911322
0.5257820818061123
0.47968543953048587
0.50008549158218096
0.49069253777883803
0.50001685629852433
0.52783277906052817
0.50729836938680839
0.5185725480536223
0.52517590656540958
0.51276805736294606
0.53142776984462725
0.47673424553051275
0.48316237527554007
0.49667529031702512
0.5010108299992837
0.30989860061368668
0.28787049420297672
0.50192534939693467
0.48518889072761645
0.51207151370986648
0.48543320329362283
0.50755761295182655
0.49121979298753105
0.52557644019717098
0.50573959527851342
0.50019097736119889
0.4997154203961669
0.50914489621238967
0.48309254776561578
0.47966911394076012
0.50373070250945562
0.4962640022437575
0.46914699670811111
0.5039763667249334
0.48198344356487188
0.49451411359457864
0.50124621311490014
0.50178021678069429
0.53147350729984522
0.49484441843854415
0.45552793806339531
0.50956609361351823
0.5124193863901737
0.50582368605300487
0.51322856741257195
0.4917739353433746
0.50851864423946991
0.32910608733543917
0.32948616380680618
0.52290108690522841
0.51633747841446309
0.48991551136404499
0.52956847257137707
0.49547877942533891
0.4666948904241654
0.49702854345624831
0.51701301141047606
0.5283115549933618
0.52043401723557248
0.14346998522363957
1.3315678988954982e-06
1.6181195813869293e-06
0.0051440068336725932
0.47430629407355984
0.49434622501866332
0.49358210477590214
0.51520810540269757
0.50658014788189265
0.50678240798907959
0.52472076885458885
0.49689651900992804
0.50731508754305743
0.51707677151481446
0.478791230209413
0.52197923820294223
0.4854368683911503
0.50338241839462561
0.53492120196224691
0.51678007578934293
0.29979781221771601
0.31441619729388254
0.51240531941527989
0.4942906256679056
0.50373458177791119
0.50208496922047041
0.49887419005689487
0.49917577780003675
0.50122720376365626
0.47237208158898014
0.49766725326364569
0.32628164308112817
8.8578604502504202e-10
4.1019230728670302e-15
4.9612072034973625e-15
1.7361713200628743e-11
0.21418641467683594
0.48887212876094943
0.4867397482862566
0.47625256307112412
0.51389398597087699
0.53107623811889004
0.49341098256812149
0.54453031588548062
0.49809157371577639
0.49571473353100415
0.49121205592842782
0.52988457335520411
0.50799534561107063
0.51129454991185552
0.49024760305261389
0.49664471769462964
0.35545395707649968
0.30885685935779783
0.50261945871042701
0.500416268951
0.48533981321835701
0.48958577497690237
0.46760895238668265
0.50935665264494956
0.47620521526312687
0.50715865088350331
0.49466171646486684
6.6766893899992212e-05
4.7742591453071584e-14
1.4214242281617088e-16
1.115050738939038e-16
1.3275963688760904e-14
7.6127569710624621e-05
0.53018130329330415
0.4944219454384276
0.52294483640646616
0.49397319415939128
0.51662275272948155
0.48638523037648007
0.51976704152413278
0.50034393788882314
0.4897133553602997
0.50800571150383844
0.51620192266942933
0.50627605522905306
0.50279664926523648
0.4929613064932723
0.49739223574062147
0.25981792653108893
0.33985322246902955
0.50779908463298773
0.49600810157311837
0.52477357945824965
0.49572271672935164
0.48963304126249246
0.49348688960816001
0.48546002611823452
0.52184897439649469
0.52177683583080825
0.0046891165999931499
1.4513752574644357e-12
1.1971656087576986e-16
1.7638395158777611e-16
1.4026144517950547e-13
0.00027955613810778045
0.4979013198550159
0.51335492691166673
0.46737558602236762
0.48250791974991541
0.52067663492196903
0.4890302108587482
0.48828294118196214
0.52342226750789
0.49630405208866962
0.53294188975781587
0.50298295201324661
0.48776341726144767
0.47957323895890541
0.49584420294991621
0.5128294754248075
0.28851680295220661
0.28544614449065264
0.48361300488850323
0.50089942264208731
0.49814298249426081
0.48262649708797051
0.48249291020183777
0.48200491084799996
0.49143280024849584
0.51790703735328625
0.47139297371489264
0.44843076607458482
2.2105282901548935e-07
1.9891842992760743e-12
7.9812881158722259e-12
1.5789437610114234e-07
0.32720396794005235
5.4466520129311703e-06
1.2223127267189627e-07
4.120198973580926e-06
0.29370894305277151
0.50411795336759557
0.50183956059829293
0.49740894057715485
0.48594163101447868
0.54805171487708537
0.4740586859743996
0.48643121610684026
0.49780394639439907
0.5006957006537025
0.52272593991644256
0.47444287549568898
0.28959494097591154
0.32022586032551881
0.49172319061637304
0.52384867202074448
0.51795917458791363
0.4855796202222894
0.501788323616289
0.52273719389675521
0.48221667905873739
0.50943198091852893
0.4983184562606115
0.50413836569062365
0.47688729965784532
0.19087790776293947
0.23122036893847328
0.42312997401479091
4.967646950472658e-08
7.911338327991385e-15
1.3108540558477913e-16
1.1227634221475696e-15
1.505635514191682e-09
0.44181780145730792
0.48749363086232883
0.52770605005971249
0.50023963209678568
0.51457450597880505
0.49183683476998297
0.49205451304200243
0.51989568462903213
0.50452772748894581
0.50899998652911171
0.5148827124543911
0.32863609737225469
0.29226705079616705
0.49546324666266039
0.50412724531459563
0.48948560064382401
0.48028474943059224
0.48161883270428218
0.49135923185706432
0.51158092749802331
0.50675296601793007
0.52240690356450092
0.48933883036629583
0.51432540840876728
0.45012576331467657
0.50621737165549352
0.11245876369131902
4.0413110875417813e-14
1.2795725295205372e-16
1.5976215613700035e-16
1.0030536415701704e-16
1.6648936885118653e-14
0.0059273348158088521
0.49911296659833321
0.5075339108981779
0.4908456791511473
0.49219499062965555
0.46593336865718227
0.50611213829430401
0.50796373924251836
0.50017205782068408
0.49568822474086077
0.48705081297459141
0.29694480694364317
0.27846920355109772
0.53651980963484391
0.5280026142822114
0.4869824885662834
0.52149613920805482
0.49847853980680978
0.50632141229025718
0.51710028697169819
0.48313188918343636
0.51826278930333147
0.50814111803584472
0.51899683687474907
0.50289197589012768
0.49705399792175531
0.0058941329222992099
2.4171889280138667e-15
1.2155214521943577e-16
1.529311167191074e-16
1.1751888438952161e-16
1.8919945942461367e-15
0.00031221578521490164
0.48240309734830283
0.49786066480705038
0.51742099387037765
0.4778049693702901
0.47745288723744228
0.48065211145431674
0.49232299036925425
0.54910527099521522
0.51360710042709234
0.5023875712318564
0.30508968795495645
0.29838146985899067
0.49984355814842368
0.53670274589568023
0.49535123813743559
0.47682703149788075
0.49952268471931371
0.50801035442392994
0.49382601678127475
0.51250880084799932
0.50751475361965481
0.47320890371637025
0.49661013601936843
0.50729464050509188
0.50582389557059038
0.3679025789425055
3.5905706409060806e-12
1.2153742028949785e-16
8.8812532869957542e-17
1.132562461614587e-16
3.6789537076712673e-12
0.25367456339795613
0.52623013289926446
0.50924384924253097
0.47644768759692041
0.51071988109495792
0.51944143880696614
0.48196484564805125
0.46582953902850333
0.52611593043480309
0.47564244093620461
0.49220439307194308
0.28847496897286889
0.27422890574893583
0.5002773887785561
0.48197024073739975
0.49108693453002406
0.5125978850365831
0.48369271727012469
0.49029295942884954
0.4727350840022716
0.47424324489094466
0.5059647756659218
0.49710716847830416
0.47889952850150991
0.51138515126447404
0.49137702364345587
0.47875795410212918
0.0028483677288850574
5.6620866114375822e-10
3.3468729791553785e-12
8.1173804535404686e-11
0.00031896309163605781
0.49247186996528047
0.50976713754777203
0.47621743704366964
0.52423822085329785
0.50837910473087555
0.50734446700035063
0.5078574766223497
0.50750490207991361
0.48665050361845108
0.49299400107214697
0.52498035793959996
0.29112092307187187
0.29334202803624798
0.49243094526331782
0.51016859953619298
0.50409450527377331
0.47883699723945256
0.50834256082864226
0.51598761180700903
0.49674271887404586
0.51430876933175274
0.50719215335344614
0.48573045729524861
0.48473831126516698
0.50324848673876654
0.51128286770813192
0.51412639249629433
0.47659235177867409
0.46489904901817469
0.33440538177089479
0.43496344357112904
0.50981329498186889
0.53716925052071229
0.48262672774593995
0.48377197870336397
0.52915711817344846
0.51279010669117775
0.50730795142188423
0.46318944575011989
0.5080236862163815
0.52329292475907652
0.49954723804901469
0.51111408319751994
0.28240254002394771
0.34805292231110813
0.52331159318168841
0.49206357657034477
0.47626067312666087
0.50342562365369103
0.53162803373003797
0.53953625808402295
0.47687166396303365
0.48437434684093372
0.51786224948920967
0.50811097126304039
0.49574412702689763
0.50377797320726803
0.48010358245884133
0.50060614400225545
0.50934030451818357
0.50907362435412096
0.50737146082557483
0.49356369790386806
0.50467087471937
0.48062468991438884
0.50890715866891911
0.49916578684421264
0.48748814461727491
0.50402204750720703
0.50518710553588098
0.48661725757477231
0.49417826697802553
0.53716748677970416
0.49881490242439558
0.5083341679874599
0.30710232343691779
0.31083698636181012
0.49827267860948393
0.50610174407581543
0.53599490542877681
0.51915294959278269
0.51217578282674159
0.49187039068343907
0.4890271352913228
0.49666333224541526
0.53321185586685449
0.49338671693928066
0.52223594755467528
0.50524032411495479
0.49853086003779334
0.48747901613353783
0.5346101299140138
0.48341967839586325
0.53335991017610285
0.47021762341294687
0.49857627794999537
0.49346688172748643
0.52532149822508445
0.50748984552830922
0.49975868690212838
0.49564615678248281
0.49463540665588107
0.50086086449684464
0.52944765563487362
0.49983210780453435
0.49712907771815007
0.4959618443563662
0.28521145525523162
0.31663445316010252
0.50501726114818946
0.48929541994524045
0.49566947245041754
0.48232524421055328
0.49094191733255266
0.51462966575556757
0.48137164669136434
0.51649582033882491
0.49750891126228575
0.51161692029641848
0.50645096357107666
0.49979792868212952
0.52503135542378054
0.51371850380782169
0.4954713643055873
0.50465411538863469
0.50120180159389849
0.52551608536993255
0.53542884869389229
0.5047099048590501
0.53136378828368358
0.51246372921680616
0.50607010737582636
0.50514615217257874
0.52438440173495149
0.48044175105551457
0.51485772939686536
0.49765542008480973
0.48027411843465717
0.50796635302147708
0.34332619082823135
0.30044470834034742
0.4880046244289204
0.48049416892178215
0.52003270899636012
0.52548529471003946
0.47935287167074919
0.52487334122878726
0.45717354099757884
0.54232578823869082
0.50469077888116853
0.52370331910498058
0.50871403479704258
0.47678970095743423
0.51662813876853508
0.48289038758709574
0.5033730969420861
0.51659226458227969
0.50481053581618396
0.48837692117641907
0.50984633454040074
0.48688286042326351
0.47958273389061223
0.49226894833145801
0.49311583283040444
0.49666127158294021
0.50781420115684017
0.49432871194549133
0.50368580822011477
0.49732534275781937
0.53849765561462037
0.51219231453532255
0.29937207478390876
0.314391284455113
0.50579246718676807
0.55339890454497087
0.49013067797530507
0.47525354790037411
0.49157855553300367
0.52318107618530185
0.50409190371559853
0.49628348232240799
0.50776536690713781
0.50345464837893406
0.52050374178137915
0.45583419489519589
0.52560469677853194
0.47456979001599864
0.51100337261993412
0.53142352988411135
0.4872679146232532
0.49047209191825003
0.50530919424215448
0.50573185448219815
0.50083979799647393
0.49124189803537399
0.52697650691060793
0.48762012762983514
0.47757124627962055
0.50446106602520124
0.49347026744153843
0.48441725298849958
0.50523994667427208
0.49018182451308157
0.39316825867585747
0.315154847923513
0.51543736529367945
0.52748948600792711
0.50974954193365829
0.46785464179585801
0.49650407997360801
0.52536600508858677
0.51889131853157178
0.51104954662077606
0.49526163941586804
0.52174856185233909
0.50036205542845535
0.53141375991051099
0.52538441911951661
0.52019686574224844
0.47842479608291222
0.48586686857601991
0.5069446702399748
0.50193698819076626
0.46987846955282675
0.52606041194752895
0.51502096762321836
0.51338560816326706
0.52779127574103668
0.46331463826296793
0.48642551098604142
0.53479705977651326
0.51314271304379566
0.49558021324958157
0.49807178546178815
0.50241589509841278
0.31459028303592851
0.33216376187039942
0.50609766753362084
0.50938122371040429
0.5142399535455614
0.52785692677279361
0.48722218353323415
0.5280679171313768
0.47354746880772147
0.49446462038275368
0.48283537878112648
0.47761147190740227
0.47101990669561145
0.50706807378731078
0.53795481871296558
0.51220401891191225
0.48041989135019164
0.51428445032930281
0.51433452194490936
0.53683251639793084
0.50312862954230653
0.50057978525516167
0.48915447219871583
0.49927329483018762
0.53580735646926525
0.4806624181218016
0.49878615245540475
0.51929013381966993
0.49150023651519364
0.51740644491291354
0.47654676329537737
0.49303167321070879
0.28724287945949945
0.19980277722805845
0.25941200675813392
0.30882993397955866
0.26356399834235616
0.3378313997152626
0.29960209104890295
0.31129963304639163
0.32852759437156542
0.35650938539045246
0.32172872964599053
0.31008407400262367
0.28328490003966933
0.31352705848451873
0.3251478984959264
0.32973477483163899
0.37578179632094105
0.29781785805505401
0.28314796380655027
0.35188329159362952
0.30766343496301007
0.32657467623212016
0.38041852351818212
0.31385169187455403
0.33303095841326297
0.30059697449933903
0.28920809789473523
0.27532818827140926
0.27281212795986526
0.31141409021355154
0.35463527100276682
0.34243877141825579
0.17571582106310132
0.20826845866290289
0.26653330360794331
0.30852246390711441
0.31388446336629816
0.28449164123163861
0.28132515759046306
0.31243462112434289
0.31639449080749066
0.33495157264470832
0.28234084127070053
0.37868471094391726
0.33391763941647939
0.29256852058772959
0.29230677178580988
0.30261258117854467
0.30274879645824138
0.27492007942571317
0.32485576886220635
0.33120915430391101
0.27993896768163334
0.30787397459937405
0.31957183950954166
0.34091481685039221
0.2856707867102159
0.27845083850119051
0.2990307120857677
0.3339538083053758
0.29364408783713164
0.33600108350972746
0.31882574326420893
0.29897382627992986
0.20145535905418238
0.28656332675264568
0.48581015452009207
0.49719504878716353
0.46911446113951233
0.47467474902987927
0.49021541481477326
0.5167815909743142
0.47912504687018909
0.47909473828623689
0.50989648697441692
0.49293159530844016
0.50684666668223122
0.49063503643154249
0.49014881824255147
0.50555873061828116
0.51634517881203923
0.51295121827964374
0.48421481932605326
0.48861277188502233
0.53828226994961459
0.50369508558112475
0.49954533178385341
0.50620567016564222
0.49703789172797758
0.51303428381845517
0.4952302510322909
0.50226507442423673
0.51249489980548379
0.51562628296165436
0.47169899299425161
0.50897062036038199
0.31363997699646601
0.34851554986327254
0.50859053747172667
0.48334540366444284
0.50508195152699886
0.5084258141491943
0.48768577306032596
0.53272058768601294
0.51308248851516325
0.50180399970983047
0.49937091149247953
0.49016709273896708
0.4839068330766591
0.47627837120095173
0.44849602894183865
0.50894367433642462
0.49967526699442449
0.51282420763172243
0.4981650581214912
0.5168683109381591
0.49920024948881037
0.50461656745073036
0.52108960490769407
0.5156067627151657
0.47800401112218488
0.50601645723502442
0.47525155939035413
0.51893679295842998
0.51993927368473547
0.4916742575178184
0.50135113296658618
0.47925077302640734
0.27008576489078195
0.31249540540391552
0.49973199981384026
0.52906479293194086
0.48412802994975518
0.51502757847984582
0.48260730592524581
0.50184371073605782
0.5136934977381804
0.49410611307458752
0.50781445223582844
0.51143173347671056
0.48193991722923585
0.49861239349462738
0.52177854287805914
0.51802488558240534
0.4868524960511168
0.4999647897401554
0.50936790168004764
0.50871810039541754
0.53450040222266348
0.50350062166311438
0.52204966207177528
0.49596230661877938
0.5075209165756156
0.50391190104608097
0.48814441157507377
0.49625300831028574
0.49194103618528329
0.51356846608744344
0.52650541551111363
0.50524074282629117
0.35820106001659152
0.30574852271885961
0.47561774573439747
0.51135076627411225
0.48877883375533987
0.49064785840580949
0.50829938407525166
0.51195941607053486
0.49701885412610775
0.50697605270238288
0.47582205431841879
0.49087010399620229
0.50763380987713325
0.49621060634641462
0.50369179567496558
0.48944588999615035
0.52120789053192529
0.51400815015197432
0.50565949034752444
0.50621075406687444
0.51028390190510187
0.52616855341527236
0.49269915888286975
0.49363060035013795
0.49652827440017705
0.48979734251532864
0.49036093120580515
0.49654540012330034
0.49493136013829264
0.51525244663507941
0.48702588283063203
0.51206873600453473
0.28548705856639356
0.31961864379418442
0.4952798524116484
0.46400089436835507
0.49819173793073845
0.48475797780097457
0.49088461872404232
0.50617537178690908
0.51179227430337659
0.50532788079389024
0.50778963534250909
0.48149314180870112
0.51056993046777788
0.50436864054370778
0.49968151783208126
0.53608421518683669
0.50077128266596971
0.54200611697159085
0.47509685562778181
0.49243459627452218
0.52184681841309677
0.51136558500190099
0.48112755114424499
0.48618452438232435
0.48755912263415435
0.50092921711372651
0.50381137472439375
0.49600493623551478
0.46498179546514484
0.53857358258534227
0.50766709341278504
0.48734863919327459
0.2924549728556548
0.35271434091422332
0.51356358146839365
0.49422601338572658
0.52371022977928161
0.48763631021971648
0.49429077749361883
0.47838981334914088
0.52164757056427125
0.48265179528634777
0.49072804539862186
0.49853519731563861
0.49993218279879015
0.50406370698512293
0.49146457406922056
0.5129067343067012
0.52084352902825537
0.49184252653801463
0.48054766078353373
0.48598468654184379
0.49067925870298451
0.46857235704119843
0.50129132194135728
0.47373628329029455
0.50507305404044567
0.4739978488205151
0.49593068299046345
0.49418798671766956
0.52404598745927722
0.50640497888539926
0.48378475792194153
0.49928547784657479
0.29981552938250405
0.29667986376307276
0.5065422276707866
0.46542345172672001
0.47764444728081079
0.50355429699771082
0.52761958678534493
0.50407794762679992
0.52123785794675037
0.50601053675937024
0.49477683701852571
0.53011915617318695
0.48855290643551624
0.55778171603408677
0.48230718884780716
0.525280448750576
0.47619871897690091
0.51158834220715133
0.49689961775179597
0.50322334819656556
0.50161694408349278
0.46771993098634396
0.5268987910074282
0.49079600643957899
0.5102874905781396
0.51849177699099214
0.46838911274704342
0.46709809241259842
0.51302447715881605
0.5300379511119836
0.50002090713185277
0.48465963631319503
0.3671009200411765
0.32165695837081026
0.50151153801752357
0.50727964190683028
0.48464862787128898
0.51432635702158025
0.52822514644812157
0.48293150174375959
0.50283266014648365
0.48979809297858357
0.50987591387585751
0.50318618073021204
0.49670426306459881
0.50311291382564438
0.52408644769092738
0.47899809976320951
0.48580383307256014
0.46279957578122888
0.48526547453190361
0.47600829470675732
0.47939143218026276
0.51693790975649934
0.46959239890275839
0.49124799197229474
0.52261594176032977
0.47689962905511385
0.50677160581221647
0.48944989580489889
0.51092006269240309
0.49528424951993527
0.5263668461478761
0.50726300934305979
0.28557840748413732
0.26688912176273749
0.4978058456685201
0.51297421149298272
0.48914328994692069
0.48944986336405993
0.48757541402036436
0.49667918095493369
0.50796812869225894
0.49496487158383401
0.46772441773874912
0.49435088449517556
0.492731930571851
0.49094101969762427
0.49622429007714686
0.47220702382107593
0.51062269317095876
0.51796589763268919
0.51095567352576055
0.51027527343580648
0.49556710998628717
0.48264121678369765
0.50135149526588885
0.5228327227048768
0.510509444720193
0.50033218986069294
0.50831923844369786
0.49620788609142619
0.52607195239896576
0.49991401968390026
0.49999606813955433
0.477381682161584
0.28651250899436409
0.30214550356826769
0.43956723320651114
0.51114227211438423
0.49693898475170467
0.49153387600165871
0.52423882812124656
0.48365794110348675
0.48714755187956416
0.51041800990712427
0.48805114493245078
0.5028110143896215
0.48391226415734062
0.48721845820634968
0.493484328216032
0.48156542065839042
0.52202989738509042
0.48781628745242711
0.4815952942302798
0.4787742181438433
0.46788867158655628
0.50601659255921927
0.50850060672882513
0.49511126051927107
0.49348630531417087
0.49911941352175565
0.47099361613901042
0.50537247577004618
0.49398309716725458
0.48057909593229614
0.54148886412416575
0.45147501852501393
0.2822078609033446
0.29231548856534018
0.50256359142005425
0.4724040280938358
0.51354585450989398
0.49875775265821248
0.48653919851112609
0.51792779511345821
0.46066556361872202
0.48394760383246982
0.51335413977469913
0.49410887173065787
0.49080344950287097
0.48841029523351559
0.48996235439659885
0.53040468709884181
0.51008770624650002
0.48929308894852447
0.50504655375715823
0.48372694275699668
0.47958380889944896
0.50949907530022731
0.49636331848482979
0.46069407169543597
0.46773604330382673
0.48747959115156969
0.48626010267201863
0.48759962930154055
0.48403520562937441
0.5360228833347398
0.5073815798872614
0.48605482150464152
0.31230335233202433
0.31375427199551509
0.5062893233614576
0.4925342453802008
0.48472798447021626
0.52042347482989881
0.48351337469712269
0.49398225849029015
0.51089168920973238
0.51262293565121253
0.52942055178438063
0.51243618932893076
0.00016499320134369009
1.0827283600819156e-10
2.67722834803485e-11
1.2630427269204666e-05
0.45854942253823605
0.48708240763485572
0.5108998215558106
0.52943884078068915
0.52695314304528007
0.4863545434365254
0.48612840863275775
0.50639340181151904
0.5152501180343696
0.54300016903774351
0.51258687872958852
0.49233540944301324
0.48998973885702229
0.51850221205579594
0.53612701518166006
0.48984028599423307
0.30839430471494339
0.29724406061237219
0.50232758612091921
0.51106803242810472
0.49279576581070977
0.52017844770760324
0.49524896164179566
0.48857874630959042
0.48254931635397913
0.50796716563285726
0.50376272550656298
4.9205187648083613e-09
1.1267930833312053e-16
1.1501319884415682e-16
1.1682195717157444e-16
1.1951431655252774e-16
1.0308559144047908e-09
0.47395768855520659
0.50117364510301565
0.52176078020825167
0.50075452952503585
0.49205043661915498
0.49948062378893304
0.49869439169375157
0.50436192910209365
0.47401913627241715
0.48801392104574454
0.47437332755457617
0.47233171507608934
0.49323510432081907
0.48531593822694791
0.50921559330796995
0.31140930417750728
0.3297835651945778
0.5179974229782226
0.4929545896538815
0.52832771935472356
0.49278937402552231
0.50719262916016705
0.5133629430380392
0.5167024309442424
0.48468601855713461
0.13363089713338128
8.9958722030657782e-17
1.1627154244595475e-16
1.1041612761553145e-16
9.0899475916451346e-17
1.1235753547931479e-16
1.1865602548811315e-16
0.0053089351580524035
0.50855130389628944
0.50578982653644222
0.50050118282957301
0.49814606673373046
0.48080994513681558
0.50099596985977968
0.5144714166790878
0.5106694450400413
0.47355497502033556
0.48517536763257818
0.52026580409635448
0.4940436482466975
0.52151439541852418
0.49250781435380514
0.32725461637626746
0.30875195120752302
0.50890803367608661
0.50408183680991347
0.45702798777405257
0.50909185445764238
0.46388930947716595
0.57103592491879152
0.51423064823032771
0.51153368665747556
5.3456381082213177e-06
1.1982073418477826e-16
1.1542804270079677e-16
1.1521279958076728e-16
8.0154562193117254e-17
1.1251272391761145e-16
8.3162897125957313e-17
7.3882026687518605e-08
0.50513484690713539
0.47927036012232238
0.51554139719268988
0.49551770506286374
0.48579072642908805
0.46838711331890293
0.49219998589091835
0.50761113506158984
0.48797248135678073
0.50341339234513494
0.50695302973739487
0.51294223572739162
0.47587711815263994
0.49384582957585127
0.30159348242000916
0.30867078627400507
0.54154503398960019
0.50512077946495648
0.50436248964989561
0.50116751907819523
0.49494689599523389
0.51616376192194136
0.49677765071864949
0.48724757917507605
7.1861870809085683e-05
8.4087839945343546e-17
1.0937991447894064e-16
1.6268261765411814e-16
1.6982823728776801e-16
1.1860271058227241e-16
1.1535605987512634e-16
1.4213224195968075e-08
6.037411098135717e-10
2.4378747006786007e-07
0.19263164428835822
0.50742777328992628
0.47736295692447034
0.47908172289355916
0.53517404640319022
0.4904861530792286
0.50178633817789398
0.4912252610231434
0.50446864103003908
0.48007696753604284
0.48985645377628778
0.47288335850178931
0.2908242484204881
0.27719729556380807
0.51603155965732417
0.49232663047409636
0.49059198376257313
0.49904821371887115
0.50231444813421844
0.51875526551423312
0.5054637883191978
0.49507935162395722
0.37845445650644399
1.1932107957338579e-14
1.3942623517512514e-16
8.6676405053478795e-17
1.1509994779349355e-16
1.154059257489512e-16
7.9646707740488239e-17
1.2049118554555473e-16
1.1827202143615476e-16
1.6777774494190066e-16
1.4607108225947893e-16
0.00028611790095602133
0.49210625510644196
0.47412809938601791
0.49219145418485827
0.48738034510851508
0.50783589205350921
0.50316960286613621
0.47799608585085795
0.4835606289135671
0.49540088327377219
0.48461524467785144
0.3007308973420792
0.34202651793518102
0.50708563749628144
0.52852387382891208
0.55016154817927065
0.53960016035005365
0.50463208809353821
0.50138322526434043
0.50402010573852551
0.52092959158173513
0.51903422386039344
0.010428223130918814
1.7593176865642078e-13
1.6267731392922494e-16
1.6709016017178424e-16
6.2338723839019814e-16
1.1291900112335728e-16
1.1747149197682263e-16
1.5768668439644537e-16
1.733463258986554e-16
1.7570017759673414e-16
2.8852166098588465e-15
0.33593792207797329
0.50270400061629628
0.49945842514571864
0.52267473468465642
0.4733743064668669
0.50173354648150559
0.5026408993392828
0.4882657967266324
0.48338042992623403
0.47402784770482981
0.30392516105817258
0.27059969200362732
0.51392891675488084
0.5244845485681533
0.51511282093149291
0.49896280212736294
0.52752409909751774
0.52350416280838452
0.46833830907047674
0.49352187396505715
0.50570476485177518
0.49304134152110357
0.45949948238092803
0.19739667193762414
0.0019039151163711208
1.0736602044180324e-16
1.1810153567902512e-16
8.7311591478747937e-17
8.6926510090754776e-17
8.9602013996889377e-17
7.82459301634865e-17
1.3087375601245558e-16
0.00029213306584728675
0.49640143304366596
0.44477396344032782
0.50485840939767168
0.48099279032013481
0.47803539794123484
0.50707163303941594
0.49076304761541789
0.46431260856364887
0.48773690255996494
0.28417744364264536
0.27890264485330196
0.52739228778442693
0.49408789844540885
0.48983526522849852
0.5022929841929028
0.46982574206574623
0.51706771021881137
0.48297281745314635
0.50862168944114139
0.53130168285572199
0.51141048199413497
0.53311411621519056
0.48209140960764857
0.00028883366263850538
1.197721506499922e-16
1.155156528606055e-16
1.0664734202959625e-16
1.697536914732646e-16
1.128717379432536e-16
1.175535583891577e-16
1.1806067920085032e-16
9.4824760623903596e-05
0.51129431821797877
0.48152045043312214
0.47599835943818902
0.49287289285791741
0.45947692694684494
0.4961106875970725
0.52290554292864089
0.5167523130817403
0.50386329900732674
0.26896935476835909
0.32708825747283982
0.47207259659105821
0.47948844670766227
0.49326823363975486
0.50049120072305486
0.4967503673340295
0.51558932106856825
0.49493094959151646
0.52023558796974223
0.49103326111679396
0.52562549953271487
0.49941325619647453
0.47259652940316571
0.23078505713939243
2.4577219679932201e-16
9.9691157422641009e-17
1.0972361292157701e-16
1.2357357424275272e-16
1.1719638733759212e-16
1.1328256347742326e-16
8.8509392329290568e-17
0.18749839096234211
0.53380648289467603
0.47853430489539478
0.52526785081968719
0.52511926789872754
0.50190585896364326
0.49060213619521692
0.47926349732170342
0.47806002336868159
0.51134558819329357
0.31111086488463879
0.30732895412286321
0.51708997572757243
0.51154427310692707
0.48648668427673353
0.49962898927470101
0.50423771719126553
0.48135946768784005
0.48704946274818223
0.48540204290497257
0.47348074727412975
0.50722315518781591
0.53023224647972855
0.51003754431861581
0.46549078469852956
1.8418130479236503e-08
1.2393167771945267e-16
1.1813151286534368e-16
9.4620369715363509e-17
1.1621244034646682e-16
1.1711319119134764e-16
1.9737794705429387e-09
0.50595532445723312
0.50420509393044766
0.48300922351618081
0.51552128931812025
0.52139386063678961
0.51090184925570914
0.52854714617206888
0.49138551007914311
0.52914867007914235
0.48190912765269833
0.32171531507164308
0.30172702942236029
0.50625798112244746
0.52305198771974493
0.5018896639399375
0.48632907056577751
0.53284214624746862
0.48918844352554769
0.49999621028670915
0.47393938092330307
0.53542595451935893
0.52317405705766051
0.50803775689807962
0.49119550779173499
0.52327659194359932
0.49405328275565474
1.772225706632493e-07
3.0677148699346628e-14
3.3647449658061033e-16
1.0319598137129181e-14
4.083669921163421e-08
0.49891043106104854
0.47676621062404023
0.52866137554037762
0.50859252429298552
0.52628999479794847
0.51615725299016835
0.48581959873267794
0.48164819630315636
0.50470069883300928
0.49988301614080477
0.50776503690950925
0.36239735373645948
0.3174973142328954
0.49829208310991718
0.51780574084801134
0.51678786017912159
0.48374777409871855
0.48897904756250216
0.50563546605451337
0.5117729620714373
0.50597680186673655
0.49363942226767871
0.52408966743064322
0.50112832759572712
0.48029182451441893
0.52506660540540151
0.49779869985864811
0.45855750045684418
0.43403137330401209
0.35973984309643486
0.47645373244063627
0.53215695978609301
0.47730110774477041
0.48542457219550789
0.49410127423737094
0.46961600887829852
0.50569811606456982
0.50725355525201077
0.49921790564887958
0.50890792062052692
0.5115792007362403
0.51999877795754823
0.52630658002817765
0.35913446999733284
0.2807073100897875
0.49085296450058219
0.49158962870019896
0.5121309167261715
0.49781519342967401
0.50438131351174842
0.4816596895797069
0.50129878077710543
0.51603882764685938
0.49999546311734716
0.49748958227839329
0.54373867254037378
0.50948143888932096
0.48640368838716841
0.50383380865558802
0.49832931325418856
0.48790314244540151
0.50981612552027822
0.47956143588862044
0.50630296855806356
0.4827870320472899
0.49131664005113768
0.50468410652410423
0.48829725232088034
0.479367436800825
0.55612892942424008
0.4940475879939058
0.50574223254039319
0.5126865362215054
0.50158197359595591
0.50445991710445481
0.29001425243726237
0.3016722878035128
0.50948616575871652
0.47176960569317622
0.49510770883652877
0.50086183010620244
0.48291516606017232
0.50770497323431196
0.50704924237120375
0.51484077185821198
0.47238187968018719
0.51065636188340946
0.49433938553334866
0.50449689461624947
0.48962423254157605
0.49195362719850977
0.4750562329265256
0.50548561109103574
0.48527503859252757
0.48463145592937523
0.50270596557968428
0.51535709175096933
0.49040603467907756
0.49556955781007905
0.52466121451634329
0.51497164158564424
0.51943492737828389
0.51048757630928732
0.51817149056975287
0.5052517437855204
0.48871674090518963
0.48785573218102019
0.38312022023254649
0.28741900244932628
0.50248246501844152
0.52065901556269556
0.51282981531655136
0.5007007345187352
0.46174157668749061
0.48983040650857251
0.50893649773178107
0.51883818392073555
0.48710994237525357
0.48150973217362875
0.50301157557670495
0.48038384430362957
0.48542757952398574
0.48244900804319613
0.51310335584903255
0.51945051711395851
0.49619948890638227
0.47635624504495616
0.50470258844897053
0.53152829076568975
0.48537992306557765
0.47798802622538233
0.51580079990794725
0.50878778149073889
0.50341808406711819
0.50490260320681712
0.50686187380527759
0.51193298648145213
0.49802152217100631
0.49280938025091481
0.28740507441583096
0.39037626252713931
0.50407040375459222
0.48872039542448109
0.49458477414449603
0.52654066780244058
0.51414237716836719
0.51638422711037901
0.49805924060435025
0.49147655903677978
0.4724491103734339
0.51492122019278852
0.50106941391930626
0.52883870945078904
0.49710184227152865
0.51444863802207019
0.53380341540103815
0.48114203812650214
0.50454438342452912
0.48062073324598198
0.50768417503803087
0.50472066381669145
0.51002272708721086
0.52028694998446479
0.49548046074873808
0.54513218787863804
0.4948561584763152
0.52960951141030155
0.51403336624937324
0.50651729176132676
0.49666361628154865
0.47619928632621344
0.38095178649841555
0.28443809659619423
0.48864365753892514
0.49665369329638298
0.47529393961844474
0.45981836512074226
0.50955451564338516
0.49923491933118547
0.49187423973126504
0.51064772563325789
0.46016798491049871
0.4973557330086058
0.4925252619138023
0.49795237171770124
0.45750490909919195
0.50277955016547926
0.52307459739490514
0.49396818129904085
0.49544345344163776
0.47015076466062966
0.49993796652457873
0.4650270812316824
0.49035366909864592
0.4721261913676103
0.49520077315874955
0.51995094897916616
0.51475331311133266
0.50293690511135192
0.48553514853854884
0.49296065674085754
0.46743170969919257
0.46674279940495961
0.33748213518798487
0.30229239423227011
0.48932527807256426
0.47038741186780297
0.50912289377910558
0.50172840303157185
0.51807590963700612
0.50903184343051922
0.47000289494873954
0.52191430655191318
0.51893262423575259
0.4826805942422181
0.48697960240352439
0.48553046372988579
0.50768571955273611
0.49148124455282843
0.51622095851178607
0.49356959789792987
0.47047742159108902
0.50329622497030546
0.478134525903047
0.48053834270147344
0.48429822558010505
0.5384173730412235
0.48427920071819608
0.51435735245307068
0.52382820437276534
0.4872770610563758
0.52705461616541915
0.48829298237273216
0.49657169750823993
0.49968227264240433
0.29893959842639362
0.20443558797078976
0.30292981518164097
0.30078051692041374
0.3320734199917254
0.28853125667741536
0.2453864649707759
0.30537387212181316
0.28273558959079459
0.28445543955877423
0.2675955934138935
0.27400413747641239
0.31087126858132319
0.28851525197534317
0.29445605648056183
0.27724440743039663
0.30392857750164631
0.31803104634349727
0.31603295566613615
0.32221007516584066
0.30111119225305799
0.30518114400244273
0.30171076488088233
0.28067748351775662
0.28997254097219377
0.26133251975084493
0.28926697484931074
0.2908757300327709
0.30876852308933761
0.31889512948992371
0.26503156905354336
0.31690189157590543
0.1458009147362743
0.16757967628811837
0.34088440865166014
0.3811658405301051
0.31544112798789908
0.28509528381748384
0.30037156261562437
0.30053946646786139
0.30752663358873666
0.38209279155122883
0.31992372911877393
0.31737639017214814
0.29382351128215439
0.33291621971155494
0.30795431653877892
0.28857527026714436
0.311728809203629
0.30014625498601433
0.29772802016145072
0.31073244613951578
0.29374475099267466
0.31839593303831942
0.31287945141313089
0.29985485737748435
0.28040930469259029
0.3156714903021729
0.2894111593014666
0.32365780834017843
0.27169890173850358
0.32391801470091458
0.30243810469817162
0.25921525517134847
0.18633437130925107
0.29732526069178905
0.51634121490013185
0.48407567569909332
0.50657974164207031
0.51190358438888173
0.49930426928512589
0.49141931924618776
0.49580517415226921
0.49080959274328101
0.50787933621310533
0.50697833438769557
0.50013617446357905
0.49478825561812623
0.55088444769711586
0.49961805966150613
0.49917411674831552
0.50804292955473751
0.52917781152347698
0.48575399961335891
0.51075285345641364
0.48875372610142687
0.5115460398742806
0.50584519429464081
0.51136570002355064
0.49789233255490689
0.51692277172482493
0.47731140142180595
0.50622969893154512
0.4896559840051346
0.49512182796975407
0.51055975275275156
0.26613711625613606
0.31424619680539284
0.50145187864033713
0.50562131504290331
0.4857062959450516
0.49880395709226938
0.48248155289168509
0.49871938954675821
0.49884042937619488
0.52550268021954571
0.50583293425201625
0.4923108417024144
0.51009851623605318
0.55038122841072123
0.49155773224568317
0.53261298103624788
0.49690015038018659
0.45473090499728486
0.48973294759068697
0.49773740207085282
0.49205460635070108
0.47238044062281681
0.49827819067013501
0.48060436366414283
0.51794680386681169
0.48304852135929471
0.47808459936664682
0.51481557663476685
0.49991756444981289
0.50853596100369658
0.50892248605524437
0.53159683860172435
0.29563600361570386
0.30169093125134405
0.49804012805486952
0.52150010072820763
0.51450307927308103
0.48972632832191559
0.49912964514368574
0.47711737465338849
0.47730293668706947
0.50331545395431654
0.49478109292279721
0.46640926123249693
0.51864833919560771
0.49312457426094014
0.48733295880536565
0.53634239647803206
0.48273844848018427
0.48046722826051663
0.52050110586883269
0.48641415354220752
0.49126629040691172
0.47376933755197181
0.50218449548551147
0.46753659833550892
0.49030267391226073
0.48726559389686502
0.51847314026081226
0.47748292307561008
0.49475237430455787
0.50877705339404011
0.47932889284381902
0.49553857388037742
0.27231749054921062
0.29441723311307161
0.50464699274067548
0.48381355087046485
0.50958340954287784
0.48876118603105639
0.50018082571998745
0.50264206930320798
0.50807136041256362
0.50352524703145773
0.50104354395192796
0.48596813167503455
0.5055483963346894
0.50042851354983464
0.54503157536773406
0.4703939143650373
0.50373615732458543
0.48918945986093598
0.49013283605164482
0.50502833760044474
0.51612980875498127
0.49149762717122392
0.48806889505414114
0.51227985414375843
0.50364432815762872
0.48162966048725209
0.49960074654380915
0.48431048779711827
0.51865007038816657
0.47040842648793146
0.51845406100155422
0.48730374457570469
0.32945899024392766
0.37512221719168903
0.49803218814243466
0.5061925959519088
0.48845079818175868
0.51235404281072083
0.49930560018511305
0.47091849812430275
0.52121094959051129
0.49476102946855843
0.49282999815089534
0.50029719635188807
0.52130865215573607
0.4841685884694123
0.49305678051408924
0.51550368888938158
0.5007384844145808
0.50500054384770354
0.49785405129212396
0.50783033516663489
0.50701340457227884
0.51207176222827711
0.48630540310016418
0.51227870337939729
0.49829916846578892
0.50342919818067944
0.49814478544267266
0.48196062503096682
0.47776406792071269
0.44953562288937016
0.48306294089266377
0.47588369485586196
0.27182495619544533
0.38988951671127015
0.51442452706565034
0.50229671813938848
0.49058172556015434
0.50966375246799034
0.5330696399826409
0.48314255308221193
0.5220501697825447
0.50393349337470994
0.5054619873428865
0.50338694055179611
0.46688487475997537
0.50453960814299414
0.52145032067248809
0.51027928771839393
0.52745616490076075
0.50579120960586965
0.50780864478422749
0.50141583578300208
0.46581138377435172
0.50191443795068236
0.48365290570400504
0.47185169982938296
0.50611830040207906
0.49626162109560124
0.50809746255392396
0.48053076636045255
0.49239259199279778
0.48440422202866373
0.51137709714592328
0.49609457763482323
0.29352175184367368
0.32342882660858197
0.51145437610046585
0.5291438829364562
0.46482391009294832
0.48722163054750228
0.50251298189741156
0.46749312850562924
0.50262058020551925
0.47577876185786289
0.51610013613580796
0.50741875273038251
0.49244229793633421
0.52904386037623974
0.48959096038313987
0.50614286020249966
0.52299313498523214
0.49906783712450015
0.48719146359200272
0.50431274697994
0.52242417614948233
0.51611510743280775
0.51480118429898059
0.53359159296501035
0.50064574119529492
0.50532173720074458
0.50702144812616856
0.46596237234348514
0.50825368014991712
0.48840322894244192
0.49210231694644402
0.48902722078817357
0.31882234737518855
0.29062683538486123
0.49335068222163964
0.51706047997580606
0.5143167134220763
0.53231481831154714
0.48038930086881276
0.46743300847267
0.50633963179888253
0.49384925286512438
0.49017487725847581
0.49098409607210347
0.50576389689712709
0.50511818036314815
0.49893354958644404
0.49258262381255929
0.50815165704043208
0.52093486609758244
0.49311177943984913
0.5454595169699028
0.50052142654472309
0.49186696774535038
0.51137546206470785
0.46319614669051373
0.52567812640128675
0.49678436090172162
0.5198811831567165
0.48794725575966841
0.50751313479353255
0.52233732697329549
0.48946175690794269
0.50003338576440115
0.30011081926230787
0.2932647780280957
0.52683478831940711
0.48541312945048504
0.49104441762349632
0.49745402139415096
0.4928320154776647
0.46411456788393973
0.49641173547890871
0.49664898278264341
0.50824805568070108
0.51120621733266847
0.47468359176450503
0.48838073406915761
0.48931436572332482
0.48084453095226548
0.50395690209619548
0.44832218756643627
0.49550076275689547
0.49764047818733942
0.50383273741430024
0.47882319055165823
0.49765696249815145
0.51234915361222455
0.45831139427657397
0.48459457653421079
0.50976556297556375
0.49208598759875172
0.50631332901719173
0.48257009662754513
0.48202588318436096
0.47437274184011474
0.28291319033073542
0.30870794194260437
0.47779507091281487
0.50325072911348978
0.4987093954087794
0.48033197489905233
0.48384943236710581
0.49103833179368639
0.5108658931021669
0.47471911554356266
0.48971122351920193
0.49314268156912772
0.48850204360048377
0.51581324862567046
0.53424873821665919
0.52283179443138117
0.53937217454359532
0.51625153339645846
0.50437422297579326
0.50048423193271041
0.52776376689884485
0.48197042061994699
0.50156478209408539
0.1183607456330172
6.6887917608327902e-05
0.0033397556261390441
0.47634610146279993
0.51728174581726072
0.49756239337450919
0.50198011045398627
0.48376768903911282
0.49655317619948763
0.30381254627367438
0.27757200065026444
0.53355217614052386
0.49536684012873178
0.48630069171056844
0.4937315783068057
0.48557469277828513
0.48951474154897723
0.49844074251636233
0.47787700001806122
0.50410864677196987
0.50272004376258528
0.40039107929514772
0.0028661802787020413
0.004496206445222097
0.35881785883865652
0.5083017643046509
0.51533868849106457
0.51042556948189666
0.49226605914020366
0.47090151022819188
0.46692025581179936
0.37125944058718374
5.1126140135729092e-07
6.4590785528018815e-10
3.2532319487833322e-08
0.12940015587029285
0.49316315755628354
0.46749497952579727
0.51078096375740556
0.48410773630407999
0.49630117993104184
0.29735354743460685
0.3057772584404555
0.50105705733351791
0.49761979075761059
0.49857365106277851
0.5252619581978708
0.51749117752318929
0.52066485781002891
0.48964653886504284
0.53491710794424829
0.49319098167996206
2.5264950943509393e-08
1.1919067648518786e-16
1.5516509359455736e-16
1.0815631210534651e-16
1.0307251279987505e-16
3.2483697435865295e-09
0.4878971453321902
0.49791487478973934
0.48800137202554056
0.48352035704372898
0.48586286940242185
0.39935362095837273
4.8944599270123539e-07
1.1384324501631981e-09
5.6596362332951164e-08
0.16633724128490451
0.45750368939025149
0.4408182676261142
0.50605148370962805
0.51975330136258269
0.52768056003185937
0.29467723288772674
0.30773911998203068
0.52138993712938531
0.48079116628719815
0.52765425525112863
0.45659391902219959
0.49321431113722203
0.51984400659452323
0.52261548241678224
0.49800868911414908
3.0154304564765207e-06
1.1816920726465185e-16
1.1135335270461108e-16
1.0240373590615367e-16
1.1344119045119854e-16
1.0048869983566513e-16
1.2409433460527702e-16
2.6354048174361641e-08
0.47233700012606483
0.52259906384598465
0.48286860719975455
0.50930460195353244
0.49540885068522578
0.21164152951538676
8.0530319478248384e-05
0.005439148077529936
0.47154479992855797
0.49886661747023975
0.49205607565150727
0.52355532074720545
0.49349591961005151
0.49189404327548197
0.28787089443121
0.37035508188949995
0.49712343232151612
0.49525210481616044
0.51518208511886221
0.48648156201269549
0.52201126488337157
0.49817100372620254
0.51672668366500007
0.48185626411563287
3.4482763464608572e-15
1.1174208332866556e-16
1.1323983772202199e-16
9.8852393033352809e-17
1.0314208012870653e-16
1.4151231023791109e-16
1.1534488676443542e-16
2.1494327641586902e-16
0.48828936176938725
0.50597763602737378
0.51822569763957893
0.51445085122901002
0.47232861101531648
0.49229801189812566
0.51030784843934007
0.51301370937689383
0.49530612903590826
0.49284301550575826
0.47803465842968301
0.47218766897413356
0.48294065324501217
0.51734613346978287
0.30534170537799138
0.33544500503998598
0.5087568048569493
0.50839666746015566
0.49179606863413361
0.49503809129220316
0.51752897231586636
0.4796569333085105
0.48212927613097162
0.41996086092008494
9.4216616188589568e-17
1.7384077106836139e-16
1.1959313445039655e-16
1.1632150725654873e-16
1.1712038305109598e-16
9.802540946726606e-17
1.1428689353836565e-16
1.1131545142908001e-16
0.0003754524361669607
0.15709087989351286
0.47523325168102992
0.49896330237211561
0.50791781397900526
0.48261087227456156
0.50333575446376533
0.48139971260504472
0.51420363506773226
0.50309462848329434
0.49239483886417185
0.48276843025721139
0.50331725148012352
0.50039783452588238
0.34387480075232285
0.30630081745447846
0.53202777664840961
0.48440296050099002
0.47523811530846344
0.51051518648844874
0.49429117864643818
0.48145798583711474
0.48369275893347602
0.45641026205809682
1.2556973817151869e-16
1.1435214643276158e-16
1.1204736731298817e-16
1.1698220098802092e-16
1.0665201971158424e-16
1.1540631294253892e-16
8.9133802394950807e-17
1.1572051384232277e-16
9.1140743570913613e-17
1.5663381427127502e-16
4.5048269343392296e-15
0.011131200410545024
0.50506286961405134
0.49091931157650448
0.5183964805241964
0.49973692618969551
0.49407959912918126
0.50834087162537955
0.52121587394553337
0.50850632596658629
0.4723306313155558
0.50482820631793546
0.30895673714642374
0.29114001228362235
0.49596954715315161
0.4943860270319182
0.45977896648915401
0.48174269000944892
0.50751168711541617
0.49580624829183839
0.47988333715814852
0.47585224390452763
2.0153666124037076e-12
1.7449497816996824e-16
1.1498665394193332e-16
1.6269138077784852e-16
1.1369043612746128e-16
1.1928758247831705e-16
1.2532214289460505e-16
8.1173056128675325e-17
1.6430300529431479e-16
1.1053090576335748e-16
9.7452035313416695e-17
1.1854277455299583e-16
0.011517799618416038
0.50566162159038763
0.49105162158432414
0.52149469189728792
0.50240265128553174
0.51506661001624643
0.50742190091852868
0.48761776335353452
0.49826539218072868
0.50510499411497967
0.29531047804631944
0.32835842999254439
0.54123289058943691
0.49832908140939397
0.50164190327822644
0.51438994292453044
0.48501642348722651
0.48423644642888747
0.50291946234851737
0.50570605058176499
0.24986907254252716
2.8561649930459203e-16
1.173695074667746e-16
1.1387593041504093e-16
1.7577950560215664e-16
1.5940938153200387e-16
9.867258185510033e-17
1.0568408876530075e-16
1.6992355349606704e-16
9.6590142966451734e-17
1.1681049965324791e-16
1.0254705539341127e-16
8.4839996277491675e-12
0.48322359346356136
0.50479098569722092
0.50465433500397139
0.48649588075489619
0.50648716111749714
0.53484580881698729
0.48835259657286029
0.48215921742287993
0.48285732709770096
0.28840959611366557
0.33593710828447354
0.48566949123968722
0.5211978208058986
0.48866911696870691
0.51407610764075884
0.48617216409424624
0.45873999442979829
0.50972503173938188
0.51454042932574751
0.51560341348661465
0.3368875597202135
1.6984118584505709e-09
2.3496089040724753e-14
7.9292795017767778e-17
1.0474585462819796e-16
1.0496045546486244e-16
1.2417635270697696e-16
9.616661788194632e-17
1.2131231523552586e-16
7.8994100245080943e-17
1.1319497712240703e-16
1.1287136618500124e-16
0.43758680148354867
0.48946719359891094
0.50865522735330837
0.49340258419368127
0.51745347058141422
0.52043238813600368
0.47947857661229276
0.50205335936696371
0.50922015925501019
0.33460996477986821
0.28588975157345659
0.51777113939248887
0.50880739574355738
0.50116818154471432
0.45612721162781844
0.48004712484361128
0.50777646426467571
0.49877093538511774
0.49742396174058745
0.5202034869422173
0.50580814063321089
0.4771448919210558
0.47939422302578594
2.2460578890864504e-16
1.0019741424223917e-16
1.2752602808793732e-16
1.047319742488597e-16
1.1643953762413726e-16
1.1374629185759169e-16
1.6699405926402089e-16
8.981743736768874e-17
1.3735757829620934e-16
0.39218006961616597
0.46990117344960869
0.49542639028408708
0.51186551094554067
0.49340144259999941
0.51241422816544446
0.51459391335057447
0.51839552501376895
0.51000538318454824
0.25144531765080419
0.35418278798453573
0.50923475442793054
0.47611965418466207
0.48596932548690946
0.50624496928207685
0.51886780844042057
0.49134526344627938
0.52105950287015901
0.47520616185885717
0.48693599019397921
0.47521610097390693
0.5094001156019432
0.51287316203520605
7.7775625921178107e-14
1.6639536816997446e-16
1.1991110081026264e-16
1.7419305454971114e-16
1.3969712113180254e-16
9.4705561646065712e-17
1.0271576128676666e-16
9.5587604152040104e-17
2.0753151530480895e-14
0.5143930523195579
0.50576736279845169
0.50644187233720639
0.51357613123504853
0.47584808705865622
0.53436525561130788
0.49556515983133009
0.52553781925636756
0.47040954689493913
0.30512179834365821
0.2890875920524365
0.49066366256345462
0.50437306339528187
0.51911280811198857
0.49967265884952639
0.5211413039377687
0.49717186682425618
0.47287321861201698
0.5395302080582749
0.49951889656186721
0.50074909366560894
0.4893807014841246
0.48639483895852081
1.0453425435042819e-05
1.119961798399924e-16
1.1598691521517707e-16
1.1482930069811847e-16
1.5851376406200304e-16
1.1456489261537999e-16
1.0574963446485316e-16
9.3299084678444665e-17
5.3192863670620424e-07
0.48986420030553679
0.50544307521759069
0.50619517278340931
0.47895713015191432
0.49966646971605932
0.48370761920330008
0.485752918102348
0.51529552219157693
0.48669097228533253
0.29291796588434366
0.27278936365129697
0.4974125807410098
0.49291168213424008
0.51628275739226015
0.50843737077515316
0.51905599195727314
0.49998041530484211
0.48712343454666079
0.46900303974846846
0.48855514673856859
0.52501917341976223
0.51158701723241429
0.50088128285428202
0.49236291961514905
9.8593530412470362e-09
9.4813861086799249e-17
8.8923764516867277e-17
1.7148020230331939e-16
1.1190641271216563e-16
1.1708229194465176e-16
1.06160300692865e-09
0.4944312466454539
0.51633191302321768
0.50841888444834615
0.514259856445486
0.47520383912643133
0.51091929571070172
0.51328717764062293
0.48622427522224854
0.50121864560617391
0.51692867124559583
0.29860516583862784
0.30346932207363253
0.50533651400052026
0.50726294937446348
0.48254017180309849
0.51923385826550428
0.47776277102013809
0.46811318878828179
0.48150003864254176
0.47576113722836788
0.50952002759648707
0.50433458935775954
0.51541060798634863
0.49370462508244412
0.50517564846567664
0.49838893358498526
0.002080985441120882
1.266799917156802e-09
1.9476067350474008e-12
3.2751190423789451e-10
0.0002746738032167568
0.50485741183506982
0.52515960113194082
0.45817193137333456
0.4958731535765461
0.53183902244733428
0.49609383619233866
0.52115226707131679
0.49056670104447875
0.52754788535909769
0.47827043629724564
0.52611235962209657
0.30941493942018677
0.30363864401535168
0.51290016124808813
0.51490747888397181
0.53164977372715294
0.50327143267441954
0.50999383288936662
0.512133604369018
0.46254337752962993
0.5320270816867676
0.50447987530735583
0.4719303985794035
0.52292918718111325
0.49448279952971019
0.53551616311056227
0.49950598508079724
0.51846599972950003
0.50813986940492351
0.49927795998141139
0.51898746985940292
0.50692998656850119
0.49526883000551547
0.48898668069249335
0.50894012844300196
0.54159516387317241
0.49456945742889269
0.53492181502327163
0.4860923598394451
0.49688412347385302
0.50489179885502455
0.52958880801877373
0.48599336765901258
0.29855337820673189
0.27174733600000622
0.52812436189612977
0.5180108994409468
0.50185816296988039
0.49069628914173113
0.49054307802048913
0.50171156412680407
0.5123244846680749
0.4677507889380883
0.51406947355093635
0.48539037618776004
0.48852801524263328
0.5095473120046049
0.4998375769829615
0.51126213744109938
0.49297748067596259
0.52749676709192816
0.50357266898206599
0.50889843800941481
0.46794364658968418
0.49019561833837227
0.51480571305525979
0.52619840158818598
0.52641827941533892
0.49249751275411824
0.51659006663026363
0.48415416508739245
0.52643632566495957
0.50062916585581763
0.4957807933972091
0.50317513449844609
0.25994661373197447
0.31332152716606482
0.50000771601114102
0.4969809623750005
0.49802588608916493
0.52708066069867321
0.49161990019708712
0.48636780745746849
0.51088148626550356
0.54776889908749349
0.53572171727862017
0.49320255814389569
0.52150371786877658
0.51806083404329717
0.49348538093284572
0.50684869064337912
0.51279216591849275
0.5213925359581395
0.4819793661323602
0.51675831249815984
0.50755202608731731
0.48863254477910589
0.49614999612917565
0.50653068878195395
0.50989443750427765
0.49157211582914634
0.50478593998715138
0.51486393323084145
0.51943862640313065
0.50893361081183208
0.52240586210569817
0.49705840622567793
0.24790667723957602
0.29117091560587832
0.48371124008367156
0.5032295296738446
0.51915432180599264
0.48729699915404051
0.51391529329373098
0.51916985933283166
0.50662964896323204
0.51526954872555053
0.50707934999530557
0.50257608425072764
0.49877228341297752
0.48516639132268879
0.48448164479121603
0.49167591866052718
0.52229578413209887
0.51119727121411185
0.51127650203717201
0.49776037828561448
0.48407006903389704
0.48841231082811765
0.51644118166324793
0.4984289229189644
0.50714085196804959
0.48653586910464292
0.49351046038782481
0.48811866750596611
0.4818561377244247
0.48980769121179268
0.49242799052028685
0.50641295799429253
0.27528363460451261
0.31288624958738359
0.49652563112288817
0.46888613154923869
0.49264839680246764
0.51071663591292493
0.50227803053862741
0.50552249143522698
0.51292339625866235
0.49203967914725849
0.52386368651777593
0.51449719181744624
0.50357586253131592
0.4956886900243464
0.47040109997139851
0.5099610106012451
0.50499476608166594
0.52100652780969359
0.54579108993521352
0.5169104904990045
0.5028967716312237
0.47003437367029954
0.49451682114178686
0.5107826955630651
0.47028890351612163
0.5160816998866482
0.51077973293198564
0.48338001449493856
0.50556732344864719
0.52083624316101407
0.52395342437948955
0.50676716006864031
0.27846926865837901
0.28371677098548392
0.51376877339483329
0.51095441182498169
0.47618137801661836
0.49250542196229319
0.50453067148723396
0.48602265305004044
0.51687982074444483
0.52493103273839614
0.5103875636712738
0.50411867535795152
0.49914108668338353
0.49057554060794339
0.52009428121981383
0.50098757987475617
0.52271824464570305
0.48162475377878633
0.48189840260015926
0.49391989644526102
0.48762791640044245
0.48090228964072673
0.48545803840222901
0.49150814525898501
0.49464331872777872
0.48278245730414748
0.49296157120332151
0.48318130961735806
0.52578613509006489
0.51350053483581304
0.47389289160084203
0.50663964367336534
0.33915004626213896
0.15886126697548694
0.31727629252307266
0.32029724233827356
0.31581281726766858
0.27107647155782072
0.28271191653995542
0.31871430390321204
0.39812186947561429
0.3903275003463153
0.35664682002596965
0.282823005263109
0.29504707727777346
0.27083507698309095
0.31896585815298906
0.29466352272572471
0.30302051393691259
0.3218236048626506
0.30280888141222601
0.27841579222388702
0.26087979786251841
0.31710281000116231
0.33639842045770224
0.30457380594363925
0.28074704439488435
0.33007026911296744
0.28252099017656523
0.44692699356810239
0.26429635174590516
0.32256233778825549
0.32502945157290697
0.32262818339352345
0.13861121828886058
0.18366918737814494
0.34103601574093068
0.32262014735796396
0.35698356275450105
0.29245753759164689
0.32050583924762721
0.35570389972463279
0.25189315791221611
0.30258508399076611
0.30368409003993707
0.30453628438393371
0.2731046904955729
0.27417118513364958
0.33629481838815939
0.36056396175088751
0.32602758513565389
0.33000363951352402
0.30328031481657552
0.31933216584432939
0.30681977688839357
0.29878108020221716
0.26544216686462385
0.30697233312460709
0.28332312600401255
0.29969125520332607
0.25090783825612079
0.31562853449223655
0.35232801698864702
0.27844944539173438
0.34157740798222486
0.3176279736230691
0.14327568590221898
0.28113361885567356
0.49104504619074285
0.46493120921724868
0.49555276693876277
0.50055585576445372
0.5009618702743468
0.48957203993259207
0.49023998502691002
0.51880487942439191
0.49086886290285303
0.48246720741198029
0.49363334940273595
0.48777398448193166
0.54725333556347067
0.48135517873287581
0.47319668912980972
0.51126115993121768
0.50031789899213797
0.49507830784594209
0.48078023856879692
0.5055926516333592
0.50054324080615342
0.51761938050556699
0.48126084535161551
0.51216519092104862
0.52751894801713672
0.50731153941219198
0.47621578839556283
0.50926710452008483
0.50345972244534987
0.50833947798097801
0.29820766133012028
0.31709683460115784
0.49712443754216767
0.50652063327006402
0.49315315720154906
0.47081550074460909
0.47061279070579692
0.51055186156070198
0.47962494407893935
0.56109898695909954
0.49305433603806592
0.49992796094519815
0.49874530064745121
0.4894782216174674
0.52134519072613983
0.48702308247812215
0.5231952090894928
0.52376452532654605
0.5221094995968496
0.50922002730176041
0.47506163444960425
0.5063308735617611
0.49808733199258015
0.50884248511835428
0.50900403969641805
0.51578043700540577
0.48151222581075337
0.49861181037141877
0.49159868971316528
0.48946406703231171
0.51132350403059978
0.5164024128627136
0.30132916389468695
0.3115600279057717
0.50279362891663049
0.48150148080140398
0.51248339031942303
0.48457072833533521
0.50291680939217076
0.49521998926884125
0.51910998917517726
0.5200143657206906
0.47747897638684544
0.50461274092442721
0.49113126999105283
0.46571464711311861
0.49334441075959579
0.50790278719474125
0.5106635591793669
0.48074062878129814
0.46579013964860028
0.50064587765707236
0.4830192162468272
0.4699746909604503
0.52800525689469024
0.51874890499164727
0.50743865279500355
0.53065356073725922
0.51738862701196098
0.50385158230474625
0.51701379990391283
0.50714750084021976
0.52913559008449329
0.49799487346265175
0.31228183810294402
0.32322275728284339
0.48813880240864521
0.47763416605752179
0.50161243864846072
0.49070440021414957
0.50736282910358821
0.50043589263828203
0.4938437718953026
0.51982699109058883
0.53377588374097984
0.52445901753293589
0.49498252106202528
0.51182171713187152
0.51130215317921135
0.47320392556303331
0.53018112658670857
0.48466442555513167
0.47701527240048458
0.47072955747131795
0.52326069244380946
0.4820098606127084
0.46889499142436802
0.51184222438491611
0.48798641586087188
0.50586172089734682
0.5066137332325944
0.49091704786120932
0.50318838511794439
0.49706622994922223
0.50585167450650503
0.47400019807447458
0.28754106414003866
0.26396280984318626
0.50520217739043483
0.5268233371317671
0.51467689318819565
0.51532918931267424
0.49403201283407761
0.5022856072068359
0.49701154759915717
0.47403788154069709
0.50246591171914157
0.49932969419515622
0.48272436253192569
0.49671102489084479
0.50418835389478855
0.49160210797413839
0.53867508181906176
0.51622103750590398
0.50154787387292099
0.48985292386848389
0.51029460912228064
0.47912678591448649
0.51532176378686156
0.4679423512609992
0.49882871605924362
0.51314413147946603
0.50980698015558967
0.49229712969219669
0.50953407114667848
0.53464826866727244
0.44533728457367178
0.53411567734195875
0.30923264690455327
0.3305862632821393
0.51792210852363951
0.50084412717256532
0.51114699579201006
0.52754570455798955
0.47591764268879694
0.5226939903287372
0.50004702225993491
0.52261748883278092
0.4700561431596717
0.49237158671179887
0.49472490345356551
0.52746844251895053
0.50236373133051637
0.50696184388449861
0.49201053700310055
0.51466658185733172
0.51425161725663759
0.52547950069198135
0.49934078119809072
0.49054186886824686
0.50840144242713237
0.49931336555001771
0.46841414573455126
0.47620446967453889
0.49876974468870483
0.51803686989775088
0.49709643039524498
0.50745952791823579
0.47256271678932499
0.52108817987034206
0.34834470441546922
0.31014785752434026
0.52466396581005803
0.508695956062584
0.48988723632286818
0.51281722349218561
0.5174451252140766
0.50428152494136247
0.52833067984660964
0.5007606479989668
0.49585673459539698
0.48537807427172619
0.48374258816843857
0.48681030762179389
0.47663523189916762
0.50524873634136347
0.50867072301592664
0.53207106844081786
0.48403352448246501
0.48434895403668249
0.49638966378823501
0.52366967224682115
0.50457287811220031
0.46990507920827251
0.4773639646934193
0.50364339231660238
0.46977114741549542
0.48329090207505393
0.53083925410848709
0.50689791627015179
0.48735096672622003
0.49311918222746709
0.35243824218810865
0.37224474785501938
0.48893106207414599
0.49145629242121136
0.50546142740787958
0.48051761539824833
0.49201413174408054
0.5047591108460795
0.48754855236781441
0.45046357598437414
0.51475675205612992
0.51640268151295465
0.49409347251918501
0.4978564863108545
0.51729206424834806
0.4856453701377158
0.48321296930001478
0.50112884351674269
0.5137545137520434
0.49221976339324675
0.51655928504648152
0.49432240124624777
0.48724256512922326
0.5070347894179732
0.44334785556005218
0.48348403711298188
0.51190634642580712
0.46854130118551041
0.48236012522799765
0.47800824248080698
0.49652595051765269
0.52437820866881657
0.33389353327231386
0.33785922978009064
0.50414992694653693
0.48777340365563288
0.50809224698304678
0.49250070126286249
0.50382297973175239
0.52349356502342026
0.4990131102895376
0.47939371863678831
0.52390889079190195
0.51396884582825808
0.50384407547038279
0.49619118570577353
0.49229854727642747
0.49344563628985533
0.51883984366580838
0.46481144171328131
0.5072331473431767
0.48888328131881464
0.48278858860197144
0.50419009336535048
0.12106439447850817
5.4875376291102585e-12
4.7621388788761122e-15
9.4080149317786531e-13
4.5695954829716333e-05
0.50939018864150398
0.49778589552183911
0.50097244340540603
0.48815433402205405
0.50421925332577855
0.26295893234636952
0.28696089248218554
0.47592398320221546
0.50343696737630672
0.49143532871007251
0.53937758511511824
0.48458358819124669
0.49388502261773304
0.47700794212279424
0.51168141695770875
0.50455135841412968
0.52100142453796749
0.52325484175056747
0.50118047932239518
0.49834330707478319
0.5058770290158946
0.49626797820370627
0.49919258020907309
0.51113119647110272
0.51500822565639803
0.51620473782663834
0.41776269171244701
1.275180232329277e-12
1.0094912945980341e-16
1.0440087582092011e-16
1.1456335102828038e-16
2.7593768185783303e-16
0.15943407789046199
0.4616574469481371
0.49730831561887084
0.53273895337991028
0.49407178577426836
0.30139025602653935
0.30918603383409526
0.45654782611949096
0.49878350503163255
0.49152197788400231
0.47824902468663261
0.52900428316401771
0.50888881317769297
0.52480821458442795
0.50336465405835973
0.48366113779617848
0.48515255391132728
5.4562485799174607e-05
5.4694538882093448e-10
8.3327154725181229e-10
1.6225167525554662e-05
0.47713661653133843
0.50441844354073684
0.49214639729991611
0.47673155141593959
0.49356611765113445
0.0063369202222638751
1.6383844976996799e-16
1.1469832475321685e-16
1.1545787701745139e-16
1.6561958984819932e-16
1.1410961216468475e-16
3.3012565414172679e-07
0.50328976517560198
0.51222725757515319
0.50894000745911616
0.51348432187903281
0.3078451744632314
0.31444447472502979
0.47896785610365239
0.50489519512922987
0.51421917177695053
0.50196824462909551
0.50904510277708692
0.48055477235432714
0.51495237861963705
0.50142773910473237
0.27376560372293379
1.4471102290719443e-15
1.0983909819190356e-16
7.913335310851821e-17
1.1621263369941731e-16
1.1243096596175854e-16
7.7080417269383945e-16
0.17962907637448799
0.48860423645403361
0.49520256464756873
0.5008099794518539
0.0077104836365389558
1.4745980971644305e-16
1.1073604346749333e-16
1.6489955544412507e-16
1.1883392807842098e-16
1.0351489720519643e-16
5.508703713871661e-06
0.49023625089226902
0.50157540520188804
0.48233151690629361
0.51979776950651102
0.30960383931703156
0.26836007673771217
0.49464679333132461
0.47961010456620429
0.50850721475176774
0.50225204930931211
0.46744475674012992
0.52394343516187214
0.5157746983720346
0.50973390929253448
7.1363271612788384e-14
1.1950809644077252e-16
8.2913842502706112e-17
1.0402613743859656e-16
1.134423797200074e-16
1.1002005598011562e-16
8.2865570253063953e-17
3.6509250200224025e-15
0.44337539826601502
0.53820345022486071
0.48662926837758236
0.42208148218473585
1.6849011890430154e-11
1.171141134151755e-16
1.1867102710423539e-16
1.5620345149316765e-16
4.4788786821191772e-14
0.29771870645161902
0.47907220760722563
0.49527496368722645
0.49869534572189
0.52507034880781145
0.34966915143946437
0.30889549236000102
0.51057763143085055
0.50473123140361187
0.50863076693094933
0.49700394068097659
0.47629985409337716
0.50719212397433233
0.47185690981079204
0.23469421670502541
1.1107624534977381e-16
1.1167270404319887e-16
1.5843745800909908e-16
9.0761360224724873e-17
1.1220855249118511e-16
1.0167980538928981e-16
1.2261257924157107e-16
1.0388453744023784e-16
0.0094132542803498729
0.49070702113531012
0.50619723892378798
0.51831018206475044
0.36608138030689802
3.9242685561731311e-09
1.0750970267981261e-12
2.3637374979143234e-10
0.0066010741654548887
0.52653591859454185
0.51403494201187161
0.48477716899387796
0.48055634678825232
0.5045463084806352
0.26817456805004158
0.27938000560189724
0.47928199558218704
0.48553407371553053
0.48965938626211725
0.48080185935794861
0.47966218859767989
0.49984129113507869
0.49972133769653482
0.00014589222437976976
9.6931519048965195e-17
1.5509730736538272e-16
1.7008711423616346e-16
1.1516468891108964e-16
1.1243166793142054e-16
8.7218467682742952e-17
1.4828902264685079e-16
1.3754895502769075e-16
3.9973536327799953e-14
1.1983571204165446e-09
0.0030733138355730012
0.48810546322900428
0.4865503947851339
0.51474884676569965
0.49266656234767658
0.49464121041373399
0.50103282526028592
0.51641588932971694
0.50732382124342912
0.46467435369344684
0.50172650703781585
0.51089725873475944
0.30345724383704925
0.34836258597370751
0.5002727160458369
0.5071995728905766
0.50580312939280536
0.51772565087817046
0.48174028934456381
0.51038582441451463
0.50836089412481866
0.0031895708332837572
1.1333579706382256e-16
1.123168214359125e-16
1.1686923107029076e-16
1.5161906918787236e-16
1.1516389622457871e-16
1.1372320709768192e-16
1.1152169521958609e-16
1.1272401149273923e-16
1.7005917350827628e-16
1.1821491578040706e-16
1.1376964226381003e-16
2.0773083105489288e-10
0.49701451253454587
0.52925162853500651
0.51528904057153402
0.51277744555328575
0.53048678183619968
0.49791468900772573
0.50886717264901116
0.49477247463947938
0.47525126311672622
0.49873955640125656
0.27881208149531828
0.32163231265668613
0.52781118451933295
0.50039281522681189
0.48693235596149587
0.49690215162562845
0.48093456289777192
0.49336608069763943
0.5123305652752711
0.43251694578967503
8.1290917838756834e-17
1.1222638438875871e-16
1.7404600536472539e-16
9.5018934574939393e-17
1.0445354511663989e-16
1.1649174801212106e-16
8.033908646190582e-17
1.5209900239419339e-16
1.3571112741337933e-16
1.0340927878290195e-16
1.1833594294572493e-16
1.6703529588874976e-16
3.0122028275394661e-10
0.52081734088735476
0.51934556402303877
0.48043300622399432
0.50752832689327676
0.53728687100185046
0.48263056572418433
0.48551997127487068
0.49313995925620635
0.49439958056316696
0.28342348123047467
0.28299379250164675
0.48708673564678584
0.48654469178403725
0.49871247398719493
0.49199615302432997
0.49050281822219627
0.51336898887126781
0.46927847921801547
0.48852986398289494
1.0537606323190173e-07
1.0582896996058629e-16
1.0376704000007773e-16
1.1401481748419167e-16
1.1562166314610002e-16
1.140276615107421e-16
1.1220087748561152e-16
1.1299458380375281e-16
9.2625545514838559e-17
1.0021118507391579e-16
1.0919938943740448e-16
1.1625368945005426e-16
8.9311980239088288e-17
0.28396725202175988
0.51005519142903066
0.48083109008711306
0.48712220851685872
0.48873631904728315
0.49466394138612052
0.47137065734725314
0.51525026469011304
0.49853763019327629
0.36015179281787635
0.29770596150443451
0.50888901772063488
0.49009146629885703
0.53876724013074984
0.50488375087405901
0.53386520702543339
0.5208795566019242
0.46809389848424365
0.51402680224413588
0.496243896660578
2.0561668853811665e-06
3.1666793264632645e-16
1.2138381001374742e-16
8.6963468178597802e-17
1.14622601092525e-16
1.1343996492743802e-16
1.1335300781713735e-16
1.1733148224195086e-16
1.136703732910307e-16
1.7674732127844226e-16
1.2479447729009024e-16
1.4260216881022363e-16
6.2419767163122186e-05
0.51833523491599831
0.50868904800944281
0.49504203220618836
0.5248074565315054
0.51743206934734909
0.49189267208314114
0.50363849941476646
0.47526099013659118
0.31974925852644531
0.25379389215400933
0.48636734416117916
0.46678846690945003
0.49308965851702818
0.5182926161440945
0.49672151513481766
0.49604474678149096
0.51795995558810237
0.50497814362200832
0.50037246278888026
0.51953743292090215
0.47540783408400689
3.8347355214779395e-05
1.4667224709896115e-16
8.7908978560763011e-17
1.1833083813348185e-16
8.5790068749990112e-17
1.1198587633820589e-16
1.0104011881001986e-16
8.2114188664153521e-17
1.4749675874390205e-16
8.8300191808671949e-17
3.4270644785700967e-06
0.51726143048444351
0.49631171068747088
0.48666301554568847
0.50294707641397163
0.49397115517397444
0.49084842261554246
0.48353694203222825
0.48806149772366936
0.3082680109728726
0.26779178118388175
0.51617960227265636
0.52208840163472203
0.50908535891616091
0.48017117230493345
0.49113224492882857
0.5096493419784266
0.51504305023026231
0.48162645500428813
0.50366093623795982
0.51004528351742739
0.48025918345206536
0.17351114091263706
1.2207513161029666e-16
1.7342178167959261e-16
1.1114607984532995e-16
1.4305858617648505e-16
9.5002734053417885e-17
1.0883801857778274e-16
8.018768695170664e-17
1.1785009423555512e-16
1.5668882552415767e-16
0.0036456459707208326
0.51918110949697005
0.47869298151084261
0.50406501123890446
0.50781539934440634
0.50884735227073652
0.49082748010762284
0.52330554956024555
0.50661045660819348
0.34319382586294295
0.28333071037769658
0.48413707027408037
0.5161166784536293
0.50941684720195435
0.49938513667294743
0.52084468077214396
0.52386312420782011
0.51340268314330262
0.49524526087735271
0.51245333068116183
0.50399962719725233
0.47618554026757892
0.51196770392055957
3.6479971407911622e-13
1.1427622043680976e-16
1.1101454655804875e-16
1.6962105427754424e-16
1.1375574495626698e-16
1.6309568728354514e-16
1.1660381435704192e-16
9.7573382989474124e-17
3.0967700032580975e-14
0.46644364293776636
0.51941785919884553
0.49437750680189929
0.49054372977208294
0.4802054889359279
0.49915866017662425
0.50475975739299361
0.47367433815483162
0.510120738916084
0.29617213764000044
0.31023590552501112
0.52277870520271397
0.4986645030786272
0.50172504102097837
0.50766844516665099
0.49235190751401958
0.47982008469620596
0.50854432670522476
0.48620858970939501
0.48664424498050923
0.49410871793177091
0.48707130231380369
0.4790780352477072
0.26676212691565171
4.4529279872944571e-16
1.051794810817079e-16
1.2044651671520447e-16
1.1640365287968643e-16
1.1399384517548366e-16
9.4350777649908153e-17
1.1596743712482932e-16
0.19815235227255493
0.46909691931136299
0.50608318874925273
0.5133523930299726
0.49600463409164935
0.51980230401275218
0.49987376881143192
0.48530164382753521
0.50329244003074602
0.51630242957609285
0.29196984637333434
0.30238967772886355
0.49341304141683073
0.4867119182102817
0.45943020254983252
0.52271225368961216
0.4886615857636063
0.49482516461285692
0.53606828345262558
0.55303266168840082
0.50449641887278407
0.4977372718208769
0.49746843862938134
0.50413975614836093
0.47720347176289069
0.37310958106229758
3.6492402465403435e-10
1.1863448699116019e-16
1.1560332229741777e-16
1.2449236201568493e-16
2.3015292658755938e-12
0.36135008049081463
0.49754224241148476
0.49274350420781748
0.48431608588559311
0.51229823049520828
0.48906120494990052
0.49245570790421139
0.50746712754164058
0.49051535547845471
0.45839856239429699
0.49874249294354328
0.29254142256790577
0.32847475783845331
0.5208440154699443
0.47452608490801945
0.49177651780736892
0.47826181852045707
0.51165292986374744
0.47612339479328886
0.50444413077344674
0.47720921841933805
0.50742337374623281
0.46846686296261758
0.488592920495587
0.51791453734048554
0.53214445326650173
0.51725035909526906
0.5099875401401267
0.44358250125503657
0.3193499643750613
0.46641099318014312
0.48357595032072165
0.47340899429396277
0.5191213213150655
0.50779110486715384
0.49620431462703485
0.507018165240953
0.46793044921408788
0.48499989194332205
0.49085750143815521
0.49070036112142779
0.48194473140893346
0.50438529586720593
0.28763379326475086
0.32396677752833281
0.50763781255767781
0.49723530032948821
0.51044008552440534
0.48421050322546516
0.49831844917040941
0.53537272892643095
0.49532926705320135
0.4681075541728309
0.52603502437012783
0.50801926032664924
0.51302918218597082
0.47389751151074461
0.49495219988901074
0.48854586046906257
0.52309238267972036
0.50264748929460545
0.50863470150185108
0.4613797735776029
0.52495140489370362
0.50460872256443567
0.51368232238189337
0.49192260990744952
0.52092470597794382
0.53046268019217857
0.48975655721660771
0.52762112190773802
0.4779879011100221
0.5098422151577986
0.50256457325347881
0.45888192386231635
0.29933912631740661
0.28266388410650306
0.4994292635031185
0.49432353155598752
0.49506891890855004
0.48237170445812655
0.48884469653626733
0.49646207191700847
0.49409814464008683
0.50185984611756607
0.50334978629445415
0.51848805218359828
0.49985409120422258
0.47329764073058211
0.51535928953820465
0.4963618756880292
0.46297305249996196
0.52809247885992894
0.51394579986457234
0.50422439543223252
0.47882622970011607
0.50466872010198738
0.50141880933490357
0.47009773313837877
0.50443703611826174
0.49778963537882476
0.49902010096018973
0.49225473982411333
0.48297961157331815
0.49401186526244406
0.4769441402494779
0.49569076350867675
0.36520224311032373
0.28742114513186701
0.47940266854034996
0.50747385247901555
0.46212860522236515
0.50767390782191213
0.49334681159900939
0.51591902335577411
0.5000336369389986
0.51704463449646265
0.48354059771844554
0.49337804823426751
0.49100770515562087
0.53790816957313214
0.51267807408568211
0.52461827360707725
0.5178730112215848
0.48435579382706367
0.49712097519302156
0.49790947547388398
0.51367030534031655
0.474386656958457
0.54092883219409205
0.47443215012174911
0.51674311629282277
0.51101936500426692
0.48829790714866639
0.51276786582963818
0.51153375641633392
0.50110085169384311
0.52469313441516219
0.48912429606238639
0.34571052725465057
0.27566364970302715
0.49193561239705752
0.49590764309160051
0.49622171916088387
0.52177731616054668
0.50877838413316179
0.47366687435950622
0.5172767334174847
0.49566379874105554
0.53393764727580961
0.49392501037215053
0.51603126568912283
0.51417459652634645
0.49913467604270456
0.51086854317515107
0.49948822549000593
0.49749283795558485
0.50013703166008672
0.52419366296205228
0.50207248445513608
0.49605795967619537
0.47757148640384584
0.50360417517184219
0.49867439671588543
0.51008683064238325
0.4802427173012877
0.51416140480131289
0.49321223218689436
0.47221357212911907
0.52294251663032043
0.4968883144347786
0.31158202402863933
0.27113268322635253
0.53563338473319466
0.48302087517129982
0.49411035090182603
0.5027785189652566
0.4980918095711096
0.47433569381088275
0.52002780804823778
0.49840311634669038
0.54053336903157045
0.50472923800263336
0.517966672385057
0.48063012046937037
0.50326156775602804
0.49314505803808489
0.47330256045953312
0.4876906479295714
0.53180997493178195
0.48317563410278269
0.51441499130097712
0.49762906110056471
0.49464180145921016
0.4984604634758153
0.48229133655429401
0.48040750860731085
0.48931164207932965
0.52389812324691809
0.45579156351226285
0.51706358304869593
0.49402311994604114
0.47864764198001436
0.30473804023127232
0.15572992719052497
0.34348888345396766
0.324532791333416
0.27382479549242944
0.29268229083739283
0.2842161958324701
0.31849277555962491
0.27291545595183847
0.27797708238750501
0.27524509061121399
0.35575911200780935
0.29144498185283074
0.27073881070888411
0.28317660943501316
0.30768652541326491
0.33084976536949595
0.29151457847236045
0.28041517439729252
0.30956746493848153
0.27851722951047725
0.30959568400796639
0.28949898700377169
0.29158248720157087
0.3522538355346066
0.39967694942108328
0.29980237781156566
0.33571842410584091
0.2830323242068214
0.30764503758029865
0.2798117120100691
0.28594925224328538
0.14060932308175342
0.2469656252455377
0.30408704661066221
0.2786463829783189
0.2790572794316773
0.34676273413182085
0.33735936085884877
0.29322876904925999
0.30831271238347169
0.28937284223865695
0.302738536496513
0.30861084645977072
0.30631869987697891
0.3387757507905847
0.26079128377405669
0.29298700140134021
0.26055105274046264
0.28545698046260443
0.29790201339758521
0.29682100357503854
0.30467753371834816
0.28452182315852975
0.33690370660082891
0.33854216259943415
0.27273534179819864
0.26765240499618659
0.34153051060194761
0.2743202023506463
0.31911023032504793
0.27537052669968487
0.31606217662364072
0.31513502336914917
0.19210047803075442
0.33686765015936726
0.53071219827484339
0.5137681333556241
0.48714888251844723
0.49072815564975164
0.5084097002850777
0.49163837880794226
0.50731514442106707
0.505021799716877
0.50235053244077088
0.51845301241853636
0.49050433501967078
0.49043132768339442
0.51563810875260574
0.51986465966295581
0.49949429634165377
0.51882728531511169
0.48669548000932972
0.46820297449712278
0.49684694668278567
0.49492321126373562
0.49586946915905139
0.49175607835092205
0.49711017329832091
0.4774089110220528
0.51008509220736198
0.49154082476885141
0.48470200740701253
0.51213133705889102
0.50716221495938574
0.4980268114814147
0.27781264872460237
0.31390038957755423
0.488722895696522
0.48670285432577498
0.51644427898040002
0.487540879945706
0.52039897871704566
0.52307660309494697
0.5132032850103041
0.50723534375070878
0.50700950774887732
0.50054202601914988
0.48675996385539094
0.51247172742631208
0.52628548809610054
0.51452031747895222
0.50870111542086549
0.46334311623678692
0.48001565115442496
0.48639863687420282
0.47664471061297375
0.49985025100411951
0.50797145241909836
0.51692185289453285
0.48721138204228659
0.50827336426736403
0.52498618594318769
0.49957198610837744
0.49588942868122582
0.46864896997056205
0.50417143598229097
0.48905281770819087
0.29625830819190752
0.31343027317220928
0.49276004071166402
0.51302980096214579
0.50290644791835082
0.48767917172419051
0.50611212620850021
0.51674139366171168
0.50150531441219171
0.5181724434699666
0.5016295966198645
0.51854126566744063
0.50880193007785646
0.51182752721240132
0.50524721966160246
0.49297529647636068
0.48624341793220321
0.51575214906638478
0.51092074622258088
0.49694872445760924
0.48618920644904307
0.50604966095957093
0.5055660380800352
0.46802793609181642
0.51252462928852305
0.48139531037596006
0.49491951722158745
0.49286020818673787
0.49082064230848216
0.49943426330497037
0.50166066972139045
0.50607057707315795
0.29935456591914655
0.27807022082738458
0.51276306539006189
0.53544116731412916
0.48655035579677047
0.48996253967653269
0.48152807570344253
0.49545873294015313
0.50571574023027888
0.48791054916863807
0.49844976629997811
0.5135426484381731
0.49729353756694483
0.50413981390821627
0.48713841147241693
0.51424246324966794
0.47415101417051431
0.49513312905526174
0.49226812669580738
0.51158928542475923
0.47859311364287488
0.48470113468715664
0.49156130562738898
0.49984579012906177
0.53253640909742495
0.51200726794324036
0.4915556476350979
0.49871450440913317
0.49393723962039121
0.48964239200790571
0.47192829444530038
0.51015850242917882
0.37536797017188994
0.33846527784591329
0.47572100407323453
0.48822361707753947
0.52307370642850515
0.49405665378874869
0.52152419638980996
0.50386188895357176
0.51412707943312264
0.50726125108822562
0.48186989755133042
0.49446856382667742
0.54612431678211992
0.47363500348958387
0.50666185286808929
0.51839132274618505
0.51827054298835984
0.50903015729148127
0.48899153038152043
0.49556105762133923
0.48810758375645291
0.51018809091694317
0.49804614646628087
0.52275588666176565
0.48833066226097838
0.47045977183615734
0.49493663122295617
0.50478266155655782
0.50267350669225674
0.49591163858992915
0.53905916437253121
0.48668844155108026
0.35321926888027916
0.28774472794001688
0.49860927125851517
0.49972487527185794
0.46900640308166824
0.50707568372090062
0.53736079166284778
0.51235760128577634
0.53004333403836834
0.50376281843699977
0.49592987004983313
0.51609978568222548
0.52174347481241168
0.48272964520536449
0.50561924159956229
0.47230782226173851
0.50737500220767173
0.49588178967769425
0.50839459206488369
0.50899341874795101
0.52404979607215496
0.52689156216151101
0.5083538251749542
0.48702821238328803
0.50125088209965218
0.48690737657865707
0.48392817012020273
0.48584096977910235
0.50272497127871785
0.51843444366446323
0.51305767871048413
0.48879470154293775
0.2844221451037699
0.34586927923500793
0.51784107874969609
0.51795847141545315
0.47006211172963647
0.50370464469487997
0.49103592605557955
0.51696825600589946
0.46823441897049756
0.50725609940010374
0.47476719348996166
0.50162055589316257
0.51676128256321907
0.50190352500308921
0.51459059237311566
0.53006183224542847
0.47831973413576956
0.49441255630756881
0.47639762009975012
0.48992197017333478
0.51535070629256419
0.48598379956088511
0.49712068949903038
0.54557412966259167
0.50078405126135284
0.50551445591922439
0.47812926270639095
0.48391820350094189
0.50194598350329234
0.48322938463661796
0.50179643241466265
0.49471757878978739
0.29439470168529058
0.28459073866995332
0.51479364165648822
0.53070504532852858
0.5095583452919189
0.51928381044129213
0.4995873589692128
0.47926615135533335
0.5179561349607178
0.5069610081317415
0.5032642679890823
0.48361588520541099
0.47787487660971689
0.52230979690940282
0.52333112325862119
0.48525598764285044
0.48058163774129498
0.51278914138600029
0.49737898590998336
0.50202604533676054
0.46896893903265791
0.48025730292976404
0.43135539168197773
6.2369248202463468e-07
8.6320503074744291e-11
2.3661352037275818e-08
0.18551336335645538
0.50472508793469184
0.50104507139076315
0.49517844778067571
0.50684860225145945
0.46766592526965056
0.31130664597409413
0.35988614372766836
0.5270517783459806
0.51707400671002157
0.48628069145209096
0.46695073462580211
0.50955790812130919
0.4759096285354546
0.51193072089295732
0.48009420645832657
0.51147973922641143
0.48125869289807999
0.51817840410049076
0.49815440452828125
0.52500669986461557
0.51362812791468249
0.52012344589618742
0.47246477591590097
0.50719544242724346
0.44812402695224762
0.53408539762356744
0.21538229066958386
2.4599064054131065e-16
1.124484838860676e-16
1.6160458518011853e-16
1.1745924867572461e-16
1.1382070504251673e-16
0.00016776464027951044
0.4634134591959379
0.51508836753559528
0.48876674260425784
0.49186327607540881
0.31873516701553611
0.29752289959866696
0.48313991993725569
0.5005923316051949
0.49567163689170329
0.51759400440304748
0.50783727298514225
0.47477764450917803
0.50676581427308021
0.47251077081093823
0.50294767524475681
0.49425575394627436
0.51890094835919964
0.50111645968445306
0.50374130517438453
0.48512817121939611
0.49432199430797641
0.49316873155081098
0.4959765854292042
0.47376281745201537
0.49511280362156407
1.7934265683994094e-11
1.0855615294485583e-16
8.9542492772816344e-17
1.6428999976388937e-16
9.7902372912968156e-17
1.1569062655524615e-16
7.9695461036175546e-16
0.46954528064073825
0.53344912102334352
0.4923341355787923
0.51219715420678036
0.33057066106782096
0.27841212985419056
0.4949162416773541
0.49594263864905763
0.51490543504661967
0.52288523341146642
0.48920220046876361
0.51413762052447731
0.45353878087199079
0.51359048501435389
0.5000288369793745
0.41259397697755612
1.6578899564192731e-06
5.0652213019285676e-12
1.2305001348583174e-11
7.2396867224471366e-09
0.40770456743670985
0.49734389186101524
0.490420325367322
0.4888038374098671
0.48870381210582486
2.3249979690054886e-16
1.1361292353426383e-16
1.104752254402341e-16
1.6706852908330188e-16
9.3082903801070481e-17
1.1658686972647711e-16
1.0785556447965446e-16
0.13623268654392612
0.47379881320640971
0.47705053985080281
0.49479107721445176
0.29733843542318822
0.29827530540448183
0.49215982172863343
0.50674466198350099
0.49153040815350435
0.50833685789594107
0.50154516388136183
0.48814199595837815
0.50147715779399926
0.53699638150812856
0.12256713810821485
1.5648406569994357e-16
1.1612779231484612e-16
1.5647383277672381e-16
8.8422254142730239e-17
7.9538696704464118e-17
1.7526709052751616e-16
0.0091884409982153289
0.51272285609470669
0.48265995301412395
0.4921520809315042
4.8737473635799082e-16
9.3037179703916806e-17
1.155855776210198e-16
1.1893297865996166e-16
1.0978985100090786e-16
1.1023282340091138e-16
1.0337040782500423e-16
0.1876126635380394
0.51612355623888218
0.5032409174078859
0.49804293273733335
0.33359014700597917
0.30363444738971124
0.50874114381148638
0.50762906051527013
0.50634636564310309
0.51235607208654632
0.48705690696479492
0.49147642259523072
0.50858238770306341
0.47645638981227617
4.1281860017824211e-16
1.0827760134628409e-16
1.1311933831454646e-16
1.6776165851187387e-16
1.1199757997902336e-16
1.3995054116434466e-16
1.1293812318833551e-16
1.1769245577585833e-16
0.4725437647961433
0.51779575321437277
0.47559976165928142
3.4541219024608766e-10
1.7413962425349521e-16
1.7025998371645799e-16
8.3162451990853524e-17
1.6056195163499948e-16
1.2903571690096844e-16
9.5387403421954086e-15
0.48437826668407852
0.49843336502257862
0.51064047972519944
0.50671229268259466
0.29626293664353032
0.30559871968235014
0.51297377025025082
0.5025513681215471
0.52346108725745455
0.50801475693200282
0.46165463437588483
0.52223530023534637
0.50899888070897648
0.0049599731447122755
1.1899316582273635e-16
1.1669146616791442e-16
1.1361999986762326e-16
1.0864456192180861e-16
1.1485651807954265e-16
8.0567848685262784e-17
1.174152071743305e-16
1.1428482882742024e-16
4.2156794500567977e-05
0.50556663278855074
0.53820606567802842
0.33730446638445633
1.121041719822743e-14
9.5266579350760885e-17
9.814096924060098e-17
1.3443215838107798e-16
1.4808776884123796e-16
0.010469901179711031
0.50531689158810167
0.51148300736068575
0.4945727266193467
0.49314633019956999
0.31258241155162042
0.24137226198504666
0.49541926648156537
0.47304991802234392
0.5090857729014111
0.49722492749789937
0.49414097669250856
0.4769710895013809
0.48844570598104697
1.1270901719580046e-06
9.7832643410125784e-17
1.4957227855426812e-16
1.6289218020683568e-16
8.5174773224461964e-17
9.2732100509857045e-17
1.1193938516238987e-16
1.2204074203045717e-16
1.1245791591100252e-16
1.5822053214748766e-16
7.3782035637302076e-12
8.0520064071754451e-07
0.46422246801313632
0.49325794330277045
0.00029266247381610192
1.639045132892588e-07
1.4074912935438732e-05
0.39473826345835006
0.51076227555939824
0.51378367705555916
0.50511351447562269
0.50072986525491436
0.48844968746992917
0.32690829854706871
0.27550064518170964
0.49020593834372495
0.51098597387751987
0.5100797409380412
0.50332519369243123
0.52292502497562199
0.50425990811599286
0.49580562807792988
2.3606441257767081e-05
1.1348555555458774e-16
8.9996792441018935e-17
1.1657805169993623e-16
9.8656302408741622e-17
1.1178774580816095e-16
1.2023198417230707e-16
1.72452865102983e-16
1.0349066134733349e-16
1.5824269143875762e-16
1.0894028414022491e-16
1.7542634919591592e-16
5.8888104581933617e-14
0.4070274753082751
0.51808477741310777
0.51121794805949372
0.50155733199197439
0.48917675647266301
0.49671404318371909
0.5046372036557768
0.49182648907729659
0.4917599395434461
0.48497442381949679
0.29999150050627582
0.30150226381487333
0.49985762144077628
0.48803940516095162
0.47284876586650748
0.50048257980288247
0.50469704375490798
0.49061985988685203
0.52637205869665038
0.3464094196430359
1.1238865179699522e-16
1.2188600956236694e-16
8.0920182571464816e-17
1.5291490488438354e-16
8.6331430394154084e-17
1.138547644718785e-16
1.0783346172644414e-16
1.7099064265045584e-16
1.0864777349863231e-16
1.1602586495055969e-16
1.2235526273521473e-16
1.1386869807181197e-16
9.870952550825689e-14
0.4754626142938706
0.50400968728050777
0.51329870375577635
0.50885898470044788
0.4802118617358237
0.49583485234178343
0.50805875145208534
0.5056378561011966
0.51650064470804857
0.31610709911061857
0.30008691404440013
0.54204426825856789
0.53491045611162114
0.46597690699503247
0.5063135727157394
0.54612648143770592
0.48535634386634752
0.46827259212078026
0.48722427201279644
9.3917270104640871e-10
1.1303576920940292e-16
8.810522198513599e-17
8.0104560574937262e-17
1.0668537267932799e-16
1.1209929518024771e-16
1.0097774238413798e-16
1.3943666825828267e-16
1.1181009935202284e-16
1.7348147642486795e-16
1.192983081482867e-16
1.7107201235491142e-16
1.1237223072882234e-16
0.0055390798881683901
0.51468892962782542
0.49313349036016679
0.49329250225177801
0.49851054005353967
0.46460357065880553
0.5082540109811623
0.49928169078485168
0.47670716846434208
0.28959542386152604
0.31710473027979813
0.48793907585837804
0.51311530372958836
0.50906462895780247
0.50533192771130342
0.4948469680048449
0.47587991449213096
0.47779189348977252
0.45395215879144529
0.48356873525234328
5.3943990330611617e-09
1.1161504470980924e-16
1.0617803987327247e-16
1.6602978946499041e-16
1.1848631255842484e-16
9.6457869815233401e-17
1.2019059813948753e-16
1.0510633937242594e-16
1.1434906672225249e-16
1.7362470504228848e-16
1.0614293202029058e-16
1.1830053085463765e-16
1.5360569245332632e-07
0.47600409203990718
0.49941687446647515
0.51603099260723939
0.50797035005889846
0.49382765780340054
0.48069833536925677
0.51907755244397835
0.52062485120645585
0.33771640493378818
0.27402245529024921
0.51395550322956485
0.50658965911753007
0.4973437051393666
0.49397272301334655
0.51639523096311835
0.51679940301320637
0.5208781712255286
0.51444511534842585
0.4903083686997724
0.5462887422128172
0.47060483948815901
2.8094718310438072e-08
8.1281174115713571e-17
1.1132454361705707e-16
1.46662279342353e-16
1.5392792362901637e-16
1.0614815189049774e-16
7.9194169022492944e-17
9.4193877110376841e-17
1.118281448783471e-16
1.6343678556452421e-16
6.1684611819096998e-09
0.50196722589327325
0.52833970522957863
0.49154317580158141
0.50228789789559414
0.51768334189685228
0.51579639872150163
0.51311856338210138
0.51596018122103526
0.30162172255514352
0.31644804259074144
0.49242866543276398
0.51698918689302709
0.49904640381254389
0.46107827256911482
0.49053088354309743
0.48529997985319928
0.48241002740479055
0.47435614516435681
0.50234771898752539
0.48139186561546266
0.49683030975077136
0.00020853281034789676
1.0680757142700488e-16
9.3850118502384786e-17
1.0880063887547776e-16
1.1769296675316051e-16
8.9785441341785823e-17
1.5481502738812843e-16
1.7153368460136413e-16
1.160997558420802e-16
1.5799686991842453e-16
1.5088923066243345e-06
0.49858314615903693
0.53922089284083619
0.50639355476153491
0.47139996313958654
0.50814590646963309
0.48080471156249055
0.48251995744568082
0.50666591367507563
0.28862185714231126
0.27926724718411838
0.47664703084683835
0.47772562949312269
0.48970775132976141
0.49330766515193475
0.46968095838413748
0.49019574684831801
0.48952241133518604
0.51481260255250194
0.50639434485821
0.50684409669450436
0.49821609356386681
0.48251997032623811
6.3835717225353274e-16
9.6826998406247166e-17
1.1917113327415623e-16
1.1547436396192863e-16
1.0280429712649803e-16
1.1405338322112724e-16
1.5323561577915079e-16
1.5741862737902126e-16
8.5707863431805244e-17
0.37125105239932055
0.49173426277479904
0.50060208128381034
0.51144868828995993
0.51146612417006587
0.49409159091893251
0.49126739107814293
0.50604224593635305
0.47288159189807094
0.29787114119451696
0.3480814711284147
0.52217841483157934
0.51401727916822093
0.52824916401278843
0.50202741765023851
0.51112068758497409
0.49479728569396103
0.48993931435765675
0.48416620569139224
0.48791779853152445
0.50957128158460996
0.4989823592180212
0.46868122080000163
0.0055036453577065932
9.7302261530548358e-17
8.5130459227842244e-17
1.131537922024293e-16
1.1560058147724954e-16
9.9050260353531643e-17
1.6256797112766167e-16
1.1449127429961375e-16
8.6743593615813005e-05
0.46180136914287445
0.48956189142465767
0.51797731172955563
0.52953509761903983
0.47583708629074534
0.47765975080239842
0.53406756239304032
0.49329308987045867
0.48848773372898924
0.34453423894145874
0.28712516103421121
0.49461257019224336
0.49078839065502683
0.48975429879884314
0.51158548656781311
0.48810985369853821
0.50356528678879198
0.48551510564826267
0.45986870297119825
0.48589983979909623
0.50864609461340382
0.52823043473302356
0.48493029758284234
0.49108484976047401
0.14502051913475497
1.2801215299503776e-13
1.1349989029911916e-16
1.153250591987682e-16
1.7418292108616177e-16
9.0494328927101185e-15
0.0044459055194417006
0.51628851631108774
0.47680795800330283
0.50788074050635523
0.48720291737340898
0.46643850040233253
0.50144141029764489
0.50868535836059292
0.49418850181562957
0.50885010722733681
0.48355852748286327
0.31761364554757432
0.29101657805700287
0.49090903318123147
0.54143745479331873
0.51070959670835903
0.49543324600532124
0.51346817104320197
0.47280155280050229
0.49560757636244201
0.49599940292942929
0.47989472544369616
0.4984708466957396
0.52306370816909065
0.48548771386879225
0.49222823206453176
0.50096043839899596
0.50121894857473848
0.30660986601853507
0.0028772305550222492
0.25544584165681006
0.48287243528675777
0.48739851663807898
0.5033711520615376
0.51066627786815955
0.54668085750570139
0.51746462194647092
0.48083577336476307
0.48099401693668548
0.5138134774128208
0.46785297774853896
0.49711781656847098
0.46817831107418356
0.29127040978772656
0.32856500161576563
0.50418060019861366
0.5276804179997947
0.48009372225586849
0.50798421903819557
0.48659618718122621
0.51288218606967118
0.48662217874742481
0.48716692147005519
0.48886653670208174
0.4930007339660108
0.50622212814334022
0.46119436858335294
0.49784799185246698
0.51190136686807941
0.46796745378919208
0.48225889651473508
0.49573582455813359
0.50949758474999618
0.48747071502698702
0.49310767994226373
0.50688683511811172
0.4781707990922987
0.51549544943843573
0.52325899718706659
0.52772119052034572
0.48011280377395954
0.51733395419224515
0.48381237102363811
0.49503326044143042
0.52198753108255214
0.27830709768019213
0.34266520692127395
0.53908072038848887
0.50240017169599471
0.49101511512381274
0.52773761289119447
0.50827491513563205
0.51624683645078562
0.52350575686518874
0.54482073665400754
0.49873662134166019
0.48149099638728049
0.47848811473983666
0.49838563188121576
0.47543916589356838
0.48075047849165231
0.48604309657572575
0.49024413814363949
0.52233879120660986
0.49149068293266651
0.48662848608056608
0.52152819279536322
0.5111740218513855
0.51140896273049097
0.49557294596497448
0.47677709403309093
0.50370015942970825
0.49529575823405414
0.47942208061860792
0.50884847977042613
0.50638520089218142
0.43455944888307196
0.27451762634002563
0.30164234015638375
0.48175225570265834
0.52513067138617786
0.49358394404933503
0.50143503114797328
0.51970413110473623
0.44195640940915437
0.4847283582692728
0.50323828556556316
0.48078834227883172
0.50694161146033734
0.5185009151208092
0.52132817295920009
0.51008932334935031
0.50041190707990058
0.47622102460853571
0.47966016689321789
0.51531653517784759
0.48984907014559653
0.49319277984926013
0.48654157385295954
0.52453688349051497
0.48427382894311405
0.51587055064219312
0.52039652414071835
0.50130572720644617
0.53559600667198526
0.49056541456350966
0.52209975133752429
0.47353074150783037
0.52339952464439743
0.28536414832047091
0.3334151986887956
0.49429888958944396
0.50075792095268712
0.4831434810864334
0.51020177527418753
0.47474171601838777
0.50548188305252517
0.49036421674292524
0.50069146552116317
0.50898978388363325
0.51729076295258469
0.50452789370673612
0.51257649053203058
0.51408109140568181
0.48566951883771725
0.48413359483485274
0.50163951955663377
0.49801395879183002
0.51302152288761182
0.47464182819133799
0.4783971207839291
0.48585273765691367
0.473097986428276
0.51557658237680204
0.50149280055253076
0.51551225058926864
0.48703660942405358
0.52346673600350946
0.52431407847097711
0.52033970931136875
0.48817705364433295
0.29349842881949817
0.31943546104168091
0.50704602827719503
0.48368650932508112
0.50985248989879084
0.53611038072746975
0.48969401441720495
0.5040549658807626
0.49930297538546603
0.48213780465606559
0.48289450625881691
0.48049637480163859
0.51807452224321349
0.52033707278074182
0.4844367738557927
0.51469753503484894
0.45908509601553998
0.49762645481059031
0.5007315701701901
0.50203522582297888
0.45715605681111859
0.50469500132003986
0.51512836255666261
0.48805189329925652
0.50780982384259366
0.48317987460209577
0.50897741189472856
0.52028440478621885
0.50672189411864954
0.50958538927796793
0.48271549958568971
0.51475418936266448
0.28172601276550641
0.1485269002433168
0.33685013609061515
0.3046336714865957
0.29686637441266289
0.32952584959300851
0.29081230345854597
0.29420492434086509
0.28525475635433856
0.33784750614616227
0.29286036828403578
0.29510190322013075
0.35366095199377695
0.29613134882672099
0.27634572307109423
0.31460170857890229
0.30481964496779751
0.32665061690345398
0.33595638577110531
0.34486827147129978
0.32162244460127232
0.3084979398489277
0.30308475583933719
0.36783581256903003
0.30003860230368579
0.32315577698799691
0.29312320417114907
0.301291096300141
0.31698430874179573
0.29062068595633467
0.27458267725776225
0.2811316835084523
0.20976712105290499
0.16898143957690842
0.34551162545986364
0.31379420794303126
0.30980411597771113
0.38617278408472677
0.28888591576017614
0.28434281820646645
0.32520841351374213
0.33746543365506382
0.31636705518313823
0.31822909304562158
0.30196385008729959
0.35017628343631885
0.28556519401457492
0.34926754787950837
0.30805495145307227
0.28029409997970572
0.29962370048553277
0.31241161614237911
0.33496784353052805
0.27697052037168918
0.29151488813921195
0.30244184357011905
0.30527743022881537
0.31419123757046602
0.27772928379576178
0.33033988874530945
0.29048407638017931
0.30623110429563616
0.32938027336768022
0.30446980083168257
0.17950070097710893
0.26177621181976041
0.47924711922922497
0.49391365750566074
0.4935909336594046
0.51688658524767894
0.49298000135202269
0.4937312518985853
0.52036393219021648
0.49980033402102803
0.48948523756862217
0.50724098747838708
0.49403086712942518
0.50077805779272999
0.50870812387849829
0.49387643034009437
0.47586652574273708
0.52117357680315657
0.49585600730406693
0.47165537778233696
0.4898984562064469
0.45816400182623118
0.47622873702687679
0.50762027081096983
0.50743403470504878
0.51081510660275387
0.50580681601208877
0.48228821380114045
0.48211220233292346
0.51168498422973441
0.49131694832263489
0.5088744959487117
0.316928359556644
0.328729584644251
0.49623570348815188
0.50517336618769038
0.52505642846520284
0.50836888946753789
0.48456080737049628
0.49458005358522844
0.48260617526164024
0.49956922318922764
0.49434442482084723
0.5000090099494886
0.5358508672913106
0.48597680012609273
0.50366285335123251
0.49794562036597634
0.51935363890093833
0.5182672964669347
0.49556790498850262
0.5125935573640179
0.53126004276689176
0.51407982376998884
0.4838521414353863
0.50328625938973837
0.50779857446514143
0.51430853952167266
0.48217002374850187
0.5005509927855335
0.50167256262454041
0.47598115183043982
0.46097735034753246
0.53378376772948954
0.28965584183709708
0.32068913726468162
0.49487500351279085
0.49175362966230218
0.52789465377951716
0.48917996570744754
0.52152248398773648
0.4891252320089492
0.52425112793598683
0.4870460769926851
0.45816764178929209
0.50096264423583303
0.49250919573711588
0.48116359674723919
0.52497708611490712
0.49688642836604113
0.51818014674304103
0.48128929390782937
0.48134436960112265
0.49479285296268571
0.49462788041708816
0.52333150234231007
0.49692222999585606
0.54078759437069168
0.47980034335422206
0.50571732897819699
0.47407793067171178
0.50322835053958948
0.51183398295369265
0.51429982536074126
0.5458290457461813
0.4825977351010563
0.35980938718128347
0.29932696972716827
0.50703731428821563
0.4985221366595573
0.49871725215359269
0.51935417271479767
0.48574386844931206
0.49786383890916458
0.53236044511674607
0.48365093688096195
0.49000716981923115
0.49115128963374977
0.50028006681891979
0.49426998577718295
0.50304880431291665
0.51844371130987765
0.49758195448697357
0.52861535045308494
0.47278849575258941
0.52082462432794174
0.49839559221322149
0.50594191318279091
0.50666458928598002
0.5061756408831839
0.52448135234234239
0.5150589168659625
0.47790201518431591
0.50831923012608582
0.46963443133190241
0.47404972933681078
0.51019468427956127
0.48603050954359145
0.30929084226143799
0.2719714658739853
0.50438584833055922
0.48023531947180098
0.49223111671737335
0.48889575735351254
0.49613494914859024
0.51317687295397285
0.51824149856429114
0.50572273729127926
0.50522382218874806
0.47241555729869095
0.49795955255480828
0.5225340753206098
0.48472405821931874
0.53178556590461568
0.49819805175491894
0.48315123724355807
0.52650156160898076
0.50344144024422599
0.50719506462312514
0.49569211326401386
0.50749281593492168
0.49462454192962002
0.48789239160124148
0.53580582896004192
0.48956441363426556
0.50578803779184633
0.50839770085215241
0.47782386438977409
0.50449745252167744
0.51727860743310916
0.33737204658727943
0.33086296919336233
0.50743914401098145
0.48791379144886637
0.46921780429735094
0.50593882271333013
0.49828527932451511
0.53211567760840794
0.49222775697253557
0.4993456653323049
0.4660055849484257
0.47968674504972386
0.48832781256684366
0.51673105527833341
0.49186286911904997
0.4642554853319607
0.53011537435083411
0.48735626221069483
0.52185909183248802
0.53488650689819084
0.4901558022457691
0.48727056056834039
0.52793000300989024
0.49754059739119966
0.50233788731185136
0.51090288562032371
0.49574875058516416
0.50141190146407821
0.50222496171869035
0.52627293532655484
0.49979510870136501
0.49869882587864678
0.29867263746692474
0.28173806818700375
0.48736250890528626
0.48135865991342131
0.49117089975281608
0.50360587212943009
0.51377369018025987
0.48112631922075721
0.48013348509348486
0.48579939777296777
0.50674520348202512
0.50967655022786018
0.49263531285087919
0.49482342338017693
0.48280465601465561
0.48680478624608486
0.48930336767490834
0.51444762352468587
0.50012606697297035
0.48559624209172203
0.50970332994046263
0.50269836739148543
0.52344102693879357
0.50391620903510759
0.41681642534014951
0.47892749559095305
0.50570844701485529
0.5252120254914151
0.49203045543970514
0.5055074442744254
0.50250349504891245
0.51175941053581875
0.31270112357959856
0.33499739815677765
0.51542897956103151
0.45949065353826335
0.48429875169839992
0.50561806756561112
0.515665464757317
0.50765828320160766
0.48576164399370619
0.50496322393372384
0.51852643954991517
0.48401498756852673
0.49791857723086846
0.51146493671117477
0.48188776619462442
0.51343604911351048
0.45474302782766185
0.50321523133901402
0.47478466422087429
0.50222696496496388
0.49746436747991651
0.5048815181241465
1.2529669683393548e-06
8.7000717871089572e-15
1.1210500742989112e-16
2.2223420842761547e-16
9.7970569908489505e-10
0.44478514279411485
0.49415256906407146
0.52842105938071671
0.49668588084029497
0.50314467672427299
0.26320632300315649
0.30009273348445537
0.48692122583060404
0.47685430899554099
0.48484030499672831
0.5095474360927027
0.5068862315110616
0.48736904012513571
0.44689550668695111
0.49410778059388882
0.48813383336555805
0.50190715131152208
0.50190097497212971
0.51249339576599018
0.48017717725238362
0.52449217352513666
0.49974137689604203
0.49455806548697295
0.51605466231424024
0.46842972641909114
0.5066370108658963
2.1921317189345791e-09
1.6377868650282754e-16
1.136452614893349e-16
1.6046576839891116e-16
1.2647034676736252e-16
1.1763625394568447e-16
4.2522600532819694e-14
0.46601842657454245
0.50528373958842854
0.48512008564688658
0.49216663947009071
0.30110862218869106
0.31386795126412148
0.50077472334126893
0.48848017715412739
0.51289620642389588
0.48872949340728244
0.52809939188025345
0.52954823061781153
0.48333451050462806
0.50033784645717705
0.47000493319463893
0.47728617766537723
0.52678514309343927
0.51152578721327246
0.50430006375816283
0.52029575422420205
0.48603644989884942
0.48944096170740725
0.50568989755601834
0.48825257969374064
0.44759909462180475
1.2402259887478738e-16
1.1248385218973398e-16
1.5156576446041452e-16
1.3679687743460409e-16
1.1872375845030255e-16
9.6878933542031148e-17
1.1314796153853497e-16
5.7913915305889376e-05
0.46945870877143198
0.50110237095621757
0.49853897839346795
0.26553606611464781
0.31536479317240657
0.50514308882956716
0.49585282052444202
0.47299979909331752
0.52150787209579264
0.49530300074278705
0.50008624429117732
0.52555121525206638
0.50207599418643478
0.52331600479778351
0.50317628218773147
0.00015723451020235478
9.2603136410593619e-09
1.4761971144810052e-09
7.8684802415814167e-05
0.51219711372793741
0.47727546936762849
0.50053798927060833
0.4694850304703867
0.002046622768527739
1.1978762872216699e-16
1.0326000573763662e-16
1.1813563518840666e-16
1.119615407432849e-16
1.0967910682119385e-16
1.6668750125032016e-16
1.1407449486482568e-16
5.0169534411712106e-10
0.48815641103920004
0.46780985435922878
0.50658827245330429
0.3312868369476577
0.29060539816405717
0.47503763399313637
0.49363496481222613
0.47629437488820658
0.50083014794058456
0.46582538687868902
0.5116739674853541
0.48220066880900342
0.51915698414400979
0.33157929726584423
7.7440362411941597e-15
1.2918186352567137e-16
1.7623036186036285e-16
1.055485618014934e-16
1.1824708830165012e-16
3.8511564298990735e-16
0.26584351032031045
0.50605139865214677
0.50585333152554335
0.0030090023922730263
9.4876588736036889e-17
1.1364661607984219e-16
9.565132261968644e-17
1.4491822818041161e-16
1.1513008149642646e-16
1.1852864754410077e-16
1.7655220544109049e-16
3.4197067509064676e-10
0.52382191382641874
0.49944610943838469
0.48476432252358409
0.31856972548404566
0.30646829174772156
0.47247970725939431
0.48939665974302526
0.51326634728030118
0.47145774085098036
0.49840887143059132
0.48837941017498215
0.51888033512591381
0.51056319919174575
3.8559715372586348e-13
1.0844981511027607e-16
1.1698632901969715e-16
9.6870508513973277e-17
1.1214477414901609e-16
8.8650842761190309e-17
1.2703435460888616e-16
1.3936440203004548e-14
0.51113742369999793
0.52394662177902185
0.44291726300814649
1.1743089325382141e-16
1.6585252961408331e-16
1.7606366143299986e-16
7.8673543956755446e-17
1.1062906054659633e-16
1.1098934060429482e-16
8.9918763806988634e-17
0.00033992446882042396
0.50654102232491061
0.49528714355848713
0.50302297234940241
0.27560268315053377
0.30743531172866551
0.48923535357155268
0.47793207477228822
0.51126431834994579
0.47944471474278039
0.52670289462419717
0.47939412158801631
0.49709688526298462
0.25005940517973946
8.0860343548213777e-17
1.4848639921024798e-16
1.1488123813009136e-16
1.1285354669943346e-16
1.1289144377137109e-16
1.5073621326744701e-16
1.1816086131119938e-16
1.1129429478901962e-16
0.12874721629448724
0.52739047552144025
0.53521806182946408
1.3064867924437297e-07
1.2577596257624677e-16
1.569635697189448e-16
1.7335132189475212e-16
1.1738494368939903e-16
8.2805846683973725e-17
3.9077601658463769e-12
0.4684174374402989
0.48503608098929218
0.54946243169852493
0.52836622705000946
0.32953612060693754
0.28253542747484045
0.50765597900005421
0.50016118347109784
0.49679753601301713
0.50649856312421737
0.5280333850958403
0.52387155641648331
0.4897091778996468
0.0002817295190760129
1.1922384089496148e-16
1.1297842718402214e-16
1.6450093156415159e-16
1.5613926964543736e-16
1.6702456400665441e-16
8.3756484476193471e-17
1.146157298649218e-16
1.6832415431258464e-16
6.3271918776476103e-15
1.4363120931625257e-11
7.2393063480106584e-05
0.45506623201145513
0.0019331893824722373
2.4507661677285726e-12
2.2272613347581372e-15
1.5997097290865869e-13
2.1458773400942597e-07
0.51463475248362067
0.51810533589329477
0.49778088804944431
0.49356743190930141
0.49796633064632301
0.28412144700563269
0.2719501541212293
0.51939805088455115
0.53521959547337972
0.48065249838962304
0.4548724699973975
0.50100050914181316
0.50913525218643008
0.4897208111002917
0.0031195066098518706
1.1216886928062806e-16
9.8492705057121694e-17
8.4806512338529396e-17
1.6627832048948873e-16
1.2383781397776276e-16
1.1465379635772416e-16
1.0967405059142135e-16
1.1129964461059163e-16
1.5932310020470512e-16
1.1126719877621436e-16
9.3344284610983201e-17
1.4772920853769136e-12
0.44824954940272566
0.50069682915442271
0.47838316378545598
0.50389453335514445
0.4778679640484807
0.49402892911508117
0.49629499934808724
0.49591155259378111
0.50606746611541753
0.49866243981845232
0.32239654654373373
0.34870733706741847
0.48748915079029714
0.47060164498293933
0.48879775491797017
0.50250844241879022
0.49665749824389216
0.50527915379148813
0.51394108290383833
0.4638917400105344
9.3274013570818259e-17
1.1186056639862354e-16
1.0531001823846534e-16
1.623400645976025e-16
1.5779218109035464e-16
1.1670831779625431e-16
9.8411214988149888e-17
7.879862488670882e-17
1.1902764493503443e-16
1.0688465753844671e-16
1.1824246952024561e-16
1.511916210572393e-16
1.2146627170516861e-12
0.50355288141018961
0.51805647676847577
0.52791084326403748
0.5274551785029018
0.52602511025474097
0.53492598292276095
0.51478159052358019
0.52121695654610134
0.50718392750825114
0.31611780089376879
0.27805429214665367
0.51625283548208589
0.4986726569746841
0.49769131607369393
0.51659379448135789
0.49830841080663218
0.48257591013879997
0.52719998260879708
0.49327503941956397
2.1646582854242369e-07
9.2815800598845208e-17
1.1134671356523744e-16
1.1195669047738325e-16
1.1120226912941821e-16
1.7168335195425308e-16
8.8231642597418978e-17
1.1447786229693212e-16
1.1540766667679735e-16
1.7251322447674773e-16
1.1634543023827526e-16
1.1419670596235926e-16
1.1283911706680099e-16
0.11178491717469671
0.52836579021741836
0.4699362853261419
0.46820463955909042
0.50484015030244689
0.4931658960392154
0.47772246303118326
0.46748253610219276
0.49561098470528181
0.28141129757953898
0.29019747452260281
0.48654527680841891
0.50540748711022165
0.53513245640999829
0.47336659503475054
0.51758331443291072
0.50394109727875769
0.50568205034400937
0.48873959858082877
0.50086289478627799
6.0547721978322479e-06
2.5214651322843717e-16
1.1122804710589334e-16
8.8419415790672028e-17
1.1181989413084815e-16
1.1739699054230077e-16
1.1671001703080757e-16
1.0669143742903297e-16
1.6245689289812851e-16
1.0425350860892209e-16
1.2126205502134122e-16
8.8773308735529808e-17
1.8513178756646021e-06
0.49557820567180799
0.47429140058794245
0.49924963502344927
0.52646493960715735
0.53381223377896858
0.49260960324107089
0.53445769687303846
0.49737651187151322
0.31800667506290042
0.24955029535280998
0.50795226443725916
0.50405781470318256
0.5084087139382597
0.488744100640918
0.46376928075270391
0.47553879988115766
0.50383624666846427
0.51574500070529761
0.5255729744870492
0.48238074338454934
0.51428309267259986
2.0505005508465592e-06
8.3622998101794812e-17
9.9833254515782304e-17
1.2261998327886716e-16
1.1375325959296681e-16
8.3876968174193931e-17
1.1039743886021592e-16
1.1813757131473403e-16
1.0338944735909304e-16
1.2252142740392387e-16
4.0418140961523767e-08
0.52111693417087412
0.52155839093805789
0.49101047500881689
0.49332822506422014
0.50367272314848865
0.4739825155737652
0.48787470606487743
0.48156455786502217
0.32500648593486325
0.34381481253100726
0.49666981063988919
0.49486660491283424
0.50450508525843085
0.47055033156771586
0.49947346322338004
0.47762809531874828
0.5107727684826554
0.49339500583385421
0.50830786935885697
0.51764539968280587
0.47115997551110828
0.001521091646364704
1.4062580787019691e-16
1.388221012991696e-16
9.5249114008954544e-17
1.1970079587449061e-16
1.0114854086043304e-16
1.1443428244099425e-16
1.3213668635723927e-16
1.1846049880799719e-16
1.1437280548738823e-16
2.5725357601197137e-05
0.47037550559171742
0.48899948424747208
0.48832779999174986
0.49441189442717931
0.48711498335787451
0.5203136872013574
0.50239873441231175
0.54377658679150165
0.35320866531075906
0.2849698245181928
0.50586400303731849
0.487662254179204
0.48758522346085642
0.48507255063249993
0.49078360874396049
0.48675118068682605
0.49039969807076295
0.47819377629640331
0.51737979666580436
0.50098835717559742
0.49083984075088
0.4597479432047567
2.0474195215182951e-15
1.6746650011731092e-16
9.1117890009378175e-17
1.7470097637996178e-16
1.164346937453343e-16
9.9094530297159364e-17
1.5802815830939011e-16
1.5300492012792183e-16
1.6021313664871776e-16
0.43696022048677985
0.50790860474960997
0.53278434048087908
0.50235511558007051
0.49964476813463993
0.49005062959670859
0.47792060473318587
0.48914430175354934
0.45852496194399922
0.30625669821560092
0.29218692947669167
0.51895485941199537
0.46474921521458512
0.51738116669487422
0.50420581955557275
0.49793292552550461
0.51470944014289099
0.47573741333176395
0.50314615053889988
0.51141209745084182
0.51360141119918756
0.47288303893319172
0.50489337817264168
0.10585615733593955
1.1493139643396098e-16
1.1821436959314743e-16
1.7066589030970782e-16
1.1219622173893155e-16
1.456300463227865e-16
1.1129100945537928e-16
1.706363197098923e-16
0.0030870633486989782
0.47790307943207966
0.48636095176595201
0.50019124486651234
0.53662904321186955
0.50144204142007354
0.50446663876728903
0.49583851044325339
0.52102681093903647
0.50145186348656867
0.28685483410167012
0.31051123288159471
0.50804338291310747
0.51250152035838725
0.51070001917511409
0.48679894265701162
0.5051737884650177
0.49786627372590275
0.49365378035017504
0.50278945820689058
0.49295423961600165
0.53005534275187671
0.50160851402197615
0.48885536594510959
0.51446372449680955
0.25538220540334783
7.8132718140713458e-13
1.5119449984858338e-16
1.1671529593275868e-16
8.6806786104999809e-17
1.9141227379869769e-13
0.12267601985021019
0.52357194653146144
0.48443888072839264
0.53444898812912345
0.50933502937937913
0.49489980353780383
0.47206101400625705
0.50148483319560322
0.51830945533714334
0.50023337911677468
0.49890603137083989
0.30778164398637453
0.28829888631699468
0.47494797212139617
0.50696762176176113
0.48478216951202718
0.46789103655304543
0.49576735116870546
0.47396087664324932
0.48146435483453415
0.50168565845500479
0.51448853708168985
0.50393914561066577
0.4966298740308524
0.50855489221598804
0.5120245101802724
0.50672592987958687
0.50986888211149539
0.43498232663256542
0.25974160763128123
0.34550261455156306
0.50641787994812892
0.49818865608299234
0.48361156353909429
0.50446756397716486
0.49168544176296269
0.4663829188036811
0.49410899444666712
0.49935560117111705
0.47141320399525682
0.51204659552215981
0.49290799558570175
0.50466137766778785
0.28794876446408618
0.29509568491972915
0.48699299715912764
0.50534212048479288
0.51623778019949762
0.50908511343531382
0.48567516151137258
0.49160362357082149
0.51583645037675685
0.49631012778204248
0.4750882979238964
0.50245440428654853
0.48874428914485712
0.48298887750726832
0.50365634046761842
0.4877750764916382
0.51574274919985086
0.51269438406946122
0.48810382075806746
0.46526782095881236
0.51136375931497846
0.49160078786655831
0.5161665846863619
0.50388768103139092
0.49770638298660902
0.50684520270556066
0.50717744295226008
0.44575639466619127
0.51238729107866632
0.49045885929705824
0.49055130168313682
0.49441750151494102
0.36126636937776541
0.28833066845181882
0.51434941496137609
0.49124600152280895
0.51744767780232603
0.48709827437013931
0.50510741022981187
0.48827644613752663
0.49685397388127278
0.48730056193743748
0.50677614173778052
0.49729451031220362
0.48640029935788825
0.50938985675628057
0.50232146601544936
0.51358004225868437
0.50718977268871901
0.49621156219350193
0.46003538823164442
0.46661937192484182
0.48488672104810293
0.49828829811860648
0.49971867994700614
0.49797585165259095
0.53033076736351559
0.50819962451218958
0.49052531197366539
0.49972562075679805
0.51428045450807258
0.51008589727415632
0.51034600792139795
0.48696799324402418
0.28018356116793069
0.27958592918919695
0.48270517382484279
0.50575224270182062
0.48101468174513801
0.49520643096381278
0.50692018180840048
0.49161717893887413
0.50800556065019842
0.49499052751124828
0.49897371512033867
0.510278119844355
0.50961867984233766
0.50576595931406809
0.53942877066606554
0.53006719383256928
0.50720612338549764
0.51269932123204875
0.50531979594743059
0.49043584748241265
0.48543741480288322
0.48030708861592247
0.49736476754512693
0.5179052169349796
0.51214704353963503
0.48641118168091185
0.49586807414387907
0.52134876106392569
0.48441998276197928
0.47716649360657781
0.48803479089312318
0.51255102571944233
0.28158143942569908
0.37189128455765147
0.5107940587728047
0.50563432538150332
0.51907309253032341
0.48916643180040181
0.46928353601361661
0.53290202026509981
0.50241119975744553
0.50387548869834398
0.52275180319561765
0.4899905549355586
0.49308944621975875
0.46818379203569543
0.48322272324212662
0.49780450416747257
0.48034804439928208
0.51569082830281288
0.50056644919534043
0.51422469557658612
0.49061135028513442
0.50671463348230084
0.46780363122066287
0.49263989090981913
0.50378458237028001
0.5061369998767089
0.48914417815847061
0.47908187861721108
0.46661605653297489
0.51294438124934583
0.46317551850760075
0.49906506669528439
0.32686374383363076
0.38594142079236143
0.45775559254183817
0.49971403819295707
0.50148734319038246
0.49705094330424315
0.51058855519109669
0.48313295703332382
0.47577905795712871
0.50345646329609972
0.48060852772800933
0.49343305183909192
0.47705129353587061
0.48582640401599059
0.47164679783429675
0.49343904910053604
0.51717907150936215
0.4912654460516272
0.52656224223327086
0.49560932148128162
0.50392846141991099
0.45570634979547914
0.49439090024696164
0.5355338115027124
0.54749468853794292
0.53047173731306008
0.51521180211750317
0.50956343864462217
0.51746880544277318
0.51303089959085413
0.51216785423055089
0.50824425341130619
0.30308424654180977
0.18803644585742985
0.26796251497980617
0.27347731635497396
0.32218994162302733
0.29145170290643918
0.30228363836603711
0.3148536508772577
0.29840158474136036
0.34215688531300975
0.279819528816172
0.30004400381281909
0.3249468632088699
0.27129260723773563
0.30834080255539859
0.28493820478203824
0.30151784606460469
0.29868445357493351
0.347621055628484
0.31820124134718941
0.30208410305309441
0.33345998963547346
0.32419927789295194
0.27583420331266273
0.36180559247395655
0.32718200472145964
0.31009580893192601
0.27831348605815509
0.35154521350189871
0.33199310956339778
0.28177116990142098
0.29458804999781402
0.1766123401612362
0.19376868109298115
0.28603806247272634
0.36884007853198142
0.28182559474024377
0.28961364390571803
0.2930460900934132
0.3190172250632588
0.32082209778588783
0.33099915190545814
0.26148364632102294
0.27948909229930241
0.33419695460362786
0.27626000564281467
0.26430203238093847
0.25536663880938559
0.31741948708247586
0.32539242102500943
0.36377902549274221
0.31615337367984875
0.3291914631908246
0.31119990007230713
0.35595360275420862
0.29204689995651351
0.28654728774783361
0.30223942057905562
0.31447158688867799
0.28922446581400363
0.31015393651358059
0.35842402793005168
0.29149881555623186
0.30075610807079362
0.17274375612710541
0.33767306465059577
0.50950895092778548
0.50613129421118253
0.49211706692062357
0.48866212869765618
0.50961960704437126
0.52250027823190393
0.49070461324378867
0.5077030535835283
0.45409237159936205
0.51796230031782053
0.4766016902883084
0.48259754071311528
0.50035328606399609
0.50448037194318462
0.51298235133924508
0.52194137742609825
0.50768264912214434
0.47496624863756987
0.50586110323687417
0.51440907056344798
0.48812174544910647
0.51864448028213561
0.48798806004034923
0.48940093214250568
0.50962994132008554
0.51382626813326071
0.4937140839422085
0.50636572175603223
0.4936678925560089
0.49682651180095611
0.29088430029096496
0.31982774991325685
0.50360370969265078
0.51401732469105554
0.51370071699318531
0.5038419207056174
0.47709415851093229
0.48420615293944369
0.5018646051359934
0.4990002791789061
0.5217624738571236
0.50294473634482817
0.50032853603585403
0.46519156473702028
0.52952049936004086
0.53122835296893367
0.48670485943203939
0.5137359147873517
0.50023866513427406
0.5045154283143114
0.48411684804894572
0.49896549126605899
0.52135511062472806
0.47483367580202579
0.51754595716202656
0.44725568231428292
0.49664347189089159
0.49160916279693179
0.51227939263933586
0.49477095372501051
0.52150941786589744
0.49747918389127727
0.27982473604036445
0.25921548689504192
0.50755051205625878
0.50350515372989879
0.49563206214648087
0.4892551508951109
0.53927621184158547
0.51189267326392141
0.48875126925050916
0.51220048976142041
0.48075897450223498
0.5091672052113082
0.48850611555528939
0.49676373076484032
0.51059652735406158
0.4880460081535522
0.49756271886761028
0.51286964169359694
0.48614410986096279
0.49470091386043136
0.52264690772643596
0.54331407331864079
0.50078851302447069
0.51368854600300384
0.49320569809322612
0.50180342299786918
0.48286916208384129
0.48579458897641409
0.46827939195328444
0.51980831992532284
0.53168180687945532
0.50666308681271077
0.28212825667105068
0.28875421874167018
0.50558671703760594
0.4759720320189938
0.49180645173914306
0.49304920705979083
0.49622657261908343
0.48020255186313432
0.50230032739331831
0.52395586542338912
0.50335659745827732
0.48642509324454941
0.53044902367005486
0.47762870888387676
0.48764621867629943
0.4694549013307317
0.48769719232727243
0.48132223007075664
0.48903706020739773
0.52904663388265794
0.50770027575894272
0.46748305312545074
0.52397981707509045
0.49277734540282536
0.50055383383462992
0.50498919004400389
0.49343874551640088
0.47089553079506624
0.47069963230234924
0.49148248026519692
0.49871241175790332
0.48465888162808063
0.27480676880801858
0.32107578468906955
0.47321782006243068
0.50015829673920253
0.50564916884774214
0.48715438831919644
0.49740978889091397
0.47962338301123664
0.48658298825045887
0.50052841330535758
0.49959837302371929
0.52731487606559113
0.50416828465644947
0.50935747989344593
0.50238358598047161
0.49152974731834492
0.52068632974653151
0.48859182365501341
0.50183082769405507
0.5285787906747883
0.46825505486725144
0.47814626219630035
0.51842602845767027
0.49785262504746575
0.50618508590698386
0.48650107792826469
0.51062382468313927
0.47794656082186043
0.50833269033271833
0.48797498456549282
0.51552630374129593
0.52969427646969869
0.32104592068270144
0.31357626859059728
0.47474311596892455
0.51975588190791977
0.51841187529792676
0.52177845627818598
0.48192785499239782
0.48536665289927766
0.50076110438563659
0.50339106236415687
0.50729928368905453
0.51091894300856089
0.52090451148840233
0.5072910984768414
0.5126980174232626
0.51713513788305354
0.48715881723734256
0.51877539504092685
0.50814786410288471
0.51835615178120165
0.5160902082281621
0.52599539036306076
0.51532192165336876
0.46583981884687953
0.55001330871626652
0.53982935703289459
0.47577844627373916
0.4666610562088811
0.47132257686329038
0.51395426156342106
0.50783023711090614
0.52360849725371772
0.34231853953052921
0.27990827973913057
0.46985900114141965
0.50553024086490883
0.48033661518028914
0.48651353933241209
0.4871108131682752
0.48345023165162382
0.47467006980589399
0.51412627887135365
0.48230477017110035
0.4985560113305354
0.5021281093782487
0.49432050297221225
0.51900333111806396
0.51167006538634974
0.52966657818125196
0.49431491495850982
0.46878721880520008
0.48996797027133454
0.49129164147001098
0.52560193430721835
0.48487710669530026
0.44027453802543265
0.20335445377983732
0.4195926992786479
0.51371341734071341
0.50739931785581471
0.50182249116832411
0.46983977019191769
0.49319666635452469
0.50830055825899478
0.35431017749023852
0.29016187700330587
0.50114386630457486
0.5010633368966606
0.49537049392332216
0.49912538250645561
0.49591179874041541
0.50359125040503838
0.49412059273553915
0.48582618615671597
0.48138722043694659
0.5373606567525705
0.47340274829716467
0.52785388695734448
0.51601823876459851
0.50670513887196811
0.47239219054766168
0.50497548746406273
0.50469143322439436
0.49147919515197735
0.47788007348651196
0.4864813955983916
1.0555190171891341e-08
1.0893804813490445e-16
1.13504173609154e-16
1.0813340370987262e-16
1.3740522358560418e-12
0.3563135702171441
0.47989391014326133
0.49550018781087107
0.51454742733924508
0.50164621913642149
0.31174619303028589
0.29343369826135135
0.50138379473252248
0.5398416702865555
0.5023768029235528
0.47179282039585002
0.48869960907127313
0.47672587581059256
0.52814258667201219
0.49539256249103719
0.49121081360186086
0.51519383334934166
0.49266839741455071
0.49224311639339885
0.50959636456678747
0.50074334466908765
0.49027319079196996
0.51685511786164606
0.53515306138262853
0.52454429656064472
0.50831970024048567
9.9558664888243445e-13
1.1760546461652136e-16
1.0376276719204606e-16
1.5688172812468634e-16
1.097954804768133e-16
1.0197461160494653e-16
5.0266324838182291e-16
0.43869326577483081
0.49891278241838749
0.5085562501617743
0.51449596360615846
0.30403071892009403
0.31516810699223663
0.52624111521451933
0.50092273445294144
0.50731049753201296
0.50469055265799612
0.51241239568210428
0.51031947144609491
0.5160074327459423
0.50270279304537979
0.50318851692681532
0.49601731748102434
0.53452995757749622
0.50007596812684296
0.51597154393056921
0.49782273733163446
0.50752097879298819
0.48226156815334675
0.49776227734683098
0.48039844390793507
0.25229234763834629
1.1599662917093776e-16
1.1616876956268822e-16
1.1155347280264279e-16
1.4604958627671327e-16
1.7645470546860636e-16
1.1269791466747323e-16
1.1042763248094083e-16
7.5771950503973846e-08
0.50269771695862553
0.52138122004329512
0.48531071910455037
0.29655966237912884
0.2880761417517651
0.49485272024674404
0.51450691841926177
0.4723635335461065
0.50391512436845065
0.47801453700558127
0.48923960838319969
0.49887794663227769
0.49795990779164484
0.51060735899062948
0.50079373305553865
0.46400882106049918
0.091736429185581184
0.0096824248411697088
0.39555816522236631
0.52324505844837843
0.49328911631030348
0.48402875698887016
0.4792505229507138
5.5134833003640029e-06
8.6952131333133119e-17
1.7267107845482751e-16
9.2534604047342118e-17
1.7655556133178366e-16
1.7188146158924776e-16
1.151420836032294e-16
1.6350734445339875e-16
1.9759087058377207e-11
0.5159777252394705
0.46675964330633779
0.49869568660268399
0.31858695853432673
0.26029820803797044
0.53752504193185691
0.50350548025940878
0.51132936830438425
0.5055125133659969
0.50433737231486409
0.49313822001538093
0.50045415011766714
0.48477757660632814
0.50009655940648856
1.3308443872057324e-06
1.5048163123923147e-16
1.0402645144332147e-16
9.4732086098816096e-17
1.1856243169343866e-16
4.820430619167783e-08
0.51772621457612766
0.50203728080789278
0.51313788693111406
9.5276509759912261e-05
1.0632941534207235e-16
1.1170803798562389e-16
1.0740948279354734e-16
1.1222540814622092e-16
1.0690713493668395e-16
1.4226367828907126e-16
1.1187507681029736e-16
2.4393929027080099e-11
0.52316471365483141
0.49241270335408382
0.51973532769038921
0.29027364691740604
0.35072590842272833
0.47409508906760539
0.47494444639099637
0.49806066949543992
0.47789540459783603
0.49177325599614463
0.49262475609514123
0.47043059956479355
0.50957738515041773
2.9533315439007634e-05
1.6590388522415237e-16
9.9883800699058251e-17
1.0345160372126438e-16
1.1493547573331825e-16
9.5293604172708339e-17
1.5225775239020192e-16
2.4426078541596828e-07
0.53814238597707298
0.48460742982925986
0.28944011955197163
1.5950755504737423e-16
1.4802927488813481e-16
1.7510801859578596e-16
1.1730867280945647e-16
1.1029353186139757e-16
1.0803629337218052e-16
1.1266991245198382e-16
9.9913641734609419e-06
0.5140879782684068
0.52918382039360357
0.49144821631488472
0.34076686797968414
0.30456284370420034
0.50337593045814077
0.506329236334917
0.51319607796708577
0.50942973406939762
0.49998070517333104
0.52475668929457076
0.51050092550404136
0.50807616531459587
3.519703922886208e-14
1.2149958557760554e-16
1.1275561190351373e-16
8.1544102701267423e-17
1.1281374069759773e-16
1.0802368022441991e-16
1.183455662122978e-16
1.7068054594546163e-15
0.47364969685532016
0.47860052986496193
0.50721062099383818
1.4719340891721065e-09
1.1354772292125767e-16
1.7399327793230753e-16
1.0071982574624727e-16
1.1321781202949029e-16
1.1280036419260529e-16
1.2629051175842915e-13
0.51205757482073944
0.48719616242220976
0.51560587578861139
0.49520336573277962
0.31114734247390341
0.28722815863384893
0.50516607561617333
0.47919765896160266
0.50332409028543501
0.52147416084636788
0.52365831940973551
0.47332037018556067
0.50547984413058111
0.44293566925759781
1.4701400562054224e-16
1.1848603103143019e-16
1.6277205094126206e-16
1.1672166694105805e-16
9.6862793490779394e-17
1.12522308382658e-16
1.1001634904598397e-16
1.6855199121814561e-16
9.27480741518159e-09
3.4549131660346312e-06
0.2628812779744501
0.47100416277850954
3.6297382535556683e-06
1.8096009833478479e-14
1.4856217074888742e-16
9.9717297383927228e-16
6.4332176873855034e-09
0.46711059893358337
0.49533309778463391
0.51296463696461658
0.53479322145571173
0.51323696979664357
0.29871077064635487
0.30421667741545255
0.50868284103890427
0.50229920774225056
0.4954259721515788
0.50798917703938828
0.50090239347246213
0.51879263940314302
0.52182694954997344
0.50001556588175444
1.3226052660786067e-16
1.7593150495611491e-16
1.4566483919908631e-16
1.1658873591659385e-16
1.1615698528262463e-16
1.0779065744470497e-16
1.1873917169707416e-16
1.3173212590926998e-16
1.1074108477860824e-16
1.4915902502802837e-16
1.4131882431622467e-16
6.5376559878609669e-07
0.50100358636513942
0.47708141740599319
0.47276082174411227
0.48154765421500501
0.50987540540094956
0.47107904413567775
0.51993270958068449
0.46615561379697729
0.52695077089269726
0.52637844034763215
0.33491722234501914
0.29424116077594792
0.51255426939286008
0.5216668962699833
0.50121694226200886
0.51529010435865152
0.49651418747282355
0.49109342433215125
0.50468857121428379
0.46547184665025554
1.079119938938063e-10
1.2560383216700005e-16
1.1959329207785732e-16
1.0159660599949777e-16
1.1020558488814155e-16
1.1772616312185562e-16
1.0255796767286687e-16
1.1508073433672963e-16
1.6571251761935175e-16
1.093990896807049e-16
9.6593039755044615e-17
1.1816875622022785e-16
5.8028406367797033e-07
0.53778272638956837
0.52126084687632301
0.50017544824498861
0.55550650922801137
0.44085231873371278
0.51762614756435121
0.52062531150886837
0.49531925734023269
0.48474826321436582
0.32740594049009586
0.30077290489686087
0.5078147469056904
0.49342671255227288
0.54269006149179011
0.50642879112288985
0.50446028140325971
0.47466136844712509
0.52746351224097565
0.47058776761140075
0.33306853767569577
1.6492748185203352e-15
8.24383195171585e-17
1.1213920521368941e-16
1.6761794314205088e-16
1.1253536710549519e-16
1.5230908266019201e-16
9.4459456647027861e-17
1.1168807941270388e-16
7.8279898808506269e-17
1.2194444741242942e-16
8.3492232676421562e-17
1.1087888995436316e-16
0.47921560765168564
0.52248879927437064
0.53867296970003287
0.50803587281002049
0.4973526851104651
0.4794798908711182
0.48999549460431369
0.49475540980699306
0.49249046349003867
0.28809036779071479
0.286894687351961
0.50285463615074288
0.50705577937475066
0.53336901306281981
0.51833191690757086
0.47239310450948185
0.49882094310319652
0.50368998571077517
0.48228264834379109
0.50542354907538378
0.40467630605292837
6.6100060672739873e-08
1.5139249769833655e-14
1.1847700975558153e-16
8.5960743606014553e-17
1.059517639847462e-16
1.4093833026813294e-16
1.1239808485427406e-16
1.7489591511835528e-16
1.1400275163453345e-16
7.9587082853662649e-17
1.1174199924839929e-16
0.083794719985470001
0.52769106219171724
0.51060642718264015
0.4941205009147121
0.49808130548884294
0.52286267936361785
0.50813314801779874
0.50476306378011737
0.49606117035292263
0.27230381960807609
0.25250605752012678
0.53648267481994616
0.48190976352591458
0.48645038758060344
0.47706880927236317
0.4656462456958283
0.48559456144603835
0.51060662932209577
0.47947815566519641
0.52090654198650843
0.47943940380124805
0.49777882216130892
0.18974369543193007
1.1468015855235807e-16
1.1268644224059284e-16
8.4961247286563527e-17
1.142105262872027e-16
9.9348464367167925e-17
1.1497177675799065e-16
1.1124198521259054e-16
7.9845017632139566e-17
7.989041221820661e-17
0.0038525954022376597
0.48222926460666998
0.51570989409990831
0.50178365445105477
0.51953570375079505
0.49682341920716822
0.49582573417584075
0.47199821341372694
0.48880669379781261
0.33875385863966795
0.31816372293579487
0.48166635286095699
0.49536303212999389
0.51765973098102103
0.47070088514875597
0.47535776241879679
0.50228976709590345
0.48610246110741517
0.51309772003148957
0.47584634230379119
0.50231790584406588
0.49087920343212238
0.43295057967988093
1.2129006466466702e-16
1.4365830986160834e-16
1.2372229531206073e-16
1.1197676992471926e-16
1.2830073997366371e-16
1.2082196944706967e-16
1.0945756701897276e-16
1.0503671282412572e-16
8.0447465384983295e-17
0.30726637246593475
0.50625336241740782
0.49189021059637794
0.48770701464509242
0.52447589688926277
0.51545886453404188
0.48904508766465538
0.49100421010580247
0.48754497637184185
0.32809690760638349
0.29527019780520519
0.52384871960842805
0.49090441462453782
0.49766609823434771
0.48943992013415705
0.50748859427544135
0.47374466147734184
0.50029845439132303
0.47565980605524633
0.47958904931550239
0.48192200019457337
0.49619204457615212
0.50669950591021939
7.3747075825932652e-10
1.1417801128690247e-16
1.2242957302468066e-16
1.0784303871675446e-16
8.2421457471722122e-17
1.1558909182535206e-16
1.6398365328284595e-16
1.0709769328649856e-16
4.2354515933635366e-12
0.49624801836560678
0.49277399733678912
0.49333639805386131
0.51809954660192536
0.51058899942723046
0.48951884541419599
0.49309519664785584
0.51105073585877558
0.50920177450762094
0.29079595614560549
0.2856120109218
0.4737769115400971
0.49961319519825392
0.52138112753410115
0.48497450109733664
0.48415206208666167
0.53693908661991518
0.47640239447008581
0.48565043173889871
0.49329807501118367
0.52217701452332288
0.51786374410779268
0.53048946855358625
0.44997151613669623
2.1486279688839479e-13
1.0763534489599427e-16
1.1596330104609157e-16
1.0119345748920894e-16
8.2067764560778423e-17
1.1731927188624394e-16
3.1639704633831702e-14
0.43138063551665407
0.45903729915192104
0.4930899666634519
0.50405864141059575
0.49457961591066818
0.50499482432182574
0.52586265672111199
0.49131915799741332
0.52201456095506682
0.51784640281672156
0.31824543971238933
0.27910669526287157
0.50842743704163673
0.4941780908205668
0.47125221605431128
0.49004170354140852
0.51532801939798523
0.49990526413094838
0.4611915763693395
0.53845237421000125
0.48528143483199132
0.50230112293743545
0.5145747565024773
0.48828047590691143
0.51225173122185308
0.46039647381201415
1.8827515371246168e-07
1.1404051477181006e-14
2.3029294578451769e-16
4.691547361626696e-14
8.3353350403641664e-09
0.44101227238616814
0.50259637316755035
0.52871310566205765
0.51924757168903724
0.50570469918581473
0.49997100222681945
0.51955264235476029
0.50253036384214667
0.5057736328116984
0.49133849932968349
0.50339653621645819
0.27918093740458239
0.31321186947890289
0.49213132125303166
0.50317038280105963
0.51668104124802006
0.47180155048060302
0.49385394280133493
0.49038387686932089
0.49230385963579165
0.5058132091289933
0.50874096984767392
0.51481993876471577
0.47454060584760227
0.50193539999057091
0.48606959300231289
0.52797468526079883
0.4901638175222171
0.49773907428520303
0.47947669104401253
0.48824606408702154
0.51489697708610904
0.49802364154396578
0.50483260824715437
0.51423357307548834
0.45567306175326316
0.49280582249262028
0.49175253474046937
0.50282025369487804
0.49741674074032927
0.49513463814981917
0.48901821201309709
0.48361079380347055
0.31241409042498902
0.27713907253553982
0.49089207518595829
0.47493951625007214
0.49976190847510032
0.4723984416689973
0.50424222315738776
0.51192178744634287
0.49100092118076982
0.49105445744909471
0.50587033812652027
0.50707399214744708
0.49123641402218765
0.49112326319641786
0.47434812374019503
0.51590912160010882
0.49800653835274505
0.4663767116111226
0.47608868342613353
0.4751458102200587
0.48166322577533344
0.51319606092959102
0.4801595081280538
0.45500348495187232
0.53212758927225035
0.48836434182331984
0.49119992699239201
0.52193001926706772
0.51161869017337436
0.52528956744171074
0.4731952291112585
0.5368697381339459
0.31272624407365729
0.31148393603818558
0.52544340273570256
0.51772667452522003
0.48095714181440857
0.50758765937960693
0.49873242438007365
0.52100194281626322
0.51772610770646132
0.5380663702797136
0.4929598667139593
0.4804045708424155
0.52176588749057617
0.51265157044752385
0.4772779008183588
0.51031791591754805
0.5185008685450293
0.50784889371249509
0.5162631985140187
0.48557174888415922
0.54185958703500148
0.49664920778463295
0.49766747944098932
0.49411349795870013
0.47956918275457883
0.50379098563186164
0.50960549161830326
0.4901619267295142
0.51347873001799782
0.5052239985637671
0.51725427654175049
0.50398540084140619
0.28427859242943465
0.35177927650785912
0.51265069357995297
0.50709915767836489
0.46803189865697498
0.47520621236508936
0.48124595206205228
0.50489582770046204
0.45788153645767937
0.47660257142651652
0.49627072731397226
0.4852603834044753
0.51461388973029165
0.50122967111277128
0.51291784611783087
0.50191252496239802
0.52967653254030256
0.50747417261550032
0.49108913381666092
0.51166380006617096
0.52487098892808592
0.52628478243796539
0.46728566225893797
0.46670831258777146
0.54410729393935986
0.48062237227222104
0.47787953224171464
0.47942147572618449
0.52604933350016048
0.52153882599610013
0.5226548475794065
0.51052245474382574
0.30765727190747338
0.29660956301281199
0.49422145865522477
0.50973173223741619
0.50181813375444484
0.52399670826008671
0.52766293899089445
0.48776643618383064
0.48989461386662747
0.47863093915047489
0.519130937901774
0.52396270602724981
0.49048288337552576
0.50561298221636408
0.47961331182965566
0.47805381469364266
0.4954278870987287
0.51474718435112232
0.49679724965559252
0.51470242601612048
0.49951004643052793
0.51513477251013873
0.5186456550615226
0.47692622680347302
0.48342083880717251
0.50772935847937861
0.49037059519833309
0.49510633955953864
0.50927846319562331
0.49360118498193051
0.52371148330965067
0.49979156167989008
0.31445312136318299
0.29217536353983609
0.4764168557644734
0.49720895801932102
0.51303613730609898
0.51647078968537574
0.48409600961619703
0.53978292612200618
0.52811094752384369
0.48394142969261122
0.47256966921724958
0.5076083121996624
0.50555187492232423
0.4820793589322398
0.48994461920549248
0.50554626835713334
0.50637672953471713
0.52369306911366464
0.50158036075150103
0.49422732719598622
0.49645870877792214
0.51041052889464966
0.51427551123015558
0.50718626680656353
0.49797290767111746
0.48754785478090151
0.50541618845951475
0.49455315827899898
0.48046906771769621
0.4799001109467983
0.52928093990591341
0.47945894750773915
0.33986760226162355
0.16813394584252034
0.30001771567136076
0.30112836806802179
0.27740912045950777
0.30024842631551807
0.29227584689322111
0.31914097993683638
0.33528220306360673
0.26641693886071577
0.28620554612989652
0.33666619771503353
0.29167618689817459
0.27605852099439848
0.29105677210695008
0.28759237468199672
0.31222900303851026
0.28012128740867409
0.32058728128282421
0.28733685643273238
0.29837393695920722
0.29172996592688522
0.30819300326142468
0.30109667559026726
0.28290975254591011
0.30428731899520822
0.35527073955179389
0.28355520587025068
0.2863326693204355
0.39435857401187169
0.28846032528685916
0.30326492815519462
0.21924929231161139
0.14332280699858108
0.33230717061553633
0.32532224175552038
0.29803889680250811
0.27319809944657375
0.31818754934592314
0.27788673475137271
0.30339656537276594
0.3362623586219689
0.28571700496083391
0.26281891408014957
0.27828807330750249
0.30370653558893068
0.25799079794758967
0.33186123634480169
0.26958570267993304
0.31015463563682899
0.31940744646222957
0.31959462844863229
0.26917950524479561
0.29609343981655739
0.29857072056485129
0.29748982308228067
0.29850236152194476
0.32305917233954867
0.27375443840676084
0.293626698496676
0.27347673123657046
0.28282924649448193
0.28359576468869507
0.30740975965682221
0.20721513434855074
0.33604700864745418
0.46521958979997358
0.47521523928286014
0.5025128392258098
0.52277140207784456
0.50085619424891148
0.48278985505935362
0.50150977270598007
0.49861510817251037
0.50175567801775955
0.51493276543447708
0.50341310829566388
0.53834383914572814
0.49842346235857576
0.51957596782695892
0.50629122059159837
0.52091174714127841
0.50770888614508081
0.52391825285894034
0.50843104565306596
0.49384921565875267
0.50245702254924784
0.51355478323736392
0.48571616675931778
0.50359252352772532
0.47726462487833632
0.52346146634512414
0.49337466949044068
0.5075954214519024
0.53455485210768838
0.50506641062152546
0.35097309472954369
0.2973490630314809
0.48164173443565095
0.48917354720562339
0.5449143840760271
0.45751934032975361
0.50206148878220735
0.53352126667403588
0.50464455091171634
0.49467003174573837
0.52575992839120778
0.49801647688135153
0.50078007855743134
0.50260145925240884
0.50953088778623534
0.50737200399313831
0.53002625235802836
0.50681236035405519
0.49487506496919209
0.5082588070650651
0.50264488994547873
0.50549973787696401
0.52450945698411544
0.51880648132588147
0.47678059092414121
0.48318046300652379
0.49104445582087247
0.49071064808087123
0.50781470094057035
0.48661696091368006
0.49305644256908548
0.51745220739954756
0.33227392779995779
0.30940475301358539
0.50353658410306013
0.51325501504978754
0.51048955809575403
0.51659144219908093
0.50077533080921088
0.49941891528165772
0.48945573590174041
0.49169546496502986
0.47379388700070707
0.51380966940913353
0.47956654126684639
0.49170482455687636
0.47247788177657335
0.47559561638334202
0.48775868646738918
0.50889305924308736
0.48748209595695019
0.48659882717936614
0.48288790542544063
0.50990489649716109
0.4915654074667527
0.48724348387942412
0.51395206205214061
0.48723469270813302
0.51387354098571969
0.47441991689313107
0.50002964688750162
0.52524612366838874
0.50343325720936172
0.48712340503507595
0.30469297153217828
0.29345761273243937
0.49250783325504999
0.49717885560460062
0.48073674370945374
0.51826047367520245
0.52229521759071995
0.49614459555610502
0.52282199830450793
0.50164893159885826
0.49489438194092233
0.53269093757828878
0.4932312147094951
0.51275603038468487
0.49398494056465864
0.52355260914303248
0.49520718310101092
0.48989943616975801
0.5008246219657021
0.50874525885472932
0.49941105859592166
0.4874897431561111
0.52595034689198661
0.50024910564832947
0.52258845431812584
0.51288202649559955
0.51763423827370159
0.5273453948956035
0.51954717999206868
0.50438869543754883
0.46002302246150106
0.49049752206474578
0.28907265897843293
0.29153504078665693
0.48345710051251595
0.49256747112999133
0.50183807197727326
0.49137866792880175
0.49407188783167238
0.51173586181579311
0.4921265513316086
0.50378398394936308
0.47315612686828473
0.50625882640782105
0.51251580631331162
0.49153708113532163
0.50655773058387543
0.48807242612153673
0.50641067729559697
0.4976426670508865
0.49214779960991767
0.4977092342529339
0.50574479495457558
0.51618024140193963
0.52233862376784879
0.50702343209193568
0.51135944317659943
0.494016113484121
0.48595281866050244
0.49079827282148497
0.49613799329448721
0.44625039243625869
0.48661229220948243
0.49480286989692068
0.26549764994261738
0.3423517569874942
0.49347750051619604
0.50349805913492351
0.48479373822657362
0.53736044032464192
0.51089247457135045
0.49194177154146657
0.48561627095680993
0.48445579254018334
0.50414861105296505
0.5118922211242839
0.4931976921581403
0.48305753648954547
0.50799217467787738
0.53408491126417701
0.52435952287524956
0.53119572805548732
0.48293149526121565
0.49149967227439245
0.52052650555832425
0.4929359655349751
0.49342507700038168
0.5043059077231633
0.47553145639093769
0.51037585731286539
0.48143737163057987
0.49329955797368741
0.52652041735435029
0.50320033955897847
0.51052982288633653
0.51461079719472669
0.28282059097466755
0.34187175816193266
0.49894871463527424
0.50396552109685278
0.523068832168331
0.49903982337386221
0.48934823946814177
0.47736063562196696
0.52309507908866204
0.49197434725065248
0.49726544350042096
0.50615666636958567
0.49732693751954349
0.47293078219015028
0.53105869457967536
0.51914344732002593
0.50309543733331408
0.50338915820603902
0.5013385270379197
0.49471311020059261
0.48796122896247562
0.47924949308277531
0.50814094772944407
0.50232700645434514
0.43691166609261267
0.44048248651197408
0.50726688313694612
0.48488859211896185
0.50365072313425752
0.48575579839346711
0.52153499228392808
0.49985371868292267
0.31387183794913653
0.29916108995529295
0.48536199401136126
0.49262015174065671
0.54194355929361293
0.49658247467645839
0.49098291565961871
0.53882126969096944
0.50201298428342012
0.47981468268223582
0.51195030080328763
0.489891705006337
0.49871526994564525
0.46900578228933637
0.54821153191785932
0.50581610295419788
0.47529472965747677
0.4991114224532
0.49211266396777792
0.49121616898070197
0.47405628942770422
0.52736255814552069
3.2233578951916998e-06
8.9503550252539855e-15
1.7437532129309563e-16
2.5628894042983011e-16
8.6326908582637371e-10
0.44728339644013221
0.49034928945939987
0.50302674675064085
0.48312973843386736
0.47868487819320166
0.29805947638978653
0.32283528537470801
0.48979287552565559
0.48368935272756547
0.51918839984021325
0.4890584187119294
0.47809765643602997
0.49946238680578736
0.51057887297469218
0.49207958675116964
0.5011880696800094
0.50298521380726058
0.50011902470522984
0.51304818472537672
0.52088378458055984
0.50822913985822593
0.51101994403089046
0.5183414844880011
0.49024413132581579
0.51657008849233366
0.47919031700420106
6.6851471469409783e-09
1.1114899855913984e-16
8.3607991157050278e-17
1.0337077181415227e-16
1.0618347378584488e-16
1.1342221212765652e-16
3.4671038486652438e-13
0.49376337130981507
0.52213137655882835
0.50546769199091734
0.53703188278463165
0.26080144058342786
0.27637125233863397
0.48617474246124454
0.51434963621028973
0.50697689631709764
0.50100256096414308
0.48617433996943055
0.52929869746581804
0.51542097005147691
0.50771813193827053
0.51373243847455352
0.47032019998810487
0.49438936179240639
0.48743286799227442
0.48802382976445746
0.48761963422874488
0.49225394299382175
0.48961384788343432
0.50386693728487375
0.5411039303466525
0.3910330126453343
1.073036228998522e-16
1.5340879541288635e-16
1.1631268220581976e-16
1.7260869458127808e-16
1.1622969238653276e-16
8.9513310409659974e-17
1.1604467886690202e-16
7.1675391484677054e-05
0.51643220853038418
0.4744971383763254
0.51466463206415236
0.27394474153235021
0.31680954119905269
0.49274752733541638
0.50017157255724976
0.48708604136928091
0.49711840072835956
0.47365026944989475
0.50198132301680309
0.5112444638630731
0.52304181721002141
0.49950098180011471
0.46199360740473688
0.48271522781900705
0.49060582036063
0.52410419023718602
0.4961641714864119
0.51536526006967709
0.53672412611629872
0.49027275890303273
0.49435455840957326
0.0038426043167358102
9.6876728864577245e-17
1.1482266113752623e-16
1.1592218212153056e-16
1.1900845264946133e-16
9.5564317829076438e-17
1.4333791497303504e-16
1.0819705140673914e-16
6.1729695709948749e-10
0.51147316410349275
0.46972046748618873
0.51223224245701093
0.27293580403044598
0.38149491368895966
0.52431209553144786
0.48867429060773804
0.51172786297502626
0.50790522028288299
0.52680759918780107
0.4972753932149071
0.50059671354462154
0.50580381076303449
0.50223726694404236
0.51461940084101032
0.00024721662405022087
1.0473807511360134e-09
1.6764223359737706e-10
8.1387607982863668e-06
0.47991042077145402
0.49261300898044252
0.50118883049912299
0.50146615188147436
0.0025982660042233371
1.67916951176954e-16
1.71700786814817e-16
1.1398824168311205e-16
1.1153420201725979e-16
1.1337973004400631e-16
1.0798416351847627e-16
1.6008624191253244e-16
4.3181835624610805e-09
0.50092835949494496
0.49307429974563627
0.50643574146706705
0.32308490044419996
0.28396747220769225
0.47969209567883436
0.51770212959022333
0.48922289626397075
0.49457185049549812
0.48717358220807844
0.45911744602906862
0.48499536974113844
0.50561732858188069
0.5115688975748568
4.1894154596685875e-08
1.1655304667824587e-16
1.1768841682566859e-16
1.1743779696512536e-16
1.1246078569917126e-16
4.1485858234639557e-09
0.46468532161288928
0.50503919326368441
0.49867178757486968
0.47093869593599785
1.1579666641403935e-16
1.164420034784216e-16
1.092195314445537e-16
1.3376191628190055e-16
1.1592094738409417e-16
9.8269308350592297e-17
1.1583282286062551e-16
0.0024889324413258683
0.52034965966781932
0.48635965881364451
0.52559919742077843
0.26736466363515721
0.3358945597914374
0.49460536131536209
0.51376678193478742
0.5207467989236052
0.50519494414327903
0.51013527173216366
0.47936982861633365
0.51462948268847919
0.52052061656903226
0.1508737933385281
1.3532815042544998e-16
1.46099323498457e-16
1.1158246919228301e-16
1.5981645049425663e-16
1.1240360164509046e-16
1.1155431569182785e-16
0.0061579860427618946
0.53818962461281916
0.50681087078487175
0.52381301471030917
2.096157182487016e-07
9.6413167024357668e-17
1.6551800729951777e-16
1.0641988609497311e-16
8.5230754685557966e-17
1.1878043681581307e-16
1.5533239720505296e-11
0.50443105992036885
0.52199173614612682
0.49200998603273288
0.50737692183585981
0.34096000228781137
0.30008148428307485
0.51675465884351246
0.48349494147306166
0.51178708630184599
0.50439008582475964
0.50555410605436535
0.52516541320905585
0.4711862821877853
0.50913589156411243
9.0116077615971395e-06
1.1737374290088167e-16
9.9553635594097431e-17
1.3376735640717995e-16
1.1215752902401947e-16
7.8550558980999168e-17
1.0539155210103184e-16
5.3666715150881009e-07
0.38127639875744895
0.48922824999748232
0.50008821463196795
0.51082779807475887
0.0027514129187621865
2.6934499180796708e-12
2.0767755305932808e-15
5.6319786060142101e-13
2.0044860239760122e-06
0.52367750842298411
0.50010746626583846
0.50885486157713999
0.48833438353573838
0.49407223491778551
0.27846963065317176
0.30452364879508337
0.51604225572762019
0.50376050030885866
0.48776005711006737
0.47080893528956602
0.48882328641066652
0.50987589177593917
0.52096258988402422
0.49914537478805659
8.9071829578067632e-05
1.7383000671148534e-16
1.0488247015940469e-16
1.1830490613092002e-16
1.6025240706357037e-16
1.1755575236054747e-16
1.1622286187505541e-16
3.8508581807986791e-16
8.894799043362105e-17
5.0955241320016003e-16
3.8376872338051806e-09
0.45758348946243288
0.46903468573531909
0.51405710083905631
0.5160193620159591
0.48546344644401979
0.48637070619926559
0.50844686316353205
0.49719500919661236
0.48513403499237162
0.52280757043114423
0.47834212534463322
0.26136654661789593
0.32058090397719319
0.47883629593879701
0.50254512168689014
0.49519261085310545
0.51321445872475691
0.47040607172722404
0.49299338125154957
0.47585634808843186
0.47181822669449108
0.42650444757966333
2.9234049871591588e-13
9.8420999696899102e-17
8.3674089205047624e-17
1.1207171035304427e-16
1.1490361891171892e-16
1.1692783975508085e-16
1.2919349976980045e-16
1.0601277347923256e-16
1.1894621135710617e-16
1.1718150116378979e-16
8.1461776703765289e-14
0.43666692633015597
0.47345972551468285
0.48986132260630189
0.49291119109528464
0.49985577628952604
0.51060543570047479
0.52928784042005328
0.50419813718462614
0.48819640047993046
0.51225618535586881
0.35447359494963188
0.32329380557137782
0.48413970929494154
0.50717640581038492
0.4970508078556426
0.51724372407114527
0.47328260858774424
0.49596983411037826
0.5029553617057958
0.53529418647665461
0.4900785908671686
0.13079319485774066
3.5783125358522243e-13
1.1013981328580534e-16
1.6953750044532881e-16
1.3099608922432017e-16
1.1635373760491199e-16
8.7674837900147569e-17
1.5967711605634847e-16
1.1811909279246424e-16
1.3813237674692994e-16
1.0574056841610564e-16
1.4939732678372841e-06
0.51735416440715409
0.5178938272511473
0.4987057606524859
0.46642852216190317
0.48539909087325811
0.4552571150073258
0.50008004796527694
0.49471071289467994
0.50000721060215325
0.25354899146680637
0.32289970405956686
0.52778727337392706
0.51099877885038381
0.47089780148716498
0.51092202963471856
0.52798923005058851
0.52601190321592561
0.50277566762830006
0.49489244061156429
0.49157063782468069
0.50254577786736165
0.44613583744099483
0.13418199639028713
3.0835009989611899e-11
1.1160103738932544e-16
1.0667086079997126e-16
8.001904503332155e-17
9.9730667884208835e-17
1.6707505725900839e-16
9.8186698565985722e-17
8.7541119451498563e-17
4.6555027748050222e-12
0.50827165751126002
0.49510723150567304
0.51271453146229162
0.53042111086560217
0.51385356897674395
0.48445258792557483
0.47612751416735027
0.50812243314097316
0.51093622365245139
0.32297747175813429
0.31379847809161004
0.49532009977906999
0.50870141548982239
0.49249187706066111
0.4718598146478587
0.51497705547868955
0.51699982849705273
0.501517279425713
0.5073085362906431
0.49807774194926097
0.53505859072985085
0.49612883002938901
0.47664109882473693
1.2894610499700124e-11
7.9950150754569955e-17
1.1253281244249671e-16
1.5157023879534239e-16
1.1511655652470029e-16
1.1764803317477405e-16
1.035921018442972e-16
1.1741057355856647e-16
1.3094884625084442e-13
0.51196644825462578
0.53714852827413639
0.47657579671651445
0.49178714454471223
0.48024083072208595
0.50910405421600036
0.5036392042763429
0.50008835908164506
0.54196282041986021
0.2967859305542182
0.3016370282451486
0.47538324173033386
0.52348637193548797
0.50545029810850217
0.48705852155287616
0.49651845216199836
0.50997160019288645
0.50617735788532925
0.49413985038449088
0.50299805069322912
0.5221424408230172
0.52054164276263781
0.50499746352551089
9.8003751824379536e-09
1.6676522360597357e-16
1.1207964802171481e-16
1.1920773258404929e-16
1.5733785456194034e-16
1.1787633872145083e-16
1.7647421221552309e-16
1.1714955126555772e-16
3.1247018957335719e-09
0.49602547896794125
0.48161459086069924
0.51587728299616953
0.4993507291993059
0.49370561041437161
0.49111187969201892
0.52237921234860529
0.50435805600930128
0.4761874460412891
0.32031221632857232
0.32181334984932292
0.48617825047815411
0.5112991547238811
0.49852572887776458
0.53241171948372124
0.49627089871043212
0.50631272484713929
0.49317802384562653
0.51433454288248526
0.49855210495918534
0.52621181643486292
0.48880293876012082
0.51548765366346239
0.27363042684064964
1.4569192588728972e-16
1.1292546004442534e-16
1.0809257674467205e-16
1.3027978534851528e-16
1.6831770741495427e-16
1.1227332699077147e-16
1.1784385564746334e-16
0.12800213316793707
0.49778943002773302
0.49531550756625126
0.47539766378348813
0.49240832941096568
0.5274936303825587
0.49816166309295767
0.51610055388342535
0.5079371415496069
0.48211743445917765
0.29392993630708936
0.27347108237989476
0.51316892610781228
0.46718898256311747
0.51423281976196822
0.51700198832609801
0.53235146492478036
0.49949583960299226
0.48706295210697909
0.50086297273065927
0.50776639833002668
0.48143072198359776
0.51227585917305041
0.50417888659350496
0.4862253508042344
0.0048832561523399643
6.6787737712480256e-16
1.2543537655613364e-16
1.1783539846087861e-16
1.114663212456988e-16
1.6609026191672786e-16
0.0003852499349437028
0.48262867236272211
0.50653529729138091
0.49996611538847496
0.4859296319830973
0.52827140195902489
0.48510520940420959
0.4939280765807138
0.48780437479901251
0.49563222934518802
0.48790062186942051
0.26287761206011928
0.34732444853766264
0.51458863799338161
0.5081905363445296
0.51609687467284548
0.51614257320862322
0.52024624021978738
0.49682097317345503
0.50403657608942054
0.48526178256125413
0.51035456459610651
0.50224144156518147
0.48845001364908336
0.49141989124129987
0.49810106055508485
0.5158005832285939
0.38384392335979112
9.6637546072064198e-05
1.3204309097150033e-07
2.0839900993010836e-05
0.3873194295779393
0.51297547115540398
0.50788178043162779
0.50382302421712477
0.51393636293055378
0.50346093913346335
0.49153795777217957
0.46797532416418386
0.5234338838423489
0.5131458390883713
0.52850488252058536
0.49990081777476564
0.28039860244304987
0.31801718565420167
0.47851419603956735
0.51051731945256462
0.51699593679361122
0.50036778196495957
0.51259546085510166
0.47992891025116063
0.50883861618890636
0.52369229769508729
0.51113588598768356
0.51160646500964924
0.48574340528481619
0.51964787173118177
0.52120734705317351
0.49116403441535017
0.51885858486801328
0.49112029103656757
0.49984449406050746
0.50523265455716149
0.45076839246006895
0.47093992155474207
0.49937360467190683
0.50352448376182068
0.51695071879671317
0.48661741140962467
0.48469627060580056
0.52327520857729359
0.49624598726501995
0.50269190006633291
0.51689990968620714
0.47692789592682067
0.28287607229353079
0.36467128052787273
0.50591588912195484
0.49818881902340939
0.50357962139240409
0.49044274216828393
0.50800779889287873
0.50990178807184627
0.53654295754667192
0.49353164002879951
0.48437854251035439
0.50042394626632858
0.50611165136232938
0.52420987213786296
0.5056660571713103
0.48230860804082093
0.50010155451679061
0.51497859812343671
0.48297554118159736
0.48919903390723768
0.49271078655962836
0.48256148659053438
0.50750755821895832
0.50594097449488196
0.51070639286627728
0.50793371999165149
0.48240390220258678
0.49020199680944399
0.50325110024925612
0.51515418066087149
0.49067835259883785
0.51537659885796439
0.3351551650629554
0.32294091288377291
0.48294180252507263
0.48126037924778581
0.50230881943181616
0.49628486685090195
0.5059548609952651
0.47081488950541289
0.47991165931385144
0.498851317436734
0.51416822018580277
0.5308237137290831
0.52625986307105921
0.51674788030597163
0.51471665360024699
0.51070431358022594
0.50290164461031506
0.51977856292948987
0.51792693251203148
0.51709948298480912
0.48678103250488358
0.50528954528325376
0.52498428997922009
0.49613751516436772
0.51571912421967381
0.50780888349124043
0.51042870408973495
0.50568037886164519
0.48979846447635655
0.50101763068879379
0.49233069466071677
0.49266633041321406
0.27386286162472284
0.29743751572788374
0.4952677845419563
0.50976187559311681
0.51007783292016828
0.47748396751353783
0.47455083693913869
0.48536097072104589
0.46965229411850784
0.49162301655206531
0.51535361265161994
0.52196343050012428
0.49801555723487967
0.4740620872595066
0.49195291055572643
0.50917645763925012
0.52309010589921801
0.48453185512362451
0.51520447676391101
0.51687560100129548
0.50978627214154193
0.52274149812990045
0.49383447384222429
0.49231602839542188
0.49330699887172091
0.4922111789279785
0.45774255487211302
0.48481786901429241
0.49328438761702043
0.49003308865243894
0.50996965983532228
0.50216534046518457
0.35019045370897633
0.35900354220190211
0.50829192905960763
0.49562839777692519
0.49353095596621727
0.47650490244297938
0.51506355958982575
0.502353836537061
0.53731196258483727
0.50634461827969701
0.4863005196732692
0.47036961808670225
0.4730487685098021
0.47940192539617837
0.51778670668643589
0.53640481092599002
0.49721824434396666
0.52104008991818351
0.50128333503076328
0.49197709503345188
0.46344596430575591
0.49098666229793786
0.48350317492648354
0.46704374905367108
0.50908218831663721
0.48750580615739636
0.4923182972925837
0.52533759109501266
0.50868154694062329
0.48894809200408962
0.5025355801357263
0.50427307378626796
0.30496462939354918
0.34446716286603846
0.51949406861119096
0.4982396411639291
0.49868224323387639
0.50145591032924486
0.54704897612459158
0.52837463699318177
0.5011336537177451
0.4979725115246264
0.49301315179638144
0.49857584226701607
0.52796806462473012
0.48330026713152141
0.51146268831215891
0.48412388844409376
0.52808607174889555
0.51685507402676711
0.52913974748891635
0.49963189610075304
0.50058099228421593
0.47023984751289732
0.495752040782106
0.48937941937251855
0.48225665335328616
0.49197418645672614
0.52633190697930377
0.50530182394515277
0.46738284010931025
0.4863289867276771
0.48937105914134127
0.50085079516247388
0.28757224145913096
0.17546551292597645
0.32839332762406809
0.25450323444781758
0.31362927465103074
0.27992472766011961
0.30547666331561352
0.3018393605705279
0.31831063033049578
0.31404264069555149
0.29673022166484136
0.33572241497700051
0.2928907454616812
0.27192755312480799
0.28054750707947729
0.2571562972671444
0.26495235879326223
0.33954276248529003
0.34575772440505276
0.34987343288192085
0.31719166342273414
0.26242748215151573
0.32985846411244624
0.35450692912240472
0.31662409375465983
0.30793079575676352
0.32836311713422967
0.31004286329194497
0.35079551224970185
0.37517776363540573
0.2772132330807916
0.3218615547513507
0.16153277460010687
0.26014553117231359
0.34398257962324902
0.27651307489949717
0.29990348223334651
0.32371487738961341
0.2919478280951957
0.34984305244339781
0.29663769805417473
0.29341504805759588
0.28225757837120991
0.28047295380986043
0.3134518072184308
0.26915962203739907
0.30564331931138516
0.32245908112068727
0.36992943759621494
0.27568348904392109
0.33311164603371596
0.2615078664299888
0.3106557353983837
0.30512729130929295
0.35122518466489888
0.29821881052849653
0.28352535925082095
0.29063125159947639
0.30299736617146433
0.29392473925784796
0.30891708107371851
0.30760950508392743
0.26798150178871222
0.29585817314915192
0.1945883914728429
0.3078280366833141
0.49404553211976665
0.51253171369935102
0.50804790711681036
0.49156696168939273
0.5016176720641079
0.47410805390502458
0.49154723230937197
0.49755066376975432
0.48798574583580268
0.51047581708761935
0.5203239693975299
0.5056040369083743
0.51184019269379466
0.47070697893921215
0.48424700352810363
0.48195444880311639
0.4774330198257416
0.5275168285094991
0.52194699278680423
0.50802714467499155
0.49131845149668152
0.53533617987817739
0.53552437710073131
0.49872452263375133
0.48518507652132919
0.50229797294571987
0.51340933752058981
0.51399387986203238
0.49094379535716653
0.48291963545500594
0.31134195680248455
0.29964794028257274
0.46924840206431861
0.49275605796500555
0.50144998379166295
0.50015459145017982
0.48117018541383788
0.49206888131149712
0.49517981681251128
0.49544094323836019
0.47078281112916193
0.5369735644033844
0.47929699130173997
0.48513482042567097
0.48971883153876128
0.51783285025190562
0.50665777586465288
0.52069027923275057
0.48387997685413736
0.48860042331842368
0.50447335538073479
0.49037052271478837
0.48395586239617261
0.47840001587678188
0.50650128883499723
0.501097663442717
0.49161190513642122
0.48245516231801561
0.49446735415702148
0.50571634410876931
0.50818727211214676
0.48642958325074087
0.28329429132391554
0.33818504027310675
0.48401161695227712
0.49691226543761813
0.47150235033383725
0.4889957704955451
0.49868285702594051
0.5075394969184398
0.50695468186355308
0.49506205591176705
0.51264962757751353
0.49358535945265153
0.49884729581984572
0.50886334287573354
0.49238128847806856
0.53082084794216811
0.48614094856926288
0.49115945640261843
0.52380807533127816
0.50631282649910681
0.49032392263815722
0.48155470067938483
0.50038963204214193
0.48397284388989203
0.50692665161838701
0.51385801895714289
0.49920809051938647
0.48241115836364723
0.47889748115340258
0.49846116126237638
0.49823555944043924
0.50172756697051002
0.30488629234153469
0.27446028952846141
0.50394340208045652
0.50792044598705655
0.50146663897731847
0.52021228204683745
0.4764171395936343
0.51425361110294232
0.4855383345965153
0.4934403896806091
0.447015379969672
0.47687292474052456
0.50516602807022082
0.46488732133537602
0.52078368214594029
0.48552864100001192
0.50185396451334152
0.49399769237383961
0.47836901201350152
0.51851130461978157
0.50833723657767138
0.50671697967246099
0.51532196039198619
0.49876161597310764
0.48938713266388562
0.49688333973400878
0.51832183619517391
0.51831231282444401
0.50014356747676136
0.50681787147180379
0.52299593386912124
0.52912070945886724
0.30499996047139033
0.29566767482713091
0.48706602812696492
0.49058978932288883
0.47110058122815751
0.48951374081289872
0.51749784232787333
0.49000854339262989
0.50638984783080554
0.48154923328765159
0.53940064670913035
0.48744167557077178
0.50050409087480663
0.50417326705150467
0.49623223873375416
0.49153314370019607
0.4881125499089094
0.50249487107342794
0.51112101831354995
0.47887702984229419
0.46711863855578639
0.50719050131402454
0.51254140736082276
0.4819203376817508
0.51740444732347901
0.50664163520439476
0.49903210918810564
0.49076486051367463
0.50402779841018586
0.54996189499358594
0.53222382864313533
0.49508737296174704
0.33956748672024778
0.27240783180851025
0.50187558983601588
0.50325026776121051
0.52408482753238672
0.54076774686597995
0.4874162184461337
0.49814324440424629
0.51263383799920781
0.47670968421969012
0.5104576251841707
0.47941184157781674
0.5020672019069804
0.51512562332125345
0.47804102857677533
0.5327381232609153
0.51705674802846502
0.5006778414621641
0.49651873768434679
0.48243461972334617
0.48698896676427
0.50542267840747224
0.49820304620143613
0.51605300478220728
0.51617784617242124
0.51393738901518704
0.49642447814660834
0.49292927918896645
0.50637414389193314
0.50513131982583692
0.48205160365826127
0.51372570380597327
0.31547167059966386
0.30106436304955553
0.49684046285080247
0.51778958361893601
0.48626578702677153
0.52505655658025663
0.51789643187201029
0.49476293344188715
0.50285205761632623
0.51905903207039683
0.48547393668301753
0.54974188566491655
0.50446436404932271
0.46643431033042088
0.49665546801821114
0.52504628042084822
0.50334958224672377
0.51353304392577259
0.4995558715069412
0.50623293564380023
0.49358203581112214
0.50859251496253277
0.50639156576176092
0.53103419909170246
0.50939966571097939
0.52761374801358485
0.50396612048913736
0.4641378064726277
0.515126333316
0.51344149122021998
0.48179093542539836
0.5058433672586311
0.33110649372775869
0.30593283356433809
0.47405563933457667
0.49875186718468084
0.50610401322434606
0.51044858534509818
0.50756752086438883
0.52676273179499633
0.52820392559299356
0.47324590494116442
0.5215348630518315
0.49128993105428564
0.47885989486243929
0.52307751241380041
0.50851384654612042
0.50578814413634299
0.49668893937877684
0.49787529890918381
0.50111176737307572
0.5057570855189053
0.46311969105826828
0.50239240556169318
0.39299529458547089
2.4064189623356435e-06
1.2647189558722923e-09
7.8965127921210021e-08
0.26862841556918676
0.47410482421875472
0.52814309069214593
0.50089140946406718
0.50694692088613413
0.49521325126286514
0.31428866002783856
0.2936231768104916
0.50355896719231452
0.48041509934871146
0.51582408608121344
0.48836285512235833
0.51142642536510075
0.51090276145434288
0.47075288877528182
0.48666868839862903
0.51141475095189215
0.51309583896213862
0.52116017515924173
0.48423708751279643
0.53294581538581121
0.53580158922319587
0.53599915941562215
0.50029778406769132
0.52788963649610732
0.49114824489599085
0.50341168181615947
0.24500356567616557
3.659763135953318e-16
1.1728152731308868e-16
1.503095241229183e-16
1.1555407782207416e-16
1.0870704572113016e-16
0.00066806204880593995
0.52281920116020475
0.49470834026339744
0.50699913138071351
0.50252480123141297
0.304918119051312
0.27872709650774741
0.47873570918777736
0.50347767085299044
0.50049140803475689
0.49348707007602272
0.49564511016508217
0.49129355121773877
0.47541747020611064
0.51595638358663487
0.52672569855913121
0.51522087577541853
0.5211544210479877
0.50929726080106164
0.52649419920074536
0.52286525368486181
0.506872968719707
0.50166382793861131
0.50315574697758136
0.48795495941987826
0.48638683988466469
8.7230352676607286e-11
1.1326589946333377e-16
9.3500077709102031e-17
1.5239965280903326e-16
1.136349102453465e-16
1.1261509685633576e-16
2.7740699984457962e-15
0.44692807008423985
0.53473755074809282
0.49771070191682976
0.49525494335193487
0.28109786869718267
0.27437462284153136
0.47697269709570389
0.50048548221743394
0.47725195054591468
0.51734827682396889
0.5049162720929915
0.46429501960109071
0.50184724334084851
0.50046432333302826
0.46077615383426557
0.50811546902349647
0.49832799774250625
0.5036721673477037
0.5057138953301954
0.4820307816444423
0.49115665571966988
0.48679439423553922
0.50264496849107954
0.47698876087193448
0.47120206720316848
7.744049816701283e-16
1.0464498530643294e-16
1.0960885771294867e-16
1.1443142001713493e-16
1.1201853591889579e-16
1.3991977992586796e-16
1.1806003125237818e-16
0.2279901161810523
0.49459854299851536
0.47154430466303343
0.50111065767097984
0.33551697454379975
0.34226010930608647
0.50249380732491611
0.50330588024301637
0.51986043431738727
0.48929747683138458
0.50320179881583982
0.52860004135751504
0.51292591882274563
0.49108360222741759
0.52703953385881819
0.51869955253646827
0.50923020859571511
0.5008196223961997
0.49734043577540793
0.53929865072849437
0.50106630424020993
0.47865849891565299
0.52119016759227832
0.48906125577016651
0.49770885087246713
1.2122583746608472e-15
1.1328169288998365e-16
1.191482921467088e-16
1.0692363840693729e-16
1.1266688460686689e-16
1.1714484838933216e-16
9.8424001482974315e-17
0.21449993318020863
0.494963097998318
0.48281675956008857
0.52215933218155719
0.2548804701635411
0.27775728755952894
0.49227679554905385
0.5114559842136992
0.47725865895910941
0.51258497635633415
0.5082012896008814
0.46215648610926224
0.50962410907342182
0.46237327942002932
0.49827872814278484
0.48154502216723855
0.35138804689035141
0.00018376016744302157
0.00015878906089917245
0.28240502740062734
0.51237195685336434
0.48771775427402286
0.48604042954719551
0.46680142291776833
0.48952278779214076
9.7153208231144705e-10
1.6530545387177939e-16
1.7524738465926409e-16
1.6557028882171359e-16
1.1572288819145737e-16
9.7242019933405777e-17
2.0658022601282278e-13
0.47302716239862469
0.49789918864432792
0.48691575997828496
0.52772687404100316
0.30497783795444905
0.36159878871603562
0.48858035285714219
0.47802679065030423
0.49955385448336098
0.51143880949906406
0.5097615937531873
0.50036033627613552
0.48845811406256384
0.48466559675994586
0.49465787503431674
0.39796952318518941
1.102911200679585e-07
7.3018393377962613e-13
3.009296226349429e-13
2.2579928409471679e-09
0.41119160736929156
0.49801829277870302
0.49091506859105977
0.52001841308413177
0.50090310591355425
0.37909261162938579
1.7197120925929515e-13
1.501559538760983e-16
1.7606654176426432e-16
1.1858573873755924e-16
1.3742780510090347e-16
0.11616124095087185
0.51867545176578855
0.53295044070466313
0.50296177669997411
0.53093593655541549
0.2800420920054989
0.33081453161182772
0.49593903810331708
0.49476991743650489
0.48244295213310484
0.48598931338740226
0.50647561175019673
0.46392462148165881
0.5253381002509433
0.46838420837742317
0.50320121674543439
0.1200107824357389
2.9788528604018083e-12
2.1923195470861976e-16
1.2624252190512206e-15
6.1840435486372109e-13
0.0080207004564826351
0.51337626975469841
0.50310103387387051
0.49179528917782889
0.49334995889891298
0.49771854012196931
0.48389308362260697
0.0022982110834464317
1.5840335461470317e-06
7.6425413642999316e-05
0.44513658034908071
0.47419959774586395
0.49976554435718501
0.52141943102839405
0.48151657137811155
0.48903264507871658
0.34126384170348295
0.33430468244671802
0.49926269560526915
0.51408246723924123
0.51436804489458277
0.49485843308061361
0.5275385680139919
0.47759835275174001
0.50255405981445167
0.49181616949513129
0.51435083459401265
0.19964519707508596
7.2696573734388898e-11
4.3898156612234176e-15
5.4626012139666719e-16
5.5206853114759448e-12
0.12556001295199118
0.3100232887687418
0.14647798095498318
0.25182550539148674
0.5000660316630815
0.49158752721029314
0.49341969979943062
0.48953332407853178
0.50361235962257134
0.49458239588289499
0.4945267592005636
0.48317457989719326
0.48408855101642945
0.50407937254160229
0.47481626401407528
0.49458311602334759
0.33442701882527814
0.32468970531506725
0.50612056599314725
0.51098204115918378
0.47492200860650824
0.50664667195993907
0.4960338302569483
0.52639653851924717
0.49602304279299336
0.47528429539352374
0.52658772901210615
0.48360339088840376
0.00033575823230113961
6.4939030775624817e-09
1.459270373721057e-09
9.5205952449086865e-05
5.271648443850802e-08
2.3992871569887464e-15
1.3920141102034567e-16
7.3077842454553013e-16
2.0472333922087532e-09
0.43302360857471084
0.50177441522269095
0.48950847001751585
0.50067661406506692
0.48819432745543906
0.51167070340537502
0.50020891574096571
0.4931787397044412
0.51439968626582866
0.46501485100057682
0.49771595793175682
0.33519233199182086
0.3062007461846627
0.45654698741370997
0.46868478674720837
0.49127038304666226
0.49214415273441381
0.49965796563289228
0.52486588843865334
0.51742256189368874
0.48026607018644729
0.49389784504796497
0.50511643127066308
0.48453046671720051
0.36246710319046987
0.38977776768980771
8.1824506904399198e-06
1.1709369273100036e-16
1.1289238054086353e-16
1.1269784622851439e-16
1.1846306401473558e-16
1.1530343492521793e-16
1.8126528533261841e-06
0.49130848632014151
0.52405113684816829
0.49142538555834642
0.50512722035229629
0.49421462947481665
0.49011258077321529
0.52460198389009149
0.5160475523701904
0.51203084136173582
0.49559963229676762
0.31717164026531941
0.31633007693575221
0.53655664812028014
0.50595929447278565
0.48178628886817548
0.48926906862285069
0.48017615483563425
0.48886307802189727
0.49377417182676536
0.51024181995221485
0.52147684416756435
0.51680041773273344
0.48750091265460999
0.47785646810963867
0.46526840734002212
2.5924261034818708e-11
1.1596892555618831e-16
9.8366600953282695e-17
1.1383820770578195e-16
1.1375659377996951e-16
1.15611953977084e-16
7.7767370229487334e-13
0.43972294176543003
0.48200633741254501
0.48850298154660798
0.48321940000605301
0.54460774351308761
0.46106240527733122
0.48893492305452096
0.4833798966683
0.51554854579844467
0.46106477467088819
0.40033879542177819
0.3615880114374006
0.52051730522735096
0.51783813811272517
0.48903550429856868
0.46992311988287755
0.49037303892610745
0.49640587194326113
0.5015770195907554
0.48803214079018953
0.52276920434055663
0.51363262777808527
0.4981905268792392
0.50137162328107721
0.5025817300165627
1.2281640015711097e-11
1.1922331853037359e-16
1.0948766764562516e-16
1.1387216883684214e-16
1.3135718146840607e-16
9.8192339169992822e-17
1.4544055760641614e-13
0.42545590857001314
0.51944887370539561
0.51315978323407707
0.55005084152824957
0.50656214177375114
0.48934262018389002
0.49753489049699834
0.49387590559366529
0.51119712511406823
0.49557957496322502
0.37557841989657614
0.30293220822603967
0.50210906953467682
0.48203838306258373
0.50123456637337871
0.49902666956380004
0.50475206106068116
0.4889616919412722
0.4991824222641808
0.4679837779903317
0.48671560316947055
0.50754699842684936
0.51789954720885789
0.51948839156618409
0.44853375553412245
5.6428535138367056e-08
1.1333180602787201e-16
1.1205094209154096e-16
1.1869930005311365e-16
1.076940340607412e-16
1.4603313643361791e-16
8.5339366678512295e-10
0.47336203089007589
0.47483034827113102
0.49830382438604348
0.49476264763303118
0.49918422273262691
0.50639632620337549
0.50959595052870243
0.49305102950006668
0.53399370355667908
0.4860020975784522
0.34879893419411656
0.2722656200700902
0.51912356263831949
0.4617901930698225
0.48326441190836728
0.52108661679394619
0.52962070452548637
0.51929476273175335
0.4918973867915935
0.49296146467289292
0.50747143904658376
0.48936775690259843
0.48423002496756595
0.47426729780983001
0.51474074800437697
0.24366917937379792
6.103352405041995e-13
1.1292581428092378e-16
1.6604378727547122e-16
7.9386614255376775e-17
6.8778795044310778e-14
0.1569189856168596
0.52651132756881291
0.48154041727648089
0.47703940710655246
0.4909420059468052
0.4937699843590882
0.50226083302038371
0.49881289016081576
0.50883468826206601
0.4736380908213475
0.53416330008395563
0.30860564884666902
0.35145850643632132
0.50784352094989171
0.52420795953940202
0.51699660289125959
0.5248345405983792
0.48124021047722626
0.49939181141553568
0.52959229646675499
0.46863162619542642
0.49089493846335863
0.48084253521867398
0.48815681041550169
0.50491661128588139
0.4964051368741812
0.49619956897369599
0.33584524532286958
5.3811900308281364e-06
2.6563598900171711e-08
2.2631430943442721e-06
0.30820527564858918
0.5053178866626683
0.5291830109078588
0.48978687457719311
0.50181058433311909
0.49105534366332731
0.49179603296791879
0.50313080700476165
0.4570161078722666
0.48424099959347666
0.46728001842345768
0.52538044649728777
0.29821608408367001
0.2930447598462862
0.46047469179558043
0.51187635990343605
0.50370041545594468
0.49783715379517646
0.50696447441187098
0.50617473197316831
0.49658502399550825
0.49555376801409978
0.50510442975460634
0.51705999740617481
0.49963285200602026
0.49828147904232345
0.50102115485722665
0.50757132399386873
0.45018521921365601
0.51413503644190084
0.51699338177415644
0.48690445868799437
0.5056466260974517
0.48281167623772731
0.51941589991571291
0.47301013087567401
0.53192543153127325
0.48543703073585087
0.50416403240493957
0.48703149076006247
0.50568468435540681
0.50313070701510632
0.504425811447901
0.53694070613753386
0.28362519531908997
0.29537136393773128
0.51161179258902001
0.51628219992459135
0.52026606542738763
0.50875478380435579
0.49530400065708452
0.49974880781244063
0.50593373099125305
0.50834280762022499
0.50223537090568926
0.51589687209631674
0.47001369474010274
0.52312129199050195
0.50150493083556447
0.49905380429146101
0.48473213284241501
0.51923486191211499
0.51497883597717664
0.48809253499462235
0.48537764235305941
0.48563555468908443
0.50102982697934195
0.48312099692489396
0.51133153819321764
0.49066569915391606
0.50808265716257373
0.4934910132588774
0.47602462905346232
0.49034377806258711
0.52417728839865796
0.53133362453047206
0.27279913551005558
0.33832951959612367
0.49641313206413251
0.50560273531496847
0.49473171475030675
0.50088138732304222
0.49335497071463347
0.46156464493345573
0.51399187045135175
0.50073055120078347
0.48553438327413506
0.49043988624297119
0.46517975361320013
0.4886297645432206
0.4957880041388758
0.48730962279777318
0.49770726324459336
0.48665058161035279
0.49714990475720622
0.48628618204725943
0.4893930366562303
0.52297279081224046
0.50755751547417327
0.52469151773414913
0.5373284534493149
0.49211432360563612
0.49302323035587164
0.50013868706055831
0.49126139046885337
0.49821868165367611
0.51794296267734952
0.51642824859829251
0.32408647637331167
0.3519967735385357
0.48837919377978395
0.48718019513776473
0.50059170679684195
0.50665952890824362
0.50798248610431107
0.48616979979404107
0.48623679928398006
0.49520950721179685
0.4819863075762868
0.51851311389939103
0.48903986368667907
0.51857456364124954
0.51206014873843353
0.53169162925253566
0.50209362165455218
0.5510995002842779
0.51881129389626368
0.49481997581700904
0.4961674774748222
0.47905909251682804
0.49336152535881433
0.52399101290816619
0.51408606790537015
0.50688648953700344
0.51527595862257158
0.5002041190035923
0.51943629702211858
0.47486410571913129
0.46703137023096797
0.51830442230676887
0.30671467713823736
0.28663048466324947
0.51055586820273557
0.51344589754625758
0.4945656053106619
0.51056346936629071
0.49968817962931478
0.49398374171319209
0.52125366184842847
0.48063362932107889
0.51907346891103134
0.50245842672227137
0.50084479169456952
0.49509873829590484
0.50790305965694948
0.49964700862059236
0.48254180628901644
0.49041104188713724
0.49441317622197434
0.49286871373655222
0.49132765177414545
0.47391082698783193
0.52177169383409572
0.51523428257507176
0.5147978906745071
0.50127522029612603
0.52799672276922316
0.47046816037713968
0.49199871823822239
0.509880654206605
0.49307398821958487
0.49805149420544725
0.3224921276693315
0.30104271637730073
0.5284910569639204
0.49323382752344347
0.4917317446182507
0.47815107523671763
0.49520464374243461
0.50223618111276391
0.51852499263767071
0.49424771603286483
0.48789142052774076
0.49511985996801389
0.48794590156962747
0.50509817246989974
0.48653425028360497
0.50884687819415908
0.51655348704989534
0.50481822040654578
0.4926765947958473
0.49942154353817747
0.53872611509870916
0.49726026650938815
0.49129076480020051
0.4920057541023955
0.48504061400183529
0.47232345024891903
0.48610866910417949
0.48906923130148916
0.50313492587974729
0.49575390820655574
0.49668428717282931
0.50015775930327333
0.30868081202680825
0.3048480608660093
0.49710882956788671
0.51994872226772004
0.52851016150432983
0.49041842756784521
0.50106828353254107
0.47941900332319021
0.50609827104644589
0.49181995636895565
0.50537085853501562
0.47948313481511645
0.48281957187313429
0.49232677639110667
0.49134133136148633
0.47503049562785937
0.44998773889359533
0.48977790619288336
0.50348570775348611
0.49638784101741895
0.48285466319318598
0.51158060837474095
0.52495293077899474
0.50029807170213736
0.52898419360003879
0.48606787678383795
0.49693382856881624
0.49526437759391784
0.50350751527320969
0.49466716321591231
0.4943583237178788
0.4815621474637502
0.28174183892407101
0.19671427772049593
0.2943427854188837
0.27360654053955197
0.30359305096763883
0.2832177005877699
0.34218586114176547
0.30251996636192341
0.28948687964576042
0.27637163752592925
0.368812215476919
0.28233137021352855
0.25795899445762438
0.31602116353128118
0.3373074215510764
0.36478065617291122
0.30753293648951724
0.35281075900346914
0.37575589322689706
0.31362805188887277
0.29394235066285451
0.27731292306899097
0.29487318202591639
0.3495690175205321
0.29671476681371739
0.26308361399657326
0.2661263454406223
0.31293663216051315
0.30427377440450637
0.33435402935758779
0.27531406791269558
0.25786006636682135
0.17860778969907379
0.21175622264114335
0.29693045104266774
0.27774283043339459
0.360645954094168
0.32745335420393912
0.26411838038924218
0.33276214261479342
0.29315780215674814
0.26743798319870704
0.29485909495410617
0.28716693426213413
0.33682960698931808
0.30313173833039136
0.26201914995130704
0.34822100820460677
0.31043733381929811
0.28822000477434634
0.31461143687216847
0.2797686775056073
0.31110360057390063
0.29056679177646899
0.31863683539549176
0.29911873914077858
0.29086673819580033
0.29989490150247644
0.32978885091279386
0.29745710051810648
0.29748467741469387
0.30635664298092391
0.29462142106396483
0.33550972511964494
0.18735460706111562
0.3268166360585732
0.5103764742153003
0.49223783460832182
0.50553737570647739
0.49758260637958796
0.44952246694608872
0.47664359065296508
0.51460285795148331
0.50511071657255024
0.51901067532665179
0.48378413576484508
0.51740166761722362
0.51176329163825685
0.50942827705942773
0.47151116384462627
0.50584530056032462
0.48819363396721882
0.49101805010249749
0.49586927422046728
0.48954867119770396
0.49394060621613967
0.48445688232010187
0.51638172365266066
0.47796428913994454
0.4937974974276661
0.52775700813463089
0.46797920578696861
0.53276306687548336
0.48538846193496776
0.49424903081713811
0.52507727193725595
0.32924930645916123
0.31547669217226931
0.46540450903601327
0.49753632894552241
0.48982750713812828
0.49883613440648239
0.48724993245754034
0.48850900083488802
0.4928951814902976
0.52600120939322081
0.52550935164067714
0.47753637293661139
0.49905794143700033
0.50438046057378949
0.50238953567164657
0.50258832331753922
0.49757533743242721
0.51285660192893057
0.49401353112312646
0.51119353745458318
0.48708881578528573
0.49566264918040226
0.50435763297227987
0.49755695037759473
0.51531414162747702
0.50143995994638335
0.52836608286688436
0.48479566201516716
0.47641363615065935
0.50289391769477465
0.52046639538401784
0.48595592830513229
0.2403896718871068
0.28216518339538754
0.51017866200917028
0.51923461970517037
0.50015215067028562
0.51128473864500379
0.48147912243580815
0.49551239914306477
0.50572186046771661
0.50383436991556729
0.5132852106045348
0.50016375686379788
0.50305029044558869
0.49557513728391855
0.51474505557430084
0.48993307204986664
0.48755213027462563
0.50613091257264808
0.52895854034691969
0.4866315178626946
0.48831822000961617
0.49182199318477221
0.52057563184344702
0.50725728589423869
0.51592521368516897
0.49501352545865235
0.50298952634800154
0.51564387639402243
0.47889166354493562
0.47979436143008225
0.5089517976969925
0.49603567047025215
0.26339960412172381
0.29523972308948065
0.50419067298063902
0.50744072825411501
0.50793463634796776
0.47983131210410768
0.47682870407661809
0.51466850833516165
0.47215680009995337
0.46173033896320154
0.49793886435681289
0.46181339588949766
0.51081840709156168
0.49224510426987883
0.48860024278947023
0.48353988132671766
0.50371329290632949
0.49794975095737204
0.49634318850650733
0.51358521887312514
0.49794257890078514
0.47594672611266353
0.52033149413602664
0.51787857724249209
0.47457052241966369
0.50891695341321075
0.49944502891988413
0.49947286244174255
0.49324178381852135
0.49086259285524847
0.49956238575858891
0.47572800525849823
0.2283170988897982
0.34303997951770981
0.50506982431759251
0.52228115210923032
0.50189326513956289
0.52994202166038729
0.49574606182036063
0.53788861782726116
0.49116747072390365
0.48583844226794609
0.48704595807167483
0.51197675205174142
0.50759833290379097
0.52313833024768608
0.47186448775583772
0.486397869622611
0.52415408895595705
0.49822901227042399
0.46371189304281724
0.50872811355073821
0.49192964378567122
0.48230175068052844
0.47319263820126695
0.49222422807444677
0.49989705852488558
0.50959549644958801
0.46518289373671456
0.47550722756818919
0.5066633244446993
0.5299496978536733
0.49729962961170304
0.49880608159505879
0.32206364966321999
0.28774643460969895
0.52530587592499056
0.50127187679884055
0.48788181459481916
0.48725326213554532
0.51349303823554893
0.52599241202714619
0.49654477818397741
0.46438282789482971
0.4756585207699538
0.49230329051259086
0.50425756869073712
0.49017582559096168
0.48260715388211217
0.49135885502990978
0.488266955713057
0.51186309456659618
0.50333327613815404
0.47813233370281089
0.48324589245322586
0.49387515266721332
0.49705270841838367
0.45825662550413387
0.52131349677975281
0.5008248763046389
0.49682173005088698
0.48793257947591989
0.4452434921644744
0.51408799190495325
0.47409665738394458
0.48046118153320128
0.26940953569797871
0.27233703970191542
0.52768937256765158
0.50921400303974462
0.47231203759486928
0.48786848887751788
0.49406742277594967
0.48804107367305766
0.49710232691278516
0.50708858230177378
0.48428846907207751
0.49892134554727524
0.51373067640863879
0.47079965007003327
0.51652596735379641
0.50249432455370224
0.50836972444869044
0.51766600906716964
0.48950980233110597
0.51506860338233529
0.45835602458628211
0.50717992572767778
0.50889067431068891
0.49549923200855883
0.47858439983772899
0.5344851692860122
0.54600600185862269
0.49380415893429702
0.48098688986016808
0.4854815152187264
0.47383745189024928
0.49840448918278124
0.34287293229266963
0.27008157818776635
0.50537456713702456
0.4815026990492422
0.46318017956706126
0.48076305047593665
0.50441036635648206
0.48091243077049334
0.46729892753881463
0.50107955504211821
0.5012929141331427
0.51269986216373897
0.51106156891231669
0.50971157997212302
0.51185379069191606
0.48365721813688201
0.48815927685647237
0.49075079511544162
0.5056142975502379
0.49621809967629271
0.49237793692006343
0.52007997596258282
0.47995759938199378
0.52204686124246924
0.44972210237662869
0.51827088943221478
0.48122497992368363
0.50166099559172073
0.49925647671393319
0.47299484664875674
0.50914253738214887
0.49558412723130518
0.31566824340227451
0.30791463390088386
0.47332395944106964
0.52921966723573266
0.51490876047113132
0.51247148392577024
0.50850441489400333
0.51515591954504891
0.52453803207928174
0.49346722052810416
0.48358163922398573
0.48079076991058256
0.50766788167264099
0.50922013248900633
0.49668130651715942
0.50780667255832646
0.50086512488148205
0.5156121654988356
0.50791889760473508
0.52250112045694574
0.50247972571329014
0.48554571347191255
0.18918190658687681
9.7608659733053518e-10
5.1903505494729578e-14
1.4119590978675732e-11
0.00016558034899083224
0.5097484002846282
0.48289853256447818
0.47939961597766356
0.52513054770774281
0.49813465433809567
0.27339973560457304
0.31131298258176865
0.52731933779236972
0.47655533206187062
0.52276623613665574
0.49090750621651047
0.47704839588347508
0.52412424236535915
0.50630948730097136
0.52532082505739941
0.51313029084297179
0.50554053931045595
0.52479673957438877
0.51156643808640345
0.49117378277357859
0.51076277116809232
0.51150842301146671
0.49855154505959609
0.4981524983575813
0.49769366828566569
0.5018803025529166
0.41418521229341732
1.3204178622244126e-11
1.1263072675984017e-16
1.6702583259053053e-16
9.3304409954279177e-17
1.1379919847483974e-14
0.24487400800110432
0.48032257432191416
0.48453944120200726
0.52195543919734322
0.51498540955622829
0.2895206490714558
0.29511726123038229
0.47971158797736446
0.53270981452754707
0.4983347134583519
0.50922260805099717
0.49981156482480832
0.50819009005417104
0.49829707236933518
0.52475378265852635
0.51747827405372604
0.50859770882647837
0.48711686547766014
0.51162784780574611
0.49158384414736644
0.50422193067462551
0.49022701507445748
0.52731175688160714
0.50225648267702139
0.47131815003815786
0.48542587921473102
0.10698635034420059
3.3426304986802143e-16
1.6827068913342798e-16
1.7644307464656549e-16
1.1104135712226545e-16
1.4039288901465297e-16
7.8715126987078375e-06
0.45936758972951658
0.48432012790703377
0.49318748474399204
0.4960557150557372
0.29569719121278715
0.33816237463398768
0.47790974725525076
0.46565475537006884
0.49426848310939758
0.48457699406032789
0.50883985400504339
0.51159766456066069
0.5089365158591761
0.52691027923766731
0.48211244916016049
0.50425804353379522
0.49581002934695445
0.50671556177328914
0.50634767665774338
0.47593714918837915
0.48331687153169434
0.49790539245548748
0.53001340480867865
0.48475598301687817
0.51747500352626918
0.1412575654714199
6.6961984423729659e-16
1.1126251927107909e-16
1.2128419245854283e-16
1.767903692312172e-16
1.7645340891063233e-16
1.2789308776931611e-05
0.50726040400119043
0.5091227738918247
0.54842600907228944
0.53563452821028101
0.35353892994508301
0.34812533340291096
0.51072281346165649
0.51033255232560559
0.49456631213531999
0.49845999152159176
0.473726431109179
0.4992769162580617
0.50359342532243501
0.47999576271849687
0.51498077199919201
0.50252678763756709
0.46296468496941001
0.51097747300261875
0.52060905217202535
0.49529843647922001
0.48262592860967296
0.50509394326564849
0.50510857676774412
0.48967631346948132
0.52664996223645177
0.46769179310511605
1.6437846652591876e-09
1.3188337485157305e-16
1.0875315454637228e-16
1.7271691881727363e-16
1.2888915670799804e-13
0.38989583252179022
0.48991389194145468
0.50052348290590376
0.52173313224907492
0.49391207882753513
0.33232265412289136
0.31793771607354193
0.50623809624553495
0.50006228433388811
0.51372563942418747
0.52437677296696783
0.4959803895124994
0.53808063500804926
0.51755892677673965
0.52553314309291199
0.53142869304354823
0.5025121758587987
0.47118732755781251
0.49543715182882198
0.48994179060594523
0.50529339389622163
0.51701230483634164
0.48203826078657935
0.48786543614011146
0.53231766743298903
0.51870530843736029
0.49576933659060024
0.38266010221659869
3.8951263769674987e-08
2.333017734971514e-12
1.8790133143587796e-09
0.14315285709090825
0.48181997592506276
0.50602175416680628
0.50903622760776279
0.51079725997544012
0.47832659670337263
0.29928538670779831
0.28211362877718887
0.52106630755180083
0.50696316258068663
0.48009038543333316
0.48815341647415594
0.50016450451646988
0.52375609507400145
0.50672355839754102
0.4884389843293549
0.48449674588465075
0.50949844133042965
0.52924758270143424
0.48776100207912182
0.51680463433505908
0.48874765150654959
0.50636771891582844
0.487032310783652
0.49537806347478275
0.50074754089690221
0.49244170107187446
0.5023195863620481
0.50413357360001476
0.51316811481839031
0.48920263349251597
0.46953431291191233
0.52140616875985102
0.48290098978454082
0.50970784645185074
0.50744978151340792
0.47720700815449829
0.47715580671295321
0.2848785965004329
0.28245311687316632
0.48511628184047867
0.49842119421116221
0.4977944558673314
0.48560695973024737
0.51162922648831344
0.49177239141077655
0.5047468373935351
0.49408640156676603
0.49435678278753659
0.48403801394885915
0.4924505652773547
0.4511016384644867
0.47929410644903014
0.50171922434570593
0.49709224071229546
0.51883604840879571
0.48806112237353588
0.48323985834060895
0.51339287889144192
0.48872889315782486
0.51689383129279409
0.48815043667084312
0.50647548280556876
0.50285424934659106
0.52276304802799745
0.52053791768970581
0.52290662490576512
0.51377364292482297
0.50538916525512823
0.45136144617389562
0.33916052484167253
0.30207947481304792
0.49932434423608718
0.50680987269287514
0.51642169939911076
0.5059968235445943
0.48894925909373632
0.48893026402104306
0.51672578711758188
0.51814239627524306
0.50829290572791941
0.48635367136639024
0.51411248238086482
0.51792639391902007
0.47397425845607827
0.5095650510659292
0.50853495925908421
0.44790779878632747
0.40435590547277578
0.50368845189401135
0.51472076863037797
0.50038611300713087
0.52499949210390273
0.50377074060449778
0.4784854882054338
0.49381886282932436
0.4842480676908667
0.49061272682762147
0.49470842946300431
0.50722715962635556
0.48944207345918928
0.50356009953067971
0.28485148783733971
0.30076972441327066
0.51889953119427423
0.5215447210179881
0.47543718968333587
0.50147081651246794
0.50354611441837227
0.48761299219032
0.50047059867910193
0.46702076879397952
0.51461036718891184
0.4621876889133113
0.51010806381213114
0.4876842344161334
0.48781128164922161
0.51340531507457821
0.36038089982204341
3.9377928110303345e-05
1.8037690617115405e-07
5.2587930930933081e-06
0.32095220476640907
0.52044868398226241
0.4822526491627025
0.49581300954214214
0.47899540247347927
0.51467676939990492
0.4878458550640607
0.49123230422382158
0.49203756596104486
0.50606784664185522
0.5049288460557918
0.48633546442199305
0.31220598290177987
0.32487503941254736
0.52607791544417115
0.50090067427844376
0.50040841066333575
0.48634375220527504
0.48929324666185042
0.49196118123258104
0.50340894508513512
0.49980712240368141
0.49143336806561022
0.50278910947455924
0.4877794860024261
0.52235110468236379
0.5043420414292904
0.51284844280458752
0.0003998929928677837
4.5696416234861077e-10
4.055247289040781e-13
1.8091855292569017e-11
6.0510535457564296e-05
0.50890600975708167
0.48351130862657032
0.47031310180789604
0.49040779521443334
0.50334417318032565
0.46995524486621199
0.48631901977311187
0.52212537347333998
0.52434943744887397
0.50129296552654556
0.5035849997414571
0.26454684030414033
0.31151741334104138
0.51214262520045584
0.52813315487422696
0.49300658529898467
0.51392408358880592
0.52834118000777108
0.49343825870887437
0.50562079747758559
0.50856285465682693
0.52726037673302395
0.49112571214762568
0.4668092417624804
0.51647592477245852
0.51599866648446158
0.47793219211609222
1.0010028975395414e-05
2.78170794016417e-11
5.0721161674456679e-13
4.7371633791949684e-12
1.1244282330051368e-05
0.48872273703560426
0.50644375571283551
0.46930721189260188
0.51229426421381874
0.48922546229817926
0.49848017507548648
0.4960446747708856
0.48991409448152468
0.50778535223502308
0.48536057027267704
0.50080886202103703
0.27489071537728116
0.29602923366314221
0.48637511340400996
0.49413757694441546
0.50087284471839522
0.53502439136323809
0.49342561615756575
0.52240053089118987
0.48439336543762229
0.49715646821133197
0.48842892383609415
0.48227791877618142
0.48223743472587738
0.50865263435617913
0.52440379879647392
0.47061709771538585
0.1172809052006485
3.3866643994436053e-08
9.9958613454932616e-11
2.5552705716664385e-08
0.011010254829126197
0.50196286304551452
0.51391547984486352
0.45851170090426585
0.5006085060148473
0.47055622980161121
0.48678908612712984
0.52449094306243427
0.48532704027899298
0.5040873744603791
0.49329826106373775
0.50878271108353346
0.3140914145840667
0.29836022733587153
0.48940340239112101
0.48542480352947315
0.49890874357044213
0.50973746878577042
0.45850629968496631
0.51523423786199019
0.5176786833053052
0.49737471346630791
0.49963507314651467
0.49666853019859181
0.50325977622085316
0.46518332021297315
0.51610139702178581
0.50466046433040646
0.48206131834603938
0.24877168462177554
0.0044227348151080863
0.20356103455313149
0.45337264217040529
0.50722058517793756
0.51987400017838636
0.48687738222797527
0.51474761938697489
0.49393507717520058
0.48830669152239792
0.47928852661748633
0.51442450848871735
0.52195810825188171
0.50101611322374684
0.48267178505644198
0.29627058406425044
0.28657265191486009
0.48923962959064843
0.49519161054201788
0.47743695322112384
0.49257077888797318
0.52088451131825386
0.49826504602403571
0.48216114823755896
0.50004476259062658
0.50005632100771646
0.51505212830004432
0.51306085204262064
0.47353439008283604
0.50586008605391919
0.50845045896859264
0.48150551663087232
0.4712696774897086
0.47537763131908156
0.47297293330460366
0.51411311351634381
0.52286837631194727
0.50010260038280985
0.51095111006974636
0.48665452553270583
0.48495509839648654
0.51040144475636073
0.47124124463095707
0.50497598869628668
0.52256560678933772
0.48645530361311079
0.49720895750836785
0.2954729189863633
0.31073689440591118
0.50050029999460111
0.51170304590117466
0.50957237962005297
0.50674196855153375
0.47238999895135758
0.52249295042859623
0.50344724514469652
0.48224291976545036
0.4866209971226545
0.50110542610031772
0.5095815409102179
0.49105983141119741
0.47619142113400209
0.48952072206128061
0.51346126212792398
0.49085224346200923
0.49686599286472255
0.4850786299567233
0.47275764706622414
0.50531249934742128
0.52799702373406132
0.45908348829842016
0.48884150207347998
0.51481492248581606
0.50045065323636595
0.49650617927566854
0.54728631898038027
0.49337466398096236
0.50997912959271263
0.50563826016469993
0.35093099832903046
0.28591836585477692
0.50511357571377491
0.5054290228941537
0.52251590924834501
0.50261270670849556
0.48313925042330441
0.50281314425437729
0.49893750445175067
0.50939915867476548
0.4830732423039818
0.49722863592843608
0.5219155671901643
0.48171766458513343
0.5051878154557865
0.49388287681330889
0.47303017201034553
0.49674703273059206
0.5026853147616257
0.48015733164538243
0.52056412493912863
0.51142740708813894
0.50438301978587141
0.50498689214563597
0.49714049377529923
0.47986030272460484
0.49088155406303863
0.5073281013488895
0.51959320327870784
0.50469823913673284
0.48820820818772687
0.51240439844960994
0.29674096799124416
0.29628849323549428
0.49802854037300159
0.52894495856977641
0.50734436824153517
0.5074979081783112
0.52315683198424989
0.51750096408601143
0.50510220291793284
0.50686460375295261
0.50155843909926556
0.53434250930341787
0.52111133867074588
0.49889811015600388
0.49548538901514744
0.50005719142302141
0.50195546550662851
0.50575366168573266
0.47010487408011176
0.50542821194917864
0.51525988802047917
0.49035178910371258
0.48576197245864705
0.4904802280814512
0.48134483116051097
0.50712000740392638
0.52237051836939008
0.48786454783500383
0.49981020103576251
0.49433771553048111
0.4967166815131277
0.47996781261684485
0.30251517093112412
0.36877053606970978
0.53775017212293208
0.53397757992048256
0.49645469366207889
0.49857527454339462
0.48457549816870282
0.50761212520101173
0.4940250484842752
0.50222555473156427
0.51631552612199139
0.52323533422268553
0.49852098355913627
0.4817118175006122
0.50252942465929917
0.50387894750046336
0.52478314283891447
0.49659698710787409
0.52847008416989749
0.46629191608966181
0.49748146361870837
0.51641675188996761
0.47738667310009059
0.53357519445833557
0.46804490555671763
0.52530631766848557
0.49464762120820127
0.50355465463227256
0.51427093815712999
0.49321304328618754
0.47393254538519386
0.50006263303440779
0.27945298303640581
0.28991415728148701
0.45594058229838391
0.4633224918640832
0.51056262704641764
0.51293553930912728
0.52357145388699888
0.5055255902012209
0.48897086026615744
0.49025226897931357
0.51162504360002281
0.49915380253465902
0.49215535509313296
0.49991065973904691
0.52161372737234502
0.51978083935655006
0.5020108427964205
0.50387699951407983
0.49692602438609684
0.52842892702081157
0.48009542165539487
0.51676975062729269
0.49208859605811811
0.51417999863584696
0.47830136065027701
0.49698655047303325
0.50230439720601394
0.49545618623843785
0.49344084392935272
0.50120679977586946
0.50220398541861211
0.48919777390889491
0.31642377994630544
0.39235708358782123
0.52259839980329892
0.52911959451103385
0.50614525562668755
0.48369527885408714
0.50902649497772656
0.49983317998770488
0.48637910331292095
0.49722442267383277
0.4741461720749362
0.48238502386032939
0.48426139103432247
0.49881187689149603
0.51642774955591075
0.50863142352004154
0.49723173591712394
0.49347375139652411
0.52774129767809963
0.48502567302808869
0.51182366732352524
0.50304077989768081
0.48993683372351343
0.5153704125496853
0.49845187679547176
0.48865565477725187
0.52062920787276157
0.505602368283116
0.51121493676427765
0.5076826410997739
0.50667167313322425
0.49719592937291174
0.29050647586815243
0.32672180268825535
0.50533591481565143
0.48728615407335202
0.48921494157690476
0.52431867682008393
0.52053312903618509
0.50239724022266463
0.45644712121216885
0.52784881846231646
0.51797665839240392
0.5149924346048953
0.49404419695558405
0.49657651703991129
0.51885459870754158
0.50170334197013533
0.48950195129670926
0.50221926481030987
0.4952106232353462
0.46608691627429111
0.50339671739349268
0.52851151589977285
0.50520777186805921
0.51898625465530612
0.49494657344770593
0.52706980158706829
0.51702742575244209
0.48596892055002039
0.51368384372122045
0.52512706604573445
0.47753784743935429
0.48686784253145582
0.2790462530727833
0.19095116118570071
0.37361924887590336
0.2605386103723088
0.29073320301229932
0.3410850046439744
0.29596274316022325
0.34569925796575074
0.26085290645343517
0.3152381064211045
0.26818169461346031
0.3019863468538575
0.28940970491183354
0.30165250108019492
0.30706623731053773
0.31906247680500699
0.26669938729568404
0.36836222465345836
0.29847581797785888
0.32080791210040127
0.30159893674776006
0.41258359549650636
0.26040429112054608
0.27562677268901531
0.27597766848298921
0.28607238142053876
0.2806354374179803
0.2582193281409994
0.31736026668043865
0.33551537189908281
0.34523276836446953
0.33868090711865467
0.16969279375949817
0.15112473801252976
0.33090226810919487
0.31511092647680905
0.29365892046386322
0.28684616352839321
0.34285771882834942
0.31771017286804337
0.29658259158235256
0.29746871388590423
0.33441840579928667
0.35205837792007066
0.29017619182522897
0.30500942670363107
0.3052258215911276
0.32357534413979028
0.27449804743570205
0.25815552321376195
0.28834493044336601
0.30578006991223844
0.28525304596039658
0.30109851741929855
0.33614448561584515
0.31293717714554009
0.30865719319696272
0.27506473886882754
0.28650114378314795
0.35529785817240545
0.29606931156173066
0.30073600469265521
0.30032579080774957
0.30255490982263017
0.27707337001229854
0.3618463879055604
0.51209424408590865
0.49402005126554627
0.51055703016340381
0.48875967257541131
0.51923869225666153
0.48635093707386851
0.50846854949969611
0.48038233374756534
0.50173309441682556
0.47672765247226889
0.4822919585247098
0.50331612793332259
0.48402165549240161
0.53640042901381113
0.49466795976580824
0.50509227487768771
0.47380999351509751
0.49086991624982812
0.4724516704992841
0.47783345584874631
0.52149795929877829
0.51420085658557113
0.51856789380141577
0.51901000898258054
0.50584356040964451
0.50391418959172851
0.49273452519426619
0.50548978783672871
0.48955793987012441
0.4804354614601844
0.28798895608558284
0.29840644732156746
0.50119625567341475
0.48332247829085806
0.53036902855899615
0.48998010227073657
0.46299163467704857
0.51133513031645228
0.48690597737252167
0.51614455192373776
0.53265590784832617
0.50465304504411324
0.46995538845868084
0.50508285646657325
0.52148431399534456
0.51246397577848846
0.51954676307826331
0.50683401164638453
0.48350707832305712
0.51531835770586643
0.50930425518612921
0.50181395995116995
0.48105448031095993
0.48860629795984978
0.49337854339112036
0.5056401894549627
0.4991587448642667
0.54213560486624579
0.48575444588212147
0.48490271097846632
0.47853490645427565
0.50776994782994356
0.3146946129805267
0.28650991156591588
0.5043488266761339
0.53028676042259137
0.51063904469513599
0.51233966235065587
0.49035888351194168
0.53189564624402463
0.47793961274686808
0.51165185053548912
0.48370358085115117
0.48549145885294226
0.52859760458445448
0.4883218395131233
0.50278004006995414
0.48973540089779255
0.52336184664237795
0.50351092425505228
0.5029766969821754
0.50467999482819992
0.4567798403921689
0.47415945522636005
0.51551257626185865
0.49138328180863655
0.50388899502616247
0.49794651814560043
0.50187377262757427
0.50022983263144416
0.49665338129671727
0.47958465475712242
0.5161603888723173
0.51175752779387573
0.31376493553603452
0.30501571523394921
0.51371352851672758
0.51179340992760003
0.47479216440742417
0.51217195249204417
0.48952556251156326
0.50825457755293746
0.49730471889807759
0.5195756904306581
0.47449346230989653
0.49347966526365733
0.47238934421434664
0.47492284552882152
0.51797577961285168
0.48040044289001843
0.52453888035158447
0.52486601249985576
0.50254612056309356
0.50961198379546158
0.45537262358958702
0.50985816229650516
0.49840014205430549
0.52615826800283017
0.48982382591543461
0.50871903992281797
0.53570573432187252
0.52668291001410716
0.49414350617230762
0.46844544535759158
0.51116408446874906
0.46267770748524795
0.36121953282274527
0.31947555440905079
0.47581190395584255
0.51663903601921091
0.4789677153563297
0.50840748180367046
0.51305628541983428
0.52059887523079251
0.51594193585414749
0.53283106976377703
0.48817526076460988
0.52944143131146226
0.48284902863909301
0.50415038008980917
0.50996618237246438
0.48318769324130678
0.51153952297641725
0.49976976632070147
0.49311186441365829
0.50312839128727882
0.46528995890343977
0.51172502598360281
0.50823469110847463
0.51008386176029397
0.47547783184053277
0.50241893956579098
0.51433171594542693
0.51660320650654712
0.49360655590897795
0.50917638176550895
0.53542052355348935
0.52093745187212714
0.28134276362659283
0.28659851441380041
0.46953871606538122
0.49882402441621104
0.49323786092671473
0.50157232293042453
0.50012908876356621
0.51077763104288076
0.49580535752460936
0.47660083628716821
0.51567828353758205
0.4789900816148347
0.47470182604157629
0.49882482731821309
0.4545218462695701
0.48937689552672664
0.49099513189561395
0.49141038439366946
0.49058977795743497
0.50660241256072636
0.50038282848477411
0.50759108578312651
0.5082189067789501
0.48124673774087373
0.51877367853868217
0.51481533910917032
0.51531180604054683
0.5071481779214263
0.48043417837221564
0.49765513152105356
0.47818677866574755
0.50501296314700506
0.32876181607464838
0.30812410043962846
0.4824690611427675
0.48806268939939046
0.46022941595367151
0.50105833042033654
0.49553395019939173
0.47768760738384436
0.50797943457555783
0.49441720056837435
0.50193984182342433
0.52238653134645552
0.52387186769150917
0.49084887952575673
0.49500562928760639
0.45878733581374742
0.50505981003849065
0.48535359795593447
0.43675478588305139
0.48325199123956153
0.51377687661755
0.47089267391648337
0.50666162260335412
0.50660782869126741
0.50020760388819674
0.48731338518023332
0.53531817265680792
0.49591010210536729
0.48217786624065445
0.47652568440027326
0.50579134919823654
0.49560622088816053
0.31166437936362817
0.32505228953171805
0.51147580859831188
0.48570304601064329
0.53168955696618914
0.49149742382194916
0.50935978624559497
0.48897069245522695
0.48219472621811138
0.45672289380144937
0.52797053084741907
0.51911900875651817
0.50605902524102775
0.51603878361477784
0.47743878070802465
0.50822159312012216
0.50214018995139642
0.50263672259856373
0.49912181873354378
0.47598240199275982
0.4988016873025734
0.47181995687645201
0.48222708577068596
0.50199085128165899
0.48575846440118425
0.49992200029358314
0.49067277198892773
0.50350951369393004
0.52131227251874379
0.50120377155639873
0.48827218255055604
0.48739202255934699
0.3249875421126307
0.29059531517583065
0.49297188300366224
0.49748025076871943
0.51420837186636625
0.47121813374763338
0.51725080297249137
0.50680777307027414
0.49880653285701682
0.48679738603413775
0.49334610839540644
0.49515466227637567
0.48911075334416676
0.5113091303365902
0.49588512576638094
0.52616691022653495
0.49467811056491612
0.48207521461882563
0.51346512546871714
0.50471581315720881
0.48858544654163066
0.50730506810025477
0.51367958183399287
0.53526452182835405
0.46750563276555734
0.517739562285364
0.48651865390715981
0.51950523398566117
0.53603270223437416
0.48736447251234177
0.51360597121922613
0.51031485673279631
0.3506806585340822
0.2847680756543941
0.50246269775128716
0.506016028915801
0.47462477450806317
0.49910602841596236
0.49501375318500063
0.5079209751234518
0.48940648947912518
0.49673164334786357
0.51160238752825049
0.47016691135289496
0.47598862773218531
0.50991126537348874
0.46683149301322541
0.49627133661138456
0.54115493681821702
0.4978579621649008
0.49785516606384117
0.49680175997488285
0.50350981104649151
0.48628473361361763
0.50159751794952379
0.19711153036113066
9.8086904784585018e-05
0.0061843277816378446
0.49062079684262877
0.48530853915619349
0.51317919483376662
0.50128174293381411
0.49705231788272924
0.52454206582983531
0.30566085354884304
0.28675843883679708
0.50531102327416089
0.50456052662224049
0.50877245986663477
0.46671234252369492
0.50391111674096567
0.52268675891359717
0.48787839397605409
0.5181641116962431
0.51227626572760865
0.48164396033546003
0.52459053030419112
0.48259266531510958
0.5099845816981704
0.47645109432921179
0.48235400157282721
0.50770574626854259
0.48900329824725386
0.49874136690080328
0.49838387060975903
0.46844957748847377
0.44252308711800753
5.2568474322955708e-06
3.1465278324041284e-09
1.4611774481237454e-07
0.24421519070600972
0.50853791595283804
0.51252517866848091
0.52893803714061638
0.51423006093462131
0.47091175789936324
0.29663407922254587
0.31063665346365993
0.48618404875940197
0.52834023067700364
0.5076660126773308
0.52695984422654762
0.4794638308483703
0.50368881528026022
0.51506491798605869
0.46877558311381035
0.49000608842816251
0.49415079913316129
0.51486670480805896
0.51928214886997504
0.52195304895136641
0.48947109210702228
0.49107406870026554
0.50414232596363906
0.47613557384174987
0.52389258475022293
0.52673343698967312
0.50047621624527849
0.48748825946732066
1.6426900329791499e-05
1.3875894750603787e-08
1.1950737678713297e-06
0.25425540437085747
0.52943004699208518
0.52382997658441
0.46561190207443465
0.5148271541025784
0.50833433862288169
0.32328644523165806
0.33433909867247075
0.48469011457297051
0.51121805184210201
0.49600263021213786
0.50556964829619011
0.53524570847850805
0.50545185297654249
0.48681149880840602
0.54212601722886145
0.50162080635378459
0.47737533896452788
0.50691938830395178
0.49534524750798559
0.5019961131463585
0.51722935611410503
0.4774745812283
0.51258908279295634
0.53063132192390916
0.49938834992723496
0.47609624396607347
0.50932684033726083
0.50520393321732915
0.28412201966853251
0.0025034971326837081
0.16318460747766741
0.49813692611188293
0.5359003804831004
0.51341697201389636
0.50811903843333195
0.51686460957927549
0.51194648989161839
0.24590153555304839
0.35101010411701333
0.52047324019134167
0.50950939201488088
0.51555415399416382
0.47369306665783767
0.50091976556760698
0.53116955258005538
0.47922886460064673
0.50821265017694317
0.5196936167590277
0.51129600746246229
0.4783502961810151
0.50046464732252705
0.52775835760200007
0.49451910508555863
0.50767675951520697
0.48355578979466468
0.50267274218459745
0.51920966777521005
0.47543410785815865
0.51503034085442212
0.49645350965738494
0.52072051203040992
0.50024319364269887
0.51383584537082561
0.51237229405869233
0.5373250541654524
0.49819108385707978
0.4928872609679219
0.50356866011799029
0.47653173367124863
0.28540074370046609
0.31071803685306892
0.51739576560511591
0.46907848065508595
0.4884686754504487
0.49779211053766242
0.47349082274410875
0.49921638508486954
0.53379441116405923
0.51447739962552586
0.49600002159315815
0.51288050027920395
0.49763352033218178
0.49328026196251978
0.49226499148194736
0.51094181216257251
0.4991142635999451
0.48698184382243193
0.4872880443039227
0.51640021436703021
0.52349166187144047
0.47895884258153792
0.53751815580719664
0.50317584820793615
0.51451214294649261
0.51042426680314656
0.49102087717305504
0.49611465258119014
0.47035303110257409
0.51080966886809498
0.47979635693420319
0.49528941216521943
0.26048071856781785
0.29645475209912681
0.49778950544094624
0.49225696360389043
0.47324584400573549
0.5079334076930464
0.48864328406649965
0.51627126075627927
0.48997877008022928
0.52096347447055547
0.51604789557731701
0.51271942951669369
0.4790448853254558
0.48602970448668703
0.47971411346151682
0.51744315391365414
0.50322324516914907
0.47058580520750198
0.48104343053769621
0.49798545979037101
0.47547664045621146
0.49393495736653159
0.5028466633515366
0.47804444641501187
0.48967376940801161
0.51514857644322953
0.48623716650400384
0.51571864918881472
0.51138967500982868
0.50321154650323197
0.49203305951275789
0.47928051863252386
0.33256625058717537
0.2936207255840696
0.51294947286263914
0.49686244156815002
0.50532662053976352
0.51291381058387897
0.47414254687729812
0.51523639438161284
0.47760800047987512
0.53302791017874784
0.48919269175858088
0.48719472199359148
0.48731692972281765
0.5089814219717026
0.52644081390384168
0.49494126345778777
0.50212532870623516
0.51384096858427764
0.49198993028042393
0.51642961177457225
0.50806895365040972
0.52499596624647415
0.51846451104252622
0.48230186988632068
0.473730346934994
0.50724818844078579
0.5243661633788046
0.50236227765569919
0.5248999827113181
0.50545547590312512
0.49977163429874599
0.50088690846887518
0.31760324272146823
0.31583890095073452
0.48262695214370294
0.50783232785001164
0.51445043185493988
0.4670153301017072
0.52155080428294864
0.51851714150313977
0.48620696084473158
0.51325724819499108
0.49591914512464819
0.49637454260960379
0.50428566880305581
0.49164797911633662
0.51848503361409937
0.48601356860724099
0.51156717592811607
0.48016838092464165
0.51795823398462726
0.46804074219034375
0.54137553707592057
0.49439325045935023
0.51876623264715038
0.5040534002339323
0.49981538477299059
0.51626376109381422
0.49011397129574047
0.53251566219428081
0.50201647383536852
0.49486895514559504
0.49507236916877573
0.51350480260169495
0.25628104529907653
0.26740789598426656
0.50398964081057163
0.50472212609032441
0.48426526761858829
0.48076893381720132
0.48119121458113773
0.50026016103423077
0.46145230976004808
0.4909465589837031
0.48099332174539849
0.52154712653245894
0.51635856801219682
0.52720894655214756
0.51940244166738192
0.52575845922622988
0.49132783734003282
0.50708456323768925
0.50531613470602921
0.45877704590887636
0.50603892062344158
0.48080838898384676
0.51496448385896254
0.49855740012248217
0.51968022926033097
0.51091500139420587
0.50363370258302342
0.48718252150164848
0.48233130290441428
0.52511192756514691
0.51046656173080229
0.51298265182027891
0.28366015520369664
0.31272656633458262
0.51343813907618741
0.51196780763596939
0.45859003205290921
0.50488765758305942
0.50911112185987895
0.519828486896313
0.49495149599217497
0.4861369242634293
0.50918953614592721
0.49696242616173769
0.53375891869851999
0.52523083765371825
0.52481728071200073
0.48258955396310499
0.49698048287172725
0.51372078313348302
0.48992486516291961
0.48431640783679136
0.54340756248768174
0.50981058016661174
0.49080676588020594
0.48441371448853393
0.50697308838126609
0.48704358860035712
0.54127034701040888
0.52008441412564077
0.47625989570760702
0.48965829587214005
0.50156380760644659
0.52970237934127862
0.32756204829125507
0.27257584359983544
0.48507781470035316
0.51454781444260911
0.51120463836081431
0.4719476447963874
0.50778220857179479
0.48385939323683547
0.48564988177919466
0.49938614077897797
0.50376119431884148
0.49529913489288269
0.53051176842707159
0.50750320868240817
0.49361731614751059
0.49841599912694423
0.51627618381588847
0.5046598675717604
0.51253138915912866
0.50248104392585835
0.50199458982834144
0.47592852480303749
0.50942312268676382
0.46860827408263528
0.51080867556689358
0.48527724786323118
0.50424520668874051
0.52126831083826086
0.51043837647581325
0.49402773495630314
0.49435197459725377
0.50181027111257215
0.33948567621059744
0.31652474531185137
0.51120346721115739
0.53481325844599181
0.54489064670982734
0.48230556005338299
0.47214974960419764
0.50290429808228854
0.47860702534361266
0.48772065482896521
0.51482940758613849
0.49093803651135076
0.4924840854075373
0.45739739205060764
0.51025048389961136
0.50711339275485834
0.49219227291745382
0.49298451653731928
0.50158027728866428
0.49200810162425701
0.50581085668273063
0.49804834710439672
0.51476676019408574
0.4983178966649115
0.5271134975137014
0.49175811597837438
0.49710579539147748
0.49961871849019301
0.49034996934634184
0.51483227322040248
0.52991080460569373
0.51063663100799628
0.27103695961608626
0.29755038227674935
0.4941307260169151
0.51299603082850698
0.49688608302609227
0.48985977540091213
0.51862412710657058
0.51572611837720639
0.5055885459831756
0.5035547585853678
0.52382089029117485
0.52793124486217602
0.47790135376033899
0.51352412607538578
0.48002108735758353
0.49354586915832271
0.498585373275303
0.50400236111275287
0.50256981024867531
0.52389976518115311
0.51385229587379533
0.48564308928520372
0.47141400037823378
0.49467337252170474
0.4770840251358166
0.49405566784277083
0.48914612200875102
0.51884976695901464
0.47179438488795772
0.49382818729095063
0.4947712125870477
0.49340839257724262
0.35136649251416752
0.32203772892411026
0.47981387873740694
0.51880282636270814
0.51025813917955354
0.4900716015379008
0.50457681832814461
0.50828522827274714
0.50383343862541408
0.48363197740050429
0.49915551864060248
0.49239948360564317
0.49545663470186824
0.51711791281725028
0.50806495654217843
0.50801638999791598
0.4927182001555005
0.533028473295312
0.50006681038019896
0.49448429375208736
0.50131149624362703
0.48973028687735343
0.50009300103721199
0.50658317033389255
0.49142013228805947
0.5121599391669639
0.48590366568284005
0.50771672726257844
0.50614078735163981
0.5151882363200837
0.50015030633311963
0.50593973449802709
0.3083867304826699
0.30004177154687717
0.48959151542600693
0.5316451414639326
0.50331992124727376
0.50134252027480086
0.49688751997818442
0.48714721962247454
0.49672680619498671
0.47915638595428389
0.50230608659149756
0.50832928138800071
0.48455268674469004
0.49748517208814547
0.48060410579476692
0.49608564785382253
0.51356190877918684
0.50371906862196336
0.50434167332653501
0.4993217782808011
0.47965294417528054
0.52184260733524335
0.49374743033442603
0.51344269680203114
0.49521413680728454
0.53146845003770493
0.51574425640971455
0.48146893809517211
0.46050977114151781
0.48152989950917879
0.49640784451390019
0.49420584344345037
0.26408501417354735
0.28759011864782585
0.51520134858945099
0.50907041510834006
0.50714498166533983
0.52248300608627973
0.51502981981437501
0.51527713233084182
0.52649114030986432
0.5226196256804222
0.49357496802401102
0.51148650198352352
0.50274645412993679
0.4772918809021916
0.49720682967956981
0.51604637659599184
0.5070770332887623
0.48904398455659487
0.49421441686018908
0.50199056035343281
0.50075536005872578
0.51141452010131838
0.4976753186080401
0.48477647289931514
0.49931445793660501
0.48439085624248085
0.48961233503088397
0.53755007938702559
0.50446210334739761
0.46883094678965614
0.53212422284233918
0.51431725266738748
0.25950084773001314
0.28315469705278207
0.49764326584306467
0.48984267891032801
0.51982514249799794
0.50574109861768213
0.49602073347956471
0.46708981358412155
0.48373555488154768
0.51988996119613118
0.49448237311013415
0.46690724745192774
0.52385141538398627
0.47813273766690539
0.5018833827049981
0.51878568908743461
0.48494081655861276
0.50110996820116216
0.49910219094554775
0.52310553079636557
0.5162930742154509
0.47625523753157178
0.49869626830033653
0.4877314103873982
0.51291570317258683
0.50159926887573947
0.54099098015273528
0.50214807614520318
0.49423576833204169
0.52440015375494176
0.49390198639988636
0.51856352107102277
0.37325369682454068
0.33531945210683578
0.50077593136238763
0.50106937325059142
0.48538565169313269
0.49525834237104849
0.49745850365426858
0.48986362699261904
0.49751556817064652
0.49416609044256071
0.50318105815704828
0.51413761032512528
0.49705381517693475
0.51164378126439447
0.50844579838726101
0.48559062950250165
0.49749460579386273
0.5407534294923142
0.46761444316710787
0.47839925981087084
0.50661264451822707
0.50275347716787522
0.48930405035634256
0.5044194964378993
0.48689387159229547
0.49697353869297134
0.50828061449102335
0.49517949884054946
0.49315970458987557
0.49225672791894881
0.48243167997792663
0.52140736286798783
0.3189765480413756
0.28422679130259487
0.51387306585921944
0.48564448412136252
0.48418294958405533
0.50630216867251487
0.49135453661057055
0.51667745251421904
0.51527688185720577
0.50922661250763279
0.48176719577546667
0.49766376502181175
0.5210615201859724
0.4769730245214634
0.50434835400031419
0.48425262379767803
0.50211280782120571
0.49961629142651587
0.49926124165764341
0.51721775448720497
0.52249989267278085
0.47181941980521314
0.48456750151586142
0.50067067156315692
0.49777711023822413
0.51444612305275494
0.50691921387204575
0.52393362906147456
0.49833076245306757
0.50371470234201643
0.4944692830557717
0.47080785960554616
0.28506348454203784
0.25840631542233872
0.52367529614519215
0.51576782406957766
0.51420967826990782
0.50601840519346819
0.50301861538909043
0.52484676742908243
0.51322867427911911
0.48838458382516942
0.48114250151639465
0.4686358007433355
0.44177968196219508
0.4835222594239259
0.49264296558491483
0.47592922451135933
0.49493655649236434
0.52792823240409237
0.54560809215910944
0.52957918285423489
0.48636173090589846
0.4910128144862434
0.49576071117845327
0.51478573741716649
0.4700733005524288
0.49188300792742895
0.51507004371596388
0.46654433962324665
0.49024325841452654
0.49990142901882423
0.49949028390852862
0.50927317791895199
0.30364887297100868
0.20182219442169583
0.31642246389622453
0.27800296484583847
0.31070738790679048
0.27149009725999235
0.30016335083927692
0.30491999956299654
0.30957824441443005
0.27445499799205614
0.32387811440307684
0.2993520591545345
0.2770629301739298
0.29422622820851019
0.30730146611951753
0.2882968276340479
0.27090510390369221
0.31628955856218083
0.29066498016442266
0.31235847169122327
0.30488959937230087
0.33904642366650778
0.27727182716796217
0.35423762925668234
0.32806648569116087
0.28507489141683073
0.32464423597546005
0.31181749978703949
0.32067144326334379
0.29920721864860794
0.33297324545929563
0.26747652653998988
0.19837954373890734
0.26215926287992231
0.30263196507477391
0.42950806736486874
0.30627041806651423
0.36076704567914392
0.30112596313521661
0.29310513739838978
0.32386386072602691
0.28079880882695546
0.26427821368804794
0.29079722869312224
0.33050817060766402
0.26813548134391463
0.29526657797710071
0.30335894189780122
0.29993786035331899
0.32879967845613739
0.35363722082066806
0.27300310439169112
0.29608663494978821
0.29012821774130515
0.37440636763552348
0.29028740533992281
0.27541793619984972
0.26116659608183862
0.32352216305202119
0.28010872776423262
0.30497017226439394
0.27295376631789581
0.28375202736205202
0.32978288574590253
0.15840775562639361
0.38411933415634963
0.52346696367944667
0.49693409090573687
0.5145407001240202
0.5171130677084127
0.4978641869144842
0.4947829425900459
0.46420799963873594
0.47401807026933584
0.50999034386112896
0.50666170275867795
0.50474161477416857
0.50198676463177994
0.49072340975082629
0.52779228708943993
0.47137778965324428
0.50700773532296084
0.46761959024488009
0.50327391438854729
0.49671074013710986
0.49076900049709438
0.49315646555482956
0.49308079868151244
0.51850030592597485
0.48136977329905684
0.51424488416618763
0.46425653395323491
0.49208836470851935
0.50854254841938529
0.4955949473633674
0.51053619999221567
0.31518629374896812
0.31905937120530459
0.45635493767150037
0.49064043533361618
0.50760476683306077
0.49791151792339133
0.50610196139159747
0.50713212031748789
0.49395812792496285
0.48951801674924728
0.50079319320448634
0.49967619971756971
0.48286345292238725
0.50921852589985328
0.50558796899395964
0.51090942930075955
0.48956495785602877
0.50077462670800799
0.51049469329192088
0.49713765728443093
0.4995617598393387
0.48795325348033586
0.5029707800105695
0.50823510417010009
0.48760770655862945
0.49808949375478428
0.45746046828927195
0.49393622101006973
0.51107044080763719
0.51456708189712652
0.47961970421041877
0.48202581380950932
0.26344430715043826
0.32806202537503115
0.48630796613361649
0.49790377213519077
0.50946133708802355
0.48476039829319556
0.48692494582727841
0.47663805209096444
0.51698982768523394
0.4841097502167766
0.49889592600643745
0.49296876233941722
0.48668333925444668
0.50803420515821607
0.51337322809703689
0.47716839912717923
0.50981978841220799
0.50854644968744256
0.51020220310803444
0.51981870065321201
0.50873419009201837
0.50297788448881708
0.4919701227219907
0.49357233995413313
0.5221656788464033
0.50041989408691256
0.49900632762200148
0.50017158656126615
0.50967152068220889
0.50220765972875558
0.49494489994049373
0.50939919495287711
0.29474095489358765
0.28255189949722692
0.45923257177374777
0.49574772619341062
0.52112004499552711
0.50697526225886225
0.52547798273067081
0.54769299168359709
0.51261567415737408
0.4941013215071467
0.51059976514130856
0.49784095178795013
0.50338697544416111
0.46652185653469724
0.5251253338101125
0.49604863728662391
0.50580446305460636
0.49383704655663957
0.5017134959490992
0.50977605877724685
0.50304065784598728
0.49164073617768472
0.50965055676937521
0.47918872861895245
0.50654020609176609
0.50961916586219902
0.48851554329618452
0.50019541589256367
0.50634035013707179
0.50553290965780284
0.50786511853207217
0.50987287495689171
0.36805388504376962
0.25854065441983859
0.47712638900260956
0.5088394644719304
0.52398679913655488
0.4837383692675693
0.44460896086640167
0.50290440851719076
0.48082991919467127
0.48249795396390305
0.48860639613013945
0.50115324307491316
0.51511940612299201
0.49083225840842465
0.50865388949839285
0.47960681829897112
0.47990251296852676
0.48604180401556429
0.50601454904039
0.50487644485293681
0.50187798126091232
0.50927251608835022
0.48385550869415078
0.48627407576052817
0.5194610856103451
0.48755319501976074
0.49124843813960145
0.5121706140956227
0.52134219267971216
0.49311617079710446
0.5326387350308891
0.52632305825867909
0.34051138932664415
0.30935088344805256
0.48636368174232364
0.50497695915352581
0.50021703461519806
0.47820649351966188
0.5112704945793537
0.50024772098279446
0.51722458986169761
0.49902694818911858
0.50244973437938645
0.50807017217330619
0.49245824800050841
0.52250972210964175
0.51903044052401415
0.51793373374585583
0.48285760666991667
0.49506084684819429
0.49009461623690292
0.49822670096301303
0.51643146902943748
0.50756651583153201
0.49285028778244688
0.46900823295017702
0.49474448403383736
0.49953146906464313
0.45805240718017698
0.51184886550044006
0.45415781975427294
0.50483024143453914
0.5098938534882812
0.49020576014239403
0.31983614497558999
0.3100847667482074
0.50067506695644748
0.50739379066334711
0.47089086542117364
0.4827306034054385
0.48419544966144784
0.5000487826152048
0.46889138946235642
0.50873893567459594
0.51129979116367008
0.49464840340413069
0.53185334618850366
0.48766411145268174
0.48365267674387463
0.48102942038580726
0.48919765784277008
0.52248739999920235
0.50479948963423338
0.50628025539008148
0.52070968268699458
0.50913270995861515
0.49326586700070618
0.45904689351282096
0.51383656839315117
0.53239736439903651
0.50173585007004828
0.52285022741343112
0.52206253122144897
0.50457519817967822
0.49553139693690318
0.50161300508782858
0.30134125209652995
0.30705491786537148
0.49939621648892929
0.50799305369841552
0.50015633672560589
0.50693760432573964
0.48938084353959832
0.4922245414010426
0.49644047432734401
0.48162625620144506
0.51047184502643939
0.51534991428748256
0.51350466671740624
0.51486017776535065
0.51582012950106948
0.47974822990110189
0.49214127073204728
0.52813732441427608
0.49371244002517195
0.48171112089613011
0.48893610467862259
0.49627495753520096
0.53167134551784911
0.5049345363916703
0.51748445777885144
0.51986606217302755
0.49509510168250792
0.48596410720402644
0.50303096917828916
0.48871909070082692
0.48207063031340974
0.4947765303181646
0.33786023499334761
0.27009480845623851
0.50729314365208356
0.51575820087737045
0.4951585919572854
0.493378913110951
0.52416529591379546
0.49981776216534529
0.50833122840924239
0.50680084361373134
0.50418289299758756
0.48938975032609527
0.50206385731707948
0.47242455871403827
0.51130990842113
0.50909642003890243
0.52190395245102317
0.53686840807506642
0.51446000731289465
0.49282423825518207
0.46724040290028324
0.49547153468649069
0.47398983598705074
0.49418656503860842
0.50656454241616278
0.49887046334368634
0.50515025325422802
0.4964562022961303
0.4826066060481452
0.5424674552438854
0.49407274275560908
0.47698862141377496
0.30317206660159446
0.32844964583982478
0.48846824177746284
0.48696602159736174
0.53906684728340892
0.48420837296865493
0.46656474893482536
0.51007142302200814
0.49363230802802854
0.48602515116529754
0.49393116322213004
0.4817891842492979
0.50525216257973715
0.51217615710347053
0.51225300177677635
0.48816819544293483
0.51284096605597695
0.50707324744731175
0.46666563805049466
0.49844336583160992
0.50721435359014222
0.51224150254189327
0.51096981043628775
0.47927917970456724
0.51761087204660206
0.49015861282507306
0.49782440764021302
0.52097579773630576
0.50196932496718683
0.47865546172053774
0.46927804509930776
0.48437249722591719
0.30507603534872968
0.2648248430354726
0.48115769991273238
0.48812880709180356
0.53245612572246737
0.49572531143495696
0.50630265340231584
0.50522557808764257
0.4849399409741863
0.49552709285222224
0.52755144498822137
0.47658873967719423
0.52410328938490702
0.50289567843488703
0.52888329785303734
0.49492865399027042
0.51552303016576628
0.4718397809979068
0.50072115083626356
0.50742615791345558
0.50049836783495061
0.52385987227390796
0.47678552277754543
0.50926699249059637
0.49998728653516866
0.48371295190629332
0.47727383528145328
0.4891219639991406
0.52646834954946642
0.50080429993340081
0.4881923461160273
0.49897064066123004
0.29175285487275682
0.30705804823707589
0.53634925005696887
0.50027134792651606
0.50151318851690285
0.48479676447464387
0.52574479052966983
0.48493460679751049
0.4784280314590374
0.48462331650196189
0.50469491851877479
0.52135390703757545
0.51281957930137767
0.51124348948831433
0.47167938640918411
0.51625242900909907
0.50903099820155295
0.50851029053770247
0.48163661802442426
0.50648570786602276
0.52879324640895153
0.52806610569176704
0.50456070589936064
0.51330298682749287
0.49164075715881239
0.47072240449383446
0.50757698937754314
0.52332616611028582
0.50357613531397127
0.50414554941759393
0.51072679434735313
0.49861916029790465
0.31812308251751437
0.29861530793142771
0.4974000102033605
0.45211853362781979
0.4820430730246128
0.51578010069523506
0.48953841317729163
0.50051914720767343
0.47071905320302537
0.48971422980635221
0.50926438526081608
0.48195879900805438
0.48817816709509693
0.52303321851192164
0.47351578292717056
0.5082254847238532
0.47189653670695764
0.46396408779181836
0.50810741177955265
0.50773238127216136
0.50046609793661767
0.49878359712960374
0.49531194871112166
0.4975503056848663
0.49633389029742386
0.48481131566368413
0.50770262776328134
0.50481742712375055
0.50111451167922116
0.49441687895421049
0.49103186555675377
0.48075994751230866
0.28658430261192563
0.30382428114513943
0.48013304688068165
0.51072190165332709
0.53393603389980593
0.50198656492989602
0.49426303376018021
0.52488778697407712
0.52124048410057477
0.50182575240171412
0.47889916814872241
0.4723006450479218
0.47681806649732333
0.50448947564684232
0.50172417844814232
0.51394898822500212
0.48331149321614814
0.50800745473973352
0.51844257466828425
0.53227713136957322
0.48349604259254075
0.48572411491562567
0.4940249048989519
0.51944570566346548
0.49421945333494971
0.48573806777286316
0.50144341197596354
0.49966739417257944
0.50896177636498197
0.49005132987400413
0.5093306530242967
0.5065177930701017
0.25958286469861241
0.28704373806725292
0.51102707101360756
0.51802205005115509
0.48678120860354263
0.47495552437816857
0.46409841609231212
0.47747365632362598
0.49781976900686892
0.52230718513027152
0.51494176873787278
0.47802124753846903
0.49183956878602964
0.5030087145555312
0.49102274872069779
0.50319474381849161
0.4832007889738012
0.4950508312558643
0.51988802863712968
0.47116277390849948
0.50395499623173345
0.48668301224580296
0.49217966361314097
0.49175003260598388
0.53869325813519109
0.47726438019410572
0.50644167052391409
0.4891533932429914
0.52043985647542323
0.49801723432763612
0.50173219418867032
0.53072507856308149
0.31586168404850989
0.26949986847799651
0.51340964047433191
0.4705578085676736
0.50421394865688751
0.52086319041408013
0.51664850954602215
0.50630046576545762
0.53279596519148875
0.5226686089514796
0.51871682650685513
0.48556933639292177
0.49480532025044105
0.52727354021069872
0.51398056993219876
0.49506096726823329
0.48978505561041802
0.50896412932993329
0.49300638120284945
0.50033099922336499
0.52598268541950921
0.51851944395721905
0.50049282409043683
0.49823637096547319
0.51585866011561399
0.51472108713894016
0.4962434782400893
0.50325998585543152
0.49555674052915982
0.54481034054600685
0.51912485843225242
0.50445889280392509
0.30707299097968765
0.27685665293882955
0.52572413236748328
0.48481433340535007
0.516704844046186
0.5171811895582813
0.4773656011096537
0.533237087336495
0.49155650324114003
0.51148328232921603
0.52565663688750119
0.49202329885711649
0.50713005862078753
0.48072057140212782
0.50306178161750559
0.51206383898129748
0.52637256853742065
0.49591933718119852
0.49467112041970657
0.49576449249329185
0.51527157830962911
0.49211034768872619
0.50616803412820521
0.50783670625095312
0.50154494967132268
0.50536181997116614
0.51753007789905714
0.51700360233898235
0.49189441861119249
0.49436707455614914
0.53451398442342302
0.49273934904976763
0.398566950240687
0.35767523752778446
0.51526167623323582
0.49988480988089146
0.50703670522692024
0.51430527991317077
0.51028304014310877
0.50786913879918349
0.49706022981907272
0.49446544503594386
0.49950227191631608
0.47704653897596067
0.45669355254678462
0.50095149310718168
0.49946699800432381
0.49972345559006703
0.48865599591398645
0.48621687389819768
0.48382165936623583
0.52207576405192591
0.50638701228359373
0.50082301869228929
0.50365701072572522
0.5093906496279994
0.50110709381376939
0.49612987680204423
0.49896733587337799
0.49154760188528346
0.49203647085231583
0.51411488178829234
0.47966418758924134
0.50970834659678088
0.34404707873739487
0.2574400662831694
0.49031056679453611
0.52119378524862381
0.49290420241350963
0.49110252192678566
0.52183454134493068
0.50105664127147109
0.47964782367492326
0.49410865255913256
0.4994229849862768
0.51999118955987378
0.4991550387186634
0.51573711554331392
0.4913754417649196
0.51031187687395663
0.51691130727827372
0.47499181541368274
0.49154224787508732
0.45233545836127609
0.51213950183849744
0.50781725740898054
0.49474576339419513
0.48368365158986143
0.48703469898538582
0.50011204925746444
0.50491711626504687
0.51750940354803421
0.4742762688850185
0.53552279511830458
0.53131908930271721
0.50524341748974666
0.29327273554623534
0.27975874866549932
0.49620532637527309
0.51924742550108771
0.50102573670078132
0.50445993157965074
0.49784599037547655
0.46647216886019682
0.4844869916144276
0.49340402481699236
0.51917842998937502
0.52212740494361687
0.47110832711198825
0.47287356090380195
0.51876705926781363
0.49331820247226832
0.51586596456883382
0.50772503132548374
0.52128328018129899
0.49828662829522485
0.48120145554827043
0.49313378976178179
0.51921174043600349
0.54184216616939562
0.49121551636788074
0.48776704270506666
0.51072094807175261
0.52451024140587699
0.50811383159492229
0.50551300863121384
0.5029653528708683
0.4808188515306312
0.31252306251479728
0.30288443871251347
0.50392786515885246
0.48554656987905703
0.50514405553691366
0.50676305781188247
0.49254715092982659
0.52510331512664532
0.48067077617987969
0.4866800071377792
0.50369359349984866
0.47412206241726595
0.52210305751642283
0.47868033661025255
0.49050716770279518
0.49272216942500713
0.52388337847973288
0.548010265792094
0.50123501037785922
0.47212306912240509
0.53449609589358782
0.5054324878242894
0.47601877609656668
0.47013564951561154
0.49959074425024591
0.5168054789704386
0.49938404178038798
0.51345790663827018
0.49314500859197613
0.54782768670046389
0.50548094402733068
0.52298533811431902
0.26404047312568224
0.34300585870584244
0.50868314452581442
0.49782985043805728
0.49265355910293085
0.50412743542383431
0.51208545340542233
0.51840399546999261
0.51132512345806991
0.51788950179350612
0.49671621308093067
0.52708434470828425
0.50381891841061643
0.51743066422454898
0.49491980836758054
0.46575262715329452
0.48337176428794942
0.51329778684889782
0.51805578777937966
0.49601871920608342
0.48556921365513073
0.5281134538803981
0.50302317107493399
0.49989558036000975
0.48707347613252222
0.51572985061916277
0.47293095493436171
0.51192415632479027
0.46905944740933508
0.48147031044692579
0.50541615106766968
0.53594718813083675
0.37332191621743871
0.2887737515120144
0.5105917693943508
0.52155734816629296
0.51751792085923909
0.50576343320816908
0.51003280341149515
0.49965096371353945
0.49669821908761191
0.50877707002183115
0.48016109539631585
0.48767138960672912
0.50349614448389768
0.51569107823017424
0.50769319203453478
0.51081420564995095
0.52544425099137504
0.48203853161260529
0.53189109409084834
0.53091646663855363
0.47906452012560491
0.48849282614858042
0.52531484114749194
0.51007171992904932
0.48252721250141162
0.49095822622118457
0.46185877276784404
0.51474657845094041
0.52506499202325319
0.49183788701713166
0.49810079349085024
0.49336495113454909
0.33676844132633177
0.2784184869609288
0.52345445327818119
0.49150809677611645
0.48557711282101146
0.5164189753956574
0.51627360431719316
0.49413883227386157
0.49169744040101004
0.47736622485534841
0.50269329412877095
0.48363627542859022
0.4665963277677308
0.48251624669756843
0.51952027585363902
0.50472847091668938
0.48830490272398436
0.50434313827574517
0.50635306426211957
0.51420960522252712
0.49091274563756693
0.45009127799329512
0.5094285884441393
0.49497534813763477
0.51113420097463069
0.51351710432302422
0.48806040116843841
0.50533425660484776
0.52464333997059831
0.50647718957613452
0.47384940560843358
0.50686786420638585
0.30372914644502813
0.25694654392817884
0.48214576386435309
0.49459348218460619
0.49666514236599169
0.46825774824938754
0.51092476858274216
0.46054651896194565
0.50985121585801274
0.51505011061144201
0.4608167650731067
0.48504143187540771
0.51828507686751857
0.52366810382048812
0.49372282325960704
0.49635327922192973
0.55053323308557123
0.48646108679392713
0.5182032118900608
0.52113504857323623
0.48406101350058722
0.51217089467811461
0.49934764216851169
0.50913168339693171
0.51837460802505508
0.51753299634170158
0.49180370624685804
0.48865938226520411
0.50919752971431498
0.49775326317405183
0.50520951230004896
0.49842561107527389
0.29955436995331791
0.29683520712203426
0.47259245514906523
0.48669765330338804
0.50616486522631832
0.46276030323103784
0.50028687909433123
0.49174362439675084
0.51044958238529847
0.47188987047281306
0.50017716654616939
0.50978162635072377
0.49404213255547785
0.50977648979909351
0.51622407669445625
0.50472336371265636
0.5026970822256932
0.52170849796309493
0.51074368989282082
0.51668122811804751
0.48330607969551131
0.51692104561872165
0.54668100697109656
0.51350335590873986
0.5114348170539188
0.50620681475535867
0.48003903928676794
0.50320266046620032
0.48251975767107302
0.51904396215096371
0.49688499408915399
0.506843033646731
0.29878137311218184
0.29790856729699255
0.49567544356832149
0.48286600000224483
0.4830467119202293
0.49245568797865569
0.48679489590435365
0.51532046062531545
0.49668513951131693
0.48915638286554119
0.53272106630713112
0.48057717519417459
0.49769044346498054
0.48629874480651269
0.48267026624017562
0.50805954688670629
0.51615434923810488
0.47745557679772677
0.53222124999857601
0.50564248870076001
0.5044909718619216
0.51942554557133913
0.48989393847520529
0.52100345699200568
0.50036128458363005
0.44487086684169858
0.50314762668623614
0.4847600802346464
0.5275432447518662
0.50587176146526502
0.52125502583191596
0.50157170893156411
0.33899379023922771
0.3333703035715509
0.48778189061197991
0.48644408222988017
0.52564371667428067
0.49441877193199335
0.53318096544441906
0.50929553381680881
0.47721540196776074
0.50840695632380151
0.52994736433553391
0.53025767506113264
0.48530698391309729
0.54032122665531024
0.51178488342623274
0.5237264340115213
0.52852436140907422
0.53318007479129581
0.50110510845700118
0.49993633123658349
0.45706333334258581
0.49515628480403401
0.5138191412962253
0.50689429660612495
0.5105048380637226
0.5180503292773273
0.48954889872810003
0.4864380917699937
0.48854790800146952
0.49324220201233487
0.51495200603191371
0.48701987285271398
0.32479516619346949
0.29004970313815792
0.51462271032014251
0.50127761557560768
0.46957961997957448
0.48757779264832352
0.49629819277284304
0.52967715621147216
0.50732534734754031
0.48894951568986328
0.51535617244188026
0.51661904291351068
0.48566218209699563
0.5092946962495557
0.49897795877907758
0.52011621502877925
0.53924312199086155
0.49284291842812189
0.48660113299579405
0.49706808021182841
0.49716410564583591
0.5000721109095444
0.48158426186596459
0.49179537675698798
0.4959222524052635
0.49904284664364951
0.48453069865293891
0.51267850204669196
0.49612950579859605
0.49176792433757588
0.46460932391392129
0.49505627244579625
0.32084744421981193
0.34828924809973161
0.4995082288273886
0.47113801195222094
0.5092731521929984
0.5109422786579737
0.50616177579196353
0.4686128315843282
0.4857040173970989
0.48862330160447925
0.48661677202131126
0.49000537598634814
0.47060203379458665
0.50223831364254989
0.47674724785089867
0.5146181424767825
0.47134931330835778
0.46145727658875918
0.46902587967377279
0.46309446951104943
0.52551893805097838
0.50028272426239495
0.48825247719195591
0.52551016263993411
0.50542984796999724
0.47676113737655573
0.49410017802134676
0.49000218701177917
0.44958652356785767
0.50882114361339914
0.51543391319302889
0.48129913958106091
0.30314324051256147
0.18031998079743225
0.31791390658140961
0.28807263916762449
0.3674176996035125
0.29101623930136072
0.30465072923920533
0.29345583732438035
0.26941386439097953
0.28681246918705589
0.33452598490747509
0.29521080194401816
0.30026741110657168
0.30472382195121922
0.36368165845257006
0.30697972011542146
0.29900954209729547
0.32064276465680641
0.33073388084240307
0.29837536318461222
0.32573157152485516
0.31808388985645186
0.31817614939670202
0.31443194933330854
0.38776688228512207
0.28592816758292683
0.33364619484463331
0.28598803147761598
0.30097959617486553
0.2883652899749658
0.30611073688619261
0.31629094848668005
0.14547961045646823
0.17152854131688425
0.30637277404738433
0.2831305028452466
0.24437746245873398
0.26736505186383736
0.28690713667692447
0.27752350781390833
0.3319083136699284
0.39120367807421391
0.26374444104310907
0.28049650167494972
0.30366560384834707
0.29288688236280053
0.2890252888180857
0.33569571631746598
0.29270307054149586
0.31312661597458336
0.28512773693079047
0.39357065258860857
0.30029091989942036
0.30028910196355396
0.28514642956970959
0.32635990247969959
0.31274096409859814
0.32628435963668462
0.30617519124541015
0.2812136079967531
0.29675876672103357
0.31174670518150399
0.35693249198798765
0.2891035977069677
0.20047659334676166
0.30183062599143473
0.49318081437998351
0.47065775168219304
0.47086529357919565
0.49815232334701853
0.53615212636193765
0.48846114025650694
0.50373675467041834
0.51156702434197154
0.50708667759200809
0.48511825258409924
0.49755451768199999
0.50683651021633447
0.48703706647665335
0.51485046972393655
0.49649815772573197
0.50831353170536919
0.53833596067313938
0.46365720336968014
0.5058436828012437
0.52537739526903049
0.50353777898019625
0.48921410894000156
0.50947408329459287
0.50169045426201064
0.4906064832072366
0.46857887666628428
0.53328737407676174
0.48804382540162927
0.47142354779858942
0.49940990390719531
0.3269396267574019
0.30222331541047398
0.51623867497544584
0.49696854540992541
0.49071305923755509
0.51589690111210718
0.47823024512604512
0.48700809515378812
0.49744857560608624
0.50118819951643478
0.49904370353232042
0.52486070167368748
0.50977061512465438
0.49211865087943368
0.50429117248447064
0.500094725078851
0.50357245324199229
0.5269665064242105
0.50231548455197172
0.50505075271860933
0.4939420910875581
0.51925702747820179
0.47421293368465284
0.48852968531199181
0.492533958618805
0.52308523854711864
0.51212103046730206
0.4928209727407879
0.49650671926858186
0.52651827984887989
0.51412822072715358
0.48312079866954249
0.31253609354953699
0.31267424441980174
0.49729179424741282
0.50545449917369267
0.50354234977856704
0.49842917516028817
0.49340821329006118
0.4952051060013164
0.48337429249369634
0.48439932313728445
0.50118819759266431
0.48547002503215519
0.49638188010669948
0.4733909840047813
0.50996786673638406
0.48882377926171172
0.49992745126581861
0.47846238501857524
0.49285686503723308
0.5038310736190762
0.51308179094075967
0.49134665683366352
0.47291730666216292
0.48594047891203157
0.51274327171609702
0.45404172852462227
0.51540914536921179
0.50721194887684806
0.5308493362984259
0.50220818632712927
0.49121763013327485
0.50501354162642176
0.28244005367563679
0.30116519942809228
0.4964605782829255
0.4737812723612273
0.48088296250234663
0.50423902406735321
0.51117441876184777
0.49654575457337374
0.51082456730928338
0.49205210350276413
0.49553295714856765
0.48607639024970306
0.48913217239597939
0.48263526509626337
0.51786613949634575
0.51586040406688982
0.5127670584131987
0.48572356121335408
0.49666015745473557
0.47409566315221241
0.47062181149244742
0.48612353684700077
0.53655500878828499
0.52224041282542566
0.47574699758527322
0.49253847247115862
0.48973291491373566
0.52336028283361569
0.49706393316901204
0.4967247753654041
0.51936114711603487
0.47078907690006561
0.32291459292295649
0.27419903137186669
0.54081083060096036
0.53514531989243175
0.4916223405524055
0.4770879087638295
0.49002901988145448
0.47940796667010133
0.49441247859478193
0.47185932329771574
0.48253011826410341
0.51323787086243189
0.50566204783442059
0.49116721828904325
0.47838624217344905
0.51382306643907116
0.50731964162009013
0.50417236955650113
0.47383045543100533
0.50594912570015504
0.50326142520259276
0.50991060048836712
0.50703137929015429
0.5312127587632407
0.50390937194560359
0.50386688489689535
0.50177876679174627
0.48892731569521808
0.46093475084331448
0.47576781410988411
0.49277179905441615
0.49550613755938056
0.28870121606824728
0.30423545039758337
0.50666802192824034
0.47467401345025678
0.47459323275285065
0.50440546922658014
0.54481030276091169
0.49946635908775711
0.51264115859738624
0.52092221922791349
0.50006047310709656
0.52729949672886911
0.49678810555865377
0.50929473875734976
0.51772225975735897
0.51419372280873443
0.51343889439933832
0.4698230239379082
0.48809435082747193
0.52649930335151252
0.52359021582570853
0.49804160698974781
0.49096266485476608
0.50084512474028686
0.51098237143891678
0.5002572358074483
0.49969792472374669
0.49558776797581033
0.51165963898839872
0.52941732948595743
0.49435074871593354
0.51687213901849027
0.28198350813261924
0.27164831467150685
0.52589246659955169
0.5065791364056258
0.50870323329868639
0.48508325645772926
0.52917866465741081
0.51349448779427942
0.52927039039313017
0.49771161713190459
0.50658206919348481
0.52613866585949176
0.49460741980155259
0.50890142226965895
0.5067432673975415
0.49698862013638889
0.50833257082400707
0.49890632868132401
0.47866727830225625
0.47257340145539051
0.5128379778162151
0.49302290894548423
0.52079301356738916
0.48839172487735127
0.51180643202227638
0.51390872439759039
0.50530797578642139
0.48550270865430301
0.51758574881830366
0.51033587985280904
0.51706913606391613
0.52172442920759909
0.29356353660421203
0.31837868912902084
0.50912774001611649
0.48106031735659327
0.49579004353780637
0.50178375668563902
0.49567662702138687
0.48020082683856452
0.49809418798236477
0.53344655283383713
0.53079737111314373
0.49816198930702299
0.52570578123567246
0.51605406419157496
0.50981484445722691
0.52756491163063324
0.52362321239474741
0.46812722808442547
0.49479348582935995
0.48941177446158352
0.48875593190021366
0.45583477303170872
0.47342704761915316
0.50367886352820268
0.46598666499142077
0.47973637305464717
0.48965699263397433
0.49185674817986369
0.50112119087481155
0.51193928985129444
0.46828853651881064
0.47343216311660091
0.29361681185691901
0.27599185127835196
0.51605948616582897
0.48823711407552078
0.49314540308825983
0.51973696929999869
0.51003862402633582
0.50439314644798028
0.46342564145051207
0.50050804324160514
0.5232082083453492
0.49096652872421531
0.49920876428920397
0.50243883591612182
0.51734590621861254
0.46039641338774545
0.47931033893271036
0.5323832606056873
0.45845728035425465
0.50343971289544254
0.49087008362811846
0.46275162264228054
0.51524208080656897
0.52010742628241158
0.51294276631530844
0.48478054493192468
0.48050147499961215
0.5092610865469972
0.50445179087366521
0.52398497939519162
0.49355027832832021
0.50186271595396015
0.35494677240835093
0.31731906236637608
0.54706456174078655
0.5082146686488872
0.49399748731644227
0.50261631943359864
0.48124408537028124
0.51340831140786436
0.4998049635540327
0.46101130240442506
0.49619917389713469
0.46641380950105193
0.49262085667813266
0.53766503537222343
0.51947839316519995
0.52534935954934348
0.50978001051907218
0.50013347016313703
0.49618371849273812
0.49895265974750047
0.51690129944216145
0.50455304048454386
0.51164879271509156
0.4946765752465907
0.48260848104342707
0.5010203718864048
0.47562999721284765
0.51026690757236592
0.49753434147092429
0.53804583506636949
0.48267104494179658
0.47152729398252274
0.3025522941716729
0.27435811603497551
0.53341403561785106
0.49274634948548202
0.49683406402943858
0.49159529267493546
0.48971686873717851
0.47325024085928413
0.47329250798699302
0.47496971605891214
0.5036435550259637
0.4954357373895692
0.49828991542020268
0.48092020078696829
0.53754291672433296
0.50092921063008011
0.5081623370749967
0.50556917475687146
0.50321353313859785
0.50368161212464146
0.5197362855291382
0.49308051919930967
0.51746969053867442
0.48416273531492532
0.49278446320364011
0.48216668896362908
0.49824928521894002
0.46995998540825212
0.49987503925375559
0.48211386559986741
0.53081888877511751
0.49536388172523849
0.29946655025130225
0.32931982047001113
0.51007500755247959
0.4898607091649636
0.50656258615000349
0.49760907732437576
0.51764148969453927
0.53539744337696615
0.50315447853480177
0.51722201970079329
0.48677526214089673
0.48380672340572484
0.51452620759504564
0.50831349016571181
0.51605297068000411
0.53111490699282504
0.51584264665376267
0.50111377493560005
0.4951239751439715
0.46335688331953295
0.49166831661938509
0.50373502713416574
0.48114215630597418
0.51979028540157413
0.48366061712738523
0.49791514459551484
0.48078818510881283
0.48600530936017611
0.45324191231605709
0.50109765921582672
0.49824674960528875
0.50526803225195926
0.32235843783873636
0.31346902602367333
0.50434311145141419
0.51355325273171848
0.4918567216418101
0.51824318631518851
0.48077284167691187
0.49695302773836747
0.50504661547086693
0.51897428510261279
0.47093139112304472
0.48259011799608986
0.48623296607884026
0.5146490682084911
0.47704739048174855
0.51651608709285202
0.45680077263354013
0.50214038944550043
0.4802950163312078
0.51598927008416318
0.48953240778928858
0.47676408798738662
0.504817301053469
0.50965400193753607
0.51552021112448077
0.50031578912765262
0.50019411249647749
0.48851887802284993
0.5018995811836704
0.49101317392478161
0.54767908811961974
0.48300487514475288
0.32472570773175158
0.28719035872535076
0.49405642922901216
0.50133033985694608
0.50240669401611693
0.47982221412410231
0.49208378319206891
0.49218469937004722
0.46408604618727256
0.50220900402280155
0.48534030172607306
0.50719240991536685
0.48987680623564006
0.48183479852097971
0.47773226066309843
0.49426783896414128
0.47433829730010763
0.50065957822010876
0.50144347875189443
0.48283013937656905
0.46997158422566948
0.50705097949455102
0.50914395283489422
0.49280580215782199
0.48147932242328073
0.50117515081525166
0.49181339986456019
0.50020535952281719
0.53314673977692362
0.50234235829119545
0.47184831842252684
0.481736766887917
0.29718226066891679
0.27785712616982555
0.48695946266056139
0.51671427805160841
0.49137277116811873
0.49152298456832716
0.48826782966992488
0.49131179191208491
0.50430936931741077
0.5088803132538291
0.48569554389915132
0.48564821783622902
0.48690489461230879
0.50230255145094049
0.51165114678729207
0.46835257966644489
0.47722270976485337
0.53425000931243605
0.48856471167760357
0.51648516859029903
0.50539780897813624
0.48566171387796214
0.4953023663078423
0.46999595550721984
0.49951502896337319
0.51842626845797291
0.48313721642788288
0.4983442043537914
0.5196696258716027
0.52572259614291927
0.48968727947804103
0.49989851300821514
0.30589765084156179
0.3198531675094306
0.49160451651393844
0.49234267572365609
0.51146323585013309
0.48565666943423225
0.47385787712002614
0.48706597122186002
0.51893587741069369
0.51806678900551417
0.48885995132507315
0.50374235833823799
0.44920413062594294
0.51058565259087496
0.50194235529362718
0.52280496380365149
0.49131563382007526
0.50970533964540143
0.47387510442337216
0.49207922492907047
0.47697008242799793
0.48345078845116662
0.44931239889883495
0.52393955586837526
0.46679582702997635
0.49856960120545279
0.46977722883215595
0.5225882231720903
0.51944085106304883
0.53640866045899949
0.51234912672546284
0.50083377923423456
0.37623290010750871
0.33278577881234023
0.5104012418876176
0.49747762850936472
0.47373493603225719
0.51780606193927592
0.4892773952836692
0.51788266573011887
0.52320529727825615
0.49556146758887121
0.49535165751111759
0.49368754593960407
0.4756657386478465
0.48250003665177071
0.51424378656759551
0.50329596707222524
0.4924602132938275
0.49858057360669761
0.52503444816937916
0.49140548804443518
0.48793168778871271
0.49777752688963672
0.50713744769231039
0.49238998433372932
0.49511226056293417
0.47142134470184588
0.47460263293411808
0.49213393717448589
0.50438978225530029
0.52399073227766424
0.49166454116295011
0.50745993248832111
0.31488738252762061
0.2806469557784646
0.49890404044057374
0.49541675750866226
0.49573892210296505
0.48873996856630897
0.48256791008564404
0.50973237258186199
0.50931654807865656
0.53013300349690851
0.50631739818891275
0.52724224862150837
0.49840816241966196
0.48779105353087898
0.50740579204854186
0.5035233179489359
0.49304309127505147
0.48600100442054733
0.51530662071191591
0.49339625929890291
0.50410634746592231
0.4905609864456999
0.50612230153698468
0.47918307823105188
0.47604606779458386
0.51270450843166582
0.5262009278227211
0.50062371924640925
0.509897632833056
0.49928954074961107
0.47100846809318209
0.53440958089363866
0.28782943028854135
0.32263365388184084
0.50580087808710439
0.50023866489339386
0.51265825745888149
0.50439925863299373
0.5122561905445272
0.49406887760423546
0.49855181904089052
0.47821598208314531
0.46486103605935775
0.52140578679935212
0.47183469892947599
0.51613899304920519
0.5115989628739166
0.50992041840675872
0.49059257969629666
0.49410519030132449
0.4892950660503495
0.49285486341442719
0.49583220017931906
0.49010192755717613
0.49616067252741541
0.48506002128489317
0.48648460065563687
0.48259833858235129
0.5081588666637683
0.50997922744540214
0.46508661255115297
0.49844455265244997
0.50510557277499546
0.51800737690541376
0.28331690666379838
0.28939613707557155
0.49861905408071433
0.49774712422900341
0.4644369793805882
0.51358838681361085
0.47640689093445954
0.49402396185194364
0.51294388126314117
0.5250984405597332
0.50025734138066691
0.55010370162728106
0.48957490916625057
0.50029197070418419
0.50915074964952245
0.4882204023503221
0.52215776923656254
0.48238532733313533
0.48890979643436239
0.47124691229489396
0.52089164886452866
0.50582131899864446
0.52230661764658248
0.4936893743005682
0.48511915649387349
0.51606227441894437
0.49979207447862206
0.51495150882002039
0.4694730257932993
0.51131478203120739
0.4935716002007709
0.51768398516461112
0.26772891405399535
0.33635448153179126
0.47611475811658194
0.51247150168438649
0.50606145180684348
0.53284819720919074
0.50204046265774216
0.52033536161511373
0.49317007638750127
0.47331209211462372
0.49687414928511325
0.5063157472503661
0.51086040173860869
0.53589160112945367
0.49950399494269582
0.54592669628490542
0.48828919994418135
0.49536649585726339
0.50422659356614896
0.50788017600528401
0.50801994633410152
0.5130940404808485
0.51046291918365072
0.49742642255857838
0.52649945365587769
0.52188300425359735
0.50339274296001646
0.51846389562614692
0.5052667488821917
0.4978559869821233
0.51149691529730579
0.4969938824255753
0.30595133065222935
0.30630358848179801
0.46932736006928166
0.47449070882569055
0.49621954168104959
0.53221305771503369
0.50574461992751174
0.51249675881930201
0.51452784629274972
0.52230016320517025
0.51275670741142287
0.49998938454762915
0.48970469233873187
0.5061865597492291
0.48756493370298204
0.51717259773862945
0.50699622984625103
0.49173949050719495
0.50953440583459253
0.51282335402134416
0.48043872082996031
0.49420012089442122
0.52317545211131455
0.49771207668891632
0.52339994280515312
0.5004636200574033
0.50463755203404814
0.50220144762619567
0.50674523321273302
0.49039817611319558
0.4974222203408511
0.48234621766726138
0.26517422882811653
0.3141409478256576
0.49923437052893427
0.50785862868549514
0.48566542478244445
0.52775651811696478
0.52368377663706367
0.49830347112806261
0.4954134861513409
0.52439924210199929
0.49925784337303475
0.50902645010178293
0.4900513936387913
0.46769629527419176
0.51121237178416101
0.49762692810677156
0.49504562354217402
0.48942292905534968
0.49992463672906956
0.51179059371676028
0.50054401883681887
0.5000010182866913
0.49644821632183761
0.489130743755887
0.49802941742772838
0.47560167754502108
0.49934392358664847
0.49890300837119211
0.50081938051937525
0.48479347807730139
0.52004713037566463
0.46542932841065743
0.3433704807288428
0.31929524487785144
0.48622610224020063
0.5086261524306267
0.4827350421872858
0.47865677977128185
0.49325867813046498
0.4818442055376923
0.50730658573081033
0.50221245463739361
0.48038859053826688
0.47645613421604377
0.50877240626755349
0.48643975960785918
0.52743903986395413
0.4995303415898722
0.49196905137328795
0.50678290608165111
0.50550265879717471
0.49303939075422282
0.50058000027524596
0.50118317858111716
0.470185127290842
0.51038841614239294
0.50364788039677677
0.5232422233133972
0.52304807713880952
0.47953222527712464
0.50284418966370881
0.49554782260250752
0.45105456253305776
0.50215314632959873
0.27831830641237126
0.30715411788147784
0.51225989290678531
0.48211199532596982
0.53532991875114877
0.51356575613877342
0.48152927013213864
0.47969147890114261
0.47672735526847254
0.51193090925552087
0.5038810657994226
0.48015889906638576
0.48525566562598893
0.5347525227630231
0.51946070874144645
0.5020164833394718
0.45882419827899507
0.49251225157909606
0.49726028199885614
0.5113161483213774
0.50489151057211989
0.54306465061206344
0.50890095770421273
0.51221367252721661
0.50969879912758176
0.52223050094167756
0.50518538415915704
0.50943531084862959
0.51433178709863447
0.51880693796147481
0.51362048055834308
0.51930284829721518
0.27721200765502929
0.3088502845971775
0.50076555569596459
0.49904707467564968
0.50274104453780111
0.50692647628960086
0.49306903703368871
0.4924009276762436
0.50486719693705362
0.48427082893860862
0.45673117123200013
0.52291550215060256
0.49234707162353031
0.47350062830695905
0.49708723991515541
0.47831472501419875
0.46914236671970738
0.50860581820051898
0.47960822930515923
0.50513379416142934
0.48565161176216914
0.48309934628194506
0.48833429937870676
0.50268574867800808
0.48002299167201434
0.51041872739233141
0.47927822617649696
0.45803536126624261
0.46280827748966358
0.50471524643443633
0.52087317480558648
0.50554991994378451
0.30968195909234247
0.30136079271086069
0.48016947505725815
0.50428793067156596
0.48927783353892018
0.51760111758378313
0.52837237903031808
0.52463568518436632
0.50640354354371275
0.48379528335961752
0.51023434049513805
0.5074690204005482
0.48178231237723257
0.52529168765815137
0.5076028253415763
0.52283350521165051
0.51173320325099247
0.49803052825967048
0.51711552115589821
0.5174278596679357
0.53237297242383042
0.47651491583910105
0.49189906748683487
0.51194750674777434
0.50936909790893647
0.53498184074103128
0.48915539359008375
0.48992255909251531
0.48497422757832831
0.50441889908343773
0.51861350220716673
0.52722221618174159
0.28713412154563761
0.33669337039997249
0.52047657988964902
0.45782371801034766
0.49461091831613457
0.49660785324082002
0.5287858772849674
0.48798270161804547
0.50894242996972316
0.51216618071683051
0.4971794701370692
0.47878838095098719
0.49824826482925011
0.52079116001167558
0.50215594974380673
0.46091321097465987
0.49264484582737073
0.48874470710512286
0.50636460211116396
0.49457491513741325
0.51202430260730614
0.51914062824978757
0.48526394098954945
0.51412586912823721
0.51038121862902963
0.50256230630588861
0.47970934677065263
0.50621768138174505
0.50436492606873073
0.49091574386313169
0.51543406047275431
0.48471470401992661
0.32756410289919075
0.3397269573291759
0.48588403469307545
0.479907416444396
0.49041928024182518
0.49076384052085226
0.5058786239137949
0.4991916256839844
0.48189643348156136
0.53941288584054847
0.49473684560883596
0.5128156237082665
0.49220449138637407
0.47038896481085585
0.46892085448734805
0.50452638400538585
0.50173385953861049
0.52610768693950205
0.49292536665162046
0.47835278087308608
0.51064429240983789
0.48009454974442628
0.51178488446538195
0.49644077998435093
0.47011035755080804
0.48708615179964432
0.50889008281390491
0.51397320713593331
0.48097896140500679
0.50372079348845034
0.48115004717497839
0.49921792035355017
0.31333107511731206
0.31741437497269781
0.52701961120608931
0.49732566000623402
0.4850796301387702
0.51411045733000127
0.54369491836724448
0.50569500186728045
0.51274126060133318
0.48541489141210087
0.475042000863658
0.49628125168498244
0.50927780273296852
0.4939609904175235
0.48554114181560215
0.50596969267973513
0.5114137902436473
0.50496035906740588
0.49940680330224857
0.50708651703475294
0.45357639937650068
0.49401938336475321
0.50348377120412535
0.48667357617482554
0.49366092335787243
0.49996761286596353
0.4901700470138225
0.50974490587838961
0.47602611292841551
0.51161538031568898
0.48649463102156348
0.49818583346194928
0.29541238049022273
0.18378783455556247
0.32117845315304705
0.25850720615573758
0.29611726053245868
0.3870632174279563
0.29625274360018511
0.38011146906563942
0.33685626893258197
0.31266719345624655
0.33792489729572628
0.30723968201872531
0.27565806035606255
0.31030134148159211
0.29227249644088565
0.26766905575457273
0.28323554931289274
0.31102534345646005
0.30546383366965402
0.28918004816665421
0.29129376580299904
0.27608154615634356
0.29434455826126027
0.32085104389396824
0.27395216822716467
0.31423524150080562
0.27522476752365055
0.27279345769285679
0.28709750957472174
0.26111594833847607
0.31892164419058067
0.27500174145622092
0.2217926203118443
0.089497143829574549
0.19920590781830497
0.1890685741872894
0.16693947792496255
0.21155852050757129
0.23743928088992849
0.27279682976511871
0.21612469069560908
0.22834722654759598
0.16749041500411965
0.15585106000292032
0.21346214742626601
0.2557473382647053
0.15700476250389378
0.19102369088497601
0.16206544968264275
0.22892843484329267
0.19759019778071246
0.18124199075459202
0.145355817478907
0.16705735744988309
0.19605354752550608
0.19656058695945908
0.1835898057732494
0.17517078709200437
0.18647349365653593
0.17202495651817476
0.21876952724748033
0.22091485632860736
0.2120573108245557
0.18197882651758529
0.31974237925385185
0.18197907714048225
0.30011570378148744
0.31042565887781165
0.31223337357115249
0.2813813490856199
0.32732202120008846
0.31568000625649723
0.30999301993536432
0.33223010416006515
0.28722721041165944
0.28475986259538516
0.29945078320733504
0.27964028531658691
0.29492635784365817
0.32906561511999582
0.28388397715811109
0.32120347523410964
0.3053250259708446
0.27014837362060512
0.28263344974460086
0.28811906447942082
0.28656726325825205
0.27311951513998983
0.38810474756085706
0.26986820489910623
0.29481899078448576
0.29854404016771385
0.28893953738973743
0.28896933674344127
0.30146271718413525
0.33798916837054599
0.16754030447924295
0.16621658096955266
0.34298309963905249
0.35378571786422469
0.27129589520976843
0.2716516167875363
0.26941165805329736
0.26747627791249162
0.29810584765306025
0.31058626067485906
0.32751882188605885
0.36618835551680157
0.30850830886885289
0.3092232715812443
0.30712779437941468
0.29155208254148313
0.28682270171997387
0.29080108471058758
0.27429369716444701
0.30797332607935468
0.28194828431892494
0.31657649614476435
0.28450698974911454
0.32850368369058253
0.2973072821376796
0.28992763033473767
0.28977802591104723
0.30890447777835284
0.28905117727782526
0.26145541104656267
0.27371519507421577
0.3079897619714706
0.24152600061127219
0.256430012605392
0.30608459016241235
0.30632193863722196
0.25529055533562856
0.31088361574082485
0.30950451081421526
0.24964919300672256
0.297579367556422
0.3212857925610495
0.30917425955933642
0.36134035080809579
0.31023933819879984
0.31604575444801974
0.33324242913838459
0.2893946099919692
0.3119102939319629
0.33368886869352293
0.34902621724737587
0.27838158172445215
0.28405579317964019
0.30013914185282076
0.27764118824113232
0.29047445261926852
0.30028743967284149
0.3202307319118885
0.34946696609718508
0.30465735597168503
0.28051061990821557
0.29064851422376942
0.34302387241218851
0.32679800381378121
0.21573505462770257
0.20882264551441346
0.32167198373757055
0.30865049762932839
0.32294669268499943
0.34240080716513049
0.25427565657999357
0.30160438590815059
0.31834318952990476
0.28861597433547537
0.2908920919781981
0.3226613306515787
0.39487393387212333
0.28037973332736887
0.26552779459687142
0.2748116153657652
0.32083100374481199
0.30052144719468754
0.28479442941359906
0.38201567198872577
0.32998852600494627
0.29541583238505387
0.33987175037262785
0.27111867858995053
0.26381816465464514
0.27434339560395554
0.32593366520018086
0.31279694173381623
0.30599178974431929
0.27315942408703897
0.3331898916907593
0.28215390948369645
0.15721776789294842
0.16664342222506173
0.311710812285522
0.30718080410502813
0.32151002660288269
0.34771026435451852
0.26336307050153607
0.2763924719691922
0.28486199145768204
0.28420897876586482
0.34146815023416133
0.3136403035986654
0.29214771054585631
0.29911964101561739
0.30632803688580584
0.31792334844321785
0.30507662669491042
0.3389801002605104
0.28605839089845675
0.29268492688288927
0.30226576811005162
0.33132275768226926
0.27440476010227988
0.2938462559625537
0.29877486486563842
0.28870468883483785
0.29109343309487823
0.28680324337596536
0.4280375444296407
0.37540336388770368
0.31464662477729199
0.30407192483897461
0.17159397862595052
0.15708829803854049
0.31218665101667176
0.31127769160489727
0.31004625504195626
0.31355823218124473
0.3298138877156358
0.3275533217952496
0.38552669143898943
0.31924378915255813
0.30974341064916822
0.3121911808732119
0.2888872378362663
0.28526271040914558
0.27394738671900959
0.27082659414237253
0.29474170951677675
0.298500150483063
0.32949094906995297
0.34839819255486404
0.28504920664896105
0.34636944847409706
0.28690902436259108
0.28951176091623265
0.36450897147390959
0.30119815735832667
0.2880585941421881
0.28743896835394195
0.30704408772708214
0.29538801397301695
0.37464630299832263
0.29657960852639453
0.15165177485711778
0.26058873726751686
0.28654848937137273
0.30663780588292505
0.27895612394189367
0.2839925816390988
0.27577113479653853
0.32049331738015774
0.28852526417590163
0.28192705695966813
0.33806334433383312
0.25054508717803331
0.31093389792939768
0.30842483988998387
0.32342762859823054
0.29937779602743053
0.28622602625305205
0.38828548592098439
0.31489297317070025
0.32008062155795319
0.27814307714214848
0.3155290190642776
0.30450314237007142
0.31195055694158186
0.29610889452323658
0.29681130852238391
0.32931781733865301
0.3204974961931798
0.29907568599166701
0.28127417068066513
0.31620040252762505
0.32942868031245426
0.15993263824010573
0.17156730931702013
0.34178682060807369
0.31882067828182031
0.26709487491257283
0.32949832559059883
0.30155364688343195
0.34564095203170675
0.30549497525799674
0.28672680411480483
0.26511896113464622
0.37860787838595145
0.34071394287511408
0.27832591054154671
0.30360502369852416
0.26712978901982082
0.28468435425560862
0.36352486793983829
0.26247339330438257
0.29174305348378038
0.30657213884013407
0.25805344870613484
0.29186939073470064
0.34821838047490655
0.30848795748040653
0.28974474715462062
0.3218999739749831
0.33489886928368229
0.29888480324372441
0.29602969543659829
0.30158944549634387
0.3305678070460738
0.25680213128258272
0.14173584942411091
0.30633941608425502
0.29398849986586717
0.30260015599384732
0.30801175269527215
0.31487301897620018
0.35954511953401019
0.33810487297967401
0.34590235145055231
0.32780166948713035
0.32760951279066974
0.27671295398456619
0.27786291048047795
0.31501913045925273
0.3109314613393786
0.29611475164568002
0.32922911556333312
0.3027557694729725
0.35193670960797291
0.30945503942010366
0.26774394798431794
0.32607635104275901
0.30571767202194938
0.38124036276701861
0.2587934555730606
0.32539576029033979
0.30866410292770724
0.30293752407754176
0.34830789564518311
0.29737956941405835
0.2864501134059827
0.23438212808949216
0.15096546355594667
0.24668201933333045
0.36276565963837842
0.29413181766463342
0.31973055458454364
0.28624813548915912
0.31618310435632802
0.30026323664386051
0.28015380154221298
0.32259215519368561
0.30635006457528147
0.28759176815521759
0.26929175692666391
0.30723284677724905
0.33427009593006368
0.28458324461108486
0.27642241005935964
0.36692887423971043
0.32003161538063929
0.27234344733732341
0.29696839930198932
0.31774344644172847
0.33599588607401298
0.32302425807050528
0.31963995617353963
0.2996745000915389
0.3315740239210288
0.25545850248443913
0.33568633870679432
0.31733284640564408
0.39013684109211738
0.165752158873545
0.22299645519399242
0.2934864750843047
0.32677434364320534
0.28788601408058495
0.2865393318503448
0.31278899145101163
0.31218288705538882
0.30096956929569452
0.27947752430564743
0.30086341460276306
0.32820130269753722
0.29828493286882518
0.29061431861171516
0.32736318619309046
0.25463205679556938
0.29269415677666688
0.28273816823845127
0.28650198994110526
0.33798206320172935
0.26559970434790725
0.3087274991964537
0.2622257896313972
0.27153348410582234
0.25450569379146554
0.29249651135058785
0.26342667200536324
0.3357947887073181
0.32549817199495484
0.30063601968786302
0.27127528267286605
0.31147080227175739
0.22140237818490915
0.22610385863424268
0.30525449079578831
0.31908791783935164
0.28406175843565207
0.28162362562182663
0.31506150948338679
0.3065704842774421
0.27049512396047642
0.3693133385316178
0.29690285528298682
0.29270938696643356
0.27972023343990599
0.34335057764533905
0.29282479880843487
0.3136134414137457
0.34980033096795016
0.32238210772315168
0.29191061772383192
0.3622569825331694
0.28184174325776584
0.32834918685749609
0.28914065685161416
0.32164633074803134
0.30487242224275191
0.31219219573638929
0.29850686092145462
0.31849743417464116
0.31391905912252938
0.28595578397448479
0.29603085765247378
0.28509674824858833
0.22210715789075322
0.17810804389768695
0.31070966870676864
0.29764455527876038
0.3048032055374007
0.34041828907639499
0.27366927558524318
0.30805708010983912
0.26753932080843423
0.31410467256221797
0.28404025564187979
0.29983144078946944
0.33136069820451575
0.29283356401672223
0.2943934997994424
0.31820948160264884
0.32639847162861341
0.27392891918063483
0.35445501207043251
0.25534540067854516
0.28173078060377527
0.28565498083340607
0.29543716822829019
0.26961260375304974
0.31208678718820443
0.30249175192533823
0.33168799887887607
0.29111897889329763
0.26636488495683508
0.28463585293114818
0.32880506588669206
0.3015541005986852
0.20272163776043806
0.19611891257344893
0.314501450481322
0.29294793026985338
0.30400664123915211
0.31124335388423763
0.33174022861121721
0.38390638189927534
0.34098083790816908
0.32909700344641252
0.33635670942061235
0.29805101017343583
0.32100512869759568
0.29712325933874173
0.27008622953456707
0.33513155489219026
0.36841662572992795
0.33292561823777006
0.29268040758287134
0.27007787756492202
0.32164712311918053
0.31320387854095993
0.32901524510034574
0.31627655499664759
0.26784377249143526
0.32757304031716139
0.29952054578004028
0.27609418929214435
0.28092628250792878
0.27327188947553999
0.28861025294454751
0.2861578087578775
0.23451240469340429
0.15179388900275093
0.30935263977026456
0.28572057725583239
0.27146215870478291
0.3208451813460263
0.30511807031057697
0.30578873638447562
0.29453876959787734
0.2756327815100385
0.29986806778676683
0.30485829704248768
0.34468011893007833
0.29361740127773295
0.340895331264429
0.30069185465810927
0.32028382271911193
0.30228406139769831
0.28415439767405931
0.32659073371575698
0.30166020652286257
0.29314976707411861
0.27896949177659519
0.34831833713011057
0.31625034869114177
0.30720514091898332
0.29120306316642591
0.29418340226272865
0.31639234538512534
0.32343325109849502
0.37560231922276266
0.36003148488186726
0.17827960545702043
0.17922462500115413
0.32575454186427028
0.35662275519759679
0.3179170025206165
0.3516374570112335
0.38396882523485443
0.30176147855522889
0.31098836786518563
0.29984886121250209
0.28751512732256435
0.28532743076564027
0.39934191429937166
0.31222272465191875
0.27686608591561135
0.28363533037937239
0.28216671706241508
0.27756995989490019
0.31633653489854646
0.3102152403633549
0.2993292053400734
0.28340169273125454
0.30522966951107311
0.26729545128671023
0.25290009470633384
0.32226039297010367
0.45153193861334967
0.36710124100152314
0.27371909059366106
0.27477339452236182
0.31993086940188492
0.29224209338348278
0.18170409077175065
0.17665273428576536
0.37406030717918237
0.29174699122299613
0.37624454434007587
0.25820034850431889
0.30706689067372173
0.32063353542098644
0.35029534741863982
0.33003741847078166
0.30724811083656184
0.27921346146423814
0.28628706847559565
0.2759248454642278
0.27881267320638176
0.35619480644909735
0.33416878495990748
0.34701873492098173
0.31248476926262536
0.30052345286509291
0.26886972806163151
0.27524710915391648
0.31951583831772989
0.3025173848439407
0.33961388384209917
0.30911188700889136
0.25506855173897175
0.28044013651885302
0.3214411995455882
0.30737424185193241
0.27336941073802618
0.29458078347341549
0.26848190854832571
0.18464749018049698
0.39122428765912048
0.32351347603663227
0.29929744551789744
0.28415853215400949
0.27588494235803313
0.27768128297508621
0.3070829758721827
0.28330900303868911
0.32842761670144255
0.35401850947024682
0.36453860564693746
0.32444204404141647
0.30330286697063608
0.27488012846836207
0.29518931431601358
0.30887763166231513
0.29827275617543142
0.2853864226106938
0.34242373419649413
0.34761196111609727
0.34450625990763745
0.26208956605200207
0.27612098426044029
0.28411865966987482
0.29236752918297559
0.27796359515542163
0.28843346095435868
0.30325425546625362
0.27250668633846847
0.2901682981596711
0.15166002525082861
0.18287179235024725
0.27684286638426614
0.2861276617405748
0.31896481198698973
0.30490331682729421
0.31962002006979828
0.36004861023477702
0.30959037992509103
0.30582627559045122
0.2980509683047356
0.2933343325297138
0.29759048516819664
0.26643989033668397
0.34491685824363316
0.30686495020111398
0.30419080907105694
0.29816303318983683
0.26200286982006638
0.2763084729540129
0.26389466638254944
0.27024599550414113
0.28639679625170233
0.35356298160301786
0.35024405266245806
0.28945252090989976
0.30005128463352709
0.31872862501739224
0.30498473190817355
0.30897735142743288
0.27445075452088286
0.27930137396640342
0.16941692329295574
0.25027010525542576
0.33321624197967192
0.29902208069559238
0.32962559328523583
0.29432749038040912
0.31299984394736402
0.32952700246224825
0.33243277861156706
0.28778993494838262
0.25130313821734757
0.32018176858783087
0.32955571265501649
0.32620387514716209
0.33541976439966043
0.27799542138057848
0.29383273139779742
0.28750116232215883
0.33900461062196979
0.36211773343832004
0.28948927627516047
0.30107733417823362
0.28599620982247242
0.27376117225069474
0.28816829371154384
0.27937734143182713
0.35053105908534271
0.40413373462633506
0.28077292637794543
0.33862857335650853
0.32240749566896654
0.27897767635764353
0.16470351141482084
0.1647195875164793
0.2573714935503556
0.3284546973067069
0.27947520277164345
0.35873681275066982
0.29417180284241429
0.29448631793136315
0.27326941387615494
0.29668498469891641
0.28278384202608037
0.31941453225297267
0.27805621186149931
0.27960398735551445
0.27849915301194095
0.26712260735354793
0.3289343157806463
0.29084198880770307
0.29154951376107685
0.25824932120507021
0.38093442909335318
0.35037234375494875
0.350140721801943
0.31202835573984605
0.29785807216547427
0.27835756068788264
0.29337266178702232
0.31524962890379771
0.27963854992473097
0.31208970023714028
0.3095674803367755
0.29316410079603744
0.15708609173871721
0.15121056336062719
0.3333114469905562
0.29005652702314499
0.30125399285835014
0.3031618940624608
0.36841130286463158
0.26196908775261368
0.33026315773319104
0.34733897440447842
0.29651139734119908
0.28172289553285479
0.34350305478053772
0.30127244286113952
0.29238854499428391
0.27670289579695134
0.3014202703981641
0.30037906149663623
0.32376907412287281
0.32807578410091581
0.29815101859202631
0.29209880774083191
0.29628938063092647
0.32421823830364527
0.30348373449317495
0.28730870175280704
0.34237020212220642
0.33007434739773484
0.30319975730932652
0.27955552868376843
0.26455345163690003
0.29397343260910092
0.16746271170808721
0.15428010280511431
0.27813647140198167
0.3193052052573131
0.30850186862373885
0.32980415187062923
0.27561514539176996
0.31302597111075708
0.28743731691189861
0.28853747299921711
0.24456151348486094
0.28659089196982501
0.29953622733431917
0.33900568755835297
0.34395035772917726
0.28007420409512568
0.32061447335174964
0.29391272669154661
0.30525965998543197
0.34343985351785261
0.3117770110107968
0.29693992791133034
0.30816123236157172
0.28103248576871603
0.3470383715287968
0.34012451111020475
0.29772968064371769
0.27122368267207531
0.27882463710426936
0.27589121673239214
0.28852513112069522
0.28992121440938406
0.16428603210984097
0.19075451960675865
0.31294574069388603
0.30513526292201804
0.30709408617244449
0.31162963515811115
0.27599099417633988
0.32514052131044041
0.29308692258648816
0.24996020695413027
0.3105663622404225
0.36656067687886068
0.32382917387735177
0.31246561253708444
0.32694892474249593
0.34576602978771714
0.28608483743153795
0.28335276164354395
0.32077754834518957
0.28750873866567761
0.28879385817743214
0.29775061733910818
0.31332158248572628
0.2830608147002508
0.32149795007636661
0.31298191811370601
0.3321040728786141
0.34261733075362932
0.30118237665549796
0.30662559139116458
0.25936218145296175
0.30473518897348623
0.26350374336444626
0.15999777553415767
0.28155850761028417
0.30396171602482425
0.30035712780309975
0.31332035871760322
0.33584878933173046
0.30538818835403703
0.2767720383256746
0.29548671148751321
0.29368458189788038
0.29458569704428633
0.33614468784307822
0.30446456183082493
0.30876993510287204
0.28519899609043731
0.28842084583993866
0.35784911175525813
0.31060901355126463
0.31676002956722943
0.29686626024134377
0.32292424828734306
0.30333409757860308
0.31305239005895646
0.3229839549041375
0.3759486042019699
0.27098107782496628
0.32414013958506421
0.29146390319857401
0.3084689202748343
0.28884789775105257
0.31430778917798452
0.1883405544191285
0.20011054383004098
0.34217049990114345
0.29733699913450318
0.29373667791614549
0.35927989287212386
0.29992914127481496
0.28151867078268306
0.28964606714736191
0.32857137374984224
0.27786962425969364
0.29533421690427319
0.33064412549960376
0.28818687470955573
0.28136055587728176
0.29245910241094297
0.29451451170504872
0.36094148353324057
0.27352940910959528
0.28177757198894604
0.30981260445976427
0.2905418682809372
0.28155763266912442
0.29265618785983555
0.27176047513210633
0.26824294057967574
0.29035699793363334
0.32886423829898115
0.35071982553166925
0.29103978463913233
0.2813426177808781
0.32883498771935343
0.18740653209349536
0.22889624583205107
0.31606928307207566
0.35871970508693557
0.30111502170206339
0.31117075824148777
0.3173487597759192
0.31771841002345391
0.35641187135905794
0.28556624680105608
0.34027335756593158
0.28978571425240851
0.28450703242805553
0.28523534838914266
0.27477221705228816
0.29517867145718685
0.31083482858195771
0.27901114826576184
0.31046456600542521
0.34490860216125502
0.33265155176769434
0.27587972674216593
0.29965030593748404
0.30778236816255816
0.31811881734518849
0.29343746668853687
0.3525302955848148
0.32161883360139681
0.29824037089719008
0.33179309969394116
0.34382919428170466
0.29801883527175732
0.19895077559936455
0.16819114367348523
0.27061289572906483
0.31866872779788658
0.29494502885373847
0.28759295185731287
0.29207067931793107
0.34896992268858174
0.29285194396492709
0.30822762541372895
0.33508905778035758
0.30724365251368108
0.35601518091700335
0.27890415086041909
0.29480262209295727
0.33759467571858209
0.28129665740873494
0.29550830045054738
0.32058202666371144
0.31802270091136681
0.34089943256665961
0.3187417789737913
0.26572785550310923
0.43680227572208613
0.28569616501425177
0.27530984599678299
0.33473262006680798
0.27089192394436079
0.28845450589800936
0.34897714547441555
0.32413202798424817
0.31450342604388737
0.22622104101762253
0.17434998881151645
0.2681445836318288
0.29543070374648212
0.27937303642419048
0.36832720564235882
0.36291202066369938
0.30697175730609
0.30758303585681129
0.28754041326063928
0.31619606502578246
0.27897336566898728
0.34284161941284458
0.27550543188372401
0.29547826459183818
0.28362295635512269
0.28719418975995326
0.29766897084703203
0.2948433927644985
0.39214189237728642
0.27016137017987124
0.35871873357791356
0.2949558752498691
0.27149630858799162
0.33175558090730173
0.3282969711029618
0.34598436862351456
0.31489015940505993
0.37357544278679705
0.30861968816344271
0.33712181492570986
0.27558503970766973
0.17181973143196752
0.18779923134025517
0.29932573350435226
0.28802849358755189
0.2480530588347451
0.30624013198993899
0.28683891629850489
0.28338646029211917
0.29743108861473172
0.26943839467879499
0.27761003678792934
0.26812714604197019
0.28460152420441381
0.34826182961295082
0.339553741450006
0.28869883092513127
0.28877020908900974
0.34074064903534396
0.34953676060059724
0.27291652040658404
0.27623140457374445
0.31610411172252967
0.32276605219981658
0.29738371993514323
0.32634363626696777
0.27090126732956493
0.28631745883712773
0.29674098369814189
0.30089986689535891
0.39645917506639405
0.31247388323662639
0.25832434050265035
0.16458963131606533
0.11461665127841447
0.20808039287370936
0.18222382526494638
0.16614414994175786
0.18963745358633141
0.14104102851010528
0.17886038534782872
0.15652176530451817
0.20735857833026883
0.23751941336392715
0.17844628708951563
0.21994015713944959
0.29163860089428589
0.2113629777878733
0.18195810339671065
0.21209724970583074
0.17154787979118447
0.15362498425422488
0.20747099697665528
0.1703627738716875
0.18110061713129322
0.19209027520521241
0.23166835368336064
0.1708955179697364
0.18196730403415748
0.19931833536417634
0.19180150262244627
0.19319802373915052
0.15358470288246198
0.18048014910288118
0.15922515355182171
0.11409826928413014
