512 13
31811636.128841646
0.14239440907627801
0.23429312716903491
0.406561488947695
0.25287281322208854
0.21863853821673221
0.2216435990443632
0.27109221675385548
0.36228335873418871
0.36261675831189683
0.39936260256715178
0.29986873981195128
0.2674254487845249
0.26180570527795322
0.20099694493668335
0.18749581585568065
0.19060533440043489
0.24917709581223912
0.21465474894742093
0.29424786768764366
0.19576012297353224
0.22575264998636696
0.21069501409905217
0.30772286504577889
0.20476907512709522
0.3166831558301853
0.24056815786314187
0.24347196647457192
0.21838629391163544
0.29769559299663928
0.23164779243060218
0.17077354523326554
0.29907846429802143
0.31440107905836112
0.30647801363596117
0.35627019507464874
0.38171990588306981
0.38124408224219497
0.30906319112463282
0.31129815104510183
0.362491033074545
0.34191632751956674
0.43838126280944933
0.35332793508565274
0.32631832967508689
0.39129646600266266
0.38795068145654998
0.34478120419794012
0.33575020540962752
0.33426487974268387
0.31335608349104099
0.34084349397764063
0.37228753242908957
0.36557328891644036
0.31718671051213343
0.33197611311560177
0.33206724047278041
0.33377113822645876
0.34267196433462427
0.3192374157746582
0.3529647142129454
0.36758030673724151
0.37931517621052441
0.35893582687326403
0.41071947377773682
0.31670956996839222
0.40303134021933484
0.34749166500725603
0.32837573709141837
0.33934843555171684
0.50629351922406318
0.33090328962038323
0.38100660034567757
0.32736486667907599
0.29269847795264525
0.33460921880883321
0.37126315539931581
0.34268846932737179
0.38333137243935778
0.52028871786856867
0.35122514599142868
0.29892380167948124
0.33567018986842528
0.34706101748188167
0.32737205644821032
0.31997874775396801
0.3390296409341147
0.34735919108845142
0.36899151998818247
0.34446653023760615
0.33723007829439916
0.32802563497131559
0.34456582051073592
0.33091053814037075
0.33775261693782249
0.2922171286434922
0.26832668146059513
0.17569339837696984
0.39356205197669913
0.35064139997384169
0.32387611996824567
0.29101378688799062
0.34164000870004813
0.36396940061811089
0.41343832988537538
0.34973678686246507
0.32593124919605054
0.34104972835731096
0.3818782216141024
0.38465578714492621
0.42417906378645664
0.32145371691317554
0.39463726383608827
0.38363254200691715
0.32883061376641698
0.36282458646900168
0.3105078988277975
0.32486803628411193
0.37765837959544413
0.37352088664297556
0.3613751335105182
0.40160393151708351
0.27831307903108488
0.29501197503113474
0.33977388987586815
0.3776421397227861
0.34051118688478055
0.318884251232116
0.25482076248086383
0.22128654007074527
0.32858169580137342
0.39866930733173961
0.36221360462274893
0.41118939202928834
0.3408826639730933
0.33269458365319771
0.35438464177243684
0.36762399143073526
0.35052145386907757
0.30594520151857652
0.32163345361806089
0.32664346678268086
0.35137659948651773
0.36560953382722045
0.28866478593339634
0.32748577922925731
0.28753921903881208
0.32703108326432634
0.29708085839613951
0.35275010836206577
0.31624413205382707
0.36065374922717214
0.33295185873125166
0.38847179450468183
0.32840708339660984
0.38748256454732122
0.38442233658568026
0.33468484436399171
0.34207105708240804
0.30333930287148475
0.21099903920008767
0.28754743628697577
0.29852943815062222
0.37984194388197917
0.36858424486729013
0.34223769147718419
0.34876992636850807
0.39482251895297599
0.37223357609281083
0.3372651892003406
0.34121782295317854
0.36087824452072348
0.28373002360406191
0.34127060293246003
0.34905308449758354
0.32024256434172593
0.35148366363009842
0.45109079333930807
0.37083252310235953
0.30120706067137915
0.30989533314726719
0.32986602872448118
0.37737192690410581
0.31907747774564654
0.31910294576345327
0.3587649888392111
0.33614909624341544
0.33327903792198105
0.36133179993202619
0.35717901507591265
0.32922560138275597
0.35292566376667756
0.28356757558486945
0.21631575767914332
0.35113129989256348
0.35768497268721045
0.38192300727328859
0.36569180450917932
0.33864695849188087
0.36997248537962801
0.31980862832525303
0.34537855933435746
0.32700418005832926
0.32019130319292766
0.32178509509915865
0.36103417721117692
0.34319513927694756
0.30089964228781846
0.37052933484615408
0.40785562320214813
0.32976660706785016
0.35705889684435754
0.34250800242931562
0.31412973718255965
0.34923377038096415
0.33804024869891985
0.29638752430227816
0.36071753225614023
0.32905390666243944
0.31964755627305552
0.40829911222473636
0.40972385351924723
0.35552740455368792
0.3407889286772548
0.27043944973954703
0.2269058406386498
0.32710535579633687
0.35693340279416663
0.33562663964838318
0.31974064999591967
0.35851258917262968
0.34153053021764551
0.37152333707314522
0.33323261967287704
0.33481962547214111
0.32384002313817173
0.34453115416017249
0.32702689437741939
0.36632595949055208
0.39131428808769486
0.35705285099318118
0.3953697835450371
0.40135135793917875
0.29942895032043709
0.32620106038073282
0.33416302733698811
0.33604024261378901
0.33724481989497324
0.38022310080720684
0.37486221230285505
0.38788394666978937
0.32838022469331046
0.34009265555764784
0.33360133626998423
0.3177103920596836
0.34807073056214266
0.19719376948392797
0.21813409284232785
0.30661123484066055
0.3528796863232781
0.34785088190347557
0.32968527338626119
0.31888425195810882
0.30738635624768623
0.36029961867975718
0.28984921164078109
0.31551151169377767
0.34264354821100779
0.35075767245376027
0.36245385938547114
0.35527624253142576
0.35119809215622227
0.32216711137348747
0.38434947464740538
0.34002407283329239
0.33938961596461237
0.32067454715598098
0.29390704193416572
0.33870561664376803
0.35444508859229246
0.33873475113365936
0.40204953388568426
0.39806678398845202
0.34074674798181837
0.29634969699710606
0.33369529866907371
0.46305492701492995
0.31596172394340327
0.25021582624240102
0.22441783410649427
0.3647159603342327
0.36788364893357123
0.36334143891151854
0.30046345809961966
0.3186219299007057
0.34741571103760688
0.38014273625842016
0.32851797324062182
0.41672845156577426
0.46103299299662343
0.34955361186448292
0.33734115203112469
0.31912298255215976
0.34220868942331994
0.36427867367800471
0.34012486940439718
0.36162550711269253
0.33629250802058419
0.41052507650930919
0.31584768921987888
0.3259925470232608
0.33488813510195559
0.38739326705640409
0.40202329201846437
0.38935832141782056
0.38788038172593625
0.33030257400685054
0.41317967571336756
0.40461503767886031
0.33204598747095876
0.24701655195189698
0.26858058833498427
0.316223549044505
0.41217373036819405
0.35624953459464737
0.3880459587387653
0.32447444007560328
0.31473518651452864
0.31833886356144275
0.34033590931673074
0.36195275371489377
0.36061701982411098
0.32601215490531288
0.48269754383050129
0.41090784459089252
0.41013867768672435
0.40294827759834129
0.3977597427718409
0.33670108721299524
0.31639711944402776
0.29789899480517357
0.33872806308926195
0.35516806441455723
0.28346893824312352
0.37496692561736827
0.34629382602809894
0.32945631301330325
0.2951596248082452
0.32804907153225721
0.373127473563304
0.31402662974927853
0.38126428239487298
0.24192090393256308
0.3031007104757894
0.36276200611083048
0.34514203765098039
0.33091083949688144
0.3534018021529382
0.31650369422196811
0.31739681337429348
0.3455800908382789
0.33672151562247948
0.33336059415320052
0.40224138492489964
0.36347339064479128
0.27173617154335367
0.32154971795191006
0.36254662343429894
0.30791821046810669
0.37439478293456807
0.27904650161076294
0.30096514580854988
0.31939414138596445
0.32845544218593636
0.31083685871183292
0.33861912611769662
0.39067551817465601
0.39081802149390116
0.28480737216060192
0.35424977478606068
0.34454864023419751
0.31767412343990709
0.34618785091193555
0.34942381111475207
0.26627108837965002
0.26409599019143898
0.36831835320736289
0.30575351881809493
0.37650415631491613
0.31492652219892769
0.31378856418714807
0.36165903263248295
0.33186018395985761
0.33569652282692181
0.37123996148087335
0.38296139926400702
0.38130382968928878
0.32650044985902926
0.35313230737963802
0.34752064724498999
0.33831918689433305
0.31783981530437105
0.37449931151040666
0.32612968526069408
0.26236650254458671
0.34855634646473033
0.34860239678782179
0.33672123920451502
0.332172800232438
0.38634905338511116
0.29851348132139111
0.36222693156766056
0.34867344421973284
0.28940458513114681
0.29097000330441125
0.28854942828880237
0.21534818248300791
0.18212709945450534
0.32469882521668247
0.3746700617541241
0.3620907830272595
0.33532238226336547
0.44439869760066036
0.36022448776308913
0.33823864924517061
0.32370260738833129
0.30213383117361237
0.32289138196585515
0.35763957481562025
0.35724568985292665
0.3311279229384787
0.26656346117649066
0.39185352902138487
0.33558317502036866
0.30121058503401249
0.3390202235927155
0.33556425794982836
0.32924296562986738
0.29831867496190695
0.37896199246270273
0.3793893700575805
0.35735783021098877
0.35227770479557263
0.41507801871356353
0.32373248980255004
0.2813487794142473
0.31047612772917144
0.33087731965633221
0.24476232814557544
0.42767001243129604
0.31499874266872546
0.34406776485380547
0.30653640734654758
0.3720165589516059
0.39173382444400251
0.35257721404420994
0.35721062804693327
0.32034746878812653
0.35917606084002346
0.36180712215502325
0.37288885772090313
0.44137605211897629
0.32434944957954559
0.3704318429814018
0.37358679512785165
0.33615886375498494
0.32610261597124723
0.34617453605488363
0.37404100725822659
0.36177989775657016
0.33924386102918463
0.38601236414374024
0.32002715621293043
0.38569408297790675
0.36806136408659529
0.32988688905826269
0.35561269176952887
0.37110891558986081
0.32318163640476943
0.3880827291385785
0.24598527789744548
0.2720377555373506
0.38365031953070722
0.33846550841063894
0.33616999258134622
0.32913003195829199
0.29568709064325793
0.35488187818166927
0.34210751669857287
0.31187447776017663
0.3246102983829105
0.36230608675928017
0.32220190598746573
0.31285667432771785
0.36604658081191216
0.33949839751522554
0.40347354622554044
0.32963402851225787
0.33666685330451068
0.38643502241001049
0.42060414886172648
0.30734057474926274
0.2547551659654696
0.3535903002518811
0.34353696540557022
0.34891781543717088
0.32192704566094232
0.31721038701833659
0.32901590750840887
0.33957150015505838
0.41744338002487213
0.33562280765245939
0.28171276055849603
0.28335517565012242
0.33049895116207756
0.37039514803416129
0.38250482924444879
0.34652320178888385
0.38837523642612731
0.31912164482869554
0.40732045958890084
0.38098904579599085
0.33688966664757336
0.34855593331926826
0.37905620988799243
0.39849059666344189
0.33773362772484916
0.3480552535842879
0.34666804848493171
0.34928544211862911
0.36376708950060299
0.37199088196710023
0.3578852396231208
0.36307792346803441
0.33907705927111537
0.40207377985680792
0.39043046819352645
0.28564625708880703
0.39565610916348942
0.37351764182858016
0.32346088978647186
0.38743485035272723
0.41135465490152223
0.36841398290670213
0.20390523144656789
0.27728607208951073
0.33260834092528296
0.39412661218410738
0.39024055542336733
0.35978191161643108
0.33262253577466289
0.33454742282231886
0.3481503132813441
0.3622068312923386
0.34433465540901848
0.36186574955896911
0.3418384987770251
0.30991143311012731
0.30528848734955111
0.33759018429311172
0.33772097101785986
0.32241070021267937
0.33361808090733491
0.31312113712664724
0.31116965015648795
0.34481398886626102
0.34634292847191661
0.3255179931056113
0.32070517193036091
0.28439092164004037
0.34253463581666255
0.35261028875599065
0.3532804436401244
0.36001390711570808
0.33661506056512297
0.3307450136842443
0.28633806360071096
0.26761502570623619
0.41437155594215541
0.4134876229009164
0.34375636393357956
0.38708100050704186
0.33887446596443549
0.32454067416846033
0.32129430983642043
0.36440866876828343
0.38351750524045602
0.32883603829882807
0.3797579609059929
0.34487325102792565
0.32214697628544625
0.36303623181091516
0.32472840765460254
0.38689433138504964
0.35360831093259282
0.39798651798016266
0.3684015423088996
0.51258682471149863
0.35042694097682869
0.33089866409752861
0.34160369951534936
0.43576255043130413
0.37311503897630388
0.33974925450049259
0.35377591544075415
0.481073079095653
0.30642616703125691
0.33478064897651866
0.28366744745953343
0.20424994741710401
0.40143917072743646
0.33545867338960667
0.33191704702488661
0.35189384196971291
0.37372892857678724
0.33832868612689837
0.42904549586769503
0.40570849582925339
0.36738648843749383
0.40594962512933014
0.36337728582771667
0.45328653850157585
0.3654862178351509
0.37297341741737861
0.38056879702760382
0.31811080813953108
0.44630216265756933
0.33158015708454014
0.35871029619181583
0.41846095646769443
0.34784852756583629
0.31045730222812112
0.35781810675002357
0.36870290432521396
0.29456411580133157
0.34838093388588548
0.3846309609821586
0.30456411267271699
0.42073646048855712
0.29298252691291549
0.35756813871760762
0.23426572027899373
0.36334880944319559
0.34048460037679312
0.31878071615085718
0.35567719967654177
0.39428171235661102
0.43584710404722693
0.34881601249115929
0.32931502605592972
0.36722651194654016
0.30688779999383908
0.32809289653971768
0.34975625479874328
0.33027176296014071
0.33408385507116606
0.31503387668907773
0.4103563710471414
0.50249405793073521
0.35034900221140508
0.34345398736973248
0.34639338838116551
0.36187449823150114
0.38126024357651583
0.31588728333165944
0.44311664268693873
0.45097599067975119
0.34416259276007094
0.34325337138284623
0.31656175713793011
0.34778634380367496
0.31470236711238753
0.2710986000592045
0.25984394737133493
0.34019001393748211
0.34187058269689768
0.31262493539790293
0.34716859144034146
0.34044364454636716
0.40792006434542277
0.32273527088184895
0.348992577789492
0.35874148318602711
0.40863527743577172
0.43140166843408945
0.3350583652642643
0.34238881060885418
0.31979718064855162
0.36391703033230621
0.30067201702256041
0.34637610469525137
0.35843781553896165
0.32251637336587652
0.42777814365265576
0.32601488069388795
0.33554340004093158
0.34309694153780718
0.39146673648620223
0.33858320409383708
0.30440826757384587
0.35451625765386752
0.32534201413203373
0.34046194572388705
0.35039649503080822
0.21761615113590224
0.28632826370024056
0.35746987586312784
0.33722378069432585
0.35098471383895641
0.41665007608707877
0.39916034644598386
0.30981709065315216
0.34641565242906364
0.40457691573702931
0.30500208251776512
0.31418500220417117
0.36437608026324542
0.37481874090733897
0.35350246697941295
0.35537397105143553
0.42590007576705713
0.36096092221954268
0.36038361436083854
0.39759834528793142
0.33727423794072059
0.37913060102539348
0.37945808658541796
0.34407175162181347
0.30272445671851567
0.36372123807575435
0.31010542225587628
0.32434609241189089
0.33903006560284255
0.32394286594158261
0.35634318628415063
0.43802744951621619
0.23246567029335824
0.20402987820260537
0.31682576646393212
0.34646766637808407
0.34914353077387283
0.29627109061767515
0.3283029923409978
0.34560503938994869
0.38508059028508784
0.36275486410834606
0.32230867721742451
0.31123500371221685
0.36618088856124958
0.32135436607082279
0.35694924445409587
0.34711978660470461
0.30501518270379013
0.34029366468007832
0.41704996966801133
0.33392558352335278
0.43832171124449687
0.35151635277617144
0.32478061051532553
0.35543181990784006
0.41395312272355056
0.41421563295696873
0.31534235587238746
0.35340746297653713
0.34122322669770766
0.31240050429903454
0.37529702402231685
0.32888308334651328
0.26754108966163898
0.28935031958580354
0.32830312818752522
0.34045654749455789
0.31809975822252218
0.35793144242349273
0.29064266576200509
0.36182651335193988
0.38226281404795615
0.35099734673840044
0.34889607023589869
0.35560622439522604
0.37656803843070547
0.43186671203757143
0.34795712863759193
0.33287465441466013
0.31441824772241722
0.29629609897273795
0.39997037407692343
0.35121075262633195
0.38642254680806826
0.35133691550988716
0.32041293134356336
0.3111819800001131
0.35538015421951219
0.36871330318335088
0.38616882183696705
0.34640381356485206
0.34455074652505674
0.39022000383061128
0.33504425262030163
0.31838076365494006
0.27325910764563449
0.19595372542517919
0.31787489262001861
0.35859061548251342
0.35000165908780406
0.34736897344059464
0.34366454723973971
0.38170857112151169
0.29176466042650578
0.30118298324433201
0.34050594396792006
0.30727620398933059
0.3601178886857026
0.30434487723091591
0.33473370320221013
0.33645692839471841
0.29884172628739492
0.4195992893518628
0.36391660571510587
0.37133950615472794
0.34432365752315131
0.34911451081549572
0.35230067401556991
0.34766442548593629
0.35444683382151509
0.34327347400485286
0.39445891385178428
0.35268028899379505
0.38252923556748009
0.33190436070987389
0.27348044843883251
0.30878427755523541
0.27175694435726527
0.30932936408706702
0.3940656390780406
0.31254781726084102
0.31230667990339589
0.3780275534668629
0.34943906109362149
0.450536428307593
0.34793448856672138
0.36433133126300177
0.33003744814300628
0.35925540634717251
0.34566490945839645
0.31474643403945152
0.36833931720231256
0.38851773830241193
0.3194872195338806
0.33545983810446461
0.35290155401217937
0.336768590419462
0.34698223593191446
0.3051350740808278
0.31565291124981221
0.40370966727398233
0.30479077478462602
0.35106110041064575
0.38941529011687004
0.41682884122374131
0.35556373489011345
0.3701768232440073
0.33754677401371591
0.36544528503516172
0.20965038662391791
0.22223858007249186
0.31810573285287796
0.41778779980686032
0.37402248396797239
0.38668556684606264
0.31887416823877607
0.31525028438215874
0.38429731570038023
0.39853204272319909
0.32855271967434696
0.3879469724914939
0.30333720206685721
0.35667635212345977
0.32748006797872403
0.35615978059697073
0.31962056899256092
0.34354920908309444
0.37486058300787978
0.33363462937369781
0.39177830806038466
0.34221705553785453
0.32179329948480595
0.4149562492080609
0.36057962217521755
0.4090775177156068
0.3286654884152172
0.39997496912612063
0.32181744585876915
0.41973459953416947
0.30652135760198296
0.36041460197834269
0.28253268708625962
0.25883267531663923
0.35449309604493473
0.37195184693521022
0.3685459783059109
0.29341571111297177
0.30991185226275836
0.33634534783232189
0.28437537117786521
0.35553079484430206
0.33255146578732148
0.35118630086742852
0.31533392552356265
0.30320184200455574
0.33953291772656968
0.37143179570963614
0.29575785293207979
0.32905302092449884
0.36952630682460319
0.39614167472644396
0.30493383872444058
0.36057959865678424
0.33628858345612522
0.37481924248786053
0.35299116636207734
0.33292219083548852
0.32010177031177739
0.3438791900508627
0.41649514742019322
0.34020255821949624
0.37496479390790494
0.33733049674426091
0.2270127248818431
0.22254650029893025
0.33051520460930345
0.32377188380136729
0.39514836440097412
0.29446892516836609
0.32848979852189447
0.34414930656638559
0.35302284193393269
0.43973997747486615
0.33701818130300731
0.34348269681229693
0.30027179813938337
0.32586399511158215
0.34658123790147716
0.38744354092995587
0.34601624301060213
0.40481414359120421
0.29867135868788497
0.43136748829682703
0.33106024387289901
0.35625013940142874
0.33694782151046698
0.47857122768028387
0.29607931578505731
0.31793533939266005
0.42533167216401652
0.32928131847404757
0.32514790435593521
0.3350912156877191
0.34648518218074081
0.32205414188710285
0.21253439013137948
0.32621534085811837
0.30766864466260607
0.37856574226226236
0.36840170743572803
0.376026473542516
0.33446933061854522
0.34969551691552914
0.30680218963436512
0.36194263307343877
0.33643152590745062
0.34996240472852264
0.43163970963611642
0.34927476009523273
0.35215412522549727
0.2751550089368538
0.33846647220688553
0.3140177990988593
0.37701640499136019
0.30595333217107945
0.35075924614575377
0.42201480458759372
0.37160404464392616
0.30085335641769845
0.29816626113117878
0.34875104136459334
0.30221604818347608
0.33213643169641999
0.39768606002746032
0.37705320925170299
0.3220674374823167
0.37681997113569743
0.22790289740740202
0.16997245486529361
0.28917112099082593
0.25690003782705068
0.24423423237627231
0.22497171083695022
0.18901180941128956
0.39411756892066074
0.28194537374132822
0.3748275215695257
0.19322480096707534
0.20391408933738051
0.3343067476793905
0.23301852577959603
0.21427617753210412
0.23374547920906708
0.20765034601330978
0.27883823004000635
0.32912405109280329
0.31127747794826138
0.22209287986723944
0.24839762082232375
0.26421099791957353
0.26177543648294432
0.30580285528355494
0.23486568732999452
0.24810979081437143
0.25583503496876331
0.19488443972264333
0.27752150456381885
0.22752994967794821
0.44163768740574516
0.13030855241107556
0.23934998677991765
0.34774382936755149
0.33549045400088146
0.35416916316835512
0.31069511583365206
0.39275742669625224
0.38022443568332154
0.34376469159346179
0.37268388737282654
0.32954784702977491
0.37549209980803744
0.34460995082249224
0.33300606268051963
0.32639929566598047
0.36505860790576239
0.36403067610803957
0.36438779604137023
0.33534876227600746
0.34636551537891597
0.39469553663574375
0.41553905179548539
0.36686889646285015
0.36093053011779741
0.32066148073775375
0.35777120196353335
0.41969811880550911
0.34866502649699938
0.30848506736272319
0.38892036442646299
0.29335195919055379
0.33460782375128362
0.22609187121836019
0.3419924124538376
0.44361938049945182
0.47429993200132264
0.51703661844734827
0.49758047179656528
0.49386825666124312
0.4881756605298927
0.48952629243750756
0.48767127581880182
0.49732082978514347
0.50578465893403268
0.46273956905841473
0.52826420244536187
0.46941787719940359
0.46256061414084604
0.51234906537768865
0.5243501765339279
0.54267784460945501
0.52778867299989229
0.51964852646151671
0.53217448761859432
0.50718920626730934
0.45981379185346111
0.48535519340115235
0.51108817922456562
0.50309086671506009
0.4717036861406817
0.52406814363860477
0.47602815822112576
0.46695857700841187
0.53065324742177955
0.28905932877329776
0.41768001311295694
0.52092846972117535
0.51972219618751181
0.4902607848506747
0.51290529937337692
0.48647424690780994
0.50587496646647245
0.49076766259049753
0.52106831628499173
0.48288198839177116
0.45217615624443641
0.49021907996092196
0.49921057806325375
0.47016106923982698
0.50547771994039559
0.53642906699153625
0.52222020599009167
0.45879518505489181
0.48443432907667489
0.52645133458448112
0.50426912720632644
0.49328834903661856
0.49453557640416057
0.47964720941834327
0.51388163488110161
0.47631801989924849
0.49396544227946682
0.53531476980696657
0.50800826238092711
0.51074694782122276
0.46416933922230674
0.35119909194305499
0.32779980812333148
0.49893849015243241
0.5220373228807772
0.50659389041090452
0.48334635030725737
0.48342635029409409
0.46090156226189938
0.52159341359137879
0.49395362544725552
0.51982474574231541
0.52623642562997608
0.4865828407640021
0.49843493962071761
0.47974274038683895
0.50763212004195857
0.5317730306658589
0.46703100297284944
0.53730970028081326
0.50152948647384321
0.4970930594900137
0.47329925192711131
0.53436730725992165
0.47915395356003559
0.52506898977728245
0.56323010289104347
0.47164140450681885
0.48857554693938926
0.48726355803536636
0.47902311956798926
0.4539189647522574
0.52940684629382384
0.33990662054779303
0.35522386341366408
0.55045026301742173
0.55910141987852269
0.51007503538679921
0.4924211961208938
0.53820944235651791
0.56348190172128632
0.4749547881908418
0.49483053477506245
0.52400458664644367
0.51646653903943751
0.49382207262959199
0.49733170123942433
0.56158271268179771
0.46583279400266847
0.4673455992615051
0.50313590713943124
0.45922041957722354
0.52295284661141006
0.52630388730284561
0.47550678178929606
0.5190842657991579
0.54323937583877402
0.48587541343984053
0.46127321986509734
0.51524893630421786
0.52529839500716413
0.4958107606393905
0.49643673536233085
0.48170274758160753
0.51003190073377414
0.45702452966707463
0.42167732975068001
0.51821401718871218
0.47396068204057379
0.48361344352111013
0.5140802895783495
0.50437825824294158
0.49740765311821011
0.48734698591786246
0.50538479923753166
0.49238496402142334
0.49099811130016324
0.54830444642411436
0.54969313705488554
0.50188604911675716
0.49385778067538177
0.46366150704154557
0.51117806404550292
0.52220920477155974
0.49743117446729207
0.45355433407894308
0.48034229280082369
0.49911892713556882
0.54240044189182779
0.52806872090735069
0.54892754820462997
0.46496910251595136
0.51305011498358999
0.49715078117478845
0.52861506093305821
0.44401838153577644
0.46420436328283821
0.34672329601484636
0.27801237630226094
0.50352975223633245
0.49938742603084152
0.49439330610705973
0.54086899855042991
0.4815609349192792
0.52001497588218026
0.51650155858607094
0.49406500366946993
0.52190111616998591
0.49528581914553316
0.52329692094521596
0.52921403800409472
0.4907378141358289
0.52321390038979576
0.5222093656410417
0.50258301187557408
0.50562534812367188
0.47862123568104781
0.55036253441239003
0.47791401033852976
0.47971610657915981
0.51001881493393708
0.50608645636538696
0.48904859746357882
0.52237412308994935
0.50650561336562416
0.48621287960907139
0.50516948418197472
0.49280052352013665
0.48596746502445509
0.42059426985214987
0.38055021559987817
0.53352105028729835
0.5014486313546811
0.50415997365883125
0.5106240558978048
0.48890502644878653
0.47011592014995451
0.52465641524140261
0.50828068147472605
0.4920246582530215
0.50282610811418338
0.47455580914550244
0.4523683142102401
0.51425036423120607
0.54196116981430364
0.52787477452564324
0.51033091324477453
0.47693069893771628
0.49407152031866414
0.49143250300734004
0.52477893568732059
0.49403291763378293
0.55482161695539534
0.49617169382194226
0.5534708003717641
0.52515763369257784
0.54761770141342847
0.48645420919750043
0.52605790324521218
0.52843972081416379
0.46657651373506098
0.34185752788986018
0.3940463513630505
0.53790534465499851
0.51122019123164764
0.4952327918826997
0.4967032590342414
0.53986309142855693
0.51053883271888101
0.50415491409036017
0.5002004833382947
0.49042043601026314
0.50352744793188609
0.51738653812015578
0.50862777345668231
0.50352261972768131
0.4949153287723293
0.50059351019864895
0.50880715320353787
0.48112553192583013
0.49049634329924913
0.50062061164073091
0.51363086268016211
0.52861681634750701
0.45292524367815529
0.49949304262829192
0.53414482068991587
0.48725284410103381
0.4911271432168911
0.51829226108980009
0.47243573989678184
0.5246563634287662
0.5011159909726095
0.3316924916997539
0.35765065102736515
0.49274913522859809
0.48080765947893572
0.49641906914892703
0.5105756422696307
0.51136719315683843
0.50759148523319486
0.50401648723225445
0.47306549981097523
0.51222334885040133
0.51211805576745473
0.51015219569290482
0.49398621718867186
0.49377322445350713
0.48170190353549835
0.5513316238240914
0.51832560318205978
0.47707513642082328
0.51992769327897148
0.52062023269761015
0.46963961022516099
0.48795470852587358
0.48829276377749625
0.51621281553623644
0.52599076133511313
0.49368062560166154
0.51144231082852598
0.50940641322803781
0.50538880905206729
0.46335504406750283
0.45319939059837089
0.43534222877841799
0.34007051545981831
0.49072077085694887
0.50832936436097997
0.4901925506784055
0.48725222734847945
0.52231822405356243
0.50751411290307047
0.51945074130099989
0.48949086432139549
0.50213361865050143
0.46530538928393156
0.49566723149598024
0.48149900241595889
0.45965622890204422
0.44900962984164833
0.49182769022896777
0.49848189306617746
0.52885493821560414
0.52351276924039325
0.48605747752662753
0.48976060854300302
0.49214458373398284
0.47564945083558613
0.5463734019044274
0.51085237028217845
0.46048780305297876
0.48877780332547505
0.50265486135377058
0.50467135326170864
0.49649854140249322
0.51549937897403064
0.30570845853353185
0.36212054162261653
0.48965943346657481
0.4994677658045128
0.49838083781220788
0.48471662800447918
0.49860615424099913
0.48356868774262579
0.49376230292493023
0.53688022537628532
0.47171598867210079
0.47707411896662122
0.51063897214239429
0.50850358971887144
0.47350540995423163
0.45655579623046316
0.48672090486830627
0.49545504588985284
0.53129091329299172
0.5119841207510103
0.49008761868972706
0.52122356343155996
0.50957526578394274
0.47933205366471809
0.49207681179144269
0.53135539251724051
0.48344917587306563
0.49140370507129344
0.54836110034949892
0.48068589089520797
0.48473775645881734
0.45678021185321988
0.34364677213346828
0.3569124910013094
0.50540338616640623
0.45295788593992453
0.50237745687413682
0.51662927113129131
0.51487743398972874
0.53840516334459887
0.49368568711961602
0.44283757595136158
0.46894330325636624
0.52279542005570268
0.51005001557217278
0.500019582771418
0.45370171680018451
0.5379105391477762
0.49176813648032597
0.47435634013387246
0.46729619212737888
0.50715309630016892
0.49793333445022514
0.49612146140130159
0.49552709926337135
0.54394018255708487
0.49241590499526883
0.51875484995988919
0.46491503915415688
0.49517870285255428
0.46989395703355513
0.47544208655829456
0.50528642813449332
0.50810388463372025
0.35652867219876616
0.44803917333699411
0.48616716326857851
0.48659636614414881
0.533881594011821
0.50706547849763572
0.53861596358540365
0.50401048504653179
0.49498488003123248
0.49042776845542241
0.46533343304012553
0.47638689099301323
0.50964908494788896
0.49260561350568072
0.44037831639832459
0.50976246889295351
0.44748497725114567
0.52764372577880292
0.4988710730540788
0.51618854231190348
0.49888407331169404
0.54010401839408917
0.52385343117156735
0.4908997971462673
0.51072644704295755
0.54722786547387436
0.45443584084126226
0.52373937293434125
0.5229519692339113
0.48288214848988714
0.50355960860105864
0.50499785967208011
0.3488897358162763
0.35890813914064867
0.51431036975319189
0.52363245844440942
0.49652627136172728
0.48771769185441755
0.50221518805901688
0.54415138768896731
0.52689173438318437
0.47337721632263891
0.48100969084386253
0.53121943047862963
0.5226494537254821
0.54125554641910611
0.49039561837130174
0.4567192707626142
0.51093888425320788
0.47717098572193156
0.48635282350440601
0.50380651874181936
0.48020728053019757
0.50112432539636065
0.48282355446602448
0.50374171796134859
0.48047566323515817
0.47623760379116253
0.53639755109224418
0.49512231181817778
0.50541828533748301
0.50895554988830793
0.50003570857761082
0.4839705203929458
0.44578195725543035
0.33341676084655053
0.54427149597146407
0.47965888359548775
0.51520276250730757
0.50932379397347627
0.49589377999150858
0.48182364777051068
0.48524413642197922
0.5111203325620719
0.47948644358823661
0.47378392312494627
0.53399003035903536
0.51276921789617524
0.50436941591769802
0.46666664020305215
0.49669882306394769
0.49263835867589395
0.54879961823303114
0.49199104576423403
0.49989537215844165
0.49704195195062095
0.45849990845704075
0.51135865556259907
0.47565839533616355
0.49362643741001305
0.49340782920700876
0.49845601784728044
0.55336298606794998
0.5172468526189774
0.50032974785245588
0.50610576408916619
0.32190670891171552
0.3401248698760001
0.51010273290127239
0.4687619263522837
0.52283134582157109
0.44429363714720532
0.4932503620649395
0.49413554796443987
0.50318995746540685
0.4825305735285263
0.47072093456366471
0.53054629419623689
0.5173131514007191
0.47496290038016009
0.55231918569650706
0.46848929702897096
0.51585541036907911
0.47493003530277794
0.52012651024486412
0.50000351310788793
0.46857099043092654
0.54484318065483528
0.47322768449377794
0.46148723797384356
0.49595577561369525
0.49863091069060439
0.50600126405606249
0.44986931507485683
0.4888790268890667
0.48857192943337441
0.50417512290484057
0.56428146159923764
0.35210176088673317
0.35922881498685499
0.49155704285498003
0.50420266327253926
0.46889142919193799
0.45361480656524866
0.4764495127016567
0.51652931316468786
0.51807623514462464
0.47145575110949051
0.52244335928818231
0.51327889604362975
0.52008001737995291
0.51347915654021581
0.50090203608757378
0.50994794871416038
0.44459442378232861
0.52590347971970175
0.54824852856658779
0.534069726932762
0.48392427459576648
0.46199306086372194
0.48639101116475603
0.49815395580606064
0.50056396369747935
0.52132517036635884
0.51693390906590608
0.51604458945122966
0.45466040465138263
0.47864715734883018
0.5328381314661339
0.48890445795751125
0.32801308057809325
0.35594744563732289
0.52677964048213632
0.49883524910591392
0.5205880894196705
0.49111250925019639
0.48037045145266022
0.42679532137617604
0.46764866822336165
0.51054587257635486
0.49088895759158602
0.51725806653978379
0.45607033995005286
0.48382229384677139
0.48974705431922383
0.47010019306817691
0.50663220346735205
0.51853088002641534
0.54678589347982942
0.51792415853537688
0.5071388492863641
0.47641113576521477
0.49068246444229624
0.4982004075129341
0.52031537465997513
0.48960644433292055
0.46863958823519736
0.52545254176492684
0.51521165258782964
0.44811812364290493
0.48948927988639923
0.49762323007985637
0.34550846094038329
0.38081766080460655
0.52541148155570805
0.47709710820869
0.52018155722527459
0.44434923510463398
0.48711999070809531
0.53798683438608663
0.51107929070141678
0.50647870314180565
0.52040849275612144
0.4966872890690886
0.46886689583478208
0.44988841535967261
0.49393507985824558
0.51519905618245132
0.52906960701991934
0.49954205766734289
0.52710040997534791
0.54052415533431775
0.49649304244623338
0.49448623717067375
0.46733240449437696
0.49770556141730471
0.46622837592319338
0.42414191668361245
0.49613984206987793
0.50672338089291302
0.51995726713090651
0.50973370031605914
0.52635653710255115
0.487406528320178
0.31875695438564988
0.350195429447061
0.44061841573357274
0.5306732001365011
0.51050267060843824
0.52227195938626358
0.47624588067789347
0.4916420810244394
0.52694676729625622
0.50564401865052688
0.50793621040353498
0.47885329374290059
0.46645286965053051
0.52113264838351125
0.53559981283702351
0.48224212259906934
0.48574089489108041
0.47290068463704887
0.47669444738435879
0.49898021947631166
0.46642244004399969
0.46784367614275646
0.51447745920170762
0.4900304450971471
0.48541528403219847
0.49547887228526566
0.50282799288059432
0.49382004650723466
0.5087825685863111
0.54047436651849601
0.51198597095353837
0.52324148286976191
0.43391889067552092
0.30643407940416612
0.53580904454764389
0.52127274498218823
0.49259247182052823
0.48620144055421455
0.52137461579869815
0.5231669128604941
0.53486974809652421
0.47359107603683781
0.54928107902811873
0.52300523130951948
0.50139471070372399
0.48625528981694105
0.48702216544379917
0.49911376970361043
0.5742641869247268
0.51121056474619819
0.50261398050647599
0.55165511499721021
0.51037930154321598
0.49520702842406411
0.4691448272761084
0.48333412005487819
0.5444802417146567
0.50769571080730214
0.49635075320103594
0.51485238224658914
0.4981514437811036
0.50448378402702565
0.49838845887700123
0.51030819047553744
0.34075225662048375
0.37772452520232214
0.54024163815973192
0.5283881617172097
0.51807969537601251
0.47841572340269589
0.49944719118206204
0.49050006534743679
0.46316708169906029
0.48966442118599962
0.50858859999933881
0.45513793917419326
0.47163562180900298
0.46670334360234528
0.53414762158447282
0.50453436984896916
0.55295789672362428
0.50362036646049146
0.52205355689737032
0.50844862857990514
0.46997142218114507
0.48782354634741043
0.49046809842870831
0.49825973158722381
0.46041293307988002
0.47994445550365639
0.53303975032738926
0.45292646857060953
0.48898325137800042
0.49003497994888123
0.49121839063974659
0.49011894784843724
0.32666353320084507
0.29377196233760261
0.5138032115807265
0.51661566307315343
0.48919625578748671
0.50567969631044807
0.51167768938718894
0.51203052424189899
0.47545969486009149
0.50876032853744479
0.50608758396876996
0.45274127445137918
0.5291580563801751
0.49185296466247747
0.4662594077958962
0.50328509330791626
0.48033413693391419
0.496177070786533
0.49066401886589361
0.5300439329845279
0.5006771762481006
0.51567482262488673
0.5167227998828996
0.48285990605131196
0.54637990314565488
0.51716955555168753
0.47559270096840439
0.52868179575977792
0.48825651826672173
0.50454408568575904
0.46938194152374413
0.48209655873653012
0.34627926898021155
0.32736065940202408
0.50195962695542129
0.46549471128952091
0.4961663317695183
0.47497818569326983
0.46597643435290681
0.49471136912343533
0.50347217211143902
0.50994651615989661
0.51477682752381215
0.48467867323873431
0.51531796497734694
0.48280307238081477
0.51761080940113402
0.47838775123184119
0.46981511181339281
0.49141352962647838
0.52069929297621331
0.4827159010375176
0.49582254610640714
0.52286887424219131
0.48647203941267303
0.4822871134420269
0.49078984388559393
0.4783212026012883
0.48942059011055006
0.53615475381661792
0.49736554591276999
0.47883407996452526
0.47661746997201004
0.53570571108561871
0.4073280111682574
0.33925546965988918
0.50903060176205783
0.47679772128042103
0.48491432593341405
0.48711392390677871
0.48820097694514486
0.47960752916096422
0.51713679178898264
0.53817641992122178
0.52120585661927399
0.50633966664244712
0.47893166232923223
0.49743346196591504
0.48878709921182079
0.50971600389867999
0.43393026479149094
0.50255500386042562
0.5314092143002983
0.49451806248583807
0.50834816711251019
0.49760721806880126
0.47234792390756714
0.53076219598462182
0.53697304920371591
0.55527629674916412
0.50694230960078679
0.49443110188176193
0.48192083297016663
0.49279006955626892
0.47383051959593409
0.4622366098513277
0.37699854641917302
0.29365562014567981
0.50965105124506382
0.48893919786939416
0.4907440422834275
0.53120576247639018
0.47881704513245038
0.49615111513800203
0.51874218009320039
0.48516194643705612
0.49565746218693968
0.51877412185110006
0.51070136287120249
0.51744642040402633
0.46400379157605143
0.45183015610708976
0.47056709196635238
0.44073399070788249
0.47522939528820063
0.52735599597673555
0.506239843651625
0.48870729030147192
0.55001638992576507
0.50498910720220913
0.48963072265529622
0.52888650938067205
0.48287412865107565
0.47975808663701885
0.52132410558403686
0.4422796495063942
0.48874997793191644
0.49913205270708916
0.38477850051974299
0.3805867200886594
0.48263369076565399
0.4484563232656324
0.49657392837901509
0.49086509122472738
0.50185846862227967
0.45278229132600989
0.45083793323883892
0.51026315466928407
0.51365832471385275
0.49288890235615368
0.51491374407727741
0.5368362548767438
0.47570180404312096
0.50955471649074047
0.48943824967150623
0.54819159359963987
0.46761331763763175
0.46789746167390966
0.48823296480811512
0.5047487320894114
0.45177777819082421
0.53410940547082286
0.54323168161992363
0.45251433719664413
0.50843224114733387
0.49210739209923438
0.48112156527346167
0.5419892206992184
0.49115709645580435
0.53158426153958493
0.38594032669183742
0.29614209262353292
0.52349185330322179
0.51422699138513561
0.54782997478669271
0.51755168208671731
0.47836697675901868
0.47845189855483988
0.48029546551054281
0.48460951929485202
0.48711178227800545
0.52322658244110043
0.45955711260089682
0.49459535651994291
0.47432020348607823
0.4802969860674724
0.54398883264021092
0.51953632323916943
0.4886174433469862
0.45455734892714122
0.48907461802802482
0.48236440367572792
0.52428431175916679
0.48987846981531452
0.5525014892642236
0.55279190034303183
0.49342463472137904
0.52875379161924962
0.51903863469032152
0.46378088219967789
0.4859394894229469
0.56282888728001856
0.33812839355586649
0.32104594067030862
0.49104872040319342
0.46348227405172637
0.50214902534846495
0.51812529821590259
0.48276442988389645
0.48623790417523383
0.50905169381224402
0.48671460465711869
0.52376898568889152
0.44628671890820432
0.49544846762933503
0.52964418028133053
0.52616566638755324
0.51440469319525328
0.47945599597286548
0.58790562657939738
0.47777110084888563
0.47772379202919046
0.51124828333683237
0.49788465949068761
0.51851827864824274
0.46853237679826393
0.48900308330196468
0.51341723458019761
0.50332703078935614
0.49542868915788263
0.53678655043330892
0.46333687656655487
0.49366602237046542
0.53768479197257824
0.3935302761154803
0.36579837711520286
0.49141924421204447
0.54735429320967255
0.49625699040553289
0.59231023343173794
0.48679571810846101
0.49278697763744578
0.48684651134970075
0.49973900576297114
0.53662843522772197
0.47431533512831242
0.49297274770422111
0.52799084941332142
0.49871503509841475
0.47084188924758275
0.52084278569291786
0.5102720639829309
0.52988329179218441
0.53496366682299512
0.49540816375849128
0.53060524305363066
0.49288275488513217
0.43007890773250501
0.49054337885143739
0.47225431295219267
0.53489506903977446
0.49307014016971124
0.52097055099460554
0.48584448864494284
0.47997706167825921
0.46062003755957637
0.36296989662270973
0.32713180558278104
0.3537690028821443
0.34950335339311628
0.39458590081071848
0.32867003361257252
0.3566364325229906
0.4027237825965797
0.38087601068071125
0.38630264603460052
0.35823626678209319
0.38512109270644934
0.343187406398202
0.32408672891631274
0.41961712044622679
0.32880473486083633
0.29851719290443202
0.30582455544838943
0.42358134729528035
0.33324123400946948
0.36210531134376728
0.35165479627381629
0.33790771031631878
0.29102316026219449
0.30548758174754248
0.40820287601961797
0.41952465396729915
0.34630888532998177
0.37560979749400114
0.35163462039127485
0.36813297442148413
0.35838508949866088
0.19831926544132689
0.34810102694386547
0.40260052317501588
0.30587466785455497
0.38796671484166523
0.36336937743860409
0.30760203455958335
0.3288385665666958
0.32689330591779536
0.41803880972767754
0.36669985106725389
0.37320614354438353
0.34400350811925362
0.33687458304056461
0.36038851446558406
0.3256818207267308
0.31162552700691909
0.2980145075932969
0.43211019511545595
0.37204541118526874
0.38839948335380131
0.38533138705673464
0.34860804122747341
0.30582948993307424
0.32583334936962327
0.36059120357863672
0.35864978166292327
0.37710063083424777
0.37522321493209299
0.31235699267119343
0.31900514541472214
0.42771840752558282
0.31238389761379437
0.33956544599028271
0.52871839762058448
0.4987481369502681
0.51076097848633439
0.45911591853849176
0.46955502680286731
0.5020045254524047
0.52390527128813669
0.52292746994268946
0.47041091319897249
0.49318274352999991
0.50268973023589836
0.4995001066864353
0.49774639359847661
0.48634550086053974
0.45380430288269047
0.50657138544642022
0.49061774555708848
0.54155100112334476
0.53586047392713243
0.48550775826404774
0.54189238231375958
0.57803762568950356
0.52545646828672277
0.49566445918571089
0.49859389340475957
0.51448174316944362
0.53749681432239604
0.50580360975366423
0.48108663268106472
0.52428087820182145
0.33057603055135015
0.34372134399179455
0.49401121261744535
0.46278231656061575
0.49201000380456739
0.53677793519848804
0.4929035889083685
0.51101859536281979
0.49978038518367834
0.52002131295126297
0.51011539176782339
0.50352129305754278
0.54002655548388123
0.51669714586819981
0.52257118874553043
0.45675291671074425
0.57033877792910215
0.49669788731700704
0.50370637745137048
0.48567691453124073
0.5345924863330862
0.52408601839982305
0.51961895245462097
0.54336916650936251
0.51439562267506678
0.47937844936911689
0.52343991280554814
0.48877482799321315
0.49599122750499314
0.51517246820040008
0.50279506582786926
0.49052828182253294
0.31667829151901428
0.31069774081591839
0.50494080589984769
0.51749903010676213
0.48514461272862597
0.49518601474574137
0.50831380177166896
0.56300571570417179
0.51150296214098145
0.53374420665849409
0.52777715628523447
0.49951268737165533
0.47407496483686951
0.50322330254241043
0.4545523080262695
0.50004067717873579
0.47084068175562416
0.50474993032831683
0.54378137691915152
0.49110103233535446
0.47463155661118006
0.51822805854186238
0.49635818953482719
0.51224129421258946
0.50416306230308516
0.49766564081541359
0.54049033568006377
0.48755651200812233
0.49598459971489905
0.49824055898875808
0.49075398002828918
0.54830936967075983
0.39469833794754067
0.36920522157457292
0.47201587622754465
0.50519441492262906
0.53674028673007268
0.52969599888320351
0.49629045705197417
0.49113138792534866
0.51444564655732694
0.48017507037215684
0.49808074360116067
0.51663192278040082
0.51579413677606123
0.50826227552268877
0.46195413730304996
0.49131407552789286
0.5450252334159944
0.51713311369452408
0.49744191593959342
0.53133838563880686
0.48523892787914386
0.49580030885560927
0.50688016501583888
0.49622517117937287
0.49529650240096351
0.51576481511310646
0.49537424884944709
0.50512663235407795
0.4676010801141271
0.51545176314334018
0.45992978517479866
0.51643962864974058
0.38190967478630561
0.35976646174212445
0.47912685641309327
0.46525013352356009
0.51145795562832674
0.55611828652975814
0.50074379369356237
0.48036326336816371
0.48881723506061203
0.50417558318431421
0.50810395682045839
0.47597726609247193
0.56663091143713051
0.5197878705751845
0.51487168405563744
0.48125644659777156
0.49474575503290441
0.52682992207569379
0.49964996852328553
0.49376047716260851
0.54737063467801117
0.46703517160009717
0.55269659995099485
0.51521467655808673
0.47731362316919818
0.47286162265602311
0.5043878880182433
0.4949285134097397
0.47724788077492708
0.50507974817184664
0.54702658806323223
0.52766352864564559
0.32411705558899329
0.2857629181577962
0.53419923868547137
0.48391952186772302
0.499387999848873
0.51687015738178388
0.52411952226801628
0.48354764122629024
0.48089280440694698
0.46867775062910016
0.51007134490214068
0.5682754202289988
0.53606490074575686
0.49112328485252071
0.53982322899785706
0.50161619775189592
0.48710053899643269
0.48977455674664477
0.536232062003691
0.48580064183811389
0.46396466040516204
0.55211518534508264
0.48948741491987285
0.46916977498025414
0.5180968229546844
0.4970745218802558
0.46982868126351734
0.52324570064818154
0.47854292298550438
0.48974413161539776
0.52633888880281143
0.50982345401269258
0.33133617825175599
0.29651309620459748
0.45168357278710508
0.48413940249919818
0.50656854960977293
0.48087083174220252
0.49765942852930645
0.53011242776349199
0.51142752211752729
0.49078890927767915
0.48176114944880355
0.59617075982393009
0.53010044527070932
0.51854673949188523
0.4558734581995596
0.49020471979506614
0.47068738610868249
0.49126597931711302
0.48844840712026877
0.49032082811644384
0.45907930733338648
0.45695122544147848
0.5359251967122759
0.51106404342573919
0.49019522319914016
0.45464620238859293
0.49229543308991164
0.45732270508762324
0.53710552644010567
0.47578934667618022
0.49859810392979242
0.48904512880164847
0.3452093230853005
0.38245543332742132
0.47396118639019974
0.50176675687733074
0.47265307677843399
0.49532217513019838
0.48902514297942884
0.48584159281541761
0.52788413917098342
0.48479252101241277
0.49553578494894746
0.49926785891776282
0.46654657041790881
0.52722848820464141
0.50032248843934213
0.48123838417982084
0.49644484852733078
0.48792812845380173
0.49471028067127443
0.48913913145609644
0.4816382686085916
0.47849141970501463
0.49283746865615752
0.47984172833708894
0.52788368943668207
0.48917402788447617
0.51767352471748496
0.52741353613640962
0.47316727783468976
0.52295553912254589
0.47848562698975122
0.56317725265981933
0.36673635520814457
0.35010927151253951
0.49120332126696525
0.51868379853670954
0.46014479882998194
0.51158225486563536
0.56367429565856142
0.52148983822255379
0.51634457970617809
0.50131636658978518
0.46583188381225771
0.52102396521455563
0.5114881006826868
0.51880526899060242
0.50261247705840828
0.46088323456416569
0.45790696034694983
0.50239313158015153
0.47196648677676023
0.46897960886493245
0.51174421835084538
0.51277107384255471
0.56703320881831487
0.47101503435913145
0.52557067957927173
0.51570223405703808
0.48458669784369029
0.46937655440139059
0.51839254616793962
0.48092056642120834
0.53431260285112425
0.54354375850762882
0.30348812878362585
0.37618544181850949
0.52151268273843099
0.50074113915335972
0.51598096943129201
0.49973252917252303
0.46712515308432212
0.49339274933685306
0.49692838695265562
0.47861701377052879
0.55520320911723364
0.49813618778248764
0.47599161163375436
0.50643169550875311
0.48276756268062482
0.4981891395537737
0.52870455552469953
0.49920580491649019
0.51567784855412302
0.50895983038505577
0.46802969984828335
0.5157634763630744
0.49498497103028871
0.49218659367176776
0.43997395229821978
0.497761692482035
0.52995696127747283
0.53037672047757478
0.50388327000116606
0.48421758464888642
0.52428462616501226
0.49983578793968308
0.42785461869654007
0.38625943016193443
0.47515346052348761
0.48856112520524048
0.47453095113939797
0.50627205781112605
0.54706710274877646
0.52940937507385921
0.45055226310019081
0.47488409444259894
0.45884256448305821
0.47914312791408881
0.48881368011380016
0.50890799393505493
0.45969177966822883
0.46851083073973177
0.47416606050197274
0.51608917957488221
0.51292937521159088
0.49588582257314101
0.49648614318886808
0.47920654976124488
0.53942239905081846
0.52281392060922227
0.48900006081809738
0.48799458896149295
0.49474263384044403
0.45580390655008829
0.51387908319473419
0.48139318256835173
0.45043064634874397
0.47942844464588796
0.3605268594002588
0.37129439881921683
0.51560914298963934
0.42581424573996962
0.51436697664284936
0.45887803480069606
0.46947469056214708
0.47746307614744837
0.5056829185575632
0.53468588795621708
0.4654276965154851
0.50920807986065353
0.48212887997388776
0.43080777661157188
0.50788251011919172
0.51427328809588679
0.52804862822640319
0.53382144484660732
0.50362910865249677
0.50014203689389969
0.54652544014817628
0.47217930164049154
0.53938079664934258
0.5020114998830697
0.4758441915295869
0.47003638796219149
0.4993360496710364
0.51267899687557394
0.49580405093520968
0.49919856337103558
0.48624981546605972
0.54468793374895663
0.3526940467683492
0.43995877409259648
0.49395963176429702
0.48358554898246481
0.46942118423638735
0.48145288132473785
0.53507654610849698
0.49691667586967758
0.46362673350755157
0.53916195329160566
0.48094482591097759
0.52321177119624818
0.49237189414197818
0.44837017663318773
0.49270669357547636
0.53248981691110597
0.51920221356691609
0.49429255213522211
0.48563480482481075
0.52298318419186407
0.48760088819135916
0.53267765307625925
0.53409825801554334
0.54355824617006721
0.49070131413917645
0.51815838285504223
0.47844510353544251
0.52384327692762345
0.51281283559417146
0.51300882057445429
0.48528086950371674
0.48827161840769079
0.31093361242229117
0.38553754273917384
0.48978507833734741
0.53993076100185633
0.47548463118188627
0.48805169278776855
0.46914592327730648
0.49416416577266808
0.51668591194736946
0.45287822152884188
0.48077423155170979
0.46530006240209171
0.47939914264934247
0.47935863043888688
0.50004247470404828
0.49010056382256761
0.52370159690606721
0.51976676724118986
0.5090486856224925
0.47352326818771978
0.51805070119001162
0.52559165728501145
0.49916262190281663
0.53326184666904886
0.50848353789690515
0.56461111435743494
0.46661978607422949
0.44119379407409387
0.48458872351767379
0.49932257201809138
0.49913206580272046
0.49523575217096155
0.35649890467936268
0.33573348588938096
0.48000295605291893
0.46901036173759469
0.52834526220684808
0.49980939294207272
0.49949555518604449
0.51309075290086903
0.49257796310628238
0.54453536483779164
0.46685037948401603
0.49158844174832605
0.47830169980324727
0.50673269435333779
0.53772765533152211
0.5499945120319657
0.48283664249100267
0.54915777363600848
0.53749677872967649
0.49810408802132866
0.46161608111616914
0.51366689240796348
0.51397772057045432
0.5114011968166714
0.46532346193628016
0.50080853865016517
0.44019329655077127
0.48502871708745338
0.51665481753348697
0.49832991480915872
0.50693967599455181
0.52170284496199526
0.31928100307872026
0.33893778124821322
0.46932058595470033
0.48434819871943119
0.4470231259250001
0.51970731248719393
0.51819454879251159
0.50796978245699698
0.46290788896866719
0.48342657088861574
0.51132081758338299
0.46171628395441944
0.54335112218274384
0.49509067570963111
0.50266744897461124
0.45777321802131155
0.52972485951055381
0.48960529182029672
0.50754941991859681
0.48860457782208511
0.5465843941195313
0.52989177349637517
0.52486434599960352
0.5320347317053753
0.46386716814720225
0.47204081525179892
0.50983397881588577
0.5243677315861941
0.50614225872550567
0.50738710338201853
0.52022440744817344
0.48966838622482245
0.34041812359703105
0.35282161663939676
0.5000498170401273
0.47694883607638677
0.49513665800093587
0.49488989614130308
0.54836585431928908
0.49243437728759254
0.50535242517519097
0.44843965665149416
0.49382192157289106
0.51191009546475419
0.47058462252033473
0.49047127393245432
0.48285633142620876
0.51619697134212483
0.48326031526042112
0.52658835915394198
0.49312945445623879
0.47168082094130137
0.48204117188378626
0.48530631703624105
0.52313552676450714
0.51194102875923952
0.48300623277305704
0.48552081622541882
0.5012733224968795
0.48153078651075953
0.51121337712694903
0.56134674444243315
0.45980358379639252
0.52932584188079124
0.31107788721283314
0.34700958927535214
0.5038844107102588
0.50152111939413557
0.47668393427923461
0.43179534692200178
0.47562463651514636
0.51579209683026594
0.51997447248231388
0.50078294754427366
0.50948321895542747
0.50841154048651549
0.49248763304096738
0.55312583155746153
0.56248894751629541
0.53233951193285411
0.5366495769609857
0.49273993892451345
0.51911560279593949
0.48456009959000867
0.54159850743916282
0.432969817942917
0.49231121178381826
0.51276288836531303
0.48645712178869349
0.52067075047126554
0.52620686231890934
0.48086030814154956
0.4884823120331071
0.50227717512022452
0.50309115451356845
0.45454636424372369
0.33692442522187499
0.34602593921330771
0.46042869945989345
0.4941243897271681
0.50067199099671744
0.50306802497341763
0.4382368675912921
0.52157928263169639
0.52586329375475249
0.51614173949653352
0.53696361277241289
0.53083555763674095
0.51353011204928345
0.51252712628128017
0.5184147834297953
0.52335098014929338
0.48212530709081652
0.50277321774935635
0.45248020181296894
0.52794696809984543
0.43816616045879647
0.49059451240962931
0.49382957882212897
0.50158154645234576
0.50053245599547624
0.52679493743785855
0.47734203343224924
0.49694833774575226
0.47332320377327169
0.49958356273288462
0.51573805392753325
0.50676726662573324
0.32604827049408486
0.31942059439814602
0.46285539626513356
0.46786035656052799
0.53031752480605976
0.46886721397164921
0.50956401224584902
0.47993789985872876
0.47218896271797012
0.49654646877793618
0.47650322542934981
0.49489461243003402
0.47219173806665277
0.50650777959877846
0.50347427845715098
0.49079837456921543
0.51416808231818234
0.48866744436704557
0.49150252972876335
0.45911690431764934
0.52453245324916908
0.49577808445421773
0.55998289102856502
0.51201944590921522
0.51820145310015953
0.4853539102958444
0.4845687519849064
0.52693320881831385
0.51045355053871055
0.50541994417405978
0.51475934470028084
0.52108453757751994
0.36351630892713238
0.35731906891180193
0.54013961770367425
0.49697752015237906
0.55815102079688805
0.54391204771469503
0.47589301035337239
0.49887090906138648
0.49801199502612525
0.51039273091998416
0.54766233854125024
0.50945461875310472
0.46181843688672491
0.51167535637900707
0.50216351251308511
0.52171230851732908
0.50589974783398772
0.50309820615673129
0.46399786410940458
0.54387769124505758
0.49723441075306124
0.50741020584837815
0.52240848357143665
0.51391071867177018
0.43069361188071492
0.43113414008961215
0.47456863916961578
0.52943371864258015
0.42528001898556039
0.46775792138855538
0.5195629148794001
0.4328994318813133
0.35336571742994249
0.45715110719722596
0.49268579938136869
0.51915832603224132
0.50999952101637092
0.49548028873366051
0.46822341511715304
0.4956088918962786
0.47298814480560597
0.50620115235448471
0.50997930020954141
0.49109952365337511
0.52040333161842345
0.51533479083976064
0.48343305763068894
0.4666178281892861
0.498542208810895
0.53049730324024613
0.50891465309375694
0.48534844496827234
0.49109707485878767
0.48332732522035371
0.5004644213968481
0.47915950495895032
0.54137170542341206
0.49554439001250566
0.48952840296991706
0.54242825803540273
0.50116687198762855
0.50419938725739621
0.49597424913824345
0.46263091245538013
0.30131630353378047
0.30067232694128931
0.52420737661204142
0.5487996236867988
0.49978067212058963
0.47693795386073834
0.52018901880383195
0.47076004161986196
0.52588748806977315
0.53715643105614963
0.51232066868403925
0.4871853860339117
0.50320925373024361
0.53953053699084175
0.4791560709124334
0.48399906131767184
0.52391517423116596
0.48506814600371079
0.49654591049786828
0.44920966978868127
0.51407410558643218
0.47762404851423218
0.53318313132455686
0.51041466984417927
0.49807351140990808
0.5036535327613455
0.49338788278449186
0.48816996151975622
0.48917600314398574
0.52343240699340154
0.50658224183881873
0.46179641559091422
0.35533232567173978
0.36658646809140216
0.50234559956379121
0.47907975717052587
0.53781713491365524
0.48442024477411277
0.49952562109252341
0.4763539066791227
0.4929031630164597
0.59374794755334126
0.52143030643765942
0.51067557430483523
0.50300533894570665
0.4988464848613976
0.52326411982495824
0.45020229511745968
0.46764567829306475
0.48859598396660847
0.52565101751473808
0.50091881889324275
0.54387648016506107
0.49846005462256443
0.49733307099715768
0.52298647045873492
0.55165866880464898
0.54385165781899647
0.46315683585033268
0.46324987197060818
0.47631555050540392
0.46837493056246815
0.51318130086945035
0.45607017499432168
0.38921805725106817
0.28746980456323462
0.49592542238962189
0.50660447567248901
0.45175780217127998
0.54730169995444089
0.48883191451696029
0.50455652691512753
0.50062099077430022
0.50295574006993959
0.48352805464073056
0.52810385061780674
0.46021405993556708
0.4918657895390206
0.5183742896403889
0.47914926209844905
0.49970272493666862
0.47257719307534002
0.47638067815258178
0.49489795544232895
0.50035864355866699
0.47187707424715131
0.48330859364280937
0.54110219148206518
0.47321382829822245
0.52985766617134089
0.50666758178721216
0.44620369863124126
0.53224745963339082
0.45124611935145975
0.49915322659609995
0.47829967289726261
0.32495766475085014
0.35013292577428423
0.50569943411605867
0.42693589408443561
0.46602080572288584
0.53799615800669509
0.49654263662973919
0.53681740453128579
0.50094529629644213
0.48214372277594819
0.50505613325490006
0.51475977212839252
0.48661972800600567
0.54544260156877145
0.52468510337209429
0.51620287836080092
0.46499483253845419
0.57094303402478519
0.49311549859676929
0.53931992435879827
0.4871294926260174
0.52953219197173629
0.496551746687665
0.44249894849756438
0.50988008401054952
0.53049080493753609
0.5026250986124855
0.47926271955148481
0.47779868980078072
0.51095368544038522
0.49643570583993241
0.48609486892612186
0.32846946059772109
0.34814673841984695
0.52196363729138917
0.52733124937534215
0.46936134898551246
0.48240300015595072
0.46470225777325014
0.50345648236224938
0.49447279520705489
0.43499590504308466
0.49281011550321618
0.53407951935976195
0.45837844250256338
0.50200538720846222
0.52584371468206326
0.49653381907562782
0.47562565626345743
0.4683494378392819
0.47431099706759677
0.53275527885867735
0.52120682498761683
0.46948616526661996
0.51943704565685955
0.46120739366059432
0.47477143256842452
0.52554067938359428
0.54728019372193948
0.50779902202601213
0.50392707468364539
0.46777211647792466
0.51691036389636669
0.45400091106558227
0.30844944800489954
0.27615275403499595
0.52160363300333901
0.47614406237165785
0.50308364805339523
0.48941653597851492
0.55310236703957016
0.50764374405818202
0.45981364480684234
0.42669863036622874
0.4810218401025666
0.49473718489298252
0.50711193992957648
0.46480549850800301
0.5319201861960442
0.5152540667523543
0.48711533283001801
0.5131984911862385
0.48428182722636759
0.46848290978864709
0.51993843261054851
0.51075319330804658
0.49741055441683391
0.58668069352357199
0.52734444912648737
0.48939194440715444
0.46000037843485853
0.47492641876253888
0.47708234220862322
0.48519750004259826
0.47298819107129814
0.49380693545693283
0.30937500322560907
0.30462579247595389
0.47528888222325821
0.51227978691063158
0.48938100034843235
0.45968080564510277
0.53341425908709239
0.49737145218452644
0.47323554925057459
0.49806145802156232
0.5476851767979054
0.52012666752539727
0.45907933794288214
0.44942377931661598
0.53146059570244863
0.50559169940111959
0.5135151685416981
0.49732239840829034
0.52041773223254351
0.54199378890984007
0.46234915515601455
0.53352408576737964
0.50205092377355742
0.50776960481231559
0.46615714981993078
0.50878780592936867
0.51899540337377559
0.53514188819227348
0.50976060677416535
0.50425537207896431
0.48676112345540179
0.44925063108693725
0.40072591252350376
0.35862249222592507
0.49667971434154756
0.48562932447628909
0.48735158202151857
0.47518989250994903
0.53642938327748957
0.4894421472231682
0.52074006541815654
0.54525890662581733
0.52587517181628118
0.49072160683691013
0.47456120158368403
0.52236991460412463
0.5390745349168623
0.45476193723978187
0.47028142001839074
0.46051400344865334
0.49552022341293511
0.50242808298826136
0.52914438408543596
0.48402744769151612
0.4689474447627282
0.54123170990971958
0.50397278572834991
0.48035352209689131
0.50467135887362802
0.49481036952582441
0.49827548583975279
0.48822780741493382
0.48352593102080194
0.51773314529361858
0.3597048031477208
0.18249788812110865
0.35125618320054225
0.38821687769584706
0.34008251490772295
0.41262742773886707
0.33728508275261387
0.36896601579094052
0.28899536756605643
0.32564022906166556
0.33934803168983318
0.3285313477533538
0.31356820499694427
0.38817878435402658
0.3521804940440616
0.33640773335605445
0.39144843096262871
0.35978253182676245
0.31851835610139506
0.31959315886481154
0.31484153713214752
0.38066372354399169
0.30689414985803259
0.36638052206129973
0.3645583336286719
0.36740725202119584
0.36070582636250681
0.33010634372870384
0.3354445295661862
0.29277948495849693
0.36218461565980953
0.33562439737592681
0.22822923398507933
0.21912322439375215
0.32316305166191406
0.37347229610090682
0.36037390933978436
0.3571206675462959
0.32482964456896618
0.33663417903463366
0.33826329727726762
0.31489214776367663
0.35811910637725858
0.34629098728023266
0.36321803281167409
0.3253619669598215
0.3311876641660591
0.32079897485413639
0.29268213689498646
0.35488278835645654
0.37549399064161582
0.30447458730040822
0.4086532013853062
0.39216576318724433
0.33803926402455953
0.32877467747779332
0.33758459295424426
0.35521006063256522
0.34569981179054615
0.42187291357867207
0.38121377456879274
0.34105775317483389
0.31317761503243302
0.35669923985989749
0.21131736858847075
0.38188290981333717
0.48213065732479116
0.52645493456223569
0.48274189990103944
0.52920683266752577
0.49399730050689866
0.49801577241499118
0.50107071761273569
0.51411218956486704
0.46574750127874864
0.50897457133234258
0.53888486210793651
0.5194974542241283
0.48097580278873381
0.57658537356109862
0.49364675998811602
0.48936578023845828
0.47698120614726153
0.51800233800821449
0.52782163811171645
0.45349076072050643
0.50867918842461923
0.53078429249592374
0.51569376171631742
0.51201586502575092
0.48816620707831071
0.4927592877734856
0.49172577280938512
0.51304366827166148
0.51205817068372805
0.47316870530864308
0.33765707876527878
0.3008556452497812
0.51415224310945207
0.52175584967590094
0.50927517455860449
0.52287572082961142
0.47268897453422293
0.48287403513293864
0.51752223440792411
0.4944354888253486
0.5294411199096315
0.54461272597735988
0.50912812756278636
0.49946438776893787
0.48104182013736702
0.47671855048147155
0.49823840213224091
0.49101916798309864
0.51173330813311513
0.53280919578519603
0.42985813071588674
0.50363114850940238
0.53352945141534147
0.48991302681172971
0.5046104882669511
0.51482315263202005
0.50021815179072548
0.52308803963334027
0.48881961966818105
0.45697677651056157
0.49083741691459054
0.48206149955685651
0.39090386301423469
0.35831877126969314
0.44769416166633924
0.54950203224004335
0.52770872150360637
0.45786587845124332
0.4727180741426838
0.49467468543818682
0.47721489905663983
0.47785025889054383
0.52003577842886939
0.50381708588049223
0.49351324778579386
0.51044477367254026
0.51956769072336517
0.51284314749346416
0.55225954993475757
0.46157546847983466
0.48771608756157103
0.49763272543110482
0.53583251707966006
0.52182566971030508
0.46949604875749051
0.50004011305968477
0.44034586571638151
0.47227467987763921
0.49554154587501625
0.48229458606634507
0.44948501147404923
0.51320747908726549
0.49866089196877184
0.50379025483221263
0.37240007107592371
0.42260554261732786
0.4859652443245594
0.50743133411751551
0.5119096543656898
0.44891674344451521
0.52359965663944752
0.49120192444815897
0.49620782517660139
0.51429962324414813
0.5059285036876694
0.500569987404195
0.49409566307497799
0.50940445860002725
0.51326683885568425
0.50134307626671826
0.45252964915571536
0.51050861390733582
0.49145596827896648
0.47603998414993853
0.5586783359430445
0.45098965458064588
0.51773257024826469
0.50517399061648816
0.53209693274437375
0.47073063260082043
0.55960623004411791
0.49243231383663105
0.48008152449612784
0.50012769660499867
0.53603770218424718
0.50267360151142826
0.37657301111058877
0.36736689097966252
0.45246311436422548
0.5124153758243909
0.47803889111136461
0.50617503887181592
0.52990077668158753
0.45814952408845205
0.50333127705134917
0.44911249911837314
0.51625507147426586
0.50365864828311258
0.48116713251209337
0.46386023834972151
0.49783692443151761
0.48505885952965816
0.49039713414251962
0.52037664705062114
0.48124290972379413
0.49036708051892786
0.47623933678573327
0.47111896292657957
0.46258792421123318
0.52458975457950785
0.49064062008426507
0.47780421354085745
0.46063028402955036
0.47811146105976365
0.52384000577854095
0.5291405936268011
0.50822574817789057
0.51484284632806088
0.43129665850304366
0.31829231392768575
0.49930727473498682
0.50797856026440569
0.51179129765138165
0.44282933367316135
0.51503715597096589
0.54785110203216825
0.48972600496086266
0.48485078586595304
0.52330775608421987
0.53561075239970468
0.50020198458206055
0.49448341258218842
0.50927604955781947
0.54094111627199815
0.46006921682927354
0.47136778350558028
0.42365121226768571
0.46259571608956468
0.51519683659826654
0.50681024336995573
0.50916745988635415
0.52561739870694035
0.4915488053491
0.48522773567255978
0.49699835113122171
0.55671162729933921
0.51770387079210611
0.48104551224472614
0.47564650835880085
0.5044160423223456
0.29708087342120043
0.3106421220524121
0.52126658569537965
0.48403417744250704
0.47572866743025416
0.53877593167765192
0.48374748572076309
0.52439959850548312
0.5131648190694954
0.51402240877648853
0.49817859985392765
0.4966216240844446
0.47708192151235168
0.51521820935382145
0.52313054847269247
0.47766714759285056
0.48828790481835982
0.52106701727341809
0.53007859302888982
0.53458103722572281
0.53184426601286583
0.5115738532598022
0.43258883724391256
0.51549701585039187
0.47367331426711362
0.52170758837555953
0.53730161071150628
0.50431698367220534
0.52536581760238321
0.47825724323451074
0.49011887737841681
0.44676468081622067
0.34423321399535106
0.33637048015270138
0.47315559165864451
0.46842313984265938
0.48773917254858085
0.48638002283750703
0.44068450530510866
0.4814314543607835
0.46569393757548583
0.48120017576669272
0.48734098838438816
0.53358081028417614
0.46024405865134127
0.50805412844294806
0.52440541296362708
0.46610833140897218
0.50021801373571906
0.4702768670545624
0.53432977426123707
0.47456982318843988
0.51394394805161814
0.53539025093216852
0.51695559831084381
0.45793758615609104
0.53123460227154795
0.46548500552568228
0.48400332839727683
0.52480768508264608
0.52903836602232757
0.49527408011325802
0.48319604679560435
0.51066852985578548
0.34299653627034643
0.31324197423552969
0.49017900270833142
0.51975800995612498
0.49792179339033055
0.48813316930600098
0.4810504907628162
0.49219206447618441
0.45745240099893886
0.54528913077189822
0.4920729807316318
0.49308673470205427
0.5372712863472926
0.45913677933033448
0.5282018783388851
0.48695682720049621
0.51693808341220282
0.51859897184517634
0.504668113868596
0.5325733194957577
0.51249857535464838
0.50662853711803979
0.46442734229762384
0.47317211932358982
0.49009244738461732
0.4861821068678126
0.50434318036506542
0.47577558629558486
0.46199285776430643
0.49291406591166642
0.52248596865329178
0.49435863474732455
0.36222574022086401
0.32858477539208414
0.48829610533977069
0.48913772469008343
0.54231873127840502
0.52655242721722217
0.39913345920756638
0.52299452339676122
0.51325047184596617
0.47383096412223918
0.49706650824324183
0.46436134675883245
0.48692701892195961
0.5056131495300451
0.44742382846104811
0.49700377727752182
0.4843378663786248
0.54109558806136004
0.46818769743877525
0.48319932994079734
0.48630896363863102
0.48436328623268265
0.50656165490654725
0.47325672086717019
0.56012317316949711
0.46247225849033025
0.45511503312013574
0.44249774319338503
0.50652067704619608
0.50870590509522851
0.49551423919851473
0.53771691399536581
0.32180923216008045
0.37138391213612404
0.48103537745903641
0.52344868188303861
0.5008394275513558
0.53504035292349927
0.42079106102519798
0.47506902381248417
0.45790421127481423
0.50691630500417562
0.53899412980018213
0.50811520451046865
0.50540841712202966
0.48522486120196606
0.47168044493859035
0.52498123701493504
0.50871169312249209
0.51775699643875761
0.4173634159034445
0.50112904426809846
0.5042988019244693
0.50857978751795818
0.50038838998268653
0.52463624375384099
0.47559065225892955
0.51358586790239602
0.47914961639716558
0.50498392684368754
0.51698149456744036
0.50538333168073635
0.48080889639672014
0.44952566027787733
0.34760703997409004
0.34143925677081233
0.49880760770210369
0.48624843336817464
0.50982451136584483
0.47127695169782113
0.48475555624515193
0.54314188428995358
0.53212804003938874
0.51027984781196956
0.52255532132660232
0.48363834246727405
0.51267735668921899
0.51186494391152826
0.53047538943652572
0.48005063028857159
0.46713899113558838
0.50172249165148897
0.48672161887389637
0.46293067847811009
0.52003973672142112
0.48114788376088047
0.52319722857545226
0.51377640869197538
0.50327717745253009
0.4813975022248882
0.54186177498361432
0.47838500279779583
0.48117459789733513
0.48632518614569292
0.51311645310134169
0.46357227054692307
0.32813245595215679
0.36394831509009173
0.51046031436029049
0.49978042214843671
0.49597329413058588
0.52738207020044192
0.5172088999703679
0.52100461277942667
0.50285745643278468
0.47626421681720182
0.45900625816158142
0.50795636902990005
0.52208777417222829
0.45828308440235516
0.46046863486037132
0.43431143898047447
0.48941665399342904
0.4850402239491613
0.49034674205708451
0.48067433517658659
0.50517876848130172
0.5415438144405883
0.50597848138237622
0.4586242359208243
0.46096775303940618
0.5109528231630035
0.50443007017070174
0.5188170088818358
0.49260289328401657
0.49271973461626378
0.45695020079366289
0.52561158366245486
0.31019311157629192
0.38282450560537223
0.51179148685201281
0.51062046707717235
0.50991928924395691
0.5461702167454302
0.50333656478718791
0.49165529519119305
0.54001589485910206
0.5509081553006171
0.56136588568788781
0.50349640621840386
0.53712909652593788
0.48512130606999004
0.50999204504401752
0.53138906074114156
0.49666800466393651
0.46341688466071906
0.49326960421400196
0.49123737997884293
0.48886163273820649
0.46270210171781961
0.47803123317114432
0.49349816377563949
0.51041914862021176
0.46863173123074925
0.49343011105557227
0.48440858829737699
0.54467611751223177
0.52768117567089357
0.45990848063640799
0.47965598088464806
0.33398047434707639
0.32589873816519538
0.50634558172455413
0.5259829449686948
0.44062297267525413
0.521680739650489
0.53170273478986552
0.47563536694059882
0.4929123847679015
0.44417483408478459
0.52094235764275976
0.49887947772591096
0.50474752472529005
0.50255505583973425
0.49242899396862982
0.46445316530159497
0.50777921814819438
0.57408603730609697
0.50704816909349082
0.50728762997184673
0.51943546519007133
0.52723213145228287
0.49648013963725951
0.48860202156431043
0.49840901188538939
0.47507107864178055
0.46401312305856274
0.50979636946038165
0.51423282109841884
0.48521912313250176
0.49185676885941054
0.49078812926031989
0.35548351350254853
0.35247205042017354
0.51883465953209174
0.4738357302359481
0.5173536925695249
0.4500212403546211
0.53656750583597612
0.49045245080195593
0.50075815965626114
0.51201888139055907
0.48802465360399933
0.53815161435438474
0.49077492848113752
0.50394615735571235
0.44909969558422297
0.46397195848053224
0.51198074303609431
0.53628535700798174
0.51521216928887748
0.48775244582404276
0.52745314412963773
0.50973258967117263
0.51083290857379093
0.5059041249935915
0.52419976189172635
0.51712238908985331
0.52827881647302166
0.52073138970784294
0.43341937494491234
0.44805194128054882
0.50131036954637587
0.51804722845262652
0.37097357927382901
0.34869897309483211
0.52050337444204819
0.49205391705734286
0.49925675712149559
0.49613539878590329
0.50541815242024302
0.51170716210592437
0.53783747439548857
0.44772574698161721
0.50042946106834774
0.46811963887299735
0.46131880992378815
0.48348344896723111
0.4849178674054086
0.51515577995610906
0.50287818104225113
0.55316914481808743
0.54358915234941485
0.49200361389145408
0.50578389199815321
0.47202778624810882
0.4900315021002401
0.49418971513812454
0.52536789566609909
0.48440980957024082
0.55379151133754756
0.45664339492132355
0.52978098682084762
0.48256566034297665
0.45696185276848927
0.48086938962709419
0.36681655517299949
0.38312473914947864
0.5394959409208907
0.51910157850777805
0.48572185276495289
0.50392573263715446
0.50832947441984744
0.52345313526810555
0.51492389039008835
0.48794493424831109
0.52112351067990792
0.49189853407361855
0.49003881635649038
0.48585945773382255
0.47248394824171763
0.51992440699125397
0.49723985747461869
0.55017842839434938
0.49804559489283001
0.46940295153708766
0.47679287356666339
0.48649102550221229
0.47813125371758103
0.45693560522699445
0.51550244367345743
0.53619253774705056
0.53098217420208049
0.47931166860246743
0.4911618367499645
0.47583831420350375
0.50398667668559061
0.49603282096641027
0.37168619476934223
0.35072150656968942
0.50202014990499833
0.50994125386694911
0.51181399810225781
0.48453419025801014
0.50508881723039056
0.50399147653053011
0.51974935314997561
0.46548286891469276
0.47677398969815449
0.55679938146015939
0.53998656400009881
0.48191825808305327
0.52631870249871304
0.50777489401693077
0.52545681184502624
0.52185557336374655
0.52411457692171215
0.54591159423495528
0.48452090339268106
0.50109455943479297
0.51702826357253195
0.53639006743577267
0.49427203373995482
0.47064727659136868
0.48881215607770967
0.52910439382872021
0.47901078952892573
0.4921262903690572
0.54112594796985769
0.50375168921918456
0.39428835310546884
0.34341807895758175
0.55161393130464964
0.47079945673188622
0.48016232324987301
0.55962601895087172
0.47720349493994102
0.49884798284791637
0.51356495818600101
0.54022284148697408
0.50468646616261437
0.49987429933048644
0.50822708683038076
0.50813147165729877
0.46819795618323146
0.51770675745610972
0.48508547144471886
0.49081221693800536
0.56301749642213672
0.48299256020953052
0.52680060059374789
0.53682868108473791
0.46971048095358275
0.49133050087903313
0.50759162998428464
0.46628680603409572
0.51526889897937933
0.49716559995356663
0.47745320642112121
0.50628909037788428
0.46219741190890018
0.48939453930803772
0.34961420491081607
0.3728610593704913
0.49553794332868062
0.52704265820251039
0.5446444198550866
0.51695138761800841
0.53784740152728083
0.50454945095979375
0.49892651820990297
0.48721858970029175
0.52637787123450819
0.50708839742196921
0.47215360854933303
0.50671958891707636
0.51202022041632489
0.5211948537543265
0.4771645152511278
0.48817914834502862
0.53214887363468222
0.51995705638888146
0.51613966999291261
0.49175331089636176
0.46805955980533737
0.47772633857750113
0.5559608570077792
0.53524001698299584
0.50477876446295833
0.50086766457439913
0.48586022894094927
0.50527695683742935
0.45763831071226857
0.47346677550119076
0.34289755698699359
0.29923676693692597
0.50225889809303059
0.48133368987002723
0.53355788299619888
0.48026569490739934
0.49212465232600716
0.50852986139785727
0.53255348871074126
0.45669180072042276
0.49102538793904121
0.47779016772713356
0.49886192176945349
0.46885183207053083
0.44357426485182755
0.53655344179248166
0.49289365630066417
0.49312922114470953
0.48748191646202971
0.57721676057686566
0.49746975236380458
0.52627537451135942
0.48107888199545185
0.45969809228688779
0.4932372593846619
0.5222993524688696
0.52006165020484518
0.54789674211799977
0.49880696464064328
0.47061156580409258
0.57396843825311095
0.52788411453681816
0.39304557522655853
0.32228663637688548
0.54828444540171051
0.52251385476394852
0.53691149514947756
0.53907881834889637
0.55311316323261717
0.43013581161254072
0.4733422060977443
0.4662059307260904
0.50867474719187444
0.50243826416483095
0.50488590960702406
0.46314606147440279
0.47316714616889061
0.45244698396492961
0.47233043798946794
0.51681162231778921
0.45151740902537324
0.48620322666957166
0.49522082395842504
0.49849875513787389
0.4548509032086086
0.47083729971411242
0.4869067438121934
0.48243563319275601
0.47426116863120188
0.47578064835270922
0.55621022007635901
0.47208558312397753
0.50284054575707582
0.50246244451029931
0.36258549105062188
0.36340538215636387
0.54008626909461044
0.49990402474161266
0.55383467891309857
0.47590514682318685
0.48958899379935611
0.53410271868728887
0.51375051143973249
0.48419241514007239
0.4766434184274343
0.48673648293018196
0.45254325373631721
0.44497034521568007
0.50221057498669519
0.50404085479010341
0.52477218784779311
0.48909746587105618
0.49885907816608682
0.55367904078443131
0.54009932953688011
0.4483098475035342
0.49920177954343625
0.4763264640046504
0.49799781428077156
0.48301757623478342
0.48642906368938665
0.51280832830688217
0.5118866379704573
0.49208702355776279
0.51617425573925391
0.48012692763685905
0.35020753253502429
0.37727943617149778
0.47910617627612723
0.50089856924789367
0.49397619150939803
0.52144553441743446
0.47236312484423382
0.49571825617904502
0.49706205481271382
0.49101555946964615
0.54717645805553927
0.53229014431996702
0.5117719342974747
0.51453884721837828
0.52542973097324153
0.509803447209073
0.52243743882969262
0.49476400860763603
0.48731767697829642
0.51110505988327715
0.54869869755073608
0.52184505455222663
0.50356556279306841
0.52548871444575485
0.44960148924335958
0.52050763543892797
0.54174598995436085
0.47572086055646451
0.5002454701941853
0.51636749612334576
0.48238444004801506
0.51969555474876139
0.357298468741157
0.35772494814706984
0.48460173699414705
0.49840368706634031
0.46381305007709644
0.52210002604069483
0.5020933358151658
0.51797425182087087
0.49937383700665972
0.48691529272433992
0.48255142892934649
0.49925668994140215
0.45745271912477664
0.46089540824743569
0.53329649997839257
0.53299990742684833
0.48163497724367199
0.54346653493458552
0.45825806234815131
0.51543593876934823
0.47601517323825226
0.53831039059149832
0.50831580692649758
0.46020427245416456
0.49560774525456103
0.51730440885453344
0.50818573817178181
0.47244902087660617
0.51324790144862231
0.47286970840721176
0.46619743133115887
0.51993146936545553
0.2970997627585194
0.34008191140934579
0.52355129425936719
0.51847167763353019
0.50611588437987376
0.50092987511941511
0.5184576042168012
0.49193353836061804
0.51940432649863977
0.48467541928130969
0.47481889810845501
0.51386428429771003
0.47967363012851955
0.48501849536353669
0.50849890110993567
0.50034927544958441
0.52094171651756527
0.48319011361348391
0.49002855538949208
0.54459187431498512
0.4852636658098799
0.52947912295093869
0.46107919486692572
0.49157012283622725
0.48481984781982695
0.53107737476785288
0.51296012369071897
0.48558455833693404
0.44593747481914381
0.48246827205788662
0.51915712134605518
0.44320451117271348
0.37819665274080638
0.35426919788461736
0.53472101943739014
0.46424013030375971
0.51747182225734856
0.47929497825494671
0.44029121018026335
0.49929168849568561
0.49989288014221239
0.49877232828399676
0.41933501513333998
0.50944421943490892
0.53512869070894842
0.54828072809745942
0.48020122053452896
0.48535360496480429
0.49063475513870686
0.50360260019925618
0.50931715567175562
0.48790151125716191
0.53124774947804876
0.52819378697479713
0.50918135094609673
0.47443737667809066
0.46307912944117635
0.51435584633113673
0.46902165990141081
0.48398966355331718
0.50854161815088061
0.47647831321853534
0.52063001775385764
0.47423843032268753
0.34575654059437094
0.37838375478055236
0.48791438511799151
0.5155578519959938
0.52744416045687625
0.50730507766930788
0.50924321214058677
0.53571625167212134
0.51843818922977436
0.50782394423805188
0.50573555172355
0.4705844497569327
0.50950889328660909
0.47336083492581266
0.50273459526059106
0.5073297368514752
0.45634676971378113
0.50508913564723823
0.50111154587010931
0.53910218846886526
0.49638538022000445
0.49212400461638917
0.52380087229056749
0.51940884237066776
0.52971248800843496
0.53431252899959925
0.49364170451425582
0.4740274255310799
0.52569658984367929
0.4779349339844508
0.46716916106621365
0.45084508550939062
0.41023256591035945
0.32532112615387748
0.47931759211841524
0.50005334974707805
0.52014798461422551
0.51062465697513959
0.49123881283442883
0.49903014426803166
0.4951350656635497
0.4562564508832444
0.46701417828118874
0.52146120632069781
0.47088634859794792
0.48632293125356529
0.48072389575217234
0.49132452429316503
0.50758621335514509
0.51103973738770436
0.50592763679294506
0.45435268959411668
0.54644020501664925
0.46126117722868143
0.47936595700056223
0.52704185623465227
0.49250368011191559
0.48010306157720861
0.47880584576187318
0.50614040519104009
0.48115732243029086
0.53232251752426718
0.41628826282668435
0.51051550600585394
0.35064467379118852
0.30145787533942431
0.38896557449301611
0.43282500830465997
0.31744889431199602
0.30071516236416646
0.35299611348834253
0.34896476117842112
0.35469743496894141
0.44721748365152042
0.39477713621855837
0.28739302573792241
0.38466420071621649
0.35441313733165092
0.34035001155076017
0.32926870216962167
0.30837393689123582
0.30467411130352512
0.32177861753353931
0.34063193484431403
0.33566654624279479
0.34095487191995144
0.41408013811050193
0.33258027745298746
0.34363917458317711
0.33092462634198233
0.31584850578623447
0.37489649041747947
0.31065827291649489
0.31843597584689848
0.33552458138090308
0.34551765359365061
0.29403133264373038
0.24582138515199672
0.39317713071558208
0.34483925043984498
0.3929717044620033
0.31689769412126328
0.41803107572003112
0.28437405618430756
0.38758427806723256
0.36612995752544658
0.34520459246277968
0.34241580093464025
0.30202098288024481
0.35829583253259495
0.36143546847026747
0.34216959463873697
0.37340115647998168
0.31597946758511541
0.40398403532890942
0.43169480795703208
0.4062283200514813
0.379920102367656
0.32624405240337129
0.3354929050315934
0.40257272961683921
0.3489598092236369
0.41458618876200715
0.3078828584681666
0.37842062992977382
0.39307936164938884
0.33491016725363687
0.38556279102151053
0.27215300194498632
0.34080448463824459
0.503807257947261
0.50086908728413293
0.53507028028350656
0.54414350544745438
0.4888277324855575
0.51393875825538027
0.48403740362023523
0.47078615252036932
0.49109893731964599
0.47109134800215929
0.49275607693878792
0.47845643750195371
0.50368216759356732
0.4755868146125749
0.5150988590388238
0.53165357193062512
0.4520810733846411
0.49567634766025803
0.51003056385560364
0.47497005449874313
0.48386623157149211
0.4594375020255691
0.4890682903231332
0.49759073686202554
0.57699424100937691
0.46549666320107563
0.51313330393057277
0.47694885149332111
0.50796497300476506
0.49550762167728396
0.32304888841404356
0.35802509522278159
0.5102460449736993
0.49321481562040503
0.56073974626664269
0.50869495094521977
0.4872851511420751
0.47581289450362146
0.45616420561574295
0.48165501235497649
0.50982223025692297
0.53348424798569827
0.5210210316825985
0.51312860827546747
0.4522177658865586
0.5356269726962376
0.52544953784870863
0.48292230341677272
0.55266399817081857
0.50854797099030258
0.45119041353833544
0.48421938807322557
0.48553044109465798
0.54537096547942765
0.49904097883226195
0.50737302421290442
0.52692866997816501
0.52379756389747778
0.47410066787301663
0.51406911064856986
0.52162094969793471
0.53689664593152986
0.29391232228960518
0.36319200152900827
0.49387558367851492
0.45263483277693783
0.49554020594536702
0.4589129253362273
0.48276994841542165
0.51654099845738555
0.47985882417588632
0.52602901806717206
0.51707856536724028
0.50903119104249361
0.51370798753280267
0.48552926586423995
0.49881422481529653
0.52061296642905386
0.4890409830314208
0.46165514469519581
0.50901495951068476
0.5088414888121362
0.54934265539689875
0.47653625823163814
0.4953058972278952
0.54924437810129367
0.46223240441262314
0.4974900718546596
0.52773204138290608
0.47280989771108783
0.52186080200336282
0.53294593310031124
0.49937317578259344
0.52890344399943534
0.37576446034860045
0.37012540891082918
0.46909595568407902
0.48068794478397281
0.48145984408307718
0.56731526720235614
0.48296038837302985
0.49809347240909257
0.50908047510831822
0.49213657475533523
0.50695742412870803
0.54036022398575401
0.49671728036471563
0.49939774595435649
0.49045484337104361
0.5117450506367307
0.49308674549041409
0.50884799562034244
0.45676767984909955
0.50615484257376375
0.52037876032623376
0.48651344514451389
0.49711024914378132
0.5567392948624974
0.50996045048020566
0.50424711856837878
0.46194484865091007
0.53058265366257518
0.51778346565724498
0.50472029315070277
0.51204597449196032
0.50949440855426009
0.34512083375927199
0.32915676018180939
0.52585135776843706
0.47801306069681732
0.5022526481369427
0.50600164955197158
0.51639374979070074
0.51568867366778126
0.51194801211996699
0.5253960538186212
0.56670946121121946
0.51430810088442347
0.50030086358315562
0.50406213673484679
0.47308756965140869
0.49566720237525047
0.49712988432587052
0.50678441942174024
0.51102039224778284
0.50177269332606311
0.49508175679602001
0.50543756614696089
0.47392607192503189
0.50651838693003481
0.51441321310163446
0.44857612785960566
0.52623373098441939
0.52150707058290713
0.50342102830512148
0.50446530456104111
0.49643459763341735
0.45721513145937981
0.30814089478634638
0.37705142365194033
0.48157536795469819
0.47535241519739679
0.48865395567038816
0.46677090002240312
0.5214357230382668
0.49897044484432534
0.55188153866402934
0.48293230182421487
0.47670243190322925
0.49165735418235718
0.49971648200021629
0.5314453236473482
0.48509095287463216
0.45763339997972741
0.46966437437377262
0.454626402643662
0.48637016291483859
0.52755360459035117
0.49990089766735368
0.53676254962411407
0.50952483908316759
0.49654289380061956
0.46385345276184586
0.42233421724359527
0.50846563543685974
0.48327031208561277
0.46183908933535389
0.48667719909219065
0.51135277096985432
0.47798676733823647
0.32947709360928673
0.34796379890998103
0.47337095852559208
0.51660645885423506
0.4957723364809743
0.4509205951984499
0.52723528636791328
0.51244261428005577
0.49065588982451319
0.49128473077796581
0.48482470520460536
0.49134187541418561
0.45623478102704851
0.51992332883305192
0.53037755190880631
0.52576033482811502
0.52500228912485258
0.50235597679802579
0.48352025744635618
0.51214147166603263
0.50825280254019478
0.5273123545880779
0.5236993753847955
0.53516381734387286
0.54631617845889036
0.51121693223942344
0.4769201704972425
0.50395767878580833
0.49512170429313607
0.5170483102560649
0.49792227547201906
0.50402011500599486
0.37309228522850318
0.37176091311014997
0.50682900055878732
0.53748746160739835
0.5035431458967442
0.51759967541928198
0.52136765995433165
0.48852225036010583
0.50407749681310332
0.51947865223277179
0.524555622294402
0.46277838379877073
0.48229215613494208
0.50561613528970062
0.54070660144330929
0.50963594396710532
0.48625555424310457
0.51092086212385235
0.49630496391618556
0.4943453535716304
0.49285089306888602
0.46098352366401069
0.47449763306129411
0.52271776777235046
0.49053459158410156
0.52656728546348586
0.48554265025832583
0.4832181523736373
0.52877899761877079
0.54706371607140925
0.46996961893841482
0.52135209821914452
0.30804278628190429
0.36104393277600239
0.48706152704395822
0.54531754384842768
0.5072576917645133
0.53759383942718997
0.49816857739482778
0.48379041507427945
0.49851990962732295
0.50272661571543686
0.52533052240731071
0.51250545018280447
0.47553278432192009
0.46294315294453092
0.48299556869632232
0.49518028443735101
0.51597080099037018
0.50104593043369161
0.48129535272809948
0.54300372071830871
0.52372106516765926
0.54129850389006484
0.50807766173655688
0.52122251773778561
0.52613440600558947
0.51870940351438299
0.47655897394114843
0.51999524735432234
0.50117729857555349
0.49954396023975101
0.52852577348773733
0.48772203113755108
0.3492915989008345
0.340872811582554
0.5341190334101471
0.49576942809037094
0.52303154420611619
0.52110330540573802
0.5003719790136183
0.48731352543299955
0.42707966817249576
0.51021970997802202
0.51030523870173572
0.50020398244425324
0.5099067406724066
0.5031068898425356
0.48140247395317137
0.55028843940960981
0.49615719859261759
0.43855207065541663
0.49851065499460967
0.46428548932509534
0.51390577197538467
0.50822149291470764
0.51320708797275294
0.51665690716281221
0.51933631825820725
0.53789761575342143
0.5094918264633429
0.45101301809462158
0.5621091301727652
0.51916238186915042
0.49804586105600834
0.48567683196079753
0.3597445531375898
0.33885459445977895
0.4975860279803811
0.51572961189197719
0.53650696300736267
0.52358451221570357
0.49461953117317686
0.53486244324235321
0.51870126851216236
0.50274202075586727
0.48516172103614402
0.51732543276364717
0.49699391956315464
0.53208518885304001
0.46355909392062644
0.49481628798885735
0.49875422873076919
0.5386671530104703
0.47843780616658055
0.50460769085946067
0.51004871768517357
0.49153301871954203
0.49693768113365466
0.50519694546765792
0.51148734807761664
0.48336557233278049
0.50103755816664786
0.55486556953907429
0.53139007297133345
0.5070167183203631
0.54066914307399727
0.44814689572273148
0.35009431533093033
0.36455103121688331
0.51592739038015212
0.47090705364327845
0.5370531611004411
0.48469457919325082
0.47589597317111432
0.49786211594793722
0.51775993876283299
0.4946371359047928
0.46903418854722728
0.52747709381543839
0.50918339167628146
0.50754923490566572
0.48116766964309615
0.46867468427650982
0.50361058266154091
0.50666607097122152
0.51035348684932824
0.49111354187130646
0.5045429608709936
0.50299521971590044
0.54634815680995119
0.44551454090069997
0.4751365389764764
0.49047055276851192
0.47889502858408406
0.50683537678749291
0.47687772254848199
0.50449587828291975
0.51633111797484799
0.45428326860496243
0.31692363312386479
0.40836831540481777
0.46655667598209005
0.49354131545749608
0.52607481568367787
0.44792290302883253
0.5195593025178411
0.48729418368080557
0.4911485444738371
0.4510867936208694
0.50438704729759642
0.44385661848844049
0.49342979124117542
0.46925664472646256
0.50979183555249308
0.50252459718455578
0.52815556054921975
0.51300066846448944
0.47486522782394081
0.49347082828082073
0.54179057851074341
0.51701528734623647
0.50145425349443462
0.55001614243426
0.49447503213534255
0.46553970376074727
0.47626697161058607
0.51233657682844824
0.49792070596665416
0.51387747114125193
0.49617317609832551
0.49916390875207689
0.34540908832110295
0.31308170688093429
0.51548399284487578
0.50010787939598278
0.54210846274611957
0.48879090610208814
0.48574991671625706
0.47155899836187509
0.48134265243269359
0.51278975230458879
0.4807617388148776
0.51860909525678411
0.50346637719305354
0.44811139545805045
0.51243440419607988
0.50084211795916733
0.51318228557744794
0.39356738259260349
0.52777382159813901
0.51630053511716933
0.50834648016993944
0.49615868654300249
0.55344804299183259
0.51705526704106519
0.47495708703139838
0.49856971496546842
0.53834196674684853
0.48313345256526186
0.50151786691367761
0.49519375590956372
0.50774248589278714
0.52492479450605956
0.31571540398731157
0.33201033671614366
0.48555323124244437
0.50408540174553773
0.5004850393944017
0.55288383730400026
0.54166880943324991
0.49598734449947895
0.46719082350049285
0.48939229177043581
0.55628777519138151
0.5597887427566014
0.5003766398018068
0.49560738134062343
0.50326475590835451
0.4519217290836835
0.52922283171246198
0.4886477455711622
0.47325256474629507
0.44026167854627174
0.47257370302381196
0.4899353918485248
0.47148332314998648
0.50729635488230884
0.50294635041550662
0.50716838107948692
0.49994012133060606
0.47858638673462151
0.5098563594781711
0.51345884463293412
0.52936423913157593
0.56778263051797617
0.38247771114058143
0.30658452421078974
0.57703504512764425
0.50802374170643139
0.44688408882509417
0.47829852953397117
0.49149015836025239
0.45751334359800083
0.48350547490593898
0.51780451736099675
0.48874457131716592
0.47841468037974216
0.50960384606907372
0.53274584286699544
0.50929929392899975
0.53391457017322141
0.48460145721518416
0.54332489034968123
0.53510487910615157
0.50337210841904356
0.54565656042228772
0.48323753967786837
0.5094584601315143
0.53620092202725977
0.51739859426493806
0.49890977887622467
0.51320825605237508
0.499546992395761
0.46377143001303672
0.52389442218285576
0.4823957042022548
0.48613408179129752
0.35687299773340259
0.35337765178581754
0.48813982960270819
0.49038687013859855
0.49010577414335688
0.49215322592553018
0.47775497746254098
0.59004374715286012
0.48110181453594869
0.52079980993188202
0.5145878515876573
0.53778212966078287
0.52420020675934476
0.47621017724760473
0.48378888384348578
0.49346351227428409
0.49071614100730931
0.49315637655692252
0.4605323528119683
0.50039097767126139
0.50991319182938655
0.53538764740886513
0.45849925879442111
0.50637686587246544
0.53642790241621696
0.48456735143049046
0.47778756817319257
0.48897534208385868
0.52345846508475069
0.46260651429727701
0.54333695343145594
0.43383744172658129
0.34374268204087738
0.38465217343110941
0.46283670664072846
0.48937686478375969
0.48449138421148974
0.48343203957184594
0.50855307391656013
0.50833370911973519
0.51166032384561
0.4883312774326346
0.4802267078631054
0.50047698419354458
0.53481840974210881
0.51513081221785173
0.53192418800176222
0.48028086736721193
0.51969809475426887
0.49503357197130748
0.49694847783188462
0.50513933743832584
0.49752221167925631
0.49089810631372566
0.5110497959725675
0.51180115354199596
0.52095618007319999
0.53508475462593263
0.53990608251015826
0.51881157818099255
0.51272910889679169
0.49300835828656842
0.53525458586101737
0.47694851444646519
0.29897237630037976
0.31609420736626598
0.50456964796234094
0.4852130440451391
0.45038673915992117
0.50440726531482982
0.52246937751081213
0.52690316816518423
0.49876699775191785
0.47104205273824812
0.48659084771567102
0.51682641156784237
0.47181690567062318
0.51144505372965632
0.47945549135211452
0.46048881852411638
0.53176094578182986
0.45371422387091187
0.48050601403367937
0.45766491507298429
0.50989078521188869
0.47587508840349796
0.50662443957127634
0.55379354975793282
0.53074690303208072
0.49524236578909742
0.49192075777692812
0.53854248310618624
0.45783126515085754
0.50145348297707448
0.49371469382071687
0.52558945562866211
0.31564805607806479
0.34058940378395919
0.52303182857502362
0.50980748903848105
0.48149018839587077
0.53514587436127847
0.50244647212104299
0.48277476052915202
0.47598242191611234
0.51087517970526342
0.50706869814365774
0.51240125914215262
0.48652631638159322
0.50790548596352814
0.51819530003753966
0.54404749986902368
0.47940043074861616
0.48430552403549765
0.50314250932598104
0.49626438683145307
0.48960438053335092
0.47664793184536153
0.51532919319461012
0.46979014498116756
0.43114890128237826
0.49736271234055973
0.46307553083453112
0.51818615808609891
0.49239817818110587
0.52901273500894597
0.54154348135662311
0.48786583441842418
0.3372048910086724
0.37919805446713484
0.4799529904289081
0.46577586712567115
0.52148273754726038
0.51959817752437099
0.49769918269417301
0.49120889937752898
0.51984382872161183
0.48226587625508316
0.50934220797929497
0.50944184271280191
0.52514027313763589
0.48854040745721333
0.52597449257018891
0.50005940423679174
0.5614397365504411
0.52880832557851909
0.50371985477579551
0.49338418213108015
0.47520973639979286
0.4939950882593423
0.51546594975691007
0.51242499476214531
0.46137308383184816
0.48797503380142299
0.48868867460107757
0.52010909036433084
0.47948936951314547
0.45817874161803523
0.55740209616104974
0.4463030793163591
0.265338455622526
0.31842968516903136
0.5234511161640012
0.50289916518423761
0.47631505992190482
0.49169707858683448
0.49189961576052077
0.51595118621102476
0.45178666900259012
0.47531097781160853
0.47687631757183535
0.51435224516044387
0.48217921025100696
0.4976815275583823
0.44997734694823605
0.48427195540465706
0.48780975883782929
0.52900660241504693
0.48196608734131674
0.47858560518511933
0.51610109360896406
0.50144566144685987
0.4915809405446927
0.47398455645355375
0.5023458166322825
0.48570927534466501
0.48157128684652123
0.50285720182220983
0.48838662241662878
0.52034764789502597
0.4953237509770605
0.47928642514550918
0.34594819380398339
0.47194292467037929
0.51932981506045717
0.48982532114729338
0.5130524138315582
0.47828150249229706
0.49784030152090081
0.51762033953959818
0.5094538303803241
0.53030613577085284
0.53771298318794258
0.51762982213941355
0.52172468805400452
0.48602097718377824
0.52907894753501516
0.50526977915975513
0.47060807954746336
0.53041139567354811
0.47571304616300147
0.49623948850202393
0.51112849274498229
0.50378012906914804
0.53734025735357138
0.5191160312657358
0.4755228680634539
0.46839663905623347
0.48431742720983784
0.49084233486476686
0.46421743774057311
0.53911929100778166
0.54519371548055873
0.55579646357629076
0.31078208771625404
0.29429694147705188
0.5116933829287329
0.49643652134463812
0.52486804662944286
0.47200587146003364
0.52277863399503854
0.48647079900510531
0.51944695347428094
0.52630054571690221
0.4944032152140479
0.48982857298024957
0.5132180655483618
0.47301607868298479
0.49931053784029816
0.48688134900582719
0.48429380164525598
0.50997810224485529
0.46238369525030942
0.47829909994280523
0.53801583375296569
0.47540818099437415
0.50523669705295471
0.48695795886058746
0.49421776520751914
0.51617193211260792
0.45882035711665325
0.47442926224920484
0.47139637909593807
0.50437416547229619
0.49784805047901659
0.51484227625950552
0.34813761693464979
0.32379558543498771
0.4947854717161756
0.53011670512828002
0.51908800481726847
0.50534284338832181
0.51711333091531975
0.45413964331685136
0.4872871902524975
0.50095279840122875
0.53881369640638066
0.47334301968292847
0.50945312807454168
0.49726572936716562
0.49753023000525043
0.49941135244693741
0.51980271078773077
0.5055597646166603
0.50724532630668728
0.50716954283057425
0.53142208861130957
0.53492359560240399
0.5080364091908518
0.49620302101906755
0.48267161836663636
0.4966963962484971
0.5413791376485334
0.52368122317186028
0.51983393044698678
0.48771454219639815
0.48418813962137752
0.52412269646335519
0.31127641625558572
0.30703846923014488
0.51715902040237505
0.51038117535578198
0.51267846308552401
0.5080643489633706
0.50608142699478276
0.51092540725102742
0.50557090442360442
0.49166288848654788
0.51995078681270135
0.52022381327297051
0.4702899696784123
0.53948370632201659
0.5035819890569907
0.49587399351798306
0.53775361345289141
0.50790053838024407
0.48167418072802254
0.49425086511473781
0.53606660584413124
0.48096307845832925
0.47494017080649115
0.51313082341099303
0.51060955291334198
0.50595314705303462
0.54671937893562128
0.51181745662484057
0.49385416666903992
0.50690783569218856
0.53556942005204355
0.48894848512888617
0.38412312207448851
0.34184520738275459
0.51212071575134244
0.50871546468754769
0.50902848186138894
0.51878464787129808
0.4898953636275315
0.53315546140500603
0.49317586034150185
0.46537418059718477
0.48972800351457496
0.52825381063464083
0.47535027450796985
0.56725996875683382
0.50421875669570893
0.48907522003075327
0.52689603342314506
0.51001897406890584
0.51420566368079434
0.46545366655394288
0.51041444931889191
0.50288664414415529
0.50891276349928183
0.48017612286899219
0.52617546601471765
0.53178816031774723
0.52386742419848764
0.47067918069886877
0.48986316228849808
0.54445056757737498
0.5073867806294976
0.48852371976480879
0.39140887873832525
0.30921331918758033
0.52336698418381566
0.52252305034346402
0.51155808401884284
0.56848593243956669
0.50331061152531098
0.50873549928438588
0.49480236738195277
0.49697404915832355
0.49696614324197419
0.46796432697192003
0.44666932283792965
0.50611671837116101
0.50053494693653744
0.53682025304867342
0.43859248466606693
0.48118257321401742
0.47136960318036397
0.51899452714372374
0.48850088439196188
0.49323874860540123
0.46578229131415033
0.49095929668246119
0.51038284071477558
0.51447524043004655
0.49669655064946266
0.52160338106480142
0.50341768014789889
0.49288092242496012
0.50511875744786083
0.50903806187685163
0.31969101994194254
0.39005735729628221
0.50543225189605256
0.51224508698175431
0.52119457795629065
0.50761140807173477
0.48044494642075392
0.48654088538948859
0.53539513575120934
0.47105918197367569
0.47946293344432378
0.4421142034869478
0.48799150561335231
0.48324605863774234
0.47631523917190344
0.49772858747236426
0.50492842347096023
0.51294718323242694
0.51532020133868361
0.48350184470352042
0.5459943309810904
0.45382469373423223
0.52315402254344923
0.49031155804853727
0.48085234096263685
0.50880254491692378
0.52049602155842389
0.5098096015073319
0.47684041801727772
0.47106220170995966
0.51762597919936282
0.45675837231005828
0.33539444184173511
0.36196123291892213
0.49243849366018039
0.48474638151052163
0.48982597399229755
0.48279631804943524
0.47639376483675594
0.4906415395751294
0.51938585561405881
0.522885423366371
0.52298404136735477
0.49028424277767935
0.51840170813817821
0.46657031134177013
0.52021946576227074
0.5271238575828916
0.50121192645307533
0.521221494978376
0.49101828320264446
0.54814746558841976
0.49203313847858948
0.53579976514399097
0.51804187646377953
0.48080940769098252
0.49048490273773415
0.49740212143672785
0.54438116249246771
0.54822438758148262
0.49720479018114616
0.50201690187909542
0.53816867390929424
0.53618813257383136
0.33150107862429701
0.22761409383893097
0.39779434478360792
0.41007790330636568
0.37533829982762212
0.33731534400298779
0.2976401216116884
0.34743270688788008
0.32165547357557045
0.34837552687854861
0.38668296420356857
0.32274776270491268
0.2926354730114627
0.2955859561753007
0.36990045374058278
0.32550216715080565
0.31060766372658916
0.33240382538899582
0.3364600100948904
0.33013548065875065
0.40237997759492811
0.3168884421325574
0.31211369764040747
0.30623041564727105
0.38175342562024317
0.37396331023245555
0.36328505739029393
0.31479631498869987
0.40900593682053021
0.37840348016417408
0.38917668907702813
0.303013239067429
0.2636875059850553
0.32765667051134761
0.36760706594521758
0.4080438753643314
0.32118120985763976
0.43741169711564337
0.36334763751635846
0.31115264286657657
0.30331129885615238
0.30753102657422482
0.34009336439187376
0.35811106351537331
0.39970550037638852
0.33365793859671078
0.34413178311473513
0.33447034583977875
0.43756650443659639
0.38999807893870098
0.32087469707801142
0.37112856740223477
0.34644462648934798
0.39747659930286966
0.35661868131661295
0.38410436773991347
0.36238975829852466
0.36471046169528931
0.37407482306666756
0.33001353383225168
0.38691169960115412
0.35293044723679912
0.35136697395315447
0.35153582056019378
0.19306760074276777
0.3272445504216423
0.54932210357113631
0.48746597104495226
0.5069447939250884
0.51083823392995142
0.47895326111734632
0.53899964765491215
0.52110403242760939
0.48145123886605651
0.51799966350511351
0.52051280641220421
0.48696121483347837
0.51208813692828881
0.47759703573141327
0.51328457835170505
0.50958282384369968
0.49379438733633907
0.4843420597924547
0.49781534085251194
0.52183419360838279
0.52084826039743415
0.53519255832313262
0.49526276223423427
0.48359664480669734
0.50183662557364694
0.48414014015366835
0.49673436611369948
0.57185565681946315
0.51878976367473806
0.51123718219085446
0.52158835438831885
0.31281839128030953
0.37498309214567505
0.50089147681404822
0.49669245961403541
0.51710544626652677
0.50764441607108335
0.47227119980525922
0.45051626810432649
0.47983658022342435
0.47094746042366209
0.48126670958166401
0.52868772407098585
0.52292081482439279
0.50160223203528076
0.56302644873366892
0.4707741316149941
0.50569253206405662
0.44080159858527768
0.47578745650976256
0.52022197527559921
0.50454655624693856
0.511468462458052
0.5043244006972063
0.48325500301294549
0.53326499106788428
0.50059046032134369
0.5007540163846268
0.4874141607300792
0.47334129671797154
0.51168364240722874
0.50126624466941372
0.52666379260987473
0.28681715325481261
0.46086555588673345
0.51161815253382226
0.4919208410151315
0.48690528919691639
0.52840821503216917
0.5341227175264972
0.46392392358558693
0.50311575165096867
0.46820149491029167
0.44822999982065082
0.50994889147549838
0.46865046965190255
0.488522307695542
0.51030656742750002
0.53506046392811712
0.50566766958885945
0.52602552074202269
0.5168298375093402
0.48025178394912449
0.51477137706070508
0.46262026899485048
0.46329434141557141
0.50461321251837543
0.4977132102057375
0.50670069152670294
0.52169570272731758
0.49210537574435392
0.47967413720727686
0.50184847544787126
0.45945657090547276
0.58786359507972463
0.37510076725383013
0.30341934620235578
0.50806669719452824
0.45474243627496097
0.50745305442325606
0.50544348923560423
0.51535902072002238
0.48271957916576214
0.4546360247674282
0.52599001343760488
0.55430307169799997
0.50093868500125949
0.45601030268291037
0.54054942284527996
0.49171194811293206
0.51948926055701627
0.51179220220847543
0.45194415660159049
0.52983886323935048
0.48251725874039159
0.53620822106596655
0.50119795477383056
0.55867153339840436
0.50427424777042851
0.51146850122573551
0.48446453260728356
0.44662765537853838
0.50583051797886713
0.5143365538073692
0.50802133904200486
0.50485036518467563
0.45596268278662705
0.30410835826600402
0.51242468881237868
0.50934446111947718
0.471415158526233
0.4970277078443901
0.47155077943304052
0.44517765700901107
0.49009381463341595
0.54731383204214334
0.44095512893538952
0.4971372841539774
0.49661558719247567
0.50594013870408527
0.48993367066050658
0.4918197839217921
0.47758085824350216
0.49371674184644421
0.51557918964497862
0.49238693137529316
0.52585209625630269
0.51270506582859521
0.4818579737761351
0.52008884543426781
0.4779119100145815
0.49000675246139336
0.47349329311161864
0.50392972950910264
0.51767060784527807
0.49955348119406573
0.44954687252240011
0.47947701670376131
0.46039975589403659
0.34065690715064006
0.406354647600428
0.49349271567746905
0.4804674864315433
0.51557114408216465
0.49180358265136204
0.51575719539405185
0.47790227422453152
0.52960905905858457
0.52364479667743391
0.47248523679567095
0.50634994039613446
0.45931394629160821
0.4824825839814903
0.52886750531491933
0.51457093508175034
0.46293458257282211
0.50151764731597737
0.52637839396673824
0.47717568194835808
0.54153188083666981
0.47739349254069269
0.5111637199175435
0.50721369459335452
0.45596536095610424
0.51095496535070828
0.50284503665343838
0.5047081143523181
0.48372425552684356
0.48462525487054819
0.4797687904299815
0.50904510835457972
0.35016913691665802
0.33931949828898655
0.48343654741156122
0.49924824451130911
0.5071621795677842
0.49416050908646852
0.52803909374527758
0.55042764906718367
0.42360075869044128
0.50679101765441037
0.46491336169087066
0.5156456162785974
0.47008022383104625
0.54213147983602206
0.50301609373972367
0.52854069812407467
0.51021883332812734
0.524341287289942
0.45885356442429626
0.49924145327715164
0.47452137255613075
0.51707508107799938
0.46653330456019343
0.5433278760211534
0.47046342360375282
0.45471639328755009
0.512165859170016
0.48093429760397305
0.45017475315927524
0.50866865712029907
0.50924879292995973
0.48079569746983813
0.33568559517647428
0.31883622705630588
0.48920156376441376
0.50144830323573253
0.5168441588324969
0.52021122290626021
0.50823155255017327
0.47466986170785802
0.5259823118392345
0.49973811799015605
0.50730665831202326
0.48722311512675465
0.52500318351273545
0.57031795044320888
0.52695614641299027
0.55199917574481239
0.51983105212155778
0.47625469313092628
0.5207302674532841
0.48164757125849145
0.51856979866567332
0.50550310711088453
0.48908062319612228
0.4972576174767453
0.50230276261583573
0.47127836402065926
0.54937065759247949
0.46040306068255132
0.50299871457653555
0.52659441087615988
0.4824080784408189
0.46057635972479921
0.34983752007591423
0.3231348571950669
0.52758962997800984
0.47623573563118615
0.54374758806302748
0.52349926035140304
0.50678225249514297
0.48779752531156539
0.4723481792791045
0.46207043399366571
0.51708572116219331
0.52180526984890474
0.47873471600903333
0.48222491418218577
0.49929721050576392
0.44643275807708716
0.53159171192543875
0.48977805959400861
0.54683688980099676
0.47323914918225063
0.47636528069858486
0.55216808493170311
0.52609403281765954
0.48046395268987507
0.49113432579286875
0.52621960193163653
0.49704502875654338
0.55564249604023097
0.46589387403823262
0.50522289733157999
0.49243848807262913
0.49844633819719714
0.31742539743404885
0.33300739422764597
0.55241795495805979
0.46131083554326024
0.48394691499487003
0.51303798604651396
0.50842187297484509
0.51806404311113385
0.49015300028680553
0.52047585575278144
0.50201278654596926
0.49456359991976989
0.51218960997174912
0.47322841758029521
0.47571120411225309
0.50886164242058396
0.49168162175264613
0.50152086046721245
0.5262092644019245
0.45962910019838416
0.5058599130190945
0.45512699701687115
0.51505380857908356
0.51864649336445623
0.50592914762871855
0.48576193286095809
0.48229654768403746
0.50174245832890685
0.49225083959425614
0.50110474460162135
0.50018065068657969
0.45978368283924254
0.33493652798943796
0.40757052845060782
0.53594942199680384
0.48662822386380716
0.49691245210086676
0.49234594386764685
0.55153117121071271
0.456189739895911
0.5670172525342011
0.44737189455311061
0.5017966842544378
0.51573933432578201
0.53091077170023215
0.43223393361100987
0.50653037927270761
0.511810675523096
0.49672711654076313
0.51514079902083598
0.47238547731343417
0.46902496926877268
0.50715269878981128
0.57725297093827377
0.47355870596555499
0.46917391921894186
0.5333229833799833
0.45972580288794068
0.54613574973457812
0.50097235650703376
0.50407300726525339
0.48531973260094446
0.47563702469223429
0.49933088408218318
0.47710431525801461
0.3246264348550354
0.47114145374967448
0.47908895327844103
0.51096657425196623
0.51465865244795417
0.50542369425230871
0.4674813154398485
0.48837265915209416
0.54325474786494299
0.519119106752577
0.50214818480952472
0.49469357207575365
0.46668474114496528
0.52520276839007318
0.4778326270115561
0.54199164643023179
0.53693899528403688
0.49327220760703488
0.46912919395143554
0.48580140758969176
0.46927546655080599
0.50477949013719303
0.46932305701730093
0.43024328142783924
0.48913604191129001
0.52293410959985398
0.51461340457613225
0.50113621944812758
0.45719389164066615
0.50406854324730532
0.47070547958510361
0.32725086327163883
0.34733044257223394
0.52095294566934214
0.47501209615454598
0.49865964824247511
0.4842170293588004
0.52610777179618939
0.47054724591657326
0.46105435629824376
0.52332954934043774
0.49748349341687698
0.5168069110305672
0.51457244413525161
0.51029631950391652
0.47324756524960471
0.49972034743442639
0.45662357104826196
0.5215106835857013
0.51402597010300244
0.52973433713361207
0.49033882498960779
0.48615218835634588
0.49791895602615288
0.49978370954544787
0.48335639971558814
0.48248064999080303
0.49024300029225309
0.52138879961178142
0.47962928561739915
0.48410024018435083
0.46594646423267483
0.48291932087379053
0.41983019783075826
0.31050447377345691
0.47234138644083701
0.52133820653911034
0.52861259223080148
0.49730815674552697
0.47943369597459756
0.53670689809083771
0.46160325629117538
0.47948041705221228
0.54278605686407677
0.49902014328833216
0.50735514401240689
0.4977730318093801
0.53168043157378375
0.48159096559748166
0.49662778818909126
0.5100991066859718
0.49986255160659171
0.49321132798560208
0.5010959358576228
0.51368891444820231
0.48792508373940763
0.49234133292080406
0.48556985095773497
0.51048127727207526
0.53652008900098269
0.51445724619078914
0.50674329263662177
0.4634495698709411
0.50801900156441115
0.45797458153921655
0.39127906091487152
0.41973947017466889
0.48389918383793618
0.47523447344787939
0.50158199268785664
0.52757004316849776
0.48986500339625239
0.51791881613557911
0.49944265411409694
0.50325553248161536
0.51721767312221734
0.43519135133037251
0.49498828598604949
0.48861542017107268
0.51853047165338773
0.52693877259168553
0.48230329275284789
0.47728100354673025
0.50303589631039847
0.46668743262169038
0.53720453888490971
0.49744168939181915
0.50724394612449852
0.49155476615016219
0.48433744567908643
0.48925123012465332
0.51681433136985655
0.55350011384429054
0.52338761128189182
0.54874895253415779
0.52356515131851133
0.49591143726942144
0.3035619870384112
0.33852962960376909
0.49957662777839373
0.51445143515350589
0.52576658165183654
0.46147786568838661
0.52527647601032046
0.47836824462466621
0.49716683994583633
0.44196250527538511
0.5236774030609801
0.49390022183551607
0.50482422161045892
0.53365698211258605
0.54567437185694834
0.5045542074798528
0.48175863529326485
0.49611524106852223
0.44294033607932487
0.46835077728900548
0.50862928992573209
0.54341241380165117
0.50798610842033198
0.47389761387768292
0.49783481066021629
0.5335480307827426
0.50300604043860764
0.47095636956612197
0.51362946255375697
0.44597450265072069
0.51993890834524437
0.47323265660967478
0.33370066345785326
0.41957387241360139
0.45922411392937412
0.52788896564563748
0.49334807196805769
0.46445522874800321
0.46726308141658501
0.55849469712583966
0.55962334773709788
0.52825245478734006
0.52311255397518919
0.51724004343788876
0.48637701980724124
0.49487780288754879
0.52683485442479849
0.52107878250487971
0.55861508889915135
0.46629429592217098
0.51087519504510459
0.55765940695541483
0.4670436212009359
0.51256958106969241
0.54385084245076343
0.50769975279236079
0.50712131735136068
0.48085399005267693
0.45943462503499288
0.48654075743302427
0.50231948736250898
0.46080935881829194
0.49269783854969118
0.50791077474915158
0.34900469661679168
0.34400497915015238
0.4959184787051516
0.52505644283209751
0.51116921911375912
0.49347287721804306
0.51682584816389665
0.43310980974689234
0.47929195404607744
0.50844188285996994
0.51895438900071666
0.48984589006985224
0.46685696360559426
0.53578196293323221
0.47003203283893391
0.50049838519167977
0.4898724608493969
0.48698377216976074
0.50050820603068735
0.49594563390560198
0.46814699740762628
0.4568287679404629
0.52677991831995863
0.44379115793395701
0.53280718090925794
0.50780881719955639
0.50615299724006702
0.51079911043822379
0.48004590627875832
0.51268288310356913
0.46821042904490007
0.52570292794084583
0.31046958003172359
0.35197992112376114
0.51547414967010474
0.5061482873819052
0.50041967162122081
0.47551027842852811
0.48845088027853284
0.50739537912807164
0.4784205166056153
0.50984700641514091
0.50559829130224532
0.47714108970731528
0.47717002561546434
0.5342941097832602
0.53000348242169204
0.49460466379577112
0.51178371990791771
0.50701076243342824
0.49900876487772727
0.51551563019818214
0.51435571527077151
0.59956791582271196
0.50669669367550851
0.43579314774064615
0.4502497396889083
0.5046544655838201
0.52173419471823834
0.52206700109698667
0.53013851378600163
0.4817810297088081
0.52402850656605315
0.47517120414939312
0.3054750856535775
0.41208509934238552
0.53552618291002219
0.51254863958260566
0.51609950863576526
0.46808037900691429
0.49853233518851725
0.54123147472152644
0.47697163763857359
0.51770643526500015
0.49945637079956112
0.47244522042947928
0.46961924889582518
0.48859944786744364
0.49980166536212117
0.51306902315940039
0.50153603249111778
0.45067427033612911
0.5115282179930869
0.53560229282073035
0.4852954639144843
0.48348121049144127
0.49920379391501124
0.47731007409952492
0.56566527414803158
0.49972961445773706
0.48140286972362689
0.47348830292562977
0.49652209395570324
0.5245985014190232
0.49968826275369782
0.47920559491225806
0.30408140727571686
0.4645185807412901
0.51936173439044242
0.50068958884010006
0.53155415746363865
0.5369040013334937
0.55816792120304437
0.45939098224070807
0.50996292531827203
0.48686380761592657
0.5589764844080346
0.44935490231056835
0.4618927330298378
0.50164917268654785
0.48318216943882647
0.47686014095525192
0.50831356723665655
0.54182507326511142
0.53311482058742909
0.49570913222603968
0.50859377334410361
0.50868548968756289
0.4806971651801808
0.51067671681237548
0.54056832802945465
0.49849243838513324
0.51297515812367112
0.50772482367974092
0.52621079409670313
0.53872452182275898
0.5389107975109646
0.50545498861121474
0.34056606089738506
0.37918072260390001
0.48663403933502691
0.51976885189987476
0.55390086852366383
0.48036143992938546
0.474268635857792
0.49880090846456415
0.50619356014141037
0.44014549490838301
0.48923928010823531
0.48787092119454611
0.47947213511764064
0.52403349414408962
0.5230934780872688
0.51284841574197926
0.45766813402338075
0.49361384521870744
0.50732770915993131
0.50660498353513883
0.47656325444426567
0.49125003123257377
0.50169179565937216
0.50868297877517632
0.53466175875924526
0.52872216525616789
0.51280365637250913
0.46608524104044996
0.52811636848382471
0.50504131008153486
0.52638792146202307
0.51392610505221226
0.47047654847198722
0.38402579882986498
0.54693253738609326
0.51214726277286038
0.47251286445734836
0.48870921856913835
0.54116391748821713
0.4695777797360085
0.5169542048829735
0.46989546005929295
0.50362131344692651
0.5236600951520175
0.53701327203176297
0.49586797701787816
0.46003814813115473
0.50722390502196857
0.5023841620594568
0.50831766558365943
0.49500247255932184
0.52537237645288037
0.4904657146482429
0.51279489126850064
0.50752378301142753
0.55201060705336658
0.52891385684436065
0.52340113476846706
0.54969567656684848
0.51369023455816398
0.50305628242838907
0.50705230227666187
0.41271994583041316
0.55307220083491915
0.3557301852711704
0.30757899319595788
0.47685755543003783
0.50012797743106774
0.50774282135174598
0.49368167227914345
0.49356554442330003
0.51544978555129439
0.48267105204797206
0.48668555372301842
0.49014436591692823
0.48603047732879878
0.507623423254003
0.55508477006564017
0.48638158496295669
0.49255328199157045
0.52192526731777933
0.50353573006302799
0.52431827725542945
0.51457613412569203
0.51445569496700805
0.49534600358271608
0.50281818767603248
0.53137160189389465
0.51940731708019394
0.49363560588431044
0.45651184259731065
0.52961737869166847
0.51405002855222615
0.40040355659156845
0.49592282073739963
0.51766805412761974
0.36119686393114464
0.32180953225608872
0.51348397497803056
0.46994934745145861
0.52622658651610499
0.49498901627048419
0.48255098201152785
0.5176892816583053
0.48152432811806184
0.4378421656445094
0.50436710684286246
0.45003089439181898
0.52744989782421214
0.48391824964307317
0.46771334729110497
0.49162854868136685
0.52947635014418704
0.47335637670647485
0.471809248883794
0.50187974077658692
0.51319031384603375
0.48386639651743435
0.4965204726287068
0.49166029121249183
0.49329209934838564
0.50036442965302141
0.52268483539547772
0.49016355080425161
0.49268779962014508
0.53162123031218633
0.55307514264677926
0.49902558548149378
0.34693474565473975
0.34728065415998549
0.44313246807394779
0.47694531665910433
0.50624434982859989
0.48292683914611606
0.49558993721219924
0.51903759232855362
0.4980107896262751
0.50987345205901535
0.51744859665744825
0.5219960531254707
0.54213521020585964
0.48484679634299965
0.47997769362420373
0.50349443051639586
0.56677167251239691
0.4727611875713108
0.50239936489404646
0.52653530191953224
0.49801985082537747
0.54339277481768511
0.48241510645615149
0.52549532057802895
0.49865056743936553
0.48489618196290446
0.49788852707379905
0.49796229513917478
0.49447161701929648
0.5145347766374152
0.52658563043339568
0.51867329139772989
0.38412990998159979
0.36654097070964342
0.47888829790826393
0.53642807210458865
0.45277195088266142
0.50627652414519431
0.48665106550187559
0.45042537733631904
0.50123188243411265
0.48247022897062569
0.46469189364664931
0.52265593730689142
0.46274038950513779
0.53275960459794969
0.54361597326583799
0.48630617623765243
0.51691431529933241
0.54428910099897965
0.51772334093868633
0.51917818251334236
0.5170550319862065
0.5280016243962129
0.50114490715976878
0.51362500770451258
0.50926717551688294
0.46745546627415574
0.54383610491038548
0.51549954612182114
0.54501771132332144
0.47983589655652559
0.50090185759554029
0.46948640164978434
0.31494591180523451
0.37593504139657397
0.57024998331710519
0.54158912408377313
0.52597760396499482
0.5233067663303107
0.5404450116271764
0.45793048412348009
0.51126297509281482
0.51429819762636231
0.49196902839313328
0.50665340414856896
0.47097419951302089
0.51419840778408621
0.48422657665193825
0.51048133089065573
0.48867298516045993
0.50298203156272636
0.52476670453207086
0.49624219968078803
0.51621887663235977
0.45247830612013795
0.48088038731426719
0.54097666964249502
0.55262072203199109
0.45137964004221387
0.49251388297912235
0.46708814567593931
0.51086897171055567
0.47534074505362889
0.43701135251318307
0.533310844877253
0.27673046014194513
0.36776882927327548
0.51489027165343249
0.49780141184711246
0.49199106859548558
0.50961379908894389
0.48835220639670834
0.47486230137813029
0.50424517256738088
0.48244297601191999
0.47208209243428456
0.51657224229934195
0.51374327142754039
0.56144322568636784
0.51134797971619916
0.49523342823012773
0.52683392045646193
0.43340115130862611
0.49741917965499133
0.49837861272737211
0.50747054632406874
0.51992660232226717
0.51231872693806968
0.5399066252284318
0.49659225382143518
0.56455999008252877
0.48730861616685267
0.54185531312108182
0.51546386217082185
0.50057983990115562
0.48146978399428686
0.51974103616134715
0.31799066389507114
0.30208848045574682
0.46285879895914078
0.47831989993680535
0.52448415975425211
0.47716748489960448
0.52274726766903257
0.48801340867558424
0.52241579392721516
0.51794377309821504
0.48284925149304997
0.52631816409873911
0.52427749714384919
0.46154750026029806
0.43871075184998781
0.4823479080042084
0.49813464838498062
0.49037401525357727
0.48796912343247772
0.54060382391814865
0.52908350344846955
0.44249265686181782
0.47601388252855714
0.51792989956249325
0.55718040437716243
0.47013159901913881
0.50901019536697734
0.52384724022149665
0.51961666697539133
0.45979313006629213
0.48752290359865741
0.50285837628316155
0.2714404945548794
0.2762006275698059
0.33748426819604793
0.35951711117750268
0.42198093907944512
0.33196111319044797
0.33820898672142002
0.39852403777405498
0.4377199840180146
0.40433292055232295
0.30641355559595701
0.35836732274677696
0.32988679810469229
0.37354105991352393
0.32650350272780493
0.4103235405612124
0.34879242493088064
0.27622345298998252
0.50608961006010778
0.36849530080461768
0.39945106353320781
0.35808857401951283
0.32730567907019081
0.37770149790930047
0.31964064681036963
0.32609946885329344
0.33391745064723094
0.33889665605024577
0.35430426872783938
0.38597963939987334
0.26195509129124811
0.38584057949324063
0.20465541429960249
0.27663764200573326
0.3420471846594394
0.37051410556864073
0.3066089000783061
0.34020881659274388
0.35363894318613709
0.3431564640825604
0.32046347340617692
0.3842324149827282
0.38111743490733491
0.36632023198492564
0.35402536748720337
0.3405708016030955
0.34360295934230994
0.32896922893685387
0.34426667942810707
0.34606282436055547
0.43349908078647037
0.3104467847242719
0.31975451464353333
0.45893441121306366
0.35525906427969223
0.34676398291674582
0.34556454958025318
0.37937358558404172
0.32019577710344527
0.35383253799752612
0.35336803753479706
0.38558534416386536
0.38203084043089774
0.30594912544503872
0.25773523627016676
0.33495643440884471
0.53922047937521489
0.53156687861090701
0.46986862993975315
0.47377822847832857
0.53162355305281672
0.53209358109860172
0.45947496229849377
0.51220721867373642
0.47735565833072552
0.49858290544415029
0.5039680405731799
0.50750188601177293
0.52122186090226041
0.49412456047704123
0.52926397190762786
0.50700466201702665
0.51459133255549316
0.51199134537482371
0.49508883026529421
0.49870373103976984
0.47271695963907329
0.49731777528501875
0.49552215606308464
0.46294214825277408
0.47988482109961139
0.52170671646430378
0.43926878592316043
0.45902070978185172
0.50119366775924312
0.47311250351780082
0.32212978413407756
0.35201502771098614
0.51838361631230823
0.52044502948294957
0.49158928291996795
0.47651750276602423
0.48057995050007341
0.54006572857821988
0.54663413386687909
0.51957302873030176
0.52273492599718874
0.49192026915503573
0.51574092505880464
0.48756640283939157
0.48164526993480383
0.51268511244016157
0.48579454841513736
0.44705244051663806
0.48428484566181879
0.5248202480725187
0.49623447619785788
0.5239233884608705
0.53987150451982635
0.51544620447344935
0.5292798167992846
0.53446325046066645
0.49118945706888123
0.47607594006810539
0.49031882149475853
0.53847688445124486
0.48214641247115619
0.49644952422733518
0.39620096000715943
0.36755155293975117
0.52258241315104526
0.49418775618741068
0.52049139465823568
0.50124646768844161
0.47066905737443426
0.50965258101558253
0.52136084274652594
0.46462352593503203
0.48125667049788884
0.49995466256143872
0.52233447011665823
0.51342087527219837
0.48748379058081298
0.50591279549833956
0.50419058641846104
0.51303255916524981
0.48149124201813304
0.45354937617522872
0.49046284626322706
0.47885736502353976
0.48794785846097671
0.52579580723885255
0.44116011495679891
0.42842101398910715
0.48144740377424639
0.51505750495050717
0.52822876226136672
0.48560377696690371
0.48910147926721381
0.48908413617861229
0.28511623757549615
0.3301769272514547
0.42688325628590534
0.49344476689003586
0.48398544755999201
0.4919248013381185
0.50632179092687857
0.48074721959064692
0.50250194906273649
0.50099841372329679
0.5144680516283634
0.50117801644103743
0.49268198007116365
0.47701836321489144
0.51057859674440209
0.50062941092505509
0.49055849887690334
0.52764892452320022
0.51131436875770098
0.52243004624216605
0.47794316932162584
0.41386391919723881
0.51545638802531857
0.45777957093352661
0.53708471454011053
0.47201496079136007
0.47067857502316979
0.48360898664966934
0.49881360273281594
0.50372381657507748
0.48589783104356971
0.45458004010969233
0.36034364759471932
0.37821297960586742
0.47442918906274612
0.49991783005471213
0.46825780128490047
0.53844814075521541
0.51143201009432115
0.51572533717805014
0.52416096958555436
0.56375740622652026
0.53351702452397964
0.46905894635636236
0.47185113148410196
0.50842898722004515
0.50007997079988986
0.48363177229522841
0.51816065095056296
0.49385166153822457
0.48083342948782676
0.53314529947027534
0.50940963856628696
0.45296639571882891
0.53325873917787581
0.50835229990943875
0.50055532180982876
0.46898634953226104
0.48513618424156552
0.47717827214856923
0.42096042566532837
0.49662662928588813
0.51537167032663511
0.49588081008435353
0.32812223603724672
0.33967427246218296
0.49885134856433988
0.51276697620179212
0.52259184320054497
0.50656168675301971
0.49803354578142922
0.49700086066778137
0.49958636334416306
0.46830937834931308
0.47704397493346634
0.49627715008925499
0.50490848522312526
0.4968175184824597
0.49920279314063543
0.52744933503038294
0.53506054680155346
0.51775696667087234
0.53813056177776919
0.45869709276331561
0.49985847851683635
0.5282645515857648
0.54432723905537483
0.51352486614767312
0.46993125401633212
0.47232478055567773
0.47591691769652017
0.47610644187604534
0.485812976967953
0.494185821282147
0.49058314419326093
0.47530183561675571
0.37428325988725125
0.34529557508133601
0.49387353276928342
0.49724810835027206
0.52758616090736976
0.45316738991058081
0.51497805534565599
0.49469289632384278
0.49524438703848495
0.5038370527882946
0.53906035490988624
0.53310989833425904
0.47534566128060585
0.49796231824638537
0.52612374141073537
0.53652999157263737
0.47806070501251596
0.51224577794581871
0.47210113217048194
0.5064060100922213
0.55481660434035929
0.55672162322647101
0.45926429256678203
0.49761657319517438
0.51584410931192703
0.50858546948830419
0.48208105838023252
0.50241900607602341
0.50593705639288877
0.48484629483925196
0.51453987300279513
0.50223767813645814
0.41974925675234143
0.31645254239469894
0.45695306771171701
0.51978401710482525
0.44493723344687608
0.52368878470222013
0.4656090939237813
0.58642834593213689
0.50853877333256992
0.51262013493591341
0.49736869833340452
0.53177955573594782
0.52402481317798
0.47623998436059506
0.51056835188432215
0.53782785315349191
0.49560848249380124
0.54363341824005906
0.51066269196785052
0.46988187980501817
0.44738687888487627
0.48751139498371621
0.5010566056264375
0.50812436047780618
0.49012799489795084
0.49122559170451974
0.47259617486772537
0.51796391023800292
0.51495746382192065
0.48923999011584501
0.51875732041991329
0.50396421188999974
0.33654958843456539
0.37108061864289132
0.46372594814483115
0.5283926944695776
0.47519203079823902
0.52210243692783942
0.5093097063985661
0.49891209704996231
0.48944601092768458
0.52184882820248957
0.52026977304486299
0.49113197091154293
0.50428081516717571
0.50189226042601942
0.4960657720022949
0.54701786451652723
0.51708309413491516
0.5008250681907952
0.49373601782293508
0.43680477188839645
0.44500062320381134
0.50871191552944284
0.49867296402066885
0.56589672926910284
0.51283022412247836
0.53124166787297877
0.51866362465088689
0.53961140740074043
0.52116295732814533
0.49709423241398315
0.53970256657462168
0.4918895270920155
0.38885186069832822
0.31910424336192872
0.50994092138461022
0.48910021614504279
0.49521916428583473
0.56270981489084693
0.49111211130593346
0.52293265067477512
0.52748720651207837
0.50226678841394268
0.45734601437642347
0.49839182024506712
0.52828939508023987
0.45486138712211038
0.51540058229878205
0.48935143759423921
0.4923679532945538
0.450196614114108
0.47226302219600552
0.49101829251092471
0.45873989250215985
0.4931835987930257
0.47107159968617995
0.50869158027925643
0.47833889095044507
0.56706858755036682
0.51558038283169416
0.49664375216094059
0.51967309194034506
0.50058881076765505
0.49599936926605431
0.53654995213814727
0.32891701896252717
0.30917655343854494
0.43081685959529376
0.48302044333989957
0.48823328418814532
0.50598388171105435
0.46517651366523
0.51073251595333002
0.51515433270707489
0.52892989742034036
0.48379221163736508
0.56679010528471352
0.51660387813134767
0.52082971481681428
0.49144255112081642
0.47415566486788185
0.4959940571562243
0.54203365599663045
0.49914161534534318
0.55175071140813026
0.47356531190382861
0.5017998418325873
0.49103259372925595
0.5005578939857569
0.53638982279321523
0.47369469043809187
0.53034527016707678
0.55894955708735494
0.49147993231884479
0.51851029740216303
0.5291980756952136
0.49836308543184787
0.35984873902145681
0.38053536061745075
0.46391530398070985
0.53428115097940254
0.50056466404754796
0.52817370178916401
0.48341219904954336
0.51449182950121364
0.4878341486645652
0.53708453479742357
0.48883046860236351
0.57422501916579394
0.48473398562311504
0.46907265094260986
0.48468363904908607
0.52398522485565213
0.49389089507570116
0.53508140694323036
0.49030695338734914
0.48308113107850981
0.53278238844966241
0.5261913416548285
0.50145355524878232
0.54715917712857187
0.49332585988644484
0.4870378772364905
0.49320228166688096
0.50856208855189566
0.48288535030849705
0.49638266105141571
0.49535166281319637
0.46637709452084136
0.34144005643614073
0.33718108906864819
0.52009649507881162
0.47676861213477123
0.52150058503811969
0.49352564295938156
0.45516018254289153
0.48303329187998761
0.4923216429108937
0.49715043725274188
0.46332222366751735
0.44260000236238595
0.48978261419727953
0.48519615254921011
0.50738840334219237
0.5728837189312036
0.52052656469653347
0.4749076729397903
0.49186802009361918
0.4687824455729121
0.48786679352693452
0.53786169106110149
0.48524852203598723
0.46233267632820912
0.53313675731365839
0.48216636125149842
0.48736183587609183
0.44785876849909001
0.46558895912807685
0.54939096385831787
0.50329830855525082
0.52791353248924933
0.3516626538577125
0.32652579584574937
0.53298116043783916
0.55543783185933837
0.48492305328490415
0.52110487177315701
0.45832912320133951
0.46860998870678355
0.46169276116676417
0.51576092065582813
0.50449606316307316
0.54338833037919199
0.53523236483083125
0.49696226736381088
0.49977771780410907
0.49529841730606661
0.50384113919103479
0.49205809269192485
0.48840806960153471
0.49642537573443163
0.46619123621700026
0.46071771943870637
0.50096038308759938
0.48970925894215872
0.53434262378326969
0.50144997695466531
0.48690588055597833
0.48389184670725283
0.53516727057640412
0.47631144460523905
0.5271852204124865
0.43465551697083821
0.3930765642980466
0.34997184885491817
0.47442745572978989
0.50647277402791768
0.48048631724322327
0.53810557407404336
0.50138546544137508
0.49293726557768414
0.44704147714889175
0.52958498750145278
0.5309779900537106
0.53115802721256733
0.56427657733644299
0.46711390885055681
0.56394265137647681
0.4776564470878702
0.44675161377208683
0.52558077083401056
0.49795438640310752
0.51141650850944864
0.10749817352230308
0.00015396033692021433
0.26859650015537795
0.51156290666618831
0.48119923193793041
0.49483565205635111
0.51787162493731653
0.47738301496499436
0.54150534023550767
0.49434743012967625
0.4790049790929431
0.44721752614228993
0.37015787324022725
0.35754271528634102
0.50361189221554126
0.46002610060803628
0.47759926429374999
0.48567693183705418
0.49550131231258004
0.47219542321903102
0.51482257634314055
0.47993332486191775
0.53928855573289269
0.51660451200884394
0.46369007043481325
0.48093413303651389
0.48563281049022733
0.46978189316434565
0.4950187381206273
0.52666015464074967
0.45264211700245127
0.46607953350389003
0.21270438681072654
0.00026828776951016596
0.33205167668485736
0.47125556670821395
0.47231528687086866
0.45739269314279407
0.45208268106592375
0.4578077357805721
0.50243990255716064
0.50675679903898296
0.56962946469485831
0.49553311942881217
0.36743763451476413
0.32684252845265205
0.52827708001254825
0.46509192605912669
0.52149351815414446
0.47644049487058726
0.48123834235122137
0.51026955490079007
0.47255075838173283
0.54724041974489368
0.4852912515005719
0.49146062616073188
0.49286078551884943
0.49614266576102478
0.50978238593945724
0.52634664980596391
0.51742370380178848
0.50904254465745902
0.4643895804850845
0.5398332831840621
0.50704159258132153
0.40957013410710058
0.51647970895702566
0.54660810813185778
0.48035439972422256
0.52105405718673548
0.48808511956512424
0.51848426564410499
0.4647881046898702
0.51832645899353202
0.5053358358921578
0.50750621848308308
0.33430621437421348
0.36932983251051782
0.5619958426863314
0.49763903578623547
0.5179189228219887
0.53192073730670075
0.46427603014392471
0.5319932605059412
0.46289361088811132
0.49101935400531566
0.5286491390558361
0.50485853398194935
0.49584975298993372
0.48885675818798979
0.49553752195058143
0.51713947814970851
0.4821535927967886
0.53843352255824595
0.50409570159525086
0.46382739047705279
0.50685682896777418
0.51168776652966941
0.49433789358315827
0.47046669966175358
0.51754397662817053
0.48880056064547395
0.48911235848379447
0.50898097174703638
0.49292040486130212
0.48064088703264207
0.49920403969335925
0.4691186580151982
0.33360125895487602
0.33261108473384265
0.51122446276982925
0.51399124586911893
0.43780290285842438
0.48612185949032505
0.49189444417058575
0.52178099502346831
0.49739237704760975
0.51806317295573479
0.52198040427068293
0.50640732547364287
0.47907493076430752
0.49724076865143446
0.4561199731405467
0.43964940081078874
0.5006547880854394
0.52549583080011752
0.53217660845000869
0.5183480834818508
0.49687796296360076
0.4829365185477309
0.48115308727346051
0.43246273102277494
0.51330104469999072
0.48781051185023711
0.48550327276816807
0.48884124149270608
0.46523786896714581
0.503349202241687
0.43286799422027378
0.52320629452319378
0.34481111187049429
0.36946441076673253
0.47079618619689334
0.50828095588536082
0.49091508945362988
0.45637073101597631
0.54984099302811418
0.48053655517193555
0.52131417089706444
0.42625325069165088
0.52058914464582073
0.47271259740285859
0.51492916996813431
0.50023915259817597
0.52609416946886267
0.51924514084157558
0.50334001396335482
0.52181037068482861
0.43698216261360917
0.51415452033170572
0.52498654457516247
0.52126877806280691
0.46168010674567611
0.50021186685414354
0.54095510878235087
0.54692225415720153
0.51198798706398285
0.4958849371028039
0.51868294049444719
0.52063989216446083
0.52168437691685821
0.5271256705022539
0.29764573245752624
0.3425159347380386
0.49484853465836032
0.48222315550809425
0.49624066255043087
0.518193955524759
0.51287424111121427
0.50740109413462098
0.4899598394651985
0.51866250395817959
0.50764246272209679
0.53572628120895149
0.50031435491811471
0.51335459641440861
0.50818545238215407
0.54428528780719643
0.44182436078549026
0.52487730507268304
0.48640092192449796
0.47634466952374288
0.4652009277979009
0.51898674087479724
0.50807544282388895
0.51616450796264113
0.48896219580436817
0.5224379221873855
0.47718443235049218
0.50630631254443836
0.48264172201922761
0.49347608029084028
0.51042019726884957
0.53562919356493977
0.32345040182815893
0.31424381676839447
0.52303669550101528
0.49184677571164531
0.51816224339545791
0.45450628058494275
0.46853095530638578
0.52097898149350019
0.48673454544709349
0.45744437594456355
0.50754036157699378
0.48380312381281076
0.46435566606723822
0.51592437924843282
0.52810873100422351
0.47873258932587592
0.49109928527695768
0.4947273103589388
0.42171877540836739
0.53639827317372457
0.48939234896209338
0.56872300707345536
0.51253475036599916
0.5042896568472266
0.48588951843559502
0.50354323391180711
0.4741434323209921
0.49563131595354354
0.45663881529301198
0.49144752194677754
0.53880860525137908
0.49883151434037304
0.32368336832568084
0.35809758044077761
0.47634827523829332
0.44266990801098605
0.48095367178384341
0.5286809100234332
0.48357182791702064
0.53434345139312689
0.50400240723173784
0.50166233195997234
0.47997897191722844
0.42836885796861568
0.45830131741277513
0.50982263603461953
0.5151337099534975
0.5010073652463517
0.51594200038156091
0.47035352346853732
0.49349045965270533
0.49716471012375363
0.55834171334417382
0.50905620225845316
0.52027586528930347
0.5155434720227946
0.48634157294332964
0.51038045702670076
0.50069262758741517
0.51419566235294834
0.52268882716401854
0.53819615873524451
0.48980907696602788
0.50629332725100973
0.34185860477980828
0.41860986723470556
0.44757652997842157
0.46547914319100936
0.48849588395582111
0.48262929421578626
0.51287311390550117
0.50860965332825869
0.46734645572562744
0.49861300782199286
0.48351986941801484
0.50675188421811823
0.54341296794654514
0.5205409818301916
0.45795838252127952
0.47929316548417833
0.46256851690325435
0.50335060123161268
0.50447995501659404
0.4740721322690461
0.51354279012548998
0.48350128944722798
0.50005575756795717
0.5242585133691684
0.48694437541791391
0.5092658218134698
0.52403665207527472
0.50553824869861519
0.55275350707265414
0.52852044211836746
0.48657747461793516
0.50519342044928628
0.34007763681237907
0.35185854985132786
0.55232012604577663
0.48451209729209288
0.55753977275258571
0.47244555055158272
0.48342158619330505
0.46719157982028908
0.54170011827529774
0.48274960551899854
0.45742517917686443
0.49653509803401358
0.48563474734173645
0.43581858721945016
0.5078339931788205
0.46023749527213836
0.48527294602751908
0.53656863337551386
0.50061541531095177
0.51357176838481744
0.47993695207729226
0.47138824995903206
0.52655181561452813
0.48791805200066712
0.47820336893900428
0.56286225653191746
0.48155474770254403
0.51010394288609695
0.55578345452313271
0.50702786481321105
0.4776223206727872
0.4899939934261513
0.301832831060939
0.40724679597577157
0.55440609176345101
0.49244952996412211
0.52201676901030303
0.50958201783351842
0.46824661164930309
0.48979088449521513
0.48753241394916419
0.49434121906608414
0.51449203828249301
0.48397677995729921
0.46045106624155618
0.48659745636129692
0.441880826653757
0.51399677365157714
0.49334192163397644
0.47184755218088464
0.51556532958734769
0.46108144935083761
0.50365598343432427
0.48981617359012958
0.47179788879940954
0.51741135873797339
0.47530036604639836
0.48401899576552559
0.50540137580193878
0.49770950932050484
0.50260761267413367
0.45676643741571621
0.49131710937652523
0.51490352750352075
0.35701907965708785
0.33938639354976452
0.45813566253028543
0.46244019431337924
0.50388838081292842
0.4791625444707816
0.54036421538228574
0.51388432627500458
0.50137109223008602
0.52452017852525379
0.48043771449709427
0.47847665306315673
0.50525571768216515
0.52567691527759974
0.44926500473074171
0.4978796614805609
0.54289623039176071
0.53775756626061033
0.52858966635679849
0.5018262960961819
0.50088089448241591
0.51497584171968591
0.51216797894505173
0.45870058685516218
0.51657731614186586
0.48705284584921138
0.55914181921134964
0.49992180140057269
0.53236664676680179
0.50320204508693289
0.54964613714543809
0.50440705777587502
0.33263242813283711
0.35378564187283967
0.50977795818192773
0.48456375463558266
0.51907642442581692
0.50095349007590617
0.4741114901094568
0.49495820458816497
0.497816082537057
0.50489786889112842
0.49531819278374739
0.54039936292480328
0.4930810381909046
0.52879533122225031
0.53488882766400814
0.47982713456846038
0.53734475620681676
0.48479086327413901
0.47489238163825659
0.48310050348377986
0.49493059020302438
0.48836409385628937
0.50521071066499101
0.52738315759502119
0.4966927179099016
0.53047832320791311
0.50187583531543922
0.48813902699038131
0.51081066327772673
0.46810096182326144
0.47477233391482115
0.5022944065783127
0.31858918200273723
0.44596457797566103
0.49690209780399958
0.48397195120851477
0.52363810678351741
0.51019767823801065
0.51598946424545744
0.46567351491805287
0.47483625911407396
0.49678087852818115
0.5455246189820111
0.47200233834924926
0.45414349717457292
0.48527569190528691
0.48720697857150563
0.52761267049293048
0.49617929524808435
0.52344781585523192
0.48889220656714399
0.48268322234121219
0.52342347374196641
0.46352545084261854
0.50673681311866747
0.46326112795461488
0.4939027046636148
0.50446923045872094
0.51982117435289599
0.54066361397387175
0.46904825231512448
0.482943227045108
0.50290696374577615
0.4909709419877879
0.36067836798184638
0.40885675993031984
0.50583861113294948
0.48375554944002519
0.47795726193888793
0.48911044265885573
0.48162368942156464
0.48662144481295344
0.52409235100907825
0.52920468254263975
0.49372810149438046
0.50870664216127526
0.51746439390132137
0.49296317338592882
0.52963668886334725
0.51356813061833595
0.45212863821308924
0.52849967812490917
0.48122186939054401
0.50841821616963001
0.5928104484383222
0.55150858705784878
0.54774132267252718
0.49571046705308536
0.53280985800640768
0.50148643606604981
0.52250605865942656
0.51556663372423917
0.51939187507121898
0.48295332240454392
0.52147478007250747
0.4346807662530387
0.34989832806640475
0.29427342117508676
0.36943259528740346
0.32038908712905717
0.38509125925160809
0.34995106994783959
0.36933570941007732
0.37096607253779923
0.4400017697292658
0.31768983124398475
0.32313208803853344
0.34862138971629875
0.34525496184906712
0.39639086342425134
0.28720105952524688
0.39867597293061396
0.30300290347286174
0.38287102736444767
0.35500364229165748
0.32743708489202089
0.36453518294546949
0.37054658171758964
0.33718565226179986
0.39735566881720591
0.37906475327682876
0.36772731154072635
0.3476562869738184
0.31289406866571978
0.35183948498601575
0.37203711213029711
0.36668470060270203
0.29025331416940175
0.17414755172061222
0.3062514123464728
0.38928016681442756
0.33799218092463595
0.42343929122118318
0.34292271701632293
0.31590703997024516
0.36462121889250076
0.34664053939668993
0.2933842907997431
0.32214120473695512
0.34076730657379317
0.40316744511223512
0.38479606057500537
0.28548332058554166
0.30960514492700725
0.3372575420857683
0.34135871298812576
0.35244902872192613
0.35840057334251846
0.3508355945915459
0.3738932804401251
0.34568292832152525
0.37056879160214129
0.33751635301600108
0.37839781676751161
0.37464289049398286
0.33306763818093166
0.33748280369017242
0.35650552497404908
0.38753016351804731
0.32602676585339607
0.28056757566637519
0.34623445852641122
0.53123101782988091
0.52994585046090703
0.50782434966170764
0.51202511474992052
0.44861037854558933
0.52428873465351689
0.47007930493029076
0.52605107075587054
0.47107311919173656
0.48692812171675387
0.50054832839285779
0.53324993101449358
0.5407692404986163
0.51277454441291748
0.47853974965710239
0.52147640102744952
0.49228129915970675
0.5112103883379594
0.48419274853832928
0.52120096903566504
0.54083992789892188
0.530787894603438
0.470101652360845
0.49155866661997516
0.45962404867612527
0.47466363303394338
0.51505506081198094
0.51764011181017688
0.5568537924745901
0.47414032216471541
0.31623041315163503
0.33255613586212102
0.50842451784514275
0.51269274574021739
0.54412669843467876
0.54000973400118257
0.50766591362555946
0.48358491520189767
0.48472008450938331
0.50006284366043918
0.48590977717870459
0.50722515104385979
0.50156457066791127
0.46509289186270181
0.50015614396052577
0.50981178437857233
0.52393824753676999
0.52823248650526189
0.47143611306312466
0.52595708831590127
0.46268149954073551
0.55853450517824843
0.53200295938750131
0.51298575485571751
0.47159879577865915
0.49022270956424702
0.48660270110773018
0.53828175427331815
0.48331335012046472
0.44804494728410332
0.47614107588985677
0.4882112909611816
0.34752949873401207
0.35161842593050724
0.47902544955786275
0.49381603965884824
0.50285284417483789
0.48167678786318796
0.52126610687206054
0.46252562069241659
0.47400324685383705
0.48906947683021634
0.4860613434403378
0.51350756002091402
0.48567431224006419
0.50809036620856596
0.52350988614682636
0.5048810366621268
0.53247783215853783
0.48851299717722535
0.51477684163145043
0.54355971504648293
0.49338268798203294
0.51122790448243849
0.43717839038647388
0.44838613121267795
0.47413873287931796
0.49997783058935452
0.53208403150372319
0.46824117653347314
0.49164270219578643
0.54305902501593573
0.45813589881581651
0.50386251073354005
0.33519797199169665
0.31608111677223572
0.5003930572491907
0.44044292951112407
0.49728342183577195
0.51577675559013447
0.5171424429687469
0.52980868692561944
0.49980381477518249
0.46360334944588788
0.52022664245357375
0.52206682297144436
0.48135438152525556
0.49860244441795054
0.50776597584942695
0.53601357623204682
0.48863585423309874
0.51523245647230287
0.54403351162788871
0.52182453389440586
0.45658398614549062
0.45275338837359125
0.45462781418498555
0.53396954655708018
0.49556464291297397
0.51295380661807943
0.49475120012815565
0.53125561813641708
0.49027810256505228
0.48650509692311367
0.47144990229510314
0.47949710268104617
0.37401579888374292
0.3738416980125156
0.49092700111664345
0.4785196069142757
0.50140774033912927
0.4592243602733842
0.52674837407090247
0.49753765736846911
0.43733776926815943
0.49482322744331514
0.48318001557540996
0.52219570779626845
0.50242628068880191
0.48442690158993418
0.50648879838726446
0.49065917340084514
0.5008155577671014
0.51921295809147516
0.54812799740872498
0.48063367051006073
0.48074549762253072
0.4851510644934699
0.50247670823812995
0.52325186287103231
0.54571785861335353
0.50653421321085357
0.53306903942670247
0.46943529837207759
0.47719972563284885
0.47448157280113273
0.49401813811254264
0.44216777455245815
0.36883036193249008
0.51161143208796922
0.52614687779404579
0.53820541079005668
0.47047813901402058
0.51306331207035361
0.5171666284946963
0.51314501637277632
0.44502455266389068
0.49457796678761695
0.53331173522613595
0.52509752561274459
0.52017833548733827
0.51740515592977221
0.52264069124202428
0.511652423340475
0.50758925439711666
0.4712587714501888
0.5085921094034842
0.49607423871127332
0.48198370094590154
0.46842869445188789
0.48201540457518394
0.43832482185548044
0.48011656212616977
0.53705388500816598
0.48219883146447445
0.49001141107671853
0.43218571566639591
0.48167779869944305
0.52560132571563611
0.47641246134813831
0.32995260333737014
0.38183606369658207
0.47880700556972094
0.49334447514228441
0.52877534020007033
0.52774028210715307
0.49399930403352893
0.49679466493656654
0.44660838470254483
0.50137243683684818
0.4871131891715183
0.45589575988982539
0.48773973922761071
0.48339242392813819
0.48206595164971183
0.52500971126795659
0.51819208727370958
0.50436994053165707
0.47432375897247947
0.50374392169016069
0.52643417660928105
0.53551984018098908
0.47880148229091779
0.50734008082482196
0.51701535849616609
0.48602337544314117
0.53285936843558057
0.51341582140595066
0.52097001553710531
0.4944047994913181
0.50279916783814649
0.49710006715441463
0.31607954881817313
0.34648634436606068
0.47639580470384801
0.44766886634174019
0.45888725590956697
0.50512282939101594
0.48230042945835283
0.47536010416205093
0.43866771045168346
0.47116024010914481
0.53645116890861155
0.48713743840885093
0.51161730521870674
0.43017023153734313
0.48225280971516971
0.50487060779925119
0.53983224642196315
0.52868404184546502
0.5027773044977849
0.49867908477358242
0.525964643301854
0.49915635676459025
0.52864765786699242
0.50715484495189822
0.50251382881494588
0.5067166820148471
0.53478859248697674
0.47524323718731681
0.51709281903269777
0.46523446265340912
0.516579503586033
0.47375306108357867
0.35693018275824734
0.28446788521491495
0.48291089037867641
0.50894334689717746
0.47301989285471752
0.49349908914459606
0.487137972309724
0.5004949877280489
0.50399799101718212
0.50965161041622176
0.47790310806892955
0.48322790232396945
0.48564882191411729
0.4973355578831643
0.49493937194274734
0.48724406433118239
0.47374005338249608
0.51406551366079634
0.5132732363850806
0.50735468905048198
0.50434573651623826
0.46530163452862888
0.47706155926966909
0.48222810998277588
0.51326549159942725
0.4863554461997649
0.5385620318257236
0.55161254694375272
0.47812432732902077
0.52508460739204565
0.50313477924741634
0.42568557871185508
0.38052560035370697
0.31716803381871572
0.52626212733628186
0.50442169201192388
0.4891767033534602
0.51025101058764966
0.51842958168034481
0.53487162738509508
0.51202553854720245
0.48240231628645752
0.47685897033383673
0.47776035603314515
0.52304302363084576
0.49480531597446353
0.54957901540618614
0.52268706387244279
0.49245701554464422
0.49343415702863336
0.45129890539055978
0.49726689325479484
0.49063133123632474
0.51091979163427292
0.50748578499710395
0.48673104183492055
0.4864537550139682
0.46597227427821336
0.46456245608227043
0.46123593707336252
0.48954544010464462
0.55731038486476825
0.49888002516124974
0.51501823758922627
0.43185337622735687
0.34374003307910805
0.46573610838700824
0.44134529586936155
0.47481999602468478
0.4946253094870669
0.52080610119781678
0.51687135445263266
0.47019651572614929
0.51706997179835879
0.44334061641871003
0.51198307604381088
0.48271832919015911
0.48640818059303176
0.52108834719114439
0.50703585975096677
0.52841073113729076
0.53474317963409412
0.52423155759584972
0.45773957973986573
0.50957560763221132
0.46406632422004807
0.5111537057230775
0.48376352811743067
0.47677956815031131
0.47122695033923095
0.5000298878193431
0.51917207281911781
0.44944437567187845
0.477864036735759
0.50554900986242624
0.51671704479564817
0.33475585306522038
0.40323731626691339
0.47022062546222981
0.46710758575917161
0.50119910497982034
0.52683464626375109
0.45037327140555594
0.523292918961207
0.52056008579771806
0.4850905243316172
0.49112470451044615
0.48743136742597742
0.52418665561744249
0.55004839695613339
0.48635660942453174
0.5015514173576584
0.53487624595775041
0.48346529802221266
0.48161341477493458
0.54082228885850758
0.46771778933187874
0.49454972664819657
0.50756082199470043
0.4872034828252787
0.55904663093958173
0.50005261998584638
0.50142718893273808
0.49217288439894258
0.47938828880997392
0.54791080080134336
0.5384895942195812
0.50806458124090159
0.33100537295374066
0.37304941663449265
0.4898084227400617
0.50169240406603266
0.49450721484593324
0.54427975251288729
0.47527757271013499
0.48399949436965461
0.48726715767308548
0.49311954289855053
0.50176362128260088
0.52367998555171591
0.48360259641454167
0.49184469953875848
0.44091740486771192
0.4746086075734981
0.47090488380865936
0.50816429004301711
0.53542281101588229
0.00094950808304388335
2.8018404032547005e-10
3.1230041008366039e-10
3.5015999876625527e-10
0.13706100430124055
0.5326707012001759
0.48477713044340082
0.46110139729263699
0.47650158808493326
0.53864944458746111
0.52373599479582111
0.45126789137079149
0.48241623092941499
0.381216479876827
0.36228556868390482
0.50443216444037331
0.50450492075719233
0.47479161799334879
0.50780474967969091
0.53940975217115361
0.46684621142384775
0.45410694063101559
0.55719356834874889
0.54229827213590009
0.48020725858733004
0.49617024424184614
0.54069899803811028
0.54552440677879377
0.47561232438349399
0.45367648157725227
0.52477853588829804
0.23801390043599716
3.01980741177946e-10
2.8835400521396701e-10
2.9393522780596161e-10
2.7712638183280725e-10
2.9148813969886126e-10
0.48517865633981216
0.49643158477887944
0.48925607761507339
0.5068299472154979
0.47094739374767869
0.48259022387091438
0.52221266624319074
0.48249999090757212
0.36657320085340478
0.29496498678631983
0.50678615358595824
0.55117297135011878
0.54393255123373829
0.45660688200551686
0.46896007850442489
0.4763473468322601
0.49522543407506359
0.48452403090112084
0.53217327976140172
0.52367970672010189
0.46122403534006401
0.49981507396836772
0.53597781335315087
0.51280763270725982
0.48350412520535807
0.46676031926471073
3.2320723876706979e-07
3.0160240858540049e-10
2.8755542759637925e-10
2.8994983822329243e-10
3.108888496054306e-10
2.8548780875296596e-10
0.0089585855917611919
0.53283033879187258
0.51151118755379799
0.50264014767249166
0.50375693280120715
0.4867647858553345
0.47064044495893959
0.52973393874398667
0.3208442422603302
0.36388065019064486
0.52194677197199379
0.44832416632468264
0.50698666724654218
0.51511163731453047
0.44616700849313162
0.45943028103995848
0.48669455736611239
0.4989148365096352
0.50963052900051686
0.48612929192892379
0.55858912326814059
0.46084097406337177
0.50865510392213764
0.46076239416296977
0.48078422467768456
0.46682855901641274
3.5583582496208224e-07
2.9093860270761955e-10
3.1169741872932113e-10
3.1074942813504917e-10
2.9530472319448233e-10
2.9569757666463178e-10
0.006043672556643666
0.47255722974452985
0.46670413576274028
0.50812318178276228
0.50547609872760579
0.4972896977752046
0.48826428449342729
0.52073140262804873
0.31258524510229224
0.32220388961772906
0.49882558119552373
0.47258101365837446
0.50850819153271343
0.48945527360878321
0.52446421633074003
0.50211927430379322
0.51008357485600231
0.50516027113436013
0.48324862819995856
0.56421708218295918
0.46226556943545055
0.53531152329882081
0.55694264196428678
0.48439389911508784
0.51508785714010563
0.48756951642573099
0.32984825903392884
3.0165876788386191e-10
2.8566449479670707e-10
2.9526881370219937e-10
2.8752318623359407e-10
2.8843646281795308e-10
0.46819843714869591
0.49088326152548251
0.4864042403923296
0.50055231803421762
0.51383741062064792
0.52371330805640137
0.50230653859791197
0.50177533466928981
0.3227846303483794
0.31916504835340703
0.53569991507680581
0.52379861658244631
0.50504058521603101
0.49940537870721918
0.44981577822676078
0.50166218076196367
0.48443413409278641
0.47288550016254188
0.50044533886338727
0.48614114189434127
0.49476688094800314
0.47546066845460433
0.51198870207604963
0.5501467113924694
0.49461554679170028
0.47323405568178306
0.50376764045920541
0.016276421503952421
3.5346713862246764e-10
2.9159513329700681e-10
2.8933091240825673e-09
0.34735400116674059
0.44657801339115588
0.47631252839864952
0.50428390327559147
0.51103058134148338
0.54503268296591467
0.44210692550055358
0.45298157577069675
0.50855967803270763
0.36730525776856388
0.33877655698485226
0.52360704278225456
0.51412455175221672
0.51226935703041221
0.44228373200996413
0.43908104668144171
0.48427257693095099
0.47764040885329878
0.52200855118449729
0.51189659967676882
0.46879537013624334
0.48282200931234964
0.55923088683213018
0.46904034821090673
0.49473092978471145
0.49591403451410021
0.54048607038421292
0.48624257780075536
0.54575905806037717
0.53579111727739115
0.51057669058666566
0.48598013333284018
0.53001234586596546
0.4955593547481742
0.51680394602828228
0.4724532149226936
0.53713541508760088
0.50426682682084878
0.44633840496806171
0.46285784753308862
0.51555600261064027
0.39951356858678094
0.36867300149162102
0.51054992274792754
0.51177092451145723
0.50370096673609055
0.52536292074458657
0.50657066107618587
0.51628185140057048
0.49692110609773299
0.46498736973575228
0.4813706234773496
0.4976198433143339
0.52505917065270802
0.51599648701690715
0.50794057466394005
0.52876638285451383
0.50838689959182881
0.51693024555072808
0.45695304116515739
0.50744956497638338
0.47532335364884304
0.49427911601035807
0.49798728654378516
0.44876789305175308
0.49812828776094842
0.55536111912633856
0.49789238646563294
0.49406710991044989
0.48127740103138483
0.51107003521682881
0.49266915743352796
0.46118405092731563
0.34399265953063968
0.34058806880762454
0.51350799001199587
0.50937174535118435
0.515662606182266
0.48754070139908878
0.45207490692285285
0.47191438666022206
0.5001992126390068
0.52945041905428047
0.47015340692279389
0.48958809415891991
0.46854150627407015
0.53998697489835079
0.52245754443919246
0.50267907094976383
0.50088228677279589
0.50259988521776644
0.48423659773945371
0.46598089659068992
0.5090162470025007
0.48047435695899521
0.4758599952893891
0.50643065304294155
0.50749085388015924
0.52044862033977901
0.47890759121835397
0.45579025912994864
0.46562192854641898
0.49138237851336203
0.4938701757418843
0.53150598072787603
0.34881700124728554
0.30514546970175699
0.58442944479339198
0.46968209053696253
0.52331861508315691
0.48627309558739112
0.53991965358277838
0.50247770225266775
0.53686005731280595
0.50564807155498692
0.50303446722133005
0.50813271810595595
0.4978775840863669
0.51469239335326067
0.46523674166998474
0.53526237738088567
0.50601545617535182
0.52229653348265803
0.49020985608871853
0.51328048912495094
0.4953758359540878
0.4573327545421258
0.50548923721587469
0.50546118316248934
0.53412371093041611
0.52029850080166007
0.46604200460144946
0.51457931949114666
0.51070936546178791
0.51202118315960565
0.5028601890243215
0.50101604454904169
0.36633351233134487
0.35692336258533347
0.48416930972084976
0.48635773996894005
0.5008559307410444
0.48146277907477264
0.4941296778672874
0.49899209808062212
0.48910384036713528
0.44426972379574015
0.48422198814709172
0.49121156776962982
0.51910782040841841
0.47041082274102219
0.53581799584177492
0.50981620672230243
0.47135496353917261
0.51721604309248193
0.4937302512458952
0.46979439427408703
0.50664223509637951
0.52609283134577278
0.44103969959808476
0.50012511689231731
0.49548357237333934
0.4856829322191768
0.50889001076950502
0.46670281337482339
0.51341412793847596
0.4895718018737838
0.50503581755757132
0.49968444022194691
0.32861455332491502
0.36425130668987143
0.45563954198751527
0.45678100038272929
0.53184275960316585
0.53596642453775456
0.51513771063275859
0.48910828273233753
0.54355594303510735
0.5149582597654272
0.51049184533478242
0.56059863549221034
0.51658799613552964
0.48686066364547281
0.52968813237349466
0.4918235970705595
0.44465942150913301
0.45915412228427382
0.49767679187881919
0.53655068198847933
0.56644776161008126
0.50259065741948317
0.52614481700953919
0.5274910745110869
0.52204079757489541
0.50442962722300067
0.49761730242775665
0.43540004498345608
0.48008245907995689
0.47188571261209716
0.50888918404344308
0.49829054826835589
0.34431776446188367
0.33580433801100601
0.47739131512863092
0.50372090847203355
0.45359607358813919
0.48125422285465441
0.45606947079165183
0.44027916194847821
0.50139837201203363
0.47522915204089877
0.52584821807292159
0.50820618152271979
0.47449964223431951
0.48033976638518627
0.55459069413591033
0.51042770273799287
0.48005723176790527
0.5190449968771208
0.52763461458574468
0.46311568891074434
0.46773665715151569
0.50656014466392019
0.50088374430003468
0.47851052502637281
0.50688659401142611
0.43168721995244047
0.5360356705072189
0.490969526394681
0.495260497608219
0.50003050562000861
0.52234969143667886
0.50063010933533536
0.42102464986728744
0.41403903599811243
0.48974105231723847
0.49820767981288316
0.45650749617279746
0.48709587259235171
0.48487008025839246
0.52878402645194322
0.48007151870249548
0.48777633384558489
0.5270032433925862
0.50734535243182866
0.51054623367528629
0.45702488645365985
0.48059372373652753
0.4904753405922439
0.52359214520260366
0.49337965430314212
0.53650715912677849
0.50116303452406974
0.51767938204903463
0.50377011882030376
0.46455978986513269
0.52803053835644009
0.47682708716657413
0.49730571079769703
0.4798840921127086
0.48564371537388212
0.55631540450154049
0.54279369642832298
0.52781477664765419
0.51237845686580941
0.33241642788003767
0.35141569251112037
0.50374546632859252
0.50507697255680473
0.5276891487450549
0.44782913411520781
0.47872493408653027
0.53098791760581499
0.49451774887623146
0.50322726953870034
0.48436320793304283
0.50928606644115693
0.51077438777876294
0.46848020752562031
0.47247714676034236
0.49756407875914499
0.47722654235634621
0.52176750569867314
0.50687091733712197
0.51284861682066674
0.51294122899276207
0.51022960588138455
0.53173022983654128
0.51732585050653856
0.53457937668784583
0.53040139484930171
0.46305897307480925
0.47044691617587447
0.51145740316128918
0.50317682288804988
0.50048932613167041
0.49798282173300862
0.31850244199224631
0.33896375384379229
0.56566150136004434
0.45496609784987263
0.48784869287131372
0.51855167934550095
0.50978390399828843
0.44589204279615768
0.52568235821194909
0.46938778497380096
0.52756697246506357
0.5041248501946588
0.50433931313332669
0.50308205078316282
0.49697469583347686
0.50217258372300755
0.54390020654141547
0.49221036342408953
0.45486527430184381
0.42090538075998307
0.5069442942061938
0.49558522976054981
0.50840499450379706
0.48396190271194894
0.50616128133590377
0.50379743138438637
0.53214710132498655
0.50785090022835733
0.52795697420751264
0.47522169839697437
0.55488262481753869
0.49397823770638633
0.31008891247555398
0.44270409118065907
0.53660863533638092
0.49426196544496909
0.43066690092530663
0.50560522779203532
0.51663484536831961
0.51769157057082604
0.40571459248816899
0.42216546266999194
0.49620399935459814
0.53085321259311757
0.48791505704095445
0.54971443917145446
0.48684575269020014
0.52927991045303491
0.49805960723236309
0.49742154512508363
0.49329298820476297
0.51559246686381066
0.48267097770831652
0.50824654080958553
0.45792909998699249
0.50764584380619426
0.49189568780071596
0.50174836409999246
0.54341763520045738
0.47876974996660815
0.53883854405602982
0.4830149738291396
0.50096474775139865
0.49756140245806435
0.35499457655230032
0.31572086772438396
0.48686635433665948
0.49901823413483226
0.55238004217051795
0.527348381596486
0.51944263229206233
0.48208525918546163
0.53208849615862053
0.4841108183057633
0.50037651638808356
0.48991967158310451
0.51807124799169757
0.47398448234464496
0.49454549490832983
0.54505784608878838
0.50143609564026848
0.5395241542597482
0.52074295233530588
0.46927147312266559
0.50994263177917043
0.47144945753962669
0.46535327776253238
0.55900563872288977
0.4960342680128294
0.52254728738762957
0.49963983141133944
0.50411980571094939
0.48625929213409202
0.50188768113221283
0.47185283614126855
0.50626367856046539
0.3311295595632433
0.28623452012679779
0.32447532961032971
0.36221132282962026
0.3148984797610862
0.32465571953786715
0.35605768685082156
0.3442950677119172
0.35574852264176571
0.43979388736166869
0.37575739083921395
0.36614909052033734
0.34577797729200999
0.35411605061376605
0.35724223553020429
0.34677385330150567
0.31690815450909654
0.37909378990029247
0.40476327989712901
0.3425071568352544
0.35248514363080236
0.29008025597214815
0.34740702386988814
0.36454620089603085
0.3384929999520665
0.3380331717003866
0.33085471233694319
0.34454248078351202
0.32039655342498269
0.35254825582850335
0.38151232205126495
0.34695672249381443
0.24024348266256751
0.24873166017589604
0.34657187811332191
0.3036903244065049
0.36852148491679632
0.41382764633726205
0.3791889716579861
0.35450878214459858
0.40321011797695716
0.32849472885291159
0.38121997288562159
0.30294178279841233
0.39125546470913569
0.3335442861367095
0.37383072299890668
0.329051017495613
0.3881505215902889
0.35190296448860248
0.34336809836515025
0.32547509460667373
0.33436340172102608
0.32605729100421832
0.33600318416231967
0.36139039340349666
0.32472736048856338
0.35412815415565052
0.3506971916196745
0.37795420908251431
0.35656164691900094
0.34194566150721017
0.32789983620779634
0.43680083903789002
0.19945834440134821
0.39064554766028864
0.50876301037221472
0.53438989015158689
0.49611242915003478
0.51403803810436788
0.52205252551691017
0.55365117319262058
0.46466025459221288
0.478807980846429
0.53563355283433078
0.56217857489218814
0.49983003280562099
0.46991960588848747
0.49342189236870904
0.48253600527073659
0.46566362971665753
0.51313285977212564
0.47997406037108398
0.49895237239912876
0.46121618095216449
0.44833546733734192
0.46938271742354215
0.43771136223353135
0.48273834022837497
0.5059489559390159
0.51426551870218729
0.50666960844590625
0.52984065664775515
0.45302828343808194
0.49394952013112031
0.47864599286641335
0.36206032146086842
0.30402462238322708
0.51203922113550093
0.4879215609596283
0.45210818691001825
0.54016405064764961
0.50917293685032738
0.53490697230091588
0.53022886039860073
0.52780187554071589
0.54672925707712738
0.46194623630462178
0.55636425661656952
0.4688462861369172
0.49284515439074583
0.5150910668994787
0.51999281925273277
0.47599998320777853
0.50309787378611515
0.49093026599868511
0.53352862653366573
0.49081170023870091
0.51505293050903334
0.47353230823658515
0.47548090093598422
0.45152461930589721
0.45948560680902223
0.47476759080776559
0.48788073247877106
0.51671728805601869
0.52831154035174566
0.4904878666573122
0.35580230513172945
0.31554989906004144
0.50575774069201673
0.52081019893009484
0.45729834160437965
0.50855114400245172
0.47273121345270036
0.49578791623237162
0.49787750548037718
0.5094374839439606
0.49455748203347388
0.46464221878077444
0.48180175540458514
0.51400613992209832
0.53967690773142873
0.50839528725557104
0.5001763788838216
0.51372873146712206
0.53729879271946934
0.49913966499676127
0.52393417478064908
0.46888046491245516
0.48844830674553247
0.49461611114143417
0.4910673711038348
0.51374606976695791
0.4897500978230801
0.49753409727063924
0.51161364551536248
0.47470089810759319
0.49609867792373841
0.49684152013594657
0.3323549044313282
0.34264584309255847
0.49114863916906421
0.52125466845212731
0.51749863177307698
0.49091286788864269
0.46387974646042529
0.49159215746306939
0.48780058289310207
0.48678333245720418
0.50614128321878293
0.41466287653873668
0.49992768429109996
0.4957715183619627
0.49011420633797903
0.49566880972652694
0.49027311212072722
0.5053086703422649
0.49349525649227749
0.44164344840671987
0.51247723540074863
0.47782026161976854
0.49406742120426833
0.48885098158659884
0.50046399178523227
0.48519768483885317
0.50677523113847567
0.55943559153368627
0.5275048274871591
0.50315192973379042
0.554383573769056
0.51926482517610228
0.46946293030623587
0.32321995019728011
0.48729009967814169
0.48797913985303171
0.53471795989629756
0.53030413346477789
0.53761017044060377
0.49877596409475661
0.50538772748234284
0.49148369735662228
0.51973479242689391
0.47982925002130106
0.54423524293035563
0.49045545961899528
0.45315639301493138
0.4982289933189602
0.53769821871855794
0.53563674755925539
0.50035548445195954
0.52001613597197183
0.48127274021876582
0.52184036521772925
0.47691558141795604
0.4877994683127434
0.51700866553718694
0.46089923666540467
0.5073702430783118
0.50321811442278963
0.47710523338234956
0.46975692092810362
0.44779435404898105
0.51530242845270213
0.31879977175917196
0.38630944650272564
0.48734969687804131
0.50135681482638117
0.51696259577703041
0.50406450504836287
0.45599656770686148
0.52933350681014724
0.5044132015150371
0.47850972895662447
0.50290262163360422
0.54321555371585983
0.51764661677192347
0.51372199125926132
0.49192589267334097
0.49724017179285102
0.46743583955477075
0.53716415053209665
0.53204287253438098
0.52291713864130118
0.48256898761978495
0.51303860975572591
0.46939399574647389
0.49922950081469014
0.49177219657145432
0.51104091791682149
0.52570527501799291
0.50415910610918768
0.52284666723653894
0.48632472287850192
0.49179329880284223
0.50662047798986121
0.35377950952664922
0.32108866848845752
0.5146001829250284
0.49887662795541887
0.45641356958154949
0.47518271086233632
0.50201908049256472
0.52180429674795925
0.5018180428873058
0.52409322054206831
0.49163409999136948
0.42670112729994408
0.51620328533729909
0.53728949202239717
0.48429684046168148
0.50941534377608899
0.48964439274737165
0.4977400613033372
0.51885712141893459
0.50285569457311996
0.51706949956873571
0.46145297728866008
0.55555705446637882
0.51042609930138683
0.5012973235306567
0.4816377703406024
0.46986186428091758
0.46541044691168121
0.53214928018227159
0.52559157944074519
0.53157296772890217
0.51227433612127948
0.29712207995006895
0.31586574080704721
0.52904294177433564
0.49863079814924338
0.51288074088628277
0.5002199872076607
0.48669794770785574
0.50979925240179247
0.51476786914808359
0.49122364303086941
0.5145460449274416
0.48397800426926818
0.49863959251458123
0.50626596566950144
0.55238701748183494
0.44577135821256986
0.46550889567034626
0.5101875713598828
0.52308074463793153
0.47979505839572301
0.48172513313511345
0.50708119042080435
0.51289827670985322
0.51767679187822158
0.48155157679984589
0.48427963507118005
0.53290450228490971
0.52381384673198994
0.46856899276656022
0.51128745167340484
0.47065983572178394
0.48369709915703607
0.35124575343137771
0.33885812757929235
0.44856407064408876
0.50300306570455111
0.51902958803571775
0.52057067707206794
0.51249014015889072
0.50799504616047575
0.50037852068538435
0.51670788871963047
0.55613157453075945
0.53975340228229474
0.5344053314289533
0.51292382793678781
0.46842086030561292
0.51921568780169192
0.46051777748802197
0.54035168642371278
0.50476257818629677
0.49829432178053606
0.48048964989430099
0.49527233551009997
0.50769149452479478
0.45081465525349235
0.51455544871308601
0.46547625867430681
0.49047027905872759
0.47168169367624541
0.54212621288637786
0.50731769671941096
0.5263305376644225
0.515439776634247
0.36912078218406447
0.33703990909423248
0.51704789214571267
0.48939578252949489
0.53230704928726713
0.47664922496924189
0.47538870010680251
0.44346307513880961
0.46238296347766039
0.53049485935896246
0.49433604731632264
0.48375411465529128
0.49297895962485572
0.52942483914375038
0.49527017490856434
0.44240751308422877
0.50427793376633601
0.50804921975194639
0.51123706248639
0.4833146565294148
0.49006128086689077
0.52593277172134101
0.50979639667663423
0.47670469758150913
0.51975191241321683
0.50401495558317155
0.5199648878819878
0.48792246938623618
0.46515002921277615
0.52101163399885042
0.44796164183313747
0.50802496910875916
0.36729357593876311
0.36873808412013964
0.51589666337407225
0.52273805604391621
0.46194924170094698
0.52484176988882225
0.48870890621417068
0.47174035252805574
0.48432844498879912
0.45984166535132276
0.5164416516093594
0.4934063947020767
0.48336488934119015
0.54605969901458684
0.51138170081622203
0.48004424865907785
0.46658930167178853
0.4972620795327673
0.46760251204374181
0.47414780099113968
0.48727142063279077
0.48702233649942267
0.49606804666177462
0.51539571794746031
0.4862130260367053
0.49919438898042451
0.46734982427284821
0.50398350091312005
0.54373844115439285
0.47523968502216446
0.43185437897464346
0.52556657739956381
0.36944072021130864
0.30040366979298022
0.48598679019057589
0.45938399088669624
0.49708286348406572
0.5206033070231173
0.46059032009119355
0.50594307435698882
0.48151572813267313
0.53452621386627919
0.41978633124832826
0.5259886807863805
0.47405852951361011
0.53447287887625528
0.47026913929153086
0.4605009042808762
0.47126911934004079
0.51876978204020385
0.50415779295521201
6.9802934934371595e-06
2.8512454080475172e-10
3.12941566778692e-10
2.9654210238178891e-10
0.00030440733416169005
0.51325076812276915
0.47421887973969334
0.48362057406428882
0.47190594892980714
0.48913840859331847
0.51542217308794358
0.46840725633344316
0.50200588804540269
0.37552049525906667
0.32109460555208347
0.45086512536147505
0.50622746813645358
0.51008613996321805
0.51334019127495911
0.52264342368957017
0.49448045538338914
0.49190862285079373
0.5133038985709294
0.45469609780525383
0.51028899808325245
0.54130357336196011
0.47745574776883015
0.52939827964482877
0.51074162384803579
0.51233605303551977
0.47094022695194909
4.1698829619928174e-10
2.9736170080858153e-10
3.0970570303161243e-10
2.8932013452265456e-10
3.0478071474238068e-10
2.9688621408592395e-10
1.4404935967042919e-06
0.4888625652371435
0.47502728608299899
0.48257874428225511
0.52368867495463001
0.53420441184879763
0.47371335115225749
0.49587973431826265
0.44113766284074896
0.30704536879398547
0.51810363010048988
0.50701338031819565
0.46248934013206139
0.48839337083294637
0.51082039864867856
0.45806348256772628
0.4669060111071725
0.49740119889168477
0.51216419477545172
0.49185391785658861
0.45690310323492445
0.53304291420486605
0.49822192711540492
0.50721440405747753
0.42687782113968453
0.3309984833424216
2.710845693059038e-10
3.0831985877013279e-10
2.8533655816332553e-10
2.8749352000660346e-10
2.627868230612896e-10
2.9322573133779035e-10
2.6535445512296889e-10
0.4675332699393458
0.46829725803457273
0.49122170053943287
0.49168671949136622
0.50054730801650282
0.53939478661499596
0.46360410454204015
0.43558897982569472
0.31658623897421323
0.53186367150588698
0.54445706222424139
0.49189281879566626
0.47212631449473391
0.52323876923546686
0.51012351639762377
0.47816491636081349
0.52162829865441473
0.48670576602643839
0.52243713595188623
0.49567898364576429
0.52951642461638448
0.49899918289283202
0.49226071365157931
0.45816460790459801
2.0972186357272159e-06
2.9963159238653371e-10
2.8225323753004096e-10
2.9648486022762577e-10
2.9760717270964979e-10
2.5361270566409381e-10
2.9470326387147557e-10
2.8298286059398202e-10
0.15059337680992441
0.4850225760108629
0.51484695371456546
0.48394451559893381
0.54183365562312658
0.52300574594063598
0.48593672065643373
0.37251230543238234
0.32592367527606958
0.5419357335962397
0.52233493307055523
0.46632103750772458
0.49043002099880106
0.49389980426526059
0.51953709691813366
0.49022815084473714
0.46713379201713351
0.4624688151013096
0.48341340664281296
0.50283341631254708
0.4681719003159085
0.5006885414169765
0.46919294903229741
0.55485873020110577
3.9877630191143079e-06
2.9012588479524755e-10
2.9765272905193605e-10
3.0353930302632656e-10
3.1033598053411819e-10
2.779974690977355e-10
2.9193188447121633e-10
2.9447146199493543e-10
0.19889964611614766
0.53585562223176653
0.51246049624687107
0.46928719367053445
0.46841671573876109
0.48539789707485176
0.47982980031544614
0.35519191479234691
0.37459028290702046
0.47801864629402407
0.45804963794517423
0.4841699851920484
0.45431615285991878
0.49229658644596669
0.49712295587929312
0.49252309915766879
0.55084151778006674
0.46137475607826389
0.43072952184414992
0.48124748584482507
0.46233893311010738
0.49699518948861954
0.49309132777663595
0.47911580948897597
0.39399204168040702
2.8125396595328163e-10
2.6193190639099545e-10
3.0256812619771378e-10
2.9944368784084395e-10
2.8430439060040373e-10
2.8020468873525483e-10
3.2232918423493362e-10
0.51810728384556537
0.47641000649271015
0.46554796432500145
0.46095401317226886
0.50218857581732446
0.52778957480261868
0.49703521400473161
0.33977763635731595
0.36384581641689184
0.49721206264891271
0.45636262113485132
0.48482749813489195
0.46763711565216171
0.51033656254448367
0.54320427714127872
0.54363923121497071
0.51557979573209534
0.51234547718649648
0.5021192860123167
0.46742894139119157
0.50690117191878659
0.52896488878319159
0.5201602208181294
0.48399100131636796
0.49498473293386797
1.7615323557957106e-09
2.9213486484765656e-10
3.1676285532440845e-10
2.8012777894206027e-10
2.7464307500023538e-10
2.7431602091310203e-10
0.00019941790018241666
0.47450923364168546
0.4852668696571204
0.4735618302726155
0.48871658305389387
0.58035207666138156
0.53494916789227243
0.53754312686509287
0.43301271782301737
0.36390361046410291
0.50074071397710862
0.50463639412162986
0.49464598822424488
0.53080435964694939
0.5020154278662422
0.50921016728579604
0.49585449560361627
0.54044100420460017
0.51696995397347412
0.47774566052448225
0.48471921075538543
0.48403025852103415
0.51246402348484443
0.52548172311017294
0.4716678336647393
0.48712224509934599
0.50469174971293174
0.0002948776765455175
2.9783587269649944e-10
2.7580512330989568e-10
2.967260204204322e-10
0.21363209987851395
0.4802861761802748
0.50880039085368056
0.49494199181274412
0.52006352211022688
0.4761146388448364
0.50140781838111048
0.5017042583408291
0.51770083152321145
0.32204839526419071
0.40207789587158249
0.4828482698895965
0.51541830271169164
0.49505000433571406
0.48452390633214215
0.5423645720689757
0.52165756627720561
0.53574882604040852
0.50339025587962216
0.51477533206491655
0.48538049396073063
0.48726831408027449
0.49447874074123327
0.50970696224027701
0.51150387009722531
0.51233679236488772
0.4681266901526055
0.51754153758389787
0.4859233787138616
0.49032654192623459
0.47179112266677892
0.49007741080080741
0.48221247055352634
0.47812398163009795
0.52429400669549986
0.47723069617826791
0.48442169613450276
0.51131624000701803
0.48999983854840895
0.5465197644845583
0.47968068980613976
0.31970931755358095
0.33237433349540391
0.52650910992514499
0.43464081162931573
0.53560782096669357
0.54074727509037024
0.50273173331196297
0.46119105289641521
0.48598915741760246
0.48524964912430546
0.5091158744666906
0.51589122066526572
0.49760514799770522
0.5004491985230104
0.52475077088462774
0.4917476989085513
0.48473757518296889
0.50038181648761615
0.52413315802961402
0.49686090609569977
0.53010801612374525
0.50861008364951943
0.48602506158668396
0.53472892380408454
0.53070399339706098
0.53060485752336739
0.51459229177048249
0.52524443909180019
0.43994819459298251
0.54109391504801518
0.50858354465405509
0.49182800170489666
0.3694773231823783
0.36290874363021192
0.49666908569108237
0.51812276514074806
0.50964317629180267
0.558015675400796
0.49159906356818189
0.47958902476638665
0.49156995136783266
0.47467585802102885
0.49113965802737009
0.53794569654119029
0.5134223050533181
0.53899318902210192
0.47719792570723241
0.48244687186574603
0.52294143947883487
0.5058604904084234
0.45613053639632961
0.49046758308526034
0.50538036015309629
0.49396057258604237
0.46289624314079308
0.50506806348767619
0.52978787549930939
0.51284647580981324
0.49160500902436671
0.49507648162989676
0.48467043909051644
0.53043535968988509
0.47613363452835777
0.5084143190948317
0.32572700148026201
0.37122772175129837
0.50981641087224205
0.44804771301525509
0.51428995033627234
0.48719469967579376
0.46080957528917549
0.47721994092616443
0.48856131252229795
0.50950883228804178
0.48323861069635671
0.49134493834692283
0.47458670512114781
0.48103097505658177
0.49672613060920284
0.54348800829036015
0.46291531628944382
0.4728919984897999
0.45195716712697864
0.49242765983270603
0.49687147543363908
0.502882643043012
0.5263193949790741
0.47084143136043594
0.54062743933663171
0.47317737428416468
0.51292627723675233
0.51798415509628026
0.49762344984423845
0.49302192846323101
0.5249440605198723
0.46625042825748747
0.37606511088035871
0.33940260954573032
0.55397218056058839
0.51090248023557616
0.47137394070941141
0.52061162663671334
0.52011038307015733
0.44301498010095297
0.52361160299273524
0.50172284726369876
0.49272463545285444
0.45700150884518659
0.50974683176977609
0.51266914849357248
0.48987246910208887
0.48273736586864113
0.52073393743273999
0.486244686349941
0.51226756618974711
0.54013906329122863
0.50613346840503903
0.51185524537005822
0.51464025252844503
0.51785431070997678
0.49204980751943667
0.46808719098734164
0.49854812769182749
0.52684873735739657
0.49532034091460531
0.51398059577601551
0.52032045386917647
0.46680447104523626
0.31075139166762511
0.26848068295558492
0.46807383287539667
0.46902777230343978
0.50139595952107108
0.45770937278309204
0.49519304611414233
0.47998862574577089
0.48089246330452823
0.50198300416481345
0.48059369284057418
0.48044377004456956
0.48721561403582547
0.46182075794920319
0.48087785376742975
0.44389263449605265
0.48690155617743952
0.50239682494354099
0.5398925622698304
0.49203619944388455
0.51895575073713085
0.52091516648585123
0.50609935284505669
0.51257658572226372
0.49551816829894063
0.51579723366905594
0.46031983883130362
0.56208511994594179
0.53425407806772551
0.55083561698774508
0.50860974087646904
0.53531103447054407
0.32825336191858273
0.31030582472898227
0.46352702596911705
0.51049947535125584
0.50706621793070572
0.45996869930020867
0.50497140348519676
0.48027918810228826
0.51164687543346887
0.48335297786675241
0.51106946185867819
0.50674830450310382
0.51166159080967633
0.53117458804191509
0.46485082286268159
0.48661328538169596
0.53148254546970353
0.48948885318407781
0.52966545211913596
0.52892659359178296
0.52359399133985696
0.48955569222952933
0.53308206637971867
0.47252644010759859
0.50854610639835629
0.47339849573514581
0.50239067774401625
0.53214912556316374
0.51123484741990755
0.57880624651822032
0.47291545713276917
0.5059587008574199
0.33347842288912438
0.33321577838640909
0.44145512484874183
0.5503876129505425
0.52330088704105249
0.50155118249336428
0.42875524399210108
0.49733445299900536
0.47918382771169959
0.52507293564452895
0.4817023279023217
0.52507426586129125
0.47295460789899929
0.51049100559175176
0.51504824490788592
0.50332935023650849
0.48180937235836968
0.43345586770096817
0.53501301300688264
0.51302099932412792
0.49135581544224677
0.52003940842946872
0.49951923949738597
0.51606104964090482
0.4906128938841835
0.50996247562528663
0.49095505581098631
0.50370086182301022
0.52061765639540469
0.49032888993241097
0.52351462086233069
0.53237134060811753
0.38878867428393737
0.35818291278883546
0.44305766885961656
0.48853061165653727
0.51735586126235567
0.52838421992883045
0.50568888336199302
0.52312182044497235
0.52280899029284955
0.51385630292153528
0.50135889277319023
0.49966117341908417
0.53367979390213849
0.53187198110022937
0.46964285355802493
0.54582286065690522
0.5401730949547412
0.50636221437842344
0.52030500853284023
0.50270486047343299
0.49850148485092394
0.51661549244626914
0.53036258702628969
0.51542274763963758
0.51813362836942156
0.52295105616885529
0.46845025299449444
0.48479070527814888
0.50417866512125187
0.4394252073485333
0.46232092880336673
0.5315045921417888
0.3209627734090259
0.30694855206444371
0.52859781487910462
0.50315839911319871
0.54219582377748798
0.46669512747976682
0.44989555710995355
0.50680672939035887
0.49881237249304278
0.50595574692707523
0.49714266839393734
0.51931883588772398
0.51565811481352142
0.49570651413149286
0.52751969349786421
0.48617334693767866
0.49239154109414668
0.52182038918935481
0.46272071204461679
0.48475857711713927
0.47746602742132882
0.47830184659325276
0.4784531499919511
0.52981292951762415
0.49022342250924711
0.53059241735459095
0.46726939557854513
0.49017764244784057
0.51709905185105898
0.5032349494390651
0.47912946120951005
0.49398791800732728
0.33083256609977557
0.35125514807601188
0.48582742476902702
0.51445806896478674
0.5057988697129725
0.48747925003113279
0.50667374852296077
0.48653061367689038
0.40662013050333984
0.5141624473217794
0.49182808300798392
0.51324904205962019
0.4942090426903214
0.46155721278680129
0.46537568408445174
0.539556893997022
0.53599109731340422
0.49230468273875427
0.49117529330572784
0.51404433168048591
0.48951581687425505
0.48190322132952279
0.48636747799267732
0.49724770656329165
0.45247899005066639
0.51675133458188893
0.49696899851336113
0.47504901074216199
0.47420165252157964
0.54734787269182095
0.48356887964624162
0.46832671179602997
0.38487478977522133
0.30868380118617672
0.34180924921583616
0.35542869277181938
0.36266513271433548
0.33735130572165956
0.33581678683856386
0.36550952641855411
0.35152046687513017
0.33119656205222492
0.39555574545765626
0.32707205769904535
0.31731742119814682
0.35400004513346645
0.39756451271337689
0.33684384058442801
0.36688308490779392
0.35491856672004202
0.32043435089837008
0.36654973242906447
0.39988426672406058
0.31957387914407503
0.30342571589840556
0.36351556487658149
0.32116193089906503
0.38918413331719226
0.31814884233405316
0.31893462661046162
0.3033969954871048
0.3552588047635592
0.34920437090447642
0.28876338588041967
0.23200732254989476
0.27473971634344285
0.38949759542539936
0.35864545472261977
0.31377445540265014
0.32225149881168147
0.38358486049152324
0.33689890666556771
0.38668566562698109
0.36902130667081645
0.32803761679443932
0.29223092949289697
0.36578727909711961
0.3819596658597324
0.34960544838164354
0.33184057504082759
0.36755413289679695
0.3272781036664365
0.38518076196347584
0.35076778724839269
0.34253795956604621
0.30464698492208375
0.32140478627888946
0.33466734416311117
0.33295946179428548
0.34025687519939751
0.34317288863182582
0.35398949969587817
0.37866790387135496
0.31305925845968197
0.35999137333098652
0.3992993432473006
0.27723632075044646
0.45550891867739673
0.50490788812925447
0.53118489553412829
0.49921866192599018
0.47055541987811345
0.51694236429369278
0.56923566309651163
0.44364693856687598
0.45494576550806465
0.49529945637927125
0.51937566997065665
0.45175563320994133
0.47186474340578544
0.51628372321821525
0.49312123147813541
0.5096128723456177
0.48295747564620789
0.51352949966551775
0.48984455867644827
0.51035454445178863
0.46155924804582948
0.51345303588930835
0.4781334619675327
0.5172377956560652
0.49372992934148308
0.50158076660058282
0.46986084031859493
0.46870959952198937
0.4971997895997311
0.50636626583777644
0.496507404450726
0.36785876183600813
0.370680292817686
0.47398992065765472
0.49607149807967355
0.48944128642003987
0.4929194442918895
0.53630242920763627
0.50214233826453425
0.46898207845110679
0.53752436032154938
0.51894023907841436
0.45163402947942971
0.52979405429172788
0.51061605944790334
0.49905311602149605
0.51199485362740227
0.52921190105743654
0.51810373179565383
0.50369740689707299
0.51221664659489829
0.48983199984681364
0.54775932965719398
0.48068206135664299
0.49193053632059675
0.49604233790723717
0.46173932331992684
0.49414878194565276
0.47961916618819095
0.49649340103278033
0.51514153072954927
0.51954318532244992
0.52497374728872026
0.32254593087520378
0.29944185406669716
0.46767637379489552
0.47659198834759448
0.50123867969219682
0.49949875644780567
0.49578359541816636
0.50690299474937894
0.51168136169628864
0.50695589518024375
0.47127717156348303
0.50839818783839241
0.51340437964899677
0.50033892712367911
0.51711911711644309
0.50188172565546474
0.48710230962546286
0.50007361778148829
0.48924556785263618
0.49323285913549603
0.49192177140961868
0.53802902558074039
0.49836172936219791
0.44978150111161425
0.48297298522435789
0.47426591589101036
0.51022908405774869
0.51397974569591909
0.48567583004862064
0.55579439255001639
0.48164663917772765
0.5002449913607605
0.32496219346749539
0.35868101975684152
0.51333623801898542
0.54958589564969496
0.52961956729276483
0.46944116404281849
0.51345785259210375
0.49844622099194785
0.54531805293587732
0.48030489912685809
0.48016540759126342
0.47743114981531565
0.53198459598180248
0.53391516534589445
0.52450407402650079
0.49456820832812404
0.5335303564792907
0.51358343158742981
0.4721180367154722
0.46942095156832497
0.48968667469430699
0.51506381270799739
0.4965116046308547
0.49624781741386426
0.48323037145035225
0.4642809389501798
0.51109462374269521
0.49925855468124081
0.54784913303987159
0.47861145888885431
0.51223749825245257
0.49684461905604688
0.34107035345879805
0.31692404521710421
0.54135789931246037
0.51197953092546511
0.4849783808393312
0.51029719097235426
0.49477951661849073
0.52043195532793562
0.47432290504440905
0.49206231931650729
0.49240993825185858
0.52383076709163801
0.50702884972138418
0.49036057307915848
0.48677672283443929
0.5269761799782342
0.45760525343036706
0.51021091877234426
0.51260419389715428
0.53121664382449996
0.47781306338097801
0.49709381182215928
0.50762503785515389
0.45369611800295168
0.47414725945198982
0.52183279462202903
0.47223836018742216
0.53146691735723395
0.45796088163301735
0.45344334695246091
0.47656261574838216
0.51233250255394325
0.32943677880089256
0.36647587667679427
0.48585299734926379
0.50543544250058847
0.46835291775823823
0.50086068874450906
0.50451155736684605
0.49989720125560694
0.50927472625997028
0.4850931876159098
0.47620375042146312
0.47008727609835865
0.55798340910756028
0.52676980730767531
0.4990472247369131
0.51257606056549798
0.48984459711021061
0.47120510596946835
0.4740609762021375
0.53469219005564883
0.51417050842641154
0.48871920617983988
0.46663049731271683
0.48275898236908144
0.48529319627366202
0.5469046234697138
0.45969539957640049
0.49644203589746144
0.48283187994229826
0.51459500694060412
0.46200862014973748
0.51942314998887817
0.36452618269365267
0.36810447345327096
0.55140852197504364
0.46968604765036087
0.5261488429501241
0.50918950286799203
0.49844880429107452
0.51621081428930127
0.50217135138592495
0.46701848436545551
0.50417667089305762
0.53794019690463268
0.50912688207619961
0.47817785433986992
0.53130832928083116
0.48939288042534879
0.50737625157547372
0.46244827201351679
0.54174472923583439
0.48246394108981794
0.43789196832374561
0.50428020470586066
0.47289404214834047
0.51874830078652967
0.50647686165672068
0.52404993338730699
0.518639151598837
0.56228724882369463
0.49730525051906882
0.47057796600334501
0.56859165283408997
0.52435486644407503
0.34220223000920524
0.40458074223366336
0.50172370138880051
0.49926509475465702
0.46245157547500504
0.49508570089677989
0.51247960471132536
0.51633925092401256
0.48270800760620958
0.52574155767419994
0.4069498807647689
0.5163902427005358
0.53743611589621099
0.51648660327559293
0.48719098978809466
0.48882800082219596
0.49652461786438024
0.48168461626807213
0.50431860080988511
0.52981557269180779
0.48416933640637749
0.5233626792980709
0.52755139966316966
0.49325041903265382
0.4980481264288753
0.48846812331491835
0.55655908621273731
0.49158767864792247
0.4929102432414284
0.48795321355080445
0.48013521131238884
0.48715375988497495
0.35858042530829592
0.33366601953982328
0.48303520678408568
0.50048973564807298
0.4503289781762731
0.4925511143321406
0.49050469216194614
0.4909143488527562
0.46901864526846732
0.47381461412747489
0.50510678296984979
0.48696823437489622
0.5095002898039428
0.52890248172313836
0.519278747792426
0.5223135916228967
0.51130951659133783
0.50690149110143645
0.51804827383578289
0.46332798612371012
0.47183751154110631
0.43475645459588824
0.49197774815168194
0.49402900515511933
0.48322001321292385
0.50638604768420503
0.49803250073816635
0.46988363891927326
0.54487884515947693
0.46410709343293255
0.42949192004074549
0.52815335354252446
0.34697176503043115
0.34555839585190506
0.46660122335856946
0.53831127143608926
0.47534825161945921
0.45832894486622361
0.48709045509446913
0.46786867706295471
0.5214259881721961
0.52361006106421604
0.52681903190469259
0.47901626372830713
0.45740525833902462
0.45740790838138246
0.50023618425681615
0.53409880028568557
0.48849920487661225
0.48065936901447015
0.47469514802441165
0.52379082916924169
0.48646842521078443
0.49293340960689142
0.48878344749361913
0.49918537312916489
0.50538669435280414
0.48958242578120187
0.47064558790653505
0.49366386921152178
0.53003249721920231
0.53966886229693933
0.49194733525804407
0.49234348512085374
0.33974617404291607
0.33404734564654975
0.54232158431718069
0.52076954191954705
0.49610426678293523
0.51612715281936083
0.47483334335310406
0.50054242190459197
0.47531038806701148
0.50281870162746245
0.53251135147284989
0.47029408318637417
0.47831032460496747
0.54392168735983804
0.56666149017817169
0.50596877414580677
0.53164976155025956
0.47708503711246764
0.52219919926480429
0.42660568320273684
1.9740532807557154e-06
5.0955389690711756e-08
0.00010438669745974289
0.4715501578357415
0.47303324754242443
0.52348608062616275
0.53065420563543053
0.49773747044069766
0.47485396255531659
0.48593605845506932
0.52844899173476423
0.50129978605837289
0.3257214450334624
0.38924708222158605
0.46821443229571647
0.54186155320033569
0.48912302121907059
0.52091805399418534
0.46636992535934396
0.48239290463553491
0.49817035673350341
0.51117163553974754
0.4681443364532144
0.51816311327890652
0.47947770513762439
0.47265170256080025
0.49789284708755482
0.4976343184612142
0.53126495138799756
0.53179984621968945
9.0732554651139591e-08
2.8678009361314839e-10
2.9438962487714392e-10
3.0027197609401139e-10
2.8153594334558762e-10
2.9580327055502955e-10
0.005791853646491877
0.51319666239715434
0.50406654296917808
0.47308070849249062
0.50828166581742251
0.47559037823326406
0.48799666574445483
0.47319230792823652
0.35422304484306116
0.33081873446578364
0.52937001404248585
0.45540617736855221
0.5191978264173881
0.45227345925394391
0.49727309269546721
0.47877943298257558
0.48876387278760269
0.51547216220200409
0.50472364183251117
0.5046025924252121
0.50009152725051476
0.54027811942498205
0.49631331761057501
0.52975015781718515
0.48520615776432308
0.0005133224582101329
2.864726950911216e-10
2.7948580026218321e-10
2.889814180180435e-10
2.6947355525871637e-10
3.0378347578631808e-10
3.0570777870073961e-10
2.9883212947256143e-10
0.37236313263760695
0.49073297803197896
0.48128559116466074
0.484589026179299
0.50629155673574422
0.44052208002854781
0.4992145187931285
0.32489023476886075
0.3173142355485119
0.49808896669192626
0.51317888910031506
0.50819758341772459
0.48197433565661979
0.49202521030034263
0.50616796610707371
0.53417811351777544
0.48439786611999414
0.49912420031746085
0.53560057506972503
0.51294464967634668
0.45602396456479866
0.47402764312341872
0.50418421681839332
0.46095828636187958
3.1624747389396025e-10
2.7369532778311918e-10
2.924676077985782e-10
3.0067335901514282e-10
3.0696550342166092e-10
3.0007889775326912e-10
2.6613205570762705e-10
2.9500766526577255e-10
3.2004580093857837e-10
0.47784635795803487
0.53221829806759224
0.49995359638864412
0.46291588436332648
0.48703969817904308
0.49484983847966341
0.3373646336167001
0.38271840758148196
0.52883653205508485
0.49959809950283346
0.48466134691049279
0.50249607463633406
0.48639733165950449
0.48074348213380758
0.48782301743313328
0.45211532597402554
0.49142080049605313
0.47303973805465721
0.49532070625014024
0.5001756798728203
0.488997220569936
0.49237318681665537
0.47856304505190433
3.1233599093162551e-10
2.9280383602563208e-10
2.7091757093548442e-10
2.8594482504197449e-10
2.9040351204186042e-10
3.0207709409433539e-10
2.9337604507401295e-10
2.731819255913973e-10
2.9664748071262064e-10
0.56156709438458718
0.48131670862313214
0.51255659095528083
0.55011180350453215
0.5046442998864934
0.49715883473363626
0.36204990115348556
0.34603013539664551
0.50610787711351024
0.50815508408997068
0.50162807863219105
0.51912345942240568
0.50160429205487689
0.54216791810221576
0.50932025991159535
0.5224490760080418
0.45609391951441397
0.53660970912102701
0.48963093307945144
0.50596914936322146
0.53748160552243351
0.51762400499720462
0.47544507618119913
3.0232776556459864e-10
3.0048396972726437e-10
2.9247634134216376e-10
2.8589921497609979e-10
2.9895707972124896e-10
2.967781060277147e-10
2.9437152911132376e-10
2.8643703553497267e-10
3.093915379646903e-10
0.47805848898662573
0.4927188710303001
0.50640947937765746
0.46266225143517875
0.48347920616360329
0.48536675108648336
0.29433642331750676
0.36293204685718883
0.53060291928342884
0.51396521257954753
0.54328710244263467
0.49544518928701758
0.49058473941496938
0.47084091349170165
0.49302832414531084
0.47425655677760026
0.47333336981470803
0.49480814266331696
0.52825991329409006
0.51554044134975296
0.48677007009071821
0.50732078790639545
0.52448667084377487
3.083308574219733e-10
2.9090502851572274e-10
3.0533891596045443e-10
3.0419096424520216e-10
2.9122937343843458e-10
2.9696822152233347e-10
3.0067826469111837e-10
2.8841040297250741e-10
3.5670528163085303e-10
0.48771615969291038
0.50376979784290754
0.4804011595520612
0.51113918737348218
0.54792831109111084
0.46784627576615312
0.35231832938068541
0.35111147836248063
0.49555236274507369
0.49123550883960643
0.51483860501423773
0.51462517128701535
0.50745691813615745
0.51073516551922227
0.48515098444483462
0.48231018425919187
0.45064854713309899
0.46405642397191971
0.51194195162561984
0.48334213333591686
0.4638894436596363
0.50245464962429354
0.52227065259325889
0.014136521868238385
2.9516413603385356e-10
2.7172549445091921e-10
2.90617052623976e-10
2.7976026667053148e-10
2.7991865068226621e-10
2.793225659008038e-10
2.9995126336276403e-10
0.44420436410948366
0.53479601841613822
0.46812229312669751
0.52280791138992366
0.45210654974902537
0.50997269056311301
0.5064228538237826
0.34935994633799583
0.35285962198366444
0.503590963616806
0.46568348895414241
0.44854510371810347
0.4936730573461332
0.53265543655580438
0.51014897704745632
0.5579690805367199
0.51804674179008148
0.48070942497883912
0.52436353146078563
0.49476702953726315
0.50607917309116979
0.5125882243183546
0.50468061619552285
0.51954602353906765
0.53654779595916025
4.0759229512896448e-05
2.8167724401734436e-10
3.0653323800600962e-10
2.8627777812397299e-10
3.0911173651420613e-10
2.7793690030149577e-10
0.31283450712849131
0.47300317162096339
0.50614738223653588
0.49384713276260439
0.49008956725573594
0.49315231946120458
0.51711599541343978
0.44636739990245539
0.28479809461751554
0.3598366580541793
0.47040474169227536
0.48720057460776378
0.49215501851883353
0.50133652236814197
0.48651327851813958
0.50715788852394694
0.51652009652178432
0.45896388419935641
0.43791450877301719
0.48506824432575207
0.53755192554807052
0.49486215657130306
0.52928053623365523
0.50630919493851356
0.52427272652219981
0.49250084353833901
0.44843355880558816
0.51725771916174434
0.00032231791975419021
8.7626326970517987e-06
0.011230900631141134
0.52363329069806541
0.47979699498283279
0.51148880863952317
0.48781572608745488
0.49557797493133365
0.48937058698508396
0.55800444170281494
0.49030182269996753
0.45355963047935988
0.40640157667616622
0.3466871305451445
0.4737591166149982
0.50709404111537215
0.49382733465765055
0.54231555485685834
0.50782618896090537
0.49629758577469696
0.51349742208327465
0.53091496526163584
0.49909753031063886
0.49734014814731686
0.51011256810042271
0.53407280702772209
0.49301775909700074
0.51477642693090386
0.48575183979381548
0.50814984011621334
0.52370670422116283
0.48669075957141861
0.53680878582100078
0.5031093487066095
0.46228711861027799
0.44712831340988851
0.51583875513023703
0.54386921128105792
0.51691864698175038
0.50743989615815188
0.50347581875937497
0.53552334180947436
0.51925992708834301
0.51953200392782117
0.36231756917981506
0.34894035287071123
0.5015725746289954
0.51940733300299025
0.49997623667507946
0.54009795668680838
0.51029332509878955
0.49022235167558809
0.51131629541727408
0.51048922552820319
0.50550077432953699
0.55388668504770255
0.51132697793336657
0.50241033236983623
0.51955475117183059
0.4951269175886287
0.51912921963344727
0.47352298076274701
0.50821238066261232
0.48257776941554825
0.54150644907205991
0.49749176163262954
0.49908964769217662
0.46504807617730382
0.50178954566401157
0.50874745769064844
0.48627558018670158
0.55168824060338928
0.52178948845674733
0.55069154672100051
0.48592055905946729
0.51036844966612682
0.31255467088807731
0.39125093095066626
0.5136931940318874
0.46374399384920795
0.51191063063776909
0.49513191344348845
0.502307581070361
0.46558552558573907
0.52195478998222111
0.46598494483016645
0.47970591569386889
0.48602678603592847
0.5146321588981646
0.49535227973830392
0.49755264968314894
0.49538759170810021
0.49999493362182584
0.53581571029754682
0.4840275839718497
0.48895572873301441
0.49222153736860619
0.54567794075496889
0.49316016043723954
0.51451178025745492
0.51960915611628422
0.47262048615195829
0.45432871578570122
0.50142267826350917
0.46505542610260203
0.48926871235891972
0.52973974443840866
0.53001859487465108
0.34497223745987754
0.32235636288855218
0.50130240979609919
0.40051577391950399
0.50343176729197237
0.52691357379575798
0.51762717223743659
0.50338351716786234
0.5506044597730072
0.51869615325228824
0.51315793847369795
0.47385690294828586
0.5389606486246733
0.55647304704037848
0.48919215370496355
0.51454740005011324
0.50688391060678117
0.48616823694122113
0.50277707959705131
0.4826576779960503
0.47526243522077166
0.46330726567467573
0.52141295136289956
0.48377556588371301
0.48723145670539186
0.55751386801082203
0.53229518842294876
0.47662255144986526
0.54973040215291546
0.51738097187700649
0.51505265172216685
0.47920714712297574
0.38666513940040381
0.31334493514438821
0.54742941613727347
0.51932444894800878
0.47906668002340136
0.49356484777488313
0.50096357621623877
0.49717385694931382
0.53159458437738938
0.47581084527271816
0.49909507477736115
0.48881035503780401
0.4971790547401167
0.4973181014596692
0.51053679204102587
0.47821415650956556
0.46124669018695891
0.48841799904977007
0.47966215539619933
0.50878120331666099
0.51456405951941975
0.51010539195387838
0.48054012961389536
0.52191855769519757
0.48201632746168455
0.51430626387292422
0.52195323585888442
0.51490827477753587
0.61402924251674718
0.53540479936949148
0.5128016042288176
0.4871439751652154
0.33872098383360605
0.37438223749619531
0.4748535229732892
0.49074596326489101
0.4433052306020176
0.46558544926040152
0.52026195956038113
0.46113437465579138
0.53181541175941649
0.45726725452330036
0.48386067099425079
0.49712818175826279
0.54275344372513079
0.43571078125324592
0.52054830113817308
0.46932933403315008
0.45765771682998357
0.50723257934918431
0.53540171070426157
0.52595957208623667
0.54164084181295269
0.47165875977443256
0.51915495296221248
0.52318872979240549
0.46707872251887472
0.50293732998553387
0.47306052111892233
0.49201544505486833
0.50940913060727255
0.51100128273986056
0.47256197920218435
0.50141427943819528
0.35698508033243892
0.33289812268496932
0.49117239943178803
0.48344992156279004
0.46954642925183676
0.51098611388819914
0.51346058866530198
0.52393644906273262
0.486030697850033
0.52752900923876556
0.46132121281464805
0.46072627076243772
0.50932871278703951
0.52493890949283528
0.5071118348286332
0.45114387655846416
0.47924094895570918
0.47710082425395856
0.48526730716330985
0.52409615624916117
0.49476053477947574
0.49751878800986293
0.49273639912426437
0.45954413774724545
0.5523439837249593
0.51854397146523978
0.47569031105955489
0.47193379777473898
0.49491236886297207
0.48468004496352285
0.4710198967831053
0.45764591314416603
0.32652053991600788
0.31775336386156444
0.48864084506338845
0.4945852252757405
0.47869403427468243
0.5089347458144039
0.52440753003098417
0.50170407373027426
0.51957753002370144
0.47858959716021215
0.50177921117186153
0.50396665869127888
0.49284119521148956
0.53632988064033338
0.46705436453899662
0.50611661502882599
0.48964894933580916
0.50557300101204394
0.46985763370123301
0.53267790648078783
0.50703891217810793
0.49765184568559545
0.52529264919828933
0.51360625591537834
0.47966203504652444
0.49243475359724448
0.48607567297978932
0.52950652551794164
0.49374462828275112
0.47465134056152569
0.48486589642856343
0.46945263695348061
0.36109540754584041
0.3438705183280677
0.50953369888022482
0.50666914704450916
0.48846308681643602
0.45880917889507972
0.49271917690756445
0.48078019423404406
0.44972130216124095
0.4971480379567455
0.5300176473431345
0.52699204054821081
0.52907593449184209
0.51748476238238017
0.49509697231172434
0.51071427367462818
0.45618153741381268
0.47384894597108634
0.4992967464931703
0.44545929191941636
0.50036234013240533
0.48597509972779984
0.4972972982278196
0.48370423674663826
0.49046235478024797
0.53876373148677659
0.4840397110549855
0.48838377437881814
0.49570444690707033
0.52428549971404692
0.49379111637593981
0.47716792678853642
0.32347181206893516
0.37320909428501037
0.4859102810056723
0.50292294120444436
0.51629120000401962
0.53906080065559248
0.46193648914939117
0.55562823010706242
0.45456931431792413
0.48960006330248601
0.49294383899706251
0.49967179666847
0.49335787455710689
0.49804385890968611
0.52225720760342453
0.44523201926023948
0.46885719771970313
0.50005196538382501
0.50902242080644222
0.49770827342228435
0.55791884871540098
0.47517005420813796
0.48892744573162733
0.51459338076137051
0.51403742868864855
0.49530512615266992
0.49939753014053456
0.50355559274864137
0.53608875054902494
0.54550220391472759
0.49232789957521617
0.47873539388649278
0.32337872810694729
0.24033132458940359
0.30308979578330247
0.37570133401768535
0.347088946336158
0.34153559675976297
0.31408639260395427
0.34253180674202649
0.36110683011838102
0.38234664123017642
0.31742976757673635
0.35881607525917675
0.40285924480505209
0.34860648689326468
0.3425150523388299
0.41898528879877661
0.46976474740560126
0.33892274981359821
0.36119446973438613
0.33808523972859394
0.32504013811251897
0.31466672442431304
0.31697256463463136
0.33736503462816975
0.39766519480265317
0.37039182146428423
0.31035526019203374
0.42159250540541016
0.35607922311890849
0.38461714110698264
0.3361112829430708
0.33372915971363964
0.39083213646595688
0.2765167459798803
0.33171824714220577
0.37912345254696039
0.39638559397283341
0.3731140209548745
0.33404815778040858
0.38308149609717007
0.33787121915693558
0.33186229905867792
0.30650279693495341
0.40207275569842915
0.31039118557222756
0.33518020151629269
0.32587739412127226
0.38469751237938404
0.384526152559996
0.37022186505792837
0.32700565957695554
0.41390137878610672
0.37860567254571548
0.33890509260879131
0.35820342302435088
0.34871862388632918
0.29790837156166289
0.33566965064626919
0.37421635274164616
0.37733852204558471
0.33793758606217111
0.44114130928314815
0.33819477968045575
0.32730656033090644
0.22116579357222857
0.34369751740964993
0.48751044836410473
0.46383167044733553
0.45786847507738621
0.50202084579777317
0.5081209310202186
0.50798915401363931
0.49192319785323146
0.49362766845162859
0.49746000289059289
0.52981247592842162
0.51971181951271994
0.51511329968494624
0.53296643116691444
0.52221320157800144
0.50850722946751015
0.52549374789736469
0.49762414457930887
0.51371513362460597
0.40497137833074698
0.47164118463155447
0.47880220452355521
0.49887523492151137
0.50056334767451738
0.51302875371174883
0.4552494002189244
0.45975585411679104
0.48820429374763724
0.51501112591783438
0.50014672811622385
0.44763273517568197
0.32100867704329827
0.32512776059514303
0.47929015429080685
0.51867129125683298
0.4561576756218102
0.51826371389947323
0.52629925856259385
0.49005577927991106
0.43545249730209662
0.48291179390106903
0.48397912715849767
0.48393052430293654
0.48177331654523886
0.53707416285939824
0.48997855560806186
0.44016463880985363
0.50286358820541199
0.47750305702570173
0.49573867250872233
0.50901237241795438
0.50507858581542997
0.49726565329078076
0.52417117509568756
0.47785000404165212
0.47833833691003985
0.49608493702459494
0.48546646473135141
0.4992878001228368
0.50999212740664368
0.46844079523490134
0.50833466957133699
0.58306921768745079
0.41731032136936158
0.32856496146295044
0.52844610732695252
0.51803543450969036
0.47343802960928355
0.4792345116647031
0.49713224493886932
0.43927999522240185
0.47862248040718725
0.42958530096187003
0.54115593312641475
0.51664355567313869
0.51766224968174646
0.48935657984360431
0.46006896712423501
0.48775074904754745
0.52700143758650597
0.49983256434398021
0.53313073976393632
0.52337063817709883
0.52772245422240893
0.53513843746583289
0.49961247988375751
0.49843245742470588
0.48822469778732375
0.49854763229629784
0.49955421719689297
0.51194411486470892
0.492783922898065
0.49371655038443235
0.49343064403994658
0.53379730086282462
0.32568387970355339
0.37591212452921186
0.50203691740646839
0.4777132047517379
0.48498174846275632
0.50463599174545415
0.49824822129117352
0.51230798517282572
0.53054840070623011
0.49452425474733669
0.4931235852806059
0.51883027404127458
0.50286579537824994
0.50282005951926445
0.49932688997514163
0.51853479422581328
0.49350039536491752
0.49342678211144964
0.4880413584564306
0.50110457290552879
0.47115255594819572
0.51617170212046481
0.50698296251325914
0.51037673790228966
0.51083771530378885
0.49455355783288579
0.49640913044091023
0.55154996939964518
0.49706595798902825
0.54032034458720646
0.4731901143100003
0.52203629239702931
0.39834041498303829
0.36279924115236861
0.50609866544866577
0.50493033789390929
0.54382587575237729
0.50980218150714018
0.4831261328984941
0.5104739087526099
0.47640445852712399
0.50050398541239427
0.49439901445655687
0.5231013118255593
0.49163855618735425
0.5016953981857688
0.47369746021095455
0.46224126050560788
0.51910808122530228
0.52004898541463374
0.4948283546613706
0.45338594178735153
0.46124127948721588
0.51421905302387916
0.45923746210687466
0.48131214361723562
0.54688335096911966
0.50057830084926658
0.50143818336235246
0.49932446075969233
0.5023518402789372
0.50627107699052287
0.53073666882317738
0.57889532602397409
0.32523027994748349
0.32995588047215091
0.45807770119711777
0.50465190734734866
0.53569744355051174
0.48130371283838091
0.46871480115039632
0.4841074629755443
0.49989418341232339
0.51867801546898185
0.56142475858167085
0.49625100068883315
0.51448367257543604
0.53778170172643724
0.48371590499716066
0.49251968929980994
0.44820352975805688
0.52408216648125527
0.50948497459153275
0.51014957407066086
0.45244646119110032
0.54149047955259899
0.48383899528892915
0.47994342502482445
0.48036029938648844
0.48367261089084318
0.46553591944952016
0.50799216602003516
0.5057021113803899
0.49643519480707543
0.53928352363117682
0.51960702984161244
0.34337366121848756
0.37981837690470205
0.48943712506747195
0.47338591448883688
0.50296746320565422
0.48245652697995645
0.49443760476115872
0.49007014779177788
0.48361432197234533
0.49994084475324235
0.4728516813738981
0.47080205499551009
0.46855842418571153
0.47938155997938414
0.49075091475841948
0.4760135678904211
0.5305842865682493
0.4989785742681721
0.49821033244051738
0.50774367645100771
0.56161111975773548
0.47887736447576446
0.4718441090497848
0.44339301665082165
0.49047770717155392
0.50441451663344006
0.5041379565583809
0.49004896015564703
0.52966254250840161
0.51741651827482893
0.50433363396086273
0.49441617965581147
0.38099176033380178
0.37140902227643818
0.57417946991781232
0.51694920696053615
0.48423759305458397
0.49749083852752179
0.49932612481318123
0.51654525121740336
0.5013475088287922
0.48984077352456495
0.48440095380352188
0.5077422938554772
0.5206534628199776
0.49297872488247646
0.51123899349093438
0.48654740988006762
0.49024489668799581
0.48154679809216133
0.47188274101640898
0.51844993807568651
0.44713445717331057
0.55532325865753362
0.48544966624466518
0.47275342710705864
0.5063578549824812
0.52798863042956912
0.504674359136836
0.48454256090232778
0.48798997400280431
0.53523137854983116
0.43834088198569077
0.48528978319157928
0.32636079312802158
0.30567627135183945
0.53882839624183398
0.46756356757816364
0.51472891695199874
0.50378622883218704
0.46758459516036815
0.45505754486003691
0.53169943220370031
0.56785753621326207
0.490063772656258
0.49916566960644559
0.49619485506070449
0.51968766873419725
0.51061779126977369
0.50534114980938938
0.50316783598641934
0.47854200585519296
0.46166987864950643
0.4801036540896611
0.53829991243858233
0.45763834860425362
0.54471052199777248
0.57150690011165428
0.48133222729942982
0.51281089146749814
0.4582866936682225
0.46887176561470889
0.544904080725924
0.49703779617170946
0.43936777959833784
0.47499105548864839
0.30878069540776537
0.42447264823359965
0.50791627430483588
0.51758558695448931
0.42112370426298357
0.47288860394675902
0.50087736459346655
0.48504925111765756
0.52942910380095409
0.4840277784960304
0.5372986469801545
0.50025343730956018
0.53066130064052897
0.52479956344523859
0.49561738145130541
0.49932365704121406
0.50485300398883992
0.53055040127848252
0.52970390296705783
0.52976620155320042
0.51363023449470835
0.44701407884785643
0.50427883706336296
0.49180292787126084
0.48144853395900372
0.43558878769421966
0.47176583097963465
0.53348409447619205
0.51779318753992853
0.49568088363555179
0.52242562767463219
0.52113419878908662
0.34301988611376805
0.43916514577380467
0.48972723302816118
0.49680925665024089
0.4916940566706226
0.47174325028643355
0.50361207565952704
0.49751483469418434
0.49423801118854438
0.48709844662875468
0.48959740929508483
0.50120714213910678
0.55938989668812489
0.52323773885965008
0.47300018164031699
0.52899915537120967
0.53833171998224483
0.46953607665614916
0.53346282701062608
4.3305594117040944e-06
3.0544326957287383e-10
2.8248215101072496e-10
3.0845564065297612e-10
0.00041666822085555447
0.44832321450868307
0.49266934514904831
0.48657551635661439
0.48858004251555076
0.50518536491337596
0.48160750467578084
0.49389153506529154
0.52941335791245447
0.3256067743322637
0.35712676749983058
0.523175520858013
0.51791607839598386
0.48145682163273962
0.49009231017413035
0.50371486723307568
0.48727511962903897
0.50924956328594251
0.5194478926610645
0.4503069839048407
0.48955803869461562
0.52523078898021902
0.51969797943481089
0.46396979351015832
0.49342213460532869
0.5072179640331258
0.50172026120278024
3.227096121065854e-10
3.0336204422204582e-10
3.0611203362771652e-10
2.8206381013230079e-10
2.702325433241702e-10
2.9083431103186287e-10
2.9596963139407744e-10
0.46773858112307681
0.52018794518755906
0.51000407745229959
0.54955357716130437
0.51766180870660161
0.51014984630966098
0.48199897176259193
0.44574240711419649
0.29416002052593204
0.52481775359263572
0.51179511368776887
0.48534762748073479
0.49507226624701611
0.54121313915704428
0.49643942104282524
0.53272339581425232
0.52721730415961643
0.51854914837100252
0.48589713394801354
0.51166831461788209
0.44679713981196462
0.5661463063274107
0.53413437071340419
0.48059878881640122
3.0799418380879919e-10
2.9792196082126708e-10
2.8141325150279756e-10
2.967742564656582e-10
2.9362144562725741e-10
3.0602786852195212e-10
3.0497259054791254e-10
2.8899944486479505e-10
2.8743956933821998e-10
1.3903594243337391e-09
0.33227801996755008
0.55520530100651133
0.49708218086206846
0.41212175305280335
0.53531818044575863
0.36583207848647231
0.4360973533089586
0.45351308470294877
0.51584867689281266
0.4482753858172398
0.5071013447083027
0.48742095987701051
0.52333161275996198
0.50181944130641953
0.51267319098754538
0.5001261426233512
0.48130763164525603
0.49064505059606217
0.45766641637343991
0.47672390390159569
0.52539351771857856
0.47576087708591036
2.9306283920028086e-10
2.8947035111207345e-10
2.9497907528985201e-10
2.8787718311713345e-10
3.1009518730905219e-10
3.0962461810852385e-10
2.9696164798926836e-10
2.982112901874321e-10
3.0297986151108834e-10
3.0516196562006738e-10
8.0273972620651969e-08
0.50971467504952372
0.4626927772986944
0.50950975520630193
0.53220139877113226
0.3209513305575955
0.35020751662167737
0.51308421956955685
0.48760897432975303
0.47828949954495903
0.57286975561007414
0.465380229315701
0.49022996313390549
0.495258222470777
0.4819186306645421
0.45222196641611428
0.47469153931471991
0.53200826497448939
0.50455410339497786
0.51189492638864253
0.45855498973416303
6.8361372676963445e-05
2.9465002038863664e-10
2.6677231721290343e-10
2.6300823583141066e-10
2.9683017676691823e-10
3.0122280365033557e-10
2.8652027151795482e-10
2.9865434705642158e-10
2.9500505470479061e-10
3.1224034758918661e-10
2.8108197839321283e-10
5.0918406658561694e-10
0.49573953213976479
0.46225454586949527
0.48979530155527135
0.52644512304276347
0.31489932618307281
0.3169710467309777
0.51649993558354446
0.49257349111583165
0.45566118629461733
0.49288218493570612
0.49987569729877085
0.50783319551510986
0.46246112938004658
0.53297301581723344
0.54570901222856505
0.52191162897525378
0.48163449555701171
0.50521930386132252
0.47660038246921288
0.47223286752973437
0.0034015791864683382
3.0797841347177769e-10
3.1195879615142563e-10
2.7284582141773399e-10
2.8007518320366908e-10
3.077550872478323e-10
3.1132245709673513e-10
2.9358986334252732e-10
3.1276519303248866e-10
3.0600099977185184e-10
2.7205861581883412e-10
2.4631374006600131e-06
0.52569967305885223
0.48846778292239457
0.52798325099524246
0.5238862933152918
0.3836989360931527
0.34526302870575226
0.52385327472230625
0.51258259014449437
0.52478293476313953
0.49371950258494479
0.48087902501658136
0.46212487550904852
0.51573571597807988
0.4532538263231557
0.51399226999054637
0.48004378040229795
0.47680652622314851
0.49298148381444928
0.46824048718490441
0.46748804687504697
0.49754398067823158
2.8725866363911511e-10
2.7946689417604528e-10
2.9405367095444834e-10
2.7076915329377036e-10
2.8663038963846588e-10
3.0342577853251415e-10
2.8642793086321601e-10
2.8917058081083603e-10
2.9662768494500672e-10
0.00016566051056554141
0.51398386851848799
0.52277887804247458
0.45253102606196927
0.49132286905063666
0.48627375337717832
0.35040193391583169
0.29651291610322505
0.50016318201228516
0.49336651620808974
0.53487626859369908
0.50960712681928333
0.49128098861536862
0.51784207499781953
0.4513983751527918
0.50521820868384215
0.48823542601482683
0.51429405402446937
0.51048589537307743
0.52081734612673813
0.50314607250696786
0.5375731100826171
0.45248190341170158
3.1111540515699858e-10
2.9277290677205582e-10
2.7928423087360847e-10
3.0248952931539563e-10
3.1629287304193278e-10
3.08482186585556e-10
2.8106571908275876e-10
2.9086771501966964e-10
3.7602814525507535e-07
0.48553571896560294
0.43096167911929323
0.46498865185869098
0.50018573831673685
0.4949595710470106
0.48284714029955927
0.28519257429281825
0.37602249692078477
0.49829639523417352
0.49123967306777555
0.48950129368345763
0.49470518916054151
0.46030724493109365
0.51350722114345171
0.51738578493774467
0.48161073552162492
0.50180550337866348
0.47998306367878069
0.50039255068960264
0.47615943856686044
0.50886274322428682
0.52477989059681396
0.48445731438385831
0.48108464837292053
2.8555353083658423e-10
2.8823157049709834e-10
2.9617839377538443e-10
3.033721950634198e-10
2.9502627348658592e-10
2.904129462970048e-10
1.5095150845729336e-09
0.4997921005556889
0.57707485841562733
0.50464391351135085
0.3954346703153892
0.48948786078292661
0.50632552028481215
0.5011620134038951
0.37566939752012934
0.40235955938261797
0.51261178643013028
0.47721523725285053
0.50705369966373193
0.47306592947875914
0.50388247468420932
0.50991368872428267
0.50040577025945143
0.52077188628044035
0.47837819112159879
0.47731071329031449
0.51031425159318156
0.52281839777428896
0.48521412718147283
0.49938677854006319
0.49125991162310256
0.55078325598270483
0.48826345690595346
0.0023764013170693293
2.8909975197241702e-10
2.8101066780639356e-10
5.6114799157289263e-10
0.18171113052037441
0.49539865042083686
0.51185938963669786
0.51497566143909546
0.5221624411897996
0.54645251051181343
0.48041940497545982
0.51497511135367391
0.51977594838691632
0.3427161925867227
0.31344554002987707
0.52933710270367818
0.46431490482778376
0.504635198263233
0.47967892254779287
0.48940912376494616
0.48763192223221169
0.53625207452674861
0.48623887050182907
0.54846327829425323
0.51143664850542003
0.53155649894082369
0.54103400003266422
0.49061563188815038
0.51231858368842942
0.49750328242620162
0.51305515613594666
0.53450955416532631
0.52017479024049618
0.47608338390219007
0.52828993596551377
0.56259844709699669
0.51080020227985468
0.47806143723732869
0.47798273496793325
0.53249207453510938
0.48801575819352305
0.59193597740295978
0.47880757480511815
0.48819051815733289
0.47305748719875762
0.35456361188309587
0.32309324209288409
0.50946735261929754
0.50449726194849587
0.47395836938464969
0.49854457066895397
0.47828412070136023
0.52074508686593346
0.46351526184404468
0.52313192758986682
0.50677574624714217
0.48049202381629064
0.53772405928232658
0.48712329022798467
0.49023807576769923
0.52496413147736898
0.46526919100423492
0.50559308331891406
0.50824071870915677
0.43129168114307248
0.48970446559143282
0.47259844546531288
0.48361324459193422
0.46531714706689103
0.53842898472043565
0.52689029113636898
0.57585004470466672
0.48905372702958033
0.46671893232297545
0.52078995285496865
0.50915155886519381
0.48319785847587221
0.32279294862436736
0.34573480696345943
0.48987730098636095
0.49086492451959418
0.48664366503097994
0.53604288625594165
0.53650035814764052
0.48968362965311185
0.49645828542325127
0.52211385644760089
0.49875712939409667
0.49765009521038278
0.49521630484167523
0.48331564436244018
0.51462117424231446
0.54851313397947365
0.47418012002995452
0.51589982957729552
0.53048536064590124
0.50380254139296432
0.54906506399135835
0.45688359018621305
0.51809074461337468
0.48561949127246423
0.49940965671782056
0.50823060383845897
0.50668215168183239
0.45590069078817275
0.53565654562724019
0.4742195005521091
0.49155572772475986
0.479017307844464
0.32799465042565651
0.34421104855920559
0.52513425167466676
0.47188209099379586
0.52207803411603149
0.47876766489897205
0.51701634056423906
0.49124579813734365
0.50842496735605347
0.48503065207059054
0.47676538147498282
0.50757115097140382
0.54687246439420556
0.4864671655966511
0.50449032915966385
0.49083456171594092
0.49483805122411506
0.49806637063412262
0.50218241026946864
0.55913573706680542
0.51931350924579867
0.50093342940018049
0.52180961498916256
0.47116322070564182
0.47348044116703847
0.50210698937896636
0.49469595719371862
0.49460618578090648
0.43331041362848888
0.46297609924220579
0.48301068551842313
0.49900087685225336
0.30301696801349953
0.38067250434535049
0.48495178299280539
0.47856451135684147
0.46789463979096563
0.51363409252061465
0.43945075751674817
0.51425687329723313
0.52887332213433691
0.55362742582454694
0.57985826014356145
0.4642903126039778
0.52713709949935472
0.46147700883550508
0.49183053872314547
0.4619935949927097
0.47865754447933651
0.48679901312769341
0.48964210636673222
0.48235578153657072
0.45478292618200511
0.46695625522941436
0.48947690807429367
0.49557809006744391
0.51408933526881817
0.52884990033205848
0.49499573374835598
0.49941402236071553
0.47932298486467612
0.52079812334822218
0.51586919715826984
0.55166142482919234
0.33982996685278982
0.4210934357690933
0.54624247516700442
0.52832143698840561
0.52275260218632313
0.55361505016814372
0.48546946669813712
0.53158592670026728
0.5502616250979746
0.55537784279306712
0.53376494031708821
0.49179470642110618
0.51596127238971778
0.53872763909242827
0.5017677465957513
0.49701793381425907
0.52109227532470548
0.52079533634578778
0.54197314436720945
0.50207516650742079
0.5568149924832273
0.49053741746977003
0.50171210223416651
0.53335382935900388
0.47060686217231268
0.44209849530003409
0.45475836442942286
0.52179989419212647
0.48871392935384905
0.48385086066606992
0.48123249243640587
0.49028599356077657
0.34769421642819581
0.38208658695381492
0.49301547783717797
0.51802061617636119
0.50742773063518087
0.51217051892330667
0.46005093635232291
0.51950758501123862
0.51084678727127208
0.50580675755716731
0.5111307314710356
0.51678520937719608
0.4994448117692652
0.49392474247099472
0.47679775964345067
0.52040165327912957
0.48359653571749323
0.50471386430079979
0.46195724943432442
0.50895640893094762
0.50274228217174699
0.50310587633732928
0.495867583438307
0.50598764489251202
0.51651750796166096
0.52097103635388886
0.52013709757358773
0.46153205844922618
0.53929702221027609
0.49391329715018389
0.48550910982604678
0.52881744000591269
0.35630221689006653
0.28796397246673705
0.49249653559441497
0.5224259064518707
0.49973008082531351
0.52731103909134369
0.50606238346420584
0.49232034699176686
0.50185150766572006
0.48107668452079982
0.51441254603549691
0.47824789102381499
0.54303920219179636
0.490837405065076
0.44898803912810714
0.50534619789755153
0.49113771854695099
0.50999467618012451
0.47346312015671888
0.48096186785571393
0.47511982411066273
0.53608785607380127
0.45519536072547817
0.47645666028084077
0.54336141943326077
0.49236127167809968
0.5104760299422898
0.52011061025576477
0.53168486695170969
0.46891195920458856
0.4562533176595634
0.5134058327357125
0.29273611105723041
0.36819791754681169
0.49592410824417982
0.47672522474923029
0.53597239460010004
0.49500915659034062
0.51855874188236994
0.43619647262385791
0.53716248496917196
0.459248250741564
0.52342151980551987
0.47888768310876534
0.52348761601303773
0.50126777663262023
0.49748746649185555
0.48455186136947709
0.50773126137144398
0.47192323312298901
0.50099483590497718
0.51142364327349021
0.49224447677446609
0.48973796102399531
0.50052182852653559
0.50430488924542582
0.52075449122077777
0.5210183280867523
0.45481025671098307
0.53082012189483874
0.49194485727663423
0.4988640695518487
0.51368710768696324
0.48040206548983155
0.37262328567529535
0.36256867413119875
0.52436541725695207
0.52444699223592528
0.48929673159580117
0.47306138077081328
0.48487976517389358
0.54530441211577774
0.47517339414208043
0.47103749832419944
0.48005877342322362
0.4583799345396451
0.48437109604462353
0.48510562668267465
0.53061051669177683
0.51341084655474312
0.50498142038746652
0.46922648387604826
0.52745167316315722
0.48981462869785863
0.53701311026711218
0.49244583634692018
0.49512204022128709
0.48343660334466743
0.47688141887475516
0.50038794012527299
0.46544679475412387
0.50562680037052798
0.45088616314107571
0.55127928448676833
0.51487863567613468
0.56107151079003892
0.30549861366402298
0.20513664284841623
0.36428105277875356
0.2839332529713906
0.30888473008541784
0.366929102527419
0.4100571121157347
0.36490705415491803
0.31835884838023965
0.32235702247255621
0.34056863892035644
0.31151332624289624
0.37825497991541923
0.31532452933398303
0.33777486265001228
0.32507881303380393
0.33751309360268555
0.4516445349365274
0.33444027869342202
0.34086749740134326
0.37989909248227816
0.39369665705967816
0.36833861233373122
0.33286552849071693
0.34797082081225394
0.35759702631582313
0.38715972979957269
0.28933099612178098
0.40186386149120834
0.36917270610887032
0.39889388506178258
0.30247104905100541
0.22397911446193564
0.24074648259867029
0.32956393592034128
0.29315523598557602
0.33174269963691333
0.38642553323723
0.35277337025138511
0.33485160883365495
0.42567827348815407
0.33791150082780758
0.36069752035906838
0.37609549758943706
0.34320764795627295
0.40194092468962489
0.36512264248678644
0.34512377519801879
0.42798671883504669
0.34489675328656466
0.36474799700010552
0.37327829189584927
0.29996119543006222
0.30373018787501394
0.36904722234844617
0.34138518478129515
0.32655829094254335
0.3934028641388142
0.36950055854833935
0.31783440379391398
0.31319091044281788
0.30240713630373273
0.32473060327551373
0.35815844504336025
0.21361879531904943
0.34197159533039218
0.57038643415210499
0.51616447742245897
0.53726344378773117
0.50486938995740804
0.4599170082442387
0.49931932435987392
0.54412093452641952
0.50458955717660348
0.52867947576362051
0.52342835010475008
0.5205548355718973
0.5558301843316481
0.50817705471528185
0.51322213985937781
0.48983140010346543
0.49322195302470517
0.52711613682431602
0.51030274207560755
0.47486434727974997
0.52934716112076741
0.46472148454686413
0.53748379162833049
0.52401586019766488
0.51783011396912204
0.48171499519670413
0.48502853698391352
0.49463501055727555
0.50095346750705128
0.49189403236459861
0.51880438866674428
0.35062133154772795
0.37387005912356108
0.56739692836666045
0.50476246237554645
0.51133098018804179
0.4750730438690649
0.53415005189744791
0.50170433774880208
0.53384908941461995
0.49886935605689098
0.45773285356071675
0.49316128242707685
0.54690029570831566
0.52487348369357223
0.48327882382681225
0.51982282885239206
0.47060840181526059
0.47221954253836351
0.49006666142175387
0.50169364365870328
0.53711709660154694
0.46693672050939805
0.47278612124001074
0.48342802743794977
0.5260978773034668
0.4749902405955147
0.49835625986963811
0.52133193121556343
0.49500358855350479
0.4739424340611525
0.47517146965640789
0.46796893012938146
0.37641259035426694
0.34106410270390553
0.54624594481492417
0.44096096026714954
0.51871272348810094
0.49454576750515034
0.45221856140154404
0.45909512363419763
0.52282347611309066
0.4852597044037702
0.46096745733987327
0.47161687050427997
0.49991136301061839
0.56195217335282122
0.4718474809617681
0.49108933421994988
0.46848695774130666
0.47704499654093646
0.52586737984038157
0.5433955644320253
0.48300957293182628
0.44535622674140396
0.48953923044318065
0.52311852484793475
0.48881179408928299
0.56062242641551574
0.48602426152045902
0.45298400908362502
0.48992485373795042
0.52758103588114247
0.47217538237062778
0.53142006096689887
0.3234437758118181
0.34177075726912709
0.50681134975899689
0.4717118157553748
0.54573406389497858
0.4919263360107019
0.52118532869437584
0.53652465015822526
0.46932982242980564
0.45905937514033507
0.47286675040379766
0.52873059431672775
0.50762152018975859
0.53158035822766214
0.47313765367180649
0.467242819373481
0.50745531505780439
0.49745553511793117
0.56317992678437323
0.53737036282067063
0.5150517996144317
0.50581413153246613
0.4878517168362157
0.52765456813289313
0.5119759419625266
0.45829722767423309
0.45001977362745327
0.54614822480898084
0.49854981430561052
0.5189709052776067
0.48600544840601317
0.47156148297665174
0.37275502389305504
0.3160879625655249
0.46192853689715557
0.50279398399871156
0.49734113504609739
0.49941791270757296
0.50826669182591588
0.50050785695815914
0.54207179582891685
0.49537100465052014
0.50889032053106165
0.51151309404157252
0.47459511189381659
0.4920367572295633
0.52049721069509869
0.47491751048435071
0.48687721861333089
0.5559270774775954
0.51990292957032325
0.50892512254848243
0.52185671715326076
0.50274548707655498
0.47590052174233571
0.52844796182405673
0.50783424163198865
0.44048022284202371
0.46047663831280727
0.50508649966472852
0.45573791262980184
0.53477509164251869
0.49600803445980335
0.47014677222370982
0.37534894606107422
0.32929609872339421
0.49055784241197675
0.5118773916656667
0.48302834744648732
0.48229107695153262
0.49805098706024176
0.49725324909929569
0.5007077409627394
0.53235114452159382
0.55081128710962202
0.53276202155838681
0.47671428023937606
0.54458634515618187
0.50805935258366697
0.57450704233280803
0.49912510122681242
0.49343569834881562
0.45033464920922756
0.49394055649227259
0.49656725559214576
0.43435415271300393
0.51905006461477066
0.48781417798812543
0.50453909704523925
0.52074192536490382
0.52822985004863754
0.46928277100153004
0.45283644461831335
0.45745483327809655
0.47953154236085427
0.44902595319014776
0.34114692902242844
0.31837562608197773
0.50338621101649961
0.46450333150097711
0.4958473930258559
0.45726486059585053
0.50358846897939236
0.4823532444689631
0.47199390137744601
0.51989903147372873
0.52062011203835978
0.49018374955335786
0.51039667751828421
0.50332297417316263
0.49730818122937037
0.51856330528476835
0.44573735657802849
0.45255841387478479
0.47700370537765374
0.46126916692853542
0.50601410112844758
0.53394738959244337
0.50102822676731462
0.54104175917814068
0.4989858351599834
0.48035334470948071
0.514090969251223
0.45959728227908675
0.5040718348655393
0.47469784932110903
0.49200731844583723
0.50426731380909806
0.42655950181506513
0.31375727672013676
0.47060687733840445
0.48896539519037152
0.52216720545536599
0.53941436484215677
0.54108256740871086
0.5134215775343689
0.47226161840830466
0.52813620771851622
0.50562034909782572
0.48820016251079462
0.45366699750363171
0.54137453750079778
0.45301856228114629
0.48590181437776148
0.51371769163743153
0.51847759836875906
0.47429300520385137
0.53147419730837864
0.49399257329694313
0.47360632215381426
0.45568071919956588
0.4828287811536901
0.4589627838397074
0.47854901729283522
0.52034512811030897
0.50745779365835386
0.49843262082201401
0.53096644352281808
0.50314971935610997
0.47199867298557119
0.31673410599190266
0.37730820394007608
0.50692307350017707
0.48070084372036354
0.52130715110979697
0.4733045953138898
0.51409434257759778
0.51337817037754918
0.47073186819380258
0.53452468055267111
0.4926986551886629
0.50233265163052598
0.49678698949497263
0.50717643453163908
0.49012013947419836
0.46438732676857758
0.50477339620714423
0.48404755245549524
0.46529499065630509
0.5033823562787938
0.49157837305796354
0.53127038892747591
0.46766980359070526
0.54243948242473128
0.55841018160382749
0.48239457210990272
0.52926766654528712
0.50243348290644529
0.53515972857149585
0.49146730448624548
0.50102016714916564
0.45205845930364308
0.34261514487433742
0.39069207078868617
0.53739340180963324
0.52318827882110841
0.47752498244305253
0.50867330932833532
0.51518388565576023
0.51742197173633442
0.46540912208065383
0.53625576423587074
0.50806069074804394
0.46786269462468999
0.51661086923901245
0.49448740739006281
0.53633593230792664
0.46139608191284315
0.49961525068932267
0.46344836246169241
0.48699781716585322
0.55021767744737715
0.4978087147486806
0.4752988380681375
0.53737977137844051
0.54429377255250322
0.53427549296424992
0.52340222857870455
0.52500683284501604
0.52124939542386195
0.52909404256494819
0.4665377085762839
0.52268249076485218
0.48532069401943934
0.36850427526902912
0.38531829134701762
0.54539040789976145
0.4929950385516928
0.48875170835438742
0.51741443210496996
0.46598707475660595
0.50596534020759154
0.49680622174901345
0.4938094159293181
0.52491523649869232
0.46939481316623638
0.46970938601033352
0.49779367845277372
0.48253253876161467
0.5167038891600978
0.5186383446808257
0.47024379195359445
0.46903382377235431
2.9936341363582186e-09
2.8486166610772239e-10
2.8514324224634458e-10
2.9066515370769218e-10
1.5532176069614289e-06
0.50207704023051303
0.48990553895572975
0.48871817937195711
0.52611965099949809
0.47667743065618118
0.48535826367529794
0.49778832901510456
0.47123457143791325
0.3867874484049425
0.34285181845271823
0.51921825235857355
0.51509834035952362
0.50512701145519756
0.51948983312163821
0.53669463199051937
0.49775080288912915
0.50168885973432431
0.4572642248669892
0.46373568625300055
0.49759709436248617
0.47669689217564409
0.50377502154533382
0.48393056533688206
0.52289979246640284
0.49342844505325945
0.51158969979731095
2.7861261396186491e-10
2.9621538339007627e-10
3.0794387336925268e-10
3.0815495250250936e-10
2.9122609099154077e-10
3.0485651729191369e-10
3.0626551116023338e-10
2.8580572030891172e-10
3.056660979694974e-10
5.3183121625774724e-07
0.46748914687957582
0.4919108708672455
0.52108038743968998
0.50654329973784173
0.34798007506470824
0.37239659194802727
0.45802423120624586
0.48135117272938199
0.48436017579669904
0.50381549538329207
0.51460564154518906
0.51762327542722442
0.52939555026678586
0.53154284417894904
0.47762848914129646
0.51653617378009797
0.52967864209460902
0.45144950603560918
0.47016426899408487
0.48738793411941683
0.49676850707362441
2.7776510807122574e-10
2.8555591608445022e-10
2.8811390734297226e-10
2.9312917329829173e-10
2.9134250699863585e-10
2.9679022014884605e-10
2.8839970283535668e-10
2.927972671958021e-10
3.2263933370326439e-10
3.1133948935296618e-10
2.9677539035631076e-10
3.2453490592549208e-06
0.50392686838819867
0.49991835445528765
0.47873488325642227
0.32901790922162799
0.39237749426005886
0.5089240600896684
0.47612048384259359
0.4507426483258174
0.5011685949315281
0.49595172264671306
0.49570445737209634
0.49814834074565995
0.52184649637854663
0.51924098528114793
0.50309168229162804
0.49726213757447674
0.53540344698788511
0.47138619830250222
0.51756198932208264
0.26124471713557995
2.8462893538161485e-10
3.1549127241145977e-10
3.0100287445012552e-10
2.937016106386368e-10
2.8916146564189306e-10
2.94543349622983e-10
2.727763640972247e-10
2.9955171268839829e-10
3.01868753016762e-10
3.0795837166103395e-10
3.1453047137273443e-10
2.9020631906624086e-10
0.48047512346146787
0.52576037573666246
0.50834699801958749
0.34883119599788293
0.37582928128401466
0.5065517946121133
0.49210247632132492
0.48608796581015273
0.54481556960980837
0.50516937690575814
0.49722776259233087
0.48456126061470617
0.51119420048831421
0.51965797598890995
0.49064845867068857
0.46725681934963348
0.48990697488941631
0.45738263772389598
0.48381672057080705
9.1892327947074074e-07
2.8255467763941558e-10
2.7989574013376568e-10
2.7513133775721235e-10
2.7388975789462841e-10
2.7504481579664452e-10
2.9416964036912126e-10
2.9256693808636188e-10
3.1380458340593988e-10
3.0072962157197333e-10
2.8881529202602769e-10
2.873942691974788e-10
2.7641008345366354e-10
0.4753004178337018
0.51594596752750066
0.51110470122537499
0.32869478025465776
0.38623913529080633
0.49509105374135998
0.50148349926638069
0.52592137857954313
0.50879604104681642
0.51881108191049707
0.51525984106415068
0.54400346065544725
0.47983915730626597
0.47859256312736415
0.45924419089859675
0.4719267548169504
0.5133631053591029
0.47823478295429489
0.44861655396351036
1.1288138633578791e-06
3.1178678082805654e-10
2.7324348616580271e-10
2.9114443833210669e-10
2.9123748134077996e-10
3.0685698632101382e-10
2.8768331362863729e-10
2.8984037309391212e-10
2.9761808093892711e-10
2.6673074694866591e-10
2.8656997015324141e-10
2.7336645731522977e-10
2.9189678639974401e-10
0.53428650955248191
0.51237163612902814
0.4395216013500734
0.37220139492110105
0.34992173648336267
0.51125660888195401
0.51522963268100974
0.48284135079205548
0.4754990641660502
0.50134478322673781
0.51219018950280015
0.49412724001260322
0.49816220974216424
0.50689011202004741
0.49130112261646081
0.49875300728963817
0.48893090710723774
0.47918567858220451
0.52613678296149335
0.36041798422193333
2.9239890720852568e-10
2.8541724900755784e-10
3.2732669748479029e-10
3.0719596269290482e-10
2.9468314236353934e-10
2.8789339557819667e-10
3.0155071983026844e-10
3.0755139810261701e-10
2.8529852412245079e-10
2.828530838331934e-10
2.8869118903290917e-10
0.31844360943094624
0.50349556429757292
0.53551432082841199
0.50390976947000699
0.33177212440101034
0.30398037964152658
0.45258076247695889
0.47646665647101361
0.50785078709942966
0.55618341823553796
0.56646719880487828
0.53206437338481649
0.49442468013283458
0.49882481145252905
0.46056761322775203
0.46938353536412197
0.48466773303376909
0.46197374051097134
0.49783038475101754
0.47572972180795314
0.51054198281710883
2.9710001426677201e-10
2.6599123771411887e-10
2.9260803274169784e-10
2.8922438860945255e-10
2.8870871935151657e-10
3.0176314544395512e-10
3.0915703964627766e-10
2.9003742112952459e-10
2.8423207888950074e-10
4.3670378621039546e-10
0.29893287259668039
0.47568918410814331
0.50418222829436032
0.49354748435595902
0.54249162887491575
0.32904533654641205
0.4148145632992063
0.45859410654015986
0.48224008265725038
0.51513622399068426
0.52004466295419005
0.49660005076759989
0.47850011350788524
0.52996830255024074
0.0016928144194724131
1.2560336403958523e-08
1.485380026111896e-07
0.2010868055891985
0.49181810521709962
0.48215487374050825
0.56289630508907429
0.54629414236851903
0.49550116285903456
2.8732491509322328e-10
3.0687272643277322e-10
3.1252269500434868e-10
2.9241452716324462e-10
2.9670718367476006e-10
2.8096005591817267e-10
3.1097453972080583e-10
0.54518490902567385
0.50652891216941776
0.51059416473022723
0.47839331493343523
0.52494451595980174
0.47367070926856802
0.50238868053502217
0.3328321624383575
0.33385208569347796
0.50299237286991105
0.48362887063299409
0.50605344853886125
0.50092158829454569
0.4288461509146248
0.51515011392972221
0.47862141123050855
5.3956373423529909e-09
2.7587760990673248e-10
2.8505131975661415e-10
1.1406222313222941e-06
0.50863045818753327
0.49595693420132386
0.51582427425669486
0.48995812732120164
0.5156049701716815
0.48978182069288201
1.0920503534467865e-06
2.9362994688176746e-10
2.9960735765766246e-10
2.924812079837298e-10
0.00031869035980006214
0.45954567317139589
0.50280919504455235
0.53720911117593906
0.45760512394201236
0.55055386729489064
0.52932413196803552
0.48575288749304102
0.50652389999006209
0.36862076553035245
0.30561454795279425
0.46745769290350236
0.48259852813941667
0.49701811569458154
0.5216969233724853
0.48543619746016026
0.49796355810721582
0.49253871796677007
1.0648742370553001e-08
2.9078062248118716e-10
2.9360901583268823e-10
2.926407267932171e-06
0.48638344398960737
0.50929367031187167
0.46548900159061479
0.47560632006415643
0.47607828699013449
0.47308973612082617
0.47004615088332258
0.45686369425916196
0.47743894066892534
0.48115226028707597
0.46723577327833821
0.56164630751877864
0.5013445083006175
0.47843595772560543
0.48941586047984403
0.51816109052563175
0.48026483921009067
0.53786201026023794
0.49029172953026273
0.40071466323185845
0.40139516737368058
0.50381997076215856
0.54294832418916705
0.44481435246512846
0.4644311819867043
0.49027615771390876
0.50516589848999804
0.48081151290171037
0.0045622674771740278
2.4525947508005565e-08
1.6107842666691183e-07
0.27170195914247519
0.50030528898669713
0.49777571525561803
0.54281798012792637
0.50347571287925541
0.51419291822283419
0.52538657699899916
0.48160010402407666
0.5139469815180937
0.49946717148936559
0.4947774147263857
0.56505089054802071
0.50417333545126375
0.47993025707625098
0.48324484771991166
0.46620109234600465
0.53263458258523255
0.5517070912786618
0.50544827323735131
0.5018684399396599
0.39197538172367036
0.33282111284013072
0.50298859490384384
0.46087162262764869
0.57052639253116344
0.52322754805077532
0.50095324506163186
0.49864840079572531
0.47702914165017124
0.49797927691993138
0.43715260299114261
0.53063582412118282
0.53376597257520397
0.48566262156504464
0.50501678474795786
0.51515973300681983
0.50533026145089754
0.52170544339757186
0.48824192443774872
0.50556623958493141
0.45020895729267452
0.52591675716642272
0.40981262946494718
0.51447625980415035
0.50311673228776144
0.49596684423452791
0.51339807220612244
0.52471792427578801
0.50932537002995648
0.52102340968142602
0.46223393329896312
0.50626338347366773
0.36666065417539995
0.30864713116836023
0.43069547057314561
0.48667434267377996
0.49098341335926698
0.52217818716423603
0.4832592724541947
0.4655134973123044
0.46908674059495753
0.48472270453113148
0.58071429671752173
0.485613011713948
0.48032178737658709
0.46798439106171547
0.47890799973193426
0.45982277521649029
0.46617017391850413
0.52876481510999418
0.49510493460315907
0.52501266533374102
0.50421452399933908
0.54630678775799313
0.4995490953716038
0.55838813246713725
0.52062988636321583
0.48686965150466976
0.51968281251386894
0.50405431489569252
0.52021751540361882
0.48729397781661898
0.50289316226044345
0.50791659468645201
0.37736671713575431
0.36549604948029191
0.47245938271409688
0.5094421504428156
0.47262768135259914
0.51302907431429434
0.46734336529591264
0.4959019741464884
0.49470382035966914
0.49218758078778418
0.45721428301862055
0.50212335612291648
0.51601850535650784
0.48774510282275302
0.49950109323299358
0.47832251305970841
0.48986892123570458
0.48400988454847488
0.47930481539750619
0.47953504191168045
0.5215785999477921
0.52209891269113251
0.55012585951034787
0.41282187336112791
0.49961998979364847
0.50565594751533194
0.54668184304233125
0.48761072461213417
0.51331556505548426
0.50082300349368836
0.49758464235147076
0.53841104429246978
0.391867235839364
0.31571629354430197
0.5123212485825599
0.44455538050320348
0.49112523850727274
0.51631454619912776
0.51322107325369082
0.54162045392437475
0.50505384519934737
0.57118859343253747
0.49913198906942779
0.48418903612469438
0.50377572796352188
0.50028515409813012
0.4734261628679689
0.46600594456702354
0.50782663900007086
0.53453166352674819
0.5205556644683712
0.45005124446183647
0.49789147129821354
0.49372022128095194
0.50422540298803509
0.49132154454072247
0.48349361926702483
0.51131493171135467
0.45170685931749155
0.52787475410132034
0.49920415678400559
0.49592901508149456
0.51171615347538357
0.48311006462224859
0.26325473401214328
0.33565002381664344
0.49042079280964423
0.47672411073718429
0.53278183473675966
0.51531767278727469
0.48719120858060511
0.54478868275712478
0.51879236462735234
0.53785692550325126
0.50172524772333182
0.46567401047334522
0.54642734849375385
0.44846507491742255
0.45631741565325346
0.50079918442993543
0.48748422501282196
0.52706228092018037
0.48103411329642115
0.51373505164145383
0.5093622467418889
0.51233810663327528
0.50772272017089148
0.5433502001103363
0.52420648667009218
0.51381067540677761
0.52612815691532411
0.4748323417156311
0.53210495528306823
0.51078853054044293
0.46354856151361845
0.50575042161274231
0.2823142224071104
0.38063296825477189
0.50655350415797251
0.48174725392522849
0.5630740217312088
0.58542167762180064
0.49770374154126917
0.44550302516054613
0.5230481708499366
0.4987599837599857
0.45937335656641398
0.48951037713369666
0.4878352125346464
0.51443042590779409
0.40592565018275545
0.49059567209337446
0.47262878395755797
0.49552210700257632
0.54163481839272021
0.48242696794818751
0.52119326914476394
0.49218642872039492
0.50863541992913863
0.46829087841262684
0.50778672343676123
0.50725908214497839
0.492728063388016
0.50318405505393993
0.47649625216366454
0.4933184671651738
0.48865553888871344
0.49004815593295165
0.32049159643956693
0.29282161548222113
0.46767696133703845
0.46207628996218342
0.45300195572633123
0.55178690991664303
0.51660725519462758
0.49451901900208056
0.48513617170975443
0.48394463382250302
0.4824714632353122
0.51585752688500908
0.48963062041091643
0.48022836021723309
0.50577776354212778
0.47461824196446495
0.53223757643768288
0.50147342431620134
0.51148340259101155
0.5092984739334675
0.53730313920564232
0.49372083917969695
0.46995397971883413
0.49527563441774253
0.53279308454324248
0.56462218339518389
0.50531095099818202
0.47983216196926842
0.47640450588444572
0.5446811030276395
0.53718537350829387
0.49676936821536893
0.3419859533201291
0.38607701286946672
0.52610735738215997
0.47931610661859153
0.50781382649013662
0.48487118273728363
0.50309967706341996
0.56367369079572638
0.50358462913201096
0.43037491224617647
0.50383544138112457
0.53554872600911774
0.50598277013510362
0.55609637374420873
0.5325248872996331
0.56228208838376637
0.46114361886710903
0.48682614192195878
0.48416986748828278
0.45818065026302757
0.49347062036816469
0.49240123217641696
0.49781879462124462
0.48627165914259701
0.46539214873959384
0.46072991584569972
0.51696300210720503
0.5053602847131452
0.517542614667859
0.53764067640802249
0.50665102297143139
0.528757460682034
0.36676385052087085
0.23658544865262618
0.44625077304979011
0.40916615411078189
0.34934491297594389
0.33787960320376265
0.30699693581223336
0.291576684203535
0.37456714129067464
0.32614669975339688
0.3829849808825122
0.3096294572821891
0.33468525328850407
0.36894481597388279
0.35072409967983315
0.34191798214628133
0.38069616535447148
0.33218464334298881
0.33396910424286474
0.37690917723248724
0.37024758077483222
0.35894029041737296
0.34622923972929315
0.33055892430298073
0.30897950186018752
0.29439280017328195
0.34899542482158641
0.3755231535666676
0.37775799393483744
0.38716348596196248
0.31721646152977856
0.35930518770550784
0.23614933391368573
0.43375251434909912
0.31821049202207902
0.33631446153839972
0.32874469106507992
0.3691421676399646
0.34794944656787513
0.43852498150493779
0.38431665087766648
0.32143429837619142
0.37026207376140102
0.39756858922467547
0.34533516312220114
0.35716669481567986
0.29355815866053514
0.31199256385781621
0.3800874141734441
0.33646328859761665
0.33114539408368859
0.32900234635769121
0.38221971912035918
0.31421115629822188
0.31035882608881432
0.32491571168127126
0.32021108938490916
0.30588686286671601
0.40034327591533847
0.34678596711818427
0.35477768168940876
0.35957384596784703
0.37463783411453516
0.29248140950356882
0.25416171697648071
0.29536110739939381
0.50084264259775846
0.49416132744767555
0.53187277978912229
0.53761323700005892
0.4910246083612676
0.50734357052145351
0.46481335896454851
0.51760811603300672
0.50386619422283074
0.49615000749691923
0.48375742381915071
0.48544020292732293
0.46404310608103017
0.51263600152959432
0.48077962210516495
0.48050782142600484
0.53930284866896383
0.49686262840449757
0.5150460499510634
0.56741926992333946
0.47747093095433463
0.51472188089011539
0.55771292217328139
0.47788091991591058
0.51428485911447863
0.51723967992417152
0.51839592457404982
0.51742860996055384
0.47885075644159697
0.51128759705265492
0.35787581201512814
0.33436947346569856
0.49992795473529827
0.47162797565697184
0.52513632622661433
0.47556743776948973
0.50392160946414721
0.49445739705647485
0.51912532429865643
0.48357162077315069
0.52525962796890147
0.50708476493074317
0.53616539952033704
0.48311133487140306
0.45973166537584592
0.5305532029275466
0.49599044246030827
0.52106405901851172
0.46167363974329567
0.47078150426446824
0.47226665192867928
0.53940385508446942
0.46987292752693222
0.51457143356809432
0.49955931283171051
0.46208983348079097
0.51433641385489637
0.47902211272594608
0.52166552705350278
0.49539499849095825
0.50289663957275998
0.47105496518763179
0.29230389445138744
0.32934407824953432
0.53954394318979726
0.49761682532201845
0.52620742107720697
0.50058525737070647
0.51312102499802925
0.46641751827347111
0.50917828111610286
0.45534512307499608
0.50237982223242539
0.51414839859706774
0.49450116804407718
0.45956695023581656
0.51139907928506667
0.47966775214294932
0.4820822530426157
0.52402951418299193
0.53940146420213353
0.51848374540947606
0.49191028242498408
0.51736813474666055
0.51694416748277638
0.51477408042454387
0.46301100188991517
0.54877678392530693
0.49500276677744126
0.50792398053016563
0.44955986410770954
0.4933488613693926
0.47675909677770884
0.54000466968792615
0.35571998136636068
0.32412387578140173
0.50902905164651857
0.50680552849106508
0.49666454754091699
0.5101173082216689
0.48696230657750061
0.51334650497890932
0.49239264050998893
0.49982500923664186
0.48925819708669388
0.5441037242648078
0.48373688933958614
0.5116927620910976
0.50341428456410175
0.48171548324811203
0.52298264783975223
0.49866465592271558
0.50556042233278153
0.53091331737269232
0.50124995635899561
0.54031352800292098
0.54215593424780384
0.47622323215026163
0.56027282227088138
0.49430394570129976
0.4705008189035737
0.48397767323830088
0.4843219919069558
0.53996508980743463
0.45029856906216431
0.46968760624777994
0.36255839038079257
0.34724316026606217
0.54605236325428297
0.5362039243749025
0.52245071186426151
0.46339009790790414
0.50834279421873418
0.50736247605931706
0.50216284005132428
0.50480886654661583
0.56237706632854356
0.48944434500182332
0.46068504496252854
0.49133798055541567
0.50997987804816225
0.47327093981532409
0.46375059120130524
0.46423191938076286
0.49226743938643946
0.52881480003894166
0.49673364745588044
0.52477455965674913
0.48073561464325176
0.48035577173249722
0.48642500374118841
0.55237570112538659
0.45357436240687693
0.51997769420166362
0.44953287754264004
0.5522469690897589
0.44951147454579898
0.49193298197663665
0.31010975744793901
0.30500983988924907
0.47382692432609336
0.51301585099669511
0.49138291313940219
0.46318511047937483
0.50123691119273339
0.51342624792530989
0.53294468095651215
0.53848808750916688
0.45466668079470368
0.52911100824516755
0.51321449993502988
0.49314802755067338
0.47481664032240462
0.53184411352231042
0.51381094163316143
0.48577997396948586
0.49228593445229607
0.50850657121066423
0.5048964802742143
0.49863498651897298
0.51533588387238027
0.53011310282432933
0.48839718899693818
0.48148344585115088
0.49778960996152055
0.46618486453776575
0.5069739747189862
0.47447522431675282
0.47813877182146336
0.47825057069044064
0.34353577277228514
0.40244954227492363
0.48557819509657973
0.51731690276618381
0.48342951313488697
0.50338020706599307
0.53233416879646234
0.48949392027847799
0.44992891650797506
0.51185584588169397
0.51181415611241421
0.48042862704712158
0.54776004652342747
0.48575614624666802
0.45522119449660475
0.4861879193262888
0.5405862154807819
0.51209404883056886
0.4787286040469248
0.50125110254819882
0.48760537995056696
0.50697769792338998
0.53345718542098086
0.49512220063709228
0.54054205457452276
0.47058842621660529
0.54110560770163774
0.5357244042383893
0.49284050112440453
0.48530108937885003
0.45362170760266585
0.51480357884028216
0.42941278165322805
0.35447801125885409
0.4722518474938317
0.47925350945159972
0.4848176993867393
0.52010912115755548
0.48329588207218571
0.47475629989057688
0.53234640383494491
0.49528938117390103
0.43541202788644034
0.51735215935523815
0.50006210137827134
0.49547369168001798
0.50205877328107273
0.53125791332191619
0.49563787424980216
0.510575229173727
0.55932464527913639
0.52729834775039319
0.46886158172177483
0.48016683897681528
0.45411565083184191
0.43279379836002951
0.50158941177409477
0.49512289548376198
0.52397544539601704
0.55378808960518378
0.52668408547005408
0.52094586802648502
0.53565770308326721
0.5074744426357628
0.35319343495314376
0.33894609158064298
0.5467195569499812
0.50250464691047014
0.55206443906947433
0.48144980684858552
0.47683589776022489
0.52630695415839301
0.49150509187592295
0.45806787653668912
0.5083259903113484
0.53476989587573609
0.48500016745545971
0.45897260032659526
0.5279570723408249
0.45667317507837596
0.47614771183484444
0.41451617706806637
0.52718811918922348
0.47704913069308907
0.4577557426157341
0.48331192314281907
0.50473540572871067
0.49090825325616716
0.48852421701778648
0.48105157564593948
0.49597053112323752
0.50629077638051423
0.51422972395670252
0.48124642972080267
0.52306990055851632
0.5145847828138157
0.33531744306645744
0.37113890498939844
0.52099878312428005
0.48328266870569359
0.48364842087298004
0.49069563642643821
0.53572460999981286
0.48564414892706442
0.49500456298766604
0.50894983569735708
0.5285606192556177
0.5003367124874023
0.48633448911244703
0.49607967917823914
0.5146090238910066
0.49965209159699681
0.43189273718236232
0.48192216989262909
0.50050917986341337
0.49647622368644145
0.50606173529657306
0.51675275459143166
0.46587848430044843
0.47913561016888212
0.4793319441472243
0.51428545636941903
0.49389137046039011
0.51493972409777955
0.51777742588405273
0.51091542053834549
0.52679913826776015
0.48465911949505647
0.33378791608121205
0.31588741961301686
0.48121771445700801
0.48181180115482963
0.47484858736888952
0.48643829325413979
0.4869311328530716
0.52569677108712731
0.50943530545171578
0.53371497179981087
0.4571314266471419
0.47550067088151277
0.52532648261324988
0.47654591858552664
0.49237161204641644
0.4866752511667039
0.49267929378314645
0.50293549444445229
0.46603853728738592
4.9673174906629316e-06
3.0308384174307169e-10
2.8307540578483137e-10
3.2002143714568689e-10
0.0021908953214310667
1.0363124566160929e-09
2.7895278556449618e-10
1.4414007174031063e-09
0.35389233597697334
0.50904833956078599
0.50591936313662977
0.47661368158764106
0.48050211220627392
0.33466936956371912
0.34092194934827486
0.48431438742552269
0.52140362434096066
0.52017230755637289
0.53424401812590327
0.50996495524653673
0.54179715923890248
0.50849094174248055
0.49285991453592271
0.47188244047594996
0.48706243270463806
0.5148415490002185
0.47596195438189443
0.46877146832076966
0.48287372659472921
0.52103300521161855
0.49525467967235476
2.9422152600617791e-10
3.1924973476717964e-10
3.0184555079605543e-10
3.0327621567647239e-10
2.891336883820246e-10
2.5138868888190467e-10
2.7963242782172875e-10
2.9127295524271981e-10
3.1897351834622364e-10
2.9581310295670761e-10
4.2938542390195211e-05
0.48186805119146808
0.49888160491904199
0.44470655571821616
0.30373949331032002
0.43238838151142106
0.52626310075382332
0.46262199077588911
0.48420267081660201
0.50520645053797908
0.48686055777886461
0.49749915554303831
0.5454473140309829
0.49253838043487691
0.54234584565888344
0.54170789914301554
0.52127107894625857
0.47904501854606252
0.50946946178754604
0.49892582531737878
0.48579237775210282
3.0899954864809109e-10
3.0731117950036376e-10
3.0247753225806988e-10
2.9273777002135254e-10
3.018516317168671e-10
3.1685359668795674e-10
2.9703151251329101e-10
2.879111386995464e-10
3.0457823920079455e-10
2.7080987193174555e-10
3.0676766198197876e-10
2.7851442098167861e-10
0.45349108844561631
0.50011758532935857
0.50672613273180789
0.36834201902146368
0.37933876794043392
0.51270149888071959
0.51904956527002455
0.53480292584826172
0.56870983429169297
0.50379512475708399
0.54205591152104504
0.50260901966569327
0.51599977555430887
0.48325183436393809
0.51192567440848846
0.46591121232200661
0.43600193703114881
0.51162556480444243
0.50042710456170103
0.48410696153651733
2.7524216434181213e-10
2.5698798737137201e-10
2.9882708101571416e-10
3.1593271966476203e-10
2.9894230204822567e-10
3.2399277238787932e-10
2.8746847030170534e-10
2.8483043666258496e-10
2.7340059331674734e-10
2.8122276290083527e-10
2.8848041251937841e-10
2.8883348474606438e-10
1.6590988866851848e-06
0.5119170646472444
0.51206800829078547
0.39775537070211792
0.37989712003542342
0.52218086902962013
0.51289005253434006
0.50292958584698766
0.50095768017113995
0.53973410217427142
0.54042533060907294
0.47715274611662334
0.52604504174912936
0.50084156260056889
0.46933391254547674
0.50430081711999386
0.4738165476097273
0.48381896978100281
0.51077093360197212
0.002890115201180946
3.121420391778849e-10
2.9860443507322233e-10
2.9214089871790548e-10
2.7561014439226789e-10
3.0301854783737331e-10
2.8619877618960915e-10
3.0102758305353916e-10
3.0140538302831876e-10
2.7809231399206382e-10
3.1789559067628902e-10
3.0615162704821296e-10
2.9524320210962364e-10
5.9793187486216491e-09
0.50236158188306812
0.50749886059554328
0.34397462691835839
0.33269733692699188
0.5254753776787523
0.50895437634758878
0.44740145479825094
0.54124751167478391
0.45877703502990697
0.51744367681762682
0.51426048215727005
0.46826293554519527
0.44802343443217135
0.45804385602301545
0.52030422193877157
0.49991613049200673
0.50909603006337067
0.47728738373504387
0.0067244370121944466
2.5364377361087701e-10
3.0605511507315625e-10
2.8028504005648351e-10
2.6573798116745041e-10
2.9517391318940958e-10
3.0998057836868315e-10
2.8154656728401098e-10
3.0729738026303317e-10
3.0775970947409111e-10
3.0636392801420983e-10
2.851471252358719e-10
3.0163861281916813e-10
0.00012532062846523542
0.50136494366501738
0.54359485858681811
0.32466861825165655
0.3656126591454979
0.49345716923110094
0.51779340669857343
0.50616289038214979
0.51082786715809791
0.50624229367989171
0.47936102432362365
0.50498275356888767
0.51814498506339268
0.13987257585779961
0.23478432262457777
0.52179071985832226
0.48811643883193079
0.55740883027144372
0.53421044143256025
0.48628094639339742
3.2564139044967313e-10
2.9854362543111914e-10
2.916691834867994e-10
2.935448560429084e-10
2.9553788849715412e-10
2.9930908164603044e-10
2.9165434327606093e-10
3.0903999469546185e-10
2.6322240912568398e-10
2.8127333664745424e-10
2.9639646448537315e-10
2.9424817218212702e-10
0.53231670352162841
0.51066686087538582
0.48713966159552835
0.37328259523438684
0.32574929425473548
0.54429907794464327
0.52479687323305502
0.49341599718205814
0.47567735918389742
0.49865715408364591
0.51511194311165887
0.0032794298705715536
2.9970564588573846e-10
2.9146896253547809e-10
3.0372171617076792e-10
2.7107728469262404e-10
0.41197870684869858
0.47694234781700517
0.49333145304249643
0.52490894278716149
3.2215181914113543e-10
2.7757052204472672e-10
3.0280944859293284e-10
2.884563717185823e-10
3.0332292239058012e-10
2.9249081048414528e-10
2.9118609249172056e-10
2.9098668271353327e-10
3.0795181078865013e-10
2.9177573384442478e-10
2.8955604225580344e-10
0.427118875455819
0.50102921118699251
0.51622060222621791
0.43783898654030212
0.30817635759831724
0.32589668895842583
0.48698585187042859
0.51130700844407828
0.54089571993977759
0.5227033622338062
0.50242812582219021
0.43532315177716169
2.9117100562281341e-10
3.0170942755233057e-10
2.7513050746681408e-10
2.7795566366853655e-10
2.9754003635872914e-10
2.9122471502235649e-10
0.50970706280219835
0.50429061818431287
0.50705585497110284
0.53339679281980179
2.9208229057088863e-10
2.9646418481679201e-10
3.0294688433463339e-10
2.6827793885127278e-10
3.0170700944008326e-10
2.5733676640517376e-10
3.3007073370733039e-09
0.0028869023358648726
0.33484697436561656
0.45140177756989669
0.45189482936885134
0.46004784391568815
0.51578389415377557
0.50524960474101788
0.36845388873973867
0.34828966769778857
0.47921101949128453
0.51629070032670565
0.50481027921335164
0.4972908630603019
0.46578775314870879
0.0062825722279463451
2.8881958719988167e-10
2.7593692939612078e-10
2.5842294206613498e-10
3.0092266694737446e-10
2.9334748004066882e-10
2.8687110931291876e-10
0.51298771080634786
0.46644256483869784
0.50463879117148447
0.48883484228418583
0.51223847696274594
0.005777942356246667
3.0693708644289324e-10
2.8548657433578587e-10
5.3782992522019224e-10
0.22008369638908959
0.49240797001919717
0.47840686174867675
0.49187184136364726
0.49498987262396699
0.47079515365145103
0.48737680563046115
0.46013043408264859
0.50122046230421102
0.41282544566569324
0.3261306499290838
0.49189830722419325
0.48874776944794746
0.49889863488079439
0.52949035943019784
0.4774325762974504
0.01063801796735713
2.8990599254788018e-10
2.8422078335111534e-10
3.1500973049100156e-10
2.7541930690285008e-10
2.6797309428119648e-10
3.0581749088661108e-10
0.4622241120136289
0.49277208161905445
0.53427655225861215
0.51083522820641492
0.45772926968198713
0.50296659050503745
0.47779735908806426
0.48109703545708521
0.51334358840804584
0.49612567812886282
0.50379225013165174
0.47314751710668329
0.52855271498964029
0.47678038048364846
0.49676995472575058
0.51457386739411237
0.53278547551489519
0.50602702289103041
0.45246616833138792
0.38638017202041514
0.47959487087718916
0.51690524320732667
0.42839909910648621
0.54516529210788345
0.53005150423892189
0.4744084179647734
2.9938685206822059e-10
2.8897870299607368e-10
2.8594472383314424e-10
3.0256890963816455e-10
2.9696033230393375e-10
2.9483267157734472e-10
0.55954049256932148
0.48874557100907035
0.49574013821428276
0.51513934852722476
0.56407386619790312
0.49059461643957247
0.46673206612843587
0.56033745555767644
0.45198837548655896
0.51014273092351725
0.51290443783114237
0.51149658113025653
0.50869094086779409
0.54148317621809428
0.52841784579047235
0.50843059257286372
0.48713608541666892
0.49608290904109303
0.31806485991633604
0.39568479763589837
0.51685876518961515
0.4750921842285632
0.53278725626630852
0.51713062267259935
0.50229055448661364
0.50730593575685745
0.0080026635387734218
2.9742885299344196e-10
2.8632500215150881e-10
2.9299533647228406e-10
2.6251636418909435e-10
0.4296960780754232
0.50043641356161994
0.49906956833221316
0.44807397387343051
0.46158082815754387
0.5068216258153756
0.5226101365938115
0.50657159645864813
0.51857578158729989
0.49933498817578709
0.53146600799881738
0.44742031536090959
0.51951244214875614
0.51132163318045742
0.48000182624511883
0.44733176455346602
0.56743171081563881
0.53422472615190353
0.59001628092758795
0.33360893656036827
0.39058138863617309
0.5565847905880752
0.53440981905078111
0.50515619013024282
0.49655583404295134
0.45616834377484039
0.48008545537730291
0.47117592407521069
0.48846596702241502
0.23264861832781239
0.3624122356765333
0.47493118751356544
0.47601910721831464
0.5157959241026252
0.47535672135399065
0.55403583877407669
0.50652070645436542
0.47391915218325831
0.5335009184877495
0.4778161225333894
0.50476918714224239
0.48629174622684307
0.50066580426165619
0.48878543257471524
0.53407622185539483
0.49914323725383369
0.51604807511143203
0.54036921782721226
0.51753118813068844
0.50579921997662092
0.50192019512960773
0.28538136216359811
0.32389909207592199
0.47435197404098733
0.45446609094345963
0.51792394370177153
0.52073109778413995
0.50819933112377635
0.50553946802705008
0.49635124467305014
0.46169074360808354
0.49696009101366712
0.46710668643271264
0.49860065378331686
0.5087913205664617
0.51358162236337612
0.51186703768753716
0.55069815230734209
0.49887873471653388
0.50817069113422786
0.47049573860175053
0.50480249117390752
0.50379916199423636
0.52590367258062853
0.53896972686233269
0.50959885529128102
0.50421869910089123
0.4632616771063966
0.52246352762166526
0.53753060680136533
0.52782040140408759
0.48802858456212245
0.47209038983500612
0.30979639150110971
0.38758456440147893
0.52245105725258456
0.514760738865225
0.52097682849754179
0.50848888834576089
0.51862550437031207
0.51303079899089843
0.53332693405696829
0.52104031073073642
0.44423609669258363
0.47160863422536703
0.49931990771839441
0.47308356977658994
0.55701228016606685
0.47351131176480138
0.48666307057004926
0.46316065886776814
0.48836583790552074
0.49175144846199792
0.46330254122545544
0.47893602002906338
0.53841505407074708
0.48789539870643472
0.48541570532904471
0.47808971949687584
0.5220964414972471
0.53129409486064971
0.567488177150553
0.48679728011307433
0.46529070840015957
0.53094637180750603
0.35407477654672453
0.27846789863981197
0.49412386689789117
0.52406290337065364
0.48366676899249222
0.45724407017572072
0.50575958864260417
0.51694375243504809
0.49756174565489536
0.47682583726747552
0.46072580222129805
0.46876254644833898
0.49380185857451819
0.51869978007827233
0.50205831023808756
0.46246271709976472
0.46700967092335799
0.49341985960172757
0.50976127702981533
0.52099798258943086
0.57020261498726676
0.50779575287151801
0.50072168320785548
0.50871848678386022
0.52309327911644643
0.51675214197121289
0.51562989254133829
0.50626934872844476
0.47475814006856065
0.48491049162366706
0.4936330865982741
0.50796061828549799
0.35093749615290981
0.31548376299889791
0.51443087781561481
0.56166061370501708
0.502213371679474
0.47606689343461606
0.49403434711945821
0.47643570672724445
0.48459282503253492
0.49254737820153177
0.49945241193462858
0.48061601792254377
0.50804567376195187
0.50401173042159175
0.47454110759559409
0.48090792784631747
0.43585965495057011
0.50890976897194706
0.50204890715950468
0.50704245850199336
0.51072080391463004
0.48903223028344123
0.50469235433453019
0.46154819335327235
0.47675273401503243
0.47755003884693487
0.48389494231142954
0.47782786098031688
0.49493494180517994
0.52065454222493357
0.54965961287975695
0.46717965771824754
0.37311144780016359
0.36737352739606133
0.48378169026210166
0.51456691446522562
0.54898448768084407
0.57733148862731321
0.51132287800401155
0.48226206592705601
0.42072597097122238
0.53198583162125679
0.49205521197272273
0.47658053558275681
0.49042781869457885
0.511922088164945
0.52501253556495941
0.50725190927761132
0.51392934865124118
0.49829389554704057
0.50932041283749008
0.46129011910506745
0.49393417764215902
0.53230157598698769
0.50643979002597961
0.47490339431885259
0.50095684115568739
0.52084534327756926
0.49406198004534796
0.49815196742235324
0.51435036213704255
0.47240827007506558
0.53438717381372192
0.45827218105039297
0.35591962315233416
0.31235341442774006
0.49201719807336564
0.54252730301331276
0.47980897763169217
0.50898434532248782
0.4904011672842431
0.50966718523217736
0.49332088639849847
0.4772588717893666
0.50923406862375797
0.48687285497541988
0.49870477872048175
0.52704821050980877
0.48094911717071231
0.45321688834285323
0.47911610630546903
0.49578587223026366
0.53530387158211068
0.47378395782722676
0.49885369573484978
0.49847350047380545
0.50222735415858011
0.48513139438510255
0.47653378101069505
0.49328028763967935
0.52015001811502781
0.49054206039354459
0.4891660565810439
0.49538052515190178
0.52218132494822411
0.52900834148593845
0.36627131041443201
0.21727167125382491
0.35079695638286768
0.3264921323645969
0.3303460548254174
0.36321400153505995
0.26003119561895499
0.32728914748809695
0.29333004175546135
0.35560874151024191
0.34378636089683889
0.38443206941941027
0.42102826316843384
0.35142908963408204
0.33450201864936008
0.30880071291848787
0.34650678252116496
0.36273675594081561
0.38948548387415122
0.30030891707023444
0.42157737759512104
0.37429489543742506
0.39493941121048121
0.36806492553255787
0.33045653010414405
0.34033069093847262
0.34584777707644959
0.3208317233415735
0.36182507865700447
0.31936509965839338
0.34352420687672486
0.3290521068937261
0.26433546471795
0.28822384948894475
0.3527168446871225
0.30449970455631392
0.40503837610647131
0.38473976931193332
0.36454656793147872
0.32371918687510087
0.33998866381202386
0.33771218219081106
0.35856221347563139
0.3242123201691926
0.34388190671333801
0.38652201585952917
0.36961068182573265
0.3156106032869142
0.31884349390773337
0.34821391744668045
0.37723642261056695
0.333306669990729
0.37405238853077122
0.32207370191065071
0.34149495099212429
0.34525707296701108
0.32081221982257307
0.32955715771391964
0.37338351029725908
0.37799396857808648
0.32875675861914616
0.33478144445490371
0.34505250294429468
0.36576482143041744
0.21069924890488134
0.30498158543940196
0.50077363671836905
0.48475389689834458
0.4860960255548224
0.53045766827687812
0.47468984983953055
0.5438301618190009
0.49037059909347247
0.49899173811755848
0.51085320674519019
0.45269476290031657
0.54154441219760496
0.55752309313416382
0.50143590764117929
0.54057230283727176
0.52619763833137068
0.54049995691968933
0.50085347128649216
0.55616908246649788
0.51986505896948909
0.47717081829834646
0.47933500196979273
0.48247422959747915
0.4416153980880192
0.5092326513166201
0.51347462993499438
0.48040768127928762
0.47360413860561418
0.51018627098118019
0.46420984862608322
0.45338604827438
0.38342030133221383
0.35486413147498486
0.50305024356197392
0.49718801887429392
0.50452731720774602
0.49977395117000095
0.497947257312021
0.4826673501055273
0.52483369239163347
0.52235091814243562
0.48324294680467295
0.46186480571101718
0.4695554125446153
0.4586817755532111
0.5065012862622762
0.47998190248901279
0.48836172461864724
0.51498567139060558
0.49528524828049764
0.54726987949276396
0.52279579726614667
0.52319051208932255
0.51864913123144718
0.55109278091681824
0.48688660938695022
0.53552921568863121
0.49481608374907665
0.48693792160711902
0.46082423047315324
0.4950920614234639
0.46911906302193823
0.48030731093565804
0.3364544294610653
0.35404707216013726
0.48221705926175767
0.47224811289690466
0.46772249541458727
0.48513670379028356
0.45453674160871721
0.48510940835767147
0.4867942127294273
0.51490389701900219
0.48879733214534055
0.50021584084903081
0.55704181920677986
0.54559806782945108
0.4564877282309921
0.45474984214541092
0.54542377469158854
0.51873753975985015
0.46569757137267997
0.51116225445847585
0.51823697805854463
0.47016548483938425
0.52362051127181697
0.47823618821805941
0.47951705859526822
0.5052860158367577
0.49317097711081109
0.5009696284589279
0.48580895879464253
0.4967813146931524
0.44863266796446316
0.49204319755718701
0.35784971376611363
0.29969090494631678
0.46971037220799866
0.50935957733438419
0.47034756005244893
0.52141129462651814
0.48411536750998413
0.53836355495775556
0.53033635383341515
0.55825611676984244
0.43723411321208061
0.5375202123359083
0.48787642591624497
0.54296331917042173
0.50318058150567857
0.53571783194261169
0.48719108733103106
0.49902999126180786
0.48106928332233451
0.48662887454960574
0.51098456503397838
0.4639510846928267
0.48995122800816865
0.46589177296405698
0.48034048423690195
0.49751076804388916
0.42569824420792857
0.51748351723114239
0.52507419171417702
0.50352982929456924
0.50193646819395188
0.51874690212005092
0.33389413034441956
0.2955871510441736
0.49010213215779647
0.50930791819400756
0.48301491326264795
0.48136506337872587
0.46944440341595206
0.5056990742446662
0.50585637527692673
0.52180444682418126
0.4835290413179405
0.53204849638135876
0.43921609531864481
0.51072346650269651
0.52058830936301481
0.50575983970348237
0.51982575113192941
0.48503516387134527
0.47857741153277977
0.51593029456744288
0.51538387127748653
0.45363085231852934
0.46905520493716718
0.48782960130555481
0.53906283846852843
0.51713731692767662
0.47103870969252448
0.4458452459222399
0.48776759148134852
0.51597847328500157
0.49930369544123077
0.53160176128273684
0.38051542084401707
0.4619267360767102
0.5185126791049276
0.49606897712813852
0.48558117141038853
0.50608556464961096
0.53619879548868121
0.52457042957786704
0.4999063018524304
0.51187238642710842
0.5146278546608396
0.47731101587899072
0.49984683751471876
0.50453157486993883
0.53828723681183976
0.53641441425416791
0.4696492861319877
0.50921650099532612
0.47806355595171041
0.5312456682487009
0.51597701429834364
0.5057344570260548
0.53905330396456963
0.47654902451040515
0.46639147904662104
0.49604062205613797
0.52865959156493703
0.46496005822993891
0.5309975223857909
0.50899553237354767
0.48593213846396405
0.52852713852005417
0.39480388987620096
0.39781443899228158
0.51310628026427529
0.48982231685762923
0.49994246638271239
0.48659430250704505
0.48311179470275906
0.50334807194822551
0.50782638675290237
0.52693182134239624
0.47012027063314493
0.53136078557390887
0.4950706420724747
0.47024331687882193
0.47591186949016306
0.46204125741514324
0.5184124040853394
0.51011328741528605
0.46242273165534187
0.53651759208223704
0.49841567860112546
0.51958650717115029
0.48997637250178111
0.50976839388790407
0.58665309955211331
0.44442160236913991
0.50595379021561404
0.47870088331495603
0.48966607507172166
0.45580194294135939
0.53236397160123028
0.4785564766994459
0.41655517335682257
0.3780490793305154
0.50056927020295716
0.50028330158621481
0.51211903239848933
0.48623743383965301
0.45172879584429793
0.52071145841981115
0.47504635364601788
0.51791691640324378
0.53123918579681784
0.51750981154131526
0.43102312230593132
0.44994389541378182
0.50252325922706576
0.5028480024661266
0.49764443848976359
0.44703381871405684
0.50532671780624627
0.52259195506648159
0.55100971371034224
0.52099269332916875
0.51388860471702846
0.49971866049172298
0.48468250428507659
0.47549975837652964
0.53459315963264642
0.53311457404635676
0.55170473255086105
0.49450213715769642
0.47317461790350734
0.51503563302735089
0.34481686235542347
0.42106585623365211
0.51646571737248048
0.52724793657993729
0.548726194284469
0.54491745254255497
0.49730388316364021
0.47405669766290581
0.48145821922237125
0.47628450902932096
0.53772754467099759
0.50950412150898572
0.44808205646831911
0.50056086868930205
0.52014425230841765
0.53839125090335904
0.50221798245744842
0.52010381764665381
0.49675177805418913
0.49464713214376388
0.51678509743196932
0.52731888399505611
0.47491707247259152
0.49391438602286075
0.51172878549714851
0.53124185417321845
0.50576800831391133
0.4956819300752075
0.50598558205191158
0.46089744783472059
0.47088507084663594
0.50124476580560984
0.46332115214131653
0.37647204155048569
0.48656157113236653
0.49790455636856351
0.49848588205987265
0.54341753491240219
0.52559324582208766
0.4789631486195281
0.50957109704696257
0.47841427390049002
0.52471738580891525
0.49709646609499242
0.53767109676105207
0.55005439530728206
0.49882081186054505
0.49837483016538353
0.47507892191948276
0.50319278601024919
0.4805846628983817
0.50525176988519893
0.48334700469591391
0.49700456107250307
0.47062194207488039
0.45440716139414966
0.49753759487477034
0.48661327321717812
0.49378450848303329
0.54604261489177608
0.51817349134243007
0.49309881651380266
0.49055828762321535
0.49255226982194827
0.35740137222250584
0.3654761818019871
0.46869977609818153
0.51927018340858333
0.5179512944849326
0.47220730212836282
0.51367376283531596
0.46061038067031695
0.46890779714405401
0.48987704769568197
0.46068877949005699
0.47703367582997236
0.52545607474920863
0.47256363528028694
0.48265371083721009
0.49828278080111171
0.47128321764881537
0.50489183553440409
0.49973676667799793
0.50763411341761189
4.059774717516407e-05
1.871834327799204e-07
0.0021145565088742562
2.7033394998527746e-08
2.8815521262966029e-10
2.8706572782629211e-10
2.7950906935581727e-10
2.6698129637212968e-09
0.49049434907562178
0.45813197451181492
0.51527429399694813
0.53241231267889133
0.33103295764417479
0.36790182402934057
0.49275739612554309
0.52568304027578494
0.47219656430965179
0.54637241049244378
0.44080373906014747
0.52165360374831304
0.51850476962239589
0.44554426113489443
0.50660829960188969
0.52089317248589206
0.51310081964569287
0.48288640815544348
0.52160164555746147
0.4970131104784376
0.49487206349908625
0.48609330694770425
2.1335662540272321e-05
2.7281607753206348e-10
2.995591439221707e-10
3.0969571118464304e-10
2.7153916434780653e-10
3.2931338302016585e-10
2.8525740016578969e-10
3.2319313910626296e-10
2.8827615569537858e-10
3.0486304205512317e-10
2.9831681291773673e-10
0.44186036975650372
0.5086030220704657
0.50769474038277151
0.3128631405241955
0.37933696616529333
0.51687707750203415
0.52795160325902413
0.51992066510738877
0.47304147898794136
0.49142226894169633
0.54454565825576329
0.54512341121778662
0.51858218040332305
0.46864353508707762
0.54404270223484974
0.50299064545984307
0.44412289357824158
0.45838768832660465
0.51706048314445752
0.53905522191830735
0.0090224266842610559
2.9889052826485282e-10
2.8067865750965622e-10
2.7745661706233224e-10
2.9517383105080499e-10
2.9277924449198754e-10
2.6654529648048197e-10
2.9455270888495827e-10
3.0026594254904329e-10
2.7986929173434807e-10
2.6911194323796689e-10
3.004609922071172e-10
2.0783545206399324e-07
0.48918527368704207
0.47465318009540453
0.3757399451947161
0.3414167175314583
0.5125546096750262
0.49298466842280025
0.50346679369627345
0.5321076347740159
0.49485112702424283
0.52311299857076077
0.50915551304132711
0.47815116656417339
0.47036199209794305
0.43400683833387044
0.56366235633132422
0.5347463825846841
0.51794149728065908
0.51054034540200677
0.47546068736361241
2.9901263815155569e-10
2.8571645160183208e-10
3.197527935608872e-10
2.7953042663122953e-10
3.2684953990867195e-10
3.1165408271336006e-10
2.9605978609220761e-10
2.9489554656364939e-10
2.9958134492774051e-10
2.8132980870471062e-10
2.8383472943364662e-10
2.9982811641628693e-10
3.1493498700968771e-10
0.51462224257323508
0.51840926458163428
0.35022246234822357
0.34960420606466119
0.54311093635802765
0.53386870723207436
0.52942705408663637
0.47074267411542658
0.51399741991399317
0.51576890962566457
0.45872881298895446
0.51386878424532922
0.49728124571287213
0.54323474520956339
0.49504102307870995
0.54247404810720334
0.45910053806083523
0.53102724093795406
0.45586035865086733
2.8277108158419397e-10
2.8548968585847048e-10
2.8980812146871388e-10
2.8709945601927343e-10
2.8364430672203619e-10
2.8605037731417939e-10
2.9788688973767729e-10
3.0530755440312231e-10
2.9327644625060783e-10
2.961067381673347e-10
2.7996057103090733e-10
2.8753050087641714e-10
2.9593715746677367e-10
0.53908174046223012
0.53486648407459914
0.3428612320503055
0.34162988043708947
0.5006630757136088
0.52468550068357533
0.50785493190129372
0.51143746736413709
0.51789163401509464
0.50896978192271813
0.45401319580075405
0.5168905365209433
0.53349237581657039
0.49046848408662347
0.45815126008131934
0.48069906587402922
0.5259311165957169
0.47703206934093739
0.50154093296607172
2.9232743979616024e-10
3.1716506950515477e-10
2.8395411930730493e-10
2.9941839776700463e-10
2.9454105664815111e-10
3.0068470538766094e-10
2.7174669269234857e-10
2.8123822180905985e-10
2.8770819735711082e-10
3.0106194955286053e-10
2.989780981745711e-10
3.0245397410598826e-10
2.9603661164524434e-10
0.51825648752803188
0.46399831123958341
0.30615102215080914
0.36579149885999679
0.50939037262187736
0.50913926186940894
0.49702243050578365
0.45918527676764825
0.49354396467070577
0.49139156243071325
0.00052044109121046655
2.9368252360529505e-10
2.9924097073322838e-10
2.9592487314615786e-10
2.8372424699333758e-10
0.41023465471147796
0.48310519970261007
0.50474084916024897
0.46642074043518444
2.7402536082729346e-10
2.9858915031469392e-10
2.7735882897838445e-10
2.9269677787375029e-10
2.811036568166572e-10
2.9409339007984353e-10
3.0366831422889023e-10
2.9645552432101401e-10
2.9171117371819563e-10
2.9967945907114857e-10
2.9878115518266221e-10
3.0169004658944178e-10
0.009620570073026781
0.51656502178011321
0.53219986364069161
0.347475909056083
0.3176123674686222
0.52356993326531731
0.51197849342148838
0.47793889668706574
0.52962728104226331
0.52817910536262247
0.0037157399231865403
2.9553847776347474e-10
2.9900087848048342e-10
3.1068147920903737e-10
3.3255469482715077e-10
2.9103381014011601e-10
3.0222390624624292e-10
0.44560693579074717
0.44960375326793722
0.47943316238810335
0.23760599113331304
2.7815110659510431e-10
2.9392610202278471e-10
2.8289592831996442e-10
3.0362483333240545e-10
3.085945880082184e-10
2.9012311368191065e-10
3.0918034508578643e-10
2.817285587077751e-10
2.981568867378796e-10
3.0777213609492906e-10
2.2455488680141362e-08
0.47446547382027399
0.54009367923058249
0.47695454076621846
0.36218220223677122
0.36331783693354891
0.5065418422510497
0.58856213282959391
0.44176817067289487
0.50108978558794726
0.50590301133957005
2.8746185149867196e-10
2.8109612243560191e-10
3.0060593906648787e-10
2.8784508124848257e-10
2.9056110212284336e-10
2.920467252927819e-10
2.9002955687955801e-10
3.6811983449585452e-10
0.48467420092628299
0.53673320342264463
0.51116636133979954
0.0033251819083972944
3.2182356977692046e-10
2.9194591893695554e-10
3.0238924535943657e-10
2.8660769670516198e-10
2.8262475111963349e-10
1.8679529592814704e-08
3.1707592046747345e-10
9.0495588810208074e-09
0.33480623017204114
0.49098790739088155
0.50412372434874164
0.51367829079249205
0.4887374525640078
0.35029184367277189
0.30548121923888566
0.53439718098539235
0.47449123354000117
0.46833829226293971
0.45800175946895016
0.45367206799899146
2.9838893537880633e-10
3.0579440606043811e-10
2.9032655145285848e-10
2.9791597100745504e-10
2.8471488647920603e-10
2.9897189177735036e-10
2.8601492184395436e-10
2.9552831050560234e-10
0.48174548393367145
0.49702153232915042
0.53536406404490067
0.47247190391810046
0.44419836148631442
0.012065807187642549
0.000101722172146508
0.22311446248247738
0.54850614453557833
0.50053763147715491
0.48064588207676218
0.49683315149652357
0.50856754208660704
0.48971543693778391
0.47714483874972796
0.54013820710358929
0.54998695245188178
0.34248078045380198
0.30066564557745107
0.48716837030396337
0.47490339082530553
0.51149633888130785
0.47191560539436828
0.42924266936014122
2.9544799091747822e-10
3.306425028484475e-10
3.1777594485169793e-10
2.7285635660042339e-10
2.9460281138504042e-10
2.900407117118016e-10
2.8027039603059798e-10
2.9374653606598912e-10
0.48461998144429969
0.51502061979796865
0.51913257618734299
0.51968621721350283
0.50143182866204183
0.49170015218018948
0.49230158656003337
0.48595495718523402
0.49842483848508551
0.49284416625034705
0.47479959362512192
0.49779810151085313
0.47721611323325774
0.53253221808636886
0.5196064550446623
0.46314653748363011
0.54112811495290547
0.35050887987798063
0.45364773664203956
0.48553374269149618
0.50504870886805098
0.45464372611119169
0.48162643524642729
0.50938382467062715
3.1642023393956897e-10
3.1318015113521724e-10
3.123791319211943e-10
3.1658974603844083e-10
2.7368944515454156e-10
2.8542349749521786e-10
3.0502810882716608e-10
3.9444893139020074e-10
0.48052621509583565
0.54522421468043636
0.50885182552996944
0.4705781101662001
0.46856756644292397
0.47054114192374408
0.50096560769039267
0.51748421187572591
0.57555343605869669
0.46226786166037959
0.48498068488266582
0.47677586299306723
0.5254810056435294
0.46238920401484157
0.48234558300737834
0.50690348695355913
0.51171676119943532
0.41235162325845759
0.32712892325514437
0.51442364378784111
0.46023557293134193
0.52705939463721307
0.47121092449242752
0.51067979095202254
0.010475731784765937
2.8113089381191449e-10
2.7873931836107545e-10
2.7950668547424898e-10
3.0333460213573918e-10
2.8487802458132904e-10
3.1404028775092371e-10
0.4883937072759183
0.47641114171061311
0.49999760928450354
0.5312648474901166
0.4874622535343901
0.55271166567230712
0.53223960007932991
0.49532611707792557
0.49931562533933821
0.47799124806514998
0.50811735928000989
0.52476126303088055
0.53701282379391202
0.48869832873685376
0.51582622506843556
0.47092814565275476
0.50576724008843077
0.49318600636373677
0.30725318994723744
0.33659250145478309
0.47266247293847991
0.50329252302589755
0.49401442830250009
0.50587773786578494
0.50667050799707136
0.51185079278630052
0.006722209162246689
3.0404064956518824e-10
3.1058988854978657e-10
3.4040759203986946e-10
2.9516189091002418e-10
0.39729179332170766
0.52965070915832291
0.48950181498277046
0.49979887336939377
0.45312488537041345
0.44401882802808795
0.4537616652040552
0.4861928655621216
0.50649981922677645
0.48579302888655557
0.44460264985918713
0.49275962220079766
0.47102180236042951
0.48099704936867588
0.48547386761246469
0.53495919412047321
0.51100367455634177
0.52374719023973393
0.50659510701895305
0.36606497340497002
0.32531535655562915
0.45108266522662321
0.47793416926250676
0.48232217143847589
0.49728527503188552
0.50377861535321411
0.56858957363078977
0.52443772372414488
0.50921187111384059
0.47111253799539826
0.49022085147921962
0.49517083322628497
0.44398385907075522
0.45650317991166822
0.49677727904268343
0.49311672137786222
0.51819204320255041
0.47300632974198636
0.46884952835999211
0.46579085128416664
0.47873020069477595
0.53542668083248313
0.5177806258992671
0.52034942324990685
0.55750028569849386
0.5091575115337974
0.49876026449899741
0.41983813999529307
0.51240812838607686
0.50057854488720943
0.50198056556638726
0.34033366660918662
0.37443685177506603
0.48433523591292127
0.53542455325177285
0.51386580785940972
0.49103565135337796
0.55572516999036015
0.53917549316898894
0.50762860878337501
0.50752952301309484
0.53499828274429229
0.50365980085582329
0.43909528834431272
0.50154296839424661
0.48911877116995878
0.50942227683025099
0.4703591281429379
0.50641600415711185
0.49817045080637434
0.49999717292045032
0.46655180264971291
0.50959768088578328
0.49521442350319561
0.4888321820131834
0.49587586847488041
0.49859491371759279
0.52511650152139056
0.50322521305318779
0.49022789427877472
0.50542382137191422
0.48868480917227319
0.4928025160820278
0.35646657529892883
0.319863504686903
0.4925032837728206
0.53253685250154259
0.50092705021269401
0.50030851679656763
0.51410141752360672
0.4682497222432711
0.51886768453263243
0.46106878781924199
0.54091563030815626
0.48568785183980961
0.44135501190714027
0.50738033391954573
0.52447884983349291
0.49639524550662872
0.50911883365793142
0.50859935647283705
0.46809665718358556
0.50989164863739533
0.48333154084329527
0.51146272633820566
0.49685183332122912
0.51198127197363541
0.46864424479824052
0.50555376742673985
0.51784319644831545
0.51357901882291968
0.47226917423632148
0.48550813012418936
0.5115738514556819
0.53947079092910089
0.36031621904361555
0.4868184964666315
0.51164935636412467
0.52411178446013329
0.48564612765088555
0.52506124639844221
0.49218411740274715
0.53000895980888851
0.47025713556794102
0.48189534497407877
0.48371021258482488
0.51734784826550384
0.50006790719643424
0.48539049736112838
0.46708895691740226
0.48110681246082049
0.4771405934397942
0.53686871541174297
0.48727740672960157
0.49995007034815858
0.52536668372003181
0.53145310200380114
0.52115920216436884
0.49153955041592184
0.47087596282449978
0.50525921550902153
0.54450029543935974
0.48804980849612439
0.44920977594633482
0.47507004820873344
0.46662579551811012
0.47764239147170839
0.37846328265699231
0.38683866240366721
0.56437106551188365
0.49228995967584499
0.49258684784253848
0.48645539483075395
0.55022884463267452
0.51982062671574969
0.51516638820326188
0.48935367624475007
0.50785781446117251
0.51424332737819478
0.45655980985350142
0.51507058552987561
0.49294874088933033
0.541791670480682
0.49496225810640132
0.47852517409798978
0.50686402680190168
0.5064955020590366
0.51144835914629083
0.48806046552210991
0.48044116568039896
0.53144330471134515
0.5296383821067433
0.49694352338250875
0.46505897779194244
0.51884979428687528
0.47806560988718555
0.49827431176480158
0.51254308980040353
0.51527374411188165
0.39064668999783975
0.43455837670840775
0.52601762349193582
0.48698593697867593
0.52154240813034902
0.51166843780928517
0.49846965916722324
0.49239293742272944
0.51946704722006898
0.48116943219581759
0.488942531508536
0.47505068758636437
0.49174416120046271
0.50550688866328275
0.50361111990815322
0.51885140215054293
0.49974486501026638
0.48752290728456293
0.62874104642326822
0.54303934525003483
0.50484297044201354
0.44911214564060326
0.49656904341408697
0.52687966065567038
0.53897303176612132
0.47058867796033876
0.50841528724728802
0.527757219182034
0.46041883495303354
0.52881344501222027
0.4519310263269482
0.55492228160026902
0.3032085221309273
0.22885134280177022
0.34269477279918886
0.39727033661746941
0.35978656023928229
0.31496352440436337
0.35967379191448223
0.34549634771375687
0.40001500981200566
0.32275434090662608
0.35110359568688071
0.32844162157604806
0.36213879720409764
0.32009042696181106
0.33960698824397034
0.35378339579201351
0.43256275648014936
0.41131808122996788
0.47430059748430825
0.36812651358196247
0.36191267608756628
0.36432518010385628
0.40272322712170422
0.34085639759139374
0.36069683635493177
0.36159915206272775
0.34346768906607655
0.31282721445097733
0.29100527218758376
0.32423702238375995
0.413371696638686
0.30704559655502928
0.28356771833438305
0.20335716825791764
0.32306529408317597
0.3188885244912722
0.38802931094195503
0.36104107586228057
0.35829164243460027
0.31932036772172695
0.34359287089867657
0.41549904662317244
0.36577202448998752
0.32363822034109102
0.38071126017460111
0.35601701082535586
0.38096125488771015
0.38717938718847611
0.37961708528652438
0.34183898227858356
0.37935324502677342
0.34664163982203144
0.36318052243950977
0.34817367248320608
0.34631761152737933
0.36150597897382009
0.33333439235023582
0.37990231157318743
0.36831616360160541
0.36909848718443966
0.31923736948084286
0.37492269880774487
0.33334668735798245
0.44565592513039753
0.25238568198609429
0.41791484029273568
0.56857266070579671
0.45377288204677801
0.50812264963165787
0.51700234539431367
0.49600585101557754
0.51236573606939251
0.56298889239644412
0.50526530378022672
0.45666967354545462
0.51172107483887863
0.49854607314352545
0.5223968368431009
0.49996447021304402
0.50699264992551185
0.47544853678522009
0.52186055322081148
0.47646404107025214
0.46609273473485302
0.48943944417205265
0.54027286022466059
0.49114145192496539
0.47202528925288384
0.49648288799333562
0.46297394193788161
0.48553824451558608
0.55628085838968566
0.51872958828380789
0.49558308342314261
0.51130220941357518
0.50939425604866473
0.34008548087084645
0.37377700823393961
0.50343221681672334
0.50287504785733461
0.46869703826764947
0.51683290097238321
0.49432555629425362
0.50252752699748726
0.44359229253412391
0.54205837682910663
0.53170318087460433
0.49279689659257403
0.53069576276787989
0.50977158584423676
0.5280806756538089
0.45847873523573696
0.46430975926904994
0.5051465897133619
0.45773376695228857
0.52869130479587245
0.49283341654584317
0.48450281932940803
0.5314025886209699
0.47637688986022314
0.5526076932808377
0.46103779978135206
0.52278741709115795
0.49969862842952606
0.45364615229513222
0.48350522610398666
0.5006473321862499
0.4682396155867512
0.35177453072219689
0.29513893377751516
0.48763437416557254
0.49014489649816562
0.44583703837599437
0.47685681248959255
0.50137174718364519
0.52748930198495414
0.50490260989021885
0.46992024164881036
0.45815975923027075
0.49577001857660757
0.44739069274178794
0.49347059357273992
0.53852271775213656
0.47532132111719272
0.4808726595375562
0.51943637761686556
0.47717990814558503
0.50083703714322947
0.43012082886607172
0.52655809444547086
0.53685053155090245
0.52966853872644071
0.49014951650479532
0.51598894824023089
0.48430477187662274
0.51312794067865564
0.49019213646809501
0.48781803281837549
0.47708819534484692
0.51500195747814348
0.33268312213878404
0.38206334140095116
0.50188869266529013
0.50337476984999685
0.52056313819303368
0.47182447563707791
0.54804599552044264
0.49229832530793405
0.52651166772340041
0.4438908090548177
0.39301186818576272
0.46250465064644036
0.5285243945272774
0.54886005216981726
0.49529930234265201
0.5302898262777711
0.49382132137317747
0.46281858632704642
0.4719324295143511
0.48078522131099388
0.49611544161067628
0.52457340348887582
0.51298278479592985
0.49228109723972063
0.50307273453291024
0.48451092024875403
0.47477201802068852
0.51703156088452595
0.50847872541007877
0.53035784523767449
0.50691621860368807
0.50797219165704166
0.33495684397982467
0.44435483134351317
0.53866266700156629
0.47823599845800058
0.48924976334482445
0.52934819910109598
0.49440784136293903
0.49921949400761645
0.49954950618402355
0.4862479182293718
0.48959256002840179
0.55844739256617348
0.51159024490499228
0.51091477011491471
0.51734394212389923
0.55350068797070839
0.46790514400721672
0.54269903367412198
0.49357687750392354
0.5058302251245087
0.4893818163388467
0.54855883003138817
0.48060786238028308
0.49720848065723017
0.48156120989845486
0.51006066256553184
0.52773504563028062
0.44782272995306477
0.47257787461137962
0.49865843951778421
0.48059934271840377
0.47100159140082287
0.36961236450743301
0.35644597630126346
0.52643468254769443
0.49070025486270752
0.51323258525242754
0.51889029681348642
0.47724293560085773
0.50856655837240317
0.55076660230352348
0.48317421728014165
0.46954811846542993
0.48951873153314063
0.52070141953697791
0.54280531827920664
0.48944829250944816
0.54414196884036048
0.45767468137156725
0.46888381458690143
0.48690002453021974
0.51460316957371122
0.48382885314895263
0.50555158221291252
0.57647848753237474
0.48937863972923118
0.48604865933162328
0.50995840805320081
0.49611418676251434
0.44678592120681876
0.47489921899722376
0.46266223811630697
0.51408132609728607
0.50444450713158662
0.35878149501405859
0.30425331933613131
0.47408013003154215
0.54002975250747287
0.51874930740980174
0.52071176028974298
0.47873505004266859
0.5374823254651937
0.50681148590967984
0.51396008751762712
0.47820605244500369
0.57112079976890773
0.48917880807627895
0.4709464303332403
0.51705688333406097
0.46643939515681776
0.4885655039993656
0.49944971822318757
0.50638780332989686
0.51229916434349221
0.48689449190659911
0.50862332833683577
0.4755372405683862
0.56501696422612391
0.52240024952221797
0.5495184136896698
0.45185539260112606
0.45808044780179868
0.47387857690972235
0.42566800345857025
0.48261828410530938
0.48666777162906072
0.31132523001428897
0.32064420425240608
0.47651983771774142
0.50654801728899335
0.52584215057040085
0.48985071528340279
0.53434618709231108
0.4869518359730205
0.46554721818854211
0.51229160844386123
0.45330858801537843
0.50090510505847552
0.49255190113746961
0.48343326616179871
0.55765103372080194
0.51438231257162492
0.49311790407200395
0.4940612932208498
0.50663248803387562
0.50326317879684768
0.49387176844341751
0.52844006185923686
0.46472053546087877
0.42519310918340514
0.54057752252936975
0.51217576640347473
0.48969472420499055
0.53370757943612623
0.49887221776930901
0.5180681041485935
0.52687952847942743
0.5445985265676111
0.36946468031564622
0.39284854034754979
0.50955064276980522
0.48055030360026924
0.52025062108332465
0.50952780797177633
0.4978731254433188
0.4940582122493743
0.50507331482586948
0.50810863938360706
0.54017625445519568
0.50423015630631018
0.49781944769089953
0.50181841308365649
0.50346720109567944
0.48384505294439067
0.51054792652310976
0.50402587462195869
0.49281088063308937
0.5562620872185382
0.53328578176493169
0.51588765898527789
0.4874195322110228
0.5001409742093913
0.49552385985799619
0.47229255682782367
0.50388369792025745
0.48441205413242783
0.48682649128494637
0.53692301024024813
0.49653899054649814
0.50014332996201272
0.38776240836868359
0.29791763133339588
0.50370886069131882
0.49412260396811319
0.46842518640527886
0.47953672472096265
0.52091280053850764
0.48462914962614134
0.50817388888462034
0.55535890981737945
0.52001943469127065
0.47299262436858319
0.4807928013867141
0.49751693354190485
0.49897532315637644
0.44217002399747779
0.47794831028437451
0.4868535154265779
0.49828135683427849
0.48493912422309315
0.49338446785181611
0.46929109400949875
0.5188659681600758
0.46889740928618656
0.49381860786205156
0.46963422646151626
0.52992924688211851
0.53589898730774865
0.49325294830012228
0.53069269179635481
0.50105543319220369
0.45415648474004994
0.30746506138346885
0.40046536729003995
0.51318478270933399
0.48492037933709226
0.53543090973416452
0.51640672191547665
0.5123915259859344
0.53962209496751234
0.49666584284199738
0.55230282965572519
0.49472506801683452
0.45499466913773617
0.47354509712779824
0.45455558928964745
0.50875651993783677
0.49890261556462978
0.50975394112225125
0.47783209654520864
0.51769630712639736
0.48535259409935988
0.5079425431564536
0.50929576323916481
0.49856933654562896
6.1600230504497347e-10
3.0884947965489961e-10
3.0167044880403972e-10
2.8282026302819493e-10
3.443937342585601e-10
0.51287830035999971
0.52805396018124307
0.52638398153010868
0.51143383631817307
0.29042940080556945
0.32971239458593415
0.5028264887270727
0.52088406766028805
0.46124841362183144
0.51192544141414054
0.46052972784811791
0.50724696488098564
0.4723178194601993
0.47732024299350284
0.49176874569699136
0.52798685507415388
0.51161272322720219
0.49618194596315862
0.48522465080867383
0.45896890561120596
0.46863147843527514
0.51701955147019396
0.51773439426921619
0.00010853152026890782
2.9236893626172444e-10
2.8572175331867624e-10
2.976539722474245e-10
3.0562922648802215e-10
3.0113456448848887e-10
2.9380120299328046e-10
2.8874894157549177e-10
2.9217499868458185e-10
3.0091151630754019e-10
0.55357110896824036
0.51518694837401824
0.52691649587535594
0.35413162962753325
0.34121482892722915
0.48765330289026565
0.5261425517159517
0.51562018482367755
0.49186126376717176
0.48159676044273225
0.49280580287007364
0.49279886209547319
0.49383200323323323
0.54851116901139851
0.46171038672376946
0.51713694762912754
0.49847711925900423
0.47161888175234812
0.54176960038053856
0.49119953223475771
0.48500593294269118
1.5059164439349252e-09
2.7790059911573061e-10
3.0364716428796563e-10
3.1009450629530892e-10
3.0935054550922998e-10
2.6062448649004164e-10
2.9127028334770874e-10
2.9592757276407723e-10
3.0091788947050602e-10
2.80915615236473e-10
3.1690216394957465e-10
1.1059554095621355e-09
0.52688395903450658
0.4874147679099915
0.31476167716810161
0.37680122274777977
0.45659547359863939
0.51458189618257888
0.46859730718758547
0.47060213349545721
0.48969671418781852
0.49627438647247407
0.52164479454267798
0.50988432243957915
0.50900821339061264
0.53754966974772522
0.45506627299741925
0.53941075082655876
0.53596631960265362
0.49783259326288815
0.48185234671615312
0.37275450114043707
3.1496309017499753e-10
2.8571821013946163e-10
3.0020557347244063e-10
3.1263314395162326e-10
2.9900777225556863e-10
2.7293926461960463e-10
2.7695224586307465e-10
3.0420372294097726e-10
2.9285451177123901e-10
2.982075298621349e-10
3.0320663783871681e-10
2.7289584764907678e-10
0.51973788888300587
0.48281298328157779
0.33214083247799847
0.39951178734490528
0.47737810288318289
0.51919058877254798
0.49013204467050231
0.48527166346817213
0.54847803183171939
0.47953484724604423
0.46031581606921534
0.47981591393459017
0.53022543334212013
0.51037592385240538
0.4859265337332988
0.51136201240715606
0.51363983117412526
0.48443249392676391
0.50222149277754335
6.143019197425763e-05
3.0213907297312731e-10
2.9486582564745934e-10
2.7280977363696185e-10
2.880735014118482e-10
2.8997338168451216e-10
2.9881275198113802e-10
2.9504126451444069e-10
2.9381551446180145e-10
2.9039697697672857e-10
2.9819506550288901e-10
2.8848335583679129e-10
3.0054467502531263e-10
0.52950235031504389
0.47900498816267723
0.32322776243859108
0.34708556730534745
0.46873994028369148
0.49919557683822791
0.49984315532702683
0.51094085297959435
0.55733511167254979
0.47989784367870236
0.53868533436267063
0.23670439369085189
5.2467329929911142e-07
1.0896134182848923e-05
0.42200059742254814
0.53183935727351017
0.48656186711118338
0.52908500293636807
0.49329090706255407
8.5673364045873394e-05
2.9285436695047832e-10
2.9283160985295908e-10
2.8761377807020509e-10
3.1007297274947287e-10
2.993495546933631e-10
3.1058572809200303e-10
2.7674828527059225e-10
2.7169007131699346e-10
2.8505536856648292e-10
3.0724817779332145e-10
2.9043958748717198e-10
2.7325214858394163e-10
0.50494485002136225
0.5572455426855577
0.39964069213822079
0.33267381557654813
0.5092704776114233
0.45832004157457262
0.52289579273855402
0.50388425376749557
0.51592565528752676
0.50209000931551739
3.0892289455292193e-10
2.9584946164543299e-10
3.0385247848009075e-10
2.8746055790534581e-10
2.7686319487607064e-10
2.9863433707947194e-10
0.50363361719578448
0.50513075397868668
0.4844950828641561
0.47548962387093874
2.9281880031514926e-10
3.1065464790826991e-10
2.9349227191023163e-10
3.0219000689438556e-10
3.0053088800301036e-10
2.7675274455293279e-10
2.9610189923648658e-10
2.83476460725021e-10
2.8757191383322124e-10
3.0365085314292128e-10
2.9618782171647587e-10
0.00015944626920965882
0.51473690938508354
0.49600590876120804
0.34384139545727238
0.36715431231567858
0.48251114437044273
0.52941140791899566
0.48682608659167886
0.52033744205382981
0.48846329852436715
2.8122656360310481e-10
2.7073664045992334e-10
2.7946448829587908e-10
2.8900770799037385e-10
2.7935174101070053e-10
2.8724234567081425e-10
2.8847645807233708e-10
2.7512520752785012e-09
0.46732631460607876
0.56562114339940761
0.5224931381319079
5.0093164880514025e-08
2.9718371904128224e-10
2.8986987074569246e-10
3.0612454797291561e-10
3.0889867610041282e-10
3.110692778703581e-10
2.9979460367679929e-10
3.0191089287973074e-10
2.6777829250166178e-10
2.7150066542066597e-10
4.3841608119104029e-10
0.49846836620991464
0.53692558636418142
0.54836318405263296
0.35393162541580248
0.32646330029091691
0.46081003234868312
0.4877252703901071
0.45915255164018803
0.48986193991727167
0.00026293003102350595
2.8318270047926538e-10
2.9704100342285859e-10
2.6984481721158464e-10
2.7674655989808487e-10
3.0084097628403548e-10
2.8707559112151294e-10
3.0219866397447859e-10
3.1708603715476885e-10
0.46139229460187853
0.55386757333389747
0.5121636249820033
0.56462839181553059
0.0076591986040886843
3.0065661345941953e-10
3.0011699209872304e-10
3.4376981549791521e-10
0.21442988189070589
3.5901628094569403e-10
3.059176163477814e-10
4.0410510955479624e-10
0.207359330344878
0.50185145583707091
0.44542535111374476
0.49624316073333502
0.48771517426293742
0.35481872417345617
0.44040446527540866
0.52802149108080842
0.48528378734174293
0.4934114817988261
0.48954963683423786
4.8283921079045695e-10
2.7903079666331757e-10
3.0249838490261596e-10
3.0783403679877563e-10
3.0383355294245387e-10
3.1230731217688862e-10
3.0578285354745648e-10
2.7888896550825766e-10
2.9675502888183462e-10
0.0048273818496642655
0.5509114010845626
0.52986885542290418
0.53475759074393991
0.48547568786141942
0.50943989451069238
0.46499611126974638
0.51721834283962309
0.50823628514461772
0.48633023309531598
0.48708632919538347
0.49290121690602018
0.47097556568292809
0.50087542614095859
0.52508870266432506
0.49075829648690278
0.49400233581110464
0.3439163640998732
0.37483215728318009
0.53317081532231647
0.50153954401350886
0.52472895175695189
0.47895585803080981
4.6093667464429352e-09
2.9516843884787767e-10
3.0242659188370022e-10
2.7141231590766769e-10
2.9152046587382936e-10
2.992149229134196e-10
3.0654930650448545e-10
3.0383240130526005e-10
3.0414744480289224e-10
0.0070834802704802967
0.51914205023695914
0.52744831940677273
0.52192273441619608
0.51036092698553226
0.48648398077541466
0.4648251673559215
0.55929417970427553
0.46204030457128575
0.46470428207728359
0.49844237663345931
0.52781844425150903
0.53656940171271872
0.48223879023066607
0.49277473847836017
0.4459838585311211
0.5037121184103488
0.33333366989579216
0.38699566402565605
0.45330096852075064
0.5405429401442412
0.49080385852294844
0.49951392341612144
0.0029403564330402489
2.9163324512429566e-10
3.0445766824405801e-10
2.7259870229067308e-10
3.2489361673383873e-10
3.0208149813302546e-10
2.963005356863418e-10
2.7052905472765867e-10
2.981773658255461e-10
0.52030066828776778
0.54947887638838711
0.47802243279957446
0.42792371813683205
0.51050680899046785
0.48003612732848649
0.53681194832395229
0.52997653707497994
0.52437804450627667
0.47459441692537463
0.50508362957778408
0.46793969332828655
0.46705053602325286
0.5302774373127872
0.49332368314419139
0.47950213670405256
0.50028818880091763
0.35436773283557688
0.33862927492954681
0.47842499457235249
0.52725488387527231
0.47851612247578856
0.54905087429902655
0.50603889098481292
2.7766670874141209e-10
2.7490135474123835e-10
2.9587959145694883e-10
2.7748658151344186e-10
2.6738026344308831e-10
2.8329150386962077e-10
2.8672209755963394e-10
5.593677947132443e-09
0.48621157638251578
0.49922240699047182
0.52003216386698958
0.54928554062633161
0.48443082213814198
0.56111596811809095
0.50235088920074866
0.51892783713728396
0.480839860084463
0.48312834672614718
0.52625480532226021
0.46605416476378025
0.45553429568485249
0.51057354779648056
0.48306646095259775
0.54496493705811122
0.52232343927319558
0.32115010749213274
0.35174555193815588
0.46787408548692194
0.5089736988516268
0.44758746971647567
0.49456963870947263
0.50917053696128411
0.50425858552908476
3.1928884908155431e-10
2.9176862492915218e-10
2.9299949464656169e-10
3.0159709461709505e-10
3.1680358967126581e-10
3.6686855581630905e-10
0.4298440645745687
0.47604096014110286
0.50992828918807509
0.53574990478718443
0.49169938217137588
0.50697963600071272
0.52243468710453012
0.49871324417195145
0.52100288996877042
0.48224684920998068
0.51377691157463101
0.52921342511904523
0.49692505243282914
0.53202852016702828
0.51173014679452822
0.53582686440912142
0.51667130605937261
0.52971778419537452
0.38917392011459218
0.31379299893804014
0.5038193842950226
0.43751131963997625
0.48327436848171368
0.51085874618145843
0.49379900692480633
0.52451837414227342
0.50961270065621112
0.32394399128907808
6.7734917643745373e-05
0.00011027662768717748
0.52467500567739789
0.57213774603918255
0.53836911040802149
0.49201327193592043
0.55126867798929113
0.48514881210212585
0.51384613039434313
0.49511438284841203
0.48551664332989641
0.50563216080423801
0.448406560498051
0.51393877854582393
0.52118009839203627
0.49352135658863672
0.47063553168623334
0.5080129572013764
0.52974805893992383
0.45683264868635265
0.47416627075293655
0.45806055365598008
0.33425414363926742
0.3115646692718041
0.48812027715773948
0.50386702899978719
0.50743171208858862
0.46211177296317291
0.4902847192441237
0.45673520789299554
0.49331175526004362
0.51294706552448388
0.51035887852506745
0.51554216096009586
0.51246776742859568
0.52949609976579826
0.52347306149530703
0.5031013012007971
0.45750626339404421
0.49894197324153355
0.48789159786372455
0.52812616193023276
0.49250363235286571
0.47943893760803813
0.51815565224323379
0.47467803212394089
0.44779803182601041
0.50629331957481238
0.49950817361118588
0.5077444526941608
0.51493726520963523
0.50046230965047755
0.5102929887676142
0.52310973641054148
0.36887067292545117
0.30306238600960572
0.52586943071091319
0.48599050022001511
0.47538692879408284
0.47074684518127752
0.47172792779812073
0.49682023507069606
0.51668723983244413
0.51139192480188411
0.4802869472870705
0.51376313352239966
0.46701898559196803
0.50565361465626346
0.47766867445831213
0.53234235553129983
0.50983242965949294
0.49140073922613514
0.49043585033591275
0.45657603957453385
0.48465729199357538
0.4907979719926942
0.50523237657739228
0.50573762762386387
0.48669481332386905
0.49879438791838354
0.49223815442422114
0.47405447661510963
0.51412261060142561
0.45002439026100194
0.56872257724099473
0.52682570207032842
0.40982276008554214
0.39123061963704492
0.54655864878701166
0.52713973427134808
0.54045198318012144
0.48823499355534755
0.48238633802745584
0.55234139170480556
0.50503100528004818
0.52321535961370502
0.5640480673187368
0.57314086013963994
0.56441539444987099
0.47207402114880065
0.53034124744387767
0.53549079395449162
0.48440819581300282
0.50027957587990446
0.50244374149278082
0.52339680915616826
0.51364707256326858
0.50508754285800483
0.5228705366410128
0.43479137299358195
0.47237821352147397
0.47840876590266723
0.50163248471070854
0.52454587545526221
0.49555131190700624
0.54091085623413016
0.49841331565224195
0.521347112054099
0.4214883361384209
0.29299323308288244
0.49876490489540326
0.50994634464853972
0.49875509618540015
0.46868206878281438
0.5363350899346585
0.49624220594363894
0.48507643631989339
0.49547196798303056
0.48982399135074461
0.54270017184388342
0.50843534125654899
0.46389641454565206
0.50021505690204149
0.5000596635494714
0.47778015695481396
0.51551505294568667
0.48208170246244303
0.49970219452845654
0.49528616080428495
0.45023116493879684
0.42099553224687108
0.48526142778737991
0.52619824797743575
0.45445354367286656
0.54903491134773308
0.49460590532155863
0.50716580289484248
0.48453575091968454
0.52533015594643007
0.5076223111891176
0.3551857765428531
0.30168957490446546
0.47189704276605893
0.47124076363032352
0.57546114654369263
0.52775401780386266
0.51503354845674731
0.48705801785712627
0.48910838003367157
0.49207989038887912
0.51634184028780061
0.49669849412192685
0.47607541160567873
0.46728402040474171
0.49746277949869527
0.52335118352423093
0.47126535641791306
0.5179073212806552
0.54199910178203714
0.48405946939660871
0.48579363214591986
0.47282116104115568
0.49956384557447242
0.53088910726877803
0.49787188220674516
0.48559956560277096
0.45169196335649353
0.52798840395677549
0.46254026688607724
0.49215350757943654
0.48251150381622299
0.50019392925307959
0.35262647015688153
0.26076102164999138
0.33475732799840741
0.3009371965374007
0.36688105407374672
0.38659642966458047
0.34132869311691139
0.35893029558054412
0.32245178714673089
0.30797770953231052
0.3592621334871533
0.43620765136237055
0.33892321062587133
0.38017523227719197
0.34066430348484006
0.31346364604082977
0.32359868114239793
0.30692039965216017
0.34798165337910014
0.3434378260442521
0.31845333504893852
0.37267127170589748
0.36944804631144557
0.33215807344376375
0.35556375208289659
0.37897063711279605
0.40145242326908398
0.3174281100888609
0.34471757977980289
0.3010965287472761
0.33993032114306931
0.41314324973461225
0.20421705098046691
0.2400808515106822
0.29897495839068838
0.33936239625632303
0.34378380291306687
0.30790691113102936
0.34436904184449713
0.32740032333573321
0.30560256242816491
0.42494496598356246
0.33650066930924677
0.34620738934519985
0.32620578833792313
0.33375144485452757
0.36799732501557181
0.30556642713839294
0.32737896421968415
0.37039505519262261
0.33707865599384218
0.35348998244221397
0.41312591975213492
0.42050163791820189
0.40650750171097277
0.33307519813067549
0.31037924170990067
0.31042534688340778
0.33188670530967967
0.42650900507141304
0.37194996630699906
0.31843393133703357
0.32211348821183433
0.29130497402950806
0.3128703096959588
0.34560677519953897
0.55468711932273307
0.49450637460006225
0.53852078558103211
0.5032600091051036
0.5232765390596279
0.49467280556704002
0.49535155375067175
0.48778977870624385
0.53531101117712365
0.50631023609869563
0.51955606822756406
0.46291424546492305
0.50657664094753274
0.5359987850289627
0.53564203823869794
0.5353437723161949
0.50958084939408244
0.46251165952158979
0.51638358515045002
0.4615800460301373
0.51245166563166389
0.49511358566224178
0.52334132975607939
0.53771664852050127
0.51298654445978831
0.52935031041831215
0.47618769091531232
0.52016801820710179
0.49507469920318864
0.46162224296352589
0.38598544342190549
0.35390694501947034
0.48607935621390436
0.49327693763046515
0.51921395024855044
0.52290409575715668
0.45300258571698149
0.48230457581170677
0.49688030251375714
0.51071351832837242
0.51669715900481894
0.48835878456685472
0.47476594312992942
0.54030228929516599
0.51071798335715357
0.47910460310934327
0.44664471926689081
0.53578985534994383
0.53541962461679249
0.50747441252832926
0.511871937708682
0.53035577771373421
0.49898515505614216
0.49975576980924646
0.54078542971838384
0.51640514090523115
0.51820162671127523
0.48456360610188737
0.55809646271667268
0.5243933221529411
0.54009394113642029
0.549956822038006
0.31746581833336407
0.39314506717728631
0.49743914381754673
0.44490540893783875
0.49690290002717641
0.49950243073993883
0.46247019721072291
0.5030095263835811
0.49576155920730824
0.54227488007472924
0.47278489348911706
0.47750278885987202
0.52710767024596039
0.51455549219384433
0.49992683250772352
0.49151041736679979
0.51344150377024655
0.56279353984998715
0.48713717833487491
0.54654137448836893
0.51246275010175746
0.49133214094435507
0.54347003502433455
0.48773168694911639
0.50374846469819756
0.51643626359208061
0.53266406446835857
0.53262855145647581
0.45615453236756043
0.48396691429430594
0.4994572387640655
0.50036499474571672
0.32787898373238439
0.41320065793841032
0.53618089176448214
0.55441519066966216
0.4698904966257923
0.49173602534028965
0.51993076965950058
0.47676546731795422
0.50086776654145315
0.49819315222293914
0.45945628478541434
0.51264989430949348
0.5228713827691216
0.49257015331286907
0.51084911363670027
0.45022475395148048
0.50110744751078873
0.48832874699712081
0.48981452418047888
0.53361392075348546
0.48215272580018503
0.49454705788203818
0.48599405636833565
0.51603771839879076
0.49165709198541413
0.50864593098704602
0.49303795219938734
0.51472340780871262
0.50816502068757741
0.49480388045687468
0.50245768320387252
0.52341300259748758
0.35992409509342349
0.33826219459206774
0.51239914137156028
0.50254842754339335
0.50443685956651885
0.49645616590102087
0.500146637583187
0.52643754083756011
0.50815726628813529
0.53152627290403187
0.51304979045063992
0.49843621381017378
0.47935628695179044
0.48395555494121567
0.52152516160153861
0.53970826244577763
0.53278221083314958
0.47699390958373866
0.47694078765514764
0.45027990617834179
0.5106336346937701
0.47371886180173034
0.48077605551628527
0.47567829845761039
0.50402148951836923
0.54243462498879913
0.50727425663108361
0.49019512874758131
0.56033201856141568
0.46057790189131331
0.50767732463493553
0.46174087421265247
0.37731306743352994
0.32974921732965445
0.52213360619940397
0.51673735672505794
0.53280315412249812
0.43450522224656474
0.48858961208393625
0.5123318951348792
0.49410401727725123
0.50907139949539848
0.48231674651987227
0.50519604047947686
0.45240360596804396
0.51368626155774655
0.48301860596207291
0.45186711374448424
0.46984411180761743
0.48178378513605563
0.52323228264724964
0.50293003385513269
0.48236381439860837
0.56771281577046007
0.55930378000148029
0.51939086522178934
0.48943533031539294
0.5041362718817658
0.5463253248674047
0.52468529329930225
0.45142379684687683
0.51028843079891595
0.50113457061344857
0.54846986942158571
0.33477862961102872
0.42800647483352516
0.49011753117069673
0.48102250180576545
0.48387422189836338
0.47240533944515384
0.47738051725365649
0.45675252552423945
0.48163796192695091
0.46249335332468805
0.53189939150032073
0.47269992823428963
0.47280867497641788
0.48685255011295497
0.48716323168815556
0.49713243346015273
0.47528806456851702
0.53912112748342045
0.51333830028290495
0.51956514954490096
0.48403433200151985
0.49774126162667048
0.51347504908065422
0.55686889090384717
0.47414835437007918
0.50492871107757153
0.49691237008608957
0.51882318000221939
0.53672409943614185
0.48591225374988278
0.51384010087150589
0.48293734485983036
0.43601112482862103
0.38932015642296469
0.4998502802638346
0.49824006840608193
0.47141555872973362
0.50309862984946241
0.4836756889100739
0.50821156644074184
0.46649319393374483
0.48907157150718783
0.50438743413807574
0.53700623041348405
0.52455455522659866
0.47257965473201957
0.52615096913034143
0.4647411508731506
0.48024710300487033
0.51623769479179771
0.48649494526802078
0.44498484045289438
0.47236242832271091
0.50426964448028611
0.49998413348933524
0.4409926965660742
0.50764420857519454
0.46105312799483278
0.51251246843807441
0.44430517356574861
0.50580772800725526
0.49787905333808358
0.4692835663830574
0.52146738985755847
0.33296407810306766
0.30851572277321315
0.53553555433937372
0.5021500437881723
0.51854390955353247
0.49657482666804825
0.48309405802170075
0.4983454513696719
0.50246284408391373
0.47557500249069268
0.49533408338835827
0.49538607985265276
0.54080120874055293
0.52664042978221792
0.45957990795135911
0.49974822029138849
0.50916994197724141
0.48640294049823696
0.55236521284063222
0.55040646490605172
0.44671170076789229
0.48373802176774289
0.48622908020615541
0.50861769419350589
0.44689140696128382
0.5373345973686956
0.46108243847145203
0.47463405103383888
0.46500860777016834
0.44739919030099717
0.47938598107820712
0.48861221125033327
0.33527820268211228
0.30841593597317474
0.49346152186317355
0.47175998559641669
0.45872876164327597
0.50468826254528021
0.50365580151841627
0.47442964427676049
0.52897809084404224
0.51360596588770535
0.49956195648735635
0.49015550472011682
0.49837299045346151
0.48060401386219392
0.50231546059026433
0.49997853385555274
0.52804052890065756
0.46672419338906046
0.51664725642281339
0.50246413402470191
0.52217532574942938
0.50070214596548401
0.51704526586263855
0.56509468730245971
0.50141212276265412
0.5084486880035558
0.51446917979379436
0.4612342919394965
0.47810624562987802
0.49255303830850056
0.53450050525097903
0.48995501442354433
0.420073889510444
0.35108403724239995
0.46591142966382948
0.50219830503290763
0.47478052161136491
0.56246687834693998
0.50669816850950233
0.4899345407659203
0.47969521683310962
0.50636167286512945
0.44819474027809325
0.51116805869275139
0.50285582433786224
0.50737833484319772
0.50279676415610186
0.56430980712710044
0.47081876390449739
0.49148529867445184
0.48031312884867317
0.50232725351487428
0.51374237685799884
0.48082570155202464
0.47926672958482963
4.4823290927348709e-06
3.1149083161208232e-10
2.9376525701251701e-10
2.9136770876424571e-10
1.2686783855950993e-07
0.45946176202320377
0.50223700288045037
0.52799277030342828
0.50959031368063812
0.31727098607368415
0.36724266782767118
0.45888464761746778
0.53891932210851079
0.49280387952990018
0.50522710763273504
0.47986604912760861
0.46445329998631746
0.48733376497593972
0.51300309914742293
0.48151302682700442
0.48952646749868561
0.48010702195639066
0.5127379927658775
0.49548880638229503
0.50342536687210804
0.48912166171394167
0.48925819140388355
0.48078954360263815
0.54849672781654379
0.55042941530811995
0.47152433765273505
3.0489097969373125e-10
3.1774962706276547e-10
2.9957115054123693e-10
2.9342050213239739e-10
3.110555152445579e-10
3.0655698649663405e-10
2.9895706752378375e-10
0.45807020472625171
0.47258475894145757
0.49423011542129663
0.31999438263765179
0.37365247867842544
0.51007854567606725
0.45033450342455028
0.5000823489100078
0.47218209003609291
0.47360243121270412
0.52934672802058658
0.415902361865718
0.4919824411849269
0.48267174542140001
0.49638359607418447
0.49434237099547912
0.50874466567771481
0.56600850719033247
0.52634559539977177
0.50904193559027056
0.43312610150342118
0.48034771703529638
0.27511592280482167
9.4297848447440609e-10
2.8656877214961088e-10
3.079075463245335e-10
2.7443014975776109e-10
3.0359192154316944e-10
2.8735614923031065e-10
2.9286745096556747e-10
3.2137766273255393e-10
2.9333968821576e-10
8.6368492883993057e-05
0.47405276673706032
0.48197211970092407
0.41160532835158364
0.35705133024011648
0.50181451424898238
0.49884055456140397
0.50084898722402915
0.47575094818407432
0.45732603722252341
0.47408755632468025
0.49930814119238043
0.4698875676561422
0.52908360319585279
0.54528575294654469
0.49457152908592422
0.4693013808775901
0.49233498151483729
0.51693218691723386
0.50744256678557509
0.48348741170935133
0.43552997667324467
3.2276006798814701e-10
2.9561941639666214e-10
3.0415514628105533e-10
2.8020686206885846e-10
3.1525653402824076e-10
2.8799884169885965e-10
2.9505042867485917e-10
2.9819014118198798e-10
2.8929544662225338e-10
3.1079961042932946e-10
3.1500560815668148e-10
0.49255008294406943
0.47206422066989134
0.30104880634689923
0.37746567513601953
0.50404703025261033
0.46889967291909385
0.50780584811065566
0.51833775505110236
0.50986236114388117
0.47995388047189391
0.51569355737762501
0.52717415569906478
0.48291076046435361
0.50865180514431407
0.52742769930825428
0.51094300524355063
0.44905385521751323
0.51572865152291336
0.49947279054524335
0.51074118398844603
0.00037868182487002462
2.9611521539924528e-10
3.1333218843694352e-10
2.8567437370567452e-10
3.0007882274927195e-10
3.0495464255467438e-10
3.1127145386924754e-10
2.8555102918851478e-10
3.0750557270255004e-10
2.7259609099742252e-10
3.0558452228590263e-10
3.0032871624143158e-10
0.49131483487620087
0.54285172308926033
0.32487014657151458
0.33320443196712496
0.51608488261029095
0.48611896467363119
0.53285428483530928
0.55644408840683268
0.51558167847430625
0.50913131011769741
0.54208650528723346
1.9906849657614105e-06
3.3749661236921993e-10
3.4477123322646274e-10
0.00015411621914284904
0.49014239075148963
0.55535837692585655
0.47558349927297056
0.4668294668481005
0.49732032192039805
0.00027135824544361457
3.0573190146178574e-10
2.7377402166414806e-10
3.1025727114796039e-10
3.0298003963207011e-10
2.8582394980541229e-10
3.0706488658028272e-10
2.8695559045511866e-10
3.0234685852514122e-10
3.1188630520127101e-10
3.0771193077066094e-10
2.943975304348886e-10
0.53417175251972304
0.43626282043923076
0.30740675238262272
0.36040339130580407
0.49461665487372308
0.49163331939778415
0.49167736611442181
0.48899505408514454
0.4663401669292187
0.0087921572876270854
2.8950302200750422e-10
2.9418503590641144e-10
2.9353487057375393e-10
3.191295407345647e-10
3.0184732119069067e-10
2.9456286796855487e-10
0.52921295095231524
0.48133772646317852
0.48895228604804619
0.53126287662032046
0.46965217275084875
3.0680735180428795e-10
2.8284610997506945e-10
2.6613259736649148e-10
2.745436938947868e-10
2.952677241355563e-10
3.0811254010470181e-10
3.0687934643714298e-10
2.6988978494562912e-10
2.8974033652339679e-10
2.7956669870905756e-10
0.34880123063576041
0.50159613392715197
0.52884830984848008
0.33044131090914042
0.42293732030701653
0.49030655097240139
0.47996994443214525
0.48814650176644458
0.49244618938712564
0.47946860639230232
2.7844326873728978e-10
2.8477265326159658e-10
2.907784006182667e-10
2.8706597020930426e-10
2.9967278863638261e-10
2.8348679179335041e-10
2.9748925873040327e-10
2.8239831537395612e-10
0.47993641738384796
0.5082024474133966
0.46579762728583063
0.46632513723442054
0.40114033848666447
2.7849637538945695e-08
4.4116771779024253e-10
2.265414037646736e-07
2.6791225790071042e-10
3.2854734656454826e-10
3.0771678178688251e-10
2.930303779192233e-10
2.9044111036713043e-10
2.5170087352104247e-05
0.52711277659413935
0.50949065020611917
0.54857756756218856
0.42085124938014051
0.31277228787927447
0.49385347644157068
0.51170632480025258
0.50784341567335833
0.47501818283758246
1.9793763187218277e-09
2.8758363034321765e-10
2.9462055760337696e-10
2.9067827299610827e-10
2.9915766324835108e-10
3.2070692366673279e-10
2.6624780823304977e-10
2.6626651361381144e-10
2.6840866026158365e-10
0.0040813348428542159
0.49666131684303044
0.49266112176288723
0.5198164054934894
0.5193391833506239
0.49211807180413403
0.4440748806254684
0.49354224502288252
0.5379344318710394
7.0734148811944671e-07
1.8159737160325201e-09
1.6318771688190715e-06
0.50206249975290407
0.53568576799493139
0.55212219059946321
0.52152170592555913
0.54015084995312279
0.40711019556544326
0.41186531049242459
0.49907774923949794
0.46116953084942625
0.41677796168757369
0.47211008770071783
3.038539891438333e-10
2.876794888191536e-10
2.8851886495890201e-10
3.0273300983159633e-10
2.839975524370998e-10
2.9385311877073533e-10
2.9640695391652088e-10
2.869515719021381e-10
2.9695801894647775e-10
2.4421646721359355e-08
0.52049025219332223
0.48452539695645802
0.47177434875611807
0.49127359870592996
0.48385463097205494
0.50272174433161287
0.52512745986416454
0.52211613934259171
0.53302146945723228
0.47907720483724126
0.48958782661485467
0.46621984805931793
0.49501694436574445
0.53678606591813083
0.53097039973119931
0.49055015900271465
0.39859613011419798
0.3316044275942221
0.52389276534967655
0.53776928451876249
0.51254632139433698
0.50583649636988071
2.8930746661882139e-10
2.9738207410813655e-10
3.0485793003175779e-10
2.9268509630224224e-10
2.9509158033383657e-10
2.8877353986521669e-10
3.0900900853941621e-10
3.1088420660665026e-10
2.9272356894083098e-10
2.5009833604548429e-07
0.52424450244740317
0.45354850004680408
0.52495801367583206
0.49323423668843841
0.47534510545197006
0.52017469245439063
0.47007077495147109
0.50502275186345758
0.51798409476772878
0.48582599659498305
0.52421389409122154
0.4871885333858037
0.51917260406977794
0.48005157607435667
0.50974934478957046
0.5360422072772274
0.32942530989678642
0.37551220764626292
0.46254393972045293
0.49401029211690806
0.50712951194601341
0.48934342643298817
3.3711029539186265e-09
2.8129432636280214e-10
2.9131687168393205e-10
2.8329605657385685e-10
2.8718654777975961e-10
2.9423590699370697e-10
2.8177704242325355e-10
2.9431779505574383e-10
3.1242996839722568e-10
0.015234672939288036
0.50271193801353264
0.51639930358268182
0.49900164088837978
0.50545016309981716
0.46706721288490655
0.47018401675652832
0.54423915473437023
0.49347467062781175
0.53214623236395553
0.52497813325323928
0.47945489351137976
0.54263220805699497
0.46613139651309143
0.48412513467875318
0.47698082191307384
0.4739505637787142
0.35550845036055589
0.2806871590601745
0.49887479223414971
0.51451325253824165
0.48323105731160448
0.53508052003789863
0.49678170020062151
2.9220723265953744e-10
2.7959549073129716e-10
2.9656854758990841e-10
2.9119984243139442e-10
2.9626949501208912e-10
3.1880781743960228e-10
2.6970660122726404e-10
2.8735069240855428e-10
0.53062699512539258
0.50975068428298032
0.55522584096211203
0.46377055530120215
0.47722273655489189
0.50333539957191287
0.48457876847489512
0.50368416832553398
0.54516046584846345
0.54023994521134688
0.47192959992036382
0.45310085000217487
0.50808381523472712
0.46177785728478454
0.45376814522750253
0.49930030038994594
0.49955400067425459
0.34775380311885218
0.33629826401535118
0.50496302232182022
0.54122306774392259
0.44991518365508093
0.49163483841851369
0.5132802268866401
0.18868684354903703
3.0297964395571053e-10
2.9260199846682572e-10
2.8889991683031861e-10
2.8407150936104639e-10
2.5879248195708878e-10
2.9842362567711977e-10
0.50880235478288394
0.51071733476663017
0.50223582827088797
0.50412936241561268
0.51246039630844509
0.47399147628213145
0.48242331116490633
0.46880796926542612
0.50612413640391885
0.52751952084552378
0.53490024018982263
0.50264428612427492
0.47236458241094326
0.47352338559724988
0.4996704910196556
0.49085227962920619
0.51155932429387097
0.53612103267583489
0.32641646803814195
0.31136186793224413
0.53897958540323809
0.51165032516203068
0.50939114658979678
0.45424567208604671
0.46532354958835348
0.47955924983990988
0.51871769924659161
7.0342391923325538e-05
5.7249389834170311e-10
9.4600362610191744e-10
0.0046506643963949356
0.5024611795934667
0.49587292539774708
0.46979530085929661
0.53065442386275363
0.47473741187492557
0.46788258881488737
0.48642065200252954
0.51812103077796456
0.49887576926366922
0.48007210814160212
0.47920097549418134
0.57238236863018066
0.46259508489805934
0.47572412988167967
0.48657577822086345
0.47818771752268252
0.50514165097279828
0.53536046759815081
0.53769072259639905
0.34772558462184994
0.40906660382113486
0.51116751879377509
0.51423679453498206
0.48973307189249482
0.50855502256245988
0.50001380824162089
0.54970348006984959
0.50255802212608103
0.48802518721551796
0.56006710996468922
0.5144158792367356
0.57505083203849916
0.51369512249351501
0.54795034015238064
0.50476249519339755
0.48454160074174424
0.48999744857541161
0.52042572366060147
0.47251984748454995
0.46260220475483921
0.47111485618533822
0.47570740226916119
0.47647097575965469
0.46079430936108878
0.50136928317589502
0.49943363454469841
0.49854363446173589
0.51092936355527996
0.51086867184506612
0.47691376938236257
0.4580523601517551
0.37959899852149764
0.42027373781688321
0.52453392227034323
0.53658422949915319
0.52342890709204415
0.49536019969135225
0.48619397493094768
0.46344380434211896
0.48944583852160128
0.48456028188148142
0.52979165068623568
0.52144777669993614
0.50624836929369277
0.53391916984015275
0.49712409301238619
0.51136737557758327
0.49199842789150694
0.466208591683485
0.55531896928775326
0.44947172640438093
0.47720438940779619
0.51609225866692232
0.50246649338755633
0.5302139596938602
0.48363241121995926
0.43375712207222783
0.50198920901971966
0.53138143320144426
0.4752918999665065
0.52321281126241559
0.45796933956505809
0.43366965004477881
0.35912327858697463
0.35433035286647441
0.47122031568725231
0.49616422408601818
0.5256997837912416
0.53173512986603444
0.54122587706483005
0.47958092693688026
0.53407339578954149
0.48868166812924091
0.47287014713379749
0.52316990472700386
0.47622390873054676
0.5117139059618413
0.50925342893919323
0.4915769318702512
0.53125803979453601
0.48980833426707698
0.46631645910499475
0.45946184113181465
0.4912270492287083
0.51994862857192559
0.4925500884032224
0.52150096662919787
0.46389276634607057
0.49438999875876671
0.46196748184660569
0.48895981573366026
0.4569932179952475
0.52965081578429329
0.49089542981593914
0.4516086703749016
0.35466649115902454
0.28746873352961505
0.5067129777765309
0.49429300432459944
0.5221850737631385
0.45768247878547341
0.46098442188957767
0.51523244206390206
0.4936201547323098
0.51046964548116625
0.52775703749646952
0.54637030685061783
0.52998020219426145
0.51992116822015078
0.51192845668402387
0.49288242628171119
0.50862409888361693
0.48388677501287797
0.45689538185576262
0.51008599861625881
0.50926508478287302
0.43471799956262974
0.50738753808203318
0.5083175065744735
0.4833805871029383
0.51066634020936952
0.45940640311917053
0.52379726250218661
0.46582292887957716
0.47903963370463237
0.50380602380606521
0.51944757823789056
0.31101689498459756
0.34552769179711579
0.51271573965258554
0.48903716831597099
0.48392792512257637
0.50709301235224091
0.53269577589894579
0.52964962849961184
0.47989012054511321
0.49356100657115148
0.47555661703911573
0.48162138012975847
0.49931557055051295
0.53486103174336663
0.46394208550825822
0.51678876872310842
0.47942736409247821
0.51334917760732246
0.50351366163288802
0.51626968251836325
0.53769955524552515
0.51763438920565219
0.50142936140730843
0.4651732685531717
0.46166817788423131
0.46230584850293882
0.45939382367221698
0.4239599884318983
0.51550383459510773
0.53058213590201508
0.51506759931324686
0.50645891240985952
0.35583532695834119
0.19030894643111249
0.31781733612721563
0.37554359843304835
0.3432262671688921
0.32013488503759446
0.31562029930446961
0.34014452350176494
0.3060602067619495
0.39465344315299733
0.39328561863034744
0.34512005553293629
0.29011395422169123
0.30178094238661657
0.3152166026885973
0.39104914972510096
0.3283057813476874
0.33428121233692493
0.31949884722822236
0.34193845066296724
0.34774738010432527
0.38598422645894154
0.35031494505041672
0.33830344151156005
0.34802493660558625
0.33002518809945863
0.35974917909988136
0.40304267343878947
0.36867112099733584
0.36947525471704468
0.30317258801420871
0.45609080374148309
0.23294792489681063
0.18581444244650994
0.33498921291672279
0.33138290737939624
0.3887620918545116
0.38720118935896425
0.35798067375127918
0.32466317136587974
0.43092474747030479
0.34575830737903368
0.32068564594643606
0.36558756182086549
0.32083324072508301
0.38975591685691685
0.35158959920064164
0.32373766219220168
0.31598471082446977
0.35212516336937472
0.36350722608159886
0.33433930920619365
0.38718747205760368
0.3460687226931824
0.3416307552575365
0.33332687771881625
0.30776561764026017
0.31197706279498894
0.34210069760449707
0.34662222517878333
0.3925124632527946
0.30141986711403951
0.40208244381784469
0.38077093594000638
0.24085698651980042
0.32584747508722078
0.51294942823031031
0.52500987487994955
0.52686354454462814
0.47246907198693655
0.49811353486273796
0.47581492423156407
0.5507697528427532
0.49473313714656281
0.510115352312003
0.50774559486206106
0.49297326966718957
0.53727357927596597
0.52162305477187865
0.49223269729659863
0.49577072881922329
0.50991290051328664
0.5290014774561016
0.53596124274034118
0.52940698526174712
0.49529347045559491
0.46244576283811628
0.49886553948911083
0.50223925489310761
0.49592007121380244
0.48017504317713799
0.52082084272510443
0.48630697628729014
0.50942369999438308
0.50290827978157515
0.4850391430688466
0.33738777931190439
0.33349719405165323
0.47624239656169137
0.48192343656046943
0.47541837429480144
0.54491112199266101
0.48184802425369599
0.50449758199355899
0.4658553956073504
0.49356708271009547
0.51649295709831078
0.47295809006096651
0.47846446089713773
0.47212609034755898
0.48605770785977326
0.5174743591344525
0.49226733896055835
0.48929488592959697
0.54718174547286946
0.50913355702928798
0.48960668537597379
0.52457098428431115
0.46766328539294166
0.50228134073067476
0.4843548737647152
0.49925374710394671
0.49560070915164783
0.50678939558281155
0.50271079594469237
0.5067930195531728
0.57613105324306013
0.4660543479604467
0.35540030572321119
0.39393087719395825
0.5070574202815632
0.51599805360401652
0.50118793061570477
0.50639199441438498
0.51661898295165265
0.52626854012016677
0.50310088344647264
0.51083887714456711
0.47705223305569627
0.53709725749250448
0.48610594133453977
0.5538263009044212
0.51936215031606869
0.52561273576771572
0.50473275318627875
0.56868694622726113
0.50771232354644313
0.50190327630950682
0.47881661308788953
0.51567055495409264
0.50524757927964781
0.51857266665251778
0.46907098361029026
0.51280790493949391
0.51146760291819127
0.50549635575744445
0.51915583044707048
0.52004236607758125
0.48660172469166618
0.48173470910485189
0.32715558203368589
0.35057381717950153
0.51415247670694508
0.4939642828600232
0.47506534701604924
0.50948647295038685
0.5001432545771779
0.51032261248089816
0.54444364323674288
0.49505388155493968
0.44966113217182202
0.55685618144650917
0.45766815192772964
0.48297869423659456
0.51371736580915173
0.49526194398995471
0.49457533205715842
0.48484049029217174
0.55150340644724971
0.50419963426852898
0.48023343376766564
0.44831150461037261
0.54807861621715759
0.47715395242850928
0.501336321438832
0.4835209849238315
0.50081706093062284
0.50256281375632628
0.50245757533676849
0.49622039866046536
0.50706731050528187
0.47917046601244839
0.34773214145097325
0.37860799314334764
0.49233739478984345
0.51600785717691833
0.49444592052611336
0.51661818920904079
0.48715841330011905
0.50552698147898245
0.47499738876255565
0.55502008531501912
0.48850521704912037
0.53916223378370276
0.50118599340002667
0.50048116815585253
0.52081766649926764
0.48743507677310177
0.51568430271944321
0.49868217243652507
0.51179482047739255
0.52611329282833574
0.49600911004156667
0.49223820010234642
0.49973391165810938
0.51745579816140708
0.49566603549188676
0.4607141682294707
0.49621067292673432
0.48410898146362458
0.43858563680665724
0.44418044008307928
0.46457645092537397
0.51807399098706519
0.35025445094022556
0.30853450788848485
0.48764334709132096
0.45949387427970506
0.53370949354610331
0.50010462823041846
0.53847947967735421
0.49910588614071272
0.51439273451357803
0.48676226277954654
0.49032094516681318
0.51579036689219349
0.50482358796305471
0.49231683317716046
0.51955921007010542
0.53113535419111768
0.46695720207618968
0.50885703941277605
0.50594043714668935
0.4978142939623485
0.49665252276266947
0.5050987965591861
0.45213328773265377
0.5248125368058042
0.5245830203117009
0.46167175431384072
0.49308232051674883
0.52249286192221678
0.49552021085538261
0.4826160493081384
0.50191146534544029
0.51770261921067784
0.35271261681358018
0.33315829316801437
0.49464535610500326
0.53191830456067735
0.49858970502065386
0.49647166896980127
0.45134211389928042
0.48378695250301534
0.51277202518083964
0.52393270108029333
0.49786693035209428
0.50966376401995817
0.48709545323542686
0.52426538028903757
0.49948498251958479
0.50307625912457843
0.55449135655027937
0.4608047686467503
0.53236301405186204
0.48629514823965603
0.46604357139234959
0.51065606496934146
0.47094842928901215
0.51728345385044949
0.51821950919496984
0.54875308664380595
0.44777017489395288
0.51665082614315705
0.47501045803250591
0.48403523155194594
0.43042555694826745
0.48695792515564928
0.32369756114974507
0.38796259295153951
0.49492666777328981
0.48570339456923217
0.51098820117560406
0.48012495282600903
0.54792879911318537
0.47162914931882383
0.53262497366568484
0.50679257178918913
0.51808201744929527
0.48436507271122109
0.55379197101363098
0.50682486541088434
0.47907524674387836
0.51148950812101368
0.4619760371726831
0.52930642763509295
0.51613335046893061
0.49418403981438191
0.53467871830787139
0.48080015543542959
0.48180704111889527
0.52244124542394887
0.51370559305392005
0.52005994567163605
0.51762206583717552
0.52533380168453414
0.53526949715503069
0.52391218263315098
0.50160914351722397
0.53412409061756339
0.33241713075389939
0.43382276260825015
0.47871414293189118
0.48860276517005802
0.51561236253237419
0.47763230116802807
0.48723777190692513
0.47836324966897847
0.49186268643907727
0.51832372745554944
0.51007746364315198
0.49169578173123285
0.55327356037347664
0.52543251876938224
0.50942086441068413
0.4798859086671266
0.46950016700319797
0.47576644501566268
0.49738951000105314
0.51292387791792171
0.49405653068074995
0.50697076760184079
0.48926154558056206
0.48442786601978499
0.4672429144170947
0.48450073828394113
0.48753200201287228
0.54574558634281489
0.51021578446018401
0.51842624502472689
0.46374415478985376
0.49640925771274819
0.39322413225303149
0.37923971295103026
0.53360428873839205
0.5282099248650507
0.48909340444611044
0.4883844863045384
0.49893773043810052
0.51046680503802688
0.47190705436789271
0.53510966861783504
0.50823927094414911
0.48120925840590179
0.52659763218573885
0.49086230812155274
0.48260954304730075
0.52855632302169908
0.52378199979413931
0.49799345299499409
0.48248833126282575
0.53114771812007244
0.49690923921882491
0.504561978003778
0.51468720268967028
0.50453566332070643
0.51842332252962731
0.54011434956682458
0.52813190363473361
0.50016508817815486
0.51549244255599946
0.46885040729111715
0.53131846482268041
0.50305554894385718
0.34317555244711473
0.29025048697560701
0.48509769430649075
0.51256484356091503
0.50295794983918585
0.49329574446729618
0.48565558137665465
0.5359933708972876
0.50857211717579998
0.51760786649346979
0.52765529593692639
0.50934258989903503
0.4756521947225667
0.50751322340423211
0.4724439931495566
0.5274621797597161
0.48238748897834682
0.50449834215122991
0.5365202452204012
0.4715541578445735
0.54962945387588025
0.48626803023077236
0.53971635053056399
0.48267199704983754
3.1944659047665399e-06
5.0856414530784865e-09
3.0180451940338313e-06
0.51722118782883675
0.50487784168819594
0.54253293820809134
0.4913650731444793
0.48071787573070629
0.3321821102552161
0.34702302093952708
0.48917177156679725
0.51339412719502064
0.48752544767589978
0.52616447151470802
0.49944922802934472
0.48879115563129499
0.54151277189779357
0.4649535715641101
0.51461672999048558
0.54531429908573237
0.45612291549405165
0.51914575611126978
0.47346273280259593
0.5009622702266211
0.49808125356722194
0.52707270726654409
0.4703888747461234
0.46601773354066595
0.52384566768073715
0.49254995323637468
0.34142951483020817
3.1432579471965502e-10
3.1567115714678384e-10
2.9577772114474757e-10
3.1560775762906406e-10
2.9174878057651407e-10
0.28564176711496586
0.49364709399213819
0.51487529970930301
0.5167265248135523
0.35544594103780097
0.32573279442935715
0.50680859427296909
0.49415354212600632
0.47785787073922736
0.51158205796291512
0.49786754451130144
0.53705088767506337
0.48080973540103594
0.47262957418196005
0.48876306830349148
0.53869687893460994
0.47944349021764826
0.51874535963524548
0.50618227423019302
0.50280861015975964
0.49231582228810106
0.52284831784976615
0.45797423191598696
0.44430433902642585
0.52248708420212198
0.53568454418521261
2.9393387408429584e-10
2.8056411256856901e-10
2.9079183862677468e-10
2.9726554409487396e-10
3.0919389880923576e-10
2.8266467649534193e-10
3.1144250570217595e-10
0.47835734924537721
0.48350200790058495
0.50163405891389345
0.40767415325240841
0.36408915160218525
0.47619536870950113
0.48463616773369922
0.51658127471562554
0.55778511492392591
0.45360323869274766
0.46146388364774382
0.50855847077639582
0.4764260014712498
0.50510458109316558
0.51730785810157853
0.52998907698726305
0.49323118131909022
0.49392362678547863
0.48988723255418032
0.53267825137189428
0.49352918420903957
0.46962042154023709
0.47726616994159538
0.47151320980822703
0.30678174367815769
2.8745527852906682e-10
2.8376357012564076e-10
2.8775513795542874e-10
2.7723799874320256e-10
3.0389397309854431e-10
3.0656756106237577e-10
3.1731246705832613e-10
0.0030263179735491481
0.48766669236136079
0.5254343795386337
0.39540825426340198
0.34808488987916675
0.51788097967944047
0.53518908876030169
0.49750816354297761
0.45601540496552445
0.48397363829452794
0.51940236416738406
0.50942674774685726
0.52108912740251057
0.51222531323865916
0.47857796709557149
0.48208667114409826
0.51422244836307252
0.4803683029400232
0.44331666493536831
0.53929135475452095
0.48821101706549325
0.50047151273266521
0.50250359495588015
0.34494657341446811
0.0026037970462941644
2.9207824375832924e-10
2.7057208133982909e-10
3.010030111740202e-10
2.8734370666539362e-10
3.0136169144318544e-10
2.9334096123654256e-10
2.9847140443811504e-10
3.2634770155172268e-05
0.47234275577170004
0.56479946254782742
0.36311725178452547
0.32409901689696202
0.52345388471777088
0.54739698697058081
0.48209424310626275
0.50927891759626143
0.51398188865091599
0.49521964722106482
0.5031312160175101
3.1305902600743085e-06
3.15633844471248e-10
3.4813081603323237e-10
0.00061931346690157765
0.46509738902575054
0.47468749707870178
0.47950999551772899
0.51139484832620863
0.48662478142808246
0.46087179903413839
0.47205881277301154
0.33202039241961218
0.0030959939396967432
2.7545013142597074e-10
2.8337293319918016e-10
2.8823003494528996e-10
2.7886307181999622e-10
2.9549219900396841e-10
3.0263946930003544e-10
3.3590296135682653e-10
0.2811153550283455
0.49142487210560709
0.47439587365299368
0.33000942233825437
0.36760391908805712
0.53472185550084339
0.50428747344731384
0.49054624696193994
0.48677524131685074
0.45771681119775498
0.0099179460787279655
2.9397542062143507e-10
2.5540952825349243e-10
3.0466598581598565e-10
3.0325020732637924e-10
3.0111152373203653e-10
2.603331590046931e-10
0.50013656307332532
0.5247665647446621
0.51405978847659373
0.50156847289678319
0.54202860325993751
0.50202457004426082
0.48620896883072673
0.48691050453063456
2.9889713139779245e-10
2.912554282141398e-10
2.8218858310394269e-10
2.8651558504177018e-10
2.8491508636443774e-10
3.062734515688906e-10
3.002740777385666e-10
0.48447378758048582
0.4897331058312222
0.49466819668969814
0.35925347939558316
0.34788928915517692
0.49854024558710935
0.49349643842877045
0.48467763351800758
0.4912778508316159
0.48501083803515732
3.0226854926634972e-10
3.0213987042756908e-10
2.7609525535222412e-10
2.9709931444602508e-10
2.8897806690610039e-10
2.9132706526188132e-10
2.7448743345341793e-10
3.1325264349478779e-10
0.51806763004092349
0.50320879682247155
0.52389754194735549
0.45973551089063891
0.48257485465017325
0.54339291344496776
0.53513828306407796
0.4598412647756987
3.2380623613697239e-10
2.8484020778909457e-10
3.0816630358619454e-10
3.1095100808482133e-10
2.9256039779187413e-10
0.5150098644622747
0.51221129111956354
0.4848381421181836
0.49435654450286548
0.33902954912311728
0.32489369679861912
0.51302921559644676
0.47604287574255305
0.46339344078262784
0.48589583238322925
1.2012292196221491e-09
3.134450143446154e-10
2.8068035633038041e-10
2.9368039513623413e-10
2.9792101860966013e-10
2.8338231649287875e-10
3.0131061225157156e-10
3.0133455524697086e-10
2.9182466474009905e-10
0.016690114858117156
0.49288259918235966
0.52433556625221112
0.48279277950327959
0.54071901104810483
0.51052169378790158
0.55724835124094407
0.5151501679227759
0.49773333981236711
0.50554081844724774
0.42563466421791912
0.50414989930892273
0.4733250949940383
0.48647469688236272
0.50061507616456802
0.48595105866075472
0.49133962489803429
0.3535863251315437
0.2965648086804204
0.50846477942594848
0.52220752706552231
0.51206033897400249
0.50865470695902848
2.9450616155872292e-10
2.7982896582475733e-10
2.8210226144995929e-10
2.9865448812875232e-10
2.8669875804846484e-10
3.0156658986599067e-10
2.9407532147388191e-10
2.7108753471550598e-10
2.858595582271136e-10
1.3756865422244808e-07
0.4901561445117083
0.50096990029740784
0.50650609589794671
0.46077076280769702
0.4808945799845688
0.51248195044653821
0.45167870199130594
0.46612960123068614
0.55394745387683919
0.49074657151011902
0.45615074277875967
0.48439736048319088
0.48638337826603928
0.50904162516525731
0.47681912617564182
0.46602181559842648
0.37147529332823981
0.35336501877242538
0.48180788482313042
0.51217984278218576
0.47340593802284964
0.48777090294300945
3.1170078122254904e-10
3.0697644392944697e-10
3.1223712603480999e-10
2.9712281514085622e-10
2.9967505578355804e-10
2.6416447159636997e-10
2.8389572748669435e-10
2.715442271183357e-10
2.9618006576615007e-10
2.6951658832752622e-08
0.47361546581791575
0.4579058372080535
0.48154791795206914
0.46216372209179518
0.4450565253555126
0.51435718549570553
0.4912105899612339
0.48572324226604324
0.49190075846932052
0.51178941273433487
0.48254249247058079
0.45088328959984025
0.42466678850921391
0.51074580538771019
0.48747151880050377
0.528961224439364
0.3783125223068397
0.35072764500650705
0.49841453838713745
0.53246884433829877
0.50493324110921456
0.53239167347127025
3.7222591639206689e-09
3.0402980182019524e-10
2.9297744628045227e-10
2.8308102707394103e-10
2.6582001238148929e-10
2.8204967009566044e-10
2.93602224103528e-10
2.6329275420392577e-10
2.9720929442926281e-10
0.17691896946997951
0.52671725657458268
0.49930438436629815
0.50419166138157856
0.5038372855533807
0.4962177200190272
0.51344525766490512
0.47751941419953453
0.46574922708950545
0.48821109401764701
0.49089211842290836
0.51956247709576842
0.4964759840382722
0.4827985492318157
0.49001337281798568
0.48874264387387195
0.49083066697560013
0.36094653280855171
0.34196534124549161
0.48809352473292256
0.47556454307054874
0.49650845070274663
0.52892699905329221
0.47036893685343023
2.9567424733195353e-10
2.9184706981639161e-10
3.0298416991359208e-10
3.0191902838678517e-10
2.8830248699507318e-10
2.7526403764502465e-10
2.995718655855255e-10
3.0205193614206376e-10
0.47229212843003376
0.46350276299075455
0.48800267530725827
0.47746222880670708
0.45024078221318281
0.44639195882209376
0.5370468518058733
0.50517760392157329
0.47725217271640075
0.49243322868971334
0.44855384316635549
0.48558795842428715
0.54357911429911621
0.51807346807521537
0.50579480113394371
0.4730383543406379
0.50205613264493454
0.31464220667609832
0.43110641279373479
0.50562656342440893
0.53104932709052532
0.50288919821221822
0.5137611579596133
0.51917842811842962
0.31623136774988392
2.9626751107996512e-10
2.6693098159526517e-10
2.794655604287977e-10
3.1503033839142303e-10
2.9827750675987528e-10
3.0381853273658681e-10
0.53063310632142446
0.45523099999421746
0.4750255304292344
0.50771804744475535
0.49565867865986546
0.47540123739562379
0.50076407101315157
0.45040331902398772
0.58810536104340172
0.53179279339629371
0.50631482551702378
0.49290659355542493
0.5000677915018289
0.43772599916058824
0.50416764679316217
0.49185036078930272
0.51350225201426181
0.47664246946054473
0.36381773375799425
0.37134839644843459
0.49013951650439402
0.46967196614707196
0.54414142632111651
0.4806506349984988
0.52165469832099876
0.5292446038470594
0.46708447464892311
8.8230517539067117e-05
1.4583679726817835e-09
1.0045015312897809e-09
0.009814454897517276
0.50267688179932069
0.46384588734750337
0.49309631179838398
0.4880984821785424
0.51024639342204547
0.49608900745614759
0.50899954891183974
0.4632178392971994
0.55223171838295249
0.48529882639121408
0.45785400235615586
0.51781904319045624
0.47725379706951399
0.5553392355844633
0.5165496176701535
0.49189344330459428
0.46000776464151899
0.56287408658605198
0.55218481728666113
0.30486057558651886
0.31687235470841263
0.49917301640174688
0.47618348863468685
0.52725909881934641
0.516422911575939
0.49473081768653815
0.505367795483189
0.46589284850111545
0.49202031445896177
0.49323591354118329
0.52617794637964999
0.46889520235841597
0.49197048819562827
0.4831213954952468
0.50001135028030796
0.51636163964956627
0.54002796335536929
0.55185038690582866
0.48858819346880983
0.4832984891729552
0.5331015493316944
0.52957774183671213
0.52048265172795194
0.49570796414706131
0.46604641940462027
0.53949930088303977
0.47192932642658947
0.50599732465354053
0.48240928458508736
0.50927952070021665
0.49119649592872566
0.32285018848251462
0.33763012829685335
0.48623083046487553
0.49398033526892643
0.54385590811466999
0.5164607195338532
0.49627150553870414
0.50644560359985946
0.45870802755968187
0.48345254221164657
0.48729384569817763
0.49143027262533512
0.515093689998252
0.52114375302361338
0.52988469332695154
0.51322573855087472
0.50075830916495434
0.49136765294102891
0.55177857851973544
0.50122151781544899
0.5533158024011462
0.49380663610020992
0.48647542616522482
0.55984495951883728
0.4938993790231318
0.5132727577430406
0.48740011259596211
0.46648944674888815
0.47481471012783893
0.45750146277488263
0.51704116501078778
0.43176744312853521
0.33236321162172183
0.34105315209930692
0.48411921880947872
0.51095675576844923
0.51715607366766403
0.49575682851968206
0.51328436940470057
0.49492002293840831
0.49931027977381442
0.49973830461331392
0.50726805722267132
0.43976658522840328
0.50802432054143354
0.52366148104812638
0.47785325768822406
0.51182133362528315
0.49505514282387825
0.49187513669499983
0.54181255580257348
0.48323432994748516
0.50658892405590206
0.53678450884598439
0.5248468217326544
0.48340549933013061
0.4846732024088044
0.52886663230773945
0.53505373352450347
0.49418305145996394
0.50231790085863492
0.48185838301632594
0.56467888913591013
0.47058037130958602
0.39770443111556508
0.35443770863610635
0.48669480270690757
0.52560923220839029
0.49678633947521122
0.54969888662227462
0.48705298163112737
0.49644986080101206
0.53763075749666223
0.5230589289781582
0.47533641401803378
0.48237653407290182
0.48998254236614247
0.46155814015511243
0.46346782452293961
0.46785632541863281
0.48735690648820196
0.49091378021610654
0.51299965756272359
0.50977008622174602
0.49803188389567249
0.52053390389557064
0.53761703764300695
0.53791774722624175
0.49480433577788624
0.51776040933297529
0.50447082991969916
0.51009659013095265
0.49758609236558798
0.48219725476271946
0.49562206023495903
0.51950695768708954
0.44340622147832309
0.3437575265808025
0.49746320722857823
0.5166212979610465
0.49345788438997407
0.49382905358808993
0.49503317179822254
0.50151123458809022
0.48797448672410465
0.49394651816576424
0.49563895648511486
0.52418819919386295
0.48362372543506171
0.47996193042304525
0.46577262699983407
0.51004034447683044
0.48328514551069185
0.46945825789320855
0.51059441846635256
0.52796453454820991
0.50532633068442045
0.49303843381312656
0.52521247558166695
0.43339996966176947
0.50792884711274688
0.49397628171169339
0.45632441735978463
0.50269660307177588
0.51687778231199344
0.51311994009035289
0.47253140830661355
0.53319007468066204
0.34784689138320052
0.30106747743965812
0.34522389303621764
0.36008802402224382
0.26497736578184017
0.34495168483701383
0.3603958401103205
0.31290387906877853
0.3667926278257817
0.31123769504618276
0.36213494590378664
0.37749996782397488
0.37873407718821522
0.29891210103048538
0.31528468027159684
0.3270381905297563
0.28371302241081175
0.4915040549542648
0.32119030415868033
0.36503209949141052
0.37356378730674406
0.37718449518827635
0.39058927749074224
0.35459460319955383
0.36041466884910373
0.35205684780525159
0.34120627340530291
0.35986357177848716
0.32621033368234192
0.3824129194517486
0.34947320445478325
0.33926301911133255
0.19950003890869217
0.21829296973663206
0.32903827673008912
0.32451958464935921
0.38622389560581144
0.3136636161881256
0.33632882006791487
0.38864416018013193
0.34616446017162433
0.38391968048539937
0.33365873450231243
0.31627313359180892
0.33457662505735697
0.33829752096315097
0.34963528317760817
0.35204307318232453
0.3749840967457625
0.37660106920164255
0.41877485965997796
0.33010335036132737
0.33330072386980442
0.34831707866142853
0.34918553137808572
0.31138722950610603
0.33335546677614269
0.36351210865000511
0.42079882875479852
0.32380536003112698
0.36544791415271666
0.33004711323960201
0.40408764483607046
0.30639883218189656
0.2770909619498228
0.36044584364112875
0.4806804245721184
0.45015921875625764
0.48658649076048599
0.47270511049020081
0.47417120109226396
0.50475714130738436
0.48158117711541204
0.47731668906779484
0.53361430459104364
0.49236339092111031
0.4812181944917841
0.47894821437300411
0.54147212149232549
0.46287971019661728
0.43958934239548209
0.49474119750190243
0.56366595959004473
0.52913301363441489
0.49666587392436612
0.43667789215021013
0.5558956944026574
0.47003051093235471
0.52415695077434832
0.46591870027870097
0.53444485660867669
0.52980177716852694
0.50422238517898954
0.52001085096788402
0.49932183030203836
0.48051633120487852
0.36275034118299354
0.39061383926176985
0.47648694617646625
0.45098708644177621
0.49441496341880992
0.50514162658580575
0.47445053496852096
0.50018315213496367
0.49626302080439738
0.49357859791248943
0.48167508936900311
0.48038673255659953
0.46769309696535349
0.45931250004414159
0.52200808238966401
0.53550226840331194
0.4994081463857597
0.50890833731651519
0.48131285623275988
0.46565664727673878
0.45414962005031945
0.49705058960667087
0.43903319995680118
0.49772818675658442
0.4736639053884884
0.54694477468953162
0.50206306664547684
0.48774110191628189
0.51711479212999067
0.4776693864466825
0.53904276816135765
0.51105049430064975
0.37545228956551857
0.36258955000328513
0.53575204081945826
0.49064093138040055
0.53096542110103317
0.53257518080121169
0.52835095576100777
0.50380157778613111
0.52933797264193594
0.4859530062495383
0.50861002648005571
0.50860875716460174
0.5154686362046409
0.47113673306493659
0.49141949205072333
0.51250516128798096
0.50580574266679723
0.50834776072280341
0.50800154015563814
0.55177067930050139
0.51928248920785958
0.50412189599495383
0.48502312166446238
0.53453001007488754
0.49275945589557818
0.48731330621321034
0.52587453813660823
0.55168260635128297
0.52227511401252058
0.46882887234536985
0.46465879335847138
0.46319639281017688
0.32645968703491185
0.38383836280057526
0.47654863604491177
0.47453087948744982
0.47889085789762142
0.509323619396856
0.47136787711798717
0.50404100237437977
0.5092109027885442
0.51319285604429654
0.47463412866133536
0.50208331849055154
0.55385543118714897
0.51577125236596477
0.48817642027505054
0.47351402681653326
0.51372108384835147
0.5330067626860906
0.45479570780837564
0.51128317641021792
0.50102974236290021
0.5339414730574954
0.49252096280172936
0.48886819996153885
0.50220435731608126
0.47347484165704523
0.46786546921703143
0.52508303605117068
0.46039015383981163
0.54553020423249177
0.50011165910090483
0.47920752357586627
0.44897377206616523
0.36369011186603029
0.51673368593165947
0.47300315456036324
0.48042110541803057
0.51309796648253914
0.50411445351294937
0.47748557227664101
0.47575280127262159
0.4978675148131318
0.4787008758103895
0.51944411525685152
0.52416855891951752
0.51990576563627078
0.48870825955016833
0.48065021963870841
0.48403852010421639
0.53181696163017889
0.49766470453147443
0.50230767940266519
0.47913223569618218
0.52288379497570947
0.50878607100063589
0.49850299341255
0.50643784084176657
0.53267049492226792
0.51603215957142701
0.5138694575533499
0.46616082099433986
0.5113040645067356
0.48747659653224312
0.4636645256658517
0.34917785771783916
0.35399588501828994
0.45996433324912728
0.49373303716491757
0.48768843211988938
0.4710711660421607
0.46819222757353751
0.51152712751099438
0.49005731634561078
0.50215255795609459
0.48524814379253095
0.52380782308617058
0.47223382270476832
0.48819830308170703
0.51759682138789675
0.51722689664484467
0.47553954627473727
0.47423548502517016
0.54363287269570904
0.49116876306480994
0.47431231232953791
0.51993920907201308
0.48450914362221736
0.50685133029264751
0.51426299714612889
0.51276036367077027
0.50212762545821021
0.42142659766583135
0.51602405547649999
0.49811736956168123
0.46958303175010258
0.49738249166840909
0.32303238525319478
0.33987356904450128
0.46251449957774327
0.48230290350971622
0.5483878440704586
0.5481981196967175
0.47676122475601596
0.47529988659260963
0.50568284519547479
0.47732658349698515
0.49104431915495872
0.57265866962499357
0.48096143065326602
0.51956943566453073
0.55506950027224322
0.52734060092354962
0.47167064218861171
0.50012955371870316
0.53477231445307172
0.46365922375079155
0.49839504931903833
0.48870353617769502
0.48564210515957018
0.53419416452808155
0.4555726206846753
0.50058376922958092
0.44114949025352879
0.51280233011549281
0.49751269149881855
0.46913046497852157
0.50850163697618878
0.48711612548057182
0.3570669075699911
0.42117927126538962
0.51923120971846382
0.55358397170952189
0.46403510850251317
0.546528207264389
0.49402280353664557
0.52320613964611851
0.52875096046236802
0.51313159894415716
0.48967317379016723
0.49781661434840324
0.49710760793972331
0.52177609249157497
0.48827335526348098
0.49521045996763013
0.4934564114595969
0.46744156205180076
0.53614040158194232
0.5488528385832141
0.48514101253460368
0.48465554220045171
0.504107516847628
0.50134792599286626
0.51278811152197368
0.48802480395168679
0.51554127982479292
0.50689223774376679
0.54305076236695082
0.49067502598041773
0.4764671293418446
0.49904933639258131
0.32970937583221216
0.30452160138096235
0.49873322254691804
0.51253263518419789
0.49524968247203238
0.48806466047951402
0.5249573076966646
0.40220716029981468
0.46954216320889719
0.47859588730315233
0.52311102848928492
0.50495273028416354
0.45479883255916143
0.5016543917477907
0.48857636605046867
0.50781937047750503
0.43266193370378764
0.48267836951496368
0.48243691612403711
0.48209835846191446
0.50294342764358058
0.48890441213007491
0.46840947802421257
0.48351389589191529
0.50416498112772046
0.50666672636764731
0.47990803940617793
0.52709551774726926
0.52700056888015545
0.47500147951742061
0.45814694609166434
0.51808085566944606
0.36757425186678
0.35496947937978329
0.48335752013962757
0.47145972555431598
0.5134256237228717
0.43679019283285986
0.47381265001820022
0.54259530841628112
0.53318251762751678
0.49574219767314198
0.50389067249311625
0.5095887448567914
0.50688031534841826
0.46134387845945019
0.46877905469757869
0.50757245368500725
0.5169743240746234
0.4555764964209334
0.48140726792692229
0.53180492103042987
0.46141851384913557
0.49690539011525242
0.4882794237583577
0.49967546309525035
0.50590674492301091
0.50715980939499294
0.48077009447754215
0.46227160607983803
0.49840557455948115
0.49076071002181909
0.50102435012708568
0.48386011997367673
0.33735130770984451
0.35752086201547945
0.51979707935084452
0.48601791234487585
0.46442137478458195
0.522883392549649
0.51236261129444394
0.50886231972469553
0.52536714862576095
0.4941642054005016
0.50634953520125392
0.47209334405071729
0.44077113813034874
0.50940001001365542
0.52381235415183158
0.51613295350233346
0.51641353232518716
0.47414659887361077
0.50478929325665511
0.51166043340868084
0.46162483570831769
0.50888463360739911
0.55327275631236961
0.48824760083487695
0.44304789677100048
0.47764737488062536
0.50254372268467029
0.47391593733868415
0.54211855506996698
0.4382566044869336
0.52309062734258183
0.5661861230204025
0.34067715501280776
0.29219095157792596
0.51946774108524452
0.46127051856018975
0.48406550608013854
0.47522013477378722
0.48326382790571071
0.5468580884576244
0.486920424735512
0.47148165937441433
0.51869271518741755
0.46164375117351836
0.52857071590861238
0.51405605287558842
0.52979258383270988
0.48298434738662921
0.53206921227607706
0.49606499445761731
0.50468630046306551
0.46945289742523028
0.48521557120489167
0.49497005461953847
0.53299546587681146
0.42989276087535766
2.282754888734064e-09
3.2089904554773836e-10
9.35558969453824e-10
0.34179970035652318
0.45133198428324989
0.50687644881273974
0.49724141268025451
0.5255671119675045
0.34373911631034182
0.40343573985690379
0.47077722939480948
0.47607488965369194
0.52712190687652782
0.53712529774719908
0.51408706687366135
0.53103269081442217
0.51078283716004935
0.48055465810389819
0.5206699579459898
0.49031998049492792
0.52912531846748057
0.51881324588007494
0.4674418538499524
0.52357331546948538
0.55229919018362161
0.52468267506880462
0.50583965370053618
0.4911008852194379
0.49735269344293198
0.48446395116026503
0.49709628499459535
3.0321589742198946e-10
2.8502872761941336e-10
2.8564208347151911e-10
2.8475010835481469e-10
3.0657736019970246e-10
0.46914853289029163
0.53028439316262443
0.51876678774763596
0.50784851807843401
0.33136150195967945
0.37028017768217664
0.46724015569348182
0.47332920453665123
0.5126392341480096
0.48925998836979412
0.50551583981881376
0.51698771804476862
0.51585727479208432
0.51787161166387008
0.45964175769710763
0.52626345129592034
0.46560554254395842
0.51997553102705607
0.51855577050134161
0.55650456004071047
0.52954435863730187
0.47128801187590086
0.52615321079428456
0.45033648155820677
0.49608215981093223
0.529731936538402
5.9281344878774576e-07
2.9994015092844246e-10
3.2062555127684792e-10
2.9291669731807959e-10
3.0475881418713409e-10
2.6354321807050633e-10
2.8293772793059262e-07
0.47409127986729427
0.51160497958682039
0.48517938963262347
0.35855644003095249
0.29829962580488678
0.5207218222028871
0.50964599132337796
0.48368998180374195
0.46067828075512346
0.50720468801518548
0.50411657294169265
0.50153404308950278
0.48057160547395322
0.4787864345807657
0.51272862771765226
0.46125431484782636
0.50918086549355057
0.49599209863249621
0.48602809429949656
0.49660509422477517
0.4622086376724881
0.51338118877930994
0.56100595077034898
0.50651338336980245
0.48760055533070923
2.7191526224253491e-09
3.2317234066488417e-10
2.8490715872529179e-10
2.833281440455606e-10
2.8065344922466083e-10
3.0856672667524866e-10
9.2605096755260718e-10
0.52155297550498414
0.52432943669938181
0.4966911031799196
0.38769630672312988
0.34445250841843078
0.46256331821474544
0.50861870126778352
0.46442971830808361
0.52230595251451262
0.51644979253074697
0.49706149865073196
0.52269292189502103
0.41589092280024836
6.2759464298278698e-05
0.00044692352817460161
0.47749559249876133
0.54863719456660309
0.47164866086737639
0.4651374238613793
0.50705000209812146
0.51677608741304903
0.49555120364821742
0.50574108867375978
0.46421094342133845
0.53515595624934653
0.00014335374312988169
2.9441493447298331e-10
2.8194208214228681e-10
2.9603186420859551e-10
3.0310607371465608e-10
3.1081848752150339e-10
2.4484394191876394e-05
0.47017511520371502
0.51636398042843068
0.52095810920303953
0.35617976773310672
0.29369332630886513
0.48337971041461153
0.51893801368976755
0.48917428797530316
0.54726176277624239
0.50025619964524271
0.53092305988364652
3.1079056131017409e-10
2.6253033179229803e-10
2.8518868076206024e-10
3.3352224247392159e-10
3.0188459768530051e-10
3.3408774799556967e-10
0.48155040501418178
0.51864451424176894
0.49837347167857388
0.500397573403356
0.51267288780819065
0.50498694364789576
0.45905333724192082
0.46080536016665258
0.5067383834185647
6.9003681386299807e-10
2.8609317880027564e-10
2.8348057857580993e-10
3.1183357585635558e-10
3.0094227196292687e-10
0.51028443302598059
0.49609595610169871
0.49031926619217392
0.52293710345281563
0.34428129512335987
0.35242662866709074
0.51587952904472578
0.49159039245521513
0.50573221051268347
0.50722511478481824
0.50498379239126523
2.9464941144368532e-10
2.8176023951281037e-10
2.5932459465499769e-10
3.148402631325903e-10
2.8707562593658611e-10
2.6608998910226881e-10
3.0388939017583042e-10
5.3624850787987383e-08
0.48718763122120134
0.49150453305705666
0.51999011267754591
0.55827685004887151
0.4893905914095692
0.51128790375662669
0.46601742158960124
0.48985143454647018
0.49235633467815881
0.0091307200551416761
2.7713696338952661e-06
0.0084587596419440515
0.48647557986716206
0.51838947138674973
0.51087277349635685
0.50964494759738055
0.52137956161627752
0.42182081426424883
0.3090206802092561
0.52795273313491498
0.53128318527662854
0.50041458164727326
0.51155668948022981
0.011252690809993025
3.0345238279272902e-10
2.8682648068738793e-10
3.1097857518648012e-10
2.4118919928722625e-10
3.0523214682854342e-10
2.8461668714842919e-10
3.0604900580787205e-10
2.7506062090346207e-10
0.49663863945629722
0.49458958831300021
0.49287252764958389
0.51828500770156771
0.50034821076286951
0.50447299393728806
0.47378799494218804
0.45025103101403163
0.50038908742934629
0.44914571147550514
0.51263910239147525
0.48545743190313861
0.49506838080288557
0.50819945020876522
0.52356234403165003
0.47691293662079381
0.45370489063738573
0.36515967146266909
0.31014335031962637
0.50000535270395297
0.54513878364348178
0.50435036412360579
0.49441223444147581
3.0162277658846666e-08
2.9813598400258796e-10
2.8033449132773303e-10
2.8590212294987139e-10
2.9229074803310994e-10
2.9400095037607308e-10
3.0317072545245164e-10
2.9535023365028483e-10
2.8670260109640531e-10
0.30112211810441747
0.48676479317189331
0.54798653762408422
0.47389017064049643
0.53985469954132037
0.53066833329693863
0.45919743231792937
0.48621593951657371
0.52696444041346291
0.50848748691736245
0.51446378930856573
0.46889450918043352
0.47646133066821256
0.46543961443608772
0.53239883426364143
0.49379689067350513
0.47086876139780387
0.31469241776512896
0.38720798310039595
0.53545401046112873
0.5118676909791503
0.5158550841927928
0.50527627681412357
8.1964127124354299e-08
2.925230038420329e-10
2.8810961057428272e-10
3.0167090735694786e-10
2.8914220728008225e-10
2.8086638055353049e-10
3.1920310741689035e-10
2.745043066703185e-10
3.1175914559718913e-10
0.30959705662842069
0.47880777190619744
0.47991943175977331
0.48797815105472298
0.51790799963309364
0.51616335913418887
0.49018780698007308
0.4877957358668924
0.53932292942940185
0.47942157396599699
0.51040975208035699
0.50429096798810324
0.55147002638880405
0.52685343630477277
0.49730988218898298
0.50163972964437886
0.5130743279285529
0.32650953018516266
0.32424043850013978
0.55449691220983144
0.51873944976029129
0.50082508219601318
0.51433519918114334
0.13633164770387821
3.0178550852060371e-10
2.9103005680036648e-10
3.0081608332312714e-10
2.9794840535080458e-10
3.0863944681938127e-10
2.9416162860479603e-10
3.1682133494807136e-10
2.7398982942172627e-10
0.54551067719427693
0.4994078537083968
0.46836902030710437
0.52723002143674369
0.54562595963253824
0.48130697743374801
0.49337958285831029
0.45384095092792381
0.56794495538455747
0.48510053327459762
0.49348612578241852
0.49668695629249721
0.49057465192291888
0.547727204184419
0.52696812380275981
0.56158759603502029
0.46911643153213733
0.31674115941920222
0.31054088438076027
0.4942356180629458
0.51561633240728555
0.49597400038435929
0.50770253560805068
0.4806026152870671
3.0331374488712712e-10
3.0040314598031456e-10
2.8426094051178358e-10
2.9745744355531982e-10
2.9173364185635611e-10
2.964827214879887e-10
3.0388945414109192e-10
4.7315396943406804e-07
0.5298305242983854
0.50862349313924049
0.49338270635383535
0.49742553790559058
0.47723814010319643
0.50569116262001801
0.4905380811608665
0.4942745660869825
0.5134232974329811
0.5225980284819276
0.51254256126542908
0.49179235561486434
0.54121774733476258
0.49189851068321444
0.48725875939572694
0.49427241039183389
0.46767615201736956
0.32892633096763546
0.30692643108357648
0.50689214307775532
0.51363582058670898
0.47756971316153163
0.43952586978857899
0.51852201046589386
0.49856100281306581
2.9240199829434718e-10
2.8388528281866979e-10
3.027248711130426e-10
2.9967462062061228e-10
3.0435674286114249e-10
1.0258828159153154e-08
0.49940496218153513
0.46443610660344326
0.46389519831705217
0.49083211154134282
0.50016877136483895
0.5220644732675469
0.48766146290710155
0.46412607953857893
0.48199246682886726
0.49918607142188093
0.49493565159147324
0.50473242730682433
0.43929543885166111
0.50528987745958776
0.46545101040482134
0.51368789967202233
0.52028962255173983
0.47930460699882677
0.3058113987006808
0.39936672198204837
0.48808381066312245
0.5091520168949355
0.49082513409364104
0.53464509310721975
0.49779997437503287
0.50076844255587394
0.50385833247119782
0.45549308237868569
0.0037834476724766075
0.0082004752281028478
0.56249309216590493
0.49610809157949548
0.55274109427898199
0.53766415443166382
0.47027336842237594
0.46102275267401471
0.51431804233967893
0.53881220931951912
0.50030989431969197
0.52822308932086248
0.45940511369611248
0.47435176237856408
0.56230047555827134
0.50544635859494158
0.53411776705615832
0.48735833934437178
0.54533042452821201
0.5017979179845562
0.50761519876349315
0.5165152888636535
0.41406726263743659
0.33047483736166572
0.46720101382701079
0.5346837647606949
0.48494652751119238
0.52938494535945335
0.54947894604151715
0.52792320983137797
0.50773200401165852
0.52026432440689041
0.53298579243877198
0.46582992389173827
0.49901043572424658
0.4998843092701899
0.53426254417911756
0.54385488486080336
0.50025586580516235
0.51338070746649667
0.46632438302732587
0.5047686617593693
0.52256858580398158
0.49667851691040871
0.54336176690219962
0.52373344509938924
0.58313803244096529
0.48737590158347177
0.47015127743655077
0.50675199463322651
0.53735372715174756
0.54946339297679625
0.50542841734799104
0.4855533575370764
0.35768419038081622
0.37675003124111128
0.5169914834474536
0.52725856452572128
0.53103002060770399
0.50684892380592628
0.54747270586993813
0.49048519645945926
0.53896094503841174
0.5168719985607213
0.49840665914094695
0.53351428220639396
0.50067316279866836
0.55367005193196639
0.48948461769315904
0.50141281465920773
0.52296068596234868
0.45980867736358927
0.47183568665802372
0.44070045685297171
0.46747304882827778
0.45730852846118636
0.4399903658655121
0.5107651753059288
0.48193441174708435
0.4954315337079408
0.4986971553871718
0.48842516683736537
0.54727600266821941
0.48631277760883018
0.46456408477774769
0.49590139089785817
0.3411635079088185
0.32171557998285477
0.54183261719981801
0.49229550239472292
0.52124403120029006
0.49213291169261847
0.54860158982473617
0.54507820474196755
0.46789626785933131
0.46717361324836021
0.51178906712068817
0.46848497794051297
0.47741023040735819
0.49563974841197361
0.49169459635339013
0.54332660827857471
0.52553943162041372
0.49704106673914411
0.50908057638692983
0.4216501108642759
0.49646275563879144
0.53833925081946921
0.5082389507166386
0.52709925312363382
0.50575270349496448
0.50145034612293959
0.52057257050828565
0.49298998086161416
0.49679968299974625
0.46664868479358307
0.48640158280197471
0.52771022692492087
0.36960199830810309
0.42691778484447102
0.50149543823649056
0.4723747986896058
0.51603883784913851
0.52416649695321949
0.48840889766819345
0.50181879051561473
0.45384030349875171
0.53615057508934894
0.48975785944201355
0.49623614910306102
0.51976197581999461
0.51670091443183275
0.4882217562608232
0.50269304323837449
0.5424051258052095
0.48490468581094209
0.48428769142267625
0.50520378559885348
0.51713741681516046
0.50612659203832888
0.46218281660553084
0.46918864795895948
0.57416330902856272
0.5335360216096805
0.49598991856530122
0.4965478573468422
0.44552034382037842
0.50014049892640333
0.52051579384230651
0.46223631992269104
0.28852435613859512
0.34204028889692573
0.46909098916336983
0.48695178698428288
0.50045909088865181
0.52189831447440249
0.50124161864780925
0.52475536624576036
0.48484666034863089
0.50004484256956572
0.54440644767666369
0.47207794653694779
0.5222274172749567
0.48511021047794167
0.48468902013499388
0.50033450836167048
0.47502667322794501
0.45239494003488123
0.49917515005405383
0.50208421887085464
0.443828054357358
0.48533886581255004
0.49236417723567033
0.51953244081795036
0.52132472681115427
0.50743154474681429
0.57250456716350751
0.4393852008488372
0.4928161195953919
0.50495862612648745
0.50469517032461508
0.5494494315788685
0.3365250103336106
0.21601717371931672
0.31001973855406589
0.35224437093497041
0.36869938200411662
0.34681848963171441
0.32551310287529617
0.37361714388116141
0.32328266562691743
0.37242763188651029
0.29373661536780188
0.32709237989690393
0.32042603152455268
0.37600996172315188
0.3606609961558066
0.37727922696627497
0.33978291018824702
0.31148240460721038
0.34475427090785837
0.37866725435361687
0.33237501346745241
0.34856277198666652
0.33375223120409347
0.37601959397280638
0.32460007167902388
0.32800533526412823
0.3316495855871695
0.3542779219287242
0.37123028038253963
0.37116591784737551
0.33429001936486341
0.38352498973800214
0.29911610612514861
0.27251978978731828
0.32389095877899232
0.36228108450388186
0.32359335518498394
0.36932532915213978
0.30812727487505509
0.38716560808646538
0.3126809106668661
0.3379112508248987
0.33923220247015068
0.37083291464995594
0.30372784608425918
0.3311736586667649
0.30629092375477623
0.35550414736891822
0.33397434300509443
0.36743750456854851
0.32356358604050756
0.33609910761389833
0.33336914011552821
0.3555146721381866
0.33759892251028328
0.29761241018527873
0.34145153393360989
0.3448781480019984
0.30165004298839387
0.32062925016915506
0.320091723402741
0.31130567138154203
0.34140810199054578
0.35988362864404744
0.28466598346580302
0.3506112883763392
0.44527315469506079
0.43275830260820081
0.47786570160068764
0.50947884330831739
0.50776805672704584
0.54998038489657319
0.47436563678357024
0.46951697401424208
0.48425945175455615
0.49630147530302704
0.50405858678892834
0.47640306975806912
0.54724932040867169
0.48750928707563895
0.53802194612973309
0.48879921776751167
0.50575480634685677
0.50359222503869328
0.51392239439559029
0.5345902416774706
0.51659225722358382
0.53190999072267242
0.52206110576446796
0.53175656384704695
0.49633682740342933
0.48316199305865576
0.49383424720941937
0.47237339782944465
0.52219979256599947
0.46993163439213553
0.3239239035484584
0.32658197778916304
0.46310113892530402
0.49129457796007509
0.48456676981364577
0.50377266951806976
0.53839124475591227
0.47151338203995002
0.47000500280632046
0.45372578251840773
0.50926622982049774
0.47043320008043732
0.48874277579011799
0.49125643205177982
0.53250126502764139
0.50050909780921415
0.53756176136029277
0.51933199572852562
0.46010241137460672
0.53601705168485525
0.45524387493914231
0.50606084476373236
0.48625330501938996
0.44727224094986867
0.48861451976410913
0.4344757143870665
0.58689686777659844
0.48592428026674944
0.46724204298732935
0.49500222022538753
0.55390168820292218
0.50966706973266329
0.33049801911356885
0.3162729453438517
0.51979926277389754
0.47687648957468592
0.47176560669485795
0.50954568899362473
0.48208092334158198
0.50944037189565095
0.49554831115829273
0.57100189122405798
0.48438367088578005
0.50421248230054327
0.52434202471653157
0.50771119103069806
0.52003252049195969
0.50354611778384606
0.50286046577542409
0.48327414867700225
0.4758370474549643
0.51845370958684511
0.4744005157110453
0.49706589394272849
0.52063578363703633
0.4723627069695665
0.47713949051500903
0.50901751928341998
0.43999053454889103
0.51163880026062192
0.45265535041322968
0.48820976054821719
0.51328883515880952
0.54210655136948005
0.41639184801913487
0.39014735911743548
0.51203099458712031
0.55276867832155419
0.50081647685335973
0.51045546279865028
0.51769135484443563
0.50561895519734046
0.55035610526128176
0.51726025754929983
0.51973171482294489
0.51235309473755219
0.51840351094054216
0.46419844393554455
0.50251577436458494
0.51250170333819689
0.5488007548958771
0.51225823663862513
0.55042840606847843
0.58567275404226382
0.51716701789471353
0.55064834621583492
0.48189520577866041
0.47963449987300205
0.47100172457881001
0.57330964031923282
0.49395533191787933
0.48845290980580003
0.49198994005164443
0.48970050278395111
0.52708574121617724
0.49405277428026417
0.36416753171358496
0.31264585423422525
0.47083334324061776
0.50810212822709877
0.48769404807902139
0.49640927295480297
0.50541967906746876
0.47292929302072884
0.49253181115179506
0.47348416188513498
0.46393104183350126
0.48055473649286951
0.46766960251850853
0.47815219038514456
0.48072410575196345
0.51145782652072103
0.46579522620652808
0.52491534855295341
0.48587883847600488
0.49769631361788835
0.49376190450351509
0.49158321515909276
0.47625655620923801
0.49215060000061162
0.4817515863641989
0.53016887797716616
0.50475345514738457
0.47544940947200326
0.52585960383688946
0.4834707988170156
0.50350791396229999
0.46528158840867595
0.33716391087420294
0.4095507181051643
0.49322906427902696
0.5265438097796068
0.51619393008499437
0.55529363718753721
0.49370686222583765
0.51218818868075988
0.50285836154773444
0.45794562727866955
0.49830712243197411
0.50460468056149343
0.47073769035536989
0.5055009781327513
0.51967210454118951
0.50400153062649133
0.48133995529908968
0.48240351926338121
0.53241997285826292
0.50902150679375935
0.529148272859844
0.52861289207707685
0.51261501616925909
0.45417387616724753
0.479287635685124
0.4669338543330982
0.48181590138076658
0.52232491167444584
0.49303121003210815
0.51408621190737858
0.50862821049144857
0.46117999126354592
0.3540663471567882
0.34080680433989596
0.50682816389458096
0.49988924262541301
0.53360556795524494
0.4982248022168182
0.47043345111013229
0.5319470976085573
0.48809693799676007
0.49559125942026422
0.52921033531430395
0.47391340285489197
0.50214702254921262
0.53107841991424243
0.49152462276126996
0.46500926752157429
0.48791805546765066
0.46117694737839504
0.51224961295652849
0.5040224857846296
0.47666124321227765
0.50213351029759967
0.50643426231401856
0.48667337397298932
0.4384644155606055
0.4907411892353678
0.49570137166519213
0.49744873646064802
0.52773537750037125
0.51874275427725336
0.47520865887251246
0.52474107668445813
0.38563232794613156
0.30431549347101094
0.49909002882463738
0.48979409299248661
0.4949897245861194
0.54563993392465437
0.47184094643377328
0.55008416215790557
0.46363506405474886
0.47841618852020673
0.50515909722239638
0.46877334443414187
0.51471047828936611
0.52312378662014181
0.5102549172103451
0.5184980066062973
0.51169997168158177
0.50584757334296881
0.51718593143230551
0.50558745350217382
0.45697853407748756
0.49439092177445276
0.48089448264579682
0.49245274272510348
0.54398378390374125
0.47438124978047358
0.48769158305883958
0.51418404474611856
0.5241259058580694
0.49817067217532635
0.54081006983179236
0.52129280321181592
0.32042978892269752
0.34999197995900394
0.47677341545802687
0.53015216020729838
0.49255543891390341
0.540268015569625
0.47848433128839485
0.54822441619271334
0.5116240804501041
0.48846987265033959
0.47686119875202271
0.49573879181385588
0.53301898561722882
0.50255971517486264
0.47556454817562527
0.49796409064676
0.5098607919535364
0.50488615072997589
0.51453179605795618
0.49351048055487168
0.48481551214151236
0.55830309670311462
0.51811838055993009
0.56683860397858266
0.54740168127905409
0.47936330307918895
0.51365672775928828
0.48127595629184489
0.48474067349572053
0.4806212372433219
0.5097217523667904
0.50147408968860419
0.35444401872869941
0.36162408888026198
0.48420878143487101
0.513077253189545
0.53061479459949068
0.50865576506499133
0.5190458264443637
0.51029145828046385
0.55378923135756231
0.52408717268594074
0.46565506614690405
0.475537910162599
0.51024415792171463
0.4763231944408805
0.48110499710834004
0.51130484632765338
0.53146801357003792
0.53968121459141627
0.49121980397065346
0.51968957170631802
0.37414514919076125
0.4929911639182481
0.48834642105088105
0.52623972353799486
0.53304823271370871
0.47258706828483643
0.46039483761973204
0.49952656519131805
0.5073392179577948
0.50248958528174825
0.44115959003417105
0.49939055394992127
0.3504669880978396
0.3314934371752673
0.50513646553474334
0.50487983994042696
0.49087652831980527
0.52583089098330582
0.53027961816201064
0.48766178554721201
0.50313159517976591
0.51693218915227468
0.49929776560775613
0.51515486780044117
0.53455609151067129
0.50088946705687565
0.51622351536473488
0.48621425698424253
0.43080978024081884
0.52095490587679771
0.4942155128514169
0.49175268767640767
0.50980916993521086
0.47604424810695767
0.49478973852309976
0.46078322686706097
0.5293979491655737
0.51517670828469075
0.4627822432970925
0.49680140774456272
0.52949322003793442
0.4792809894572525
0.53104305910340754
0.53919920703239843
0.40785992167948554
0.405130358742403
0.50130849853359338
0.46433888668621515
0.46388962666878331
0.48020235116810234
0.48737180801402086
0.49103513713193631
0.51041354265102368
0.51024550527750889
0.51076808436876286
0.5057353867282034
0.54362361251179714
0.48019041290281705
0.48873577725001099
0.50481948570045987
0.51663746372946528
0.47432855404005547
0.54185548202197253
0.48970923400143079
0.51563750143560827
0.49128779039938197
0.53431715411053604
0.52122283744223907
0.5613158336191324
0.54279024952886668
0.51982440139903463
0.48126943283470253
0.52728776691536094
0.52679117647965512
0.48974751262317406
0.49416009020661805
0.3263601525329376
0.36562422491253993
0.51214781785615437
0.51912392083208658
0.46674269263200541
0.52625100752711529
0.5466535593759565
0.51187049716270405
0.48428238628747627
0.51152659564219038
0.49382808674531492
0.54425762797133492
0.5154691597374883
0.50763789256991243
0.47802653590591526
0.51460670923772511
0.54393886637330524
0.52189786756519507
0.51925714564047221
0.49697147530765268
0.488737885972163
0.47487488957935742
0.47829092346205954
0.52658389237483649
0.24865544061611733
6.5565447701429314e-05
0.24579372191700191
0.49535174656052056
0.5107502158052547
0.48046982157029922
0.47347860472406389
0.4560634074851721
0.34239806558389779
0.37053524982773689
0.48408567407395964
0.46269039391387312
0.48984535495082576
0.48445271396058426
0.48349109669231011
0.51793118033163421
0.51053376025469821
0.51208335943778904
0.48263311240056039
0.49284546978764904
0.513232116951018
0.46477250051783608
0.53664098903468915
0.47026590661577877
0.53248657174750669
0.53948833822749476
0.51869442016255873
0.53545384252276806
0.51698244993641773
0.51868441708784729
0.51408544443727155
0.44614509367901312
1.1812291162922715e-09
2.9636636599129218e-10
5.2127679509468517e-10
0.28209360331222766
0.50297601525798319
0.49118267649749475
0.48091622495807584
0.50403038934434696
0.3134376872466873
0.34998410390542112
0.51763454854820901
0.47789858453803641
0.5090889867220465
0.511027108691263
0.49473220099324311
0.47710801745869125
0.50376759558928519
0.50121716508166803
0.50594172019700789
0.5099325379916223
0.50497737153121813
0.54257745381031075
0.51019734635059488
0.50752004171722087
0.48370228077915295
0.49227231923104653
0.50070766576759373
0.47056285449696533
0.56118907330277812
0.52024759540461563
0.52742270414878401
0.17208905611275685
3.8894125773382309e-10
2.9412835936999844e-10
3.2162650712238529e-10
0.0093375519360132265
0.50518900903906683
0.53837291925294495
0.50392680563885439
0.57593149590190751
0.37572982000463201
0.31585060219995931
0.47940753958617516
0.54287491511182584
0.52209085885169559
0.51101881289264017
0.53549437252790411
0.4507979157535284
0.49946545088132055
0.46935252113855858
0.50526695475225125
0.51524051784094849
0.51094666682088985
0.49497453174930001
0.5067611433060728
0.51785468826471381
0.43173158937668182
0.50203811896156569
0.50911038600674263
0.50086070156679985
0.45079842105737084
0.50978170424320923
0.52592700387618552
0.50649693408618168
1.616855054611027e-07
4.5963316550254911e-10
5.5929179230066521e-08
0.45077811900254677
0.52143462528989593
0.48286687483751367
0.54059407917791313
0.50427616859333191
0.36038475095897721
0.36739992308841612
0.4894219954557793
0.53775550224821644
0.50524138799237595
0.51158660893385954
0.52529460033074349
0.52122383135739569
0.26994141040146225
2.837746770815667e-10
2.7467793250829008e-10
3.0919835808856362e-10
3.4474312385794203e-10
0.4966718006825373
0.4500774014169544
0.49528435613590932
0.49868964994531756
0.50935840366244922
0.49122591963896484
0.50927361696315332
0.53018500423404358
0.43287564753471863
0.55291190114464828
0.50198400275787058
0.49343353199711049
0.40346186546227047
0.4999009757809903
0.5042677219381454
0.51080846146589132
0.48805869322950163
0.48631774449629811
0.50132546033852965
0.31713604829666342
0.41307698524616149
0.48765819102355379
0.46700916373985774
0.50916653604305817
0.4907604220517402
0.49972050834116438
0.26758744733883233
2.9403375380616749e-10
2.9831313210157556e-10
2.9079226572041304e-10
2.8327096023290049e-10
2.8663560710399729e-10
3.0096302908592899e-10
0.4992474975993923
0.52994676146195097
0.47572260216649165
0.50117609956529174
0.4747615924693761
0.48643337731706038
0.52057534887348655
0.49430112797604098
0.50818306969940452
0.4903147864717774
0.46029004907194898
0.50646472869493098
0.52281961360153628
0.50897359440123757
0.57472693728881397
0.50920737374138103
0.45521655542300732
0.52853803910690489
0.34616950230464277
0.3181938187461904
0.54392058837610058
0.5047356995322605
0.48017163868961421
0.48154030819106441
0.46815572650670212
2.7735424263284956e-10
2.8884743566303126e-10
2.7223096085634481e-10
3.2058260186888105e-10
3.0037533511193408e-10
3.0854357145056655e-10
3.0446817440284412e-10
9.2924791378817079e-08
0.5750983736086791
0.51670078014931786
0.52366008638487016
0.47898887137916168
0.52592886170844833
0.51283108307519676
0.55496994400992206
0.53362097708191181
0.52620752183168518
0.50916041279737145
0.54425214574543967
0.47798791709353344
0.42812344651965573
0.55968768678361547
0.47709041846560968
0.49775091431636198
0.46432439958339394
0.36906223555288725
0.40999943931347532
0.50582440056766331
0.48753183919003029
0.52098767410468272
0.48427508912118705
0.55593014842020161
3.0618956010483083e-10
2.9528315410587688e-10
2.6909741386248293e-10
2.9913301120461842e-10
2.7775183122062554e-10
2.9628345188872331e-10
2.8477330468452865e-10
3.0414524676528149e-10
0.50445678918049452
0.52099769368985072
0.5192544938634901
0.50301564833200818
0.50706813825709007
0.50459896151581207
0.49672727820581247
0.52940819978144193
0.49137009204677828
0.51475133847806021
0.51231327015229233
0.5043246700445122
0.47646618950211211
0.48753181012589469
0.53070473358068448
0.52007453117173852
0.48212670677057867
0.36933231612788558
0.31768877693301628
0.44216356747262531
0.4786824067334316
0.49833194233145484
0.49220341912045507
0.53149487024940556
2.801383581087676e-10
2.920771190429456e-10
2.8501067920339794e-10
2.8585822868014116e-10
2.89543588207308e-10
2.9324057217824507e-10
3.1367535357287137e-10
2.8340225135701349e-10
0.50663968522019132
0.51159036117406331
0.5456402776585958
0.57391226093767655
0.50149935566665527
0.49163826438637565
0.50164270015542756
0.47703581151933239
0.513199240115218
0.50572608664321572
0.53689100712513105
0.46598704808470842
0.49425081647336233
0.49095924814106373
0.54342804908033859
0.49628218637829341
0.45198833549999273
0.33529426609531582
0.33194642038947658
0.5033902844794319
0.50121992166029516
0.45523056160525949
0.52345374733467775
0.51276203013292687
2.89210207305446e-10
2.7195647010293565e-10
3.1716047338412528e-10
3.0583519062097532e-10
2.8941222245901652e-10
2.8074135897676048e-10
2.956797210451105e-10
2.3826784883460036e-07
0.48927995053885937
0.51351953494254032
0.47819873011660058
0.53287885455577666
0.47951845273827209
0.47744891419605251
0.46126782415519341
0.4921973353572921
0.47834796011403463
0.52858761428485601
0.52838107079686703
0.49445705114898225
0.53198292018226334
0.54526158899764787
0.52630544295788273
0.47722823167738582
0.49294269623215042
0.37182207367617598
0.31930574535521322
0.51473986215376333
0.51792532325725604
0.52744684246661711
0.50108701622466456
0.5240153184783779
0.37851708202272305
2.9355857313509187e-10
2.8236246798704573e-10
2.8833834415859537e-10
2.8702317074520388e-10
3.0763441075889189e-10
2.7046870857601927e-10
0.49515363483086
0.50640819255938896
0.46491935910274157
0.54107185370003275
0.53250151428130676
0.48562604604673149
0.46546081350861346
0.48457602010805401
0.50330373276535345
0.45178608452137486
0.47151152395525003
0.45309250893380787
0.47976954325976034
0.51957076810600133
0.47172869545439439
0.44134775991184289
0.51582716820551211
0.47979291505442789
0.39537969066451867
0.3100917357832681
0.5084310505271219
0.51819421656106424
0.44056758016171871
0.47683494950727234
0.50348451276646367
0.45477919346303997
0.38834852488239474
3.1420088643784848e-10
2.8950183761447611e-10
2.8661301208742375e-10
5.3131338194705079e-09
0.49578700429073747
0.52633523471524524
0.54079355426068443
0.50500897206326767
0.48236489449134207
0.45988622913659011
0.51662432769854871
0.53104285793940564
0.4679793192763344
0.53825667980121616
0.48299724933554666
0.4951055824667403
0.50070960844717127
0.44966593311568109
0.51012715267369224
0.51430239650450194
0.54220400768378596
0.52489417705173302
0.48646047396199193
0.31088781630928675
0.38694733198335207
0.51136067182973421
0.51830983795319652
0.53013615461237151
0.46975285186709709
0.48043416714274995
0.46067060395008164
0.49076472079861844
0.52184981130543018
0.50356203480223649
0.55313879367426777
0.52102716270591143
0.50777969379031029
0.49841602439450972
0.50698067371923272
0.45942803093575507
0.5005891224411585
0.52339821610043635
0.45282544469283642
0.47042879873337956
0.48713360065904521
0.50963389871348097
0.47012245206905906
0.43310217277872975
0.44410219383696842
0.44238264539559774
0.51207003554047203
0.49819808248360115
0.51376918965363294
0.52301037759476454
0.488574995272958
0.36887323954120177
0.38046654415830955
0.49706149317767367
0.48908670816762284
0.47162744626023206
0.47419746641950078
0.51022557491666731
0.44405987079210174
0.48386070291883476
0.51349554206051951
0.49830917284615628
0.5261134510887201
0.46218669797558726
0.50307748432450361
0.5072389649636514
0.5194444696803765
0.48850944830657794
0.54468119492994393
0.52476240965352872
0.54567060842248205
0.5171080399178084
0.4876087673777143
0.51376321233245403
0.50630363757251728
0.52468726680664501
0.52321288080325745
0.50693775930491436
0.52894415625292668
0.48407312841854094
0.49142030432443606
0.49587139821520287
0.5362336888079029
0.34966346369625395
0.25050831731611362
0.50987722033131933
0.48877763440263894
0.4782832760061449
0.53778322006132528
0.52880938483117401
0.47417930881503467
0.54798214421903635
0.48832755218462787
0.46911127245557843
0.50132463003209715
0.52953506491533531
0.49318594591814741
0.46078637702545122
0.50586291375330605
0.52030988337779993
0.50124938705299638
0.5896382386333554
0.48531365569238871
0.47984023915988427
0.51442618793497841
0.50417504097991517
0.53186278249737695
0.43949809861672046
0.4770648093650891
0.50523953915111719
0.51220522994782525
0.50218206622757411
0.50107162297511687
0.51047059963478958
0.50639748979061994
0.36644655746412869
0.336756905995786
0.51561476758042568
0.51856889269722994
0.49541633972378568
0.45764448614063558
0.42831529908945459
0.51277657796523946
0.49232284711596364
0.41029518323806885
0.48096459538455894
0.52028784320949306
0.51398844408518907
0.46903457221874528
0.47784584683588377
0.51740353710914277
0.49822663023965064
0.54621813122613561
0.51950280346366051
0.52738063649369504
0.52416961293376541
0.5257085343783392
0.43803215677498825
0.47674091204064906
0.47023621064268462
0.5507797066422101
0.50978310741607413
0.52532414775061453
0.51575162351636694
0.52079661197439053
0.50880936586916314
0.48714331222566104
0.31770232934910503
0.33808009431970354
0.50947312366840225
0.48455114865726351
0.54855485811088267
0.47770160635346176
0.51445772052821481
0.49489658445906964
0.52529301924943306
0.54039087896102866
0.53771146330158215
0.50623418780891316
0.49367489599366216
0.45337670756952597
0.46638484508050632
0.48282594265536771
0.50064424455656431
0.56340254673399082
0.48263732451817914
0.51033362670498517
0.52254103295722321
0.51978695516394502
0.49435988663824465
0.46418287114140072
0.44899755377445683
0.49057883396082913
0.51719559293967177
0.50276729315006874
0.54884083253613203
0.46390430491136492
0.45976112504132782
0.50703919581203727
0.32705784811279232
0.3268936963665896
0.51367318180281352
0.46683355593961412
0.52083665196013218
0.50508341342390373
0.5341401588179463
0.5136162169071784
0.48259468047406784
0.45026917472033023
0.50732639036858673
0.53738925908110746
0.52196540268805747
0.52054551173021624
0.4798910642597129
0.51728230621179128
0.50267633480762353
0.50517564648393942
0.501216025322888
0.51852714976886061
0.49433151406270043
0.485548570864548
0.50629130804626077
0.39673520957253422
0.49171763140385966
0.46452157268785793
0.50608564245508691
0.46679741454626567
0.54411617768452114
0.4543680520779147
0.51063703243975955
0.51891111849341831
0.36758412022763154
0.33587380178564558
0.31722374138279247
0.43892109260753542
0.30699870721941297
0.31490945723172759
0.36617656710678476
0.28673290671603835
0.34089041140517468
0.35644650629592317
0.31496118489896258
0.31232977189496897
0.29823250330632228
0.29986076790925204
0.44381683973714464
0.30845729212250583
0.39093924124888924
0.34175632688052537
0.31036226512014403
0.35438330722805034
0.32899725074302272
0.32370523879316587
0.30414770319838114
0.38446379959437299
0.33093069521857033
0.33938045044120113
0.32321370170148317
0.33015593795338249
0.34565528140256724
0.38538882718720779
0.31851476805291579
0.33460076339331268
0.30001262951081903
0.25087867665531466
0.352048044520613
0.30004514299417623
0.40277003731747751
0.42198241065405911
0.40837699408087474
0.37337428707363945
0.31431586364132175
0.34645815988745604
0.34006401259660474
0.30890018655885759
0.32194527716494437
0.34121213483012897
0.29277618737425054
0.30676978286582196
0.37510913170833127
0.32000598857017548
0.31147159129960955
0.32850792414388597
0.27563372511252798
0.34418762790375973
0.34840842717101311
0.33156283460017
0.32784484646823397
0.42948948290443523
0.35090119924676422
0.37919386708996489
0.39711355854649444
0.39322551084340335
0.29472674628986889
0.30936747756971883
0.21839296926334237
0.36697531493791868
0.49442105946455417
0.49956275980865755
0.52797458364487126
0.50192558105863849
0.4279700638278558
0.47926918700832372
0.48763213269928174
0.50056830059574609
0.49713084251003037
0.50487424086096233
0.46800717424871097
0.48194765000341172
0.51150872161882999
0.52065178398711864
0.49710167450594123
0.5262091810175582
0.49295344496189109
0.49222120397381675
0.50901112585356312
0.56233588187598382
0.49833912373809774
0.53782555840800261
0.53950163491480629
0.47335515602579203
0.48237868617025353
0.53532617578188724
0.51236168296185958
0.51892678152080418
0.54181568914209211
0.51742323391483691
0.3676206338453431
0.37123025728782194
0.50930994595593293
0.50265500299286792
0.53755014527101452
0.48384710802488412
0.5409837132273061
0.50345324797348745
0.52805993584567845
0.50689552763878332
0.48461123243697252
0.52856820541335325
0.50907409089968492
0.53252855874204097
0.45740943110280485
0.47305796390494603
0.51663304064267324
0.4683470352440951
0.51222932596145931
0.49771257185284129
0.47249967914983537
0.49189760129543347
0.49324244363640751
0.47912300445352141
0.50819079206309425
0.46191001017565503
0.52905228398727644
0.50308446894506065
0.51379330856043937
0.48307390394545918
0.50569427122729294
0.52059588955802227
0.31358879584762706
0.33159862817916813
0.48125480799265696
0.53724087987794267
0.53830030730392919
0.47404489305241881
0.47676676743419344
0.52094152160840812
0.486722261989815
0.50510408392934736
0.46391182047742241
0.52730721600293418
0.52321160976175818
0.49719150571290865
0.55935050397682839
0.48290563171685219
0.49737196954149332
0.55715751599179719
0.49514315807408987
0.48753749492017012
0.54284888360896055
0.46826448839755525
0.48240853419417612
0.48971366107657804
0.49311608196076157
0.4962809757758897
0.49883066123117736
0.46659825034343122
0.50355838723308599
0.49157511361757034
0.54442200138413888
0.50472335520669809
0.38750197900835809
0.3730870851694893
0.51344616092833606
0.46469282249968824
0.53855915286233869
0.52122223268809886
0.48732264789086349
0.5055627418141575
0.49866271269311541
0.49010493994592297
0.48043858462892602
0.47651196445209948
0.53034345587547349
0.50346066434522563
0.51601413468159019
0.50622282660507145
0.52004497176091846
0.51574114663400583
0.48494811289112666
0.50131056316371525
0.51772651271084458
0.48532407850541792
0.53911939408927656
0.49576745886483325
0.49343973961461407
0.55560845540230364
0.54476766904957619
0.52342570987672432
0.53464842738956364
0.46157838519267647
0.49855441283898083
0.52928481540979333
0.35828222502167162
0.32679526805534181
0.50044961062452242
0.53365073073785796
0.47618989897932656
0.51858046182039474
0.51933812981042005
0.46205329318774985
0.44766634885111306
0.46947140064855419
0.46304733781861457
0.5142125863206215
0.5239184642999638
0.51081888017870269
0.48333139752721727
0.48445855775903135
0.45052669952641894
0.48415072609629262
0.48009513715809787
0.46657673600196131
0.54200294028903251
0.52011631181515894
0.47753130755578216
0.49547158249707368
0.48891072795978197
0.5279650953133509
0.51684952425956965
0.51414887035579226
0.57289477733878746
0.48549817457549838
0.47548357695255533
0.54336040409341635
0.36052686991550681
0.48452132244890017
0.50862715021705596
0.48911801530489718
0.55335750179012522
0.50680846569163918
0.5004780667980927
0.43164260292013495
0.51233019253615797
0.51299587212506637
0.54154851342009025
0.52098068389048524
0.51571954701128331
0.52009581450452169
0.45650813550762287
0.55811155466209328
0.47189624821604897
0.53806635539920733
0.51842423834841989
0.52751771327536146
0.48285297011081174
0.4932949952286515
0.47221301640506597
0.4969025889783496
0.45971782931507632
0.50065113263669447
0.45046648432836672
0.45321170869272293
0.51022805526211779
0.49695641067520063
0.50397881006546941
0.5343729501867327
0.32597573569843435
0.34447822774585685
0.51578352576167086
0.50095733857409586
0.51693035621971328
0.54905398780973258
0.51758251975087899
0.52476138560697028
0.51804832488863006
0.46796115085595763
0.48117726705664393
0.49204638351509311
0.47843461169394508
0.4841261221965425
0.50314134095623042
0.51549450705750954
0.49346178446215394
0.49401714072015424
0.45813221656919856
0.45737457749840521
0.50976952666696773
0.53639426938093171
0.5253782276765836
0.51280575300761722
0.50889148589948741
0.5347268298482255
0.52593154270701525
0.51725846563183819
0.46794486653483902
0.50160719332100256
0.53579593637849554
0.50720329367452599
0.35471619317169178
0.30146385360191147
0.50279726676365422
0.49877155096962938
0.48079710782929352
0.53870868963857876
0.46717140366989968
0.42853094546371368
0.50678699087985146
0.44751377860746833
0.51288625059354298
0.50346264768156179
0.55702979146412679
0.49572562167862294
0.49114949016676318
0.51061673490216464
0.46911268358466163
0.49595441624235476
0.5077238201014076
0.4956686281362675
0.53176862488542109
0.49432098187134743
0.49721252799240301
0.49311435336831783
0.51776745631859278
0.4952737104745889
0.48213303874085189
0.53494337887808874
0.46582009859129553
0.45648806765769046
0.54962490261162378
0.4932623872026875
0.39070473576024523
0.30860870218978892
0.50590630419053684
0.50929157901362598
0.51267534956457494
0.50100052099265935
0.47468510104101508
0.4691253549357598
0.43004599206527933
0.4871596695412802
0.50255413085774547
0.50743010474372141
0.48857132281939619
0.5244511482353128
0.48116344529043009
0.50555347121782335
0.48087430273828541
0.48815826506437149
0.51973956095719087
0.50922577992278628
0.46718530791701041
0.50108104404222198
0.50325513685683998
0.54160182426126791
0.47248184876845634
0.48233771926052232
0.4873985170280466
0.51992893644305438
0.5453806987958929
0.51299170339116851
0.48585948596420753
0.48769525989254087
0.36060184446417282
0.39899178751680958
0.5022751185950759
0.52575037573752104
0.49763417652490249
0.52233760179339817
0.52507599707403185
0.50909102080949431
0.46679496546004778
0.52072915138973008
0.50802040826034023
0.49832624062631181
0.52369010466576071
0.4950063654940986
0.5303514103977135
0.48105452440256508
0.47740154856868755
0.50707567150318777
0.506572159452918
0.48987660831513663
0.41959453018989945
0.47245154852342491
0.46577030482398257
0.48135006070018838
0.49930384974900838
0.49185192398047045
0.49928965716730722
0.52263487997566183
0.45870481574118865
0.45571284165442039
0.50070333931636857
0.51893659690789073
0.37691527358500343
0.36564839367677132
0.47621564907525615
0.46671783834476782
0.54608009931788981
0.49485485518613548
0.54196446142883192
0.47177800104520529
0.51622469268193538
0.53052309160039279
0.49720647503988458
0.47858010367452108
0.50869668776937127
0.505364672644811
0.50315232908365459
0.4667132228540255
0.46095533736665217
0.53307091032301379
0.51542982556505723
0.50424226261868188
0.55129758695797904
0.4570581571745565
0.51337954843666322
0.4916465635373356
0.50621138743543237
0.51700685640385613
0.49726319157224591
0.53863636222816269
0.47640207385773176
0.47159916918302403
0.49553129168592502
0.49186981347775199
0.39187212176213088
0.3246448295539387
0.51069371282949394
0.51845135262073017
0.48584451322448352
0.52948172334192023
0.50328289783399849
0.50504360945014826
0.52856538707673462
0.50775603294663252
0.50218918642350663
0.5033319537642833
0.50688128486886119
0.48807081855535456
0.41874061646240829
0.47854553518799076
0.49566767305172582
0.53262664447612995
0.49364742888608243
0.50829766428212364
0.48132796238094672
0.54079229296882692
0.53078093255317871
0.48698447886592011
0.51024373052862482
0.54031901124463755
0.48892051791497471
0.44995426595814519
0.48755749922196984
0.48526216568275221
0.49717038933861912
0.46682872293645006
0.41803825462726346
0.34401047874689433
0.49033446914934742
0.51415245893893435
0.44303790370257268
0.4724254243042571
0.53258249786342016
0.48805033932346403
0.49140058291265337
0.48266353165425635
0.49603793235370935
0.54201152400526542
0.50283128364088825
0.50516804266588466
0.4744193506500719
0.53479162302917793
0.49207093786990985
0.52099914587559215
0.49435686660823985
0.49074004264328003
0.47232171458242461
0.4871706334113754
0.53759465342247836
0.51085729556647053
0.50137335235885616
0.50991931868117624
0.49192506159220889
0.49200115653794435
0.53179863949992567
0.52301809446674863
0.44488325509034871
0.48939213779357094
0.38781880733730045
0.38899648690469829
0.50434140204543931
0.47459483901409538
0.49915222071577764
0.49045152838571254
0.52554380617721153
0.49666637492989402
0.50300229820879327
0.5083799419036783
0.47623428289621572
0.50835321751874563
0.47410435217121144
0.5001474436771518
0.46059066415293443
0.49141255580661491
0.51247828527682104
0.50309065354593063
0.5158381890630972
0.48599176044705689
0.45946955088393476
0.46652770513655067
0.48989508766922429
0.50602098513864358
0.48510921564675324
0.5419471269657562
0.54442811318273665
0.49705834086435013
0.44136670749798584
0.53471806256901455
0.4687746284613788
0.50411127169648828
0.31420599890980611
0.31911525117065526
0.48327676850306461
0.49229657348663797
0.52018500066073647
0.53022187628708561
0.47654764239378222
0.51194894294976567
0.4803914981429539
0.53319461131358681
0.52293130628220785
0.5420373623186896
0.4987419569600996
0.46951250784549475
0.5184020961643373
0.45407485330488734
0.49730722394208793
0.48351340889370548
0.51860381245912979
0.5148058854105505
0.49394161249018353
0.50277888886834565
0.51973342190101157
0.51706626343074114
0.478978577424018
0.47853108977364367
0.49622026892040277
0.52287411527339889
0.48167978279408807
0.51557952186047151
0.48306752937437114
0.47171057849087283
0.33338372051615167
0.33830777823647268
0.47826387370696416
0.53980314269425578
0.5084152734398294
0.50757443252067924
0.50376881123055461
0.50284962661600063
0.47045425037306793
0.47084189057364373
0.57185800644078733
0.46072472863985581
0.48095541164765476
0.54422987563854197
0.48570143096127572
0.49740954141353844
0.50111701693042265
0.5475548768837134
0.52382267427623996
0.53313020419066637
0.49142519986411581
0.53909109647937037
0.47302342419207688
0.51853707624512901
0.46027054917720311
0.54702732599991954
0.47368710181376805
0.4789535738914229
0.47202286840262497
0.51201511755954188
0.48250478978094113
0.45690382338647995
0.33540328885522169
0.33928975394191868
0.4769188902737167
0.50979315257904556
0.49376784664893886
0.49662102079861814
0.43682954696558857
0.55668312299774725
0.51550859897228873
0.51341697386603591
0.46273892218089441
0.47301314154787921
0.49034037152422022
0.50796167858496111
0.45761459891779838
0.48206860468193713
0.54316358369942408
0.49040981761194019
0.49569811283785215
0.5319675739474945
0.51159676881578653
0.5329084393105783
0.49627352941596875
0.4651242336644929
0.52292747821421159
0.55623593451816189
0.54448909286622782
0.48798878099930454
0.48793412701665922
0.50537058441833493
0.51104046299455164
0.46333855838064419
0.29478859814909864
0.41342870703347911
0.54276659918235448
0.47588061803866644
0.49339748201963601
0.50160897174644759
0.50211588053379819
0.50036897965124061
0.41724897984360954
3.1524215863640139e-10
2.8486491020250275e-10
2.8261603143681727e-10
1.6224657663245185e-08
0.49878880066264492
0.45244557187403139
0.54447410864888179
0.48811021830874307
0.49328545826563702
0.44747608710271009
0.48715599825328121
0.53297352896487893
0.45440730688257824
0.46295735756383849
0.5058349973848133
0.49039536991189181
0.46374294224339102
0.51994071791173113
0.49972437409636161
0.48580570462761441
0.47156460661645133
0.52663837514017819
0.54063415265851889
0.33932754214543731
0.34567228798588712
0.48760183812903074
0.49799212764712325
0.52342457020076072
0.46021827191994785
0.51752781409169557
0.53299490096609914
2.9475949549592879e-10
2.8818497186849863e-10
2.9587088270063988e-10
3.0830859317873864e-10
3.0880998439257933e-10
7.0831763953361982e-08
0.47569738348920404
0.50951891916503367
0.47443872277008103
0.46565274786327676
0.49026885701338202
0.47726128606372126
0.45657142018610841
0.49160966158850694
0.48792803751907354
0.46872680446853493
0.49661874565679875
0.5145987286281144
0.51362171695021785
0.52339051580008755
0.50930269308646159
0.49248370880464248
0.50629898013613706
0.51707729409113046
0.37599510146850479
0.34968185003155533
0.47839333763460978
0.52700659319548226
0.49676975740786361
0.52830885480635337
0.46779353952792968
0.42371464468086423
2.6317059844562337e-10
3.0294871872080443e-10
2.9055368174261457e-10
2.8859468201431595e-10
2.5515844841275404e-10
2.8411534035023765e-10
0.558129972391056
0.47426020161956706
0.45035000919406226
0.51714620799042021
0.49780701437227903
0.52113504404549382
0.52238340641491388
0.50950824413890961
0.53309810881860564
0.50517748887871261
0.49827555241969729
0.54733570192599657
0.54869547194989687
0.52165197704427702
0.46547813347349676
0.49371906900754814
0.46207308645470152
0.46167814770895532
0.26541223126944047
0.32742564991274403
0.47604620480782872
0.51656926704509398
0.55142967427344891
0.49655358607195171
0.50921285318195542
0.46322936030329215
2.7776722852417328e-10
3.0053735549208502e-10
2.8853592302487185e-10
3.0211557619382431e-10
2.8487384022356656e-10
2.8589697517937844e-10
0.47254798044423219
0.47817353609089563
0.5213289321757737
0.4925971786011783
0.48305817913362881
0.496757659858092
0.53551978691169688
0.51453512800359313
0.49965597432812209
0.49051722012546833
0.52626462954044706
0.51771403653542092
0.51357772751295361
0.518010376292934
0.54089696363243811
0.54139560078533755
0.43777827689740151
0.5074730779386073
0.31177636354810623
0.32450827506830499
0.5193027726785634
0.52831568781947669
0.48125768456609458
0.50491997459940863
0.53101044503242334
0.47854722801854538
3.0794157753163125e-10
2.9679042316018886e-10
2.968626557372916e-10
3.0843228110688027e-10
2.8073597483885541e-10
2.7070995624556906e-07
0.51861889764948554
0.49341160863955669
0.49267500400726277
0.50666141779601648
0.5074821393404283
0.4930115998034757
0.51715204912025059
0.48284086513407648
0.51247832636650426
0.49458763490073149
0.48272342411245073
0.4954506925245431
0.48867779369369174
0.497170839280694
0.51833190382271932
0.53792806175359442
0.49462138689412993
0.48037921585190579
0.39053589664181776
0.43964818725868943
0.5173652712012724
0.52010457321097547
0.54511713882988688
0.55530446489436569
0.46466739787771266
0.50927081559267628
0.50073364436544021
7.3117369979383527e-10
3.0358905485249577e-10
2.9270025881569848e-10
1.4682914642815739e-07
0.49157514918554795
0.49268347644241689
0.49193449096893893
0.50686313939506156
0.4805273753300649
0.50904252996108446
0.50486841968441454
0.46559935771479721
0.4671919148098202
0.52833467829235525
0.49048688252413841
0.48677467097946248
0.53092704288010961
0.46890927555938877
0.48798003084435354
0.4940599974915052
0.46713664985712539
0.48767103288493457
0.46223857625784165
0.40556105069578319
0.33465915750225805
0.4681529587992404
0.53273819263358235
0.5247918460919222
0.56273925028044647
0.50664397784189086
0.52050143711042862
0.49224424843941256
0.50201008509251899
0.48863962257414095
0.45523004071118778
0.53903926685554027
0.48250932153505949
0.52088711998288928
0.47485057093371469
0.49849845129380188
0.47745229036636738
0.5031122378615942
0.44441144928081472
0.51477831680231756
0.55602116476616759
0.49636783847680799
0.45186960786319352
0.47888485836023331
0.50968830829829415
0.53746808659079492
0.51505059301053246
0.48555108839336475
0.52895132356338492
0.50035351005576167
0.49482509781308182
0.33488914660674407
0.40657861454774269
0.50824534416226208
0.54713721132738158
0.44956418277577126
0.49814203485291242
0.4618445405454803
0.48678715855448906
0.50803572424394783
0.54566228554211893
0.4842689393077344
0.51280159516363655
0.51624805560475862
0.46631597999832308
0.51438981908747783
0.5091247739017507
0.48049271225265955
0.52245041818411686
0.51270905294733726
0.45911313868996712
0.54711008329628008
0.50802553969749276
0.47114717461108147
0.50792447744140379
0.49429184235856605
0.46742171907861796
0.52549967992644442
0.48069046005917049
0.48187230141170379
0.49943018284259205
0.49370840517867032
0.42505380600167347
0.36068588305045074
0.35890421667604666
0.4826255304875014
0.47901628610413444
0.43576199297852442
0.50289100917302965
0.48953771783847955
0.49593600121242248
0.51483850787429819
0.46249959103949501
0.5239182700397198
0.48274472547645153
0.43477608843524185
0.48978175675463276
0.45028011310022215
0.47198408991298024
0.48501812079685569
0.50037952945669562
0.49720244526275431
0.45715338379949993
0.54216642212161392
0.4741298801580579
0.48345741808907688
0.527274180696647
0.48710153599731904
0.50197974614646246
0.4447546474998551
0.49720032153771404
0.50290741110197412
0.49569428062153165
0.52333966780540564
0.52997754896637728
0.46183758955744514
0.37322542353962856
0.48845560950164829
0.47111154648336551
0.46178170333600199
0.48773343984973899
0.49972917616437734
0.52600664351815929
0.51901854588588914
0.49956370800081085
0.47941968001240048
0.51788063779485516
0.51578384585472037
0.5317693366773607
0.50694032267442135
0.51317156117433471
0.51667095696976395
0.48518229596267215
0.53504500872662908
0.46782140990775106
0.50803650447189785
0.43697497739370222
0.50934460593747433
0.50721614760616818
0.50891576893157031
0.4838949763978822
0.54835899577000136
0.49008466262895461
0.46825636266782905
0.51406065482618379
0.52049114467007962
0.48589322098076998
0.3217734566985454
0.37549754845767619
0.4991031823195532
0.52291156585411658
0.46293352918858632
0.44996997046414089
0.49734425676562466
0.50246069154730244
0.49635602684503721
0.49724981656064798
0.49131112629692653
0.41762008602374723
0.46581323946823283
0.50148886447555641
0.48508584145269423
0.53093530027648117
0.46771951846693904
0.46687252011020525
0.51008720030654275
0.48070748408956243
0.54234525471116035
0.53871652448828633
0.43399733413225189
0.5177310112314496
0.56862349456275563
0.50516461045910488
0.47304826594818739
0.53673234429361327
0.49914196543337525
0.49720905209093519
0.5226225081220246
0.53778532221725517
0.31716261810785745
0.37775158526328945
0.5389509097591314
0.49697481849082126
0.45556478289599917
0.5218051771393809
0.51225400618093542
0.54569601946311219
0.47511735512963094
0.48193500941408518
0.4610935250378973
0.46538270682242
0.53157607422110265
0.51595155920008096
0.52721796384640107
0.48727634913978551
0.50268204545748463
0.47628915469623362
0.45116397313265943
0.47963969013864877
0.50358147337561177
0.43987837660030932
0.50761402062272698
0.53680182557212641
0.48271488018378977
0.50174144663339926
0.48118422355624313
0.51393707589751514
0.51341254192557118
0.4504361003177253
0.45374884744884136
0.49161184389733764
0.38199436091365563
0.31500763080241395
0.47704730768789116
0.52858837520734858
0.51005799678255648
0.50878455569351344
0.4754179385198366
0.52731617184609558
0.5604278331657645
0.48655541691859489
0.498412401827039
0.49667925992420969
0.49934284783235561
0.49209421114498708
0.51060499409842186
0.49812527580539362
0.49316957717249377
0.49804717259312337
0.47514069435728079
0.49884082935922769
0.49274975002518356
0.55224573857857684
0.51866589454379119
0.51190288162765096
0.47364644886156582
0.46018494127284632
0.52748174930516856
0.51581164193198581
0.5587416821551846
0.50112579948496605
0.52670120364337158
0.54677005905538179
0.35611741035666095
0.24303121523402013
0.36106418676399799
0.35103767281269632
0.37969380476675874
0.34717483519392589
0.31608226356400715
0.29002490635546996
0.33335160704540145
0.3548135985056442
0.37691822031916167
0.34690348921566427
0.31175986947854906
0.32646822439420498
0.32565573425378247
0.43132610517535463
0.37628728309379245
0.38963783376973976
0.40758524644284272
0.34913505832911201
0.32357494378244789
0.37997285917230988
0.36962297506750069
0.38129947693261201
0.35754193913353516
0.33112190382764939
0.31421729279554794
0.4194686633685496
0.35260895270270792
0.35999647197788043
0.35084209292380875
0.36010871390696142
0.28913706911599601
0.37982066380245411
0.33292214430334105
0.3239350618287527
0.27504937464785673
0.35261651399032895
0.39815687510340203
0.32038506462814609
0.35040250626545005
0.33505156790396079
0.3237210935315526
0.33072488191203603
0.41778838689990577
0.34902277738003135
0.30119660113057328
0.3230016254500932
0.35355313883632844
0.3667278610143806
0.32907259808553413
0.33201668111003013
0.3279112108535851
0.31644642799657269
0.39717105726590812
0.38762183986355658
0.36144055210203052
0.32458039862578075
0.36799594217390463
0.40050550477150992
0.3140336336458065
0.35776099213486601
0.33116329754768581
0.33641300284892267
0.26824586289715441
0.32793376102024602
0.48972538741934069
0.47381056681573053
0.43662418269204745
0.52995361937111118
0.4640584808135404
0.48424372864515536
0.4696511342292064
0.45651443788892071
0.52156875418634219
0.53734858157363974
0.54199667663830842
0.50252706257018498
0.51539212206025065
0.49122980051527143
0.54886810993725832
0.51384280857217723
0.5034152263596916
0.4941099400131036
0.5095452907859751
0.48553161345436174
0.54608563836853885
0.51150114818673753
0.52422183898462671
0.50758674908378243
0.48985066957775097
0.51780997981926979
0.52717922785536708
0.50618638384504355
0.46471009084092391
0.52733893971284873
0.35018003122156677
0.3420511366133861
0.49838642266874444
0.48890997689903792
0.48893329481058079
0.51186304049699982
0.49172399417924123
0.51103159840012191
0.46827757491040611
0.50604782629173284
0.49022408250972949
0.52077306908842902
0.50455024374310997
0.43534687623987806
0.47095746551540518
0.48434093354377283
0.48456378180795484
0.48828433616897604
0.46889651745877797
0.49981132970006215
0.53829351221820165
0.55892725239935281
0.5097059841304441
0.48787992084700987
0.46781134088646265
0.51989391586707334
0.48243674610303089
0.50556897844837934
0.48448091806007471
0.45147604526304497
0.44380936457572023
0.51269565272796758
0.36186977708089302
0.39691776705782156
0.50600828247660867
0.53065536566366356
0.52708713383501893
0.49981246361483345
0.50226330797143914
0.50611466450887976
0.44520667418304605
0.50273721828286144
0.54022148531584713
0.50942171373992706
0.51739387660503
0.51622930277004964
0.56450196849633927
0.4637860962581451
0.47184135215810286
0.5247538852045176
0.5325508050396135
0.47990164083226472
0.52735914319114852
0.46144073801843449
0.52470691733273345
0.50272043489120033
0.4853827061908928
0.52000799851811752
0.49210258898998827
0.52872397811873217
0.46300354581594511
0.49532299390299939
0.51751334323811271
0.53105103395607489
0.3106366899418882
0.37959698687091598
0.48762761583680059
0.49556759868057171
0.4961237554601764
0.52034985275866508
0.47036997336610914
0.50359877710959122
0.49540455979577569
0.51042593338336828
0.49994205845080342
0.55684919811197875
0.46971351227364871
0.46375286442258984
0.5257755844904457
0.4810056274563092
0.47803610014183384
0.48376266368131071
0.47716052481088067
0.5414446841322208
0.47910191792074108
0.47263505384161869
0.4734754728942156
0.51299861274473813
0.48276624455157491
0.51216331784166014
0.51509806677926695
0.56037075747923959
0.45998317987101933
0.46680463308447429
0.50735614645771776
0.47135653961095336
0.34838932723755639
0.31455940896633683
0.5260159543241687
0.52505260553986144
0.47828475057240843
0.47187954661374515
0.45588281698091349
0.50296374870292759
0.53977968492320649
0.5018414965815009
0.47339269530987066
0.52052926274250422
0.50450563834950768
0.49382941596138064
0.48518908068060795
0.47794470504719327
0.50226577783100201
0.46260633808179552
0.49509086537631997
0.46037273629700171
0.49293287462182567
0.47065203072374395
0.48034854537363553
0.48165636155452513
0.52859403224067592
0.45585274051966779
0.49943414956691318
0.49880137850526229
0.49498521041002636
0.51873212437901706
0.47280348035861314
0.48865545656395337
0.34899119600679679
0.35299466926603007
0.52276147229558179
0.56351856284618762
0.50530851192114201
0.50966589696396258
0.50341869631580627
0.46533636035190656
0.50286507485993648
0.51137277657618252
0.50441330022137865
0.55376045058867462
0.49992091039401698
0.48062429855227096
0.50319733752970275
0.52879221561853218
0.44686058726692424
0.51759377761579239
0.48228054477507021
0.50160993987507685
0.49385337022816783
0.47170970284068447
0.45480426399325935
0.4642953660255002
0.47339156350542561
0.48311833116257319
0.51635282965279139
0.49561215889069343
0.48178356517133986
0.4442028083070983
0.50422235257170334
0.48481351763718705
0.40976699437517566
0.38543946212218599
0.54488700833699999
0.52074992131966502
0.49347708799365292
0.5075938092434602
0.52034001635602212
0.55236399331942865
0.48458811192217222
0.51455242542176427
0.48532322529497163
0.49790474581641586
0.47608868029752077
0.5503494057466839
0.51181113409759016
0.51167220218448239
0.48025159685960239
0.49554605690614661
0.46214216006230857
0.475875751260321
0.5078407979214079
0.49914361535406621
0.47474971817171041
0.50914195341102308
0.48717717060766341
0.53859764242865493
0.47836359276366602
0.49653375864997651
0.49647727868227592
0.52513047123899381
0.49167161940309995
0.48359165165893053
0.3782972328668312
0.30395473448388644
0.53048289195054987
0.47822300468275591
0.46541313087876768
0.51416418695703292
0.48043012817827879
0.51247723201073747
0.49074309064614713
0.48535618799623226
0.55429031094846171
0.49720121689230606
0.54688510464102946
0.52060455032578157
0.55670087562780501
0.51067690428925816
0.53665865112888
0.49085791308387422
0.45307569366067868
0.52666437564835744
0.50174284250120793
0.50631233763652395
0.5088987741019938
0.46549981156913434
0.51629101292232682
0.45660391812417273
0.478636415297226
0.50645770007979052
0.48704251148537353
0.56117956601258345
0.48718557712469085
0.52988478315554843
0.33806494083533234
0.33219002532162162
0.47642156732355134
0.49395689748323529
0.55284267431573597
0.50374226081035167
0.46326633501781095
0.41624887678083694
0.5165462291277314
0.53824859953593218
0.54394911048553374
0.494190560043206
0.46442285321577809
0.54566938423563971
0.48438481517262622
0.5007869766741313
0.5669301765996837
0.4724898408929783
0.47915241248037355
0.49206307423274959
0.48908937276041459
0.50937940970981843
0.5007274832272689
0.50685151890920677
0.49384440214268049
0.51242022738791915
0.43559491847528914
0.50354587187435418
0.49844006656449841
0.49407675017637759
0.56560813369890761
0.51052780054423119
0.37139072808801271
0.34745681665523842
0.47399971575046096
0.50115609933328742
0.51194557346108582
0.52764430183817068
0.49604730199741498
0.49889374342103315
0.48012268383899626
0.53489366985176956
0.53261140902636117
0.50904109235725636
0.52874106505032836
0.49492583768734721
0.50236725650341296
0.51324218983322079
0.46806526412007221
0.56325385920206972
0.53503745721552742
0.51779575918067433
0.5256978694341653
0.5207632216356366
0.51871899717919756
0.45187244026271178
0.45311887807844492
0.49835719211327223
0.50800917533527856
0.55326427436817727
0.48152186708906974
0.50703911857705941
0.5220362791823705
0.4969792764444953
0.29889439205188567
0.35047099206403914
0.46467008133494503
0.49126312839876868
0.48851387324852935
0.52348719850410186
0.49069278370712111
0.54334111407039642
0.51934579685261917
0.54344543774234733
0.46413980315216424
0.48909203569309756
0.48466774368514259
0.48015689104414855
0.52259584362576639
0.484724727839832
0.53384953421263914
0.5078605854434658
0.49885976193160575
0.50149857203427406
0.51188087490809797
0.50655319303434365
0.49673493670939528
0.50194380811734085
0.55187659909003717
0.4846650230962174
0.52483812723600531
0.49581106451266638
0.55187115464526648
0.50044206392735668
0.52151364591698279
0.45780522522681505
0.36143982704049671
0.29729362014897981
0.48462726646198362
0.50034340078667972
0.47296090329868745
0.49501064156109403
0.53643975883615924
0.49375302656307013
0.49858800355821209
0.47978839581924648
0.4828470395395949
0.48607971994502169
0.50341609763968054
0.52368579781923696
0.50293230200907457
0.50197912887226392
0.49488683711300369
0.4884684334564004
0.52423315289676986
0.55875032493932675
0.46739225269004459
0.49824815563435637
0.48787766248904324
0.5049690406896139
0.5359509760338288
0.51701044031716459
0.46773780080067434
0.51749812884535873
0.48556786140581037
0.49050227572283994
0.61195530615323868
0.47167480845319576
0.36554697545938708
0.34615551335529759
0.50375885262276376
0.54558636480508038
0.50809887598695036
0.56063293527141866
0.46802239453629485
0.49550823144562195
0.51277819591294771
0.46800334925840481
0.48241204387566861
0.49078151373329376
0.49228951851700942
0.50499497860639664
0.48443949702213285
0.50997104109183888
0.47824972029128227
0.53845865662058512
0.47425006289313165
0.51725249675585627
0.48775031687882797
0.51052818201265282
0.52033653235418043
0.51639840640966927
0.51262551245376764
0.51918966584665582
0.53417154657234689
0.53344640573960045
0.4978362788862371
0.48371459478971146
0.52799234835218178
0.49442969050073104
0.33811756710724877
0.35448219501824207
0.44888903086474624
0.50328608446443002
0.53348277952387124
0.52892369130095085
0.53558504858923039
0.49795214697469437
0.52698767504934529
0.47260912117169562
0.52404650048258805
0.42640420200063345
0.48059996544857592
0.44588073859681177
0.46647796876282321
0.48068223593969878
0.52031265622488909
0.43062196896663302
0.51890799342031213
0.52283497762553321
0.51453578996312777
0.47802116493877878
0.4898305728203553
0.44109976233691311
0.50737145158563834
0.53699109186077965
0.53530659908273048
0.55348042396836927
0.49337356534614951
0.51973781650920781
0.55468515217755709
0.49338478438114503
0.36696807728441211
0.50975130277691549
0.49811999002642021
0.53662218221082181
0.49461195216262627
0.49384464279146173
0.48555197628404612
0.49012913510674588
0.50197530837054916
0.49954717537604026
0.43718787141300702
0.51182659419785503
0.49829282291980137
0.52598394659661596
0.48092363830199725
0.51827484339274543
0.51470716885245804
0.50253002262453916
0.48065568744377135
0.45275247653992834
0.47043046439800246
0.4950728069935304
0.54437355975004331
0.45204966390117618
0.49406857687884215
0.5227198040437917
0.50687543982412131
0.47755671880696354
0.48280464772971676
0.461308535468269
0.53965875997368185
0.49006403973854296
0.30850638221894094
0.34066140914216819
0.516804974595925
0.43845429096961602
0.47130421538460704
0.49136543406363276
0.50462629153857341
0.52099619505097927
0.51435292570118907
0.47084262808581306
0.55447026644423625
0.48898263111325169
0.52365099932859671
0.48845111120074469
0.51418292012603006
0.46694031554087789
0.44100199660656803
0.47921851664990406
0.47864192776055309
0.56066337082553708
0.53608649149495857
0.50522756889970633
0.52382953228289486
0.47849009800784797
0.49516701850093908
0.5001653059744704
0.48980432962467263
0.48407981207046419
0.52087101916007894
0.51338846209143552
0.47880434818591883
0.52784825865307428
0.35741205918165558
0.3251244674798176
0.49431291856854881
0.49865572984540918
0.51899668004391264
0.46802685296636221
0.48741293217942433
0.52003790309600906
0.44566567154125725
0.55134962335864623
0.52722420335870779
0.55584889944485805
0.52698309831963275
0.49222603905515566
0.52834838901760328
0.48365661415903433
0.52033672876987547
0.48432274493241528
0.47013931160079853
0.49865175174721044
0.46218242124917835
0.48787400619261229
0.53202542694734434
0.49095031486147767
0.50909985572131555
0.48266494937315835
0.46559101855935914
0.4890495383699438
0.47120489628466283
0.48869895842900479
0.51840925966520834
0.49106980345896312
0.35923615730641234
0.34559823444067678
0.51266036685859984
0.48795104467550487
0.53073854482569971
0.54510663299443263
0.47205738702241934
0.46793606430742873
0.51584305203897851
0.49198335584118125
0.44524324267659193
0.49789452630372755
0.488916296928401
0.51668372419638686
0.50873199182935602
0.50463651853929858
0.49685101527235914
0.52255907108752431
0.48567769736342736
0.49225703865175385
0.46899712538942073
0.56606511049932984
0.53322046828150671
0.52169347725479709
0.51778240278313348
0.47431550969675529
0.49319385517398967
0.46609571025236424
0.45045612653192951
0.45705281012114918
0.49688833478819044
0.49529243621910479
0.35087124576291701
0.33607319552417114
0.49205174996688783
0.48335066955848055
0.47168513100800674
0.49359228677088057
0.47493751985184657
0.50095947725414935
0.50660513103699889
0.43709687973484196
0.0024932643498713838
0.0051567074556551377
0.52817549257741625
0.49853127088570676
0.46721609800378422
0.50587245003823034
0.48959047114811538
0.5035497430624245
0.48417975246184147
0.51468642874420878
0.52629356497586965
0.48020437241628039
0.48732684184011127
0.51651170910111555
0.46577943299254065
0.46065304470703217
0.54390796766718241
0.53580488300154727
0.59457225813832038
0.50195646511235692
0.49452012104228688
0.49984396301302436
0.34487570837328629
0.37961648688395067
0.49709045577327082
0.49309107066050578
0.47349458489389851
0.48269583122957821
0.4980229912104483
0.51395433428975812
0.49594062589530946
0.00011845233640040811
1.6357156525803691e-09
4.01005526202911e-08
0.26342493361228153
0.50796498818815594
0.5235794735181496
0.49499132472953566
0.48393497539251923
0.50464891941849743
0.50423647208373701
0.48536393096016117
0.45739401652448902
0.53264877716146186
0.53722899871561336
0.53345815229389759
0.49571483421997153
0.48827442762188811
0.51374237989162186
0.48912018450543021
0.46564527124301619
0.49342997059324278
0.49844329938263832
0.48377563593779072
0.30176279099850317
0.33405003725459043
0.51016234526307114
0.4544658845688595
0.51215727121722587
0.48639589982517539
0.5049607334053301
0.50308122725978244
0.50604112622829212
0.00053026422356962821
1.5190104377969955e-09
2.5329701510375378e-08
0.20046712126260777
0.50319041908853424
0.502257093865346
0.49030611622481923
0.46745358441124679
0.49294353837545457
0.50676577775027609
0.50791469326712868
0.47022653865270636
0.51947452949362594
0.53743035936892514
0.47344929557686438
0.46116645667031902
0.46868746197475858
0.48302729186518067
0.51666306019472485
0.50841974851223126
0.47422056958690056
0.54790688585568492
0.52883369182867024
0.34416182074249718
0.37344182539433329
0.47776717939649993
0.48591073134716112
0.49540709601104099
0.46191083024330859
0.46498032184026028
0.50113274812382158
0.49965091477835449
0.51369867064596142
0.002861393205025058
0.0070511456351535357
0.51616171094015662
0.51689740482101088
0.51687331672531056
0.47218148054246006
0.49158912376791186
0.56418554660410136
0.53841215767255501
0.52721800119364037
0.50780015230863274
0.51348345382278671
0.52071121830071276
0.49530863637609196
0.47504275851560812
0.4860451681892744
0.51431374431108878
0.4818286370588683
0.47951580534921456
0.51296988806763377
0.53770698429157204
0.47203362101980439
0.27537675542516349
0.36713783180351045
0.44275343537266265
0.49760852640909065
0.5186390405539596
0.50499700097362943
0.51207829136328409
0.51758075907124435
0.45652561132572433
0.47702727135020173
0.46322524382688679
0.50276005476431673
0.48197535583165474
0.52313330946212744
0.50070361033180222
0.48047804196409338
0.4798868499773693
0.51431500631977922
0.4836004974341192
0.48680683224164495
0.46097826877154274
0.50308603191204238
0.5097106204331705
0.49062955943661135
0.52215063705917253
0.47506681562673364
0.49994190136318412
0.48622445147131838
0.54737544333398647
0.4959380395986433
0.47505324110225428
0.55582636333823532
0.29342189694937343
0.37079827776922392
0.46772000585462903
0.49931053705869299
0.47992890270462873
0.53354577716312956
0.4854435400519248
0.50410847255103164
0.52461177537882508
0.48229394916901741
0.5305817172748728
0.47325446308082275
0.52357123789176641
0.53121590793858098
0.49506081695810383
0.51950701342642192
0.50499066755494992
0.52127135258540069
0.48023014947981429
0.48001844675241617
0.4385798656583228
0.43812132533053894
0.54188749798123337
0.53263611903444863
0.48172349026349076
0.51219175527637872
0.51193650025543103
0.47439344119565025
0.49283650954123515
0.48660867190362678
0.5163526080299492
0.56944246084954242
0.41195738765236001
0.35925782946802681
0.51438850449137918
0.50938419772655774
0.51821834144926859
0.48312557933029682
0.54105216772603748
0.49997436320857708
0.50372752283140965
0.4837019872591235
0.50897684068784022
0.47396354882098241
0.51339706688659326
0.51765391741894329
0.50066226674349723
0.5057816002409089
0.47477640656413955
0.5192408968327501
0.53687458440192093
0.52332452062999912
0.45930520314413087
0.43785155969681311
0.51076850916523486
0.50402219379705848
0.50557292684983945
0.50428710314694825
0.47243069692697492
0.4920128988984781
0.4451156969335644
0.50447742322745248
0.4484573337480483
0.45682868672857785
0.34743295916476746
0.31592963153533782
0.47949949461247748
0.51589823658451306
0.51540089748427531
0.46906941627460008
0.50027911946208636
0.48641888537180317
0.51282284012800428
0.44894881585022245
0.44572789462481549
0.54204410765462152
0.47804130315906995
0.48276308414288438
0.488144620779774
0.49031646083091557
0.5083815308279539
0.48018412288128132
0.5146761103548344
0.45492668774776707
0.51388989652841432
0.54405533368319714
0.49096963397426513
0.52522745988393837
0.52285489015762676
0.52083573415286499
0.47003188654712574
0.49754646536570296
0.5145884593424972
0.52883093672490389
0.50429191573656496
0.4679166090466001
0.33097257413163084
0.34891508833041812
0.52714063806758882
0.48150989469860311
0.50536397960828683
0.51532494252428906
0.44314916157187578
0.55964495031925632
0.52786160401629656
0.50625229816237693
0.49477368247341685
0.47949496630554655
0.4848506903711422
0.45138390368829384
0.50120251118270553
0.51181309573797296
0.43686059644912295
0.46230595352008558
0.49666303381362092
0.45701756430136187
0.48807209059299572
0.48040494044652682
0.5455187074920218
0.46178316821053927
0.50009430605469807
0.49454459697574227
0.49712125628509618
0.55002560793971433
0.54894027129008782
0.55653020695627464
0.49439246723806973
0.49645093538597279
0.49048139184532225
0.34751629184975197
0.47058803213195088
0.50994529674375377
0.47081656274830835
0.52047529632836675
0.51509543348410403
0.49566336098244029
0.52290876045245782
0.49039948053615545
0.50681680247983218
0.52737726734035406
0.49944081915877619
0.45951096278265258
0.46562014543091979
0.48160984221170372
0.4907778330873151
0.50878701270072635
0.51020305978623437
0.51300626168710461
0.51593760062458227
0.4784372137926316
0.49019574023550866
0.52609279442378654
0.4889093905167835
0.46248566465174767
0.48826732881712004
0.49616623411584843
0.49286483921018831
0.51356226764041291
0.50923105036060146
0.49684577509280908
0.38742533145807018
0.3655679476357277
0.51827995458644649
0.57089140422963724
0.49963032360704901
0.48972733595772633
0.51484536443591977
0.50747706525163083
0.50199585462745022
0.44203294425428208
0.4987105263075538
0.53672881531438954
0.45340854839462585
0.47603892147255333
0.52455572399648609
0.49375875625211807
0.45475132714865418
0.4997960627695337
0.4624974014517263
0.52614441776840093
0.50143909636286976
0.46089521220419921
0.48526899705473275
0.51658756412892415
0.52856242380527885
0.49056469722113866
0.470130801269878
0.50827288260282366
0.52319042459282405
0.49410761138333703
0.50011372187727399
0.4694712189748495
0.3874798237575669
0.3197235953487445
0.4999741426180731
0.52329979707452789
0.48224320027109391
0.49610591939865351
0.46159504650580008
0.4956234856983488
0.48989652762924768
0.4791452358093008
0.52722390430735
0.52785104974420538
0.55287352149146141
0.4883698368300558
0.48077501630612557
0.50763623066629215
0.51872158759141573
0.50381323233432174
0.5001435464001619
0.47255438312632037
0.47827903232004854
0.5136149334176926
0.50310118963816308
0.46946264996376452
0.45813546899850838
0.56506461776180217
0.50959234202214199
0.5317597376079678
0.44739137266725015
0.49412858707454221
0.52480492123413724
0.47641588344801189
0.36882317205980558
0.2252293520144798
0.34524593320478475
0.35568211190173227
0.39614456152592864
0.37958620394789316
0.32682974968434947
0.3129835926197666
0.29843486292384325
0.35597427620513938
0.33567283884874605
0.33101802151588328
0.33355717183456635
0.31999870743897507
0.3441949758456323
0.37072183032354578
0.33433494926231655
0.40497678849058505
0.34514407844484779
0.39459250408130697
0.38936031691539447
0.37186013010540525
0.36215144658244991
0.37165529539924191
0.40080172550220594
0.38757562347593272
0.44117577198386637
0.31539432678102358
0.34621435449688892
0.36248104578824536
0.34667643007428361
0.37367417511492801
0.2369446395257287
0.23079173300610478
0.35824850312375517
0.36562970315346144
0.36182950014669418
0.31581704117247078
0.35728909991863933
0.33632995338733457
0.30821228951622553
0.35865193193640538
0.3339695297869204
0.33731053376516029
0.36329578982187177
0.43076158164749306
0.30909925379763703
0.3673082414377789
0.31628685900270997
0.32900424740802764
0.38932541412225879
0.44982203512308877
0.30776788761152901
0.38049176988819045
0.30488987914797261
0.30645268541825255
0.45011822268989476
0.32688368585200145
0.31735898555976794
0.31947069801111616
0.39226032611975736
0.38899774942192145
0.40856967616357887
0.38124807947887274
0.23542071209922685
0.33885560994927466
0.44912583693707886
0.49349767592050231
0.50322130690822542
0.51227813210136541
0.51101154226590917
0.49723636850858427
0.53920631834164867
0.52771753118818465
0.51471094655077831
0.4972860900591245
0.512923037473068
0.51844195782775637
0.47450830384115061
0.48024194541240456
0.52444406452033643
0.48903996931051635
0.52279484935060594
0.48398323886554578
0.56717080184170743
0.48877731335589425
0.48304518816778158
0.47599297303774496
0.52975664226924768
0.49199982500532613
0.51484394945555512
0.53499266343292051
0.53272871870380323
0.48930598076673437
0.50053832848980262
0.44354338240497448
0.2833408821901906
0.36635683458245044
0.49208008404133841
0.50264901369605708
0.50506590702234355
0.47522138869887082
0.46297758950949292
0.50569361260029033
0.45348680135833658
0.5431098684704595
0.47426671115440466
0.53700438226156111
0.47957670345241099
0.51315504553522151
0.47255296666070529
0.52354799381321138
0.49057506519595512
0.47075140379885028
0.48958638438240887
0.50649987252767181
0.45128360230194509
0.4993901095888364
0.49938855861061288
0.44597357327676357
0.46359968206590901
0.48139030561950702
0.49229697802252564
0.52296969259215775
0.47907709089764478
0.4895332452827692
0.52946879654289403
0.52539163359887397
0.33383995110554243
0.35896248595450175
0.5156550952424237
0.48929085958089868
0.51786551983420648
0.45634783399063833
0.50277102034210186
0.48960864913264163
0.54974362047711767
0.50346969185155921
0.4898779719195841
0.54664806646823438
0.53070451480012426
0.5629916775961995
0.51697655773793061
0.49865170996098912
0.53217538846520485
0.4967544404975669
0.51520447826593763
0.46910763332606448
0.47694398271518151
0.4830743618657527
0.51087409547810492
0.50964919351383375
0.52614164539005004
0.47988694099764606
0.46019251226705243
0.5132306551424588
0.5058176580135475
0.49453261319608893
0.51893363778600332
0.50696378959407939
0.33970923097187861
0.32457594519297905
0.50918096128175527
0.49746196758727779
0.48945779718482413
0.55043183132912665
0.50055005819666298
0.52393814494188329
0.48933456950782611
0.50544478766153134
0.53486841911857652
0.51295590348865161
0.58165128800749144
0.51650617102006646
0.50858133984030174
0.53255756307797186
0.50737493386742316
0.49134586567612476
0.48209114340933246
0.49674820081787485
0.49015902806315537
0.50174406730374466
0.47333977041940695
0.54389426392414608
0.47058605303331796
0.54319225925034609
0.48124966881974107
0.50869372703812687
0.46798229568705607
0.49473694235678767
0.50731527014523059
0.55448062126528419
0.37555676844227487
0.34083594395067113
0.52470848125825054
0.50215956596159872
0.54076682646678575
0.49724348033207816
0.51559890354931204
0.45828424745526197
0.53233720291953834
0.53525873398982515
0.52814113044346178
0.48258713972607542
0.54225991019446051
0.44837969711580461
0.5128929526291689
0.48513007681821319
0.4934144519684473
0.49917515006301488
0.52418050720655296
0.51365315026307234
0.48089879183960044
0.48686953558808133
0.56177091221291053
0.52447983753218586
0.51350411695190312
0.50145002825387974
0.54805297258326269
0.5286409241974368
0.47266663306660145
0.50490308700726338
0.52550688456351369
0.51905113914586998
0.36589775381019995
0.31347311631287789
0.50161350618839595
0.51269394820797265
0.5296903580189406
0.48254990878902915
0.46535039669752221
0.47448845016033886
0.47981059336390147
0.53059764407465126
0.48402588966936194
0.46198496419581503
0.47404278704139596
0.49615817198912859
0.47293373299176905
0.46245396405432937
0.47841009721158423
0.51628013633189573
0.51370912269422597
0.48666091416827528
0.49467171759887019
0.51641705831758267
0.51832423905340241
0.52581787976580041
0.52353837225621758
0.51774481991198695
0.54892136518168011
0.47561688346923242
0.48529434145647177
0.48977672569226555
0.51508140236143296
0.53167991531218439
0.39558887384113106
0.37982830542339974
0.5176896250996843
0.52357688242289335
0.51470440222753666
0.48019576187973489
0.50014613154211873
0.5219078351626284
0.43598597247264542
0.49963340621748759
0.50903274830224343
0.45021717040787917
0.44964848103596028
0.52184852256333469
0.52180937216652112
0.52766124184067709
0.48795974696695588
0.45508104122085935
0.50979337071655761
0.47359825636646802
0.49944348083322199
0.46800431969470385
0.47711904955982781
0.48020623884522012
0.5230146943644256
0.49355923265162321
0.50525383284073222
0.52030264128561099
0.51454266374007895
0.49571238039341858
0.50709419913819298
0.46259218684963238
0.40240296819020299
0.2967465133947374
0.47361369207903392
0.49438592017018651
0.47817996958265518
0.47929951504650087
0.53982740573082899
0.48886413087067915
0.47366418556929857
0.50183028684470166
0.55426645018793363
0.4655217526747642
0.51544065928314686
0.47243376448490598
0.51808373473329161
0.4948704193039426
0.49869084417959142
0.47381444179009657
0.45062474653094092
0.47907619144940483
0.49595994885040595
0.51168156618429828
0.49317163837211464
0.48298255618100405
0.47276056389009863
0.52771394032660734
0.53358322032026406
0.53227938201200831
0.52073655173956124
0.43666793797423709
0.49004503553696882
0.5022444100318888
0.38163431702627787
0.33417466475768742
0.47704060501566303
0.49107477096208635
0.50096466422510366
0.48800813439636254
0.50959124346279661
0.44302197803535298
0.43234921922134839
0.49855014308282436
0.52345658680303087
0.484553797430824
0.52060223046248633
0.48973231882001211
0.54304356370731022
0.49063944745190458
0.51055473651285843
0.48747754436627455
0.50500829363029287
0.53785079977405303
0.47692211430903914
0.49984016146225058
0.48984503328787427
0.49518518350411062
0.4397490658552255
0.47766995475270324
0.54862456423780648
0.49601486431523989
0.50547272740115368
0.4618401574547692
0.55218599944337976
0.47472742186296235
0.34700805433063636
0.38124832441980366
0.42197788387224971
0.50978235405301131
0.45727558184756528
0.46830435613449273
0.51459534793106321
0.46073689727146844
0.48910948927164749
0.5301451935758752
0.49367847292571293
0.50135724299064033
0.51714766878420493
0.52859931696441964
0.50930149889303133
0.52653057708584705
0.46721166480259269
0.51465162878177162
0.4638336130355572
0.53866118812870278
0.50355515225398562
0.52482378519887463
0.51058693297794278
0.49162816997773928
0.40586016606869341
0.51697725985484111
0.49090321983553209
0.51101337310123385
0.44794261130181151
0.51004760817684713
0.4657895618381529
0.54108247417931454
0.36778413531610138
0.36868324611073378
0.53073148970007877
0.52265857178142405
0.48645386896635678
0.44662135133767367
0.51083291996186264
0.50833413794297833
0.48501330987154984
0.45885013556722964
0.50807104911488443
0.49504574122212081
0.48293297140361058
0.53890034477461402
0.4807198611767739
0.54311311981213539
0.50456733428751843
0.46418386545664569
0.46514924930756346
0.46662441594192972
0.48013058599092029
0.5362280660107126
0.45832986609417631
0.46840650031632985
0.52766045407986684
0.49486017954403494
0.538212730409795
0.47898070982737451
0.49369237777814673
0.54150426643345961
0.49686293815572752
0.47651837364857352
0.41018270759577224
0.32818992333612701
0.555550727702951
0.50882150065943665
0.48560977193802279
0.5017884267621272
0.5029927934430205
0.47697356668861673
0.49732811144750078
0.55096297489490176
0.51868313792623444
0.49009088651662341
0.53961296603496145
0.47713188334125989
0.5189641171010293
0.46354178917700833
0.52131169160274959
0.48789237810410024
0.4846598756649167
0.53918473856243598
0.51293864642759912
0.48182429705200835
0.48452141604781501
0.49684720195260451
0.49713661437319745
0.48839192918253821
0.54767957393720867
0.55956564097427286
0.50137942704638616
0.5271650394439209
0.53189017414960016
0.48264003717022508
0.37080755094602436
0.35557707661840593
0.4979906455336649
0.47665315012094522
0.47847644016742236
0.49759128002722169
0.46442075226035801
0.50238633172574931
0.53321521927455651
0.51740376751357642
0.48507667582013791
0.54359068131981525
0.47091093202455275
0.48632996478636326
0.49601571339118605
0.5142343258120019
0.52991678503220685
0.49034728543883371
0.51516886139182472
0.49197349653185796
0.499423477091549
0.50073615900040691
0.45396600841215429
0.51560230390432882
0.47706999479984802
0.51931458579684386
0.48262615271461579
0.45878980539975189
0.44607433357594722
0.47191566507211058
0.48858478001792821
0.47388162294073044
0.41605451275937561
0.26594458737606436
0.4823858590551976
0.48019807364092432
0.52811295025760707
0.5177277966418421
0.48193960238398192
0.50172197833996923
0.48415507042939976
0.47389244340540504
0.49761290519740037
0.46063014719411721
0.49765018040588865
0.48221848126016992
0.47281285216371866
0.50206873043662914
0.53182100689081546
0.52808011551725642
0.52678400269295866
0.55517179193825272
0.47664143246384449
0.51117120879312916
0.49390006132538378
0.4703316990491066
0.58231654214821071
0.48403622140805058
0.48732389489987599
0.50020416334000695
0.46922562218520647
0.45241922024170605
0.50001335780691225
0.46491350022604994
0.29459116596814422
0.36396771020630497
0.49803252502578482
0.50067089647367446
0.47336316447779686
0.46280672979722964
0.50241822247093293
0.4971113860374835
0.4991832077130261
0.47545519716260659
0.49237885109670965
0.52706569688573346
0.49820509710419913
0.51252470927335936
0.47852901999853292
0.46957009866979404
0.4833865231652375
0.49754253653619168
0.49170718638364669
0.52031682739573681
0.49813526246122336
0.56705621192359379
0.53367773965731957
0.52304417740462839
0.51024503578087588
0.48494393112806
0.55170474253398971
0.52593177266077062
0.44911086655473847
0.49803785899636299
0.50334421688485309
0.50530748304067441
0.36715703481033735
0.39452765151036112
0.48212850886206121
0.47335540085778266
0.52679116664617509
0.46908965852719042
0.56923110409437294
0.52041788976458714
0.47517430727339305
0.52074941362114424
0.53115930967865566
0.51219806449637983
0.47660091938067178
0.48877795844343225
0.48682166360543921
0.47098448312802471
0.50379813709201982
0.46697386888401615
0.47637121296054435
0.52215530635364005
0.49481789343106691
0.51633121791132131
0.47568884585925336
0.46901770537938597
0.5076126892403221
0.52113149536866432
0.46481566420127218
0.51429985786756205
0.49167104039185761
0.51912457179298155
0.49356791787814441
0.5065651251367812
0.34300759009022114
0.40425421818584867
0.52886073069070016
0.50232252022436341
0.47929407476939168
0.52910805679050354
0.49150308817021193
0.51281810372289949
0.51484611127946989
0.45596492694366203
0.46947713618794495
0.4968204226032501
0.49884250722099133
0.47767186788649296
0.53436487963380586
0.46785465078481414
0.50715935428170233
0.48734395792982582
0.5076575670361857
0.45067535890977911
0.49412705194900242
0.45550437322794773
0.48091341991876296
0.51144325067570506
0.52315012961077578
0.46350904143252109
0.48416180381830265
0.47638767432528412
0.50497480014567475
0.46996770987971348
0.50554304963757879
0.49197071612940291
0.33467628308311098
0.39451284464821718
0.53086059960200471
0.47499935816668476
0.50903215826450099
0.48461140923674295
0.50797386067532269
0.48263176511223954
0.46774530017291804
0.47834328718715691
0.50048757076515138
0.50123332686616173
0.48876607507229114
0.51981704558767183
0.53654091681635729
0.4934431997221832
0.50955167781800426
0.50102621127221048
0.48973869803214265
0.47321724162891304
0.51633258016702277
0.51650940810142665
0.50671107490185463
0.47652719828932188
0.50570930161787608
0.52057095290262567
0.4976452030460527
0.47257012593264419
0.51250409522544238
0.53114966316129841
0.4994363423822652
0.51950133866465265
0.37290440504577393
0.36425800752622195
0.48199264392123425
0.53439098015357878
0.51700890070358119
0.5282046366095039
0.50377917034942865
0.52177097569576114
0.50357983668864759
0.47174492866601658
0.5123272529738816
0.52480784012095505
0.48285133527359797
0.50212934269162124
0.48385944864764241
0.51577901746066124
0.50014124745610378
0.51106660295580575
0.51135522748933904
0.48477937090739553
0.4798139839734003
0.524223382170658
0.43687788400872496
0.45916912554020051
0.52047248488118592
0.45261126535875318
0.52738440368736705
0.434876794692244
0.5268378305092668
0.46432085270464818
0.48295895683901935
0.48341163687583855
0.37586522024894881
0.35765311577182612
0.53996390431418695
0.48566908479877013
0.52908288097558198
0.50631588133067218
0.51954226408987081
0.4767695512179142
0.44415408038789489
0.54028648951489588
0.49367398092949616
0.47279983370508477
0.51494508487022062
0.44492848953198877
0.49893168878849864
0.50023648219452987
0.49860562527699076
0.53501322990303346
0.56904523322041345
0.483194924871377
0.4550180265805186
0.51721227297037442
0.46586250248570021
0.52820626001489024
0.48417417613000391
0.477119659995482
0.48339520665666585
0.49625894408365595
0.50719158727800051
0.52739489695326836
0.4741498348603132
0.44537390985491254
0.32091414051910044
0.39050045556696877
0.46269007414255903
0.48883165806668522
0.48257730889512407
0.52198294114137667
0.49208396068156363
0.44147010744393395
0.47296226947125813
0.52429096399186781
0.47874597601712582
0.48549983396533153
0.53084772838399774
0.45866181349251511
0.55097326774089905
0.50275215414993624
0.48769269542926408
0.4860529275810998
0.51011777954135296
0.51497860196989131
0.50579254509008142
0.50587956677068124
0.52832645329496875
0.54472931236528144
0.52938343327448545
0.4739774889693657
0.51381391392879561
0.52245915827681932
0.45697710575703826
0.52050142350847495
0.49603427742321166
0.52447116548881223
0.36261258418644626
0.34589293674831534
0.47680636358982009
0.50827024954489175
0.48968323320187046
0.54784078058312491
0.49922162057896313
0.49220107120349321
0.48245434349568489
0.54839032221943373
0.50093107441735929
0.5144353499193498
0.4875027715067668
0.55389946742650864
0.51608770334411214
0.51296236331291889
0.50912040240598522
0.48502936141779623
0.50120433420858357
0.51231028763215414
0.53647368336231183
0.50625668700738036
0.45068342017081581
0.48730141891909023
0.52054537709824578
0.48367629936018874
0.48538930824236942
0.51219691276888935
0.45534219748507204
0.47750293217320994
0.46987565355532607
0.53480375503050082
0.39501394096857873
0.34299629904884754
0.47538995190832184
0.50318682436263051
0.48762544372819711
0.47058598571711824
0.45503878806580567
0.51948234966919948
0.51624416422380837
0.4924168251799439
0.53782898376266219
0.46924007701404125
0.50490290468698329
0.49448558707700835
0.50913426208408874
0.48542570415094077
0.48929392537232747
0.47706997388841677
0.49671591200904019
0.46857092503546399
0.46191740887498678
0.4931166531027672
0.53171683684248328
0.50991824114348872
0.54107047934177366
0.46682127159386677
0.51902755978679149
0.52877405137031808
0.47891521596381803
0.51730355848389098
0.50758368329381565
0.50883263462205008
0.35937424760851505
0.28681060952451748
0.44600277500781488
0.52117686988347667
0.49951355373942535
0.46844405315724269
0.44453181035079287
0.48889081045668781
0.48727320361661303
0.5405823687139526
0.53850988929943822
0.46577111457889914
0.50782510808188386
0.51998543650464513
0.51288237645321855
0.49772276157544698
0.53707817803148916
0.52438208346181658
0.51173123993591429
0.52814785868958669
0.47329341890477439
0.49141050385025231
0.49095772837505647
0.55864200850759238
0.44018957269357406
0.51421410264474054
0.48044299412024621
0.50302347028198491
0.52556271772291674
0.48689597660037215
0.51460559955207952
0.55187187991794862
0.39744506916816258
0.34108888027450385
0.50506562441273906
0.4496910838768618
0.4630753889000836
0.4858045451851532
0.49781805378885724
0.51074691109841153
0.50768358753819642
0.51719019978512193
0.49910902431460347
0.46434925055391763
0.46753323938292607
0.48496472880110086
0.49092528520630491
0.53843863340827192
0.55851367479823844
0.55193670239634085
0.47304680232057517
0.49214346483385402
0.51349657618750966
0.48322805456715046
0.52928321457345384
0.50528763614819938
0.44737043484123901
0.52004860244079976
0.52335749569148515
0.52185814578749401
0.50385639930820525
0.4559999199297658
0.47154828472597482
0.50726462259463256
0.3402657276515782
0.26789497865696432
0.46571193470983058
0.49172218816993363
0.50836982395045049
0.4951665940596417
0.49135273996086481
0.49011145725585947
0.5242328643944798
0.48136729226005759
0.46450927841363204
0.4940473980088167
0.46752134662456213
0.5005100975361223
0.44493311880717584
0.48631058804611027
0.5365895993088734
0.48706545425362363
0.49005217783395877
0.5202500530392915
0.47687678431545744
0.44024486316295791
0.49157346759305726
0.48994373145396158
0.47890213972012735
0.48906765563236604
0.4979973121962149
0.52547291970087795
0.51031713224360953
0.52081186280052572
0.50836254634095301
0.50156955076201359
0.37466669138125658
0.32202048786918225
0.50152081009895255
0.49595745261833774
0.48907144954010434
0.50880060993139919
0.45541268662518175
0.47038184358914442
0.51087663114017845
0.46407338747060117
0.51385427277879903
0.49334571391966459
0.46768202227872485
0.49395792411266948
0.50028697324567561
0.53802649937111935
0.50615385089693588
0.49506634043979797
0.47060866245615812
0.51341902365095993
0.50839600492106696
0.48803650223009049
0.54198674575460937
0.5353822299984331
0.5038009173960577
0.5332662345221193
0.50771117506237384
0.48402531268301852
0.46766274104953731
0.50443338455631692
0.49117753289656008
0.5239936235592465
0.30054395166503495
0.3361606069010486
0.46500436534209233
0.53091900662434166
0.5272104127108086
0.46887184726038744
0.55687943250773242
0.53508096551879392
0.50953003100290639
0.47822883761396506
0.43243452259385673
0.51342606332747243
0.47133631385730879
0.50889452707915739
0.53367818182457638
0.53850338490999361
0.53383876265198449
0.48244485776856755
0.49472639835988508
0.5122724813892946
0.47672559937249565
0.52748088486831268
0.46487673574798805
0.47567487065835917
0.49647428546465044
0.46366204630995045
0.47632593444074844
0.55102270080244042
0.5105967543196821
0.45516655513896204
0.49407883440352984
0.53171021528842255
0.35377663851197289
0.3120395252470945
0.5346475810292427
0.51117219339931341
0.53512916093977747
0.49678300672412956
0.45230837017670261
0.51558098432771027
0.48434420431162994
0.51379021825565474
0.46867355643005443
0.47974849802035519
0.5126921019045565
0.49788399321853349
0.49603160005139457
0.49618102125670482
0.48132135614475419
0.46961846332542034
0.50656369747289121
0.4877188029557038
0.48411301988430672
0.48999852301911229
0.52574231862326071
0.52646846825298477
0.5470952188730962
0.52519544773744076
0.49973162536167665
0.46536421448615101
0.4953143275885778
0.46704207819449262
0.51533932767736468
0.45227503306411532
0.35118273081599194
0.38230971567849736
0.49186058376229491
0.4515747402481593
0.49569122917761238
0.48047948864733414
0.47920959499519283
0.4827532927312741
0.48162594741024073
0.46786501726199586
0.55078599980321608
0.60040474655731324
0.48633445130602798
0.50577900361305084
0.51846795846784643
0.50609312419584951
0.5405022893520679
0.50594730111697006
0.46391440581929194
0.50319467141397844
0.50819728093446603
0.49028471617623171
0.51990516817813226
0.51668001185748191
0.50095576344991277
0.53857359338701072
0.51227491496440047
0.45965678935129478
0.50778412213244073
0.49355556053389915
0.46886623248157328
0.49372208551772967
0.37960583517613378
0.17422982333925618
0.33222235062866101
0.40120908154726925
0.35438040947901545
0.30578727144121998
0.29989788055840455
0.38543153470172625
0.34425474577781429
0.39360111239069395
0.43375828934109867
0.32520426590434237
0.34701116496780304
0.34570713074798376
0.3358998861565739
0.36888538004475313
0.34967078591825784
0.34107340555715016
0.3446207881544408
0.32372880427615242
0.33947043817033984
0.35943304041704338
0.40449241012079851
0.3265086728692167
0.36534009680906315
0.38155292326522022
0.32791412824324717
0.29819618873236109
0.34795366667434696
0.32153746863738764
0.38069678368760246
0.33972820399189807
0.25205251219041264
0.23707241195040618
0.326932123986451
0.34166793575346005
0.36666292958188373
0.3372384288115915
0.38917518082233099
0.30415375314450538
0.31772017507666411
0.31787729289158245
0.31991513551274159
0.33417814850987015
0.33673678185895789
0.36907131411753558
0.33641324245709314
0.31767353441939267
0.33279721137083934
0.3466534928925149
0.31957090755710649
0.30053407981329749
0.28284652904277879
0.34280748654960319
0.33575390574196462
0.365021413149614
0.32761090337454479
0.36695890959171407
0.41670997977573387
0.46564325839091047
0.31545791905145792
0.34694603011285513
0.314017770997357
0.34902087746536109
0.22141492998612791
0.39708342118431728
0.43949407556569525
0.51592027306984012
0.52101431684012978
0.51124892924113918
0.52806183606309176
0.53579051300204339
0.51107749240169842
0.51721130662203485
0.49682652753654882
0.542624516065356
0.52141557247485137
0.45833914707746265
0.48972401421012085
0.5019260104244585
0.50233539396744198
0.5045554330612384
0.48526485857118862
0.53121733679707273
0.54712751287737538
0.45686629359426073
0.47181424156162999
0.53425574534558584
0.49049092608956424
0.52365633112557808
0.54064547909077498
0.51443293555035374
0.54724734799605212
0.47387690033682528
0.52119776149488417
0.49102165608623644
0.31679857283701263
0.33579373914512017
0.54007642598028716
0.47292907973759857
0.51696869394858758
0.48230886845512289
0.44012928316133604
0.47818637778446199
0.51442673148490736
0.46350535582971908
0.50016556335384033
0.52863722509023736
0.5020902335653592
0.51400185751053862
0.47612144053357847
0.44766532546094284
0.5024921665861638
0.47677000491838867
0.49445000622655594
0.53543060008075838
0.53306235228593801
0.51618177422332201
0.51520157621991358
0.48942598500617052
0.49839100281381449
0.51291135683179256
0.4884972018002085
0.54375120127902887
0.47672748905105883
0.52582352196566795
0.51811563036256558
0.4732142895486261
0.34469607160145332
0.34911874134574833
0.49332120140820762
0.51038241840832588
0.49277602700803758
0.51219514832384772
0.5219777263944777
0.50143254193937536
0.53400678822840308
0.52353383260963315
0.56912946151231947
0.5205194242912583
0.48238712753140256
0.44969284600703008
0.51482000787944249
0.52734876176509782
0.53528478024891202
0.54564065875207635
0.46426013692311241
0.54169167628476167
0.50463925208541172
0.50026033947159942
0.52801895438417301
0.5440062408359978
0.46106408643898117
0.51600256962118785
0.4903107179551166
0.53245568040447144
0.47805784493016235
0.50339533865407715
0.48307771004207456
0.53566738701426042
0.39615418464698826
0.3425522818717015
0.47317703714041898
0.51166654898171815
0.49734260879495135
0.51039813545380097
0.52144622182153721
0.56051295215469021
0.48457268737164694
0.42623563153037525
0.47090874642421787
0.52454592902044628
0.47612092037989645
0.47851087175661344
0.52042828070487868
0.52216447835522628
0.49917468159332862
0.48973071079800118
0.56211967647318317
0.50055338258050464
0.52017971787343986
0.52357920426128046
0.48201287770334972
0.49685717763682147
0.56662095674901569
0.44663622906764522
0.48611513358349911
0.49382108953244186
0.47252166620319097
0.49142700601213896
0.50545348900844844
0.52074255193504371
0.35541112950530501
0.335935349081604
0.48530054996055227
0.47139779719381297
0.50508774955433977
0.51568969889796401
0.49364029994700753
0.45809653163184255
0.46958243402219868
0.50268217036732943
0.47426956195641745
0.51430912386604244
0.46971033131335688
0.53046385560295883
0.49035149779556508
0.49880906143464671
0.52258229345520735
0.51045921905142955
0.56229147712097971
0.46997014587951419
0.48226847121027555
0.52049622431268028
0.52207215895687276
0.51752834123486358
0.49569110884199297
0.4418439159379049
0.55345968757701713
0.49371907619437999
0.55038251416740569
0.48631906782932954
0.44949352044838969
0.47508566286045939
0.35450664520486835
0.32104092907769149
0.50082089529202578
0.52742080191723606
0.48086642805897778
0.51475361405622455
0.48465592066285273
0.47933826220221143
0.49818138310377613
0.48835643373931975
0.50248212419221905
0.49343988831312735
0.52327849740970989
0.46654022265054618
0.5010939653146359
0.47353265260952415
0.52860524063229275
0.46406433289717164
0.51429700385040766
0.49515321575092802
0.4948797997020748
0.48476186807280874
0.4855596050168684
0.4982356821283111
0.46569980310312914
0.49155003800323493
0.49582434618782772
0.51790150817143299
0.54238559340359638
0.54598404566434033
0.49783641551284818
0.55123769720065141
0.3658110861200834
0.34149924161766998
0.44050642338038132
0.48904853495125383
0.49294308790362823
0.5138634347979516
0.53788148388800794
0.49906403006761429
0.43688717611128647
0.53590407899509196
0.4590356748779888
0.48968780333112216
0.52254767544325098
0.47838982478256165
0.56285744747420197
0.46694641725069902
0.50489410034144522
0.45245499129355055
0.43688571249047942
0.51013411824876309
0.51480787381213711
0.50590947956841792
0.49090355977956041
0.48110111998411081
0.47141687729926302
0.52167393379207094
0.56703305989244046
0.49477114467752248
0.45481780510649128
0.49867287788197662
0.46780675277116535
0.52808996199725811
0.39051847009346635
0.28545717120800346
0.51765365822857756
0.49584734230313438
0.50252136454170038
0.48228686434172674
0.50155392933560683
0.47139162246521171
0.51881765138584679
0.47527483438653506
0.52924908972614693
0.50043072768812347
0.50001565207414267
0.46863960095313134
0.52942583741628957
0.49697785604740979
0.55106950276253008
0.52720240527011653
0.46511329155787229
0.50783670214863652
0.48729529764616192
0.52708731284473243
0.5210580833811681
0.52960646553726287
0.49484142739463666
0.46840103772468528
0.48142342874949601
0.47957539942995964
0.51235488960044395
0.47026663719447009
0.47867805322673901
0.54542472865168756
0.35964715536720876
0.3220516487184471
0.52932550606994755
0.51200975279692917
0.49678246680672461
0.54797647543647465
0.5459129753689268
0.50376694350230933
0.50621511198837499
0.49000516159635915
0.48216678079671138
0.55076048463191463
0.53268584530481033
0.49257606141639176
0.5213142539031943
0.49856609722071721
0.48668854122955524
0.53411126513094598
0.5017657972943721
0.5294706146532735
0.47254098118398719
0.4517427922543592
0.50367781107304599
0.53785146240186577
0.48704610874449705
0.52495636117289535
0.46971687685925723
0.49266485068940125
0.51657457887326819
0.45674504553152601
0.52561183568094227
0.49723759036620746
0.33970501862083508
0.36506303025503289
0.55076284385408769
0.48470686799324048
0.49543138031142775
0.49765844340432169
0.53278285730976815
0.51145561949759499
0.49111029298505809
0.51533973259697308
0.50022425954521632
0.50510657844406792
0.52227744936523401
0.53615499658579302
0.51400357781550998
0.48497174892513328
0.49119786747692495
0.48485591427122693
0.5129571330173146
0.49097140836636421
0.49407409429618443
0.44932911016065263
0.46821071325066443
0.50477509051084057
0.46966134435487406
0.48703206152010353
0.53047372591343522
0.54921704625926115
0.53714515155554399
0.56007255468199568
0.47512192002143827
0.48609604708577819
0.36921776595206568
0.32048626064287805
0.45051342456989846
0.49422446129844749
0.49728007149842635
0.48444262712029323
0.51463470881371975
0.47916969198159698
0.45686575718922701
0.46601714038861342
0.49578006345483822
0.48181348596783113
0.49779868795615562
0.45341600503098894
0.47895251887503043
0.51235208608939609
0.497043357942068
0.51451864100257805
0.4882410585628631
0.49077882730563938
0.51849089422186279
0.44791483385838882
0.52237667378839736
0.5409718007773755
0.48770065067733714
0.48740716013114055
0.46369621753909113
0.48839870118358919
0.49298018006419259
0.52042910715636215
0.5078517403050139
0.47918784843343026
0.33886284485235801
0.48855645211214171
0.4703572176911644
0.48348058011206713
0.52652030609825817
0.5015743865376685
0.49888063450937503
0.50757979307854206
0.50832389393454025
0.5199466882127618
0.50635102338242477
0.46876480550788879
0.51405672992053952
0.5154308412210995
0.55705368171885183
0.48460603858531431
0.50942634405623555
0.49055214254676799
0.52062705369843387
0.52061038941939541
0.53016754738276262
0.49877761932304632
0.48361338688176314
0.54247110018290989
0.50251016180045038
0.54611590073078886
0.54108691450886992
0.4776876215708965
0.52749086160014336
0.48307167226861691
0.52537199725317962
0.52499995754528739
0.35330116574088705
0.34944881086112761
0.54750625739504044
0.54839528857247677
0.50101563038157237
0.49888851934487527
0.48534880424519428
0.51574978319725906
0.4877112221675895
0.50393167367744995
0.48899187343970724
0.51044175079106791
0.48725811168744104
0.55106105923557569
0.51451548529230318
0.47164347116729155
0.4675350751524891
0.48885196794803187
0.51273610800667124
0.46593184105637192
0.52768927647942443
0.53342063848604704
0.52540477867800894
0.51041808699288171
0.49209601252210228
0.48676850355266871
0.48718133764504534
0.5377534200912113
0.49380170283220093
0.49445450177259115
0.50703663106016217
0.5300466614777759
0.39660955118480057
0.34220647077629668
0.46931233837186487
0.49682930152456906
0.50520427852508476
0.48360266522696188
0.49633942252081353
0.52019306488142636
0.47538776020320733
0.466392234396103
0.50975435862272434
0.50231116094818629
0.48932871872585848
0.53404898988778338
0.48947527324652096
0.51027055363146268
0.45493971249482013
0.49689479060404634
0.47244646097343479
0.52252592254525299
0.56273098146652034
0.51145840506381191
0.42892453075199105
0.48635692784698153
0.49009581998208274
0.53764680507036533
0.45599787713978518
0.47248428605774906
0.50224342291215374
0.47458475066240208
0.51928174234929569
0.54190111465429525
0.34106238354979895
0.3017420105747069
0.47521284565283733
0.4742370035162829
0.50301371475425183
0.51098820831262026
0.47485398515177468
0.54250149168062234
0.48598853893939375
0.52823704335372745
0.47261397438662578
0.51612886479599163
0.46836342491826377
0.43917611570292309
0.47276764249543263
0.44971311918046197
0.54224535576697319
0.47454106157837406
0.5068407684958488
0.54916979819779699
0.49009224068326768
0.51956627451368709
0.51996481239324521
0.51568824352642428
0.52621234234230452
0.5266712453184027
0.51122068305656632
0.45284951687677494
0.52527804329933114
0.49404002396230856
0.49312195680752596
0.49150396977471361
0.36309063848342638
0.34421858677129169
0.47202581350404332
0.47356114192887522
0.50665200468058302
0.50834276126983891
0.45070444516902225
0.4950857288250296
0.44324406535895838
0.50954914129639939
0.53059621476915486
0.51785921664434997
0.4988071666469297
0.56137386059051242
0.50857382926074157
0.55294546301676573
0.54496314618227226
0.52336010799537991
0.52155720390498905
0.53713731479123084
0.49853069127524041
0.4715948994451799
0.44545716899307464
0.49559278442147353
0.50023731417377049
0.48503603776436316
0.51952897977993795
0.50363339524348494
0.47330930794963899
0.48602431773869093
0.54729709229834622
0.50720934863947198
0.36611834523056408
0.43892548524762204
0.5105627589491526
0.46678247100529169
0.4941146470208797
0.52375020172476605
0.47597643587911243
0.54505342986582606
0.46144877462263972
0.49153228188924986
0.46757790172675801
0.45530423786408564
0.52588905422925836
0.4847901418584683
0.44803068648191363
0.45158392105723416
0.48626673218915079
0.50640319709523696
0.4993073033949037
0.50274667878605506
0.54034413354227007
0.49849698750695631
0.50923084262737628
0.4761532567570313
0.50730082708845137
0.47707787952557495
0.4994048708206868
0.47534765174917537
0.52861328728819812
0.50615896296637242
0.47953215832559182
0.5160848405855244
0.39447739847951746
0.33641830178168497
0.46212926871471804
0.50528384598197951
0.45739271662801351
0.52962952223975024
0.50726719843829826
0.53791414495230006
0.47450703547440498
0.45497589910544306
0.44975945473337914
0.47136311333984476
0.45509470414824121
0.51944458074831401
0.52684793341482528
0.48934198924043393
0.50639373118847231
0.51103393589829571
0.45103166589546384
0.52448695998208683
0.50371087324886099
0.45193025101396944
0.47776487959327057
0.46898443395033379
0.47667544713054094
0.50469498486492881
0.5360218662620615
0.49902082080123117
0.46143134452813317
0.56578899827536588
0.47710325210860194
0.4895566793421523
0.41771393754772446
0.30744976537417118
0.51888880931200321
0.49953253892879124
0.49452258236311619
0.48639180268261106
0.49491684611898668
0.56065032656393909
0.49968167891064447
0.52350922016334678
0.5031946003907849
0.57196070200496574
0.50837116252603598
0.45232710251251401
0.46639063202166886
0.48617359723975201
0.47777728365073924
0.53141275482646955
0.46935543638216287
0.50286474909991563
0.49163475894563874
0.48845738281655571
0.5029906060720053
0.53523205241491456
0.50590031561427862
0.52608684654576898
0.53054068192255688
0.50972690005318588
0.52519105940478494
0.48678381904780221
0.50653575875405887
0.507091521841604
0.38370270337019502
0.3248298057338519
0.51646373658357236
0.48424806647394381
0.48090170143507538
0.52318657836873106
0.49065878671955915
0.51733251034099725
0.54409401660173362
0.51529451806087767
0.51999606692716382
0.50383601078841211
0.48284922585401197
0.51090249574529556
0.47481904582517853
0.43745731128607562
0.44805701511274665
0.48718081369797678
0.47649226792279614
0.4712663915486876
0.5088140934727029
0.50160980682835254
0.52895045824415743
0.5085307451979787
0.50462930412163298
0.52447375736324175
0.44742297819452376
0.48082444090825316
0.44109397826875829
0.46138640080577464
0.47676546726122693
0.48274075378870818
0.33310218703904615
0.41021719351657249
0.50418205034972741
0.47206586588202981
0.5376483015681649
0.48590387618303171
0.5156869973485757
0.46795930032239019
0.53807044682770033
0.50553431753419364
0.50537499198175229
0.50476919168795775
0.54316235027492754
0.4927974175359755
0.48901243367325159
0.53237396709023199
0.4806588549890411
0.46846475802163018
0.5262355095946345
0.51895108668660062
0.52766198385027452
0.50862757302844652
0.50208755964664098
0.49796911716094727
0.52361725359674438
0.49824894453803192
0.5071179907466189
0.49742369185832142
0.45642216348475467
0.4800391176640163
0.50910528617469886
0.49711256842057161
0.30344551244515078
0.38394479189857361
0.51507015057398631
0.47471266460184813
0.49876679058204332
0.52844831617568033
0.48385849947542686
0.50504739368473883
0.46097085800095111
0.50141755563310852
0.52901971853167884
0.49205157899936364
0.51257291483661271
0.51089836561290192
0.50101377623036314
0.49630121540564293
0.4876386000923138
0.56517466106632908
0.45692719789240821
0.51654153478485354
0.52923621734510484
0.48626232720438239
0.52457365082695639
0.51847275243654889
0.51141574033766324
0.47767413062024122
0.53280169793664678
0.49137591991533186
0.46442014564995915
0.52126809252575679
0.48558289420307671
0.54138310517291111
0.34919034726858578
0.34468337996941334
0.51719896321562187
0.4467385688137292
0.52412086142211112
0.50839615950886452
0.48406154308334287
0.49797470282450446
0.47779889480980792
0.46890834982446405
0.50391926217224892
0.52733782351337144
0.54009564651444952
0.47573340340226217
0.49495758841357873
0.5240600918955014
0.47012242598742338
0.49112213937796118
0.49260997589014444
0.47705945237355113
0.52525900980296392
0.47757708960178447
0.48024854971111514
0.52799255095094721
0.56110385737594104
0.52997474363320796
0.50514984524238404
0.52043887518683185
0.50091658890006552
0.50679250141404586
0.48835579687181807
0.51639170953632962
0.40712299376983596
0.37353178529833608
0.51241576937189892
0.52363313563213731
0.52994476022497905
0.48597071256207081
0.5111517622703361
0.45139249818917521
0.47391416521829888
0.51375769298621454
0.48479037988016277
0.48874260630687727
0.50382546299109487
0.49516295636324292
0.50318292982744917
0.49184861264457774
0.5310102213685951
0.49998067989911027
0.49582533260599743
0.49121836376261319
0.46451710523234058
0.4939772019699521
0.48231045920260113
0.4991860332987379
0.47632861486287875
0.51045879310915332
0.53151711239411747
0.501001445001237
0.52098059399192542
0.47925660367115458
0.47007287465688929
0.51111836714636727
0.3036115911178478
0.3277168039158001
0.51115475853084646
0.50466027182899797
0.50927150209309446
0.53476764379623931
0.47141801643857273
0.51983884658996748
0.53422987601113869
0.48677654127931697
0.47397589276577329
0.48275874079215292
0.49248659326085759
0.53254076975267728
0.51827867963131002
0.50623916302767169
0.48954664274578069
0.50184172053744425
0.49582061305324693
0.55318051460071616
0.55268167909099764
0.44018239172236739
0.48730403428546715
0.50301917720675293
0.43434727365320064
0.51185176845712255
0.47909163913547098
0.5143931722768661
0.6316693268090311
0.48115932605593137
0.54160862192969239
0.4889720866437941
0.43269989771592021
0.36181517835477844
0.4765877484677522
0.49723007233177013
0.48579294239932264
0.51996375009184692
0.42619420811198389
0.53641591294646285
0.46881731487000539
0.49519178524092822
0.48518374642143214
0.48599785151104269
0.49447791548401121
0.55727732230519045
0.49635796342227761
0.47242078453281044
0.49734424778545488
0.4946977574452685
0.49246369165058329
0.49509228763963076
0.48030563558120404
0.48864273325807317
0.46957519421066862
0.5326316415867044
0.46556541178407468
0.44641160170456384
0.54326521984061227
0.48013527556292257
0.55633356837225867
0.48812256161129414
0.54376130395959787
0.49402231684551251
0.35518606640003508
0.49165513540662115
0.48687811257901664
0.55360441939961802
0.50081129302468286
0.48356793113475771
0.5280863446016274
0.50913543561181096
0.49610439243501769
0.47993637594133637
0.51692188853071408
0.48749325106677577
0.50471858469552644
0.43577016396104146
0.54200988172476705
0.48560547957586364
0.49062591733767552
0.49846621566776672
0.47723761014832905
0.48658377912293682
0.47934589659873089
0.49167444579367736
0.53626170792920502
0.55198275526823626
0.49832470206656831
0.55083315207453398
0.53120379760238023
0.52106561674271834
0.48672626640464695
0.50435029081909077
0.48838963584537587
0.50480517847083994
0.31937247363190169
0.35801201050996306
0.52290108793776457
0.52530697581346308
0.45268632390175406
0.48094514910055308
0.5330802683101763
0.51529405146013885
0.47363555923582901
0.52834242655430186
0.50728370136753675
0.49093985172001342
0.49834988020203475
0.4660868491449966
0.51737694455639671
0.48702957556466225
0.52949583219951479
0.4973292042862561
0.49209486896460153
0.53311744447491638
0.44818472815670385
0.47690274424195161
0.48383774954524605
0.53211407160700042
0.56268104235152627
0.49640522048965319
0.48472650106992232
0.54268519829753192
0.50972936050704953
0.51083830425351184
0.47598416863878429
0.50071864230940544
0.35927705558461226
0.41178229685347217
0.50796187282762084
0.48017128723064723
0.4654753953543917
0.47894383565657783
0.55373700440282747
0.55365294788932096
0.46814309019618422
0.49563619334589337
0.50163203928592515
0.53734823539121102
0.50607328410692642
0.53180821233846765
0.53080296084772804
0.46239084418583126
0.51806515398778075
0.51326990270948869
0.47437004819999312
0.45344338532820877
0.50337174255212225
0.50338083538103873
0.48067902599676415
0.53656375189112759
0.48144217902159209
0.48326949736295444
0.47272779840216489
0.49981053893972993
0.52306324261462078
0.46540885423155115
0.49137364845991083
0.52857938079106426
0.29604692557381113
0.34510490811265954
0.54016699737610041
0.54275960618659425
0.54007417045670991
0.49074424153161766
0.49714298708952537
0.55503112581781788
0.45780533072271073
0.51658332011755592
0.47817584787437251
0.4857331834859589
0.51656548767608657
0.48064432775336247
0.48454378454994274
0.52004162115067987
0.49468213666996291
0.56651480481147209
0.52673375821646651
0.53060163270679239
0.53870802293847753
0.49544416138583336
0.53676006383375918
0.51137038440849358
0.51795013564563352
0.55426692871298766
0.45678283448881923
0.46128821691324234
0.4653172295131785
0.52558820568795717
0.44026588326482413
0.54977246523400314
0.34762777646195103
0.20767046053056223
0.39869439086092928
0.41456707854376529
0.4275017919375001
0.31331851420457546
0.34333713365386659
0.32017288633068741
0.3065867695349625
0.42969625528240163
0.36704172592373319
0.38581475895343481
0.4307835123262535
0.3211524421971958
0.46660492934919778
0.39468226359637842
0.40986291545968306
0.34869523454088824
0.41594535595213544
0.3698114623664141
0.3378802331289103
0.36766072010011658
0.35622002402084241
0.36735121604902343
0.3034257164219275
0.3111042501042145
0.39088711057567316
0.37169247880551953
0.34565554830687156
0.34546946916308402
0.36699800843414027
0.35178968126956939
0.23518060242545513
0.29378400697388135
0.36739130599922526
0.36045385973059235
0.34134453348719723
0.35065628389906156
0.32207788194332215
0.40249571813977347
0.33414790164197583
0.34608344610163627
0.39506561985035732
0.32124565938724076
0.37098463441087615
0.32720621811414119
0.36153352171259645
0.37400975883402415
0.33299276597010724
0.34354531464538263
0.39413662258566373
0.34007952306229589
0.38783002327259775
0.3926044968063292
0.37698494363163843
0.36350350990310781
0.41305729278117914
0.34504615525365567
0.33974355398763256
0.32507382630918702
0.3481151225826033
0.45207845750524545
0.35311112403236133
0.30409634963379167
0.21394010626541649
0.32323650157899347
0.48026990454710222
0.48324750906491493
0.51768965791648691
0.47400637795959644
0.4602469718708963
0.505175658583641
0.52948071288661414
0.48707698629326512
0.4852384815323833
0.5500242408487378
0.53415120837437058
0.50077860657985829
0.51489357630293198
0.52689097538482232
0.48701012667437521
0.48186216295176959
0.5529831548254216
0.50040959276602848
0.50350054273817868
0.51912240756204764
0.50726421845194358
0.5088905374304139
0.46818300647604172
0.4895759115542464
0.52299223787831828
0.50915335290059516
0.50483088287665112
0.52531983359810563
0.50668486295286219
0.4670877515555541
0.33283156290354932
0.33910888917343029
0.52711395782568915
0.50109906190369591
0.494440019066125
0.51103402987110236
0.50668141379720188
0.55540949358171254
0.53628442615730665
0.48635508927097243
0.48479908202217459
0.46295587083936002
0.51681120891238486
0.55256289314148899
0.50095368289026421
0.44030635203715912
0.48853685313216272
0.49230964031353713
0.48099881882755086
0.54527792596362124
0.49298565489008056
0.47795339130301273
0.49905339641937746
0.49978058513708451
0.48940066303364943
0.50617380442283222
0.48600199936112992
0.50962579215299664
0.42459237734108318
0.50064527914380041
0.52327869031817575
0.54170851652477037
0.35761109270739572
0.30592856989890804
0.53302311512085188
0.5443393782233561
0.48782199710912827
0.52467405622076901
0.46647643916055781
0.48010252443273427
0.50961908191584493
0.47288368551698445
0.51681449601117757
0.50230358578434631
0.52799593380961751
0.45987081228777049
0.48668523635051897
0.49704120084382608
0.52267880432604097
0.53486491899641297
0.54967431109852705
0.49070626001226514
0.53410461678802046
0.50091093593890523
0.46604355102906142
0.5391143353190172
0.46542898259102461
0.48228699059734714
0.48536818798282338
0.48830252147833725
0.49568593508303571
0.52240035495981629
0.5092428193480707
0.52686989496350045
0.31698508595625374
0.38361685138452567
0.49318835800814437
0.5423176029917397
0.53504410013539661
0.53301463312070119
0.48351293565396647
0.45095527737569524
0.50968567422940636
0.49581986190769084
0.45845403329422807
0.46009571128574761
0.542322566997818
0.49265914578148928
0.51384609230677314
0.57637937181222565
0.47132038248508523
0.48440647377619966
0.44763661649732639
0.4837724141295085
0.50868116692925081
0.50922433359845176
0.46494857150021346
0.50095666689295237
0.4710715553941473
0.44145079042034058
0.49911131856357499
0.49310018659628485
0.51405372616688449
0.50257327162553633
0.58150351213407669
0.48593015773785614
0.34476966636032258
0.29311756180862464
0.4974743063681456
0.52020568421404323
0.48695455366889451
0.49270401144329329
0.51036198104619401
0.51024102960887174
0.57357664352275306
0.49182410399844323
0.50635600677988302
0.46940660750123658
0.48098894183985014
0.52358730859267744
0.51690726913232166
0.49260649976710125
0.47258364184055995
0.53531043949454138
0.48504454067859676
0.45731798408466884
0.47044568831257166
0.48992282226290385
0.47972929869227993
0.44897517862999387
0.51869930280524656
0.48168031554007396
0.48078585923542405
0.51310357299270437
0.50565492103118981
0.47514199856597877
0.47813178885934865
0.49427931245661272
0.37353773557231484
0.34414398804802565
0.50686951129590507
0.5134679268673793
0.47232395443453878
0.54461096250335506
0.56793439000701729
0.50004785530200035
0.53387111253950859
0.50876752539180337
0.50914197744159484
0.53310012427835995
0.48213350474071454
0.48421654447611095
0.4483989643718902
0.45083981012395424
0.52675734245467709
0.45795531904946618
0.49835623489717362
0.45377307337912709
0.48392564607542299
0.54278913132515805
0.48873532467787922
0.54116576183130294
0.48783680731912782
0.51104410010463641
0.48653361818680696
0.51720094631472424
0.50156838818078486
0.50292827986279987
0.51439510215693296
0.5141254918676692
0.30343697781936341
0.38564865496675865
0.51549614098151708
0.50863387610568545
0.50044196032611377
0.48142044391083971
0.48272463253198666
0.53325571914071102
0.47257628603157714
0.5290493139356004
0.51546208376883362
0.46009072836960818
0.45963575045990313
0.47376007936948616
0.46991602396356402
0.49793312742529883
0.50506339269008482
0.49214783912692406
0.51600868580679082
0.47654306232690391
0.51894401708295756
0.47420562702388497
0.49712042939319523
0.55723798313032258
0.51780071967532637
0.51165771680442618
0.45551952065034523
0.51647503989244825
0.52032449477361187
0.56928433406490597
0.54366138994156687
0.46814864369308451
0.36009168175024847
0.31326164212851615
0.51614414954667642
0.50281974072481561
0.50835960595521379
0.49640673727202989
0.48905358413529798
0.51911102849479829
0.50272994623886369
0.43693183189151263
0.52081274040852876
0.50804173502431949
0.53195900407361352
0.52365150059373866
0.51422408640006312
0.52150978503430923
0.50252223637679627
0.47099580019230025
0.55279384397490317
0.48523589125684186
0.50415507850472852
0.50938914836799665
0.45047870731768652
0.52430478784346035
0.47671727260305041
0.50020123643719061
0.51449884052974648
0.51168235776318283
0.46979419379161019
0.50705821108438309
0.51579344539759553
0.46786554653739176
0.36830805259003835
0.42076898411259833
0.52500166169990026
0.46477193866892824
0.50692267525691903
0.50785380015876891
0.47588307388534079
0.52527277189336741
0.5267945235651641
0.51739611395030038
0.50764566058043148
0.50037245713606382
0.47459545249089624
0.4790084276812992
0.50811533268817677
0.47428688358076088
0.52413990973938807
0.51811325743162673
0.51620271220479241
0.50514389397849946
0.54891181244716403
0.52353036428064381
0.51664447303634764
0.5245616645283957
0.53184386752051771
0.48916614176179085
0.48541665241312892
0.5236418603969667
0.53095735906159713
0.51772785458699455
0.47642336587565992
0.5583969698972735
0.38080282423523926
0.3605063852380842
0.51058493880189593
0.52413507788797586
0.51071835667656795
0.51735285431690337
0.47748634831960529
0.51173263194341745
0.47182058911593394
0.54417174796055434
0.45592499553562932
0.50840140000243161
0.51374946883768235
0.49723910199727445
0.4951479354750255
0.52321905928681767
0.51579519876376467
0.49720743322993532
0.50048267203530306
0.6151538409642725
0.532477627033493
0.49861999384044692
0.4894511811635408
0.52744038876264909
0.49824467867263272
0.46794590875355357
0.50019952024588443
0.49791577819371446
0.50718683833237488
0.48402045432284163
0.53318786893707271
0.48729708944061678
0.30815785898923409
0.39976682901562816
0.45066864473016921
0.54501254993141801
0.50775698093916466
0.46385308753510518
0.5251688100597397
0.49823733471568143
0.45699240853451317
0.52773202787730644
0.57092199326975446
0.46134756225541013
0.54772154861296363
0.50534902901764889
0.48125845413849833
0.48584208080921321
0.50220083996548992
0.49721498379321516
0.46945415746091607
0.49625410892182842
0.51087595757072657
0.49286189218130322
0.51596543215934254
0.48276685890690368
0.47100909978342381
0.46372174447946551
0.55311876614579647
0.50887155449925547
0.51349068880879034
0.52216377505271927
0.52422021903615124
0.45855271747310089
0.3768455493133881
0.28770257539059085
0.46871421535600777
0.43886423196458535
0.47523562042380285
0.46913823202090121
0.54850344894434444
0.46039705220115634
0.50311784521645986
0.5000742258101466
0.50492090371826703
0.53456381973985545
0.47447598557670068
0.50545409028193145
0.51289051064850733
0.46657689600116886
0.47674927653627452
0.50939629084884663
0.50241718150729675
0.434427702766021
0.51157869533096867
0.48187100003596084
0.47023914330149957
0.49671555763213493
0.53569011342708173
0.49068812641093479
0.51256514940001385
0.48673887837913837
0.52861473079597121
0.49024443054879624
0.49606152603480003
0.46290913315091747
0.44662737938203351
0.40512587913340553
0.50303398974728375
0.52692793147537009
0.52056236944484802
0.51961140869565159
0.56285180622478692
0.47551420196244665
0.5204492340981165
0.49195636204498661
0.47994911536627766
0.57537001955521117
0.48487926216944655
0.49816890028567606
0.50613500416049795
0.52083569524075413
0.53744928248865231
0.50659873062816563
0.48521651663544435
0.50797515076812649
0.50946841927754205
0.50143284062329474
0.52389127028591809
0.51907888053284057
0.51579830341636212
0.51486351536244801
0.52237439334786173
0.56824671436133312
0.4658318656113038
0.56419292295647938
0.50728562041889802
0.4896326478578652
0.3410864390713983
0.38986540526117408
0.50431506496598288
0.48773662662344525
0.4863348450034658
0.49537483329615073
0.52201267692772779
0.49432068424245895
0.48877816969331322
0.46425943547741805
0.48949547514822689
0.53388246827609509
0.50696338289347986
0.4898018146041388
0.50136572559084547
0.50132685291555568
0.49870456419125769
0.51048644302278423
0.41812184993719154
0.45634381092456594
0.54315093617541332
0.48549170895635241
0.52954930685345714
0.50277645034035423
0.48773441867929468
0.52797962174185376
0.47135633311918851
0.51349487963860485
0.51986466791335673
0.45967177428728467
0.50498960574944896
0.46777823672664154
0.32946227254824745
0.31414527962954153
0.50177659588411072
0.58520332304257627
0.46646088602855879
0.51294735596002827
0.51554468487890448
0.46639496028415856
0.4832453702572671
0.53038332975600644
0.53019671243840505
0.48511366084760577
0.49575405168492609
0.50268902854930453
0.48413893275810027
0.50806691864417974
0.51694668135785238
0.46988034884262631
0.53455988884413375
0.48221940996789464
0.51264826622351067
0.49064240834309708
0.54028204134669067
0.50826158715497505
0.5296524114340605
0.49536706738288977
0.52325332414640757
0.46730842450613119
0.47710749895552662
0.49399884147327366
0.55397088087113366
0.50090538218930447
0.36161500207979469
0.31742063507891022
0.44083235549199778
0.47480393555454853
0.53608232502418096
0.48860822151055794
0.49108783637085585
0.4820557418731628
0.51392116673215726
0.52250553564393987
0.50862569349621245
0.48335105595750222
0.52280878876932846
0.47442633273256712
0.47911285718718793
0.48741464184733846
0.56478172651272729
0.49941838016504236
0.53812911299440014
0.49510461047691617
0.49102299042348801
0.49060396236103937
0.47441626868201581
0.46122797252621139
0.47152605394532587
0.49865671024294839
0.50186136928520164
0.48047193191699133
0.44530216230867081
0.45676052933686651
0.50912927460407664
0.47584377424582125
0.35098637863970328
0.34051937795094883
0.52094044407570017
0.47866928597572395
0.45043315282331836
0.55886408492085804
0.51195003968097696
0.55275402470440782
0.5216881752759136
0.46864037959453109
0.5404936240849314
0.55302952735885513
0.48980559325730277
0.55604471877739126
0.54435355752191883
0.48547596323404252
0.43825772640514665
0.47980510551370881
0.49957098875813272
0.53061590292107552
0.48455702474574286
0.51157625381646532
0.53389226872048334
0.4877479636109916
0.56041303551886268
0.49400531756681793
0.51798269546829889
0.47274764646765088
0.50043988003167572
0.51922680433215485
0.5415185953450502
0.48288168764129319
0.35171583372700982
0.40201916069479543
0.48342088544449002
0.48917953381710044
0.52273040429245665
0.42254851169575958
0.48293097057077122
0.51762507076715381
0.48250103671116795
0.51743410695175995
0.51141166107234493
0.48821642247197827
0.50000124668392243
0.56402999304007706
0.49582027054254429
0.51979092271261973
0.51800868206047956
0.49680303269711157
0.50609066708295813
0.46088745266552633
0.49039043999366638
0.47196884842025294
0.54619813574364384
0.46417114707460549
0.49169796850897612
0.52974359279069017
0.46846469171045219
0.51444652601391994
0.50523389393126816
0.48879342191630287
0.51832939327507455
0.48493247443426341
0.34931623118723248
0.28293175120844982
0.49910870365176047
0.53406628640938658
0.48999597944013068
0.5332191095810519
0.48983606868391399
0.5062421413739
0.47880518345352263
0.51481340009025733
0.49853059693040391
0.49852080664359094
0.43534176123587381
0.4388410405648891
0.47968601727607441
0.46133040394419633
0.52401681569697189
0.5432215381953498
0.50882050293357717
0.5343291277037725
0.47408885698827724
0.45963897902825646
0.51674033111964113
0.47716928359633476
0.51864661841466586
0.48530311447124164
0.48951563474046983
0.47188786584270925
0.53104591754538577
0.54895288784108931
0.45831688701600537
0.50792814942291975
0.314688434847536
0.39692173637004619
0.4962931503343111
0.49772164701659044
0.49871928620344874
0.48058523936862857
0.46397452552291668
0.47183841726254677
0.53786123497298088
0.45521428178257944
0.48084479082046316
0.47878308117572083
0.53147835803074717
0.48179366192893019
0.49079663570311194
0.48944057896404825
0.5093265674706039
0.47893460258588011
0.50295896703509557
0.48480671513573886
0.50681933361744325
0.46420987264546826
0.49439272124928013
0.49276964248504118
0.43062213483504719
0.49618500295661755
0.49719863536517289
0.53328726378713953
0.52853896673631362
0.50573482722272023
0.52910328911366444
0.48415377705052631
0.43653106402981828
0.32212191276689939
0.51487909733158665
0.44945144213574217
0.54153240176394779
0.54595301294558007
0.46549364499567858
0.52612005983461074
0.51952015818913155
0.52652235943788961
0.51051816163437513
0.54481134649816165
0.49831491338646178
0.52161352410142114
0.48976076026822352
0.50174458431867852
0.49753866978467892
0.49841649048432524
0.50748300182023365
0.49880375013876344
0.46723773423997927
0.50817029212316611
0.54762938539641148
0.48320663834387662
0.4962501980467402
0.48396942256368297
0.53147924698517757
0.50512503329215153
0.5261299823735478
0.46915978166753869
0.47830989731598605
0.47863025111205637
0.31360833346607053
0.34772146223277978
0.45973642384755298
0.52650995696429281
0.51080267439797822
0.51595564145642037
0.50527915249486632
0.46198100522826868
0.46770937230821269
0.45260653380871751
0.5379912130322414
0.46603382491991902
0.49853028145617412
0.47906877748991544
0.4971866100296688
0.49386871768165935
0.49696357648246292
0.52514102687128561
0.48039984248040024
0.53507911008460629
0.45631540088157641
0.48094719029372596
0.4940633417090971
0.48604715270476745
0.49631213103131305
0.54012119314859719
0.47834293358486807
0.54610908295472993
0.48981555579291247
0.47763020371864584
0.48764833464099216
0.49854265157167177
0.3456149017054001
0.32970889293957573
0.5183672577279349
0.51853212469035193
0.49173085708186803
0.51992038134906127
0.44817767548070203
0.50796472792738157
0.52241811390064941
0.46737541692237555
0.50233695812635082
0.49053505793492946
0.52130203603565095
0.55279540922706849
0.52848388317801831
0.47327024805880152
0.49353569482993781
0.49950457636516188
0.49617970750287649
0.48601425815139881
0.47182006895936257
0.52207660447454995
0.47516778876394983
0.51033164884741566
0.50564257493530729
0.53257272875745199
0.49747643795232055
0.47822013096304211
0.46869543035307815
0.49869916116101609
0.52060194567024931
0.52931974945238713
0.33822015502314023
0.28980414012372663
0.54994078163086479
0.47831284467668772
0.52034480705663322
0.55103704712258583
0.47502733227131844
0.46946081654668392
0.48656385746143321
0.47087621640404859
0.49657058201247223
0.51455522294717781
0.55019619363046923
0.47894549063012315
0.47456053863896747
0.50307634676456825
0.49121066078596121
0.52919075464901577
0.4430942623984781
0.51957799986502795
0.52343274583661603
0.49839213182081149
0.53373829606627721
0.51345541852874843
0.49862746786068851
0.49405541229962213
0.44296930897608033
0.5165383610330837
0.49191037530355031
0.4913471059152491
0.49870899616069553
0.49138339693125987
0.31508120704679116
0.32620477066797893
0.51681399629737956
0.47332147615205705
0.49798336531771786
0.47126369790215344
0.54149340013698455
0.55148249471154887
0.45795179336100922
0.54224458885771643
0.52391286631051515
0.54225729371043396
0.50309904228219804
0.44581511247889211
0.50893563937935227
0.50394536191746575
0.52390728834583677
0.49190684660222406
0.50869657294996395
0.50376087998614039
0.47635398006485324
0.55658827121671173
0.49219847042517983
0.51818668178685068
0.53558064467437272
0.53402887519460784
0.4934901449858512
0.49279422196590172
0.4961480043736502
0.47028333207675554
0.489077236556899
0.44938095945705775
0.30306250289331493
0.36013863309012267
0.45986076331923625
0.4971057398961401
0.4993190530548357
0.47474258256407365
0.50921898350984629
0.47528121033261322
0.51905188034581384
0.51056640628103023
0.5147226863801917
0.51840293484364119
0.49933783649010177
0.49639184590690499
0.49888864959495333
0.45078103975010025
0.48748391962359716
0.54969569836165877
0.52837979822040226
0.48505385698324344
0.48081060626428362
0.47879443757765255
0.51309351869403408
0.48751484942508805
0.50456343772127799
0.53313334440612614
0.47236197119488399
0.49275021932773
0.51310546186905714
0.5257228537732761
0.49435651220061899
0.51087367311335208
0.30524252268481811
0.28332468165501001
0.45558768604964173
0.48508321784079933
0.54964163357853724
0.5486946170215562
0.46760008166734923
0.54298754484340128
0.49426277626294873
0.49146647949898498
0.5012267560358511
0.48562788514596222
0.49595461216432912
0.49455998735623624
0.49313157983843031
0.45154670414075537
0.4793645910088955
0.5044566474349409
0.5253215172895892
0.49018287360721946
0.4936975750038981
0.54409094794412294
0.46039130763746339
0.54017566513599979
0.50213533005834754
0.53282812091683185
0.49501240879478164
0.49084194057083086
0.54371489127277772
0.46935896038054487
0.54299409156864142
0.50212651205334202
0.33296065667458324
0.3402036615068007
0.50554858939925273
0.50783787694670923
0.46495781274504172
0.50183033162129398
0.52946061281768497
0.51892735250266331
0.44603938543680166
0.48969971913145072
0.45854366619268888
0.53607631046508486
0.48047730909187897
0.49111042113919334
0.53310005131446081
0.49996821498557287
0.4208951093747888
0.54031774754706052
0.47816761840129429
0.50160667321895303
0.521104482208118
0.50488733839199451
0.50282705879009615
0.51732697669788585
0.52496313770113967
0.5295090947501494
0.52847521069538528
0.46938453954071596
0.54702349951772822
0.52610919422582336
0.49556665804972089
0.52101158348828192
0.33063043639539047
0.34189664836456751
0.49630659668739663
0.48102240886103864
0.51247517068139492
0.4403590161479965
0.4840684975171678
0.49917149130767807
0.51538021129504852
0.49809405599591117
0.54302762589287845
0.5099824751939197
0.52437736220063236
0.53259419960030696
0.49978307586721626
0.4965484663190351
0.50165552292495519
0.54425534249399954
0.49704747041281266
0.46034807673874528
0.50028890054541042
0.49326587982673487
0.47832169999146146
0.52347507461471421
0.51646331644554677
0.50198684903114998
0.51767853690030152
0.45689852285866778
0.53457604677216131
0.47524021814895562
0.53947917396730549
0.49682790919619924
0.3405350998904042
0.31281265604273117
0.49800458411058252
0.49745297282821921
0.48840007123760298
0.48708473850587802
0.52603258247024287
0.47764544820050514
0.4950411097403784
0.4665002215424956
0.5187376647039893
0.53497496390115951
0.48072598824996549
0.50363471773146706
0.52523346483841304
0.48635449983956719
0.46089591226854754
0.55035765686134674
0.4728721995843681
0.4640209090340886
0.51969993307636864
0.54833217530172662
0.50205623487672923
0.48858469938197668
0.50560540255234743
0.49743045175344047
0.52669296132896315
0.51542481652115146
0.50468689596822891
0.51260463429427927
0.49730746403715986
0.5138481156583915
0.40617034326419665
0.20254632559571864
0.38187189731159132
0.33242911347467657
0.31511816587103142
0.4084556510317589
0.40117184852751658
0.37078202131462573
0.3825638551927627
0.33756767161143231
0.40423676880020087
0.34218152440524469
0.46039306526859342
0.30830380417101338
0.36538246950422859
0.35077595676764789
0.34620329012666429
0.33317770755601167
0.300599602769556
0.33405956474643461
0.36103510938199102
0.32106877430926134
0.38732198077147145
0.35875523761421491
0.34439274536534903
0.33983845083158609
0.45391935313958875
0.29458158166443654
0.36462902359611715
0.32274415230696885
0.31787825098598649
0.40144333592941117
0.22405192300947366
0.28365864637897054
0.30268867716376052
0.3324644299331968
0.37417801977488352
0.3194885549885903
0.41458308658762327
0.36654220564844653
0.35827873640987318
0.38626835987364344
0.47381919288182983
0.33861854713103501
0.3656593003049155
0.326820134948827
0.33717381309605182
0.30538092266026179
0.31660757175307608
0.3570031441480403
0.33207742828746933
0.34601275089078004
0.32885945873418693
0.33182848546011257
0.37743953366454847
0.34531531183814934
0.3422977128626416
0.33165411543160334
0.37775909754415821
0.37110162422742232
0.35228977725615701
0.29843482170140467
0.32955668217836548
0.33536405002443009
0.25705237133493175
0.31823979063429497
0.53683890104872845
0.47782290399056487
0.49994180639555197
0.46970298081517259
0.49681997136120087
0.49893320227104332
0.49967042511147836
0.4939739209122424
0.53760409318134661
0.52607289977782135
0.56131530055852641
0.49304284962527711
0.51421257402746801
0.49192766636058188
0.53710015982613746
0.5481294157061849
0.47741223238333308
0.5201367935082557
0.45394582968983399
0.46057308521946522
0.50607790057884006
0.48446215770893447
0.48527507662497288
0.47900210950145167
0.50317666850879039
0.51829424807449553
0.54965914838563557
0.51856656346235475
0.51102372813110941
0.50356520517600656
0.35472700555564951
0.35181235162964181
0.48797368268658636
0.51767272396784991
0.51283134112696649
0.5160513726669933
0.53447933075745957
0.47737561219987212
0.48867721573001693
0.52833866130933127
0.48483806058581425
0.49054638406638384
0.49308680598617044
0.48872009318563059
0.4917841828017277
0.4771501171123011
0.49294017433660098
0.49488778867391081
0.53732351771733555
0.50743540546449006
0.53976975270987848
0.49484984117055425
0.46998155739622288
0.47243636900053904
0.51872460627565509
0.50901293550264248
0.51163530913476551
0.48824030419784853
0.46140802221020405
0.5408156678046202
0.50108317332286556
0.50944891967144779
0.31896130060514016
0.3822978255674907
0.52540086853662693
0.43175226147997448
0.52417904198259679
0.48634681180981898
0.52533803609719631
0.50626512194421702
0.49867381639123654
0.48712427697147004
0.51093303532950096
0.50874869405521017
0.5044096457013294
0.47150924673497807
0.55619486354769543
0.48380504372328198
0.47645398958401525
0.47188846732485934
0.5083201293818751
0.51267334185429447
0.49316834329510967
0.50076166200087935
0.49022933871492691
0.52890682340851103
0.50005921087654304
0.52530010592497378
0.52805598767933559
0.50775034715383505
0.48128002849516599
0.48197561893537011
0.49641816414349227
0.51348503985571037
0.32417844468608137
0.35427942740811613
0.49045172518987146
0.50137449865232897
0.51121151615057503
0.47465950123425682
0.4515536904918393
0.47666693886140982
0.5238191332652159
0.4836459658653417
0.46537470146646204
0.50772324737909991
0.53830866406207512
0.5074178747367154
0.51256712994685927
0.50162233585782567
0.51764628434563031
0.51258416982540989
0.52017943910638764
0.52276918131723527
0.53610532525473831
0.48587681456748821
0.50947746964087204
0.48192976475305105
0.49821640823742191
0.52391379393690629
0.5046445630924461
0.47177773507635851
0.52778485596293057
0.52171114474789659
0.4854140766302284
0.50212010959943654
0.41183335771069202
0.36383629073317764
0.44632897726378612
0.52709912376888035
0.49210261566517727
0.49714435650352118
0.47145125740456262
0.48883015048829559
0.50989854551338354
0.50228647961755635
0.51597378579504349
0.50769433831517985
0.51675731133061686
0.52981109057198783
0.54651594366500345
0.50709594897751886
0.51555387446733569
0.5062403214492216
0.45249716354168318
0.43952464377083966
0.49977845752135397
0.55332272737258326
0.56212715320310569
0.53886428013610976
0.48073485972644409
0.51857731701081211
0.50474967982105956
0.52885082741991063
0.45121497418094458
0.50606790519340794
0.48749752588825351
0.49405980523822246
0.37552306095889909
0.37081920105032795
0.47710953692705949
0.48160538840385098
0.49960763385999413
0.53743275141530911
0.45118010761607424
0.50975056406980257
0.49101944442734879
0.51724406625724317
0.52864039539787178
0.48912290850670881
0.45010430491411069
0.46026263250428612
0.48823811203462636
0.50930104208263882
0.5518111396776062
0.5464602317696251
0.55290044581170705
0.54054196374703878
0.51784741325190942
0.50910017811816133
0.50047350390705903
0.47277223498065712
0.43969578489517247
0.47314997835517997
0.48948351853865207
0.50316533186455514
0.52453886963229945
0.48468824566640517
0.47989727864172771
0.47664067128004578
0.37710944818289577
0.32865543484843746
0.51722075323102557
0.46422744068056121
0.52192520097032791
0.49453829969785446
0.52830903822632924
0.48499803284325121
0.46634919047127293
0.48378171779550821
0.47689828497438919
0.50068179433293736
0.54431806132836391
0.50517401256623917
0.50008114050775865
0.48068424670125015
0.47520932293614021
0.51013523586067633
0.5086680594730747
0.53458839905790023
0.51139071335230024
0.47429315433473374
0.52966972604657681
0.48672674898377738
0.50273793897681718
0.48323466272921206
0.53185771568372231
0.49765508322713964
0.4816769043870664
0.48583039501049324
0.46921538295812787
0.49954569263444182
0.38744182652991271
0.34651006258891526
0.52198461272001417
0.46934947012304024
0.48930014287980333
0.45039862767617911
0.50672173012108002
0.49116320643136729
0.4955283789610832
0.50279495368459615
0.52580221434660668
0.4973908337559052
0.51557021582096629
0.44832440825352443
0.49294598867669986
0.52136951966655987
0.53957055469343196
0.55042106416953474
0.52224036840614896
0.51966032415856611
0.49489698217128553
0.46675347512816229
0.50987483323352156
0.54335816534227743
0.46950882365491781
0.49475365854327852
0.57804828282709242
0.47270204889573431
0.49070023698407017
0.49720972563074839
0.51292476630569861
0.46403358990744692
0.35560581261258944
0.32128543886271604
0.51392325538649886
0.52677316640620153
0.5095139271843474
0.55463438488925398
0.50143712549877462
0.52028394004919087
0.47004659428118661
0.52022643462217522
0.49721159850357571
0.44901072301898881
0.48601846020692752
0.52006730689669767
0.46099385600558046
0.49737234321960694
0.4848594392258308
0.50018816051289827
0.53691903209359015
0.5546662821534305
0.48175598688782517
0.48848150013959246
0.51567875293143217
0.50628949401048273
0.53179498067907471
0.50529965968182944
0.4807276725273249
0.48656654033628455
0.47702614265280252
0.52212277893110726
0.49364375409495481
0.48078881331060697
0.38151617918977143
0.39059836264167108
0.50013379061656349
0.52427760654819389
0.49460059199743245
0.46996329262517256
0.48472058594789247
0.48175349412781221
0.51091588965285839
0.52974470274669916
0.46080060897602648
0.47579391836318258
0.52047248387230083
0.51165699485293714
0.48404894611757687
0.51134783877526246
0.46768815114834811
0.50272305599915845
0.47274472025636499
0.50961075232221265
0.52947436712574225
0.48773258041866091
0.48858132529250842
0.49192969309338147
0.47418025786162654
0.52100132729582094
0.50145578330519225
0.4887765416865405
0.53598637503183089
0.49883344733006729
0.4547026675918478
0.48369630150944726
0.3163350960015387
0.35025774000471227
0.52570092120669121
0.49299074457028624
0.50917951317230181
0.48032858209507923
0.48762169474345907
0.44279049823752076
0.55072911609226716
0.48081011079729319
0.48333230431777735
0.4785501615518522
0.50281270959133018
0.50029242122269046
0.51965534996170659
0.50883495943260726
0.55249564852554456
0.49235858279373473
0.48414543661106946
0.47244166364999024
0.46632299239858799
0.49438430194748811
0.50207812454820133
0.48436446602687655
0.47739752985602507
0.51024616106436393
0.50103258699202824
0.54234162540059316
0.49133818444586413
0.47328404492131732
0.51964937948724421
0.51103378615837591
0.30661947557076935
0.36044759614100907
0.50310818311100036
0.53686950450126913
0.51493081676339236
0.47573431189586546
0.43552073964944382
0.48267315796115728
0.49161972429460571
0.51757232333516423
0.52500403174339727
0.54045815668318165
0.48453744061882409
0.51180372086326187
0.47771139704319238
0.50837159909454355
0.45551168659902158
0.52482658525114001
0.55003098281906548
0.49745219426830323
0.4642692837518182
0.45048076930339032
0.5024917777950052
0.49881500559122183
0.52423527957749172
0.47908593304635538
0.54441187082778364
0.46889369775448642
0.52506640491673051
0.53873491314325916
0.50762485806362356
0.50034300915566232
0.42160933930828576
0.27318532702720405
0.45521131329620379
0.55090887593757576
0.48934860930211016
0.49868671173732748
0.48933165521689825
0.48450413879795889
0.43832402747025218
0.50958370027510069
0.4929658933563989
0.45786355564922504
0.50730616216507785
0.52637872495752458
0.46501415787591133
0.52646212262309455
0.46969212668954685
0.4897022382765695
0.53141011286627338
0.47469583006739557
0.51185164769518465
0.46267278645849103
0.44701655040028115
0.51688981087192443
0.49350360377770552
0.49331307879205955
0.51188437217932348
0.50413628960699297
0.50788609453514788
0.46758676428288615
0.49739745109485861
0.50503429803547328
0.38529006206587668
0.35895895156886393
0.51590117081128217
0.48140988552160913
0.54303280243331886
0.48387248207656175
0.50056892308211642
0.48696082099936228
0.52686844755176288
0.51867350655012612
0.5055981310576384
0.50562679878856809
0.52939149899623905
0.48936495230756399
0.48901358151396512
0.49179995489244432
0.54996472229616555
0.46606713912068942
0.49035429739979802
0.48721242658526415
0.53802395786824619
0.49602976087472433
0.49050982632726114
0.51254080117337686
0.53957793981417002
0.54603234927708177
0.51266655823608021
0.51303477028946798
0.48011806029600512
0.4874180863316403
0.46731626412362071
0.50557174856264597
0.33453934012349867
0.30568628530108233
0.4699017362433639
0.52948153564620637
0.56019450140665639
0.5296753941782173
0.48319691497437067
0.46975465241443687
0.51647263063195981
0.52463531135468688
0.50583942513950741
0.4754947741414598
0.50379001262604661
0.51381258278383113
0.49304121713353044
0.46984229322593513
0.43276945712456916
0.51932158148956342
0.5093466480728559
0.51876746795704631
0.47123539432749406
0.53206235771543997
0.46731430618116071
0.47916265342812914
0.48328981666205456
0.52508193873521625
0.4793394485793625
0.48321084811428305
0.48104348307119843
0.50718462661443064
0.51505756104601463
0.53081036194639819
0.46958476512728614
0.3862795406475214
0.50102404203680606
0.51861850825242617
0.53677012327285789
0.50236924335084032
0.46218069823362656
0.51023894459422436
0.49834986129133713
0.5240445594550599
0.50964865014318095
0.49538458335969748
0.4914550613868785
0.49796224081904866
0.46986439453787365
0.5284070349748069
0.53149860192840392
0.51128446894491164
0.48388088418349789
0.48655404396747132
0.48606299541482173
0.53066686589601941
0.56195313081423659
0.50671856555664707
0.49019815054047361
0.52004233105640085
0.52220160633449852
0.49483463281027651
0.53332295277436248
0.51156185174035251
0.47005561154236869
0.51273147400415198
0.38078781142253348
0.30616541407895093
0.48544822086075701
0.54563251253475098
0.47591367488473718
0.4468812084306909
0.51006495572366406
0.48787363218823909
0.51531409581260224
0.47288540702467213
0.51695684376003781
0.54847138361678038
0.53824336502766212
0.50980181762031618
0.46089851865518694
0.48776832924440794
0.52195427675054706
0.52909595555722211
0.50107489090960156
0.58060277367259172
0.5173800159530646
0.47002441181298521
0.54941666496451103
0.48278365523495537
0.51692681675656005
0.49551005000011994
0.47337512037316637
0.46708744018365717
0.468356169157706
0.42018656187794512
0.5003878870484938
0.51636530545808379
0.29701521596222663
0.31301505083939951
0.48378559726486697
0.47949414854468442
0.5052444529725818
0.52791188474499406
0.50789532209766908
0.49834319507908958
0.5041417715307146
0.47030263881226869
0.44934397819037902
0.47092140007905203
0.50605832179427335
0.47154874394920454
0.47497124683540554
0.5431688018323948
0.50549638349309856
0.45084323347446664
0.49316961461675529
0.53571801020274501
0.57473876098154286
0.51123326436861316
0.5364735168561966
0.50259692014648172
0.47822143107329218
0.47408956384018242
0.51298476033406715
0.47143069504893664
0.54725568220370269
0.50432225012340492
0.50661366118325524
0.46338263767602217
0.33051619344627253
0.33178018215766314
0.49067992118698478
0.49839820648223826
0.49744117303384633
0.45785358595303094
0.5208091975950162
0.48972215560197602
0.49913881593636694
0.5123628015315006
0.5178238374207319
0.51499879081746303
0.5364541402861609
0.50599291287562309
0.51911481551895189
0.50014861193033433
0.50596364743267941
0.53475765477451165
0.49919501285780105
0.51744335086065363
0.45413809948994643
0.50710142157191762
0.51041137718793206
0.52612806727864658
0.50223453937077978
0.48232612996507368
0.49530497626308112
0.51206295048682737
0.49177743053727557
0.55470767813267463
0.49812158919371163
0.50694837511177482
0.30533012501347995
0.38112770009979419
0.53212745000388106
0.51126824979517693
0.49625071246601654
0.51276114821931973
0.49950823471290257
0.54142264675450325
0.5422084447793426
0.49170467206704443
0.51222472883739534
0.52329694049779529
0.51868920951063835
0.48131978605926606
0.48091456280845024
0.51421117131762972
0.49965707688097666
0.50182661386703209
0.52064384454132207
0.48957269196284964
0.49626509263891661
0.43194185897721393
0.50406966022234345
0.5344704839083706
0.5045255911274249
0.4918885931496928
0.55339702512828459
0.49418127468091616
0.50346424478028218
0.45721887331016559
0.50748070223033626
0.49246059376213464
0.3441975676319276
0.35722341940895508
0.52616893794367459
0.47173069107743226
0.52733455512776006
0.5098305008190247
0.5097870143370471
0.48660952539180813
0.50275899504706356
0.46409174625121519
0.4983991921188704
0.49214823790091056
0.52467022305162969
0.48620498090728514
0.51131162268677832
0.52409869589966007
0.45981254706321789
0.51181471152968117
0.5220108067408572
0.48554860999105398
0.52728221677936271
0.50423721734855176
0.53457930422839739
0.51871388117518302
0.52003022218480288
0.49530174018551337
0.52197231897134144
0.51451320277213031
0.50437846092069027
0.502371338260722
0.52069368213077083
0.47982608810501981
0.43830768932236153
0.39080062518120529
0.47024551483648486
0.47616272335524329
0.51788312462291697
0.53347103834086818
0.48870322984357112
0.44702867874804725
0.49641068762310292
0.5770942576152871
0.48293153253896914
0.56998093075537837
0.55995605752343469
0.47531237678104682
0.50073795457632986
0.50623321573874314
0.52558634906367518
0.51593193486141409
0.5023963840129233
0.50394352118251018
0.52298044306115865
0.47830371270919975
0.46866049236516072
0.50649469866317665
0.52476057163141354
0.52815095911908183
0.51913609761321378
0.5046676019563191
0.51809297529886489
0.50290485305247945
0.49724609798988273
0.52942660585702805
0.38976860428223581
0.36253573157381358
0.51788556862505486
0.46994935130384546
0.49320787349055228
0.53492840784055629
0.49356615752487915
0.49439807895560489
0.51051575396461502
0.50549537679281398
0.51677206108457652
0.47756140773881167
0.498935601089812
0.49456318689915607
0.53100649072568085
0.52275374000003327
0.45839065614334273
0.48129581541799532
0.48778582883789001
0.52517125389711872
0.47998468604343408
0.53130435193942827
0.49082870034126669
0.48656588014193519
0.44977266798592425
0.50494006503330036
0.48947849273327554
0.46834920124657248
0.46661249056952347
0.49182579670507165
0.4879624735143801
0.5047965670270993
0.35201524593322797
0.388636987507333
0.49915124259998778
0.5198323785441552
0.50209867355823445
0.47448653242376887
0.50897168027239159
0.5628763015508027
0.40895448247836202
0.47706969514179837
0.5311070438667238
0.50703609818399531
0.50392915328963117
0.49182495062716447
0.4871635783393462
0.49251722417077531
0.49088620475225886
0.50245579987994837
0.46790176828135377
0.47612097190078945
0.52969237009775971
0.47518388494857094
0.48415695515466545
0.5092067058634856
0.47260751785608929
0.48195437057720769
0.49303988419693262
0.51528904184223079
0.51399422750566204
0.51874087763964016
0.53447278900191686
0.47102764596361285
0.30638274145352706
0.33135077642510474
0.47930642293770315
0.49220587330806481
0.50535949286974702
0.51953824667851789
0.49423012203255046
0.49595461572422533
0.50669695647332325
0.55125857828651847
0.47091047383573476
0.50479826567761443
0.54911615334950115
0.4831611850049719
0.49916700101067413
0.56415651611039552
0.51914434820687361
0.53295115399939963
0.45905997830048939
0.52863525467334316
0.52973262709019897
0.48567670937032864
0.48744598364118713
0.52976679445185626
0.50856933595113352
0.49664718170890387
0.53676881161927836
0.47108583402989296
0.50068107118932692
0.48038348638539236
0.50803626389474998
0.50663976578116987
0.34546763282835169
0.3352472609809245
0.48069532351054484
0.52550472541399129
0.53516190305882394
0.49287730908777488
0.47673470932923323
0.48796118250155429
0.5055834347399466
0.48473655951076733
0.5241211028350774
0.52925186156597859
0.52183892210869942
0.49333527996292686
0.5136871685391764
0.4922081104196171
0.50546970113768641
0.53682652926525221
0.51627098455834708
0.46016776968351353
0.48943047056596223
0.46062876854650187
0.48948385692419299
0.51317491286977268
0.51424739404269537
0.45693152065215931
0.53477611090867205
0.50824426291239955
0.50420237683846925
0.48084665904496804
0.50199622391070453
0.47360389107326201
0.31121397889458152
0.35176213404448836
0.47048136880356572
0.47662254564320716
0.51244883415961617
0.48961132562899345
0.5310063687140153
0.51102101497749686
0.5398015713482357
0.53046954343698949
0.52651952843187289
0.50874957969386458
0.51479293827421579
0.49845291470971842
0.40642787918527801
0.51779499089954695
0.47439199327270182
0.54970187621619337
0.54660530718709188
0.48723182699273909
0.504488428891257
0.51050354713698176
0.52831399046483252
0.46493994431030455
0.45861343009954486
0.56002881835208784
0.47106655741308967
0.50809980745083394
0.53664815874223493
0.51398277581204377
0.46902374194844398
0.51735549502918221
0.33148217963656373
0.39055435307486303
0.48381893689573041
0.47733525781316943
0.49400814279330074
0.52771314008417392
0.48048286657950556
0.52567001490521159
0.51494901611023192
0.48810792082380794
0.44606590760568826
0.45587721847970303
0.47935510714092461
0.50151163316036651
0.47798406568158308
0.47909922032964136
0.48938837201146573
0.49381669032161585
0.49715922357433828
0.4976373109947293
0.52245749941385133
0.51930459494416026
0.50577332517773732
0.49113878403368066
0.52292221684220186
0.55064951287471009
0.43467777931804641
0.51794458253660658
0.52675402803488491
0.46998757862312279
0.48641354689478039
0.50034482122850288
0.35799773166527366
0.37263666748720536
0.53384115054418646
0.50269002428001763
0.51227800036841808
0.50284898503036823
0.47236951916132119
0.50120348592295916
0.52833483533255599
0.48367518770249213
0.4558537734866478
0.51205792283968787
0.49696630308054773
0.49962839023857381
0.54076227440055358
0.48713019506770883
0.49561754960849247
0.54668637193632519
0.53058982477087002
0.50561887945468464
0.45920137685405255
0.53243298639621794
0.5574518852166559
0.46667367477663269
0.47045110717451843
0.51836525355012453
0.50792182572982036
0.47787656950022522
0.53850299930905698
0.47823657685462306
0.49169251480768605
0.51500588918091428
0.4152918331834386
0.3576391349409086
0.52557036316723549
0.49810073099598057
0.49338739960053424
0.52045290194534211
0.55719730826468072
0.52309070911107214
0.50843674664706628
0.48706647984702955
0.49512629092327409
0.52548745271077224
0.48370007825987676
0.51239535526112767
0.49798568621532402
0.50368130932197519
0.46852399703469538
0.50021538253357911
0.45379054925103196
0.49069775005120858
0.45397432699405443
0.46894278622068331
0.51623105256423263
0.50004509342445291
0.47578115878045341
0.51377980287334113
0.47430254769685393
0.45350063490772047
0.50293765098825505
0.55277513520528987
0.53222487455407497
0.51201908056790824
0.36279015394858499
0.36982368843861885
0.34132407625192129
0.29624609764841647
0.37550772880900529
0.3227475927262925
0.32505257199205057
0.34103611079922547
0.33456333364089008
0.34599917850290662
0.35810919563722415
0.33818865518079594
0.40212642164290147
0.40986732196632042
0.37338230755257196
0.3029164039287468
0.32063701470581263
0.30883538480943901
0.3163840485182956
0.34271121866863402
0.34803685393276423
0.31118125304357319
0.33407225000620527
0.33148094880067325
0.37440554080249344
0.39391302089955754
0.32928510361955327
0.4023934671017696
0.55684457151532618
0.42113999640502736
0.3170847103968103
0.34836571107864062
0.22638553720917981
0.21273119987637865
0.39212461170267432
0.35203722202341131
0.33534572675606095
0.34844025471597384
0.39404603321808945
0.41065360250198119
0.35449992777673467
0.36128516153659535
0.3949674360781128
0.31669980869912612
0.3608544842532439
0.320849736860713
0.38024738032229571
0.35926985554105173
0.37580696603382702
0.31349763587572588
0.31833482717715733
0.35004795867461663
0.3213401396931323
0.30609236716685612
0.34970256783089437
0.35768811514568155
0.35836113599989666
0.26859254734597171
0.34948406260381221
0.34496011773615509
0.33655110183337006
0.30317101434179933
0.35068403030546907
0.38649687293348522
0.34432933218816586
0.37427576608699892
0.52913170224802486
0.52418232774600149
0.5011889629540669
0.48608916221506632
0.46467913693826851
0.52232709114788645
0.50562296453626709
0.54621490596704825
0.57245214622723517
0.51744635247696491
0.47991217025857075
0.47730506497295477
0.49690106641979859
0.48392584166645475
0.52278078059904387
0.51475573815253661
0.49343956576662296
0.46908442872541617
0.46141162700019139
0.49390114754263376
0.45944557283459475
0.48388547970755319
0.53299798480902771
0.52085576322157368
0.50606061607100694
0.49429741704110863
0.52785769151380935
0.50588982813557837
0.51532963400989862
0.53518180112516667
0.32799890991155228
0.34596504811547785
0.46555981155907622
0.45926128813785738
0.49997106014161052
0.49560513544873269
0.53032326813720476
0.50361292948711589
0.53085083351736428
0.51628172495751234
0.47426692662637182
0.47100977788784942
0.5117631007570731
0.50908057259969342
0.42800372112237001
0.50608081936762439
0.53156148675774995
0.49603215382813298
0.49762462729741425
0.49354631058602583
0.48214715701554384
0.49508221253978862
0.51083473676622415
0.51341286399573749
0.54934165833251825
0.51461558359003912
0.48375917501492749
0.50496808700799878
0.5322177972906168
0.48918355786846746
0.44934867060641209
0.52090177799018922
0.3134838476218163
0.32030913832975799
0.54650844918316754
0.44877897702942438
0.49561705408616874
0.48746069854386936
0.49406705678509616
0.48870831368847223
0.51576017412067898
0.50691230117050845
0.51125597786326793
0.47327457697084235
0.52230648570336335
0.50839960477120438
0.51044388974523602
0.50648306215896122
0.45921828291130268
0.50798151974135664
0.48849024991480616
0.52700523081448214
0.50112496168466147
0.52694038740479243
0.52337624706295705
0.48760577911547193
0.47204158188319412
0.49671724683393287
0.48765456850098265
0.46565917502773291
0.46318010443176194
0.49373172781920283
0.45108523377365045
0.4719656823170425
0.34702148581020298
0.32076588314892329
0.52002803339411652
0.49221219890600504
0.47412753637595167
0.47482232693170939
0.46900494775151186
0.52973876110297458
0.49091809339142239
0.51263590953157934
0.48910858990724343
0.57751359903566235
0.47762526776374958
0.49420356688214501
0.4844708313052275
0.46121877559938529
0.51601305241748296
0.49755968283234642
0.52117329563035908
0.46095646477911417
0.5082903757502456
0.58389313239933172
0.49447437109709902
0.50217519212305195
0.51855051001028452
0.49929954182935987
0.52183536697313393
0.50237814356396859
0.5130973979858553
0.48245551187070468
0.51018296144856878
0.47860851024738893
0.36926488867035062
0.35388935958365103
0.51970071402528573
0.4725455019369279
0.49412224032136187
0.48806204171453266
0.52964153788927115
0.49874732531237032
0.49743494507996694
0.52484973117687272
0.46834872560415647
0.53393199849344408
0.48813118538372463
0.44034539948796753
0.49664515364588147
0.5031567201033087
0.55230089740468014
0.47036929953744638
0.50953444413843119
0.5629829120981914
0.54006467459383101
0.49434199437839743
0.49885354758016637
0.55522707294595297
0.50065356315277332
0.5002278120711301
0.52415806469826409
0.45435464810100001
0.50922428871711711
0.45504146704212778
0.5174059968803304
0.48455195710568777
0.33019189196622806
0.46434449242294157
0.48416902263491629
0.52267082165230361
0.53748398103574424
0.49769992477236275
0.53594253804378356
0.4842428380069892
0.53082283078583303
0.45262136673825037
0.51229978110094176
0.47770002013006735
0.52354012056984456
0.48832373506493049
0.55626762727783541
0.49444111670966695
0.50864003143171432
0.51777716868685564
0.49002666370357456
0.48972476771629125
0.45263045661705137
0.50597065982558487
0.51020591178663233
0.47088869255082355
0.48996699554970763
0.46792909448476105
0.51261940194027433
0.51234931133710071
0.4907124690484867
0.49839450585476097
0.47689141571040855
0.5147870713574012
0.36075635401361694
0.37374790598690499
0.5048026774669182
0.48804729327412805
0.4772928316564814
0.48583572583355239
0.47584892563620651
0.52558248267740926
0.50184222517549237
0.46391074982638231
0.46463460892058639
0.49437563025529574
0.50044059772553728
0.52188922156969875
0.47207605622194737
0.53423167961485396
0.54078360892858357
0.48640978305376081
0.51516250381076534
0.50990668656597415
0.48145738773636892
0.46685865531764753
0.4304251164281177
0.51451227059804816
0.48839971802249799
0.4975853395323554
0.50750855604229717
0.56025069401119298
0.52317540446527022
0.51209639335068691
0.41816929341423204
0.5151136031012109
0.32683057150869871
0.31965717234463942
0.46969394507003542
0.51667449874376259
0.46624095094212753
0.49493058777380688
0.49812352637371909
0.49012885831668185
0.43711735215824432
0.54165800339797809
0.51815053506686959
0.5506832472691261
0.53728927690192796
0.49335094765238374
0.52214963708284889
0.46331777138728325
0.49266634949934179
0.48319319543604194
0.49114982222674147
0.51945509845761362
0.49255152759144805
0.47249961233515309
0.49336466016151032
0.43780192696013037
0.49591117418224495
0.506626953690685
0.48596572863642018
0.5106319046252249
0.4430945118619104
0.47154409791581825
0.50606213840155612
0.50179303797951957
0.28549375659891646
0.36245760222130285
0.55214732448346493
0.51153325531507809
0.50533067827964484
0.5222532970062489
0.44476342264330188
0.45771522565003731
0.54186388831952825
0.51177235210918781
0.51586421158394091
0.50105708736654087
0.47782678684978847
0.53335872362159942
0.50043673906818353
0.51025082857552428
0.55108567340362946
0.48407495306511694
0.52033415035379127
0.51640199653282204
0.5037988533193366
0.45867042299024507
0.50431600321217995
0.49691406457751591
0.52038383112597431
0.53002099466909036
0.47963393822974337
0.51463384531589462
0.48305720629472559
0.49469133382793712
0.51541075547777682
0.49527151462209723
0.36065766832941981
0.33714671838415972
0.48177522563068736
0.50115778530628985
0.48894996249708855
0.51039660011389176
0.47384916751767858
0.49148538954700777
0.49741375502470353
0.50719086339658948
0.50199607651883149
0.55345471471060348
0.46339740417713327
0.4490511455038434
0.5117341211016877
0.52457723168203041
0.44218577431238132
0.51151586596631082
0.50415387207651485
0.50341596442785375
0.45972074388529915
0.46090720416734871
0.49401669526055647
0.49917660000373176
0.50741358824468918
0.51717730372495607
0.51935474111117241
0.49209869016005958
0.47785973148908573
0.52333804158938857
0.47607741162876632
0.48066837743487667
0.39906929784246714
0.33930201203239402
0.52100177468590669
0.52693088898772511
0.46252189896975365
0.47215814351784247
0.48886854668268087
0.5349546745787922
0.46431087014697348
0.52992279235514039
0.50703978581256037
0.47291125052393801
0.5018201186045913
0.51447490527803563
0.49380159610634983
0.50824483624357175
0.53384947106253855
0.49221681235326004
0.50630098520879174
0.48298280382414555
0.51629420335905207
0.53050019458824249
0.47040708157238287
0.49873811753178665
0.49446907384142008
0.4810132926821426
0.44435121302450648
0.53479349143362587
0.51118240427665551
0.48635005516671925
0.46989433404185371
0.48705860793009842
0.32129049101580776
0.35587177494764394
0.48303934377028918
0.47622898280265757
0.50542271647772041
0.51447665260869557
0.50391665474432268
0.47919801463367878
0.47567217389633121
0.43853930687075682
0.52598676320717375
0.55956437057459363
0.47271981516438072
0.48543105904778727
0.52721311567579354
0.53373669653315869
0.47663638124562735
0.48420248366687058
0.46560831486416854
0.48486710406870714
0.49918017916412444
0.47879268742319098
0.49333254238385715
0.58167108610731899
0.51708346438949293
0.47057303064010464
0.52971859369129781
0.48898695173750478
0.46180536482716744
0.51689310282241041
0.50808449009082202
0.4744093299741251
0.33205161855529203
0.30947441644167817
0.49449656466065456
0.49528533398595986
0.49439639870419055
0.42427632953784505
0.50512343991318653
0.54192021252596834
0.49748200004337773
0.46483345323416669
0.51002035206660556
0.49671076414366161
0.53572917315509727
0.52236733500237931
0.51246312913771375
0.53585311161297122
0.50559059481393787
0.50251308381200255
0.47713732057031522
0.51168638635629016
0.46624670729065526
0.48391148390156452
0.4836782133806975
0.48369138730768529
0.50268034700391351
0.51832139697181556
0.44067312726796815
0.49499327101582175
0.46841106995449427
0.47516498322672468
0.53049238076731042
0.53482242757955722
0.3276392594134877
0.36060070124192201
0.4847728482290854
0.50383354406410497
0.43904789163865365
0.52873733839002146
0.50663470253241638
0.51865259070407987
0.56714673868276466
0.49520743061097783
0.49001745565783089
0.51162815169043874
0.48779394388717956
0.51308174313803545
0.4500481421354437
0.47208560055746307
0.4880373041304068
0.52288322537871745
0.52207784286102898
0.48320284608819514
0.4682895760033135
0.478971940592613
0.53258148483870649
0.43574708109099647
0.52099993233675834
0.50038745274170104
0.51612235944173668
0.5136359185993008
0.46854938585542311
0.50156944485755639
0.49753545140453015
0.50809167387825149
0.29309844318507056
0.32497280460423844
0.50593551351784039
0.5342662185795205
0.50738723033312538
0.51080923698726621
0.49057661498081689
0.45576855407761813
0.51844158132004248
0.50022646157166539
0.50064264267461644
0.46983686535721836
0.53812177092091074
0.51737291147429043
0.51916513396131037
0.49788454782480329
0.49049908880801846
0.47374287326265635
0.53737420163666749
0.5008922659377798
0.51151851371665524
0.48681064123040724
0.5162804119664387
0.55450612199668858
0.51169498386411116
0.51073855460712736
0.47803103889353082
0.49042806723366572
0.45235371554102793
0.49280903025043343
0.52038267216226242
0.47679232195320498
0.32969487809461384
0.39020158189435483
0.53147849888425014
0.48423720597733949
0.47534816204894059
0.4852764693285862
0.54455938727988018
0.52711005182174819
0.49388330647555717
0.49235605233996993
0.4862875188590744
0.47586340477315092
0.5497227930984212
0.51472296738688661
0.4640340963775943
0.51005991054126909
0.51770641563043673
0.52573490386328492
0.49037749157493044
0.49357876718154464
0.52303253815257311
0.51019828501759112
0.47900428786599952
0.50966328222394119
0.5136859130712359
0.52188083148505848
0.53594591976613715
0.47197803514223335
0.53005332186824972
0.55095529330630821
0.48361443782987729
0.48820664086320792
0.35469507681125706
0.32783169446272159
0.4730576866564008
0.49326430512146618
0.48914277931557687
0.48509763866641775
0.51344057220656225
0.50429211957773135
0.47422238652903287
0.4894273300264449
0.48666850368669651
0.46404943729342957
0.51603395511681338
0.49456166029551896
0.53357779160765084
0.44235257561777347
0.49315583865859242
0.45933557379263917
0.51340712786257747
0.52854950690249936
0.53378862140703787
0.50997874730913784
0.53224122428768161
0.49019817349704331
0.5238176483982343
0.51912975498221769
0.55219308464451822
0.47710680403764283
0.49795164914851264
0.47585295439841946
0.47119957985572836
0.50924695277239662
0.3334228123024881
0.37797152230301378
0.54660600406561166
0.47880533719926721
0.4735770834631437
0.47826392364816067
0.48099281060172971
0.4948742773716322
0.50648733365823861
0.48541245654117093
0.47963230946175661
0.55590349652122051
0.51703454785182523
0.48872735022646913
0.52581062128989153
0.46131907891338553
0.48461982581274077
0.46020581341889111
0.49273132932992542
0.48694122985867661
0.50500856369916036
0.4991001034883536
0.50263160056579981
0.51252228572988656
0.47998162154617952
0.47076366100367378
0.49098960162169952
0.52641466305344664
0.49517984448941471
0.47876364626534412
0.50452313332068688
0.47097053083280405
0.36192120508784587
0.46582443075134811
0.48590636116599362
0.49999873364515252
0.47138390559657178
0.54008069880748522
0.46024096554345539
0.49269736290572053
0.49856786783195883
0.46029296122975499
0.49261810156740088
0.52046172041749361
0.54466818143820173
0.49800515032065051
0.49948402385231166
0.49924277026939834
0.52716383131256128
0.5134990600314373
0.48096540265245769
0.47155785794658728
0.46141821809204558
0.45857304899790741
0.51835423898576904
0.48289598708176307
0.49841366466536696
0.47833089615181279
0.46731360400735172
0.51284236969911035
0.5417134322465007
0.49606605356698369
0.46780572614596705
0.47364347334703483
0.40311797541264777
0.30944288565778905
0.50420510624454506
0.50307588615846877
0.46261336604875725
0.48099711192274253
0.54421588448905089
0.45280944651357791
0.50298398358953345
0.46529853626304502
0.49020848942477302
0.538464781273296
0.5267617317377753
0.51631690085632764
0.51265677838063506
0.50363532399724842
0.53963746668112833
0.53252706951829265
0.5005206998735956
0.47949792676285607
0.48400182227618921
0.47864213929513433
0.46663229170343928
0.51101034735955309
0.48354436037953402
0.48826838529317457
0.46276621532156881
0.53618945651241323
0.4986285647539011
0.51089594187509191
0.51700998356210426
0.48165587055522346
0.32250775106975715
0.32275611666478876
0.50792259451908583
0.48269698329132277
0.501077046733019
0.4722308491675537
0.48775212920539318
0.50106694990755163
0.46932497235930964
0.51558703399187888
0.54124371788183279
0.49257032378368998
0.47358481878559094
0.45980548313423336
0.49058548345711267
0.53547410983682675
0.4791216193958871
0.4981184599739471
0.49260978839891917
0.47290253159986212
0.48374914903102478
0.5094003436234561
0.47620153432420559
0.52521637075400862
0.50701335449398088
0.50147355105194269
0.48315152624051783
0.47650637820132652
0.49651649982873786
0.4943507120953553
0.47368663358606267
0.5471221934238728
0.34521275952030261
0.35607768878570567
0.4670301143502863
0.51421455036130481
0.48315645921372874
0.46750199797557701
0.44949571554336187
0.47788641964765005
0.49315695768650375
0.51071672261471901
0.4811061744245787
0.52119347253446746
0.4840125057384671
0.52643389942570162
0.52880563920524348
0.47613218366405807
0.51228430718193763
0.49315635279010722
0.52786756959498704
0.49416541542323117
0.4982973784635788
0.51965443378595566
0.46976029818575904
0.48796004220664846
0.53394283171874857
0.47316011959935544
0.53725702446871482
0.52554859146654676
0.46331747186349015
0.49229491435223216
0.53902120618854554
0.51529802583627726
0.31982036000907244
0.32394668387578979
0.52283956762601291
0.51030596915405524
0.49820983254432244
0.47481177163230925
0.50241979385481927
0.51724267869018647
0.50225890156656949
0.50672031083095004
0.48314059028646789
0.52880479581340623
0.45115552062989123
0.51581679556687532
0.49734335876390806
0.54906604848385654
0.51888539326786287
0.52770649460050334
0.50429234753303975
0.48460220860707282
0.53895548407593441
0.49573091451552931
0.5214346080953155
0.52122947394823771
0.54901825341269594
0.5051845232438954
0.46240784721091027
0.50768736279413906
0.47835018142455843
0.51747013803259045
0.53425820927059386
0.51125335263235883
0.31845664620499298
0.32560135840275456
0.52066474526799245
0.44405011777337822
0.52559505834118558
0.51797729962864625
0.46577487882637514
0.57101312043652186
0.52184772531112122
0.50673093705728733
0.53693699829202679
0.48725909359807046
0.51182001072312733
0.49921615917486484
0.47755882960207446
0.53034974424450931
0.46796307757522004
0.53522457460274564
0.4650565794837464
0.57139949107829469
0.42376350164362042
0.50352945071937361
0.53830169263162808
0.49623198659044987
0.46542249044097334
0.49859875134574649
0.5266696807966027
0.4725678224374727
0.4901626450397269
0.51411182558701773
0.49984093814590458
0.41454005437546826
0.2954928212379368
0.3371445714537703
0.48752674761270065
0.47708274451210259
0.47631659180384611
0.51551740251676403
0.47709050616420845
0.44264693790929432
0.48819944138195481
0.53346011096573864
0.47741019194668677
0.53152260028753984
0.50899542043368906
0.52003556231471015
0.52151157181071384
0.48914201438305127
0.53299132193953802
0.49818825010639695
0.49018104148597019
0.52066715919268003
0.50653109483686531
0.50681795166852295
0.50141818470202182
0.50633079106176349
0.50625624139798053
0.52634156972972246
0.50608964761112918
0.50006729220376167
0.47802367673421248
0.51427385859596164
0.50674283094451122
0.48927553379240141
0.35447504270126207
0.30748126353361627
0.50779242344276398
0.53474824321054304
0.48572526599326754
0.50125704788062064
0.49080409226211452
0.48803804871686202
0.4808325644343957
0.51686459311557098
0.52995440324100662
0.48321948223970757
0.48792880897267121
0.51649925139001795
0.50134497425689939
0.46932407345019089
0.48998982396807322
0.49200443228138535
0.5044347873293521
0.47099632402112662
0.51328283454368462
0.5106119403432422
0.519790754604745
0.49666603767596046
0.46491229456234662
0.50797021338884996
0.49011057613892639
0.4947920396209059
0.4728325065785553
0.51429065198955481
0.50111629136355373
0.50148705477556033
0.41853400849387357
0.33388686543355489
0.48376642177843349
0.49610511669526802
0.44838341564982204
0.5131180884561457
0.47894277091666382
0.48830114416646986
0.49384920727818765
0.43788085740344151
0.50230753241697801
0.54943039500520952
0.49663735901866707
0.50626421239813091
0.49202034153530955
0.47542049689838367
0.48237191615759767
0.52814475940181982
0.4586157636838552
0.52477119800072514
0.50618954552842288
0.4791003171565506
0.50232540169875028
0.49128853992094251
0.47329849649754868
0.53477126621799642
0.50516684867983541
0.48331436698993391
0.51254824928092146
0.50637531069185504
0.49336276930049533
0.51281151404878134
0.38971221740879186
0.31277098535174913
0.51696293480758959
0.49022875299491953
0.53317923819738045
0.51959730631968337
0.5080130205529273
0.48548513613252225
0.53353548886137725
0.49213875345966185
0.50335002931152317
0.48771527299378925
0.46634726767151297
0.54197911710240132
0.53615568268018376
0.48402943651479585
0.54085707547230599
0.52144447363631297
0.45062634358850528
0.50343610472901756
0.48397534085740168
0.48813946450438128
0.56665799810578132
0.5106163609213773
0.49849263691860979
0.53248394539675004
0.50126238658484223
0.47294201575487599
0.50016440248784599
0.51538635023372592
0.50037351681889186
0.51529259135951144
0.33450651552456312
0.31332109196124591
0.53511803376776768
0.50383814620638501
0.55651058660381536
0.53138713322164166
0.49359138778227252
0.4883193384433403
0.52770501281471194
0.43139840204453489
0.45372315622080173
0.53984460604789741
0.47345145854169685
0.47884882927964362
0.48765988196440435
0.48928759760925905
0.48322928533626658
0.52488159839288717
0.48534656266949766
0.46183925817948657
0.47034928738481235
0.46421655889140262
0.56283554300358851
0.50970650118233041
0.46830690497702498
0.48662826682261445
0.45277363055843661
0.51692918228376084
0.47093653184718237
0.51506261064723446
0.48886815172453901
0.52755755218555689
0.33013382391723251
0.35307337051303839
0.44837756307210541
0.46394779700326955
0.51472981145257113
0.49837478809172109
0.53490975173358701
0.50987747959102747
0.52831451852824984
0.52298748629235814
0.54383040605913269
0.49056099287423266
0.51058079002708523
0.52564764972712774
0.5293737856362829
0.49043358269077419
0.51409277968316536
0.52661912593026228
0.50909082558999996
0.50977502657739115
0.50495573378564973
0.50258320519631727
0.48650828279051939
0.52983800919783475
0.49120919800037055
0.50058052717010915
0.50637261793954136
0.47008020564762004
0.48272974908491229
0.4607745632124588
0.51423441924249158
0.52467177725657121
0.37175357196146691
0.23329057753569699
0.35098246843459974
0.33084836675860463
0.39107431846911406
0.34446452462347449
0.40527839493357193
0.35075238131602193
0.36138114782689279
0.31683869383137991
0.33805183173390202
0.35422298909680638
0.35685237688795868
0.35448409120849117
0.3483094119339083
0.30618840074490655
0.33062728314791889
0.35202815883544036
0.32612011222854448
0.37272841196750545
0.32463426856282196
0.31031404394572876
0.35385023961168521
0.36449211089352573
0.3210774867170243
0.38894104948818581
0.33884289937173206
0.36131549684269121
0.32110927860615202
0.31754637770947458
0.33390181232833616
0.3561988842927013
0.18304149835093886
0.19903734362445943
0.33925751458674958
0.33149207472431308
0.30485844695184028
0.34808949413329798
0.32905815052645293
0.39017095446071987
0.39793750370421732
0.33696114713504016
0.33044526708957178
0.35382390028078509
0.32682499957732852
0.31883070661116303
0.38323310686915829
0.34151102240752529
0.34691677405477628
0.32863138167430483
0.35615790045309226
0.33144801957536263
0.38444147778953502
0.34100764086720364
0.31757926507970013
0.35264811007200514
0.39690839429971747
0.3634984259916505
0.33229928790432145
0.33698439631944088
0.33701992970840949
0.31227639522105
0.36895878454013803
0.35443514568477058
0.21330614692247862
0.3131900410735472
0.48352933065477904
0.52200459860262249
0.44007625419195445
0.44503484105246033
0.46554459161253997
0.4810445174574422
0.50278965086835503
0.47751987581836541
0.5135298524538966
0.5125901400717322
0.51552225329922996
0.52516250685405186
0.46817332952179347
0.51444776506419709
0.49105031742917865
0.47137313902140104
0.49837576785115872
0.50551664129036866
0.47460508362032677
0.48962293545794622
0.48929309940849558
0.48440271014922576
0.54127095473866293
0.50019177289554595
0.49390265035434378
0.4964158650907346
0.4811380956864133
0.48944861493892422
0.50147169824312665
0.50952697417460946
0.37591545922270825
0.37788704566576753
0.5063259017070979
0.49202399675371827
0.52358415378315382
0.50705314072660401
0.4744816312582173
0.56231256842858934
0.45294821059855273
0.50830859646703208
0.48274781916885889
0.50906039264849445
0.50467625920643011
0.48511527273191873
0.50539354142425774
0.5378891843840985
0.43474904267144482
0.45476351654494201
0.47175310979863938
0.46638664401507191
0.48863278280958622
0.49515357560877571
0.54750763034286754
0.50312776861162578
0.49751643360443171
0.51622260766576211
0.51900925072258175
0.45481922216618598
0.48945123486135472
0.55938496075082822
0.52405036968222096
0.49555509413257548
0.31270273564298739
0.3118253770002532
0.4990290786270708
0.51726533079174075
0.50340581005847285
0.48752652127912932
0.50341678077151919
0.46929890955156861
0.47942154671774462
0.47357467525130881
0.49499030103242136
0.50606743431457124
0.45264697055214126
0.47133273285309774
0.48381575622769191
0.55057995384092029
0.51027482948563463
0.51854006488866866
0.5443063316783171
0.49464366969735651
0.51940271401390825
0.51581625998837344
0.47224086378547347
0.49577539019988176
0.47316551363162684
0.46550153650135662
0.51170722639017785
0.53667525264855354
0.47562444568163087
0.51215810849530408
0.51213907819192195
0.48573434800616699
0.32593458431569089
0.34410666857845112
0.50232458164673477
0.50601569673659452
0.48998008147661265
0.51429550814974456
0.49790858100204194
0.47337961113255067
0.51223901731150567
0.50650001546780687
0.47230474197521671
0.51180924177268061
0.51343959114651205
0.48887441427378814
0.50140130094482793
0.50784910894050139
0.47324972407229049
0.44802514247261827
0.52683013493406816
0.50550297423161228
0.54143642926697733
0.53114042267572625
0.49857537037749866
0.53567832433370455
0.49312932998459846
0.49651415037243479
0.47920545783246604
0.46294236853005882
0.4861735782980538
0.48810485965837835
0.47547968732999496
0.44588424724030734
0.35612271745455526
0.36043050023053441
0.49147404430103531
0.51788897828476388
0.53601268415689407
0.46624883900177005
0.55151268561235478
0.47948523637231033
0.51352526994568914
0.55102481324052088
0.4943208265215015
0.47790104555335616
0.51146672471316013
0.47533342643522541
0.50217134806506503
0.53581085142622187
0.51950832652316459
0.50325180070437259
0.47153243434898073
0.56698267199157693
0.5391472132056393
0.48048938520822893
0.52991471722551342
0.52114997972895993
0.50497465629720595
0.53386131054188768
0.46433448987182396
0.54482278345132262
0.51303662024457852
0.52326119232129964
0.50889268899301854
0.48637671739752253
0.40144921281755752
0.43190774773541779
0.5499718267998851
0.55481918921802087
0.50188161562572897
0.48667299877728104
0.52059758348667373
0.51007313709034652
0.43157966859710606
0.48931087275180091
0.46951070218572921
0.51914333207178787
0.48884950083384032
0.54931392488212827
0.46971399780460688
0.48679229105213073
0.52390234344078646
0.5027672059087922
0.56016506217907625
0.51499570651106685
0.50506730654056387
0.51408573861885676
0.5422049438572637
0.50034115736798235
0.47355537807263226
0.51345961712691357
0.46939263559558259
0.54415472328052161
0.45343037795760288
0.56422335064460494
0.53668716398136684
0.41940268160090161
0.39404045280066441
0.3563630108033774
0.48243127130312591
0.51231325862976407
0.54095363003755581
0.46091210730071352
0.48431645158389042
0.47025925922705747
0.49209057276141094
0.49815312769873082
0.49605093366235176
0.50524387536691961
0.52834450893062479
0.44550669777249252
0.4908663806951063
0.51206404138184358
0.50131454250317276
0.47298213520286791
0.50521461487597541
0.55263000768392334
0.46085063180373875
0.52565838387227404
0.54607299169956192
0.46110962360740271
0.49912661020118115
0.52791248851325501
0.47417126370146817
0.51602243429885841
0.49529845377169351
0.49499162975529432
0.47862943679715303
0.51343069184132395
0.31736302687915757
0.35759991524272011
0.49461337855463883
0.46147799481269153
0.47682190365899918
0.51509579683019691
0.47807706588413068
0.48641435999014976
0.53400090635124686
0.47036379225269198
0.49967001362073005
0.46515793065555022
0.48717218730843015
0.44080819925243975
0.43696360891299857
0.51484584987639292
0.54022162496837589
0.47393160309449334
0.52070101660123502
0.53378583224555565
0.5222474113065616
0.53761822881017374
0.52611594705891418
0.49332164730831018
0.56491056194033984
0.52968292045190646
0.48141972872155009
0.51364175672000922
0.49648627975989035
0.53467621832318757
0.54528142699007309
0.49782320701957722
0.33575412683981165
0.38621500199283804
0.50351048730859282
0.49199131332556489
0.48201706467983713
0.49408592513233535
0.49907657710582104
0.50142077055688961
0.46551056199165081
0.48499924306540554
0.52333106181324518
0.49187849244265541
0.45748420498341213
0.50286900682724534
0.4601169883044684
0.48053541001244043
0.49840373556554662
0.49015249167843861
0.48489178090767027
0.52499107017244984
0.48676795417001861
0.52001205410612539
0.49322986277913949
0.50928551528280464
0.53517433341605791
0.54109772552075086
0.47443010379415845
0.42498882738277177
0.52956043426604793
0.44273405984461056
0.48240100623611931
0.44613404050403921
0.37378197375181371
0.3663682990781823
0.5122752492853262
0.50519546767364665
0.49875376014506695
0.52176062881648588
0.47330686413960277
0.48549088727744377
0.45149446426456358
0.49442433123145973
0.49048394155536501
0.47420942678847744
0.50282484364033131
0.4593087807666732
0.48349303441066255
0.45696120306950971
0.54963030613078401
0.47818621551760276
0.52072524171200185
0.46849760260352202
0.5195927207240697
0.49569326921745893
0.50181652625588835
0.48223207512641969
0.47804597672010324
0.47143787867709941
0.52891112198061185
0.51199724304775152
0.51992035688453386
0.50462616734454913
0.5185654919283228
0.48788657795743284
0.34850074821191035
0.3103537454911271
0.5127808481632723
0.48851065144469175
0.49113326022520054
0.49176926903611268
0.48379098981082952
0.57031003109678757
0.54609368220946786
0.52127452051364143
0.55160742163097365
0.5205133350155845
0.49944168152137763
0.4654722436278883
0.52315278456637471
0.51851493113567404
0.57037940371081808
0.52571916090908721
0.53031868122817538
0.45105299437179136
0.49544382643127632
0.45006016344454375
0.47828256378020528
0.47913068131209346
0.4558213269403148
0.53471160748703639
0.51661005349128808
0.55337052921243268
0.45776095470738659
0.48757016392865227
0.50298522547074409
0.48973890594173353
0.35145473531070076
0.44507916866159919
0.48652555124226016
0.49139800510126708
0.52468211213514804
0.52365231034086246
0.49080566760341177
0.51545724784263403
0.55374119443338632
0.50818178746112286
0.53644295467063408
0.48234514959438979
0.48100268775440036
0.5231551627640787
0.50819364033232928
0.51611348838619597
0.4933891099870274
0.50016731732675812
0.46655253953877507
0.50322292532740931
0.48992419853822039
0.51084795041129449
0.49131315561932321
0.53626531061833616
0.51635260658711502
0.52837097192314941
0.56072645385362963
0.47386785652366098
0.49443827971265358
0.4584213279113285
0.48521921931924761
0.54320524794233616
0.28597851473231239
0.32224994819771852
0.49612657058281778
0.50436506324360353
0.4997277060121611
0.45992842719567456
0.45931820968537601
0.48101849876643887
0.51168063696696464
0.57964316822344686
0.4792381378651791
0.52067314069702397
0.49319504591237601
0.53488082711504059
0.44986745790114618
0.53506158155674388
0.51332715312994104
0.48208061563672355
0.54049355052965342
0.48641869647231206
0.48333575519321531
0.50064182233216903
0.52927618030403112
0.50214359680200682
0.5252251700035937
0.51378798244835022
0.483345729491373
0.49510728614333582
0.5209654307747944
0.47632567077781418
0.47929331827963206
0.52278680560791202
0.34913281302684762
0.37461700554240368
0.53134579174721031
0.45564707481994676
0.48877941804939229
0.53984600992026888
0.5453416756427103
0.50525275935352665
0.48985376165370698
0.54093435522367395
0.48717433361358076
0.53125509254163705
0.5121762363692397
0.51327411419258484
0.53495422903533751
0.52588572611925943
0.48537702668513899
0.49911383035569562
0.49516624054666403
0.49949896043867159
0.51573780101767175
0.44762816940419697
0.49022282620875518
0.52987846466756272
0.48696485052659649
0.47549282639772722
0.48791090929562109
0.48053677734603983
0.46032671603020486
0.5412756161201655
0.53680914432001836
0.50745340428006114
0.35135891158548294
0.33486201973385787
0.48978180577190034
0.49556508355489715
0.51691606610663465
0.46368930505024036
0.49242387058103748
0.48862318333530919
0.49564200189178093
0.50363086254321965
0.5377766489366691
0.45655057940099047
0.50667589954827941
0.49210984056255808
0.51246245584919337
0.50353036616705216
0.43532158431592832
0.4934237338855067
0.44170089267240054
0.46340260276443879
0.48382417258262334
0.55126194286426566
0.44913138434448346
0.47930458902301709
0.52266255926798588
0.51193293128722861
0.51879774604808016
0.46275883648507155
0.44245514036939609
0.49897483293896888
0.47914104182311962
0.50440001066881646
0.37748565040847493
0.37988237380528667
0.49872088307237478
0.51890602583427603
0.45761888608047208
0.51639315917658868
0.48774930034057806
0.51552856833952809
0.51224188262757875
0.51932953587922481
0.47872312336372619
0.52065363008077115
0.48741217323980862
0.53605092497622031
0.52138453404816254
0.48976964562652792
0.49374426473877597
0.51422875524122169
0.50748537738874078
0.49839185126667229
0.51878142379187353
0.47966436200696244
0.46236684940966299
0.53028745429455182
0.47457166849646581
0.48537708844983218
0.51701885932685876
0.47913296341535216
0.53640638411130981
0.50046413421124225
0.4694768217070559
0.49309845045421241
0.33483172913335923
0.38807428313607251
0.52370952690467099
0.46772899324965267
0.51868176684885714
0.51806014125715549
0.50861084930967571
0.46963746747413276
0.49544050994575523
0.51444835029836444
0.54846905781598854
0.56321646100623524
0.51072571864483229
0.48930096431303421
0.50065672399638295
0.51410413762935581
0.50331189363127016
0.47099925150477928
0.49677368327101956
0.48894511440263999
0.4446137623381432
0.48987475290028604
0.48053047769381113
0.47631884753119974
0.48033947214367595
0.46776052570655952
0.45925434128417136
0.51054250272310053
0.51758740934249325
0.45400374113790781
0.48281259605468851
0.47329219085843266
0.43787492507945158
0.36866895560258323
0.50316207216118913
0.46807068252290701
0.54379911373457501
0.49026892144156065
0.4883127670289491
0.50047067509914589
0.35154298019273711
0.52488655320632949
0.50786601587717894
0.46386477163841072
0.51429802007092873
0.49562944070631182
0.50591521689436714
0.48188875891684163
0.45412910350670582
0.49225561083155484
0.55419504506161898
0.49058520570045466
0.53069118232844914
0.51172590966637044
0.45246268284100111
0.48659554212782297
0.46681863983475863
0.5650076706843038
0.48346170191299337
0.4974827655230451
0.50276997897138109
0.46672503411556465
0.50916653786330657
0.5266019991398242
0.37567515741248864
0.36564822808540337
0.50259391883958471
0.54864285589195427
0.49419638781460723
0.52048480873600378
0.49822189204871931
0.47257240670866635
0.45898639256712231
0.46033663140493647
0.49502849832418727
0.50720752718834228
0.54351671881244878
0.48565862167333779
0.58273422297780486
0.48717312060764323
0.4985571302888655
0.53613627835340782
0.49834434421313784
0.49156627002811587
0.47926093473425058
0.50459870320586264
0.49836145056743131
0.5249478974503009
0.50088610732945127
0.4900090352286588
0.42785684173439664
0.50127594885129467
0.45893272302632315
0.54607272808783847
0.51394126348727776
0.50274610586768775
0.30137155785897074
0.29580013904653552
0.51714810654070931
0.48366083726450493
0.4920398629391019
0.56600073406923468
0.57276673026762748
0.47801687016558825
0.47583521159685199
0.53846765837556654
0.51814364130652502
0.49595419386193701
0.49398622480521498
0.43720016630437131
0.53637203976099823
0.52444492158443945
0.50715642401444549
0.48941067305821218
0.50180953665857264
0.48250063484994593
0.4886202500082939
0.486390844996824
0.48326742562779851
0.52429382039407302
0.51977105794879519
0.50643796634519067
0.51531109782937401
0.48190450396110429
0.52828609712390717
0.47635237995782242
0.46344452767258693
0.52185096971237466
0.373304014719755
0.33393246563807294
0.5229000625248581
0.49768055648117743
0.51782191156552881
0.49279969426579917
0.53956993886005233
0.46931393871400356
0.5306288240643775
0.47702679732877357
0.48325691981174645
0.54298221831812898
0.50502995309376053
0.4890033392373791
0.50191796253960541
0.53255234569676602
0.53122098653237315
0.44498282737126094
0.5356416429613241
0.50192866767167232
0.4404029443286761
0.5399081079529352
0.55635195412678196
0.52883063132091757
0.47540197524144995
0.47208799867920159
0.51171701432729566
0.51394313290683169
0.54337399688449273
0.51616977806951425
0.4909855399672155
0.46201064628136496
0.3105129052626272
0.37430991560046756
0.46504712774141693
0.53384313424343743
0.4667283934792873
0.4647673929388364
0.49304893969520297
0.49746984135926792
0.48652527736272888
0.4839234774531519
0.51968719047646794
0.47371795562446428
0.53484553282937208
0.50331129489229298
0.50363373513232457
0.5274016727990275
0.47740347528431049
0.53131638120588243
0.44537809012960194
0.48882893098174229
0.50459377911236225
0.57077810588323252
0.50966538643407544
0.48109203595569017
0.44695583879488654
0.50645527133186208
0.53715622314770106
0.55170295463750907
0.50887920276497345
0.51686382739337156
0.49884576881925313
0.4676312307006642
0.34146536659863347
0.32263498465122942
0.48319416253537184
0.56987987682991492
0.51271383555444661
0.52490501247741006
0.45080030865103032
0.50103414674222602
0.5127001747409764
0.44084481541296711
0.52238594114438852
0.502068689804261
0.47149261059421849
0.46761424054707257
0.49394784051900342
0.49118373124286507
0.54595857949076654
0.52900319772455295
0.51928298395955863
0.48047392640325182
0.52385868294851989
0.46775688744745147
0.53734714442767795
0.52332672193524854
0.51899022212183654
0.4725224713815524
0.46945462555021433
0.53421413233824999
0.46516768670972009
0.46824653604237648
0.50538049933683449
0.52514069628809623
0.37245099274812171
0.39318681719678755
0.49734755802877417
0.50315645048484481
0.49413038530732806
0.48248289032882624
0.50757706293094118
0.48033581276949711
0.49579161970260199
0.48791879517967635
0.53799597214582329
0.53921565771357172
0.52659045106219315
0.55630373937995148
0.46301314912958857
0.51822573708350561
0.49765409942656069
0.49723063822930802
0.50259981595286829
0.44849976723158574
0.52492199278141816
0.5141427263799685
0.46529977214087592
0.47424173234283395
0.53497386284286264
0.49795326264062167
0.45969533105390065
0.49648905935389293
0.50496259595576809
0.52965654078110336
0.52613177001438594
0.49274394543311195
0.33488374445442642
0.27022724288546746
0.50320996607299007
0.5283335173953746
0.55384685454082239
0.52003820869838158
0.48744549658346431
0.41766342176977422
0.52179019732243359
0.48895099104671352
0.52831207352852494
0.47686441377322397
0.55838027387657918
0.50862495648597972
0.50716843418050539
0.52050890990957199
0.48882921730263962
0.52330895076547967
0.47855279467656542
0.51213512236502468
0.47368300419460341
0.48608492319247226
0.47954325631656558
0.52136741918062612
0.53637625895132923
0.4702387519811731
0.51510121988367807
0.51274284857365726
0.51821752433565715
0.4830120551932004
0.53422351048282257
0.55500267245696056
0.36418793889837808
0.31884402819141244
0.47591765469363495
0.51774706124498382
0.48223871994474232
0.50541936495964002
0.44915768622117308
0.49554104335266402
0.50884348305942639
0.46761074327223251
0.51241465749419846
0.45986970058547111
0.54119560405137512
0.49596882716151047
0.51777731634162294
0.51684320403074147
0.47520328718041049
0.48536238037977464
0.44696372714163218
0.51508344353929081
0.50936485509441631
0.46121512489927335
0.53714430464397944
0.50604107885253302
0.49709696364218753
0.49540326643334831
0.51126933620319082
0.53505857911689558
0.51687600972323811
0.47864536571656602
0.50978330101537095
0.47233738974943729
0.37084775774939782
0.34174593992609142
0.49419988071681159
0.46968286196550602
0.51250062780893957
0.51082826508191159
0.47958658036682883
0.52771028629621064
0.52469414510753354
0.49921606679822039
0.50474515253432872
0.5086324704820292
0.49445569237260856
0.49415087059757001
0.50930343953031731
0.53161823616235726
0.4968297141100006
0.52084111661894072
0.5067694569622837
0.47204948773047212
0.51683474761010795
0.49003174099406671
0.43051325380006927
0.54245144651527422
0.51722198345133941
0.49415350409323228
0.46346792745537163
0.49802821002964892
0.51453826095062283
0.48887319519649891
0.51577994237395453
0.52381457645855845
0.44522070913794126
0.32203231865068238
0.54702792201703188
0.50525738626553462
0.50589979902358517
0.49692488641918153
0.50021809162741737
0.51904961221420776
0.50956395759561612
0.50660647033590223
0.50253983923413303
0.52098026597474145
0.49565289974527044
0.48978211561463997
0.53361988284382567
0.50563384348943818
0.52547795326946412
0.49061294675557449
0.48355133436778747
0.52893347623016251
0.4740995761245631
0.50131497982465334
0.49321487040233825
0.49199413737003517
0.48656758338513889
0.5060389642267531
0.46839959429065015
0.47705900704518073
0.55100264058987614
0.50868258343135386
0.50165570922711378
0.50585658920692433
0.3186920638024891
0.32647953988284845
0.5276940207341696
0.45320242396337335
0.49576914206606887
0.49210436119878531
0.52002338508620849
0.47064032057698263
0.49933986154323073
0.50233778219255609
0.46294204447456244
0.50838765370364492
0.48940259926895063
0.49964369884131105
0.50006502007624143
0.50543896692795898
0.48854821044781366
0.50051744098474893
0.49537865302469059
0.5231482607838942
0.51750065873673168
0.49531348959473309
0.49890871738898951
0.44132326123598847
0.49514409658450687
0.484363314350229
0.51303332109244026
0.48950186847231242
0.45966353512676139
0.50713395418799834
0.53828218839950592
0.45098100585416251
0.35404358414661907
0.35654030734648112
0.49301769455904426
0.4472944969044908
0.50931567102804554
0.48660923423198899
0.53360626229394281
0.46438866925019473
0.51617554757433959
0.49319740453622529
0.48996511295671247
0.49367784873604986
0.50764504303427249
0.49680053136895241
0.50966609315006206
0.44185807794650067
0.48053900104263692
0.45647737291073387
0.50910292973698124
0.46197340825522815
0.5076257750628157
0.50667322699150852
0.47129784392156421
0.48347366815987464
0.49369926635203809
0.51956032865371871
0.52218194582869448
0.46972008549610134
0.50151732426171236
0.51089566481071713
0.51673494162419353
0.52258301547859098
0.43690355611518633
0.24238847860216706
0.34601391786636043
0.35876829611514344
0.29373318559540251
0.30627728376425439
0.43878905797810258
0.3663985546390725
0.33458640499500536
0.37172875780064046
0.36006060310247501
0.34243237382744235
0.37600882964563725
0.36716123073888812
0.3315006080609692
0.37470490859004635
0.38455842737267165
0.34298016050007346
0.36039652692714602
0.3101136684172231
0.40070332843500023
0.30783469730287044
0.40363045566485511
0.29625279768631962
0.33722140433662773
0.32094815019502815
0.46587135304755212
0.36302385021996814
0.36088763546420816
0.34214121855490304
0.31832141442098844
0.35236348728591455
0.27174108151448362
0.26385090041387954
0.29361549114936986
0.38374911324889877
0.33505538093891429
0.3336648384241086
0.39201400155494676
0.26694385232366991
0.41982271668901439
0.39695998055612808
0.35130422284180696
0.3552048242069944
0.33240208823232514
0.35490149123690029
0.33647078730477309
0.32287677948918425
0.37963671449642178
0.32328654614928931
0.29993888281682102
0.36193412800370917
0.3250264895257079
0.36645557846696336
0.41359998704567003
0.32771561690603029
0.42742635682162494
0.32935799945644473
0.31692822948849064
0.3646303966507593
0.42471703488028728
0.35062657288608795
0.32835820297944313
0.38804813562531615
0.24705486055955508
0.36269964803696758
0.50869778040976943
0.5150942095171942
0.48036259053025793
0.51946343513112847
0.41935619614406533
0.48770900846254966
0.47599971753176401
0.48135615541817683
0.48712987938418617
0.49832514474194844
0.48275891392135106
0.52804142459471404
0.51107505535819875
0.49392052585059226
0.53311238280543538
0.50448876411033805
0.4946332179330214
0.48152049649598888
0.45170443971955238
0.42728908690332551
0.46105099844562131
0.48984133430118443
0.47293394996176097
0.53378263640690082
0.48437296397504015
0.48796331040973234
0.49416790862449678
0.50603411229744388
0.47478016586395283
0.54530023739068945
0.34618908424931244
0.33360149810629813
0.54284772014665261
0.46540121336123486
0.47474399720105359
0.46099770100779708
0.51171357343760393
0.46937855613587398
0.52183670095861223
0.48829774135655363
0.51141767895407675
0.48528082296790914
0.52692008660619749
0.4545011393613832
0.50176016663287337
0.49848418585829912
0.48807243817979412
0.42083390505103746
0.49185036192846954
0.47521559180106987
0.46358404754263005
0.51308893354097895
0.56638799394541883
0.50624466372156041
0.48017165461365158
0.48223864152523671
0.52941800947295015
0.51345097254091354
0.51182994867196041
0.4385218182587366
0.46538118278244089
0.48448839755938067
0.35983971577301632
0.38177944359922267
0.52182251848729022
0.48578620322360266
0.51161716725191442
0.47746546075184315
0.56307957359618332
0.5378616353724418
0.44391103415538702
0.54984110925685636
0.50820425891588838
0.52566691527934462
0.52041571265672515
0.51630560493876421
0.5354166503520249
0.47780551019469564
0.54807881583580387
0.50279654974753651
0.5243597522504122
0.51555378840213451
0.47432687325952438
0.50028995858929781
0.52610382423864199
0.49498516529460829
0.5123473874267308
0.51871994245505515
0.50074608334709403
0.47551734752904956
0.50206645804404604
0.51139641185779694
0.51673631672574094
0.48259808618838995
0.38019372936013646
0.36972571262087761
0.5357850343198669
0.48050271647658049
0.49104190826631211
0.56107986736431037
0.50163625075909857
0.56972439400025399
0.51358954167960202
0.49059607382210257
0.51999943729956077
0.53177720341114998
0.50650776419173404
0.53256905142118105
0.48643679805301498
0.44140517491641834
0.49348092452035286
0.47179986586326988
0.47981576391428715
0.46898493054514717
0.51317811582609629
0.51793579489839903
0.44192311716098276
0.49845886533392403
0.46160498785424969
0.51168760254192236
0.47683791789004054
0.51902050281563761
0.47730804028262719
0.51886961421707334
0.49375415142096002
0.52214846046301688
0.35033158796186947
0.29098095461315349
0.4489641682239951
0.47017036887487595
0.44908255159226779
0.53379895366035268
0.47363545863096806
0.49946555493701744
0.49182198025535556
0.50371470956295517
0.53386279757293986
0.47968210544583761
0.5103207745105881
0.4862283710889978
0.51540682345428057
0.47763486709128739
0.51369893106858622
0.54058264806297607
0.52566085127720497
0.48311867484939069
0.48835358371202225
0.47775359440492959
0.51965253391881272
0.48463478120953513
0.50552443767793931
0.41893632747170867
0.50199294283896834
0.51633946571456202
0.48850761511423979
0.49942894755504652
0.51242544561005887
0.51211580430277481
0.39168845681232511
0.34553725214462555
0.52782001254289124
0.5569744486219349
0.5110483504294816
0.48797380392856488
0.51184370180405814
0.48672291895414821
0.47218463725998638
0.5148220854802491
0.49255172708047407
0.47652578611969171
0.50483851141537039
0.58115049876026603
0.52315814475802092
0.51506453808187136
0.48927645932143393
0.49181356077619254
0.47328195541951512
0.51509169484225625
0.47800519873518404
0.47361560875283476
0.48725284523657775
0.51258917388365655
0.51170166072722034
0.50007753276986167
0.50641262499437023
0.50738365363382798
0.53897287039521558
0.53190853956230433
0.45478614866848938
0.52635746824993257
0.33734071460546311
0.35213465597535454
0.50728898851667203
0.48820728826300586
0.57357159373612299
0.50520481358496905
0.53772797050925558
0.53550652226345841
0.51884018723265724
0.52673918146026222
0.50063928697430793
0.49340979372781341
0.48071610840948509
0.51564560714382046
0.46650190267560865
0.52474119641685246
0.49015942310533878
0.55837702096779052
0.48644580636005497
0.52051014010150198
0.5243118507660034
0.51577701707850521
0.51474250398336796
0.53885026950336079
0.53440677090752464
0.48731381048193773
0.5121341644807017
0.49536071101453727
0.47148552589534065
0.5144529922663299
0.50900824266217715
0.4967267997671595
0.39081098224981464
0.30589971453134551
0.51353300353028142
0.47833186800651833
0.48829969665407774
0.53251607761426911
0.51106646510537446
0.50442967347675793
0.48555688510352424
0.52029786855042337
0.51027974599057901
0.49217335775537635
0.48304890102375325
0.55376105266947895
0.51528935293132483
0.55926981289202793
0.49610771832415163
0.50655505010778878
0.45423924744911903
0.51399483643200394
0.47808351951803169
0.49183053163620394
0.56258618675753036
0.5090722882582881
0.5214700139702978
0.46791482969554216
0.51134611425561804
0.49907178858045298
0.50754255969402928
0.44912213632671943
0.50182603556582028
0.48568628246001133
0.35102769385466681
0.39519204445520989
0.48776336402253473
0.51634286565798748
0.52503000320369475
0.50687306125616149
0.49236495416387216
0.4950914737395159
0.47467697433364409
0.45646101542137035
0.51927694554841231
0.51069239456395255
0.49396620325459323
0.45425751284207855
0.52223083006636939
0.5465418050195826
0.48615444988130396
0.49022641086709134
0.45005932842840307
0.44601904739455089
0.52050709730300171
0.48108341859060166
0.50877169985749826
0.45820826157943717
0.49526207899647656
0.46239026910018272
0.47647107602566335
0.48344841241311859
0.48692966097890622
0.4810991728715574
0.50515062100059271
0.50663915133336357
0.34857883908707055
0.32845739156664561
0.50721281022944253
0.49972328247090136
0.51579831048117331
0.533533882449027
0.49278647140331422
0.50181884158905554
0.51023289941062899
0.52798891512995738
0.51186691267534035
0.54070038366559725
0.44674615542075186
0.51583155944934633
0.52635040154617097
0.52251335290509726
0.52801258541713025
0.48061593071977571
0.52018365863202143
0.52491687687278044
0.47409570953518765
0.4817296618107772
0.52203160260007719
0.49288009139127592
0.44936549983259544
0.47829560955786915
0.478096235875833
0.49131927900958045
0.52222367595287622
0.52331887444947645
0.46667915711909519
0.53859824407758705
0.33487595287711386
0.36424147641791071
0.4772848658362307
0.53490212655534342
0.48371650355557866
0.49812244568265918
0.46687987604187087
0.53933781065554209
0.49873281898736133
0.50674808068505128
0.49381910584500821
0.5150539585492353
0.49650192539071375
0.52024797200990214
0.50011579496970793
0.55813478484201595
0.55251607141826442
0.47866844924289276
0.53533801206154175
0.47412209579409831
0.52654630688581527
0.53265615416616907
0.43762697256675387
0.45887084621691221
0.5340751340791835
0.51346340076072683
0.5572590621125969
0.47306017536401124
0.54129887499233542
0.491139779132785
0.50849432422296892
0.46005161231518982
0.32152101614925227
0.33115630575953947
0.52035077832285659
0.49663908126561845
0.51401992396935159
0.50100952999558168
0.5214498033259618
0.4568522585810591
0.48929993567809166
0.50964372190617369
0.50894651090866572
0.5077063264807028
0.5015681676983933
0.50657025964317304
0.47680601005947038
0.50616771346388445
0.51209621466419375
0.49823546557608456
0.53904263081537684
0.49260391519895336
0.5255504447197461
0.49895647218440919
0.53018647560898036
0.54114566015665266
0.50794169314823046
0.48489483040725412
0.58891094560062174
0.47581975458282399
0.48298175278121014
0.54323036227005694
0.52560351656746718
0.48381550908146131
0.33741951300230161
0.41607288926334401
0.45560050298862809
0.50106197437733369
0.4810641969617358
0.46709708498671021
0.49367790295029318
0.52327351658850629
0.55270263061968306
0.47677550732141916
0.54179930001319387
0.48454832685849725
0.46362491175317033
0.49319065752143976
0.50970479096856258
0.49526258850517252
0.48311521775646366
0.46322371730985301
0.49168042039137655
0.49314691779544378
0.50610404301288059
0.55360508426204169
0.53013750089409406
0.50113195793863952
0.47374570919767661
0.54865569746938592
0.4913983222589216
0.49823272737324475
0.50819995186458589
0.47698300765210527
0.53257544964813774
0.50166231297180375
0.3187573386285118
0.35454581608424257
0.48479967968048998
0.47540158517807585
0.47431870865861708
0.45212139899381132
0.50605587394263807
0.48485617694130834
0.4978161439123398
0.50479978261263425
0.48030778335605745
0.54205914169561653
0.56145291174128598
0.53167836380360722
0.50328978922935697
0.51590494649911067
0.54920995839902742
0.50410081331858803
0.52781315452545885
0.50001369721072286
0.48578602753025801
0.49559178361122436
0.48116000228629452
0.49192951844558008
0.47555044255561513
0.51381710380071377
0.51678810078256632
0.52988835056432415
0.51913782205585068
0.49272695146996098
0.52196854050169206
0.48974544682854021
0.32964544820126712
0.32787084093736091
0.503658303310483
0.53754939211255237
0.50426112928135869
0.49371950998220604
0.50194888930184467
0.48862918921847731
0.52661180628209747
0.47858631093514548
0.49775848153021346
0.55550161222850791
0.50519773732720152
0.50525116123498515
0.50382704030745096
0.5165671267096803
0.46640591311315643
0.50847321245127175
0.48386864259711088
0.50856635056893562
0.48790092664638579
0.51109210461023047
0.50889352518070019
0.53004136077992869
0.49910053844707369
0.51528081169531059
0.49381722110862164
0.47377572953774677
0.50578345726617902
0.47638915718646974
0.46982014273201239
0.47064935763830634
0.34524876857988041
0.37563981668896135
0.48640961088263995
0.49363291359126255
0.53632974436425573
0.50664329728235402
0.50241599909782708
0.50480466202093421
0.4766544850588903
0.47817705271310351
0.46223305752762389
0.53325938906302139
0.50886021846009966
0.51476444131881693
0.50687583234955935
0.49573692004196851
0.46691011403236049
0.50558252004905713
0.46965545332952929
0.47137295636154719
0.47577463642981943
0.49415645859193852
0.45780204815699377
0.48173157479900636
0.54261734657691296
0.49016424994571095
0.4560866499832541
0.50400918636903247
0.52231872639555721
0.47029757240324777
0.44170065646593482
0.47749176651463926
0.34611306025693267
0.3543963408446007
0.48702141210382494
0.51313054050260976
0.49424914237986473
0.4670818774176424
0.4989558795437225
0.52510065415128582
0.51521533098311023
0.48229113440608762
0.46344465035753962
0.53166340055421724
0.52216269744087251
0.5038542738600138
0.50483507304249775
0.48402262801786039
0.5127666164240664
0.46703460836403354
0.50666685329048999
0.50598732824864734
0.47956932443122918
0.49817672321779299
0.50442663749257499
0.48956654154297841
0.50639036376563951
0.50760221702566743
0.52104343551374421
0.5079083453354083
0.56337937437902752
0.53590488143925674
0.48879697435556246
0.53126702943533932
0.32890232100002181
0.29954836339363533
0.54926878355173192
0.56269240817186827
0.51540548068881897
0.50718662582633267
0.4823720780211832
0.52646321614414859
0.5318444515572226
0.5283719423703952
0.47746576209123859
0.47528004428900761
0.4806782821583977
0.53025404130948894
0.50733859058099751
0.50240432503423671
0.46661386265358257
0.50123300183305475
0.56055155149671054
0.51904382223499801
0.50955025185062786
0.54957591472642786
0.46391452718786003
0.49868153925319231
0.51499733686028548
0.47738647629149467
0.48017807372201271
0.5119045486791145
0.49993034564225908
0.50759076668254111
0.49502324943438658
0.47559582097704933
0.35180090949153087
0.32973923844937875
0.48365538948541686
0.45819286340361748
0.50071780675597055
0.49834165560914923
0.54120929645782512
0.48661994478696352
0.54201895612751705
0.48633478563020288
0.45235088041934812
0.47511308390613904
0.48639920772919326
0.5006714962483807
0.54408149554295693
0.47888226913496257
0.51581302378801086
0.48454308151760939
0.46596962681182313
0.475895548212594
0.50835320449973387
0.50282270918723471
0.49617212024060164
0.48224777171318239
0.50891603660937434
0.51768494235332108
0.53556407793016791
0.5411037025815314
0.48985768925633771
0.52730180847162478
0.4923963344007326
0.48828058915543981
0.40009453653260035
0.28915875235984545
0.47979333566930787
0.51050510361363666
0.52421051708565947
0.51898893526233814
0.48420025057006716
0.48516761835135902
0.53599977168253121
0.47339961491232507
0.52469176518631655
0.52762630232143404
0.53522373364374221
0.52928432602724929
0.50789747141987651
0.4924598561579468
0.47224449366608123
0.50589076366142816
0.47223355434806102
0.50185923321719472
0.53834007950837259
0.52456643623569499
0.47987912507827685
0.55733429298487314
0.53361610997796161
0.46897041465341116
0.5011860187577718
0.5452658650904223
0.51260181020327977
0.48141314643850236
0.45604035364293655
0.52131895127342232
0.34317805705640175
0.40705378463603675
0.49680066015320257
0.52076182312333119
0.48355916289153006
0.46663284480557604
0.49961831571225312
0.47621782417748743
0.50885550869291452
0.49888876795203213
0.50733001274487599
0.49615006669169837
0.49182825482858983
0.49260014133369112
0.48678301752538133
0.51362110588280085
0.48826343489754059
0.50957427248638354
0.46803291968085348
0.50246696691104176
0.48297358051323153
0.45095887386675482
0.49311828153257525
0.48031384156866747
0.45709681173011146
0.52994464201770319
0.49164353329069055
0.51350065426524572
0.49201397970417843
0.50024008261387609
0.47769717617278085
0.50241960218020365
0.37129771597200134
0.37176870003484747
0.48051681431199
0.53542306164741327
0.50902347500925538
0.49271069041342241
0.44192070154628776
0.48593508126789209
0.49625235275510671
0.52230092460606192
0.5108932963227133
0.53804870049853937
0.52544291167087598
0.51178465582509169
0.47808990997326012
0.50603401426212036
0.49780521572049086
0.54374893946222025
0.49351159100503739
0.54276919300957982
0.50277885096686514
0.51960697686079294
0.48277468812608759
0.50625300911891769
0.53944625069562924
0.50981011758114458
0.46781699255430081
0.52044446632490082
0.48843745400800043
0.50684753466719312
0.47096324353466051
0.55314995224772101
0.33826060662432295
0.34384400988695524
0.50924787195818588
0.49548950972631156
0.49607391766271547
0.52103171894121958
0.47718461636444054
0.48356529478651467
0.52606448043135334
0.49706992293839664
0.47050580498243583
0.52169305519095488
0.48384413773746671
0.50567762865580057
0.48417607712011929
0.46498370427037261
0.50693939273551314
0.53734478565437105
0.53675970517364024
0.50731627587017036
0.48992323609973731
0.47354967577418433
0.54460692477556361
0.50381802910622631
0.5321345648510587
0.51481099067592917
0.48162273888634272
0.46067053401107838
0.51024988870677757
0.53234274371725521
0.48213817703226086
0.45494719162736619
0.35714568055792389
0.3229144421079469
0.51105981920006582
0.5055602763823569
0.52603895756579433
0.54349364710560077
0.48308045839379038
0.49585716109652361
0.53267595162048498
0.53466074267861152
0.56696180484402148
0.54842977481604838
0.54385838931523933
0.50852361973653237
0.44802087070184038
0.46895209409440219
0.49689681618869436
0.45921927953047442
0.51975871163852116
0.49728216983046319
0.51518260871043775
0.48812718586200554
0.51681725299169345
0.47727893900786322
0.47700589022696288
0.51705085822581542
0.53057790571371399
0.54266677376424166
0.54418891662179625
0.48586298993343335
0.43674224930346722
0.51964079432969679
0.3994764681202278
0.30712157410350105
0.47438645377553457
0.49416476186762726
0.49325148442937167
0.50650081435393968
0.48831270461781789
0.47472529097390614
0.49999156277324847
0.48507697013312162
0.48867723460022744
0.52233298981107434
0.53065285500979109
0.50224706523084828
0.48522820068693923
0.56752162573173448
0.50921803208382121
0.49100820918502319
0.48351232433953201
0.53607205259648771
0.47613881789279716
0.52419531855521528
0.51553548406165839
0.51915397143613562
0.54838549436788175
0.50415253114226366
0.51718727436300116
0.54618161445372759
0.53693738559990989
0.47221083234450806
0.48199946020717099
0.47966418007520545
0.38588948931480821
0.31330373430881431
0.47150062104291179
0.50995559503981258
0.52374684864810639
0.50880832055250202
0.50553817618244479
0.50823187329096375
0.46811015474965678
0.50628352776235075
0.50044942942827297
0.51752580838248019
0.5277284466473684
0.59696898753300986
0.46685899248488311
0.53789308999582386
0.48096796247529328
0.49470074506787104
0.52136369583738817
0.48646156355250814
0.52440087074946051
0.46523858402366869
0.46379874358523937
0.47821413971971621
0.46420480987408169
0.53207932629109722
0.5172201960773497
0.50138374566350863
0.45436173790011725
0.46772732642995446
0.46486154065571339
0.49498829712690945
0.27797436261546327
0.33675792840960628
0.48608802476614255
0.51677826532169846
0.45755326412946379
0.48568932566197587
0.51344332040191698
0.49667007514590106
0.49296070693203264
0.54750369332574944
0.48713899062202515
0.51018796938532274
0.50253857211785824
0.53519662939243817
0.48520976731256715
0.50560556988098893
0.51254506140222855
0.53292069933658359
0.52149018022911398
0.48999122340531032
0.46109650181632533
0.48220921326491911
0.49504065053165391
0.50151008937748309
0.48539634694256439
0.52449280963510747
0.50217932513114605
0.46788380839362698
0.51270626953615595
0.50394276551147177
0.49746669461066395
0.50440697038286186
0.4034520008168796
0.41041948313047855
0.49955851561172931
0.50680273187803859
0.50801287588840427
0.53013088644239781
0.45524053425298711
0.56417261918966
0.53300820412207839
0.47892618228160694
0.47929647725344626
0.50323953215755979
0.47776441456076724
0.46903859833813888
0.52578293768125184
0.47533481603687799
0.51125457642503913
0.48867981635535102
0.48718172247493513
0.48259253835670973
0.4753426999109846
0.5063291009382872
0.4874286218502662
0.48211721132467333
0.51906480444513881
0.46763157323312854
0.50309036465179546
0.48657025904752249
0.50166234533594467
0.47337507823456482
0.48041284144641755
0.52483362754472351
0.36047910286313295
0.32110355683418251
0.5560021357017928
0.47285089093672272
0.4944596073205903
0.55341868043371967
0.52058481087007424
0.53442856173520192
0.48578972037343865
0.50760162773052664
0.49322956699336984
0.50498318200841552
0.49160067569595584
0.52308704521436
0.4990963329862847
0.48751082135834406
0.49846555525609781
0.53529889798639019
0.49388057130029422
0.50255763215198157
0.48405347564810408
0.54128069413400026
0.49089587845575572
0.51087023091857009
0.4760218115394102
0.50016305852578424
0.55010799648607733
0.48791886221969122
0.50613703690664735
0.51696643278361865
0.52032016051532415
0.476724632332442
0.36473797294048277
0.34509415444810482
0.48470817294040958
0.48707316655067151
0.53185129100342954
0.48662472521977357
0.4784013698276724
0.52588302944752452
0.46991693706499643
0.48840658474499615
0.48444908377752427
0.51168972304459537
0.52320020682354018
0.55532147924732456
0.46004680984139712
0.52428623507935579
0.53577812337301511
0.48613699405973199
0.54767968922606325
0.48995103295220693
0.52069317103076074
0.49276572001834001
0.49167885793502575
0.482941577781136
0.46425366589338801
0.49960900776896772
0.47017019695155515
0.4662409513030647
0.48502522804307491
0.51610048981536716
0.51055718214300505
0.49786424707483812
0.32930913669411499
0.30142842300603284
0.33685862814190992
0.33640251115369879
0.37642147139505255
0.32615876339389721
0.33311809311870416
0.31600674752411173
0.3976883189615078
0.34817163136203322
0.34962249753874508
0.33624693812100825
0.39119163229010556
0.36412044181372771
0.32211562686373685
0.33061987113638586
0.33991761128293435
0.34374560893156236
0.34687200062371987
0.32286723523004529
0.35938138446273971
0.36771525895643037
0.2933313217145973
0.34885498179407942
0.4216269365388523
0.36683997954158798
0.33625343425423088
0.37573346058693652
0.36369167318043111
0.3487037352115353
0.33688533005927573
0.33140677549435149
0.27150750439925436
0.2185993955228569
0.32176752629838723
0.35116249538276945
0.34652225321002589
0.39287212229136242
0.29446816704228962
0.33050738143860647
0.32050374104431861
0.36790156292774234
0.35146822308656206
0.34282662084200066
0.34710162240504927
0.34263928695769175
0.29578168712894398
0.36885210332950286
0.32706764865461779
0.34377946744379889
0.38511046694098255
0.35088582335927626
0.43225912088429053
0.32593601994645505
0.36625953623410101
0.34808888328087795
0.29978153427797888
0.36746504744899766
0.30409340641260774
0.34994882764525775
0.40312459453099558
0.3470730406318368
0.36163623694926955
0.34873023355637223
0.32075369416234212
0.35265061968181927
0.51896248057171424
0.47144240290970424
0.48061918519815411
0.48525049027522094
0.48472773354308574
0.46588550762880054
0.47880233425263263
0.51204122687908749
0.48600754566711474
0.51259888365501771
0.5432943161710222
0.49729410615699343
0.51162132094335289
0.5173264380916972
0.50546539369957422
0.52233128233521753
0.54972425767719535
0.46704497220344487
0.47641827864385772
0.46820859942884074
0.45221083124543365
0.51182038098413385
0.47425263728170658
0.49307880913100982
0.47219167286307667
0.50602517372453748
0.47533797582342618
0.50142609964898677
0.45169454693970146
0.48568872718739042
0.30968706665307649
0.36474704942575265
0.52760314480090764
0.4825222533160628
0.49467164474239228
0.48202999006110503
0.50707375781496133
0.46711424119937428
0.48249036300443043
0.51574125100315593
0.51087264475553418
0.52087991408943057
0.56466357769767883
0.48300777720185661
0.4728892999528656
0.52486660543985342
0.50642349198590342
0.47955884957378353
0.54228194233984772
0.47122988877492455
0.5018730613211474
0.54135997354166476
0.52931153460475477
0.56655453809697098
0.47468409892471675
0.47984385079737163
0.55765517737576853
0.51571575804008762
0.46245056928016731
0.47174187736275514
0.49818928292930315
0.46668848443651267
0.35244180411320053
0.39559735365059112
0.51952711013961861
0.52146798316138321
0.56350226573903295
0.49007461570160499
0.56097726159689265
0.53911157877574545
0.46821619630077432
0.5330951205865716
0.50101662241992473
0.49161337596768823
0.52520489419838934
0.51951841328602566
0.50367117468828282
0.52614524217771463
0.52081451610032159
0.49543250312308157
0.52225139176234503
0.49688555855823235
0.49432898057063906
0.53763941257605152
0.48867324817686508
0.54441234733493937
0.50106701744826454
0.51372960705688742
0.51750398168595013
0.53112745563025632
0.48084768718029769
0.47996298589279129
0.49567080155780008
0.48469036115959291
0.33268953838019211
0.32877083884598618
0.53156876449271062
0.49516004756444776
0.51780338028379191
0.51439637803681304
0.50565046160740212
0.5096762918761969
0.50958445771021799
0.5193613124469546
0.5092312041870487
0.54732898514756156
0.51192255059037117
0.50487251007963718
0.55322830177114246
0.51429578853337043
0.50601016904654972
0.46399711371046365
0.51125733324295242
0.5364296189651262
0.54875696481826053
0.54104328595532025
0.50866271653470185
0.50268458992829612
0.52161362425750946
0.45491335634120306
0.47586367880480218
0.4908669823114698
0.5148228867347231
0.45289022433644777
0.45023177566936362
0.52105870266803656
0.36481582640400778
0.319869508153937
0.49985019079241716
0.50564613108094492
0.50521294582942566
0.44136122623441598
0.56156461579658201
0.50848452676699607
0.51565101654648171
0.47185448571420108
0.438150511837061
0.47651256874263892
0.50179565059205422
0.54134892032412818
0.51485306750905335
0.51106111015335154
0.45920818711899636
0.53006873709089219
0.51928009469651781
0.48993578851765995
0.49587913059624544
0.48618601098238118
0.50322349026471125
0.4873711976065952
0.50049855012499223
0.46647663811574419
0.48951885831735908
0.54105257933427753
0.50501205192571386
0.43352776553318645
0.50840643775101313
0.53771339430864173
0.38863708986315798
0.39675402660680026
0.50646005881786649
0.48381636057696042
0.48896391597789041
0.46928047318388644
0.50475073478292676
0.47885499992906072
0.50873527973993893
0.47818408964525799
0.48644222500029144
0.48832191687214083
0.51241379073574977
0.55879184125108927
0.50486805583615202
0.46869660609913877
0.46315240133105684
0.50005253734668198
0.44124719573804239
0.52767935124927967
0.50306465131278744
0.52559891206549092
0.48074470967309818
0.48248039231953216
0.47310320446772164
0.52280401020095657
0.46554017851696233
0.4561317372458778
0.48480655934472455
0.46887194020580508
0.48836877645690574
0.4581453519394616
0.35857759079444712
0.3376633791319113
0.47600686604575421
0.49360708818671745
0.46786078735489767
0.49209288517455452
0.49384563321670039
0.55944117882762168
0.53739854663765529
0.47247757710843669
0.53626375225171763
0.5209771767125998
0.49750746075441232
0.53087669071042642
0.50732016467975405
0.47925917057613798
0.48660584075033658
0.47143379542694874
0.49862535527162694
0.51906361874362639
0.48069983107248021
0.49470086046527262
0.4658033567094097
0.49747205089345392
0.50338297426454304
0.60465766149342615
0.50044118034102347
0.47909177583374252
0.51271232210961959
0.49108907480874808
0.54409138483824482
0.4729564767013073
0.30174975079575089
0.36827862048994514
0.55908052559674126
0.49244441763263236
0.55345323900779797
0.48575051042099188
0.50154670666635104
0.48333279736408175
0.51360141112730218
0.49582545813468432
0.48546369588833865
0.49565346475203476
0.48363027276955955
0.49066227970956572
0.50155572186595365
0.48677467242665506
0.54264382269023803
0.49202139924775173
0.54592367380119144
0.48766475514436169
0.48911675629718632
0.54285691341583109
0.50369994329873513
0.48710745849714221
0.46983578411957383
0.50202961315132533
0.49170575831804392
0.50952932727711198
0.50147322399580374
0.48221011660195767
0.4866436958556557
0.51052804747784186
0.31104357205424332
0.30959410910035939
0.50437069765800358
0.49182006942866707
0.50264463148657457
0.52630070898203074
0.50797822094856415
0.50276677887432086
0.51697448332222951
0.48651797729349683
0.50892785846529498
0.47040758573636532
0.54396499401135723
0.52398369775879117
0.50733090833990768
0.49726025578514371
0.46837566791424207
0.4923820131165722
0.51227696161734837
0.51127186466049912
0.50896813961741794
0.48924555315211671
0.49284940482537204
0.564689638265371
0.52752487064799436
0.49833991665486355
0.51789712887602202
0.52206562767251918
0.53120599824255765
0.51621180518296095
0.48621737667243298
0.48129735362303827
0.39660355517253199
0.35064928901205167
0.48517442223476775
0.53444478950733199
0.49423666762618612
0.53288993818844921
0.52057457540845964
0.4671488486638441
0.47986194820035011
0.4735188511143737
0.49573450974106242
0.54642421665291296
0.5383186157896751
0.48915999111841807
0.53426161524684557
0.48920601875302316
0.4679779382139353
0.46331852596472051
0.51746872491115503
0.49040318753606987
0.49331803684975312
0.52139624607249702
0.45672648128437354
0.43834697586510135
0.54495622662691046
0.50180889805872475
0.44471660163005272
0.48362771026311763
0.47272687694178495
0.52029867347929393
0.47470540804867334
0.53301051705515712
0.31230383054288052
0.34158625458535119
0.50247170373599137
0.49075467721921739
0.52392324981507887
0.48233228433899888
0.54702487877214967
0.50149921684615817
0.48053689394024185
0.54380630869856228
0.50215101806867835
0.50106920377159692
0.50228898626312191
0.54728617795941137
0.48576144347670819
0.52837269195537551
0.49638993503447021
0.48070187160462491
0.48116306219654242
0.47824015349441285
0.54826702560003271
0.48484397259275752
0.49103393965319841
0.51319821771849483
0.49663784686579704
0.549004154170467
0.46921967685451266
0.53630505630522374
0.45506617206961431
0.53766366016476841
0.50210739918053493
0.48385596725823959
0.39057611759004912
0.35658203244917969
0.46444098919255683
0.47470354945717463
0.49675292602510829
0.50261031172117621
0.45720469790843599
0.51830555656130928
0.53898267393964872
0.49247694203969766
0.51346989197801485
0.5024257164438104
0.52166755128660969
0.4983138013283489
0.53071815106136111
0.51343083778789145
0.48588222780678259
0.52307021703288115
0.48833979718387555
0.4981156046969874
0.51889450963426442
0.46817174854069604
0.48393429891686612
0.51430101804784256
0.51745465407221658
0.52395437932364375
0.4702237791350255
0.50508183429434916
0.4585590106340145
0.50639429468985842
0.52816850589392894
0.48027475359876465
0.34058018098484344
0.38852345933586657
0.46087105432903441
0.47781078968085561
0.50321920499214234
0.55004466877234393
0.46959374381135144
0.50560276118071468
0.48229281139082281
0.4865007139601833
0.48376896167683847
0.42351478487816846
0.47961885264134763
0.51291015460990974
0.50431971999522784
0.46704801095766796
0.50177299309089118
0.47168725720610555
0.49744018177827809
0.52089916586604912
0.52439754531479443
0.46399877612117246
0.53419252560408093
0.4628901590800254
0.44737073266765603
0.44583946254741808
0.53080315691495272
0.54161712219162639
0.49228298751732008
0.53144666966234633
0.49646118819606272
0.47207562685153426
0.35293042560190269
0.32271533508853018
0.50151203632369146
0.47621565027310631
0.53003320706111834
0.48874150139985262
0.47510337391318164
0.46916898376889948
0.48370707398056828
0.57870093225691577
0.44950514706220168
0.52072631556499005
0.49676256089173215
0.51144167681882102
0.52629417280289392
0.49807822463086049
0.46953276699432045
0.50518307357005932
0.52236847364141414
0.48173323128894768
0.49736603127654866
0.4760823821320479
0.48252418513226747
0.47863110428115518
0.50454318275514098
0.51077933956107346
0.5079135374596242
0.44379241607011538
0.51632952077676852
0.50755112342256592
0.49950207103968636
0.5427818136798509
0.41492442336788049
0.33408695626250967
0.50816374317349855
0.49574529291355834
0.48616975451629163
0.48844539273432869
0.50125715279728278
0.4496085351191686
0.49434109443011787
0.48003036434972751
0.48324334856361773
0.48428861671981427
0.4987656104139544
0.49573159662537214
0.51437095030929381
0.5011097575321396
0.48312176635927917
0.46418847492460558
0.48895856530526211
0.49212856747265094
0.48899883327944005
0.47341253442150216
0.5267272401641323
0.4965535155357384
0.4895849305671951
0.491833200315691
0.50370618525384669
0.5095155499473959
0.46593051472771185
0.50021439002342638
0.56010896155595846
0.44570212724644298
0.40929210262319254
0.29502981899837505
0.47244476324571216
0.47431572676673633
0.51799341173536628
0.48987718105614259
0.52033598732214448
0.53031875449771371
0.47947117524643673
0.4610354917424464
0.49234552299222256
0.51393552849238333
0.52845390045235641
0.51068763865364264
0.48055366650975684
0.49037180293948318
0.48957750326729133
0.47647452716626165
0.50449051655286437
0.53265143511350121
0.49909111934624983
0.50254393533164621
0.51018378139669507
0.49549463562955337
0.52400021845381406
0.48555314266159955
0.50404833575766439
0.5237064600285567
0.53067649392940053
0.51281282864061961
0.51739010743686598
0.49144640082872532
0.31269660807671973
0.35404603020926734
0.52445110642113935
0.48954929041313233
0.49685630769738975
0.48692319931484163
0.49619493918275576
0.4718304360559008
0.50265672053389232
0.4739985857080603
0.50102956818545252
0.49473244067191857
0.47788547769797429
0.5042348143207106
0.49146163170588164
0.47585944843695266
0.52519401625951823
0.47297255250514558
0.50319973285650832
0.49234769417472668
0.44346254280109421
0.50080043999576906
0.51974929180225926
0.49610037422591186
0.52444999068593623
0.48053584787072023
0.52335106647132712
0.46689426437135501
0.48366605267517504
0.52119894789670429
0.51268143278813161
0.5294172431005707
0.35170278322838078
0.31891251002622978
0.52124881680058688
0.50250414909404539
0.50936623921359336
0.46668264088457312
0.5185887473766948
0.478405353988825
0.47463754649931933
0.50608050897604728
0.53861820544412675
0.51311228963957334
0.47144981695534288
0.5429365710594789
0.51994497487591873
0.48864033412725655
0.51864592733058101
0.50913765481535733
0.55357301268459269
0.44426510006733894
0.51716633850553229
0.45496509909208599
0.4951779106224945
0.53327795246114984
0.4813663001587089
0.51051956118681729
0.50215137020790934
0.49245404540252247
0.51823882117243925
0.55018894775438054
0.50611712981791468
0.54543965833233399
0.33127704451557255
0.35156337385830755
0.48436883415248122
0.51876009626131891
0.47775002089124774
0.51796797059861321
0.48546597487819237
0.47965618344117394
0.50613653453620222
0.52694047940995725
0.51359857122972363
0.51907849872837619
0.53311333447469555
0.51904113796712525
0.42836970759499582
0.49108069241437485
0.51817981727701012
0.44832049763850318
0.47822776368604497
0.49236877453598016
0.4926635724657531
0.48757628669775704
0.49294780415103229
0.50828707860700273
0.52332268483270294
0.5506406560414161
0.47573724389505251
0.50579060089333339
0.52010128127634803
0.52655267854906651
0.48284325346134055
0.50316658743053566
0.4258767779423121
0.36767658822830762
0.4733746817645495
0.46808656513552549
0.4958515142649601
0.46940031231272039
0.51043434984366198
0.49791969106068462
0.50668745060182163
0.51670286315391822
0.51344329840082636
0.47411370514872408
0.48132445011706121
0.49173252710323806
0.47182095440831112
0.49742516865484421
0.50858469770694226
0.52247502367574916
0.49811505193915517
0.46522740073829383
0.53408656096320672
0.49688669663365143
0.48155601505945833
0.50516225512879298
0.49843131093410609
0.48924551100948666
0.48621719207422687
0.52704253910953536
0.43994991555907031
0.48592861999722553
0.51163981999160946
0.48601436283399557
0.32188240977644583
0.35935501655074154
0.49113795612329819
0.50551141217019513
0.483455404062893
0.50613873580041568
0.54385166520162098
0.53038975833001989
0.48749156323749993
0.55372605954577958
0.49717094098392728
0.52262195412186019
0.5076533826994204
0.54179882741782059
0.50017434078128242
0.53932882345012534
0.44807792031822252
0.53892209244375244
0.42947319717387056
0.5295379783943529
0.48520783210891971
0.50715412636432633
0.51783741561310415
0.4547939858442776
0.55214033720687605
0.5125293163750041
0.45259703761171621
0.47742463185869627
0.5033985584691989
0.4712584216676029
0.53346125305286174
0.51044683400210566
0.40680843654445437
0.33977731419431711
0.50058033763711796
0.49634306019172042
0.50036161637804033
0.46874981971533081
0.47092669236296691
0.51586061180583065
0.50461301249950019
0.52446402019175042
0.4972918250279254
0.50016175649562233
0.46194648827647905
0.5205417018503895
0.4994629341502082
0.4910984671142733
0.49211167168338787
0.50273405283905681
0.52231211024543267
0.45444682634926259
0.42490003597258991
0.50252681599256044
0.44439806163005863
0.49393266869084101
0.46750650424650109
0.4649186661078481
0.51182074505573039
0.50932162940225245
0.46008240563179781
0.50141067080968815
0.47603045226028734
0.44605693345325736
0.32215954265806657
0.34694956288542295
0.50857473870436065
0.58568226822023373
0.54716614257333096
0.49872838457998409
0.52910940945003404
0.46979086327128283
0.52958308584085445
0.54648693242825019
0.52850536399757286
0.5446040301258922
0.51238396507009654
0.52304232282553709
0.49381301225050489
0.53632509134808448
0.500320613139004
0.4830579483489999
0.45127847412220523
0.50919173378753357
0.52395798411225969
0.50211650157997334
0.47565518423939457
0.46136990496161695
0.50877570394025062
0.46603046624197586
0.53029601085904521
0.496396453302135
0.49726191707494311
0.48461662566018154
0.45889112818123812
0.48273843800384603
0.43824858444901843
0.36167733415142334
0.46995618538364209
0.48430293074371422
0.52941458600744817
0.50947784144726049
0.50184190068794399
0.49949857732192243
0.5161308766352305
0.43790372273120493
0.52543324327980923
0.49083577715026144
0.45351733422304402
0.48660499853867445
0.53864012872290745
0.49786610364491163
0.51062101877681054
0.51329870925509502
0.50990628108392921
0.58910258689723538
0.52044479409748434
0.49000433649189795
0.4834291435091817
0.5089897032997539
0.55382962453926299
0.53443425209374673
0.50999871564762944
0.53463040881459678
0.51240060393193188
0.50690780965850846
0.51897628914298444
0.47988157790051927
0.30795193924993564
0.39954646103427743
0.48942631182431601
0.47172186359427837
0.53294952214187485
0.49887170116328844
0.48793851699914997
0.52625447804009418
0.50144276253636211
0.4897520864265465
0.51615338120132292
0.50526879303735572
0.44974016542650486
0.53075283733386769
0.48604133641886554
0.5237820708137042
0.47229848789018941
0.465565382812617
0.51174825122331924
0.53730329794320431
0.51216384208548749
0.51257478362691999
0.51252811785862484
0.51563589633611151
0.50654185463715196
0.47924656922232295
0.47604138232564502
0.50089409783435912
0.50897862464505317
0.46080886890209172
0.45889189811062447
0.49009313793075976
0.42227393258714485
0.30131800768199124
0.52384580033026895
0.49174368180843198
0.5326221158534854
0.47582113964316591
0.47855360597205315
0.49287595138135332
0.50752530232364856
0.47698217193058451
0.50226952070568942
0.5334548195987916
0.56428803564559171
0.49944703887935543
0.470649354192131
0.49583069128900048
0.52821947921715584
0.51002178393575293
0.47341895398536282
0.51261653644211669
0.52751465978766732
0.50765995034920897
0.48957266940050659
0.49617183267795584
0.52697483878489959
0.5122454657798482
0.49126426249432165
0.48612195589991986
0.48386691320084202
0.50987464613803646
0.48059690881918782
0.4954480063099797
0.42313203248413195
0.32854970633624048
0.49706305011071972
0.47378624307980094
0.53549862426299399
0.51350583028917929
0.47367251160881391
0.52048448639764255
0.51673286698737486
0.56584583078278627
0.49511665389107568
0.51049362911302687
0.51025025810807167
0.49267968948650065
0.49330975599093546
0.5097145816970341
0.52137545822858866
0.52916012946168345
0.48412858773367823
0.47426897891108855
0.53679623309667557
0.48410419330261889
0.5198112064540662
0.54271681385664283
0.53783327830477035
0.43144147386901871
0.49705257032085393
0.50690014459733346
0.45954758432939291
0.52690631658654485
0.51481434271395154
0.47976149726744227
0.37798439695949038
0.37503871037396547
0.49435314605902614
0.52321062718162492
0.46494966344451499
0.49312705387441808
0.45278425183905313
0.50864463277350014
0.51244760057419281
0.48393351157347414
0.47713056401466741
0.46629161516387979
0.5177367039803874
0.45758451869329203
0.49659183452359562
0.52875174869088704
0.5060638146774894
0.42941664905566973
0.49886509660517575
0.51943642117925759
0.44486158057486452
0.53703041524588413
0.49436769423813409
0.54936314053996893
0.4496508855909459
0.50674465255039602
0.45002754490150659
0.51561692030822137
0.51393565980486888
0.53286720022772482
0.45843392542352784
0.51100724009409504
0.3613951252208033
0.36342436992017735
0.60628054531939968
0.49519794621773611
0.50911607240340329
0.45088158404199052
0.4756401349080624
0.50095009329023932
0.48083388798601501
0.46319911511472944
0.50707189214995596
0.49178021211232997
0.5129458037406015
0.46991171247135788
0.4561229940667802
0.49392853772199524
0.52479514525918214
0.50550997350978366
0.49844515101600884
0.43732963578625556
0.46113133945075124
0.46536418114292888
0.49848179436590589
0.50832543551383291
0.50711688557009083
0.46621278874896249
0.54663189282359326
0.51635087486252251
0.49966253254049026
0.52572578228834999
0.45755142130332366
0.53605194858281924
0.39315877434145569
0.3259219525189605
0.56743375001767649
0.50138094671486755
0.48958793688298596
0.52962420442563285
0.52317410334798131
0.48929576292199595
0.49632175851463511
0.50637090813576735
0.51947852544376394
0.48642063930295831
0.51859244135060611
0.49196735866121288
0.49745493344771868
0.51690840446358355
0.50641323287311735
0.52112405574993226
0.53474680684471942
0.48425243807606988
0.48881232793912899
0.4650350349060815
0.53703724874873338
0.53865749410413744
0.49252223625550273
0.51683943272772426
0.49996245831017633
0.51911534316882701
0.49196237704426532
0.50941396925133409
0.49367680741368375
0.49541900471138933
0.3844206920840651
0.24232035301329283
0.42767319352862709
0.31371403121278818
0.33762580042375939
0.40197710338847964
0.34782685838502236
0.33832779723651157
0.34320155466404201
0.36225866162939524
0.35229186979610677
0.3745081140522778
0.3647413390275327
0.36954382259394741
0.36403000410434538
0.34089916017708666
0.33736219421581282
0.37731817268430118
0.36030167860741374
0.32564908409309695
0.36628198638724013
0.33347321794245188
0.31541955723854681
0.35448294613143627
0.30134689450186747
0.34986696540610274
0.28262021140002086
0.35257348803318755
0.43832629967728542
0.36198036718720666
0.32523304367925299
0.39124807694209507
0.31984820322440094
0.24961516650006196
0.36376672521188697
0.39004636042756069
0.36200791191785386
0.30640958049436551
0.29069776517450285
0.30042522571201757
0.38812718840720822
0.36451469234288264
0.33600082734947406
0.34783268855008176
0.34848535939403791
0.30049982206991616
0.39286640117055427
0.31928111058016301
0.3070467667970031
0.33972972449982974
0.33580418494745318
0.3418522627365066
0.37287978695233598
0.3141434087256611
0.32532763549878918
0.30624294310159023
0.30419328499183734
0.33440515826581257
0.41151248509726635
0.37109366549478234
0.37349471925431887
0.33710770058687051
0.39203922896407845
0.31163834178365624
0.24755855812120026
0.38796372680830143
0.46457866273127196
0.49696622779079169
0.45100697271979373
0.46747298330852471
0.5200037589321076
0.51985368700197365
0.54169294467224782
0.53712751466644593
0.47075190916182669
0.46254644628000291
0.50510245806061471
0.45408386793413552
0.55736533629171447
0.49677932591538276
0.49795706694095082
0.54064478863500143
0.50363544553122785
0.46918219218337687
0.4697388121378796
0.47584469713416577
0.53466087442587262
0.49019235682225837
0.53086683632035125
0.53646731807555059
0.52053439796186651
0.45991794069322378
0.52097486347529653
0.45214171478716453
0.54422527162088985
0.47256196227779712
0.37270430287111977
0.38146644884384184
0.47614886687452534
0.51201090733691701
0.47159524639000061
0.49648761306535871
0.50251520213786172
0.49779749579473298
0.49982389291225243
0.48910851119969523
0.51229884855330166
0.52745390912142398
0.48674321166960904
0.52228346003388237
0.50499592041865193
0.45440278543278118
0.48612791885572815
0.52094447128935895
0.49947273163517336
0.4837161808542505
0.49437485713036222
0.45954355879522613
0.54601776006347724
0.50171077942197673
0.49204895808193827
0.49101149342356215
0.48049584299898529
0.51438637923798436
0.53257675671056515
0.48091918156497265
0.47225384777415735
0.4928769811562298
0.30252487419487289
0.3602744225711062
0.52991949187745357
0.49598125785597835
0.50240872906235534
0.50229888973165726
0.50940187023975814
0.51119635432316213
0.53974210891089547
0.47226260222975797
0.51914214882062248
0.53774468462665836
0.51093678958186706
0.46811953412961349
0.4973660551970932
0.49511688121486624
0.48504007420740752
0.47586798410047992
0.49005867688351062
0.49148941827374948
0.50163388142291165
0.45749760104484311
0.5097656808897203
0.52843102776661566
0.50208942590268535
0.50164600951645832
0.5009862537537596
0.49859411192832737
0.5388281172709638
0.52529657177340905
0.55691278425586244
0.48073339684583194
0.35782739495325455
0.34246931777632283
0.50783246151720163
0.50177644975474189
0.5200373107109687
0.50349640594124911
0.47964354477533427
0.48213779655724326
0.48003444213063962
0.51028673766895127
0.47613660178818157
0.50087919686775939
0.52151335856915426
0.56224155431574652
0.44776164355914172
0.49000982520112113
0.52067471448974456
0.48507266908771385
0.51021207917515332
0.51358091371862002
0.45714054222749773
0.49460821517993508
0.52217049198991694
0.4747382377681717
0.46943846138731898
0.46062846097766497
0.50264501034929454
0.47618155099526749
0.56075877710263911
0.4604757773485918
0.51903420343537487
0.50961882559351046
0.32681080205916496
0.31009993088107718
0.53555341387337263
0.4842808512058468
0.53039463721503333
0.50427193532279313
0.4509594773476539
0.49504646248191791
0.44770696391964671
0.4500136113545683
0.48874950868036854
0.51158519387699086
0.48219215493402739
0.51851987406555677
0.45608884896019197
0.52263332261153139
0.49387947921823688
0.49218063040367249
0.5259715937328141
0.51242937873346672
0.49224457234668173
0.5299335282077855
0.44698284087558188
0.50749506698189562
0.47883795757457615
0.4998108394637274
0.51300751062282379
0.49710606571826443
0.52395019003190535
0.53272304446608632
0.50389770204583728
0.48184240874407347
0.37200733158799609
0.31511477797555965
0.4748169750998612
0.45995559337148695
0.54418498607778809
0.52829109895397397
0.50781957226598906
0.52276970433965231
0.52929052221666029
0.45940506050334662
0.47002040954859731
0.48776453172986717
0.54585367979645716
0.50400688244490999
0.53514502036979927
0.49890057071581939
0.53491742367610051
0.47675556803388064
0.48922962960240446
0.524478462045609
0.52398204715297647
0.48188649873494677
0.48005634192916946
0.53046434159485123
0.45432587769944532
0.48501740940580479
0.46422786547330369
0.4688186465107802
0.50105271041873856
0.49677448460471846
0.49648017564177044
0.45104552658812214
0.35438031011832261
0.25621851296135467
0.48078136526193083
0.5310036769442904
0.51883593898516811
0.48605633848681673
0.56012161504690927
0.47667243434942241
0.49858035852270488
0.47413281055819922
0.49400224982314611
0.50348254063725983
0.48548878075943891
0.52790172886875497
0.50020941201704716
0.47835033376011654
0.4832059864539372
0.4995909682078965
0.47650074377538248
0.44182139234801082
0.51806596332442134
0.51511338021880348
0.53264828096413952
0.51078773885617368
0.49832677559740152
0.45246377946671312
0.4571554592129064
0.4802748614142387
0.54633636001694841
0.49050030900655606
0.49291278139025479
0.49510617273918106
0.39810135572401573
0.32359127873101295
0.48704809089885115
0.41672920513925199
0.47837659256565562
0.46998308111166259
0.54428886056642467
0.54390350913777796
0.51815550834282287
0.5025076055789468
0.54656127074002292
0.48956830393091605
0.50947533915414245
0.53744827534148676
0.51240353706571817
0.49335062272166902
0.50093632518977871
0.50600367334273444
0.46638974096944769
0.52113767641713071
0.51378110786796594
0.48899199712531538
0.48429755719561007
0.50238879508554724
0.51918263678260601
0.50142824686454046
0.52307781302807566
0.51299001618668416
0.5201170934582392
0.51787371430636653
0.47251575899330073
0.46917961754793569
0.41526239812933236
0.41391398644180466
0.51754894574882127
0.5197825692568353
0.48527067595886181
0.50585124770727152
0.52534870651604715
0.49714189189877156
0.49103828970406777
0.50321153446194178
0.47878547970845503
0.51073898013608643
0.49466902206526425
0.54744261902554625
0.50430183186872302
0.43072736967518777
0.48375900106906872
0.39586557089453223
0.52972831507917284
0.49724848736052146
0.52460181760151692
0.48610154149931556
0.48868102197118807
0.45843507843691
0.48496105129904216
0.52974276588892255
0.51288295986480847
0.48617027470376384
0.48562489765596528
0.52549528610521812
0.49222422965154011
0.48536370054053335
0.31270619671736444
0.33994127501469323
0.47013564972704797
0.51827373331406212
0.50542740192223223
0.49238442752723488
0.53511241821556677
0.47792815649190407
0.42690138343916639
0.49774846098286574
0.50946741414380847
0.50400108544345568
0.44329416569118202
0.47538227235433272
0.49428707633440405
0.51214842713335529
0.50625780262165565
0.52364002978543367
0.51038367372984128
0.49705409908927273
0.4436732370554487
0.52318237633461151
0.43614044609099434
0.50767498661060251
0.48232116018900295
0.48378043963869038
0.47147192648974778
0.50512627002803445
0.50418246162419811
0.52332943915082564
0.50155663469004141
0.51927140400758809
0.35225438777242529
0.30724862896826455
0.53252779167908482
0.49171359313029062
0.53658920986343228
0.48481694212054227
0.51550874702846117
0.47364895858269429
0.47565773559001012
0.48108439682419046
0.53821248435501701
0.4663275091477499
0.49106121997483376
0.58400295950584002
0.47419183374861884
0.50087615869570956
0.52353993271182431
0.50001185312201668
0.51603232294746526
0.47694134216189105
0.50308513692499057
0.51819954317867389
0.51547432440818508
0.51782197860489643
0.46383522442378683
0.42215226072945061
0.48661396881823288
0.46207184409106283
0.55117542342738812
0.51311361718366499
0.53255209317661067
0.45197098289584575
0.31572867273484639
0.30988711540197361
0.4736299785871857
0.51308382820573839
0.46479214797437668
0.44387568853191151
0.49936987001467475
0.51494873660177887
0.48328552432467864
0.51034120537796301
0.52604620529803114
0.52224002518236223
0.49813597568166385
0.50426234626274391
0.51405829688186089
0.47554829769108597
0.43525771406617492
0.50523692247786256
0.45018253809603426
0.48531386243408275
0.45758958812815531
0.51288470710170209
0.49366804006606163
0.47698515826345966
0.509480108309182
0.5493828094449974
0.50633500617846172
0.49832852889840706
0.47860854857578577
0.51105392400503602
0.51920936280305996
0.52107692768878322
0.39354024925242981
0.34739765664383582
0.50887231423965895
0.49518847772405744
0.54880980936119461
0.51251199405776038
0.53352034874598242
0.48590704506876536
0.51625710622353571
0.46812367411140166
0.44396918647510647
0.51459614146329125
0.49566776249462485
0.50560933090692217
0.49918613218603886
0.48115605561798563
0.50093913752989161
0.51525482048653426
0.49221481410259071
0.55820517364312794
0.52295747957568861
0.53521123807594606
0.48625399678498371
0.52992868742098942
0.47803965012609451
0.54095891592085432
0.52153798442733768
0.54699337454602248
0.52609682027579197
0.52423442444713197
0.5197535091192621
0.52525645415335176
0.35722938156018547
0.29722646843281159
0.4982540976489569
0.47702010187109517
0.53341360714954245
0.46577923165673601
0.5096017818592159
0.52147363028425042
0.45938758598370139
0.49112152746719173
0.49447211820264153
0.49915099430097026
0.44496528195163226
0.46657917218369382
0.55523944521642121
0.48129829404061453
0.48689828976757843
0.49803694768248413
0.494825807858016
0.47994295190060432
0.4939811651241704
0.51617179216656983
0.49172265778512797
0.50820397689789232
0.50340514480326515
0.48931199628007904
0.48525710126239185
0.50256889357641488
0.49240767384129136
0.50278778687264003
0.53936859606561005
0.50655314981600263
0.42867329471587534
0.29014868134522531
0.50555178190055294
0.47463265999213528
0.52887729793728899
0.48265718948336267
0.53212192393531155
0.46254541702637098
0.4729354380530395
0.50658999367024438
0.46189448076913336
0.47912074865599719
0.55759154261471433
0.42904187030787444
0.49292903201919558
0.51819138614239968
0.48876197701559787
0.51391598386655535
0.50466495826297764
0.45595531898153141
0.47804524991259356
0.55909483899512558
0.50747804618199444
0.49781336776587432
0.50601191048467831
0.48849807357156261
0.50061893630413712
0.52201597771845798
0.50920357680842554
0.47209212866317463
0.49260872284111096
0.48574181114213133
0.35853614047325355
0.38467081357747601
0.49735952035623343
0.50770013371237188
0.51681116443421438
0.50973935597880604
0.47938396997106802
0.53293400054982742
0.47032408062634179
0.4824569419149693
0.54863200894498898
0.49828607348706044
0.51082154618168141
0.53182204273540279
0.52518251120948944
0.51585587515776821
0.51232927521676674
0.51886936745404888
0.49852812496970772
0.49191356905853278
0.48963523356041039
0.51371445183893549
0.45595053055490942
0.49749967154345026
0.48341593141870992
0.48005995595227036
0.50828074312294358
0.4853912562030574
0.51456887851612254
0.50463180901547522
0.51854814545435535
0.492150197399158
0.40668840946285412
0.32123409463672431
0.48334067847249229
0.50817066039713421
0.51498561814999411
0.5157704958741739
0.51714829833868159
0.49254102989331794
0.53510491569146768
0.50698934974689081
0.49073163783663742
0.54660795541410856
0.51074962042154592
0.54573482615852031
0.50729530942966417
0.50934716728445817
0.47337606791087844
0.51199925377711142
0.4565753758612402
0.52896440263224742
0.49991629415465566
0.51459137412461264
0.47472620836418478
0.52258887212086758
0.50261582862913978
0.47664462281781439
0.48714410101740502
0.53056762343728037
0.48038207110011844
0.45882672157933435
0.51966479397178189
0.44255626844708612
0.36845854365584424
0.33649667566114921
0.51402867676773678
0.48453486532647211
0.49748386679291273
0.50199004506605427
0.52316095173668387
0.48285569930468969
0.50112204036171892
0.48243832426420835
0.51115759155068741
0.51579326300110795
0.50962627163568219
0.49383897309032659
0.53369696665399735
0.50491352852307625
0.46592330517472286
0.48525603545684132
0.45329142599277744
0.50925549182798258
0.45206094338667069
0.55243687133450226
0.49276803946599784
0.47404818514168751
0.51418250537974597
0.53562771693375066
0.48225961918372956
0.5229844295061149
0.52401116833177164
0.52885712374638294
0.51483322854638869
0.46542154746528053
0.45502725244893211
0.3567636313318126
0.47041209551000668
0.51631550818726046
0.49832578028945207
0.55025994875544382
0.48467042144557887
0.52569604207544041
0.52918666032465167
0.47652457309592494
0.53470508615782564
0.52550282712673579
0.47079725423681074
0.5136078028322425
0.49208889711556081
0.47594174895373764
0.53671491123079762
0.53797570473635659
0.52987692640775386
0.55593918704090506
0.49826392900911365
0.52669632818996159
0.4801838079035643
0.49585190236052262
0.50510457609143677
0.46892047997729314
0.47426211344638014
0.48773279037629635
0.50985447946998175
0.46913605717622658
0.48890526903581716
0.52217268071229161
0.34674594570676825
0.47736332057688446
0.48259955792601844
0.55033488406414177
0.50350846182267894
0.52488077660016919
0.50211399026318915
0.53946985831781746
0.51115590160762536
0.48822130702199068
0.44597407487566476
0.51649685167892412
0.51167184601654347
0.4799058350309664
0.55722028411622715
0.54296739451806209
0.49309154829493013
0.47039337480542343
0.48235884951708891
0.50008452508015566
0.51333293306220251
0.4768765926409087
0.49318043345723556
0.49130038755761674
0.51304595102465211
0.49589047355214277
0.49697117024661058
0.5154652999583651
0.53312943376376998
0.48153983555507462
0.4752437062212404
0.53044342748416129
0.32435169871429742
0.34372988838594049
0.52285820035322994
0.50092422495807676
0.44064096733198532
0.52604292934560315
0.5319746776258385
0.48431147086280391
0.5073613834597468
0.49350534387141859
0.47018280484656327
0.44482512571189942
0.52377810269753866
0.45267942991090587
0.48146761649725323
0.4718295182868017
0.48900977379017335
0.48710192016394988
0.48937540555688763
0.47385449488436743
0.50547979569027213
0.4877934692276355
0.49989777686210929
0.53807679688889731
0.46028412045840778
0.48897687518110311
0.52863191179184232
0.51800280586601211
0.49049637319170969
0.53861368833827283
0.5401768775136806
0.50127688711152729
0.37719071850980362
0.38421093014739127
0.44873215546658674
0.53630335282002672
0.48137436339345485
0.51525524990066884
0.48399697945882386
0.48796547813443403
0.47693862962935818
0.53102578460699168
0.48840135006754537
0.46914959596021022
0.51641709485799514
0.49985869356751939
0.54154575542692829
0.51365089863532665
0.52532875574971272
0.49076116652822288
0.51015917188935411
0.49841816845809606
0.5197979895710626
0.51975986203850988
0.5170525084099119
0.52271897239142939
0.51372905005853009
0.50916225617088784
0.50094257790116603
0.48203628199001003
0.49136502327199971
0.52086488941948117
0.59343677342392498
0.530408386259
0.34954534644256857
0.30814810133137893
0.46319755017717346
0.48144990191491654
0.45935157192280429
0.49592680137523604
0.55232079342541585
0.49826250413706552
0.42448545142336652
0.51844193295770691
0.52397147948560874
0.49293394761741799
0.49803613942502395
0.47735147307566128
0.49542455802469088
0.49001573686054195
0.52338800261409313
0.51005445052625342
0.54813728012153484
0.52626139946348738
0.49031079595588123
0.50616412931500043
0.47090113848647303
0.53916382645237393
0.51480375516274357
0.4612843039135533
0.48357490692621347
0.55090080542618725
0.46597447078243398
0.48611229801332489
0.52861646532810824
0.50679818379812747
0.3801816836876456
0.4254248815547777
0.46937813395676664
0.51771734195821473
0.48426513793460407
0.47345943052448874
0.52817512358279217
0.48235814260321036
0.50536626168800458
0.46894777906765917
0.51176379644718517
0.52572313136043802
0.4705791778513998
0.52395524844099228
0.53827243337499509
0.52158710556109145
0.52184213682053338
0.48692493661244562
0.51791478083676779
0.51130804119150697
0.54823210303155512
0.44272424482189165
0.52032106752084517
0.5321843909495777
0.49550798714040223
0.47694986552937824
0.51653407395105644
0.51915084894214159
0.46074917077971572
0.52611248047237269
0.49026693729100457
0.51656577347818888
0.37973539023770025
0.36345219280610541
0.48115643181970491
0.52670682331679719
0.4970944831957273
0.49291429490667765
0.53606465909276846
0.49831926461685799
0.49829045777770881
0.5105420128769812
0.48352609384458095
0.46941888817026883
0.49492547771782514
0.53222604982964072
0.50524614531289724
0.4479658602222143
0.49149657107398836
0.47755287845423894
0.52840440734055882
0.51401899228071579
0.52663040181277543
0.5219174965171921
0.49274315878282482
0.46132168640927235
0.52118442403719589
0.51171709492723016
0.50367178541928459
0.5083842925569565
0.45369214579639339
0.46548098893319845
0.50756266464063182
0.4992102279909082
0.40761586908573272
0.32660348021676955
0.50899804665668702
0.51488505709621579
0.53329084726975651
0.50751371340370321
0.45623091633759921
0.50979230093653005
0.52479610379254671
0.51607464454171192
0.54057170448484482
0.49482566571664782
0.50731599209896561
0.50840447164911773
0.50907038442703068
0.43349663606117739
0.50917009338370889
0.48754833602045533
0.5169532271429701
0.50177268874646186
0.51464082319642968
0.52791747501993525
0.51060549276272904
0.49444719270348819
0.55805938447982317
0.49667553126546504
0.5935334728073034
0.49961150977884955
0.52501833751355442
0.48819521358893192
0.46237409166245724
0.5242669361339175
0.3962929802519321
0.29023454144583244
0.46681938948791174
0.45326249362270793
0.49335826156002821
0.49146196678624537
0.50725375158125907
0.53252096065722887
0.47654521998725852
0.51264950392807995
0.48967473254566984
0.52574584332245999
0.54710903537921773
0.48140597350216713
0.48466520394175999
0.49396001808724965
0.46625250309579935
0.47207318670053666
0.51900197338108156
0.49386525464365677
0.51203098827226257
0.50520901060819545
0.48675517081635672
0.53254665259449352
0.48258681120212743
0.5138908273741708
0.51239302388146313
0.52499281830779454
0.47651739796571768
0.51265118991178193
0.53796130501627248
0.48177773246738176
0.377024872917335
0.34959539637804088
0.53481882190093921
0.47643715570433615
0.50949926340336715
0.50418059454258923
0.51479284755141164
0.492400841096793
0.49008849975734242
0.53810251048437108
0.52641536924280696
0.48924979988109146
0.50894405756495809
0.4950564853914039
0.49701159902853215
0.50504539213037991
0.53242059604642455
0.48626279954628521
0.50130939620469883
0.51417649765248874
0.48569106714537658
0.49371921780604333
0.50512414239647008
0.52123794044482086
0.53632529153972408
0.47623926835606589
0.53644589536686593
0.48003229698239425
0.48161044012036219
0.50138829537891028
0.53074056054283014
0.52310435232727126
0.36997689175689541
0.29306349119367303
0.47128708381123163
0.47755006973125014
0.48850048947524521
0.50867325092483595
0.49811790348525858
0.50810314467529605
0.50776048549724473
0.49186988074810362
0.4981489420087295
0.50432428461885903
0.5043795938681066
0.47383477649222949
0.49687346106680536
0.51164952021587529
0.48509645153797742
0.54601671151639353
0.54281692348160948
0.47620515677512193
0.4990571650747771
0.49459287336456031
0.47708738751549956
0.51136370338735349
0.49587896102053342
0.44159134594146371
0.4804242296036409
0.50059465242897905
0.52216439136770176
0.55299505067631427
0.49000778758731467
0.50056858128933701
0.31418945193907527
0.40929644299883722
0.51519939669210335
0.53552503558232656
0.52919916675523271
0.4726902844585536
0.48608405160853052
0.55145051743250439
0.53481141257250364
0.54199152610496437
0.44288336653413529
0.50944788697998722
0.4731374484282711
0.52584063508938028
0.49566200319390313
0.47182820483254834
0.46091640670229261
0.49570804506045013
0.49014300461914923
0.4993510095341322
0.50117405375765467
0.50579032366401133
0.50016135453507782
0.52495991093756011
0.4641196470036309
0.46855767921686747
0.48542110913280195
0.48600702248326588
0.51713020241945595
0.49483147804433614
0.48125468997814241
0.53756060086718527
0.30768926754826309
0.25105569720705695
0.32073330491279717
0.35307155750211516
0.37813182742199508
0.38454058659200863
0.35584592120248121
0.33203792960616679
0.37469001954200004
0.38023383052623805
0.30543077111978867
0.37350749273323475
0.2991864771590993
0.35991229396952179
0.40794655398227514
0.36440695828404257
0.37859854957533151
0.34849296250823847
0.30032936078706174
0.32711214985946546
0.34713218383883132
0.40841804597682246
0.30876021292395606
0.36058256747320455
0.43396970693137621
0.33680814612486232
0.35011515162276358
0.31210475226878609
0.33437834845268816
0.32057711903911762
0.33836432028682972
0.32821539241814568
0.2472138909228363
0.28638460680883054
0.37466373585558899
0.37351072448419764
0.28065439294569794
0.30515537365046475
0.34046234504542433
0.34404762100137759
0.37226721366592097
0.3069625119099163
0.34242946635567806
0.37420294212314564
0.3479806381550466
0.39169151340461528
0.31781150858891938
0.37041514908828771
0.33314649912334215
0.35033276486631215
0.3312507703237475
0.41364804313874909
0.389649397737314
0.33107246401296908
0.31587018926878763
0.37774824196652268
0.32673131840815134
0.31685725791069264
0.31994319267955473
0.3113742737255642
0.33874800727383586
0.38614710779314165
0.31351460804723913
0.38147712610612056
0.25811870322032399
0.40930290296754723
0.52742789634369902
0.50874463777725842
0.48093429479498856
0.49133363950418235
0.48408710115349063
0.50590680543881028
0.53396770444309127
0.51635149178543649
0.51494007039805889
0.48175207585037638
0.48616981350808014
0.51428146780652795
0.48792391903104715
0.52319382919857704
0.48503958726530694
0.43586400761785399
0.46296516735328153
0.48990814793368592
0.50522407165734085
0.52888793065772011
0.52146267850269168
0.48802788085727478
0.46525075741127453
0.43533739893732964
0.49939406578473972
0.54275169675159085
0.52401010063886133
0.44680031324457042
0.50158761713193756
0.4723682469894559
0.32624299825472264
0.3685643990394486
0.53718325721467908
0.48510410896417594
0.50401079360333767
0.51191950628538241
0.48394231147842826
0.46586611162951924
0.50054998200940293
0.45571008121839113
0.52754004618763362
0.46546889806125608
0.47831711658292103
0.50790704569579959
0.49358757760800603
0.46607179046642599
0.53329800627353008
0.54225707690275449
0.49650184357779248
0.48828520067360953
0.38411903068946901
0.50300085505003356
0.48272734520081645
0.52011737332713981
0.56251835551772722
0.45280034115725731
0.47624018408402496
0.51920779750909596
0.49068703137029995
0.4438298397129658
0.47821998117732817
0.52625952230129169
0.26672064676932311
0.36003313740004778
0.50821326021369262
0.60271842545797827
0.50557315835456829
0.48194982835655348
0.53027490513677544
0.50981473435999436
0.49137180685200205
0.474296586442638
0.53143393969881536
0.48032713668435478
0.49451061968443699
0.50549396964866256
0.4713540980043171
0.46563920010390164
0.44618035114056576
0.51926136894544739
0.44976636784383794
0.48397190275504665
0.50607258987091397
0.47824251800161405
0.48189627035399646
0.52362137920921492
0.52759915875777352
0.49578310086277977
0.51281485505358038
0.48824843956134367
0.5037887842288501
0.51545808870671217
0.49985727651181333
0.51856770684052345
0.35969234096075842
0.33609819102790595
0.52528577082828454
0.50156753856250846
0.53771648561318863
0.46213482886066026
0.48271348357180166
0.47089354158218311
0.5054399695349111
0.46104550146339179
0.48100185073390006
0.44063777023544487
0.4909091352079728
0.50277373880042642
0.52042305431558356
0.52795325898781831
0.49681487471165786
0.51491239557374269
0.52883915377717727
0.5178704203587523
0.53545587218234703
0.51361771007886958
0.48533938739969745
0.47661028279570716
0.49023522035345024
0.51755784194020993
0.52861804988039585
0.48918235522705372
0.44247103555047618
0.49438971195491904
0.49435729126329719
0.47505392812270286
0.35986945080882932
0.32023273021081927
0.49625081196889981
0.51192855599206655
0.49930244627820469
0.48550593166279354
0.54063786799805558
0.51334614604593765
0.49069191835495474
0.45845276891822612
0.48193172928354072
0.50430550117221551
0.46088524131825492
0.51684571549916436
0.50425728176383822
0.47567743565131243
0.52738920307945436
0.49320893041449609
0.50098485486960143
0.46297166630704828
0.51897614887066845
0.51029472485999705
0.49642045829674081
0.54817425397037256
0.48772630088362945
0.48236023323291377
0.49514207553659917
0.52901811466988569
0.4802933572374054
0.51725804963626465
0.49454539654580293
0.53968614693847661
0.32341760208482268
0.37960016582004946
0.48640401684904561
0.48215959234361988
0.46946098673130116
0.49737814742851133
0.51025943165157606
0.48572743010487301
0.48866097422158644
0.4605674493176421
0.45555974753727385
0.4896234239783297
0.50623373417399142
0.5113116324411302
0.50782254407837579
0.52615875062855499
0.51555583581190945
0.45965475926015326
0.52466761717362331
0.47288944562078999
0.48570688128114781
0.41605919883967929
0.53290385964346776
0.49079758116768551
0.49247076756606134
0.52083837014053957
0.47653073880813474
0.53558226570538292
0.50288631016857832
0.49246987936885428
0.48346044985560477
0.51714341458907798
0.33020606723210461
0.37733446582181168
0.50653305872689436
0.48370574426154445
0.51263145371557861
0.46161630019893879
0.51030034236902921
0.50140707597972789
0.53808733197490466
0.4973061176182097
0.50438368411401813
0.49236947369505285
0.49882117681741267
0.53026232503704462
0.49237908890860016
0.51362726189367824
0.4996742494764142
0.54596276229358776
0.48485335123783252
0.52232160598641664
0.53176458445561292
0.51225415345122016
0.4901063951971818
0.48742167980276935
0.50181391094067052
0.50963418837059815
0.47812710360048644
0.54217738380186797
0.47316079391980853
0.43809994924728918
0.45404652936320944
0.47490512261308321
0.36459179413162357
0.29398780241624167
0.54003336780138256
0.52954032049508493
0.50022005685956106
0.48835099799756332
0.52430880494221443
0.47338521829264202
0.49071815916466588
0.4984544624189805
0.48874535692939597
0.49542384670983713
0.51472039841078876
0.51907562855758305
0.51803675364234802
0.4889842719076814
0.54350906243176078
0.49665089399064793
0.47706386808489321
0.49867079451868263
0.50939866547624557
0.50195762963486568
0.52033671453309782
0.49579658920543623
0.5131769164557316
0.54710738169567164
0.54468840808114194
0.47072655921875428
0.49410817845066013
0.53341450200987961
0.49851583127616872
0.46113967582361898
0.33061166472699977
0.38992836511470103
0.51529021049865487
0.51893115390729472
0.51217945108077301
0.49556524511991373
0.45986407282180247
0.5058164155989493
0.47943445197607915
0.53629679264030938
0.52470141199522535
0.53305140561066411
0.50455194927212854
0.47773431170592467
0.54630249077681814
0.49789880843242201
0.516254554856593
0.48996138882658324
0.45578002957455066
0.47118754153845216
0.51677320834881268
0.46927257516904347
0.51090735521505015
0.51462787541769872
0.46737074764302361
0.47110223345646174
0.47334862820641976
0.47285346026964303
0.48439128918305591
0.50335859152569062
0.46821591067714086
0.5578712958345261
0.36337088318626404
0.35274385073879772
0.48742319596172545
0.47416563572973003
0.46652667854450136
0.46484626728572165
0.5193182340121002
0.48796920022415285
0.48708510744384304
0.47920321221267692
0.47036808200906199
0.50029048738418558
0.50718467120278377
0.48076284672666719
0.49598720434014554
0.44356241226550008
0.47599153955720613
0.49129858772325091
0.50692513530159422
0.50449562644364854
0.49656859772320194
0.52565605104076829
0.49308377076390464
0.45997090912988503
0.48775031416048914
0.53186141058943082
0.48419095297658099
0.46787882438273937
0.5280094270276996
0.43087621892512545
0.52769272274446244
0.47042935767640942
0.30556557195360667
0.32931307262662912
0.53477497692487874
0.4838168509863639
0.46549775555227818
0.50692591416455257
0.4984064464119663
0.50547183745783142
0.51483413459361937
0.55376538613218251
0.48081628099158552
0.50740108234986647
0.50491827622343299
0.47574326469942863
0.48807244089844837
0.44263567560309325
0.49069657976561115
0.48318230804792256
0.48404954634028874
0.5009905113544898
0.51261541319169601
0.48944329093636668
0.51269706129679471
0.5034105855642903
0.50479223559951036
0.51221724209888542
0.49688559387477232
0.53229745279364171
0.51412035615068052
0.53900496481435434
0.48493529137378244
0.49068009051865147
0.36231016805707494
0.40601786303657211
0.4899768760685918
0.51852938332744902
0.46632507075953722
0.49960614538095754
0.50761657138230531
0.5315606684408053
0.46071187820831089
0.47054876379747018
0.47950825456588836
0.48176004335581513
0.49251482927256335
0.53899516640469858
0.49669860666637272
0.52504077272314598
0.48830002272724277
0.48228081950559654
0.49301693662648449
0.53997164153100408
0.54300371130583136
0.50717176221550098
0.48744445798400143
0.56706590783157451
0.51418617858971616
0.4652632770628965
0.56278789328640211
0.48921763526004658
0.4976457999411158
0.51011921603672516
0.47974256327609371
0.49625583299008769
0.34205788288863204
0.36753951461733275
0.50117041896841186
0.46693279130665799
0.50963850724366588
0.51113525236269242
0.5560995771003322
0.54135209163346043
0.49592810672234988
0.5172122017291777
0.51844319107993275
0.45422510820247991
0.50987510562149407
0.49735300176415786
0.5240086667303222
0.48681534593640757
0.48786358498149113
0.49296350102660907
0.48898874692830346
0.49940002589698429
0.48055610338311427
0.51897986273063246
0.47932247354786006
0.52655942334577599
0.46818281737034451
0.49086202236126297
0.47702776295266092
0.5187095254371954
0.50277158748068396
0.4727238996072094
0.51012231158611065
0.48786474909643196
0.31877643848377535
0.33980553913541284
0.50213828672502492
0.49300225590505398
0.53384161279185227
0.47349579005071657
0.54823929897354917
0.50459728168485352
0.5036960278565682
0.50913048023414431
0.42120411891474796
0.48535242063019751
0.52292879370350154
0.5066890922203604
0.53891062217973107
0.45793892263325392
0.50475072343824479
0.54323592660866615
0.47711493204232081
0.48306674680503719
0.48252055491818474
0.53650147388346447
0.49995073371932403
0.56913530260495659
0.50962958739701003
0.51142355757003788
0.50387703756131075
0.48970239497640472
0.51716172291136642
0.47396562583540636
0.49524281720585223
0.49186631106022582
0.35249982702700122
0.33554855165833608
0.50246235336184253
0.53375977945215258
0.50802321693119468
0.50206312269109132
0.45397073060868676
0.50368397931845033
0.47984551377664003
0.49842008932468196
0.46528052257377023
0.48424409466974588
0.46579336319581149
0.49884011181655252
0.48595813765868595
0.49001306362034458
0.48244305115489589
0.46394679279807449
0.49041545604736619
0.49471264782373475
0.5557097800422468
0.51275721462679413
0.53670762024538488
0.53230935786536193
0.52399771499956027
0.48158676137668138
0.57164074666132259
0.48474318398335992
0.4678713366569518
0.48235825344389277
0.48402707427766917
0.49738368296747809
0.30187863470496074
0.34663947955968111
0.47724605632461703
0.4848398181274346
0.5006931057349987
0.47961823613472926
0.51001577697011025
0.52354677436365404
0.48408044865162225
0.43430903360510281
0.54510091785877368
0.51293307415788125
0.53661989608617067
0.51340821706979511
0.5065521475318252
0.50818460307706503
0.4817013367095308
0.50212718654226007
0.52157929935058889
0.47757667819173177
0.50822567165643229
0.51816555699505351
0.57887241034176107
0.5097542038563998
0.51417506421449266
0.48082993103776683
0.48587036937035311
0.51450175603650861
0.5278100032369516
0.50901337045392048
0.51776149517969883
0.49371015866084084
0.31705517806818156
0.40399150125087913
0.4652437139571563
0.52403628184466766
0.55188470627104569
0.47447546651479838
0.53533930473222224
0.522334122682512
0.50019806369804942
0.52087417254002566
0.50789647547414241
0.52693407850759177
0.49952213351827068
0.50742990348908923
0.50049086970010681
0.48121186714840353
0.49204849296925718
0.46083251872402736
0.50126677461140901
0.53852763042480944
0.50575664657852759
0.47536617950298626
0.49888516618705481
0.49324942038615138
0.52307826400960289
0.45904886642650811
0.47252553768193972
0.46984145124379439
0.51048807260004836
0.51774176835538288
0.47399213589599254
0.48187440120533648
0.35953937531060193
0.39548903172071609
0.51471453536014189
0.52579272213661077
0.48852683285419779
0.4824494920741777
0.51605929416743668
0.46899923561717805
0.47394443975793343
0.46669841492287795
0.48478419730003347
0.52210944904094225
0.48297793885125001
0.49737804255954704
0.53077863399557068
0.51272692474791348
0.49236938210034026
0.45194203862459281
0.50049117662102727
0.51093493259770928
0.51267369297548515
0.51517491411333816
0.49584758074165852
0.51386704815996342
0.51558033458988917
0.50885777692034584
0.49184637320769015
0.48051034372761831
0.48912724324570622
0.51193019975090526
0.51483022008433199
0.51900328414577968
0.31161284278002083
0.36552331955341594
0.50743373666939906
0.45890752815040192
0.49632096197501546
0.49140509986916187
0.47104497437201043
0.45586876907495383
0.45541009534642729
0.5156692321312849
0.50135435001519801
0.49923897928259553
0.49039050112692978
0.50836598921279275
0.4663107399040623
0.45738580599986323
0.51827107836649555
0.46497266206037141
0.4908676761883054
0.50048346720424353
0.5133646696806996
0.53421958285290916
0.52277695317586514
0.4927196535675889
0.53387002956977625
0.51664853702377866
0.49544771977057533
0.49245051030800507
0.50223704162057781
0.49933343228175259
0.48886632063302093
0.47172046557241043
0.43107886890094788
0.41667918034663748
0.4867842130618209
0.50752438368991415
0.4980528282712518
0.52906079771697634
0.49707484502752691
0.49625031445070922
0.49077459543221791
0.49437239466172794
0.51288603618409756
0.51116718883781143
0.50141755328474857
0.53140421147663452
0.52743532666553261
0.45584097310624788
0.51566438839793938
0.50670717201808235
0.5201190111791415
0.4882329984170985
0.46753112972173078
0.5188148195398834
0.53223963842458166
0.51478382764686192
0.48556104814696799
0.49849881616934583
0.44291278521818167
0.48406545031861725
0.48774160361413305
0.47578350606646658
0.48658475767233667
0.46834493490514539
0.37981533497090347
0.38411322821364968
0.48789231044324044
0.4650599900167296
0.50960995520600549
0.52128382186696853
0.47422471553375756
0.49127716421866807
0.49759213891653897
0.49928766651618278
0.47714026382479324
0.45507031032301209
0.57637330346163074
0.47283572447143413
0.49195229479797475
0.49414843431566102
0.50849282105221494
0.53390367836099162
0.52355468167227803
0.50405334551318781
0.51114012107299733
0.49962497427869806
0.50879585612437062
0.44527839086367627
0.48531126986280049
0.46824620107388981
0.4581303885081483
0.51179086346405689
0.50893037843564937
0.47774473670420603
0.45351790469391001
0.48408923371426837
0.33419913649791239
0.30732523249213395
0.49948966087455599
0.5061549968030894
0.40947768615488372
0.50696442970132716
0.51357351942685325
0.48066299632909476
0.53614998398092062
0.47302905640099724
0.47841259033461075
0.50549627405595077
0.50850415755802403
0.5220532831189888
0.46738177758913668
0.51783964572413943
0.48745882477113744
0.46970115602735163
0.47163590181591175
0.46582030792438178
0.4877922693067151
0.53621366594890152
0.50324388073046467
0.46359951856980852
0.53921883317767061
0.49630490177051934
0.50966997828206961
0.47663193768839096
0.49915413570885331
0.49647481708003643
0.50351207815830468
0.54030672519535461
0.36903646407656515
0.37308281608815252
0.50344936499390613
0.48012890697083188
0.55520414749490909
0.43558937490211297
0.48522693817011597
0.47856017920634963
0.475333986617339
0.51448775612991726
0.47081069806196946
0.53307455834323125
0.51461719666165662
0.51175556078863915
0.52782090995397635
0.4282382399293293
0.47689007585373117
0.49686069056874715
0.46441260951215341
0.49257158004456258
0.53882062907936445
0.53492158615351915
0.49001584937667114
0.52631749119329052
0.46771064032677812
0.46822667837750653
0.49177814341255371
0.48776034843442373
0.47810036554143293
0.51005621305214821
0.46791335782449867
0.48017049323769423
0.30663084176794481
0.34918958516800513
0.51795962232540216
0.51437164584984574
0.51570140493106986
0.5525447487209878
0.5183266519281855
0.48374600020564401
0.50423637093469953
0.48753817699084723
0.5536781814665499
0.51312362762563102
0.47172661941635291
0.45982836071814187
0.5338280342781716
0.53570516707178351
0.52058665499540779
0.48627515707775848
0.45605763543931865
0.50055277509528351
0.48905283248847559
0.49507822234893778
0.51035144032510293
0.44514698027150185
0.47177797509393848
0.46898141740299376
0.4900744934462094
0.51788861632361916
0.54435308463649468
0.51172414326159288
0.54656646440846801
0.49874725657507002
0.37747270236232416
0.33837765880360537
0.51139176990669599
0.51512386151776124
0.51768866026662408
0.53844073305168361
0.48364188556198051
0.50317625246584208
0.52973619040729591
0.54363380484657509
0.49590907085406738
0.48092015947203792
0.41320093950711928
0.46518973241742978
0.45725823106967184
0.49227967014090301
0.48922686443913577
0.49899666949154664
0.49095788771464294
0.50492650488015633
0.50438426429458683
0.49827371650581892
0.48071516361721817
0.52912070916733689
0.51386881976823584
0.48346598573603494
0.50431743759407821
0.48175762439764946
0.4796632675721576
0.55956532158310168
0.45502892961059516
0.51765948494406389
0.36892234513298444
0.41020734056871017
0.46041532626362008
0.4612135462925458
0.46103566221165115
0.49205565416832614
0.50745477417690932
0.52113968211613415
0.48535967545910574
0.48745957441187154
0.51775463939785427
0.49481800892965289
0.48394195696747561
0.4901882396681686
0.46441607417375047
0.49675855124443469
0.51098996109177364
0.50522995904988743
0.48342527895549225
0.51689997742934657
0.47808620652389955
0.49516109770490468
0.53653063945671375
0.55921360774512752
0.52598780334824358
0.49549635835407085
0.49811422276836725
0.52256369283534665
0.53088575665773285
0.48446831124481871
0.49944049652159606
0.54765837810973828
0.35658358772527343
0.32276453764016
0.53310567904344841
0.49900005273859283
0.49904442413733452
0.50748602588438063
0.50759531925988632
0.50848038660550599
0.49490380909489429
0.48290386003610364
0.49010685326524517
0.5729311097791765
0.49436646395201317
0.53620522824517702
0.52678938617296833
0.4979986531356968
0.49424531672365507
0.54660251327015319
0.50482362661964408
0.51909141255762348
0.52187419736360141
0.54261754296515774
0.48387042284117404
0.5492988440902814
0.49556291080735787
0.47387969683219183
0.47289204202764212
0.45655385606223076
0.54208627734176951
0.56022201589903164
0.49133327688227785
0.47195163393053863
0.3330809844972506
0.36430272465064995
0.52938536533079628
0.50370596067437989
0.46589826100476744
0.53548944763781747
0.47996200583700815
0.47443871161515416
0.48075733461697551
0.53953100678770172
0.45253060755024466
0.46450202974452326
0.48682462104724389
0.48088603984903533
0.49845973339021066
0.5031560247932334
0.51271047945038883
0.52955183245618898
0.50473032975165544
0.46186906545864209
0.48177697805545877
0.5205333412183144
0.51128966327649583
0.51546760934569147
0.46881373231588069
0.48912672176803068
0.53892701794330222
0.48634451118826361
0.53216033106366378
0.47120923184831376
0.50097048983248782
0.49637486258527003
0.35899455768836847
0.30870578368455709
0.49598683719311443
0.46756815614799208
0.49243999924398318
0.49027224688831489
0.46921918263982026
0.46707091138293427
0.48613341664581333
0.47332451514725049
0.50058068948492329
0.45241120739626955
0.52066908279978918
0.50375674798964998
0.50473651408961884
0.46391713604903007
0.48762114470231432
0.44908761657408747
0.5154353468875188
0.51204723676661645
0.50305782930205623
0.51370173882725811
0.52049878960488127
0.49747751273644103
0.48092402922071908
0.52039832341570968
0.50793595279519477
0.54287265205915436
0.4391527841702848
0.48489908748301919
0.51718905008014082
0.47392550819941093
0.31921938343411671
0.3617670505391406
0.49444058163477389
0.49583746132911072
0.45634740661439188
0.51785193537206708
0.44601492543780957
0.52291674851271441
0.4963940616789741
0.5150928020894584
0.42864413582816907
0.52703292867130214
0.52474987546646323
0.41595122864240958
0.5335866422429717
0.5177176673537881
0.48997998959722489
0.56014671444453179
0.45738954533916065
0.46984150232469246
0.52965269182532404
0.50804378837162201
0.51426401830067192
0.51183540263993377
0.50444550556001511
0.52468085856738611
0.48544906442306462
0.48600827236889194
0.47867963270450897
0.46813843242931752
0.55420674310613927
0.45394207209056381
0.36645202247282688
0.42570069693586199
0.34212829526925731
0.30746564898739354
0.34110666666703965
0.36691196712186197
0.31076533571349363
0.35039493337171046
0.29260711431105008
0.3909532823321048
0.31202151883974594
0.34523729449636886
0.35391021674824258
0.36158412271859813
0.38560743490569965
0.34540975587736256
0.33515683062220425
0.40218285624669559
0.32367157259866791
0.3447638038193318
0.40411038210911088
0.36952457387077486
0.35050926614717076
0.43695750558612656
0.32110521844886208
0.31754618649437022
0.37672047023688654
0.45644432002987673
0.34537869259040466
0.36709235117663874
0.36984790880845353
0.3171896339180042
0.24585906867344803
0.18438813160832221
0.20636154816569091
0.23298447732126337
0.21143055857808116
0.22325761620115261
0.36866605157488264
0.20962717110351092
0.17847783437783607
0.27955361320584926
0.23607010766787495
0.22450690388587968
0.24848666353789128
0.24224706077971142
0.1993722638124909
0.291031276194121
0.2377397482672276
0.20329364728612631
0.21669169957575554
0.16701488965756733
0.22051360106409468
0.21546366591459395
0.39771128484049567
0.29901328779564396
0.24472756406997584
0.32615547386601579
0.23000604002200414
0.25069034457161526
0.18987211151157884
0.18528332659217564
0.24960376015546298
0.18942963941696508
0.15240430020629042
0.19328158727806424
0.31807751015705149
0.29971072552447192
0.35593259350816109
0.3534955212776093
0.31151680755734695
0.4080168330776367
0.3280699977252583
0.38011910327441722
0.34093779602581442
0.39981442336949691
0.45489284948465913
0.3536309350136822
0.44309892027068282
0.37725955669702482
0.42957883124671298
0.42316215075147395
0.32042981014494898
0.41566231613530952
0.32203818927046751
0.342412264426672
0.36380907876310703
0.35023552073177472
0.34469099125632469
0.33704963720577308
0.35371109100769077
0.3704861250687817
0.34571646903463327
0.40410464014240205
0.34104008344550824
0.33671847118835657
0.22312596505113097
0.19790167550467597
0.32146724334474802
0.37023543946282356
0.31380756105571073
0.36248543206078399
0.35552403981979452
0.33114727571665242
0.33178239476856658
0.33314295782863229
0.34217533019702939
0.35419036310068186
0.32004639220289682
0.32501158763542365
0.36392012348306835
0.30607219251117507
0.39420900139997794
0.32191367040546742
0.32011359052569222
0.40099704781182255
0.3307838504033882
0.36626794307197713
0.3143228114648543
0.34437593841836617
0.37458387977147062
0.38347212719713597
0.36667074719289994
0.49487241768090678
0.34031625315191644
0.29733233756505312
0.36367195379498929
0.42393642795500386
0.28673559889293243
0.22013190641490241
0.33268452018410322
0.33666554561150897
0.35788758512385876
0.42421352844275145
0.31609949603804166
0.32047838627099917
0.33196384261216155
0.28449596463092547
0.37301596634116074
0.30724147441533506
0.3456236754222109
0.33401821154384687
0.39068496149005344
0.32857114648905561
0.38062686265348117
0.3455000434106304
0.34062165642065739
0.31225904619597705
0.30583656201851428
0.32337365635080823
0.34114627855717139
0.31803121478641555
0.39376365477765324
0.3233742695143163
0.47217188088062045
0.37417581906367048
0.30249241075836669
0.35893444614873599
0.34442671978034245
0.33356722887973222
0.20281148542645858
0.23640583298854437
0.34120906910861726
0.32593605713934842
0.33091600676775623
0.35904847106791088
0.29922455836694611
0.40287634425200997
0.34977704600179882
0.31723978322588814
0.35320203400685679
0.33554854317084193
0.31198128608139825
0.36804738830957306
0.36654433224147848
0.31381282401996852
0.33778969518829571
0.35136341926446862
0.3713980970118908
0.36011158925060982
0.37219012658447981
0.34682438183377468
0.3168564909161648
0.29623153346579745
0.40637229816060494
0.3481514243116528
0.37838055136518445
0.33432788866765717
0.34269280372422811
0.3561751527801133
0.31156251844496885
0.37028743237029976
0.25401324619075344
0.22655890890550748
0.31233744783000328
0.37535627113821329
0.31821316734755706
0.33738243399488732
0.36429114715505923
0.32945598951021371
0.31737343834486853
0.30866188677611817
0.36514523999024534
0.3390156252237595
0.34205754378913483
0.34885580549057588
0.32676825035409629
0.40441923340483205
0.33990628518966376
0.32187545444310078
0.33890002763554689
0.37247179696947474
0.35629939381112757
0.36400246188029656
0.43484682022982851
0.33444026928816062
0.37201261748935138
0.33397888611945176
0.32129920802821305
0.32678898766665104
0.33844661620536676
0.36020922266662209
0.36255267436138477
0.31953233080032839
0.24027471616992085
0.24028587740253099
0.34148732891998762
0.35182116358064347
0.44338937285303048
0.28283071558126832
0.35894998888831686
0.34384083949107724
0.34338062674899789
0.30783449746533353
0.34146655837671958
0.33270490578579665
0.37041370684761943
0.32400504456798168
0.32915396343473585
0.38493643420746454
0.30085585570713169
0.31240826874327721
0.38222264795520017
0.29843881623198681
0.33482392620449947
0.38886498033729056
0.37255133396046858
0.32820610560365304
0.35214970371354648
0.31884041461601625
0.35872666020874927
0.3303390731530918
0.30104326683898552
0.35489477546894965
0.38568222884197639
0.31324332929772192
0.26779787974131308
0.26276783875572701
0.34177899045543741
0.36237123449553982
0.39030950035844802
0.31822928066001871
0.35429751376259933
0.38790576909261337
0.31691350522657197
0.40305751843511173
0.33690955346648932
0.36196577516904466
0.30903820923176112
0.34604695838456123
0.3762385634468155
0.36651377764828236
0.35781214211226176
0.33716859194637316
0.34895650100312126
0.34041871976803667
0.36563553815448679
0.31876398055799948
0.36631187838947932
0.35980050196442681
0.33575251571233289
0.33465009375275395
0.34728416380536253
0.41098166401033753
0.33904531154977974
0.33508808857278055
0.30908256100431497
0.36317787878857288
0.31606781946400636
0.20953842891432056
0.31097333644127301
0.32819335729354704
0.34771986998520221
0.4126352832857933
0.31092864757129401
0.34626449321671809
0.3385443173493764
0.38464102343593998
0.31033255254283282
0.34735361362411882
0.31989461190088619
0.32483512313159263
0.33065771120856957
0.35467572105000827
0.3623767592791568
0.46125500989123824
0.35352605491298439
0.38158951574841421
0.33905015564574215
0.34352497838069534
0.34943686088859882
0.35957280612762049
0.40540812375185431
0.32652821096476314
0.3800348728767769
0.39561985380500597
0.35960537047316832
0.30161051744971845
0.34810155290758554
0.34243626529532956
0.21196380138041879
0.19577067918993807
0.3891138796250333
0.31369266495585263
0.39406024994037003
0.32444122716467821
0.3408823263200963
0.41466065403980507
0.34354157153830928
0.33789951492728093
0.31244994572346396
0.29036695501750776
0.3585530368184307
0.34849631431720762
0.35601101065397134
0.36559324342685912
0.38694349648280668
0.33949241658874091
0.43071064248245955
0.35576631421595578
0.41322037445127568
0.30940655274050954
0.33625688274276927
0.34870929440240261
0.3337599882641562
0.37993657817721271
0.33832827253681969
0.4006479780017107
0.33837909051074883
0.41979685980345732
0.37372705413240564
0.32199320644228541
0.31655863669645334
0.24513304073126221
0.37978684940858576
0.38823153773337171
0.3372782866678094
0.30316363164530702
0.30454538354814958
0.31649217782988981
0.31384828700608203
0.30592368461306357
0.30070437714047887
0.32389094874217361
0.37519882653678432
0.31860617198831714
0.3789396260735004
0.3926110802164709
0.34617687139104875
0.35559621986061052
0.4085823631026293
0.36956900162828127
0.34740522530989226
0.38079528105889165
0.28635264565155083
0.33437986371490264
0.38615623978123925
0.34878436447719968
0.38756625096323638
0.32868473568069689
0.36294296119521441
0.32854228043259592
0.34425538168078063
0.35513190753639623
0.24270037573962616
0.23867056957350419
0.3274521426677911
0.35566054983116158
0.37301368743820668
0.33128710864820776
0.36560230491496087
0.37707053261331208
0.31628043178894383
0.37685271713731727
0.32534345320918218
0.35041943531823116
0.3659680850715763
0.32381685489045486
0.33863425175354889
0.360965639299686
0.36330249684940563
0.40066349176701233
0.36572907187235815
0.32485710391610167
0.30992818612480916
0.31921548218722839
0.3191431392500938
0.37059366462218346
0.35087842201388381
0.34163292440773091
0.36612687560235679
0.33239181702694809
0.36012070437211163
0.40158975907622269
0.33277426383352265
0.34800578741298815
0.24516057398189811
0.18517205454169769
0.33917798793917936
0.29593384961952152
0.33065959212034357
0.36233464241842916
0.35895062773816538
0.35216009723966829
0.35311465720378904
0.35184959813605443
0.35132125507037543
0.34298727220083536
0.34062689480003111
0.39300680006595534
0.32713051944945881
0.40791682401470392
0.33566761589426486
0.34233337534269603
0.3586766572478805
0.37735095152421916
0.43849250455567945
0.31497216960542451
0.40687991014543279
0.42517873142372437
0.34392800316222039
0.33302143321544198
0.30616451390211497
0.3368567301633103
0.39420090129156754
0.35085854402798161
0.34083697884620967
0.33977172517400017
0.19723932723633086
0.24098161715205124
0.3598948829157172
0.34608696212383544
0.35784197207621965
0.4161982724964734
0.36126837388787347
0.34238800090871374
0.38708102750431439
0.34625579899973313
0.31480280026780549
0.35861811734731075
0.35293618278988498
0.33612823625423388
0.34991710048349767
0.32097965242921961
0.39899448345516197
0.36329455362668045
0.30599893107902237
0.32865242903762304
0.33868392247798057
0.312944519099707
0.38559677121940311
0.3127203570713315
0.39632504071084901
0.34305205231502378
0.34700621883903626
0.33177655211444079
0.38764514977561243
0.3244150266141082
0.38240875296400323
0.38340126919639794
0.34518248022314307
0.31168177076594861
0.3359476618479279
0.35098854967280657
0.35200721958426218
0.34029433982437873
0.40529754440730276
0.32056763065592875
0.31582654454020059
0.38016467256031744
0.34170434152365464
0.39768054803399572
0.31161131675371001
0.31869715375414109
0.31141542494455055
0.30512784972493573
0.32424528697212529
0.38944971713233772
0.30969681828148787
0.30409743150413282
0.32966061730237567
0.28864250703890409
0.34240743206096708
0.35227060357081785
0.30619076021526215
0.35001843545748129
0.35375593933525851
0.34974481059688817
0.32465713148177699
0.27056056267176443
0.33470541171354828
0.34650317288450361
0.19172215103782178
0.23907662717717212
0.30093765482057255
0.35226005321185283
0.36831517919516982
0.34924490339685665
0.33519704355251273
0.36828040658349143
0.31541453691498156
0.39985507111540824
0.31447971959125692
0.28690508465360598
0.34004827879586513
0.32413022063088853
0.40301766842725401
0.33069839302625625
0.32798585314045531
0.42540619952182374
0.35269603920256309
0.29880668823626388
0.37540101114112412
0.39179871522744247
0.32071211664885946
0.35912501298599359
0.4008048480464742
0.33625520244105256
0.32988359300451603
0.36476602606280123
0.33716575847637537
0.33888712102334129
0.34075220464813077
0.36398321609305512
0.24847127723267243
0.25416343913317219
0.34783401782174911
0.36198516432211619
0.31394428792084167
0.3472095249756823
0.35522013265749847
0.3244410341172409
0.30981663240803686
0.40697373280733035
0.36618687158732088
0.39657588261087812
0.28370845743594619
0.34316657344373941
0.3117443552789777
0.35895973153208616
0.39538875411457042
0.34371131701458901
0.27676685499505771
0.34506031044576463
0.41821383156287162
0.36625942567242326
0.33247848801004409
0.36134516203936573
0.32484851488544103
0.41776093645757306
0.4091932263769984
0.35734232993364223
0.31795736745133552
0.36359493551926308
0.38623917914212713
0.3316454829754879
0.24378278833765468
0.43227587857908267
0.35645672807680867
0.34805911519756555
0.35030449567116884
0.40833370747021597
0.31870273253443976
0.39629465333596336
0.35405556971561308
0.39004839526881113
0.3475781301564298
0.42886878881288354
0.39915037231400924
0.32335606629342734
0.380205675709896
0.33420930541626731
0.39824093518966236
0.34232587624784305
0.34956712161155185
0.32741596728960892
0.33222245594140526
0.34293160718326704
0.29974279812634508
0.44836423551825494
0.31598690293335085
0.3421330847738363
0.4443473654194367
0.30861137565649965
0.3791501001810198
0.3211914023216314
0.42371406505935433
0.32145384420972578
0.22032527809102567
0.20175848978708025
0.31286823754654591
0.34182126726561646
0.41180160553676703
0.33614867294007639
0.40896502919193817
0.32505871671678616
0.42706181596220816
0.33667890652448351
0.41879143500419974
0.38611127120713395
0.39158169780130508
0.28531598004520825
0.35402108644285069
0.36953536745368382
0.34287721974554214
0.36043708275968511
0.32911571486112134
0.34059847030171159
0.34502018520214234
0.35570058560473095
0.34833105196184644
0.45000371030019942
0.37589269878751524
0.3514036439435777
0.36986967487937683
0.36130483441770489
0.32361110952806615
0.35105785932786876
0.35225361896819707
0.3330262854746675
0.26112938824024029
0.24576780944634721
0.3424811183177956
0.33451234521411211
0.44573268708603536
0.31419041169794099
0.32314572943550413
0.34811107574877614
0.38082210659293791
0.29857717806465817
0.41368621049327914
0.31968627018588297
0.3738028167808698
0.36103610583688567
0.29559269079572476
0.31616966269285846
0.3725278549226741
0.32236885529831794
0.37986763778324084
0.34962914983970983
0.32531726971973607
0.34846943232864169
0.31639380200683564
0.31195871646606499
0.37137020046069125
0.38630435181791023
0.34505995431004316
0.28803468499674528
0.35418377007697605
0.31685742952642898
0.35053310609591476
0.3010538269656523
0.40179037373815801
0.22357442796209837
0.33132085899438601
0.33908170905309121
0.36552108212159523
0.3388813063715313
0.30209290961881774
0.3983215224656344
0.39992286740535948
0.29220832533648106
0.35864251540889164
0.37308015378886994
0.33305190607323004
0.33229905129856097
0.35498604600616546
0.31203705039977503
0.34291885145348955
0.35404334742363125
0.35225180069240908
0.31740898895561181
0.34216417237276947
0.40661998807393657
0.34354307007128715
0.38298482238545345
0.36379069162136218
0.35393684835595951
0.29228152121583612
0.28845596511745902
0.34582415142058393
0.32763918028130401
0.37476302851900234
0.33985164216678282
0.19413677841223398
0.24622175800455942
0.3763002184142466
0.32310478301290196
0.39429690361472125
0.3455843760630628
0.3916977635117081
0.44092532817057017
0.31034904206148406
0.32377400037789078
0.34355939836868199
0.41363803591506682
0.33932093167838384
0.36040848105495071
0.36320511659808963
0.42795281796042584
0.35688321088213953
0.38022980357133701
0.32856045134900119
0.33825779615176077
0.31490338700469617
0.32489265462723693
0.48925827496926644
0.35409354745441823
0.36584521895260369
0.32014194521414002
0.26486930437287232
0.31684960749228297
0.30724361677182432
0.32756050588317465
0.36695293842541754
0.30229147915680926
0.29131996319037029
0.18187625788632375
0.32232870168045663
0.40586676763597856
0.39651563753154279
0.33004429349827541
0.36460100679828017
0.36118594309799046
0.35439995149186904
0.3954212266056164
0.36518219960007664
0.34356821598443832
0.37380713964463019
0.36642907824890147
0.32882031711782778
0.37686513903324292
0.34784158652858244
0.35162343455428996
0.34442666948475681
0.34045779293663253
0.37041791369808102
0.33184593006686625
0.3162504864368742
0.34566553289593049
0.31876713452998084
0.30090019347445784
0.38157143859123832
0.37856742696625084
0.37547399481936905
0.35273920089395439
0.39332498776563746
0.3586756379832966
0.23064012028534225
0.3166015310029614
0.33819612271621746
0.30522728321808484
0.35429511402920355
0.31691163892357216
0.31176680742002311
0.35811166820306767
0.39764455123954268
0.32858451374705794
0.34559091412074638
0.3508191420490761
0.34542223093215885
0.37677699945464199
0.30942234273804786
0.2757348755828416
0.29814123123049435
0.36002156916366751
0.41480493539627378
0.34681689546586608
0.33621074919678712
0.3678695950540451
0.3792316451842947
0.3389077718871249
0.34577341398685957
0.37376801466504977
0.37354196485533236
0.33937654321234734
0.28479278021536147
0.36160261080488643
0.32123191533169404
0.35783911978404259
0.30233847594143237
0.24555930000904874
0.36488646909689221
0.29836740187517485
0.32856342757406715
0.37143200621603595
0.34810424328825046
0.38634376342595339
0.31665764430379123
0.36744317759982831
0.33769413186798386
0.35795991527857463
0.33715124855924011
0.29257774302018302
0.38991303897919394
0.41838592842936906
0.33515626997018727
0.37589945967219651
0.40201738248837043
0.32798772424262335
0.34857779908007541
0.34444821009634735
0.37569841168449536
0.35123142900847254
0.3214308571482356
0.42624938978963617
0.36402761610397805
0.40812181502830752
0.36593935567055708
0.33125354187905759
0.53241799946127355
0.39706921523152405
0.25506007740802078
0.23483369442950708
0.33323797764241125
0.33388678853609433
0.32023351369581954
0.35567938280723643
0.36546973978319075
0.40969638010776999
0.33081668582507145
0.33025244371103279
0.42042586821974826
0.32959822121525795
0.30470900204772983
0.34989057409510987
0.39899056170523017
0.34626633293708059
0.33941234448508656
0.39159308477309362
0.39750821620485849
0.35998207214271433
0.32370169759651174
0.34354166096709599
0.400824281506869
0.32819752824184112
0.35255507980309503
0.3416125980809116
0.36536973595189304
0.28749179956039023
0.33670777322137757
0.36067376441638638
0.33077406726642522
0.35823467993229829
0.18592892842928763
0.28367945601671357
0.38991206567284892
0.3128381560287416
0.35119279359778566
0.347638419997777
0.30712693243373335
0.32909068046175194
0.33275799870111439
0.31243371651665325
0.33723870057215805
0.37982457979072826
0.36845375530636676
0.3741660802861822
0.35522119599744106
0.35362142414641556
0.34613510713249079
0.34220905806795954
0.32926746621793657
0.34676350574626191
0.36020972312245403
0.32038817910301132
0.37149634450206687
0.3457670079415277
0.40162421359326006
0.42688887593653929
0.32307429625927542
0.34179773752509723
0.35937147167477407
0.39301307805480207
0.34208208002360141
0.34360345184165081
0.25129585796847276
0.23316735423454568
0.32658911553470793
0.38687965663675067
0.40806439119211912
0.34911615647375821
0.36420467595404132
0.31798621537189953
0.37095825326718612
0.30648806015847452
0.36543059525666249
0.31463199074406922
0.36242329970269049
0.33448388356602343
0.37602576660709658
0.34947740073193234
0.30111312116882882
0.39883834283912828
0.32010258949634923
0.37640758920476342
0.27983536272236303
0.29510290198959505
0.32387443669203536
0.32855592664375322
0.3193873520988687
0.40210117315650429
0.33428972466887441
0.39043710861871056
0.3506353595234768
0.33194694945923664
0.31863960142002984
0.3752477247458994
0.21411713592476583
0.28503945937194203
0.3527329533896067
0.30984950612593409
0.42244706276994559
0.28728890904811827
0.33379881370972569
0.31094280839286337
0.3407851796381558
0.3410586299423482
0.35762791960038259
0.41050987477240175
0.34203471837501959
0.34040284275650673
0.36382490252253336
0.3659183332403762
0.37427855838317098
0.38330124355612344
0.38756771053101863
0.32804418099374882
0.36229158777708614
0.34985857338174042
0.37679162696553609
0.37182135529720084
0.33270003679229354
0.37950605539186566
0.33017642362631999
0.31285409754879268
0.37498343386204663
0.32639109185307558
0.36604322783834098
0.3241910501687662
0.24020167715766802
0.21853982206661834
0.4403350903333465
0.37055525218053792
0.37076743882536323
0.38985789528407916
0.36972892122215589
0.41343073376262685
0.30458998164417911
0.31571898533401926
0.34858507731470467
0.35696771691328233
0.39822427562031842
0.3571820730107137
0.26346815244583782
0.37380629706017154
0.34679889055871843
0.46858049861286954
0.37132920491543853
0.32359730040411805
0.3098018517393698
0.34423324958669876
0.30048331627445884
0.36731924470775268
0.31867485552765923
0.31867639016359978
0.33634874343068555
0.31496342505704816
0.34833827512052634
0.31564380367485428
0.33317782215340808
0.37099310895589288
0.25123401598291939
0.19497099763150666
0.35672736646058401
0.37493058464007739
0.30557113872872693
0.32703049640165044
0.35666316421163757
0.33629252674812904
0.30400666781572916
0.33541744185392869
0.33922295366935173
0.35438830493304352
0.40769611526921001
0.35376048222912404
0.3368566307787233
0.3597114743420925
0.3100763762476752
0.37619827397632721
0.3062725675109067
0.39160029050786627
0.359545497654506
0.33906385238716363
0.34866231575509538
0.36547957986149671
0.41902353056251918
0.32957035228697024
0.34038058360230328
0.36298196805128186
0.32238604921900199
0.35790867922845726
0.32116863678194313
0.3186000588431786
0.30747754783301517
0.13677324998950935
0.40652872979506649
0.41723051631413244
0.16434464816724162
0.21027419902198161
0.22887494212837264
0.23324122461835003
0.21178457559919064
0.26900010123242685
0.25767857769250913
0.24761082892931138
0.31818790675705133
0.36742642816570387
0.25248507573278134
0.37188840595992428
0.26366899097164403
0.20312631093348074
0.26045067259764898
0.1868101562479299
0.18588841269228856
0.19410248647326558
0.28446662587396798
0.21785257827564586
0.48913566968967703
0.32383505191234013
0.28430603461506615
0.35049740610474855
0.28525447788022168
0.19328940115583215
0.36039267323556662
0.21467237805421313
0.257590058255037
