640 6
62797894.695470341
0.24558437380528547
0.47827832803901077
0.31254678064333852
0.35117450443114678
0.34606077354087372
0.37634736221660808
0.43939789213598329
0.28524826224699057
0.36370122789180892
0.31770652839268032
0.24259325743050025
0.34301031912487584
0.25667689685903028
0.43871374267376367
0.24995210231454126
0.2347200079455348
0.32375707035170614
0.25548555291188457
0.62216169573167401
0.34049602647120364
0.37205562936432357
0.46772662390485226
0.33137013565312573
0.28699381898304982
0.32690714318836778
0.22235653381344225
0.36198662652730018
0.46385682394234379
0.34792297684488238
0.45913542926985212
0.42590803451555359
0.15313004403863495
0.35274523915580663
0.4270805285161583
0.40795601095922845
0.42317190892102891
0.34304952657976756
0.45200257404367639
0.4921605620122797
0.40328100572023584
0.48407147426866098
0.3687162845194904
0.45744351824079954
0.44411961795586352
0.43190847823479456
0.41443054656713846
0.37461338846389824
0.50738368815491119
0.40910313608884363
0.51115910042974233
0.37961386094266325
0.4208077806890701
0.3278710524413192
0.46411242744523801
0.38585915119991809
0.42214030790318691
0.32508389173470331
0.37842755892637303
0.40404716309987776
0.44578570466726303
0.42082412173451694
0.36308711653589654
0.4563303806805018
0.395626638364179
0.28871754126483512
0.35486554297696898
0.37095783816125361
0.36884327986216031
0.44370243845651591
0.40058552009305481
0.46143374082219979
0.41033744069732947
0.38789220919302386
0.36251035533512982
0.34792405340699206
0.38221002656597908
0.49756131495126776
0.36181897073289376
0.42051468175211348
0.52621983044196818
0.47840983440155116
0.44957794685452379
0.36593392390291413
0.38843832456435162
0.46432466350348256
0.35304085797414009
0.39972390046996081
0.42442160810482599
0.45834900683927499
0.43136591577049693
0.35657956322679624
0.31449093238306808
0.45585125813328059
0.37608482433321905
0.41742934116200198
0.20309274334000771
0.22272606949645923
0.38675292101290676
0.45746005303250431
0.41427476835524557
0.38174931214538382
0.45113281121013638
0.3043515928630649
0.37186846194363121
0.39803648928904956
0.38786559470390553
0.36139694154242569
0.44104109633810706
0.40952368108809134
0.41324899776894591
0.43784636673694627
0.34316388686193194
0.38816859476768584
0.38161358592048644
0.30956224560800538
0.38516038460621543
0.37469120349101881
0.37372253624320334
0.4903599759607617
0.38534259114442104
0.32885186543020029
0.6264115503423463
0.32456395447829145
0.34211520952376312
0.28375293705645782
0.34905287653458938
0.37954816438616279
0.34230322308539518
0.30684911353104399
0.36269510096694135
0.34792214341241967
0.3930405908356277
0.41630316534485101
0.39908729458681402
0.39407115883069321
0.4535706328287557
0.37951363438406926
0.55382821386830428
0.32999876086766555
0.40594162833721043
0.28665697434997067
0.44116328515854275
0.37579673182052742
0.40224759955956896
0.33583630846877016
0.37289820142095342
0.36761250706258175
0.37624465873729929
0.30991074067471774
0.43824530991510696
0.42105530348687775
0.46886021052435617
0.34405311974625752
0.41629840108438565
0.42079726402110185
0.41062142736550511
0.33960641215962767
0.48222488347454329
0.38974402716955131
0.32472684563590248
0.33214076236070689
0.3511320043404304
0.4190278450452074
0.40450302475591343
0.43595737811465873
0.4092939431955453
0.31650250371601341
0.38061630652291167
0.39447757289750629
0.40570253579328652
0.49317255986992992
0.27552756295830277
0.37411415768453171
0.40616219299967199
0.38993647258250252
0.43468009683646514
0.37628150607863337
0.44711952541064071
0.3756012246435731
0.47073342947227287
0.37691579928985763
0.43661246074340732
0.51212506482093789
0.48115504998458969
0.39634547927837649
0.43588722359471438
0.32337413556261951
0.41871083199715781
0.59114211602113353
0.44878014325442322
0.53909163284912343
0.33942191427738055
0.40213512120421957
0.43332629405373446
0.3522565805292418
0.41790260698072257
0.47395293160003116
0.38454280802693269
0.42908200209549224
0.36361254011836064
0.44354075911045748
0.42063768212071995
0.36992838594477712
0.39468968882062061
0.45990255095055743
0.40038006294974487
0.34349990906912736
0.3746675577134872
0.39087203432235013
0.71756887650752454
0.49061213724024583
0.3662543656018224
0.37125112890958201
0.39985950594939901
0.45013393909484462
0.46448815005623389
0.30249857603888924
0.50451291690602829
0.38097145869117188
0.44649080605159719
0.58051191686652925
0.36124205061913389
0.38525574582262334
0.35763289985738411
0.34470633807448847
0.42779526187153311
0.41225876886424262
0.47459901726743309
0.37015030369486235
0.43321435070427811
0.41522318770041289
0.39787941906834257
0.28996813787612041
0.45575975415682524
0.42608874912616218
0.39611776302506058
0.44412970698660204
0.35383082939253047
0.28258682960517656
0.51133452665227519
0.42313486156548541
0.56765185230785942
0.40737667428929225
0.45785380275354476
0.39990373890544295
0.44181919056057412
0.34886100377578888
0.36435434699298269
0.37423338826765784
0.4000500295450512
0.44616006112986623
0.43832831451891352
0.51071855353952411
0.4598008586417609
0.38123278105831104
0.34563786100906901
0.49731859894969943
0.42834658972037337
0.33998535835340027
0.35764469832015322
0.36452575931042142
0.39968302504500036
0.28749872885082733
0.3659148046814153
0.37341912362271684
0.41094493760661815
0.35799259447258508
0.45334024707812665
0.3980178196622528
0.45760914688423532
0.37421381282568256
0.37056583081873901
0.41717439752533142
0.52730833068174321
0.37612033793009614
0.41850684215562484
0.38481853463277976
0.43019291330924547
0.38574405112664989
0.43964309793741568
0.40688382005142304
0.45399417126032737
0.38992880602101904
0.37529886245931549
0.39990914636410363
0.36300099290717885
0.36161591971097301
0.27898409385936984
0.29385382733272253
0.40203803378685282
0.32988649854390101
0.46374317795583964
0.3850250188695078
0.37619634567086796
0.41830389810644414
0.43921344330344814
0.46889940733815749
0.3592907952770461
0.41105616843010584
0.42985719625344693
0.2948306987817581
0.43103907955712778
0.49401612084787949
0.41183499449945815
0.39003226599479718
0.47261293411264893
0.58882075920360344
0.38376390057229787
0.32789154117321523
0.59354504277131503
0.292058405453958
0.37085026888142164
0.37823108302799546
0.43654279908322768
0.39238013302553421
0.46622966085892026
0.46399935153177396
0.32448911375867467
0.62083546285551972
0.26832637454167868
0.31641808380534941
0.44770208789961874
0.39758836506921058
0.39026757919397664
0.49341038937184911
0.41375965077951848
0.47513006380324541
0.46311415572134906
0.40094700867176791
0.32339354140120663
0.39623964575234788
0.39761337240527506
0.39535573051990192
0.4028679282450382
0.48486661283793792
0.44530356687934214
0.3631286797002366
0.43751574766030016
0.53189275009040449
0.30731513184239889
0.35734429538886991
0.34691406116359308
0.4182004386684563
0.41538970254671964
0.29883364713233335
0.38859497107545138
0.3576090924468614
0.36576339732608215
0.469070091220126
0.36855008343576195
0.41172819294306512
0.30937965049953858
0.32283337416355623
0.51384535354893723
0.42767654630924407
0.475006435982751
0.38916557903300558
0.33969006300243521
0.51560978095770971
0.47460307334593954
0.43670689930173295
0.3387844741994025
0.3688739304147578
0.37582670874910129
0.46012646937045504
0.33202114526618348
0.35877952597103141
0.41452652131221374
0.38155156054682721
0.41649052995853725
0.4515343015527441
0.48075338840096049
0.38854774532581138
0.46800192392091211
0.2598138033660341
0.38283305625285008
0.37165079127959538
0.43258891614645356
0.34586972828985707
0.40239874512904811
0.4126687448666515
0.44105893006911362
0.41247842874461305
0.28623528404506066
0.34725718081095475
0.31671365617821168
0.47075684517549043
0.36507762351082756
0.60225717000638834
0.35524719198278121
0.38184798186266977
0.37017028607677233
0.38449655912215125
0.35705294011878924
0.49868383902116836
0.40203610959225466
0.38878630011827564
0.35537355062384185
0.425938693923259
0.40813779047014859
0.4658298161790565
0.38171124053475519
0.35363374395817743
0.3908203772273362
0.35402768999516637
0.30640003087410722
0.41927151516951588
0.40709368952164915
0.48979383782749336
0.420192450966346
0.42043466488996073
0.49701757617292347
0.38616749621760649
0.34286374384154222
0.37963271723343472
0.34193195779415092
0.42188870214186747
0.41918135723272532
0.34971721647048276
0.33719644980417374
0.35037571157811026
0.40098238364355732
0.65769939756463991
0.42974213027070735
0.34254677032544173
0.36933836525331037
0.32386934414213109
0.47650050139580835
0.37851283854831386
0.48493345736116439
0.27472956043813335
0.45000144055578256
0.49656220545615448
0.56706578010453246
0.40239402555538167
0.39445070326116255
0.37146213434028541
0.4512784971845038
0.40233999677543497
0.42950409249737881
0.37528108801932974
0.33351938745496862
0.38819299592814799
0.35448016500281265
0.3919761005336091
0.35857024079806715
0.46169942652528945
0.39316408638739964
0.42677750923440411
0.29494567136740507
0.46326109132311521
0.34574569036001601
0.42530573093992807
0.45907193053878437
0.51781680517893469
0.49693756301644892
0.40074050079975876
0.41811476743625953
0.60184009742213584
0.30345132860165214
0.37855181654026993
0.33856766930707777
0.39265417199395913
0.46609491576526951
0.36765648885466068
0.43256908864274668
0.48609841014201854
0.38460551709383983
0.43279749547584762
0.40318659559194209
0.45582851687611542
0.39715630208722058
0.37791150007916119
0.46592019549627711
0.37842022874698639
0.43671303829360442
0.36840713261500285
0.50080114083595284
0.35309517549505082
0.37270055010683406
0.3027705346447066
0.37284583313224401
0.46284565096327279
0.43443586545852442
0.50042521503450521
0.37854389455380016
0.46447769623972074
0.38485011188027402
0.37985567753757588
0.50421237568672195
0.41439664752040223
0.4576328352953567
0.4226020522202058
0.44595703405521692
0.44449604629055656
0.41830869433330808
0.39691064608947829
0.38186678707167016
0.33071369309432941
0.43346510355366202
0.4208205140585432
0.38982991917289345
0.36239540731037861
0.40665850675407872
0.5323429756364515
0.44167422020860592
0.38240345225704814
0.39916794637464703
0.39592129487157351
0.34322580390182572
0.41014977408310682
0.52480778036117615
0.273909307651788
0.32043207481356939
0.36027942411759234
0.44478332838620166
0.35214689435703561
0.42876744478117607
0.29943781332761615
0.41458738576168097
0.41454926284256438
0.4378563964342993
0.44691631118124259
0.31842026600180279
0.31637132903204829
0.45090620946578708
0.34329992450853064
0.40582627621091721
0.39047774335919644
0.41405029665544785
0.4221652789917375
0.46601635656902435
0.4379903215659372
0.54093661581459496
0.38568071753232452
0.38165731552310317
0.36347525745053211
0.3350446050906305
0.55145438432902749
0.41491745975049754
0.40618155201854572
0.53163014906788386
0.36931931081087105
0.30174563438783125
0.24096562654377512
0.40675637132614667
0.38501538411401542
0.39303862396648459
0.35865007617116507
0.47070151723939652
0.40677756801620019
0.34281337960700381
0.39901752397908585
0.35314389194483953
0.34071090217984751
0.50706320016398176
0.3526459881256126
0.35430409364560772
0.41205106589861673
0.33689842084798793
0.40230247507380451
0.37459706777425034
0.46425018955140918
0.64816255559341118
0.48562702748159575
0.50280594194370853
0.31336441666623593
0.34732547262928021
0.38082768778246873
0.34039752025796388
0.39940909829124194
0.36865821975593965
0.4993369057235339
0.38044249998483998
0.36707090404014375
0.24124697266282263
0.39709152016007643
0.36908412631321347
0.36333116380979447
0.36449993941951953
0.25527814004177712
0.46804591354046443
0.35763997072415715
0.40716402844399674
0.4098210181081085
0.41420230034182015
0.36576898390046014
0.40657204255214563
0.57787263531822053
0.33053827387987328
0.39170640140304852
0.4852725101954159
0.38329284896091337
0.34972702432857278
0.33218896456532276
0.36993594709583882
0.34473572752455284
0.48719512986367375
0.47391134548197561
0.60565698546502911
0.4711200141674774
0.33933651492330241
0.48217940778631946
0.44415923423343984
0.40432431246709316
0.42259703721985487
0.53732731535941292
0.26777617820293692
0.25471212430857754
0.39918621344025701
0.364515606029511
0.45806668994358923
0.36742602059946683
0.44858597617936585
0.42620875669196329
0.49008006712758262
0.36835154605876319
0.5045824046263887
0.42838658812511543
0.34894940824582071
0.39036299200470653
0.39437003231989104
0.34697105641695958
0.37842491389055938
0.40848807418204208
0.45698930001792426
0.53962743233720378
0.44611924569924016
0.40297959006801942
0.35101631504148478
0.44301668082553919
0.39540297009821651
0.4577150059490665
0.37925464603665837
0.34737833787949068
0.46159383812396598
0.50302577918413716
0.55515753538852619
0.35736551207159756
0.37398168721427655
0.5452256047215287
0.50541227742285744
0.38876024214185478
0.57076931335638237
0.36818336629325837
0.45496934591992283
0.35308434588129312
0.46802866316223612
0.35662250678396373
0.31043060682130319
0.45536518634592632
0.45332692589229245
0.53538196791716253
0.40898799805889613
0.40080778363923852
0.39925726177555831
0.37492183550153452
0.37950154955653997
0.37845494861446416
0.51758210800355697
0.45877833971490223
0.47713914830099763
0.45971998603577119
0.3494101201305852
0.36759968857606484
0.35887039157372602
0.38711420339367686
0.54450741695521354
0.29477595231682918
0.35637344776261659
0.30327257454721035
0.42712522802937669
0.36079735831329091
0.52194010724333062
0.38306876741447876
0.3134573934716679
0.36554356309916153
0.51457473143558874
0.46161301272314681
0.47928069735924245
0.40372175946463551
0.36611447261449576
0.35984913951698405
0.39678784944133816
0.43566150480629673
0.42004860733711857
0.33520027493624149
0.40365690449687669
0.45905985478493239
0.47079291664850065
0.6175994166211477
0.41827926452789116
0.37107843645479605
0.37673878795900956
0.37871005269341523
0.51345261360860783
0.37996488224496983
0.40846791304048202
0.37857485460433465
0.38878379092256665
0.50457983704328935
0.39911551639531673
0.30673377652251599
0.22497820552141051
0.41471941207176755
0.34828414684121478
0.34100141620807739
0.43683470631690047
0.37442943538077106
0.53579886966283374
0.36699670040654381
0.35376772259801748
0.38840442527580543
0.37529080774869511
0.49590915716007195
0.37566430802358125
0.35374014984715335
0.46399842832641341
0.38708968169134922
0.40477798560890177
0.60001905263344713
0.30351654906965114
0.53942738764734044
0.505430619886587
0.65656620337773841
0.39205333612054794
0.43881653397030362
0.37527386611076868
0.48339243370253043
0.3707403557950783
0.37367236319217922
0.36524781754536656
0.34705324463603859
0.38600282507186362
0.43212542555735078
0.39157631848481345
0.28603914331002367
0.45018831336307569
0.34069873394969435
0.42914850647368524
0.42723501090137433
0.25266287803453547
0.40513907959877016
0.30299856703625255
0.40269955700451665
0.37426420901885254
0.3806889955911763
0.51739407727195763
0.37436307276367686
0.40765851711537382
0.36533871859459333
0.46285688218702092
0.42052366367137545
0.33817800933343789
0.37137670917639165
0.4040555181877557
0.47379848826970183
0.36476437508876991
0.38324473448382146
0.39058977708581744
0.53333705618409821
0.48728564967375576
0.35362505299316022
0.48473153252081314
0.42301876413427247
0.43916134385357875
0.5607990925487536
0.30637286351626303
0.23417706212171852
0.4240040004606363
0.3506817413522082
0.44819222290429517
0.38690485283031351
0.43501150930600885
0.35695809043787974
0.58741291158242481
0.3442978022279567
0.33421484910323546
0.43669816076630263
0.37601132102144819
0.39939991786031126
0.48061158033406959
0.30109445272463597
0.35040759312087028
0.37638949289852025
0.41511358123231423
0.52684592421227738
0.43130322705803892
0.4276037191592702
0.41038975600719924
0.3657431523785471
0.37582775822842412
0.32103903090620856
0.31442908521913032
0.47078770233885575
0.50909854901798257
0.49645363020865124
0.39785627124456313
0.30066380490011724
0.33699575628484163
0.28959585285758688
0.35882586416619217
0.30890345072195324
0.43709100530418821
0.46931523966720406
0.51060176006343005
0.37450598175469746
0.46650396627441365
0.41227954570460607
0.3886003371770087
0.33434131647654503
0.48376224477968854
0.3626270867629926
0.4914613384121389
0.32701741848187504
0.41353725270410768
0.35419566835528349
0.37686163819031904
0.52113466960978594
0.41553200408231927
0.55907205621984846
0.470402720314816
0.37910361417843685
0.36246761354531032
0.43132045284153014
0.38120044394094577
0.4118293219534172
0.38630990547370986
0.38507846668684664
0.38774500801757522
0.46663080605262003
0.41456200191120662
0.32501942232412057
0.41920222016461739
0.4231332917730572
0.39904630116217216
0.3320624197426138
0.4311088244653658
0.38170603971689965
0.38495853404555475
0.42633404236385181
0.38598784773150202
0.42891173470859151
0.4117307792044248
0.34057285197193943
0.52121132247870605
0.45313671408826556
0.42083343510095861
0.36241917174806354
0.37783884368044196
0.46124615218125004
0.35437239557888872
0.38102023995851064
0.4120237953428118
0.34658111678056486
0.33826685806300866
0.36355584301136201
0.37607464950501013
0.41323602124430475
0.32449941115004161
0.34848497859958449
0.44997416193723588
0.51112296404819624
0.28892228631261391
0.27485590103465685
0.33716402920660038
0.46865307973363168
0.39274173831572418
0.43164058628616014
0.42146445072016236
0.39546685730943298
0.38524656877811075
0.43380907539346042
0.33879247561633774
0.60998465462129225
0.38253297482170534
0.48600689056127577
0.41688185912729031
0.50638847057023906
0.3729142350391591
0.34331957187411644
0.37861399443267901
0.32704443960600238
0.54214805237998731
0.33331045555190519
0.41029158553325007
0.37272931729930658
0.34922347619361122
0.37130847045960103
0.47011761638428096
0.43064278112708987
0.40576607619058597
0.49575297491099207
0.33843801715501903
0.33372335487086707
0.31208279118731092
0.30965240935867788
0.36493567251122849
0.44675111508385312
0.3399079930609385
0.46398778441555372
0.39528079625618584
0.40701400162817697
0.40700496562183036
0.40855833150957438
0.37636523895363033
0.39208659158902059
0.36056442915521403
0.3674450635302452
0.31951422835517201
0.54812616119741808
0.43796019941043696
0.41786659096094003
0.32968745029625263
0.46088587231308431
0.38653867685792215
0.4927992974162187
0.43804759576887725
0.51038927081081975
0.50340956212837862
0.39986607712890293
0.43263499277175643
0.41243968728190689
0.48458086322573884
0.38993785852298446
0.37605050602673562
0.42022279542885405
0.1984371022238989
0.43478242355261332
0.57061485105448928
0.4694122209708862
0.54305480734233258
0.41059341604987809
0.46299471336651171
0.4585632382858536
0.40879942847023848
0.3642020997861351
0.39766355164124695
0.47700168927636089
0.46634535220699558
0.46226962104600211
0.27909723384057722
0.44802857315489042
0.30742303927035569
0.47197265534565347
0.43682175968804315
0.52184201473712166
0.37773552802207577
0.41183779509882124
0.44340882154530625
0.43320464825607158
0.39909169152604934
0.50360810078394647
0.39486003602826231
0.30831815009289643
0.32957405517512711
0.46015424240958452
0.36049143907206543
0.32629443079682907
0.24603731180214447
0.29410885826418343
0.63859366990032906
0.42624989106777444
0.31829955790286252
0.5003569918640377
0.38474490753257651
0.39652189642001556
0.35698000262761592
0.3760518637839198
0.4282159138640238
0.43807435548882068
0.36305588542653894
0.34616403478289182
0.40246082710693198
0.4588789933403809
0.404404834046873
0.38937957529470352
0.42917334453959732
0.43072267116187885
0.29702313059825353
0.34892177628407539
0.4171283252757938
0.367153275873427
0.40302625632948735
0.47024894325467992
0.30484251311049848
0.40039379470964714
0.37811638726131025
0.52531983971584995
0.34314656557115508
0.4659386833540719
0.30181754232581282
0.2904088475751867
0.2992996361531931
0.32470677894734523
0.25770669278423231
0.41946500533087977
0.44114766491873897
0.28914581236924319
0.28815568924701856
0.35973353907143835
0.45648390582415327
0.39019307039814471
0.30944471064691897
0.20149012713519529
0.31845281335623721
0.43269589839889705
0.29416189447205154
0.28070057003239085
0.34864344875419634
0.26376215494024291
0.3112737493023463
0.40959079300144474
0.40274241222176582
0.40127174859134346
0.24885991328947485
0.3902948986103742
0.20564357484460927
0.32582867547259076
0.44405952180270009
0.27467822032658912
0.32323353266733568
0.29310968755000005
0.14648765004848385
0.27885856547930571
0.45586567335785677
0.39091733163793529
0.36754159572912354
0.43708493619840433
0.35044524313058112
0.41881823959174708
0.38148781265084891
0.4243593055073771
0.35882551454192918
0.40685541314367568
0.50643229543345669
0.42447675030325999
0.35859829546631394
0.38032061432477665
0.54238849543831036
0.51888986857339836
0.41551143768303045
0.42704004826615971
0.38997572843385797
0.3222066942606106
0.36166375437481074
0.35332207773583424
0.48514678967919594
0.40664510398362985
0.45077562595700099
0.51287911028301614
0.42814141300418379
0.32175126008305305
0.40400667681379415
0.45367760521890194
0.25831768160085561
0.42908785594372323
0.45207204756418079
0.47681792873976986
0.51672820684648624
0.61705801800125881
0.56933104434085369
0.55891884465178643
0.51796474720497743
0.48597554500620915
0.52654412664103756
0.42932033962745947
0.51161165038328982
0.49617253416679985
0.52746957113873472
0.43929515456659418
0.48385413441101915
0.57977888736583572
0.42331640782964369
0.50005894062656331
0.51056174556830125
0.51046545755594996
0.50084553067809268
0.48416029201912653
0.48450469333123608
0.50184732685103817
0.48432127029673894
0.46400672712792801
0.57918668338001611
0.52931789183181877
0.2944987372372328
0.45565829437937677
0.43728562884084821
0.3023781140207622
0.44299158339628331
0.54908195472794119
0.52958121669173042
0.48325090032902235
0.42583803644023027
0.48449959429599471
0.55085579922548622
0.43193794747147957
0.45771925092504062
0.50676330272378733
0.46604040574312589
0.49759550362438354
0.50099075774056157
0.55633028940897444
0.46858066174944113
0.56836355233535618
0.47013378195792838
0.44246141903161285
0.43109421192629566
0.56780512416677309
0.47141855287070428
0.49226535338496508
0.4569853447666985
0.57310224202968618
0.46711851489613609
0.58694473845418138
0.48295937718800286
0.54187959285272491
0.47928667894700716
0.59227627552163031
0.42727576939255302
0.41504661513490776
0.50978772085905888
0.45083531533658411
0.50018089599823057
0.49549833657357112
0.51656556408216081
0.47574014760139349
0.45364082898331287
0.53433097967987531
0.53229140327380331
0.45462901080837698
0.44990565187934051
0.46011647110212628
0.47103427778581641
0.51565087178198676
0.57490300063011168
0.49378033398261001
0.44298862725844074
0.54367538766638379
0.52501729621764315
0.448396665920752
0.48362776906193533
0.55320863083924721
0.65032863410620934
0.46702010828484813
0.53467083762815459
0.46750925753399608
0.50342943780701299
0.5015189299372026
0.46851080869554507
0.46659880167191259
0.48719824354148772
0.34241502070454466
0.52596076442566486
0.34848058886952615
0.45530164765287107
0.54257009812568224
0.56199028717933885
0.52295446922290645
0.58468774343418539
0.50570753322377238
0.55284479524438346
0.41086109366222923
0.53220789818842273
0.50807849917153314
0.4900121817773716
0.54906217853071859
0.59328701829890662
0.50498904694494307
0.59906612969717921
0.45704113854147138
0.50838239897551762
0.53740332270597413
0.59418695209056127
0.49494269154921444
0.41828999127289596
0.55639098756945726
0.48651402810243277
0.57123027493032696
0.51426870240510314
0.45048273766107705
0.54669985108074992
0.53758957446729938
0.36072712442242577
0.27648143323384944
0.50711490606833076
0.45596884545543953
0.52577390336963414
0.4333701873174341
0.49285328088515185
0.51249676478326445
0.37667405897715411
0.48571644485713744
0.31482650948934332
0.54152546742256513
0.44721131195636404
0.50383032193139698
0.42320879561274977
0.52424141239904642
0.47982917335429448
0.57975630491824193
0.51820883616198299
0.54532274188328611
0.46079242907082174
0.55521153593854822
0.48024674508897464
0.5892520114808425
0.46547212975885882
0.52362933169074144
0.44915285340582117
0.43066796466239532
0.4400173664060561
0.59282015752586259
0.55427827649938932
0.51113150418947961
0.53325424992045611
0.41724809260416024
0.60482484803056835
0.56239462129881812
0.58572005389037396
0.46661124347008243
0.51598666184715158
0.45808880189843965
0.49308604578508253
0.53725070402393083
0.52723746783016145
0.45700383407314782
0.45922651548232385
0.43041528947954261
0.50467778931147012
0.45602261404858763
0.52528047098920327
0.53748279926275888
0.51379534977590424
0.45965513032373256
0.48622686074910915
0.42249515690351219
0.48410531819423164
0.49243668239006383
0.44282511423941334
0.48596916093057302
0.53055443975797123
0.43859116831869721
0.50485396875420052
0.47188234698852943
0.51650281976457335
0.48448639560400497
0.28956098151504889
0.35989923368584775
0.54509380084109882
0.51358600259493759
0.45789605875325162
0.45595074749268694
0.45657040279082817
0.5703784241908415
0.55147248259678194
0.55373589169977344
0.50463380815665482
0.47729340912185642
0.59437854414578095
0.5079159239778126
0.47903030464149221
0.56912232700176768
0.47011797622797086
0.53206109335421348
0.48145161027685579
0.47491834018546891
0.45914026717930434
0.48221493107098307
0.54739482322244204
0.46315161462784188
0.54421683510671914
0.52145953005308621
0.54472964890403774
0.4087259765255925
0.42053909483284524
0.51949652608466201
0.45587261843085347
0.44147691260672367
0.47581021343411195
0.37556711160105377
0.52982138818641267
0.45252557784884712
0.35912881636219274
0.57937958930098876
0.50208178306073914
0.5017335317912528
0.5268417103098918
0.41432916033798622
0.52278341848233456
0.51561214866631455
0.38884872315103552
0.52063960626468597
0.48018006310694072
0.49158834584931638
0.49299802600426029
0.53457757070457912
0.50381181060548708
0.51206487266429146
0.48541779088018738
0.56496989103436968
0.45614254081369615
0.5240994301245
0.49432329205691622
0.56463849099904539
0.49556367227934828
0.50850073441046628
0.53411438249290499
0.42563081909836675
0.54886558886868941
0.61321297227441085
0.45051860837956914
0.41740047830859867
0.34121968539915171
0.55007416411531729
0.56957253625616922
0.48205862570935726
0.53745708226344369
0.43652481756098854
0.35243393182385052
0.416828518042199
0.51683988238789802
0.42958860182321579
0.48686452248178064
0.49356432221371072
0.53423090292546205
0.54567166982778381
0.57895259051467129
0.43876873590242665
0.53349019906119965
0.4916909247045313
0.4667197978989126
0.54036871993791558
0.51423920604421114
0.55470311832804808
0.46364670937486546
0.51767743124154408
0.60754963865084832
0.5612658405758737
0.45122746005917563
0.39569819893749292
0.53013359183095921
0.53720608162506822
0.36717484413338147
0.35894708797068803
0.55197304876318209
0.48014822829856296
0.52709683871038404
0.51936813014383376
0.55368585427674333
0.60955701919215921
0.59605794771533216
0.52624381632691031
0.64325576935615525
0.49054062526464209
0.50458492109270603
0.4928903456797285
0.51673506248761458
0.49487586122336924
0.45577161498677365
0.52141690165617538
0.51037711666964436
0.49827245148666938
0.43505115241347686
0.48567118759185546
0.48707967501323685
0.44195249733480585
0.52948933486858574
0.45324709141552066
0.36789588321027189
0.49284496323773153
0.48747990526081358
0.46742988462858476
0.47082154248533614
0.49027571207058696
0.47450560427505978
0.34171832332897234
0.49472710743008474
0.46599093607576708
0.48451825359759332
0.43992464926336927
0.50731992778487667
0.51040895275602838
0.47173229848030029
0.54493550384568512
0.50492721879620162
0.52935252579912284
0.54767841459634392
0.43919037288730484
0.45662625649135158
0.53198243734872708
0.42151554171437633
0.51630110975910926
0.50853613968627642
0.49217853920357257
0.46585217897450804
0.54338722363703562
0.45120844989980768
0.47299274145065728
0.51230216160663111
0.40849409963856376
0.56566698527473969
0.55427496380720997
0.51754426692124145
0.4639652791981046
0.5076030532408079
0.46910747314308071
0.42803659264480481
0.44785817976356612
0.36898852867177806
0.53651461299668135
0.50517213986567722
0.46287835781493164
0.47679522769705474
0.51044997312207019
0.48064942441532971
0.53053933042343415
0.51433489433653623
0.44237573746288761
0.47583222953370519
0.53010889561767427
0.48773803198748628
0.44293313403275619
0.48836673374683193
0.49152142022747741
0.506285261080203
0.45179996100694986
0.49309598375688324
0.398142041837794
0.5229403745376543
0.45909710715798169
0.62802532899351748
0.53784849706129401
0.45069333710266579
0.43743354779205346
0.52626596580955354
0.49670200441259565
0.55518913532978476
0.48024206086739019
0.38608102851038328
0.36918178693099341
0.5345742182592006
0.51711338259526052
0.51519846868791619
0.46999564741900923
0.53714344850803286
0.47305409711685603
0.59553755409343068
0.53815091953776517
0.63631982086008765
0.46615669468270138
0.51155370723295412
0.54488212369210243
0.4395452063456538
0.57294570009320667
0.46222136682024306
0.51613592573997202
0.55636836712985449
0.53504902321313963
0.54997229199586362
0.4903514475767104
0.59120719957545254
0.55067240293138975
0.54444084396887071
0.4862830333656229
0.51452624878592423
0.59173332835401338
0.37295934446130413
0.57066019215905983
0.51734000092464283
0.42748096691345794
0.43470365999759847
0.40447340655465924
0.47332592748803465
0.500521681823627
0.50653176110865206
0.5542440776170855
0.52424440840168995
0.5416197668705125
0.51269638420461916
0.5742698405655392
0.51464487086542754
0.49308141676092759
0.49053523057464449
0.46191118647757778
0.39720212985858805
0.50778141469390303
0.53180810537154855
0.53851724891727903
0.59718021854303271
0.49128106304969599
0.47753408332211111
0.55818527774651261
0.4815045697305404
0.49635494591781426
0.51455565397919001
0.40663272210229817
0.46218850923731503
0.52786634736736948
0.46692655268505173
0.44632870736509916
0.46036577031123416
0.46143306849459342
0.40114613872039034
0.40702316900481894
0.45785879719916439
0.48645822434121055
0.54192158644584076
0.49415984616548014
0.5122959156602348
0.54654755236673425
0.40668435944807296
0.49587180200601033
0.50088990349760409
0.44702918271999004
0.52838883853748464
0.47701579037228081
0.56161441617126084
0.51503498459383379
0.51200661643854928
0.51962931733034157
0.44470962525845109
0.41921348053386165
0.49993436273822467
0.54584898690649608
0.54080570735185907
0.57243570773509744
0.4962462546578878
0.49287413817202835
0.53073319896487603
0.48641494598785695
0.42498606847400272
0.45547362120355145
0.44764055510184464
0.60698511031929792
0.35192661936380187
0.48946481211467413
0.38610439224527271
0.58522833532859675
0.50171423332130105
0.5202491749704149
0.50726442823827766
0.51435691547970841
0.4690613251247851
0.44016436293816064
0.47838994387534062
0.51746920980733624
0.49942589049726377
0.47411575467770273
0.53050552901293502
0.51807017108216902
0.50188857938906528
0.43228322285787485
0.743084395427697
0.47046160507959583
0.47266749464046537
0.57609717744999056
0.4373046370997517
0.49432680312640703
0.49727499426198818
0.52992038484773296
0.49075258282636253
0.48107218620525632
0.48780453483094494
0.48110852291656392
0.42436396280898414
0.49323639052520035
0.48216567388721043
0.37989067524955078
0.58433391886245845
0.5037708659748853
0.53377190341864378
0.43981743360060555
0.50237881395948758
0.53903045042997566
0.50297781286783516
0.57620572781364665
0.53576570172676563
0.47769838449865326
0.47535011095043056
0.50507046406652434
0.42662904075431834
0.52438025201442762
0.64989817700771069
0.53957914904687443
0.43333436448361751
0.46263119614421777
0.58422606451621173
0.60193973338795881
0.41119276075813127
0.3724048140390806
0.45006712099280183
0.46840412251309044
0.47592656989606713
0.56373328284803392
0.55412492719218009
0.68150307331324922
0.52491497603398929
0.4883730795901603
0.42738510652760431
0.38919005490033909
0.58659626096343509
0.45235163285145263
0.46504585563504258
0.47080598433594062
0.38581791501535984
0.55034718679474059
0.42407776884303644
0.48215049362138818
0.48384244943493482
0.50026594997339835
0.45184098161373498
0.45220509014532867
0.52511058308845715
0.47891724103879985
0.52364988560004666
0.51434442309998185
0.52142945077781011
0.56200949425887836
0.4081082651252303
0.44462553087785955
0.49125723392753667
0.62599840986972899
0.46071766918941709
0.46198048260300922
0.47050364482786777
0.49744248784455775
0.39573397065669802
0.57747969938691868
0.36343022419189819
0.55826497581017476
0.35943419360711271
0.37968180985149941
0.51351118541985341
0.51667391401035445
0.54566487626099724
0.53594583576703203
0.54430557198758434
0.46412047222875252
0.48906418563218751
0.4965611236499502
0.58117776746231997
0.49169394827040136
0.45162864513585854
0.56912941823409191
0.52430246846452222
0.5170709390733409
0.44474512540246636
0.4356187988704629
0.47205392093073462
0.56540327687178515
0.46330292192536493
0.4871497415151978
0.5311655159645009
0.38651008582353868
0.4872916820892324
0.49982182228886407
0.45701623775843958
0.47032840654393293
0.4567224452520165
0.53463169809892097
0.52926677959615998
0.54345403598946085
0.42968030516315825
0.39977058166880103
0.50659797071490564
0.51159447652998347
0.44030071934830045
0.50906579717484024
0.45597458601934798
0.40183904877759791
0.45989717628756488
0.57303862322835064
0.53453732863226333
0.50769266280035419
0.60449566420228074
0.45296612347789067
0.50030881099756752
0.54856630846178966
0.58189941534350087
0.5083286747154534
0.44199974142448484
0.51714812748221295
0.40427593592938998
0.44422080464594838
0.57071566926187123
0.60409158014100195
0.54456830358240949
0.45093939601351613
0.5675288577090114
0.5055012346598774
0.54768836320214143
0.5423461393064315
0.46021065592679467
0.58177938654004824
0.37192595829434905
0.45152540025216614
0.50218045910832954
0.50634608672411419
0.5076577741201409
0.53017499074504715
0.56576209069175964
0.45631131496002469
0.41052156121887706
0.40631324195672253
0.49219250467585596
0.40630558009364925
0.45904333106710632
0.47857936209715157
0.47357880761835724
0.55573540148488987
0.43604183330282342
0.40220375540678727
0.47376243838186283
0.49311671844102528
0.55167115247500964
0.49032886680824722
0.53231732234320095
0.55215620589561409
0.46464259377930661
0.44339277164835456
0.48716816987591666
0.51382405009550436
0.54957572437570634
0.48829278206124904
0.45606321756081714
0.53082418864976111
0.44785726047463126
0.33360598048717965
0.50047404315366517
0.57367388086381566
0.44390897595366058
0.47095136650330838
0.52949619154984995
0.56675203995729184
0.51028325503276517
0.48669229646659729
0.49727578049318721
0.4772720490929927
0.48173015781624007
0.50434619991458063
0.49311994433004946
0.41342532356964323
0.54364504612111086
0.46341104824750284
0.36762191129409838
0.51910597537911363
0.51419001134316156
0.41836351959382134
0.57827611103654464
0.53127588785041857
0.49828856367895469
0.57163039890242695
0.57070526072734362
0.47222586138284994
0.52099700651745851
0.56670345614716089
0.57650945229755368
0.5429789022258743
0.37570332409294849
0.38451550960305869
0.4710620031550532
0.52531784839680284
0.53298773660310417
0.50110030857629051
0.53534285587806119
0.52392419764777687
0.42249690464590617
0.63596918232750388
0.55809746995499243
0.48826119932477546
0.55217497618044808
0.55958766402320292
0.52550806403801009
0.51279443296260063
0.521070289199423
0.41594680089792546
0.4590867794077112
0.4681511119737089
0.51017537145605463
0.51884346979354345
0.54521376423209722
0.54396814374344926
0.42144731348955305
0.53475093421137432
0.5352841518386694
0.53487923816002869
0.47290310803297342
0.60108157255224492
0.48728420563517449
0.51980578647623676
0.34096895902072927
0.35131544509063917
0.54992239430858514
0.43666498433326034
0.45254973441074064
0.50408005653915156
0.55424860985422042
0.51667387957694477
0.50914421757744832
0.52127563928093856
0.46314999437440046
0.57023446539868683
0.40454300137998389
0.46494579345599113
0.52107908946103365
0.55745247719756319
0.54534121562040516
0.6014189838162487
0.46238655421411878
0.47450107272245984
0.50318665750542635
0.45116329039550768
0.53487673460601615
0.49700320285365523
0.50100072458751232
0.51371771769982288
0.51157614682061348
0.54380729998312993
0.43140504787192718
0.52821445988434501
0.56477574232561556
0.5187894922959595
0.6702662476566793
0.38309762092955579
0.44963087484743569
0.48794512678325774
0.4565158814716373
0.49705709505295681
0.54427168819414118
0.500217545127423
0.42917001926139026
0.56912128262101758
0.36834159947847422
0.4597548347245306
0.55569127878171209
0.50784176224198641
0.46981452988276823
0.43467161647783442
0.50471739535319327
0.49301156350579683
0.46511259350146084
0.50978784210179562
0.45575764334079233
0.53762340084184079
0.57355643825651781
0.53545821449606845
0.51577440595564861
0.5961061579666822
0.51848928586258125
0.52649793081813101
0.44691161695512072
0.49696860599976045
0.52430467389483348
0.46944107466396318
0.39929436108735178
0.34552896656462245
0.40048889372075758
0.49105664280146633
0.47620310808997296
0.45529843117898605
0.48219170196527245
0.51117107319462951
0.5075016641026342
0.50919131285586627
0.39928065397772172
0.48261086127730607
0.45257384038022291
0.51419286364773154
0.52787663613386715
0.49130360888426905
0.54218448326688629
0.39316736604929803
0.48464005818215095
0.57191011110752188
0.53085333504957311
0.4475118127191946
0.52172830893160915
0.49025219069814857
0.41840618171437216
0.62797775298996927
0.4875426047055475
0.55146651942034819
0.61099214143042779
0.49085748652281935
0.53305253043865797
0.50050722661253211
0.36916528568814527
0.39445914120481868
0.5214113738042071
0.46586408512230143
0.46853752816406607
0.40775393076531113
0.52042848478188841
0.51093854887118151
0.4727190180345523
0.52228131298936153
0.55535262433306498
0.5324172150702382
0.55000163676478298
0.45228001723613498
0.5479666499742607
0.49996549317063832
0.49710561859852798
0.50336421337779336
0.5081411790378928
0.64629659788394478
0.5385709181838052
0.54777429257566135
0.47895631971966385
0.59786469063700376
0.49938006759153825
0.50421778895207614
0.54053454078852059
0.43159825581361344
0.45163490126881423
0.56228520283825023
0.50824547926101438
0.48434941030622991
0.34766454003707575
0.5526026725329749
0.49561294704642872
0.40651933005734431
0.54439535920078719
0.56136211911073253
0.52830208737644169
0.4985534619086337
0.43417836994130377
0.43823346325098972
0.47615536242130291
0.55991530628674535
0.46301867073730918
0.50449973331803799
0.49246462528169965
0.52397411314971676
0.46156913268311739
0.58191138972716705
0.48428775346557906
0.52152217512872057
0.42914355421607236
0.60388132967798414
0.50870931955410248
0.53026974542886063
0.4636636150959576
0.57386068057551709
0.51476740535050336
0.47634514059156724
0.47503642133729812
0.43888798948336938
0.57681905580611081
0.48441238574379974
0.3820852019935852
0.38134471157512273
0.58128407092945045
0.55798482760709278
0.52094828531754056
0.44845715682233273
0.42643039127415389
0.54506752422000126
0.48543270021377954
0.54503548036363536
0.47795371266659137
0.50277429834500775
0.50057868726950083
0.45967772508717636
0.47149407125266118
0.50570477648597989
0.50840789736218828
0.57704810879595725
0.47581230756381215
0.49519777855238972
0.49311566223812014
0.51202789168521412
0.54636998532938663
0.37152104438180383
0.55574974663868748
0.44862303473888754
0.56225349205064168
0.52885839401806323
0.51670533402450969
0.55056218040257521
0.55428494635137826
0.4867194772606559
0.42851288496395723
0.47116263039678441
0.43823716018107828
0.44676268604860314
0.54547802233559839
0.53569574534031439
0.51302690162466602
0.54729804478768362
0.45928938706750011
0.55216560397525594
0.53442270770926803
0.37930218060304133
0.50776596942659336
0.56916022015644108
0.50963614591730133
0.52247270461873274
0.55911192013387756
0.55835324077445869
0.52823119964411658
0.56027893395558859
0.46997085667611821
0.39563929870063463
0.47914740356402807
0.47179925712197857
0.38411955465781028
0.43833072962643665
0.57510230601053636
0.48490705950614182
0.45459027246648026
0.51506343042456082
0.52554838362258871
0.48016574180669552
0.41773284227595486
0.30111222810280847
0.51584125209056264
0.43970114435190816
0.46728801186465435
0.45330080424132457
0.38718839301528385
0.36685031095284859
0.41460957546087152
0.44643619084559799
0.36182704256785958
0.34366827637218716
0.43258866061155066
0.38206576551687826
0.48478292170203618
0.38870327233357327
0.34325972580817327
0.37561120717479618
0.3785362402444748
0.39680173182787276
0.45632834034385167
0.31491056311109694
0.49630314124904329
0.39883950802551532
0.41254216635383606
0.37385092409058424
0.34998108094098335
0.42087346646583573
0.45622533483165673
0.37259534006959727
0.51932823546109819
0.38892964296760174
0.31191388234006912
0.27418847128584706
0.55566255039604617
0.41490917303072339
0.44179590609896197
0.48232293248488489
0.43180510489727869
0.38482726362719588
0.45180710801038626
0.51418413544068764
0.36259067944407875
0.39525705915541126
0.36439620416638474
0.38355973025872503
0.41257431042270615
0.46098304017374969
0.45739719895244085
0.52521564561555434
0.39167360274179702
0.47549642580618673
0.39844006846355395
0.53456386186640625
0.35913634559951485
0.33022586658841796
0.41988458366317905
0.30496724672552722
0.48211411311280011
0.31989324456517065
0.44471643596564236
0.37571385105093086
0.41287154290134953
0.48704585455980276
0.30715987414811546
0.3487939167627141
0.53901916059712141
0.51341000787514468
0.52076092726372103
0.55624207115980351
0.44164895610676025
0.5515560548536188
0.49527634372676099
0.51379531209857221
0.45089854397302309
0.50708223899910831
0.57296700489244345
0.55012176057535311
0.50041074496573523
0.51324513416025352
0.55709388884619204
0.50130082658229946
0.47641499949052918
0.448901297617263
0.51591572192443691
0.50460134852375282
0.55700949379553744
0.41908563854475522
0.47557827306581241
0.42622899502353684
0.49102161966393038
0.50378268210708166
0.46329549228686367
0.50119386552565293
0.55009171401688473
0.54969368154520903
0.39913470728176564
0.32245971384435868
0.5129927082807435
0.59189210494554534
0.53987333332570964
0.56754906839272545
0.46195709151836678
0.51595683724045394
0.46633761511529076
0.43932976533866547
0.44309189705762431
0.38059667975327555
0.59708904392362805
0.56641546871184656
0.58303459056408391
0.54392291857385033
0.60303250723824231
0.50310354006903635
0.45949362227438634
0.46849406715899072
0.49592357233585077
0.48981860368560709
0.48835700834457152
0.56892737788699232
0.42235569443065191
0.51728532314139486
0.44604551888349442
0.5510050762465154
0.4702090039713116
0.5105068103946937
0.57745918423961395
0.53213190249251607
0.3847551997822542
0.37977494652344423
0.45376393342494309
0.54447147997863543
0.45220282367807602
0.47627579500575579
0.4639283019018427
0.41496343857902662
0.50545190821506591
0.55512035587201003
0.48829488554851902
0.60567825239141126
0.46113348568924706
0.53840863850951759
0.49276865416673066
0.52426168080841551
0.57282652981048843
0.42380942996251492
0.47021135326943503
0.45840315995651443
0.52944675230945115
0.50268033266911938
0.50469465156235493
0.52769516797474392
0.53385790661785126
0.52621402570380327
0.47788884050912539
0.52390329013408365
0.45465443590010163
0.49170247975183706
0.47371708975012283
0.4883242973387128
0.50851531530398242
0.49532510173484984
0.55449462051800813
0.53304847765130059
0.59113975443085554
0.58676095646351012
0.49185444083007818
0.56311483772174742
0.4622967725539292
0.46812673181853526
0.51579360117911066
0.55979216994887049
0.48147360526455846
0.50829762330243433
0.43313872929458735
0.48774422803905787
0.53725629303678302
0.42623087950654737
0.30089260204349488
0.55561946053990074
0.53052402289097944
0.5875044284411377
0.49828902982714152
0.48245896228584478
0.59386651390281409
0.54079971294949414
0.5545217936648944
0.48538698801820301
0.47491937967203424
0.52337479114433283
0.48431054987271999
0.4904527455917263
0.42249608389798937
0.41040386724737216
0.52310707504714316
0.52826293529245194
0.50375339848537448
0.5013400098878783
0.53356222581160151
0.49173219998899947
0.52307084126325398
0.45459862174402971
0.5174254881954482
0.40872874143466198
0.49986749671947039
0.53863819332493579
0.4685071147972108
0.59380338243483333
0.49088812490477329
0.59263000761255968
0.5332194328159906
0.55877527366158353
0.49275315546443765
0.59069344307530691
0.52027250985510209
0.50308684626690503
0.55990536743027708
0.42015990834874617
0.56980124647434915
0.55865605793160611
0.52576167629864079
0.50415082793298538
0.46698234384039689
0.61378434606566901
0.40551801896783446
0.42545797930582696
0.53513335112204818
0.45538451577028999
0.50577335510323118
0.50096577328812875
0.53541234981717922
0.54093750868042578
0.53254639249651081
0.42075231175489891
0.52470246776834606
0.47080299243107199
0.51171944366575051
0.51019189051635871
0.48564302524110636
0.59148011976468984
0.56646224559218572
0.40473130849428435
0.50404266892874483
0.53143944754925032
0.48750283744635314
0.50290086706507842
0.5363500584709916
0.54828080119036593
0.45456232028139681
0.48274833300972381
0.54321724773755864
0.52506155183708747
0.45640744300991082
0.51628308299212233
0.55524101091017264
0.46912485049762381
0.3728822142830317
0.39491664168197255
0.43544985170569606
0.5553644841266121
0.46474422441009211
0.47341942312287144
0.50257516555341253
0.45823815556493824
0.56109689462611267
0.44704489962929705
0.53980843120499178
0.53825903682524356
0.48199345761759133
0.56580797440611119
0.47147163735189784
0.47675971410098322
0.46203788701401954
0.4523891222099008
0.54896214924396503
0.52366826462453153
0.47597447524261127
0.55790236695221129
0.45712118971030741
0.52907163248871192
0.47025831355191205
0.46597364394315111
0.52719436587360835
0.51904590643864545
0.52153823083130801
0.51688260176578182
0.29551363829475885
0.49266898246794733
0.35759968820113724
0.38410335175318122
0.49779766138951759
0.56122065700638668
0.44484844161337317
0.44967774405688088
0.49592575725333865
0.50227743188947882
0.48838090983719812
0.4036428442908444
0.51710447762878775
0.58016739559831887
0.50345896656108569
0.46127455096506453
0.45162719753989394
0.52978530850353212
0.49457411988707817
0.44581862263716043
0.40636838740978237
0.50288250834243897
0.42843380149694771
0.45601240564954831
0.45769006759916353
0.46130639563814457
0.48886479634265606
0.53183093187231401
0.51248103061635331
0.47479950449324509
0.53314836808556076
0.45371450023423332
0.57461332392024733
0.48702418797530311
0.34691323501353444
0.42855504897942065
0.45845097508488281
0.48424343697674532
0.45735725352771911
0.46147057905365979
0.52396068433828824
0.47030055135396021
0.38690439512294977
0.4986416197607702
0.54680448949577831
0.62203317781242862
0.51282061724042172
0.39168900861644784
0.52185340891367404
0.55616546077091233
0.48138841240757058
0.53988015774478471
0.40103892310660028
0.45180316406994009
0.44290016591371911
0.53698891437838081
0.51872932643832559
0.41414069565590444
0.49454400544399074
0.54397581196845723
0.50057920701012826
0.54242820546272774
0.49425253921128587
0.57426400415033496
0.52688297743560819
0.40988949129672853
0.36934506176903087
0.45395765363313567
0.5093736054893111
0.56703660257574873
0.51537290017111648
0.5197294548936704
0.51563494589391057
0.46918821683576778
0.57398740369736978
0.46438688325801741
0.54036305812287944
0.53531820966352273
0.57661152038164465
0.53764290601009612
0.49188283620673601
0.52632092590325907
0.45246032414108373
0.48365137331697022
0.52828656574084676
0.53864618956769905
0.50966321198333375
0.50801592118126249
0.58921780018378533
0.44110724755951053
0.44426613809695065
0.51093991736462696
0.52319740716890251
0.42980825798865996
0.45286409601004252
0.49864747966744305
0.52536328978623903
0.51029392175391319
0.3921991626726265
0.43858703295570312
0.62953653494771622
0.41736624281799789
0.52055654145558883
0.44967285392521722
0.51745001731993412
0.51324246171544829
0.4962164789904594
0.5186333652205668
0.44781221677865918
0.45306055998456246
0.47753296890567193
0.5043002154581917
0.54850174337466684
0.4969244665510385
0.43311436057891128
0.57180888206172098
0.54049536365240813
0.55747961117954226
0.42236255503840364
0.51889118769311438
0.45055296185710225
0.48270399306763945
0.53024429043714039
0.54064260322992197
0.50920077696768207
0.51502707439912487
0.55396253910412685
0.42288792028452415
0.56783698537865057
0.53356302425614022
0.38734596015916428
0.51732823118873938
0.4734614095278995
0.48142080682358418
0.59080262610799428
0.42628776721792966
0.53414592031598862
0.5459079460919728
0.41055292676587218
0.60790281026661097
0.48427242613967314
0.49832516786908992
0.56734215725586068
0.50315000774951724
0.57464759799066112
0.50044880247477763
0.57209180226262468
0.52239391619597897
0.52002603206596099
0.56032846990139262
0.50389145425889126
0.54751801250514809
0.60814181397339206
0.5183635853855858
0.45564958592604299
0.5235121361908015
0.49305585041332034
0.48342925591574992
0.57763797894113988
0.55302799160038985
0.49311291632258392
0.46029212663402397
0.43002142179347524
0.51055585633101308
0.45673921571678583
0.51078225025333845
0.43358663570881378
0.55934057266906201
0.62707794607472656
0.4773155693436118
0.56348914996154531
0.54483164430571152
0.46079453630006251
0.53666378028492112
0.63404236888463206
0.52804569747947205
0.4570242786002639
0.4857257753618115
0.43558717151355492
0.52813490873205515
0.44155095543335232
0.46930767233836024
0.56564676842029837
0.55863464348006042
0.49706158319612476
0.59350415648596289
0.54538575162649194
0.52471585150370426
0.49373883680710906
0.45399879548341998
0.50270653828830392
0.51994263882146885
0.49579155617936393
0.5956367752762195
0.37693053989337938
0.37646515131541503
0.51772389463989477
0.47918561776151508
0.46304670047901159
0.47937713644174312
0.53254213417632101
0.4976360156941198
0.39451398054257969
0.42267432084536166
0.51711386079867294
0.45412294722092583
0.49025331320989762
0.46482478056387661
0.57583573331736693
0.45965057927045638
0.4860309230293966
0.48686154468921183
0.46877464495978038
0.5343711058356202
0.5906373914944123
0.46656555688324819
0.454056461787051
0.43836454059883656
0.48015355477455768
0.50732858987013163
0.50428885251138567
0.53658795702252227
0.52367489472452433
0.48423056400552056
0.42919246713931491
0.48279755375340344
0.41441634352603546
0.43543621945208727
0.51854266126298854
0.47393961557329711
0.50553937041020047
0.41343467855133104
0.49668228141973819
0.50767853599520396
0.42934945854832923
0.49677294510838571
0.47666826476800028
0.51817151378811177
0.51061433306844162
0.47840401154131157
0.51538519230620816
0.47324219911104759
0.59115395144273275
0.54048237212950834
0.50034292084222853
0.40139275872599584
0.49610727158859913
0.46623380416432231
0.42161077586062456
0.62049252030601532
0.53607320565004435
0.46617303328837023
0.52053786622761034
0.56156331124440007
0.60597091874146813
0.54224873150345476
0.54830131781801783
0.41328835325984509
0.41568744220320175
0.42447763420046913
0.50816612768169356
0.46024890218092335
0.51977277954990886
0.52023707840170064
0.49462741518729331
0.57814653063863353
0.51970360734095755
0.47614140839684421
0.497072264261399
0.4684059476664777
0.48242059564338702
0.45176194788283103
0.61876922946600732
0.39977885447210593
0.49821112344856627
0.46383341039772574
0.51648043074584649
0.51706697457748196
0.57271269652862844
0.51814374899816451
0.44886036264543999
0.55099567309206876
0.47686983949488471
0.50033591838860059
0.48855954525418649
0.52680549467724003
0.52322746912332863
0.58259279185687707
0.35207870737310387
0.49559006136193451
0.54891719363974056
0.46920764447812147
0.56577161391756381
0.57857069162409003
0.47896952103529339
0.46158683453911314
0.53473209173411285
0.34020543488925969
0.52384785365036179
0.52843825523633225
0.56279511008610794
0.69536214318059608
0.488908629510657
0.46168656448503737
0.50436270579929254
0.4982935424641311
0.54647048860541703
0.49998785193140494
0.47959194978331282
0.5404584413307707
0.48627511896769093
0.49218834189583294
0.43856182262305249
0.50777915534534002
0.43231999996367576
0.40158176001495388
0.53634520963508814
0.52522759982956213
0.50905862741899688
0.48907554478669385
0.57248596185553202
0.48471857328147488
0.37066787419122788
0.39375000400457483
0.54785522309860835
0.51626349598537769
0.40899287460881717
0.51273210741865227
0.50456271401368247
0.44155445238952928
0.46274959440205327
0.49875251201047394
0.44875377965505597
0.49971523094571735
0.47714544202583586
0.5518839007000983
0.49295155246097105
0.44150440543079905
0.43276164886232082
0.5108373479242212
0.48073381836224238
0.5778024265282885
0.48938141761127302
0.43299477044457635
0.5193833440212271
0.4891791713840366
0.54397198174222616
0.42545276589704156
0.40537916162083337
0.54112072509582099
0.42864571440052868
0.4433172617309406
0.51405779230906234
0.56447860884891277
0.35096038052305584
0.29101916372243197
0.59594694307571994
0.47331232118347866
0.50298702034855891
0.5446209872195692
0.51119622908011886
0.49225866249862088
0.46540112801038203
0.38005328036565306
0.47832247146331297
0.50764306349564081
0.52713972274538623
0.49294818417751796
0.61584283013195884
0.39342156586338156
0.48963249821560695
0.51392623096944834
0.49995925515159284
0.46003512109782546
0.54498100044411679
0.53733374630188002
0.52429736720996578
0.51542829285177294
0.491312318892692
0.56170159270301168
0.48422364747351754
0.47148170482123725
0.48679580990534949
0.50658677640008598
0.50850152936253545
0.47750098852383149
0.27469910632246025
0.34851299454922652
0.4444703256677629
0.59260881197474446
0.46570167712004373
0.58493016784953067
0.49054564653411742
0.59562889962483523
0.55140185691340626
0.51494517285803099
0.46638868765971059
0.55311528104956431
0.52833084333993863
0.4608229618200666
0.56188303005729412
0.46123156504065671
0.49994413419798811
0.55396794055435872
0.550831752736617
0.4983946562871579
0.54368592436800944
0.5370528082750432
0.41420387871693615
0.51405395854633784
0.55439116545843259
0.59023159753648691
0.48728376662549339
0.49621952398976604
0.48228793810124365
0.52260617183320668
0.52718881649337346
0.48682277183494849
0.44914997574222837
0.39027125692908049
0.58626892960124521
0.4462961918903553
0.47637921232792485
0.51532015764406436
0.47502762129420034
0.50703543888629898
0.53343800339674741
0.43609913033585407
0.60771839321563137
0.52593085044536891
0.40413924151241559
0.54059018396896152
0.48806192493349265
0.6116747394743971
0.56038963344230897
0.51813099488234948
0.44884087200869649
0.42076504386917352
0.44464245761591492
0.46837830480787263
0.47837749309174848
0.4778496118639618
0.49951147525623973
0.45967637231122821
0.51232667615324368
0.44630833819206917
0.57935577496678325
0.47483625497143889
0.51588463309253574
0.48277205345242713
0.35464342449333236
0.41744388639506552
0.48341642526336637
0.51773808028809287
0.46991814075177335
0.5028005304171792
0.51392018666176265
0.51610733766243444
0.47422892377128001
0.55425828114068987
0.50162877537959749
0.50756366816873288
0.52262637641321241
0.78500927610652493
0.49318938027648968
0.5293202641718262
0.38365040435337178
0.56546722706122721
0.46438452543898473
0.53167172058398771
0.56819160098691079
0.45973519846595878
0.53058897919778825
0.51618443264172198
0.38717296798579692
0.56642930291181981
0.48136635630021429
0.47313895599065731
0.52886832132205774
0.45606887814915598
0.49679848144060496
0.46975431680079938
0.36651054507061159
0.37877856011370015
0.47872332492990766
0.48021468010161794
0.42478619324749406
0.4590877616787673
0.49475225330839245
0.61043779248976315
0.5649798421203841
0.45469183559034337
0.46586788300844267
0.49768090550004618
0.57930814758452109
0.37604954356567633
0.48885679366347257
0.42446729068701278
0.50434916852970235
0.43039585542512254
0.55354237322448308
0.47050300019777275
0.53851309979797912
0.47376231976101846
0.57658149723301999
0.50971075351228767
0.4635355510936755
0.51564483813945361
0.524007913993629
0.49009207280722633
0.45354969592658873
0.46093813021281377
0.49225698615498953
0.39449744329093506
0.41542623077958973
0.41612592174832624
0.50585773085720764
0.49088303269031824
0.49683341706430567
0.46376883085996828
0.57769603082130982
0.50902255333057167
0.46147067268714237
0.49338333480293683
0.50898734601650031
0.45098872498257719
0.50934521375920161
0.56399945860005529
0.6263421214019288
0.50482473362642166
0.56152992948876146
0.38436849392931777
0.54733014987748363
0.51453254092267842
0.49228841856529176
0.50679044197607293
0.44105988302316324
0.4413306662525906
0.56288062837882979
0.38624574688964786
0.47056184185437483
0.50808417618085899
0.48923513753965858
0.42634198985766764
0.51369948135575538
0.51220008997261779
0.35502121758957167
0.37605006806956043
0.42732558145433791
0.50527216970969357
0.56428381720318976
0.52469845606005272
0.49860436509659478
0.5279581829100386
0.54461435424005133
0.37836066489708137
0.50115783307988504
0.53234736361967994
0.48260957290138673
0.52819304124378286
0.42800478550833465
0.45260227088085936
0.4601669866206598
0.47189392565401633
0.42958849224041817
0.43077313016200214
0.55135797701346079
0.59144999712243262
0.50741006300640235
0.43722522682905562
0.5014313687392925
0.46104347324936662
0.49917861821132375
0.52612119378552846
0.59509829550475746
0.55360827608177421
0.50335738268499153
0.54255206617559715
0.4138205816951302
0.41071109046655246
0.5511883626569255
0.50992265852751684
0.36424260387221419
0.54528150153470389
0.52885403275928755
0.53821012056048567
0.44682059459586959
0.52179222486312238
0.47397385396877806
0.46287691547303655
0.53228007705800773
0.4953667849348441
0.51681955003365609
0.54490861281728897
0.51895347677370296
0.5412191336006249
0.51475686811927779
0.51242886522488984
0.50431788991679849
0.50558630498461399
0.55706235441397001
0.50078383210169686
0.54796031640446652
0.56450090933261166
0.4243987900074086
0.56629892776732205
0.48464094850065964
0.50866716307318072
0.5073310983580156
0.36788551012027254
0.41987673734111997
0.36826517702145822
0.46456562866200773
0.54774122215527365
0.50877814831504575
0.44013620672334641
0.49553474124221819
0.59407058344735042
0.44320674337146543
0.60669282215630904
0.51975921383744528
0.53476389881521824
0.46543824904291969
0.51302181929988666
0.47976373135658379
0.52875857732777165
0.5730661415359718
0.49697592639318311
0.58567101218132434
0.49940075946377266
0.54554200771082395
0.47074841739114887
0.54814003656074273
0.48118760132957711
0.46298622165012543
0.4786194202025239
0.51368747292228323
0.49214637015332208
0.49731568994928932
0.4809198223077949
0.53968279861400803
0.54256202119287067
0.43054074632298733
0.38198645020856475
0.50922242780066918
0.49841780993546286
0.51696302325653765
0.41283896677370574
0.47946250591768647
0.50129925000299369
0.39568967109998543
0.46850210321994551
0.47266260454465386
0.5089138152241246
0.50817114904858751
0.46980472708821713
0.4814170504554991
0.504780368672609
0.44829073730995067
0.50091517273351771
0.47742377335250519
0.482517569001431
0.46108064223454687
0.53841781207901795
0.4927302106470583
0.49408655834173859
0.50337585239032501
0.54596407013619819
0.48543511798261674
0.49807399803723312
0.52442891551458215
0.44935012758413906
0.47770939267579665
0.45215183780967849
0.40849529015098557
0.38521140444505536
0.52139714779189195
0.47434441859061266
0.57438698494741536
0.3929198419567525
0.58185118143775438
0.44793295858949522
0.5814624293584838
0.52322145826708932
0.48531439659329567
0.47129183440207673
0.46845921868845763
0.49955736433843256
0.52098078272441417
0.59173489053046235
0.4803458632226203
0.50366943891963134
0.57569034747961256
0.43723129729782761
0.52106663907917716
0.52332588897982391
0.52047303580779025
0.47342543752646693
0.48431722757769857
0.58137618127365909
0.51279592783915806
0.4848531493228726
0.46425109421084437
0.4869989499773249
0.45672156479824555
0.5014485826411913
0.39404070881089193
0.38806988724752223
0.47540190777778973
0.49911995067749576
0.58183264253768252
0.57642104450399612
0.40151399931186155
0.5155981736673052
0.40314495978879256
0.46311211928316631
0.48143268759723251
0.56247751046430572
0.5848850642256942
0.56499775236719307
0.55013830239076023
0.42202560827897895
0.54139906913612335
0.49017918808016114
0.40550541534861684
0.51873135449265206
0.48008146220008469
0.49895512039091838
0.58478541873823364
0.51602571442768341
0.54080864971486953
0.48360448428085751
0.40217317797922164
0.57072185102059048
0.47087327150207642
0.42091378170076821
0.48238271555702211
0.51389358187649059
0.37519554686012502
0.34007791151387079
0.34201421441462593
0.41807482897357628
0.37990250077665033
0.41690839443399574
0.47121758362426408
0.38679882117214731
0.22265968595260194
0.49362063174266141
0.36092265581762306
0.45818222142429232
0.48896992322254501
0.46386368847331977
0.48203954582262226
0.45339462600165509
0.43460108768038225
0.29746359407946699
0.42778505281411838
0.33170601798774563
0.39641583706717998
0.53543820472292414
0.43750404508846485
0.5352344595681775
0.3570492795002817
0.43647332005213751
0.43176948507707974
0.435637243417488
0.44929598279986754
0.47684701054390072
0.43406975823369059
0.5436811902737404
0.36689576650100042
0.31064914683603806
0.29807606818835841
0.3999745312192971
0.38114503631154373
0.43763697369121451
0.31930174614345425
0.35652193000416749
0.37202732962611573
0.52972776443628078
0.48469716996667589
0.51862100800210431
0.54588985334019324
0.55188343539797979
0.25833911030758105
0.32639892429445533
0.38328621645522259
0.44268646047986565
0.37396984854203347
0.42988301501922982
0.53002688071481741
0.39879946590256671
0.38014532823214736
0.45060179092080049
0.34854534139624554
0.33337666200846988
0.33878867779092703
0.35129145558653785
0.50298542231157106
0.49012245892813289
0.3855237419165507
0.37052837727696708
0.30493563625819914
0.41958041736009277
0.57360193345980248
0.44662045941297707
0.53142910819779587
0.49906543303022427
0.54786198655759477
0.52170170610894506
0.45687421960607483
0.47875025690727696
0.4917122755043426
0.50377432043764292
0.45515137127650457
0.45679159424524118
0.53841984987331204
0.45500604823646135
0.53969328576156372
0.47997544195716579
0.52337911967664186
0.50145728204410567
0.57869217601724454
0.38178148088824249
0.46853079460123837
0.49214166250710967
0.56184572200236793
0.44750650092446859
0.43768464352228797
0.48245399357175417
0.4921438496371317
0.48301457827255467
0.62853686074134807
0.54322249654980348
0.37764595182751914
0.43005410713988484
0.52549637527603521
0.57115479356683307
0.49569345006563542
0.54896758822564717
0.4151755515117056
0.44502417742247941
0.50841914408054623
0.5011780547281478
0.53698031097530419
0.54710165139390232
0.5814901537792917
0.61968944800760117
0.54642157783585055
0.51721568057068679
0.37908351446614708
0.45967567806468485
0.55133515108954823
0.50031876021922306
0.43472003034804824
0.54154930630694609
0.50135708243259891
0.50503722961993103
0.47257956393110384
0.53201887127822722
0.63690577736904053
0.50101538082487007
0.49273017468231844
0.47380041946271595
0.47266026684494711
0.45432930140155814
0.69958034607567288
0.38720428073317176
0.48967769566616431
0.4670447271142768
0.59303869161969869
0.56466450928324419
0.50673660489394667
0.44965469645230782
0.54487249241220803
0.50893485911540914
0.54629447466715486
0.52994079272667594
0.40337514328645768
0.53112545124209598
0.46808308837087004
0.47699381182984524
0.5626447756034848
0.52088327515645216
0.54129346445663529
0.55614470379757863
0.51008444870275171
0.53734107278805099
0.62075467649221927
0.48488550412925036
0.47645322782668781
0.46105544312137053
0.47565459600284282
0.52192577733320722
0.48675446471406636
0.57927289410934391
0.56008085754997405
0.46535517798965853
0.31811816431142254
0.40435619263283823
0.53595449783603777
0.57430487303200717
0.5652550662912611
0.48345901497907567
0.4783139665604933
0.50034733793957986
0.51870301000823704
0.45838789664448043
0.51720967629658166
0.46226826990907349
0.48705871937385292
0.4388338046452992
0.50853128832800465
0.5621592548623191
0.51068505894412608
0.56227322502225441
0.47949547883113103
0.451728884622977
0.4932478217661615
0.55607435952207651
0.49706537743237428
0.45743655933506189
0.40974204803585951
0.42884824033233354
0.5188321000694176
0.53947848087079209
0.46924293545070433
0.54481240662503949
0.45787279215476978
0.40976115156718546
0.52232411816346835
0.35123828074777258
0.46242416480051296
0.59368504516961895
0.62555879506582024
0.50017060044687711
0.62060203220006094
0.48283733072230772
0.57190964705769654
0.49516136178330522
0.49119473222958704
0.47323499725490903
0.61284989202032603
0.52793912850074054
0.52662982686136084
0.47841162020763944
0.40447098186441988
0.59211073760594746
0.50014264696816457
0.56279515208193365
0.4786502683376791
0.44136411580958418
0.54009507001569035
0.65010181246542031
0.52127215763640555
0.48928678111705931
0.53466979028294004
0.44732097526861686
0.59839867400867375
0.53822504054284737
0.48106505949778833
0.51472653907207633
0.32600838405603438
0.33513771691977279
0.58588566342261195
0.39996368464900389
0.5619607611091243
0.48833790835456886
0.38861441803038799
0.50824950952478243
0.47290374239348543
0.37050694004788931
0.47100896024483807
0.47076126150547926
0.46519283740845085
0.51338127834683356
0.50803704678079487
0.47938777717523623
0.57441320807894924
0.46680972417599703
0.61815844907721929
0.57778199850058898
0.53384788598339605
0.47067676705222156
0.53626422363684756
0.42919785867678023
0.40890798316441429
0.33407173298660003
0.53673606941271601
0.47286889291170509
0.47596712841686811
0.50712132074770633
0.50660004929758029
0.58444153898810713
0.37690068524359088
0.41920487818587948
0.4565427171569863
0.51427842092321085
0.53651794170981448
0.52048530550727901
0.46796774344259956
0.52600257003753115
0.47202400059030608
0.55721114315833209
0.50984822857724243
0.49969687175519911
0.46183236142147893
0.51210454823529927
0.44210464017320084
0.50594068179018303
0.54514832386914436
0.54488222311463419
0.48917333129114721
0.4672779035678043
0.50297906164139039
0.51905536391418416
0.49351091337138231
0.52639066931524481
0.53236338930908467
0.5191161400125569
0.49186024753965546
0.4624965069093907
0.45011591731039785
0.50130440404800969
0.50503910521333162
0.49236399018316623
0.46047982357603551
0.38877358985992855
0.54241942159140843
0.63055316916578941
0.47370699810484046
0.44706041359828053
0.55295306607375883
0.42428641141470108
0.47577542529924377
0.44621164311745665
0.51216030628494558
0.4240017386646146
0.57382941943998445
0.55808702187902604
0.5191384639318728
0.47196894946592627
0.4481215624091085
0.44143387618979268
0.54385741618175243
0.58596755228540642
0.51281352250846535
0.48260744609603834
0.46206085435068939
0.52936264381187259
0.52596332401754697
0.54509258342072797
0.51490963049729843
0.48767907683876555
0.56191013029866654
0.51939733983990144
0.52199750719012927
0.60081049728215297
0.49343895219737643
0.41536742406678867
0.62758980114662066
0.50151437800785426
0.46547885238923303
0.42487585811591144
0.51084636171868958
0.50569491909628295
0.51165763489453941
0.44905452706422516
0.57984238662437526
0.5181807166115423
0.5565009746449644
0.48850471700771786
0.43916655535652083
0.5109347237531926
0.48542679834476565
0.45406330305527598
0.50812510829898594
0.50993106130429922
0.49757932261703869
0.4740952109990324
0.465452144094468
0.6032796841772875
0.4836764571678881
0.54107923560873772
0.60810312661810662
0.4705312845846546
0.50323849794937092
0.57737006554444659
0.49614307222767012
0.47152658928270125
0.4379333448338622
0.43000731117771185
0.41974485469041306
0.54313461340971492
0.56698793481904342
0.56578877599525612
0.54960182853855555
0.5280009429711594
0.40855892220205836
0.47592831856645562
0.41629398251328975
0.48413854071909107
0.43349180964665518
0.46797185665461899
0.51677162910664964
0.55207546823257303
0.48501150514197083
0.49459355464081156
0.4916682290974605
0.55343580815012128
0.50376156263025806
0.38669809199923033
0.4700564568255392
0.47723889743095371
0.48332419036849761
0.48488804548677994
0.46725786351052012
0.45204373386667118
0.29309344084011757
0.40253960852033244
0.51798092210385427
0.62957752044352544
0.41415478800000827
0.49613790422643306
0.42858185864774717
0.45945525372079843
0.46864635156974194
0.50850009346050573
0.52934554601175565
0.52069634300454049
0.45629444697712057
0.48703071258132696
0.433930995648177
0.54916538829203465
0.41729992026552187
0.51116067186746506
0.54845504718920746
0.43760884002996775
0.48735000660130995
0.53333787108357789
0.50701641880672543
0.5137598797273959
0.56634096722233673
0.47229604725221114
0.51080450145903589
0.52473109564693909
0.46340757579110448
0.4723371713404797
0.48844549277417693
0.5815545768516579
0.47222473297519202
0.50455684431996928
0.46276439340424191
0.49642017614582562
0.31782233062259002
0.51605398560006499
0.58378292742687687
0.42405129274630382
0.46341663497177765
0.489210728607192
0.51958458803270002
0.42063060027231058
0.49607501951367999
0.50066375114434858
0.50137058803903956
0.5622962728025378
0.46724523503034887
0.48942117505914462
0.56176165236390707
0.45307785396933609
0.42373565121830187
0.5041528845783706
0.54055695186904051
0.42066013971755484
0.49414348528765784
0.58592185216763049
0.566442915162925
0.59569560017509815
0.48661725990332255
0.4652368552740086
0.4516612769529299
0.46890712141762009
0.45170073445421932
0.46520386317383194
0.68079549900224101
0.52766866576952132
0.39045586030416513
0.42510899544124647
0.59323533779252835
0.42689663939037342
0.43604896135711679
0.42504250072844757
0.52437733786890828
0.46223913669854522
0.50116317695022794
0.52011142907881791
0.48518933062009767
0.53037933239633661
0.51077993920314779
0.51009262871086514
0.48415396245678793
0.48944216699668763
0.54887951902525223
0.53926815536074368
0.520481205354271
0.51516210647881389
0.59604296765176557
0.48444439978333437
0.6098127163135475
0.51492702975146509
0.48103742351271539
0.56914294005727861
0.50509122779402005
0.56460152197365854
0.46947442619900559
0.50371345451667504
0.43011136091719843
0.53213972312206692
0.57235310412941631
0.33571492863844749
0.44865435449817492
0.46972728012318338
0.46309208697454862
0.5504189108846832
0.45770022594530602
0.41461273964218304
0.47908881034064066
0.43343559867496029
0.41969896549340951
0.49706997992444529
0.46407714947638645
0.52272262118159007
0.46162259800185523
0.37005242575767638
0.39629282687372913
0.53427095658307955
0.57127517930529725
0.54896853356144448
0.4605288346432217
0.50384039165629813
0.44142796154985897
0.51001420764830629
0.50061740952529243
0.48789923527308726
0.47195958687994372
0.49677338526741549
0.46667742937504247
0.50550917475913992
0.49814542933234934
0.47546885730545602
0.44995671058352382
0.40215989041355138
0.47378783761902926
0.51138573396480524
0.49304287254415174
0.46195734292675339
0.56168124810768094
0.55084259378931799
0.53839803297891609
0.55599030027144281
0.48787220368181639
0.47557785324172869
0.44669492805272276
0.48998192311724026
0.47426607678576144
0.38420338052467734
0.55784109607768739
0.49351145602730889
0.41252235282441857
0.48705909715395596
0.52535220114499837
0.52180693001130085
0.48140049315140993
0.46954006026460504
0.50661218792605101
0.45104994371710205
0.51801942905667397
0.47975578069489699
0.40381253982408838
0.41882844580119361
0.54892554184742381
0.57732909124263265
0.34619220141085882
0.41040788050928079
0.43172462496314534
0.4167364826420431
0.40886637393043707
0.50264855681125631
0.58382733205817605
0.56566076364326467
0.47714931497766477
0.48713132130682202
0.45106611855214251
0.45966813195352424
0.48510893805803579
0.44559572447458967
0.4817118560642058
0.49887516168662444
0.47264022586784271
0.42231984745812989
0.5204171832918717
0.42721119018349546
0.53285180880234939
0.42569727855445261
0.50700335032547805
0.4914457114144134
0.42846047522692865
0.38556130492763396
0.41923774357523164
0.4491504470075906
0.49311283114375581
0.45711462292028687
0.51394823678804991
0.40405995676161982
0.38769381006617304
0.37292990554870009
0.60326229348543192
0.53955541769337456
0.54086327899672437
0.44685730970064741
0.46043823975795395
0.51465052498135899
0.56016962333392251
0.48118420738459661
0.47399550497801574
0.53620982580743981
0.46025377862937256
0.4764163000775592
0.61809198566220402
0.48606173386988671
0.60649877936623475
0.50186281993820536
0.62759315099848356
0.36402135954834075
0.46723000979960216
0.46679894967734209
0.5693092184452071
0.49128357179618914
0.42425465244503974
0.49377420252353055
0.54356262756763019
0.48819860807681054
0.46973791084541677
0.46849824547573804
0.50957624085737552
0.52357975728503581
0.46670315603708434
0.51028211646496602
0.59474294433658115
0.43395137059465888
0.42187783671980056
0.48808707145032454
0.49601268476786348
0.52542009794581024
0.46690739468677261
0.54876770466752156
0.48708102678605186
0.46252341499987154
0.45176467164852024
0.48398152459141591
0.55983876268562061
0.494259056789006
0.50514101523610166
0.46446302572887221
0.55858124725482905
0.46250870797602561
0.43292800054737579
0.51224579635188139
0.47056985264514156
0.40426836912029773
0.47855187027049345
0.55467406333613545
0.4304369120776575
0.48074951575618935
0.52328979955026833
0.57967260134791543
0.4960233372280819
0.43369529940389218
0.36509483874513515
0.37875930022095067
0.53415743687736927
0.54364006565857204
0.53201986661336098
0.47653650253679963
0.53842943820153777
0.52520479001638154
0.59305998043239128
0.49826270214213725
0.51269835986175993
0.46214990356489527
0.53362966141227852
0.4800375218676447
0.54799229543774586
0.45219152425289366
0.47421048927565906
0.4709771909321735
0.55949516056116999
0.47655877622821258
0.49138350079432908
0.52487768850162564
0.55472798923059918
0.50980661929871551
0.52909312598274227
0.6168726940579593
0.44364101139657092
0.65275386299444316
0.50211130085804812
0.52660749000705742
0.57541010370475787
0.49699174824817072
0.41508723440055867
0.40548363635333806
0.57771952224879508
0.49952113966117928
0.50587745932548522
0.53016880696353252
0.58021429195360885
0.49595287752146566
0.5843765379788054
0.4596838559201023
0.51466772224221358
0.47116014911678705
0.50337745755447316
0.56157931531122451
0.45152633056396918
0.44806914316060392
0.61589395238353595
0.5521101633122576
0.45130213370145572
0.46049451256458013
0.4866026810565876
0.53499190651252304
0.49613230593702107
0.48968194150472477
0.57728682931114683
0.52587422375512782
0.63780636284563952
0.47989866497889827
0.52722528002966973
0.53475879864362896
0.52760162761214813
0.45187626187538071
0.38645487055536154
0.44303240323554349
0.57191046238107512
0.48915986676675266
0.44196482297904416
0.5273178397662418
0.44761153125806458
0.51393564889373478
0.4953286294457841
0.35497456443987135
0.48754426410822094
0.43809983938428199
0.47636796427221029
0.4791092741155259
0.49567126275725382
0.48044098660331563
0.4994418349994707
0.59890175157651282
0.44752165926625731
0.4849960361283247
0.4613066428992193
0.45626205967600297
0.57144416599376413
0.4323378900119299
0.47999717467511993
0.32690139598045304
0.51186095519079866
0.45108989224785317
0.50019239825154582
0.52023282973680818
0.53040390726695452
0.48386529318752913
0.39274551734522767
0.31036569501727512
0.44862656090279668
0.56088333670201584
0.61116918650757945
0.45062350195884515
0.3919922676695724
0.51036580382531649
0.51089358404309193
0.49640222632343783
0.52474660431352393
0.41071404319070925
0.58772542968986541
0.50877705120041661
0.51591936114022774
0.46684676010271348
0.47739028224761926
0.59691709389961944
0.49890045868682437
0.47137379331748608
0.51942901450321222
0.49933695532327232
0.50075426813056056
0.42331036966653085
0.51421667513378966
0.49454617860004663
0.42886278991883064
0.43382255041481005
0.55132409067986721
0.37538060745007912
0.56910739920622755
0.44878384915098718
0.37598374881147528
0.41150508292518245
0.45065193950220467
0.50331425267819896
0.50359086141410525
0.48061151237224409
0.48878454247274511
0.43898538617233951
0.45928631064104031
0.39518905618570593
0.53324621977739084
0.50454731846965717
0.60667798166061471
0.5091233347600933
0.46143068052587199
0.45833764450508302
0.49966198952672303
0.52532225198037508
0.45742102539363005
0.5426081180498511
0.49059332841754588
0.57550167979767264
0.45620943098156069
0.49722759837235653
0.54817404505769807
0.50887410405464273
0.41983750148948867
0.53551058049668121
0.55854229881380524
0.34856981590161767
0.48273235436421996
0.5852951469741744
0.52789817966261265
0.37227369212732497
0.5363026128429258
0.48713718055559013
0.5097478061392765
0.52207698450291218
0.42887507313618189
0.50026163069576579
0.50224981222875176
0.4554119063731793
0.55007627613491283
0.52980569315497761
0.42423745368053262
0.46449781404840645
0.56998300307158911
0.53379174991259282
0.48176271075341526
0.52819738890067114
0.47858350195825677
0.43544688072801851
0.61039358718930803
0.52441430729673699
0.4533216545951545
0.53532296602437124
0.52935363866737006
0.45246441072618832
0.49613747014573184
0.5847448680470998
0.62992706347631067
0.61415899123576989
0.43371428686713814
0.47526236907705532
0.33541604992038221
0.44864236388502143
0.56957523935788212
0.59914812051618704
0.54443959787606644
0.51922845718916666
0.41828799702844155
0.48345284539538302
0.45939215022481894
0.47161236447898031
0.55381963724329164
0.46348188735201368
0.51785325715583219
0.46827845014681119
0.47288510530548161
0.53259356096990529
0.43185680304477775
0.41406898539355497
0.37126359373833395
0.58858247754165571
0.58030386888959073
0.5140346032081633
0.51877594162060936
0.50894913317478685
0.45089188130703872
0.50850022362466973
0.51682350015216261
0.49966481938010593
0.55225152618750062
0.5142733541912653
0.53522095446615414
0.48249631085023004
0.51047992071772741
0.42451283331675632
0.37831287751138609
0.65117546960256734
0.56597660779476522
0.57953630046949045
0.49740686937281031
0.55298417992967075
0.47142418595303076
0.3432046601357745
0.51282535747199331
0.46516829188974401
0.539819276888856
0.54685246717998781
0.44786296281242644
0.49060165695056068
0.48909882420314366
0.49596500938467181
0.44927775534567443
0.49868964244779451
0.44541439295679636
0.44512941696141256
0.52941353104440136
0.43794911596450392
0.44401529184191235
0.48949517670556947
0.41609473261442398
0.43143181831666572
0.4377186332024936
0.54122804531100388
0.52651159716713736
0.45695234018885189
0.34952927152434965
0.35883714376064763
0.38676346506533787
0.5180396670973475
0.46874544525193979
0.4694811954601113
0.47241690218247639
0.46349537500952354
0.459465877216167
0.50489564307951484
0.47495687780098167
0.56719674853741997
0.45346855855601875
0.48439603527917574
0.49993856110215251
0.54884046943681675
0.49649092893698349
0.49330658130058658
0.56006865371370507
0.47504062605691744
0.46711308909838117
0.45791500424604487
0.52497267245357293
0.4582881924082311
0.50940913665751597
0.57257057674925405
0.46642394004436444
0.47001473283897705
0.57344788914428724
0.49984050333547164
0.49700069761028748
0.35816539336953918
0.41588310725376376
0.45084325518132656
0.4541312174059432
0.42962441711174709
0.45722855026149178
0.44178411723836353
0.49255760573852281
0.5423596285743798
0.52976818257117031
0.50356290485104982
0.49681660027959146
0.58356061433068485
0.56905659871627723
0.54923825897126832
0.42850853885169832
0.44907088160347808
0.54495405867938873
0.42670648237243752
0.42113111496825933
0.49769994561431274
0.39527342295592188
0.547587502503325
0.50156298802628296
0.56287751931635721
0.46407292677273443
0.5217465596090306
0.50367886865145828
0.50480733892126184
0.55628816590409469
0.43454271980564058
0.50342290190753969
0.50881552193690638
0.53161402936210045
0.4281851552134513
0.50930104854782243
0.51215099000847564
0.55935571334065193
0.5520110888307268
0.39523313055100301
0.43217244661032772
0.50840080150248945
0.56536342007567897
0.47878013273204789
0.6208083043198741
0.42566258141163388
0.68759819200235461
0.49056195977206313
0.48829618741939074
0.46855830044540847
0.51789500534123789
0.4569859191886087
0.42964254209263719
0.47370174507887963
0.49067147810049827
0.52097557396303085
0.4235620577935168
0.59169703179365185
0.4704620884489088
0.53519797879659214
0.52712678012613823
0.49100496111332631
0.56221907220535994
0.48366029976860719
0.5091722462006536
0.43190744214009902
0.34037513993778945
0.42177273331003179
0.50230603313246447
0.42583897362138878
0.51410095991696447
0.43143713548548551
0.40248826183330894
0.57266406003127368
0.48905490791955997
0.5168411937418852
0.5641953915282617
0.5375725302126706
0.53247679514315438
0.56972079159420108
0.50269320573858756
0.45112738592099871
0.43071287243516498
0.48379862469882357
0.50429767611941279
0.51650260679409166
0.58918731959609183
0.45352711814891028
0.48885783297030139
0.57226513317911953
0.45036737550121925
0.47159628827461686
0.55306106556637313
0.61946661118041901
0.44813851765808416
0.56136267679338192
0.50075147013365728
0.32845735173197288
0.31350067312348501
0.66537635769176662
0.39503568400109329
0.44210421053986709
0.39331850337159163
0.45597965627819054
0.39512730840568838
0.362988862765317
0.42699346622839551
0.42477863586787101
0.33098783187902275
0.41376520654605131
0.44209051067270455
0.36769066073916057
0.36828942739923815
0.45102190603725961
0.43456764309145468
0.33943383496389756
0.35631368008586189
0.45429914902203916
0.40902486773632563
0.39107388685037164
0.45122423931202832
0.32904972850715342
0.52281939266181277
0.43625601470595232
0.43650421203415385
0.48802352697520834
0.34933914705244951
0.5021328128622542
0.37788639193251899
0.41314886345561369
0.32181336503607749
0.43175005045129639
0.37321321549716907
0.39204413150791645
0.34781080829159366
0.31527430978379545
0.44137354896343151
0.43926967954728424
0.54975775661138304
0.44958397561992014
0.45192721679392528
0.55152066549977841
0.38334735339802789
0.41147624966442731
0.39949292332691172
0.40808488695025474
0.36328755738747531
0.31698627085080111
0.41748588810948961
0.39702266502132716
0.32367873059322982
0.3813425409633644
0.38414829967810854
0.31424092883491295
0.4394685662676161
0.52436994447739904
0.42889422754105638
0.32969914504154879
0.38908134475228257
0.34496612926565345
0.47503737258461637
0.29898155049958614
0.4223747221932479
0.42624736941701691
0.61986008955224625
0.49797470354649304
0.42744577431631237
0.54482156410039606
0.47158373244824059
0.4656769088079884
0.43237525379196917
0.593943915781597
0.5645344720197274
0.48422500198343799
0.49431483283124572
0.4709554591895117
0.46384709295999604
0.38311007880813946
0.553587907256884
0.52962595255010469
0.53866950952391257
0.5639225862319871
0.46544824756582881
0.50336263495505229
0.36861090044809447
0.58605166496855987
0.53376677547859475
0.49197643235982214
0.42253472675914361
0.48286770191189332
0.45497134376120535
0.48451828007269304
0.42255786504668258
0.36077810030946339
0.43793796813727331
0.39611597407072541
0.50946136383624085
0.627314102618036
0.49163588032502809
0.47963093663121653
0.49567056333829768
0.51639151857284116
0.53252141954106691
0.50734213169436548
0.52655160192273698
0.41984583415526683
0.4593342239356491
0.53368242153771595
0.61330314952213383
0.6077965496118688
0.47183787305521013
0.46831982820052315
0.51835219634037977
0.50724246481678281
0.58312233527161639
0.54646732880811333
0.49349687438760403
0.48542371874142209
0.4594531832627467
0.43619043841799326
0.50493721098867139
0.5116438716781081
0.55502435797625393
0.64702226530388673
0.47405797826042012
0.40583997378989983
0.35591080388666313
0.47519482376100236
0.52853440036838262
0.48202905190703416
0.3319815019467165
0.50415417506637117
0.49478179093603869
0.55846585817525818
0.46390157475532734
0.42856361214841915
0.56326437461790191
0.56432761681859256
0.49037774114259802
0.57363655320109286
0.49390113333438873
0.59090715449976783
0.38733444685206364
0.52359895072489682
0.5365068958801954
0.53805701977205167
0.5210325633393712
0.52513375031371834
0.44239152709369284
0.50513626147786905
0.4998233994506574
0.52788457987905402
0.52811192256812389
0.49936346214503735
0.48917180503065244
0.4645460143149836
0.47826694161909455
0.42632776040883485
0.30430431124481561
0.57134520214911277
0.47633570312813617
0.43728853812446494
0.53329015852929851
0.48430989689421455
0.53958826320828701
0.41883563276450669
0.53373922910215676
0.45206353257351156
0.46305444253200501
0.44784569323179163
0.40099736168185057
0.58121740851756432
0.39196406176332693
0.42569666506454995
0.49690745390722768
0.51402795522944089
0.44309494215847339
0.5218787303660879
0.47353915000740565
0.49760694064232031
0.48388760304250683
0.61872436575670964
0.45120577849416399
0.47904719449302657
0.52729151010971664
0.48704204370100829
0.39749745817420645
0.52330502451355898
0.43833263821489593
0.32473508300383885
0.68373755484961807
0.47113473422086749
0.46704374978138496
0.47138752901871916
0.55705920052563718
0.56236462491196859
0.47595862556125157
0.50595192051463544
0.39341693442642478
0.45724211330066994
0.50870396455116296
0.45557757532509696
0.48137009013745724
0.49072776838105014
0.4555885159960304
0.52582194647097324
0.54433603688491172
0.49805364948140529
0.53224657021092381
0.48825707158208709
0.45995229504661733
0.45465433051048032
0.60729645941764643
0.51888387384906387
0.47522906024362538
0.56898724670286172
0.46107190454075736
0.48677736609182637
0.39438772479209921
0.66992154950032889
0.54328978601526523
0.41814807554243716
0.41782027525047344
0.47629082805683209
0.65569773115465768
0.5482359139692049
0.46279811226623224
0.54231077869372668
0.48774625024125984
0.51885431803656457
0.52808389552005586
0.52092453869225197
0.45790512746371592
0.58806481106537989
0.45926472300992943
0.4107498190289734
0.55165536355194333
0.47510294371077244
0.5243698629312461
0.62689101135321557
0.466750938363721
0.56531146680868272
0.50747396950317936
0.53281193424461493
0.54815129144990149
0.42921618649865617
0.54714537320926748
0.47148593156660046
0.57575434132505365
0.59213843217767792
0.52876508132271194
0.53373084478587307
0.51551462545575899
0.50899124502035697
0.34306980925888825
0.53485104279300777
0.48978868271485376
0.59772474500977912
0.44053939895047972
0.45437976818639225
0.53217252049237029
0.53962801704305763
0.537877032210896
0.50082256709922224
0.60867383601690084
0.5632366129451879
0.45071161518505914
0.55456848342659826
0.51553400718049236
0.2876909988632812
0.54656199859456644
0.5214141385326333
0.53893649834575741
0.55023606449559193
0.47738078956581248
0.49618535816491616
0.49320327740158737
0.47313073126717292
0.4936802268226621
0.44960546405913371
0.46117602566542787
0.51278529812909013
0.51365878794008524
0.59333985071567541
0.45826055768008661
0.3450096111239494
0.36338464799029302
0.58281351092363021
0.48599140008482128
0.39490772542648467
0.4528334385310413
0.42457229750652103
0.50355893789910011
0.43372714743191021
0.43807146159203297
0.5460894751737978
0.43014792412242897
0.51932211472562184
0.58383883195273489
0.46089439823318257
0.53803852358979309
0.4488648811310984
0.49933324610819052
0.42215341186670119
0.38113905605075482
0.5386117368946689
0.4938970477832636
0.54424125877048057
0.53230999266072199
0.44550071364147875
0.49065408034267766
0.36790998267353753
0.39956030497690931
0.52716043588442607
0.44065864159074303
0.55569392041861154
0.43424058170287833
0.43307742593243315
0.39692076486327649
0.48276739734429674
0.43529843289015058
0.46841023366548068
0.49938988860981409
0.46728845773173039
0.40958420855411337
0.45285847545984015
0.48053025660721255
0.48732533894000563
0.44820222853322422
0.48412508054304432
0.51727325969846893
0.51067305739380198
0.46909425422019257
0.50680610086704692
0.59538008761732475
0.51015079585129075
0.45679944594995459
0.42901584558992273
0.53978275117679364
0.54667705745722184
0.51786530908608241
0.52321135790575557
0.59149838474151906
0.45617179596302143
0.43234541956667477
0.52065655504523067
0.49704911856764689
0.48385077399878246
0.47590762045117468
0.36365143978893222
0.43255570973233315
0.5015895937843855
0.41964625728999655
0.47203031068187068
0.52554634950703316
0.53817456781507422
0.50974941781723804
0.5033800099492618
0.47449991067734004
0.59884477781819379
0.48409997187356713
0.44418365501680829
0.49743093599617821
0.50753465119588503
0.40573367148285833
0.469315700873843
0.49528231773580489
0.44300818091532207
0.51696343333424122
0.41937329420499242
0.56768275949098634
0.41479137095933477
0.44714981677319615
0.50914623776640577
0.50701255585974381
0.50699288761118622
0.55794356936976752
0.49997297238318372
0.53161553130096417
0.47710051471089077
0.53056394951734165
0.34664805553593636
0.38703306690843831
0.51202257564788334
0.54632256007535862
0.46927738867269603
0.42295634284271094
0.49211187913267196
0.49820727571056128
0.68478543566156502
0.51990371427066495
0.66015549241390925
0.58349700016424055
0.4962703893164192
0.45477494952787667
0.5329139095746197
0.50430136767269684
0.49011406283713693
0.59676589802581592
0.58426435148409139
0.52564345583704475
0.5799969555098794
0.45148925372945359
0.5209294053883089
0.47362814557596933
0.41371422775644578
0.50416440224237402
0.46684007120242232
0.5856274009598329
0.47881223770370235
0.50986007033387393
0.52753260884258435
0.39532760474242035
0.31616314366686343
0.33768490946218011
0.54611571594608965
0.47717871851611321
0.51392174226342691
0.41122587626764451
0.45272371577163684
0.53312970606367283
0.54301438179077233
0.42363899376793701
0.51011581609352674
0.48150560105765178
0.48023729519427272
0.61733872274113399
0.46565182913456049
0.52387094646799937
0.42133547789625647
0.49943652757918
0.50938280347128706
0.52225371115466745
0.53116104071512571
0.47431963522630072
0.44668338427686166
0.53870514305180772
0.5529940724127872
0.44533911794402925
0.47193841391421759
0.47589107883264997
0.53554187696953048
0.52263274519617087
0.5210032847914855
0.63254422016490208
0.41412080946082158
0.66583166387069115
0.53574353543162812
0.51938254770304693
0.49708427396984711
0.42490795900443024
0.38306704754780541
0.50220569830021045
0.47704496889463122
0.4886728708471656
0.53157575402993384
0.53208425966356154
0.52366997031100715
0.49980203102684417
0.56265996458016798
0.49202373804059069
0.45802361113587603
0.59224341528547986
0.53219455201516164
0.53735260500952331
0.54667504732267558
0.52004396022929744
0.43080511420324547
0.45713606816755037
0.54689084929931564
0.47628829348804097
0.46394086953262037
0.48176067153334817
0.50574653058298091
0.49479250614797143
0.41550294093121215
0.51676154038386624
0.37692671147861434
0.46958429083983455
0.48003067376497555
0.53505326546750831
0.53134149174143386
0.4932128434469551
0.51506845022909031
0.45761010010090719
0.53511609667001347
0.45937204715786673
0.56834406879691046
0.53820334692564276
0.51109365940368234
0.55503718792694656
0.58675036823062332
0.53018767062596472
0.50911658849994423
0.5884175085587543
0.49806792472821931
0.5586171907621259
0.55457540271016359
0.50374417806080729
0.52127835699589964
0.54304440264329268
0.45840737972298851
0.59524206456628614
0.55544541784904722
0.43233042714507797
0.45115074636548852
0.45214258801465235
0.4180787258597754
0.54699812857141039
0.3509333492543425
0.45603755566278936
0.41636075173786785
0.4703613026085765
0.49081002514292843
0.54900655309861157
0.4890136540600114
0.51964009716556914
0.39105306076546864
0.45115561683905303
0.49576556400233107
0.57590335200894338
0.57255428191021451
0.48988320139691666
0.52495690309939536
0.48091975830896466
0.59745736288687301
0.55826742023441212
0.41805732313220145
0.5185870729608032
0.49955411046560233
0.49931155326391863
0.52341111035487553
0.54888977538140837
0.47003261728994161
0.52066036045384179
0.63624191819004461
0.35736730765436425
0.52019345515160609
0.51005469874385678
0.38160731454955354
0.48930446516545656
0.29580175639250583
0.45264360829262662
0.64017808116255726
0.55029830037351768
0.4948763459343295
0.48486865066916091
0.54191938353642244
0.49316051330256183
0.53552830475566215
0.40850982072786834
0.50499277484765415
0.53882785831574564
0.46993805800890615
0.47042265842936815
0.63627286985091303
0.44822444378010401
0.51984438918755749
0.50347967598925625
0.56683784094996814
0.46169522502784904
0.62413758767369054
0.44943283897499681
0.56506534739991277
0.52167532974376096
0.53711596097122538
0.61041340946607225
0.48721485825816963
0.60040910494577682
0.46901989819710838
0.60411131455603284
0.41494550448425321
0.44470011098989859
0.36696981963999403
0.44084699058526017
0.55110883371663044
0.42766188396722421
0.55925161013572522
0.53170165142995407
0.5217365119370464
0.46672385126453719
0.39778445122634687
0.50876979350881402
0.45547948634648378
0.54409544709272384
0.51786578946140938
0.49766833989903991
0.38220539783559926
0.58220369331630029
0.49687432828132438
0.51140271888946509
0.52480311035554605
0.51056369888053565
0.55164873830174455
0.45813275264842984
0.44392534365402514
0.50893318636775697
0.50036619716395003
0.43878876987128257
0.47998925186780927
0.44553271173331038
0.57652364573899662
0.47035105156394957
0.57775115398789478
0.50846177868445419
0.39331749267627186
0.4161143241725726
0.45926644034448644
0.48118757629745218
0.49163531793146559
0.48396937756860631
0.51095046758460927
0.55018117365335595
0.53571001617788183
0.53057674308846747
0.54270101605981613
0.43330208193791359
0.5232512449504233
0.59604428014756872
0.43708243335322317
0.43062369111820448
0.55033734885848762
0.41580868019344619
0.48239911301974614
0.41132017527530174
0.52365063148154334
0.59969879063409748
0.51244645833472735
0.49222865960294088
0.57696971409313735
0.47080930410687016
0.50536473244666402
0.53105802166303595
0.52916000538613261
0.45302438786721022
0.48993451496736007
0.59743945342757943
0.44635174948962414
0.40571915157547311
0.43736763522398808
0.52724238569260651
0.51929865801922759
0.55213927054018774
0.53814771728691513
0.55510076363255378
0.50357083276158943
0.46651300895757003
0.5835139362558277
0.53810098572038501
0.51960938739893359
0.50811923077344756
0.53463430302393444
0.54667118864192144
0.49131580675718128
0.50373780416676284
0.50106897307814069
0.57522876907609555
0.47009376429413247
0.47441635531600956
0.55163168270961271
0.48653367886894283
0.49901609322378715
0.49021548418757077
0.56642745726939414
0.51763253653951513
0.46591579837301506
0.55713003157050622
0.44836742875251823
0.48263586829285815
0.32638913306933132
0.349065175311221
0.50077286982066305
0.52402243906895529
0.52792990538384865
0.47002826151971949
0.54662607786465978
0.617892161109588
0.46858120862789648
0.44307458700379543
0.58405571362438458
0.51256330370717174
0.54232401678722542
0.47515395835453889
0.48136643105652765
0.46924588257021205
0.51848930339162191
0.49919585807538519
0.45006754680750533
0.55892549528895108
0.44268900577462678
0.49506141453374397
0.45800226706399255
0.48806668296672717
0.46497023896222334
0.51942947700655073
0.40354979225423043
0.45332810644380472
0.47849887823554349
0.53434736817843542
0.50677268180822288
0.4678475853640342
0.41038264848177164
0.34492304574437688
0.52150141055720745
0.56123280957860511
0.50717555104897027
0.49989715854881017
0.57978666195344952
0.48055315576185065
0.53558747662194439
0.53485976477959207
0.53810954516943377
0.52730681439197646
0.61289220377084186
0.54452966888632415
0.53070728778840415
0.58895206090645114
0.51049366559632536
0.48727027828754771
0.53584990716094338
0.41180233751856005
0.54700421929179188
0.48719219298955302
0.59536873225970244
0.54964895011624249
0.43280192237522142
0.52727029927045033
0.49937172947823893
0.57900034998758765
0.48191912676841847
0.49766649706469052
0.48576393920587402
0.50745454747159757
0.45579455077063563
0.36547833633068555
0.45617583311380089
0.4877742458221071
0.47336487991269738
0.53608411368466868
0.49451918976103026
0.40564336753776137
0.43649993569815293
0.41517482823170099
0.50612690372528979
0.54617973930885
0.51710475906141895
0.41936842972225918
0.47754971922439743
0.52593297391693539
0.49045396505992317
0.50511582990986881
0.43409185432074132
0.4976029559223763
0.52164274761924911
0.51680957064647459
0.5336426672822846
0.49208059806311322
0.50364825083043074
0.54277695708582496
0.43975743727409433
0.5235530996434995
0.50958002789067447
0.48885513202719627
0.48504396690277424
0.54232993457581868
0.35712125799732697
0.39064223434920042
0.55367254780380681
0.53139412246661866
0.50645048215324318
0.41159194900063378
0.52551186820416063
0.48156709580640311
0.47707617729122492
0.62363627737144134
0.47370927272155494
0.56728263401276746
0.45851235991928985
0.52828192399757545
0.62511126458735622
0.59161140958461633
0.52082782671637406
0.42294295058959502
0.52138373775835467
0.46699411306648259
0.36828548133487815
0.60379370567192403
0.4927485054841248
0.40948964107484692
0.4684245944720149
0.44648828226542114
0.48438953816486435
0.44973653069220904
0.56398807558083508
0.52326922381031427
0.51668765379744352
0.45973939803338809
0.46620082964434578
0.45154848284284688
0.43720411841624185
0.43240989373827893
0.55036705839970723
0.56702148271428576
0.52570315577643822
0.42521135734409066
0.43938388247745869
0.53880098195501469
0.50381521964166598
0.54330554702255729
0.48290219024791758
0.46155631971736294
0.44522654318637089
0.47527921636676812
0.49387319697052506
0.49493468139620633
0.42234721803721775
0.45529051772256912
0.448744050883849
0.53591577198635054
0.50431361041187273
0.47313230554270064
0.51375970493351786
0.53679469358330056
0.54254024582328852
0.49321415749445613
0.51275570639868728
0.58377871062155673
0.5494703108742226
0.53084360895442695
0.37001326874109086
0.42849628773066717
0.48972174980792305
0.50076835805554509
0.50435577701508405
0.56382352194159235
0.53704919593732436
0.43683125105120679
0.47352992534225108
0.4990713692755358
0.51695390604881952
0.53586492886589487
0.46640378455121406
0.70225260764441033
0.49060606582616201
0.51923708881201935
0.50199278825844074
0.49379640854017853
0.3571802642092945
0.50858490088324959
0.4256817552327643
0.41764147835657484
0.46817495293590894
0.5499455220957451
0.504716063507892
0.51506215672038058
0.57263907216392806
0.48743905827560097
0.49654943416308245
0.50652066433538956
0.51761183940472622
0.5337344764361579
0.44947538231745382
0.38195666976967141
0.51194131428232104
0.44894651392142854
0.56369349959477977
0.45969892234880289
0.59462336572347041
0.53949223920199951
0.60200345947918688
0.50073576927475805
0.4601587056517244
0.54572543434045406
0.49783142051413104
0.49244498694698802
0.51996338462247771
0.45263327998678415
0.59150257452163379
0.45879834170078709
0.50536186050625598
0.48218409827867537
0.48186907065251244
0.48413541149073436
0.43349097836167938
0.48094561173154171
0.45818374411772983
0.54916821438937391
0.56086937081328836
0.47723772088651872
0.59990121515166639
0.55596738736367213
0.49965681865444722
0.47748447375344538
0.36536956620504979
0.35314527972896176
0.53734227438496318
0.52847465789881909
0.53114975970396561
0.46739233565760369
0.5172932358196547
0.53229124513157433
0.41338951284424713
0.57219448450415966
0.44718032958406201
0.394429247758041
0.45994902034779805
0.48399828189461264
0.46098171204461313
0.43382472398586891
0.42942400217229632
0.5599905450128434
0.47238291181062614
0.52970298702456009
0.38014965895847042
0.44097649597560756
0.47961369774781787
0.40122667704084841
0.45836674789077692
0.47175239051454682
0.44398044007813375
0.5276477431857427
0.4743686844114281
0.45349165593963453
0.46634947253589953
0.46203745208748548
0.37288429566834985
0.41610904598615273
0.51519637817103381
0.43775758095382827
0.47949815461018419
0.45788552598271598
0.49710816433279736
0.46228460388410786
0.50500214395663767
0.51436096475875237
0.44837461668943934
0.41465353813869033
0.56713530925751598
0.54566850820685608
0.49003960159619903
0.56302253609414499
0.39112199174728357
0.45027880917203583
0.38992682321110428
0.52442273939024742
0.53328469592327876
0.42845919242530595
0.60566354724163263
0.43018319374352554
0.53080308413122312
0.46578575314859311
0.5555813644020462
0.50184868655564741
0.52151009585927321
0.43290329308655029
0.58154788956706172
0.44047250018754081
0.40200102721121561
0.39773181445719474
0.50901402092467507
0.48401241758640889
0.52606719227533449
0.44158424206373315
0.50265320117479828
0.47441518636022079
0.44879714507827023
0.59667846777138911
0.5505064348955907
0.5337874775338749
0.52020981486569662
0.43509226433398651
0.4962583614254043
0.49939281903248334
0.48568269251527485
0.45658203892803406
0.57701969555655253
0.50301517657857941
0.47023616063416329
0.50742260678419526
0.53424112429478232
0.44368639548606276
0.44598908734033693
0.46565363664682846
0.59272896715925305
0.44968112090344753
0.59508044937021198
0.47374988009740843
0.44748069213657815
0.46841190858572807
0.34583685064493486
0.37866935985755318
0.4854435319457876
0.49647051382602142
0.49750932287508398
0.55391281460460218
0.46373106306307421
0.49173184955489085
0.54203649799995746
0.53360612976367638
0.56364257165291265
0.49067727493775365
0.48950929352141054
0.55871939380990021
0.48247922288775563
0.52088824040281489
0.50304513836656262
0.52245536765555989
0.49638675437579005
0.47478254895709193
0.35371042530486008
0.49245812476958362
0.46903167532841067
0.48674483238920047
0.55972481240359062
0.53430948339921813
0.50039738624952168
0.52719760428743112
0.49134091318089235
0.55095817538135961
0.5659535050234501
0.50400995583791186
0.33840140636822152
0.34847350582795072
0.41827207532303018
0.32372192301853464
0.34476179793311418
0.41624589814040192
0.34335070967964654
0.50102934878349814
0.3490836700775512
0.38071500306373274
0.42460555415549622
0.48219981484969177
0.32058676292849514
0.36238604847071043
0.4208908397455054
0.50061186071400499
0.42296740729796861
0.3963767431644169
0.35642781205263685
0.37399467925036406
0.42309838836364871
0.44875523467291034
0.42250266977813278
0.40687273149214898
0.42105027193543643
0.42379294335723761
0.38273603677668078
0.36408157615012593
0.41081998583285201
0.36156480190166446
0.40300672194838455
0.52606301487307883
0.3651734250016162
0.39702710213113135
0.35880880797620085
0.36722249997317852
0.40694628274558658
0.39078590503919614
0.34747865446932025
0.34380677810301957
0.45926461883201303
0.43821240957451191
0.35289666289755606
0.34718044777137425
0.31861161706380864
0.43903242876274551
0.32656466087224512
0.42328367716881904
0.51389650238767959
0.39152426533195683
0.3741186051579341
0.53312810933537946
0.4833626284718841
0.48193471042397074
0.43273485202041656
0.36349007130804822
0.4581119866183806
0.46697894582290522
0.57216040623817499
0.3730731940217869
0.42872118929722547
0.45328721364141261
0.45520524221903474
0.36218971452258669
0.30810951628278216
0.40693131010715161
0.45879623665525826
0.47704067479615131
0.52139311548696921
0.48915950324673163
0.45089802995094463
0.52667286859829554
0.49538456242825152
0.4551264707232065
0.39449675413547036
0.49291743751273409
0.50176509883682996
0.47715202334677526
0.48114704441388617
0.57310717652616183
0.52547656872210735
0.6345835697980069
0.42675178356902821
0.4651814123975509
0.44845273325937807
0.48415675995832169
0.47798244562799119
0.53521737204940134
0.54464348019053355
0.60162888791789504
0.57802639010272516
0.45384186753058442
0.55621327557756983
0.40003748126119232
0.45573245988783645
0.55453757607186427
0.56652714729675979
0.63042100392692879
0.46410306034114079
0.5204762449239746
0.48186593886113321
0.48015937716333823
0.5274795426841874
0.46958532227958633
0.59953367891289255
0.60622697921463742
0.46905426655049293
0.53587006243631441
0.51116524413122355
0.52178044136917157
0.5414503078434123
0.44716426083184668
0.4921135489934268
0.41493960885604564
0.49326602170162609
0.60950289272328984
0.46897775604906361
0.53619994377745772
0.53279356820789914
0.51724301372242387
0.55523869882572063
0.49679700567669322
0.49656532341593818
0.39975502428711929
0.49748629988867044
0.56013458630859803
0.48043540205184521
0.51213592663637386
0.43200180347578182
0.39957192613810033
0.53677816086356378
0.45448617653645629
0.50809809289505936
0.5376309604759909
0.48940554520295282
0.4502225631542206
0.55802491973136958
0.52974068855590362
0.53674596615596493
0.51732332260294278
0.42916935239350895
0.53258758747390411
0.50345404235125824
0.53910147166677225
0.49400341183300522
0.51187718830256812
0.58220372131584863
0.50059278256986306
0.44072995296828837
0.5407507774065472
0.49439086660801235
0.416064681722007
0.53203116567497521
0.52013211192102471
0.51414805288799192
0.44222698443105163
0.48344110734631834
0.51618264810749703
0.57230420698267992
0.47504109240577397
0.37454311791815748
0.5224110706018219
0.53846452165675129
0.50396146886038862
0.53404860555570077
0.4794124600212254
0.58049584640798801
0.49322310666800057
0.44699007763052329
0.49967379403710321
0.49635217320658703
0.56076773545416669
0.50652827742410489
0.43999764927488122
0.53230819898041903
0.48311884719016174
0.58955263251315648
0.48935963164537194
0.52043921160233786
0.48358007743165943
0.47834207164453529
0.29269013809937983
0.4894926836208725
0.58163890545301733
0.45544762503969005
0.46071901445503416
0.39098990750860774
0.44196199034130867
0.47982672681154903
0.54239350124202379
0.45477476998293648
0.43337141104395172
0.55116720470855218
0.40408859133771119
0.51438516164808212
0.54559742498113328
0.44919806684001118
0.53127191595212941
0.44880417510753634
0.47939828305102777
0.48312529178919184
0.5401936899582267
0.51225969632014801
0.49338558716970193
0.53022644524987372
0.47986364393827707
0.53114530972175733
0.53814822985483934
0.66676204132716488
0.55455488543755105
0.47012872019334617
0.50875050082099293
0.53688310267532224
0.48724387213038123
0.47687722928959081
0.50771175124257462
0.39602641959770402
0.57168359817847936
0.47650191072370918
0.58929724542946815
0.50029164616311173
0.49248838639165038
0.48101987801493984
0.49837982931994668
0.40787072094674925
0.33179880600582085
0.51993394677082727
0.46343318493730151
0.48034440987289456
0.50738187347974917
0.48313648887587585
0.51340827096458452
0.51668000216320464
0.53552121019473164
0.4231291909896952
0.40836964043815049
0.49108708254541877
0.45431697548616468
0.44304441797310123
0.60520449901606777
0.48900830033632448
0.47727856431300908
0.45902355951414192
0.38881126396172955
0.52057970188855895
0.48172947018553808
0.47263129397201781
0.3995036898640752
0.38202462051676916
0.54610553055326627
0.48806866002392318
0.58355948479213282
0.53679580689373285
0.43379551344833167
0.54067040483073781
0.59082023022001529
0.39895079736667655
0.48537646596838141
0.45930758258969878
0.44594944004089976
0.57509699211076726
0.42051275127728904
0.45460805399783522
0.52765452885570685
0.50349622127791327
0.5272150883502289
0.497724191732905
0.58448249136263031
0.51448510148119531
0.46778997628116353
0.50832044709216728
0.4701198344007273
0.48346453183784838
0.53095607698178615
0.45144007359810939
0.40989467151471931
0.49759290556746533
0.46660955136157389
0.60379515644326232
0.54273301067339141
0.43152446702106229
0.60311387446932052
0.49154721551142261
0.44474722412628698
0.54995273024586155
0.46563807632486348
0.45637388614503743
0.54775929419661096
0.35563271479603104
0.44975160256169061
0.44115563689077331
0.53793825318522659
0.49820300193676903
0.49100467896185601
0.45467057248582454
0.52173436551244434
0.53695973838538602
0.48355785261475698
0.56796663487769528
0.46836237512706991
0.44792101645513327
0.46586083591671473
0.46152827974624316
0.40811733843737641
0.4707619576522058
0.4313068016242334
0.51549054120235016
0.57402463978775564
0.47281706521985428
0.52617789313445062
0.50761839612306214
0.58774253207084992
0.55882144887260776
0.46060704344180758
0.46533006898210194
0.46552094796472665
0.43334329283528306
0.49649344449327298
0.48399018738225308
0.49730627858738596
0.43819676876742586
0.35634220775329079
0.53041383712626167
0.5019982238473164
0.44406028932388297
0.49670410138448229
0.42364842933944102
0.50071917872826743
0.56090426472831911
0.44060273543670686
0.45629305626790068
0.47206060139467304
0.55753186386970721
0.50461179346669116
0.49323545408523739
0.5279419633751159
0.47362620120984644
0.46195666306384736
0.36083572214047388
0.44480764588246086
0.50722544749875498
0.49154847210678776
0.56880769623225114
0.52431455133820104
0.4348588995966306
0.55304508067853386
0.55074989618568004
0.44241266544152136
0.48242613844188748
0.49260547783874514
0.40680979030685011
0.3796601101454446
0.47260203827511249
0.42579423501399627
0.57096780565603211
0.40781284073809299
0.49981462376767999
0.50566101068512714
0.52140528053175417
0.49766869019335069
0.49682053087923733
0.50621925153684588
0.39192804368406697
0.62874494646682377
0.61650542055402946
0.56582240156520658
0.42532447587040689
0.44030255650907424
0.509621876888117
0.4007947027578328
0.51166962961215312
0.50331076800570251
0.49225628451947329
0.48181957451749219
0.55179555713719797
0.45406746037950579
0.54658813572928699
0.51041859490050945
0.49491264767460086
0.49397921698238362
0.61942657648371924
0.49564158330436037
0.50550849313225332
0.53405007642197599
0.36906500638931172
0.37361035850469482
0.4997245523154939
0.49152530893997226
0.5413196550639342
0.53168047882980218
0.57105219600847479
0.49813007072948207
0.39467076444725191
0.5236421084131283
0.57502586568620195
0.60119998570455024
0.52158198471252137
0.56933516762478031
0.41900935814889484
0.4355959262380576
0.45323667624357078
0.50965914285920322
0.40620978176133204
0.51901211943325321
0.56911895821152814
0.44411299850805175
0.54886278612406314
0.51713210770449047
0.40791075667660948
0.46774488153615784
0.4855204917945497
0.53282271965186168
0.57467954520991915
0.49247107815401797
0.4920103843080994
0.47623090388737943
0.52886760798362242
0.35214822764686932
0.55463740415981932
0.4450502233026089
0.56908186358725721
0.44108114778886021
0.54980387800148822
0.50909633247326824
0.51992576693991299
0.49695858559185202
0.49681949671753811
0.49963596489654888
0.52133581955430197
0.41836019012767384
0.42215974300900638
0.47268421459345072
0.49828310378709328
0.42459167275578114
0.52902473635411773
0.49054268235254372
0.53393923681511402
0.59639896672053927
0.47898835694036901
0.44174827048840581
0.55692155230505103
0.52902296755058098
0.54194114259887138
0.43994391127147187
0.49277280037997134
0.51526931295951461
0.50163619680611782
0.47344508281481162
0.35989535207933071
0.36791764836678903
0.60280965170335743
0.47510723971082047
0.45753068387749019
0.53867121102145721
0.52866970139029579
0.56691620548362187
0.4484465135320051
0.4541926249945023
0.50070118081767456
0.53178124692272277
0.43920108083841763
0.54037310403162508
0.63730267511317695
0.45923166938010934
0.56336116219277466
0.52401796536692535
0.36681743840044645
0.5217380966326477
0.52199058560842282
0.47689287297500532
0.50242685429730072
0.54971152886405761
0.42653639697345402
0.56234029069837432
0.45406488880890905
0.41968709805255822
0.55902046968104391
0.50627326624682889
0.46157032924161723
0.48153609163194366
0.39923265710404138
0.39084073446163808
0.49210063516281066
0.57225432731983839
0.5001413232194688
0.52305743916103808
0.47497087778566272
0.40114079553607224
0.47807567237811843
0.50074352586067017
0.54221941324905798
0.4678445290348342
0.54648563709620424
0.47548306283172509
0.45712714792535142
0.50607606391338511
0.45440352310551702
0.44607402365321225
0.46332093389697615
0.50067488345750399
0.58300650339644833
0.53485572572317563
0.4705656895054241
0.62514515791034997
0.5045100972692842
0.44044788513282718
0.47853408848045459
0.55601896097731651
0.55663418369322737
0.50483368282290508
0.49390678473209809
0.52887139796730798
0.38607705946678122
0.40363803073108417
0.57304681030981985
0.50510610223137486
0.58007005807788048
0.51674897163879807
0.55614063831210991
0.52413071152400803
0.50245696720718058
0.45967602056986834
0.45982685581609878
0.46523410630615591
0.56014528625423832
0.49883273216533075
0.54205290036247211
0.53964426068751858
0.45842391795952486
0.4140645184636243
0.48002127358086227
0.4497000520991109
0.49090100220767913
0.51910772100590674
0.53800117987996887
0.48232754772072178
0.53706891200107221
0.44491253863144714
0.47299341890811036
0.48449041335755905
0.56179801188808332
0.53700850654639387
0.43842512539209799
0.50880804716166061
0.37862630968561517
0.36036313949111115
0.5100627419193029
0.52594367924976104
0.51995113184702757
0.56185522219188033
0.4225527185982465
0.48089910189683249
0.52244018608079601
0.54648485688550896
0.48428861278803809
0.46636018744887092
0.52051287258610224
0.57919095464988746
0.45540005381460724
0.45789272082524968
0.56284546369227251
0.4076413660946937
0.54255328224015642
0.57646547014298166
0.54872409915012543
0.46567433183703277
0.55065419355763434
0.51881529641353163
0.51938825583025738
0.56128091364308241
0.54027760781042589
0.47263442954432355
0.44568131477763384
0.5131400535565811
0.5568129389178913
0.54372080953319624
0.4275926275869768
0.46819860913120043
0.50763789898839906
0.56355312332326735
0.6277201105046103
0.43752773155231822
0.61788007717250593
0.50151164586375074
0.5550589456208691
0.43529850564221384
0.52559901438573176
0.52454177736451491
0.60034400751049755
0.47689241421476586
0.50785964227898317
0.45985340413362036
0.56550823591239852
0.6032414108738372
0.49238607498433956
0.43633984746929505
0.53087038653383634
0.50083836383483038
0.53501721615121944
0.47350376482368545
0.53086633546976214
0.47668906722427029
0.55734844021432917
0.49757011487154928
0.5498773276210589
0.55077446444479861
0.54278961822293059
0.46679198398105987
0.40013257584562162
0.47764908343947504
0.48057541640818374
0.52388994755106399
0.48208522758041716
0.4340506718107815
0.46522571350332603
0.48593905973210205
0.53995104998977195
0.42713664664636836
0.47192916608701374
0.49466944863870166
0.52070994511303414
0.55880469567538027
0.4583097855144953
0.52782720039292141
0.53119155554745945
0.4969954848887489
0.4731999797332308
0.52497536174077231
0.4958471805142472
0.51474355121790527
0.50691727064507475
0.56262369688291514
0.49253488904006004
0.52549593259504923
0.48411223634850026
0.42913943145715516
0.56182181782020579
0.49545499592338421
0.49140935681141262
0.52772127503713129
0.42673532092923638
0.38358075667619101
0.441581679880577
0.55417466307684704
0.46518117002097076
0.49921848382372475
0.47242953640293173
0.490584089128562
0.51786608286332259
0.48029624180697822
0.53071774482849976
0.47537752236916259
0.47902217658179508
0.44789498520275139
0.41043104160620536
0.46910336584733497
0.50846058931275118
0.51396756620951356
0.50584274582708766
0.52520292368758736
0.46881114818232733
0.44562700637184882
0.56069566503488932
0.5020671823628039
0.41869398217916204
0.4779470618027713
0.28819531375455831
0.50153688313911915
0.44322489600578679
0.52045014769091058
0.44302047553233526
0.40903640647775319
0.44662127553705017
0.35395379926592851
0.38585493873462939
0.45283532897068529
0.52672037258641258
0.51190068245567999
0.55044629064944162
0.50417603318191717
0.55272290649113509
0.55845950988353754
0.50353967055348758
0.44710838180236301
0.44683501549556331
0.49033876023404499
0.5846003875907505
0.56525051072899002
0.3588585965393033
0.43665522437428006
0.50271673270007033
0.50051943816408273
0.44251807790833991
0.46875132027785782
0.51248076572223944
0.56757594919060861
0.62300541706135026
0.41913783595235915
0.48772718820204264
0.4843881694294338
0.50065233240104623
0.50536698644345224
0.48369463054734219
0.452019203469672
0.28613199687998309
0.48142038774491469
0.40581524089932525
0.46894997813126993
0.45924086503558537
0.4661710607333916
0.45800901377574466
0.45518568820539412
0.47040270607215678
0.56920808378087961
0.51962239445939873
0.45964883271230866
0.52818576140580686
0.46795372789404421
0.63599702686585891
0.47218811105309411
0.50159100152563274
0.48267989702584735
0.56713377201058657
0.47478199698780466
0.57768976465973376
0.47852519786851005
0.48915343921092169
0.48826040874201387
0.50275478995997047
0.41704128757863651
0.54245902417101755
0.44860612965746077
0.49444464150616713
0.43318119623294871
0.549177092450014
0.513706831864993
0.45671301284014376
0.46072176541889703
0.54014905314792694
0.470909044421426
0.53309189529711265
0.4278739046532487
0.49951624596598632
0.45016047170822193
0.52725050852288591
0.47195987645756599
0.51366110216909466
0.67728639749242259
0.55460908582615664
0.55581897928301205
0.53058157091812741
0.4636918829310161
0.48026564762626056
0.47564661681912462
0.54377372998679097
0.46158643321732534
0.46251322196960487
0.54700960143742283
0.59615823625154596
0.50669854449590668
0.43313463747624698
0.48697538144851693
0.54640424726786296
0.4285103558704636
0.41701275589486342
0.52667494313932672
0.49921193738999398
0.45788854328161482
0.35375070062554376
0.39578482356738093
0.48308480194467207
0.49629451317976503
0.54938077202665558
0.49904730778854828
0.4941012777196051
0.47804896669896263
0.52880604362195305
0.50430060309341529
0.49595463844297888
0.59817555269764233
0.58230749713243068
0.47344721567317127
0.38676607480733333
0.51695870826410861
0.48018005590789542
0.64209527926875432
0.49532094451363934
0.58140549645492889
0.51962067390166367
0.54866581732376907
0.44436415534473667
0.51650693480137266
0.51889408562402706
0.49071426628823922
0.55612960080589291
0.47357189176072972
0.45490913857094145
0.48438747838180313
0.57262403334391443
0.53570214744197775
0.45660717778235388
0.46581786996224173
0.50230868228670811
0.50434167164410293
0.56366210428415531
0.49107960289238611
0.60040601253662362
0.44389370702703063
0.46944947424919231
0.55390646171671643
0.55226709326520651
0.55084568785510712
0.55928818729801544
0.59444776325351356
0.5535962957784285
0.42377865784641722
0.50004225176617501
0.49550932285142829
0.45376840614600006
0.56700030069345231
0.46779801908259544
0.50742678285034448
0.54651914737358986
0.52005751904632425
0.45572165822558275
0.45366273792802386
0.4876815881344822
0.59991171875378546
0.51879518240088829
0.45090561635722259
0.43401822692156378
0.482727361527587
0.39155827560497153
0.34982393961274527
0.6626485684640403
0.48419925665918184
0.4920869706588572
0.47103435298643398
0.50332608302548532
0.42171935081482048
0.44278142877088766
0.52843663385088535
0.51356616762499108
0.46070931724192765
0.55645428234501026
0.50277190715502162
0.5106212264066291
0.48600392877912829
0.51525092086377
0.55176368195328218
0.5652435516132549
0.54701801074736855
0.52669842538544809
0.52417960336238434
0.59092175290943516
0.55725254510507438
0.52772092852937258
0.44110460699328308
0.39431367925035687
0.56741036121014976
0.52660330047775561
0.53446514538535506
0.44097372027035298
0.48411638869197043
0.35872116218017103
0.51852742455260614
0.46496082061436894
0.52603318589798165
0.54696620826248654
0.49804962290601784
0.53653468021823514
0.60030984629934181
0.50638041258062649
0.53105066140072377
0.44945553692264301
0.48288322683271273
0.51308455245113316
0.44178445205315531
0.57854089491267213
0.46211502578987645
0.56956707474538593
0.48043275746380404
0.47419311726834212
0.55912673384899503
0.48599036094559517
0.471555186127399
0.51621489327553804
0.44230986391908811
0.56515056120485718
0.50620058055645889
0.40903717876163009
0.53999862759134643
0.44452782537486185
0.4342868604702832
0.53989214745009151
0.47564374891473377
0.388280906483846
0.26605419644336514
0.48210424439824101
0.48483442135776755
0.45549932561363832
0.58377409766893373
0.50982724586927641
0.53449501100391894
0.51697251103972075
0.38098104258545756
0.49589249577269046
0.4387061873251325
0.59930860609724212
0.41064017530825481
0.50260707798684678
0.42847113674957538
0.4376780067023851
0.44722130592316456
0.48506815831914529
0.5211808729087023
0.51045149467401996
0.43340809925522339
0.47921367981310115
0.42985905315030892
0.44873296950908759
0.52894473250535334
0.47509590673289104
0.41248703145899984
0.46031023850159186
0.54844223705193862
0.47737759929785539
0.53204102307048506
0.31872546459901857
0.40214281087838549
0.49010316980099455
0.51326662917907018
0.48296073337425571
0.55063598354949062
0.49964923302020092
0.47040963137430791
0.48023951725502578
0.53074470000337226
0.42717002297156609
0.39913207266684558
0.44654101808851515
0.61653118620386727
0.49925919354195275
0.64107916125556796
0.51140189184270857
0.54584412463319354
0.51609817285939541
0.49966600695342567
0.57106845165322029
0.46782108339202583
0.48526774476182472
0.55178681029801513
0.55148167014500171
0.50083700828401623
0.53955396214874463
0.49741949218679987
0.51627429415184722
0.40556661762905771
0.49641694143995702
0.50875469577222621
0.36924723222347461
0.36600267036620038
0.55413181151536595
0.46591498062150655
0.50500744884744864
0.5485093015947885
0.48496860263738778
0.59991498293896606
0.55400602848516267
0.47140026175436872
0.48244439992384747
0.43220004092150116
0.48085524679962977
0.56694907222424129
0.6197638630741551
0.55584590373327747
0.45812131231692055
0.43302547153571064
0.44458627942874679
0.42567843320883969
0.54586487356500424
0.53207690462192969
0.46232521980297997
0.53307494196734073
0.43218366354115928
0.51450578975440464
0.44998565321687573
0.47549586226937202
0.45529072018546696
0.50591958342453069
0.49057398408500491
0.5204605660236219
0.38609599570987824
0.37899135401792439
0.45209135091151237
0.58471460047896484
0.5065102442010273
0.47246369686830025
0.49284283560968822
0.54091173589359454
0.52083407620731303
0.45786506367949609
0.52361169470069313
0.48482318479117559
0.46889147273648479
0.51615174576842526
0.48288736890225015
0.4838373855281507
0.4388743683519557
0.51334664109601036
0.5595884181896168
0.48894411099520274
0.52334971602629787
0.48313841428707466
0.51385526264016068
0.52080969157950197
0.52530646447453044
0.59488794340681483
0.51425323075549123
0.53236482873150226
0.5007792049364157
0.47766167853329433
0.4469986708454885
0.52643824132566053
0.46866833601171759
0.36209547595299535
0.37211796505829026
0.47766722893084268
0.39803971685081085
0.39662046096848563
0.40756119389241591
0.42481829731355714
0.42395680505167721
0.39652170280264604
0.32165286620114214
0.49257811137910157
0.30290709445244124
0.36160049346971296
0.42531816399455546
0.63628636522866211
0.35921547703971557
0.36985054806391354
0.30402500089408402
0.47068913336112672
0.49605893323400307
0.38310142829524646
0.39331577958719238
0.40607619969258485
0.44788042129721695
0.32306098875417427
0.37608625509465804
0.60021085914147831
0.39907087194487889
0.33812802345351245
0.48016091844654651
0.37310644179999308
0.30675242986223344
0.30531528633395127
0.39287105454221777
0.40673152537416823
0.48297914571802442
0.31594018762854936
0.44455489476886684
0.4277873637098491
0.43506068662751585
0.36146898204343825
0.31040515779573202
0.3631399091628037
0.46599619708103057
0.4073954355988359
0.38902261735317933
0.33578482046503383
0.5254337607855506
0.41241750964014795
0.43813099742155298
0.34707417243591865
0.35843349889915188
0.39557439329320754
0.37940963705695402
0.35516496860278129
0.41152379293431957
0.41940303777395599
0.31885320985220045
0.40975625965655593
0.4926201984156543
0.38377703084566223
0.44963710062148471
0.31921913801928498
0.25566693021034936
0.30821350529089259
0.5453147342831558
0.49916434180256869
0.51144561341667238
0.51220953446326245
0.49134751394240311
0.4819544773908197
0.48384709269101184
0.54365097893467318
0.47925903589232965
0.54180075334688627
0.56103603593813267
0.45447701509127164
0.47160704676002529
0.4457195450033708
0.49515697016294341
0.49998438821182556
0.42183569656882614
0.38226191719096009
0.41837666620673414
0.50651326064176638
0.47798095764966864
0.48128212121943997
0.50624489220622704
0.59753042355808783
0.46816035067996142
0.5304264320252039
0.52585597513939142
0.47877896542582976
0.51758473459928966
0.47882631627056504
0.48257077054799669
0.37316156545612045
0.46923294783189368
0.52150597858578673
0.42483500088793408
0.48570480163924812
0.44399942862274688
0.48797471646994944
0.38869296694787492
0.45768812551175636
0.62227903475717194
0.4892606007198349
0.53597782434502894
0.42422242651667647
0.55030486264860601
0.47022868482141433
0.47623203848286799
0.56227332444403488
0.42536037178832314
0.53673794780356998
0.47487313094778683
0.45132298043121466
0.49069351334697336
0.44009464039328644
0.47642693995847735
0.4211242255105066
0.46169325470705119
0.44526765044935102
0.55974951192388434
0.48112299877263731
0.47473672972620662
0.47821412681920372
0.41576231182439016
0.40162718604281339
0.48851524367972016
0.44976019234845643
0.5992807712697219
0.45285441608370569
0.44340102931523739
0.52829276528471947
0.42757555515132478
0.49539920991892011
0.56956404729097809
0.54130263701406589
0.37511035558806044
0.4269651284528625
0.5233735949977073
0.52716373161670205
0.45167423379761051
0.44514262900162505
0.4895436500616156
0.49064672151803179
0.48268216215269694
0.51079946632342887
0.46096861146148321
0.52157605599939871
0.46059987623837662
0.53094060821829103
0.46681058370275841
0.48331587290495104
0.44861190824383373
0.51906611165709016
0.57143473976331249
0.55031795660725658
0.46824613529084869
0.41673769175593994
0.45591700136935193
0.47653493655597151
0.51658790771620189
0.46607359818651417
0.5728305382657003
0.51381388678567275
0.52817688387027395
0.48349161869712937
0.53682425978540227
0.56065658172572519
0.53093672675077008
0.42948381063882318
0.50457646905722731
0.45587508198299281
0.50573146732232876
0.47697737511932009
0.54235553792823843
0.50819495308303331
0.47724328180677894
0.56905008641897448
0.49126663034799928
0.45984300607350292
0.54300190355174127
0.46753571192480886
0.46517843569132267
0.5916844824284615
0.46044727992098666
0.59983702987194132
0.44921937774790538
0.48942837869232131
0.35322565592340921
0.38500909479585216
0.55362727356277452
0.43536736711024493
0.55132109658264805
0.54714231452137663
0.52713251486398072
0.43254685225410333
0.4247202504419168
0.49741229606928633
0.45002429828817131
0.59759801199585316
0.55679412622840352
0.55603304489998995
0.48853150610647278
0.4634760753518346
0.49283940173401558
0.48672517573093871
0.52199221362788251
0.51687028665381463
0.43050169106339492
0.46760613509354265
0.53634916734103677
0.58223574977787784
0.56458218042582342
0.49788806281365033
0.47377230411129667
0.60973669697412358
0.51671376101520594
0.50515928049423697
0.4896510100320362
0.51608340011180387
0.44553418183049626
0.38776677875960036
0.54494495145596744
0.52170883213844832
0.51697920487056281
0.56188142820155407
0.48267708546779414
0.47827979569345153
0.56875626685537661
0.5353763033450627
0.56281817482249086
0.54404918507645328
0.52130716914496589
0.51269432537232962
0.49992751117761414
0.50450786661033376
0.45189390433952725
0.46666661352404804
0.57480708560357552
0.51100218276430942
0.42200006857875411
0.51066858631296053
0.52089107356292808
0.5637312912293625
0.51614090444413174
0.55927170941372906
0.50023144238922679
0.48948729686973791
0.50268068011657285
0.47347366397502216
0.48730471216950255
0.44616935925640799
0.38520842521765442
0.34045259211148438
0.45034021497735893
0.4072891858445909
0.50461190716796489
0.54185161545203719
0.49907102402101472
0.46609551378916231
0.57216735971080079
0.55433783123799274
0.5084362388009257
0.44850782904168263
0.49979274933456619
0.44278157274859697
0.43216599533966576
0.61988258589871736
0.59368089625047649
0.5485563145447806
0.44710640841649635
0.55083101952911961
0.51339747942423086
0.55128982858645559
0.40742604785978037
0.49915225627166587
0.44362700423711715
0.47252841303023974
0.50123461017679383
0.54835146523987821
0.51762419053441833
0.51465585134711656
0.46800960682718534
0.45943250641939981
0.3697350884634148
0.30053829120517267
0.55723925460152102
0.50494914684028946
0.56628615443946584
0.55796079110962704
0.48879368201936185
0.52651244234741212
0.45693784796451103
0.49491453575829814
0.5300461458918978
0.49651677083073981
0.45626103623081476
0.47007979098033936
0.54825059521562303
0.50597184403191209
0.54528545514194493
0.59464548861835942
0.54817416643163375
0.51231545253972621
0.60067464488155475
0.48625595982001779
0.43612735130106917
0.42495566458092338
0.48086113361989641
0.62245582219099116
0.51231349233160528
0.57461451977436417
0.5534276895414747
0.53314325792088413
0.52301157155716271
0.49243886215079585
0.41484007541392209
0.3725839241589371
0.52665804610224387
0.49663603998895223
0.57499279192426322
0.52627051863818963
0.52102904918777726
0.43801217307130891
0.44600835256251048
0.51379682694509532
0.51298457414855603
0.46859527864462325
0.48650908107694468
0.48354472586582758
0.48564340282238244
0.49344227103752958
0.495274721382778
0.47947374732567516
0.45602369612255306
0.45507126313785246
0.56088324154351232
0.59262053543762072
0.50420677202984288
0.53438525031835049
0.40683235279196406
0.46394053390915041
0.42675865194264773
0.54483469958807551
0.44017003611587679
0.48392286551466657
0.49010569130675746
0.47274533324975226
0.47711254218216237
0.46797330526270448
0.45000114588469997
0.56131719304189953
0.49466935283721419
0.49404025014128178
0.548771895991643
0.44234433237193888
0.4886024284270592
0.50020430738831068
0.4847986713062023
0.44823799698863287
0.60536818285977123
0.47181057718324687
0.50076313298902964
0.51798263649357346
0.47366054403497582
0.525532854115631
0.49010831387258896
0.5691724718749146
0.47956544862507255
0.47559077650179327
0.53148877642248671
0.47890499074737075
0.49763555688927502
0.54579582972177731
0.44787005326217305
0.44408407852381127
0.54936046878894107
0.47289942547649211
0.53173792640825857
0.53852072959986774
0.48642132505198971
0.44364691487888486
0.46538380677341518
0.52165536673631585
0.48123662416661667
0.42825536712797851
0.57155722636694239
0.54402980827607461
0.51909870710721884
0.45546948131977466
0.49756722431481026
0.44192117218402377
0.5459558740198861
0.55808393786711119
0.60475265300996461
0.51110648964496952
0.51914821484666651
0.54097835519340542
0.43292453461400776
0.59510484423942667
0.48638447606948709
0.58577582988962518
0.42086014341740291
0.49070079210399614
0.52126368027007208
0.57429375809054706
0.55438738364950135
0.41393804547036489
0.45154702277005632
0.4894668727552442
0.45843944270940939
0.51143786900935706
0.60065348646968986
0.50302090100765151
0.48218984860222341
0.50534430419606624
0.52987855693502561
0.51417063513480565
0.51603700755257575
0.47741127646981851
0.46816180101896065
0.50597596693983649
0.56367399201385116
0.32374379761704264
0.41402011443632414
0.45780079316785521
0.56338621282349255
0.53412986889221858
0.44116465060464827
0.46806834021561206
0.53129913490193736
0.50063424143161417
0.50541542245162019
0.54650889546132808
0.54920007860610376
0.57985826844674815
0.42714341790301008
0.46387454465111655
0.46757725023592989
0.53915568394844704
0.49160843882845318
0.54853316468220492
0.41301824289886369
0.45283931841900998
0.39034962544878071
0.35227138377043232
0.45680904693938501
0.46268357075004524
0.44602749710993078
0.53668453707637775
0.5155298334727425
0.53351950901400336
0.56489342485648286
0.47582835476231677
0.46683355929161963
0.48747312674273463
0.48221890788387983
0.53844974290575986
0.4318356756592675
0.45737599875658314
0.46573538706911827
0.57274077960133019
0.48769970381569183
0.47355325973828943
0.41060484532867075
0.39514095561507245
0.53341146308018772
0.45436964656877482
0.51708581719950453
0.4877381729488901
0.41841557296300536
0.53431500958135902
0.37954861044411536
0.52732496473600687
0.49685723728316594
0.5167415589635086
0.45407774796596156
0.37889707879945139
0.5054021607102932
0.52637165267009767
0.37982709717347102
0.50838770065017214
0.4647364705124738
0.53382207875632504
0.49977472043999394
0.4752895438924577
0.53458318092366564
0.53300148952868176
0.51382212131766458
0.46778931711675237
0.47428041164386642
0.45328799293587163
0.4968326576488013
0.47295840094179309
0.58641682009730522
0.50880685616595955
0.52724269575460581
0.54062355039993348
0.61551524877473573
0.55115408422478729
0.42875771818835523
0.49332405169406163
0.58519586875494933
0.49088682913528653
0.38428945802213232
0.57504403043690977
0.44738338738809308
0.4938926296280669
0.48776003612260593
0.36169422870745771
0.48865549479363063
0.5867715501458266
0.5005941010183903
0.48060003661487871
0.45746250377597925
0.48652412606747347
0.46648129988799036
0.48844933692344444
0.46907729803148607
0.56779808302084711
0.59009497340491157
0.49510260352200247
0.57059887045408031
0.53638265255687367
0.51410059078552484
0.52065219196069856
0.43609245291109083
0.49662152406418891
0.53584040088731866
0.46409013857787895
0.441519338936113
0.50918370530315982
0.43992012843438277
0.49802005565027452
0.54127308404469132
0.53998320957545687
0.44686029682287071
0.56813383573881182
0.50795052423506115
0.45493725727645595
0.38262443427622606
0.4144983127562899
0.57187180481803501
0.5145571645247673
0.52414913811261254
0.5662335996556388
0.4994132062652698
0.56259705986919317
0.46434181667066937
0.56173495273712859
0.43944930489878054
0.48204777825873441
0.55589572628847672
0.52721252726406154
0.44862324554652738
0.55439092699702008
0.50888967240280158
0.52189899946855567
0.53798994185532012
0.51683320060947535
0.46354906509416544
0.51639499345137296
0.52380543707795513
0.47456647999484147
0.51016088437709572
0.4365467971469284
0.46900328205177666
0.47209061526759932
0.49271004278491004
0.44162201347472491
0.47982302719418979
0.53124315105174835
0.39005405140477961
0.35564556948249015
0.54806432919373382
0.50464250032517666
0.43888853716971676
0.52627434440790344
0.47854284672530983
0.62179989541228309
0.49803050206301414
0.50750113149421627
0.57436245986964896
0.54492415966655017
0.5088924696827225
0.50810361648097313
0.46200606818630185
0.49514918329150009
0.54003504585960005
0.50004082614451462
0.55573969975760773
0.50207243454557537
0.55110176064700322
0.5123830910553645
0.43930317181243084
0.54313411715088988
0.45679960515421991
0.52352042215496919
0.43848750829461564
0.48400527148905736
0.55438938667231552
0.44056960139917156
0.47261154766102154
0.5175207832745079
0.35691498565463425
0.37330756992656017
0.44030674454641877
0.49085529306284392
0.34627825692169384
0.52867093894081152
0.37872301206511472
0.53311229546598671
0.51837210180815163
0.50371503207426804
0.39287364243362349
0.5437089979831552
0.45086066945355086
0.51821512794836322
0.57751415054084088
0.46133355900945733
0.47268668563794175
0.51173695552208553
0.5823275190976982
0.51603095252628228
0.52500619615653332
0.53109945019886995
0.50154139626985494
0.55812656352876178
0.54137664805946362
0.46442168014753177
0.49744924037764632
0.56163867987119076
0.53634832271724064
0.46789460168452396
0.51440842290287025
0.4920966152291753
0.42843034859202267
0.34667383756427067
0.49557414114362908
0.41466800152452371
0.50302870248878651
0.53810686971263666
0.47808652066273777
0.45283313372624928
0.40558497980984171
0.46992849532951103
0.4726533679400452
0.53777568518654617
0.50670195162176679
0.53859475000943324
0.51658528720486097
0.47289570729632485
0.56878538346528007
0.51111246887367301
0.44228655005136952
0.48597568084533888
0.45505313342700449
0.45880219500701536
0.48299124715116021
0.55399268394072809
0.57371586081349835
0.59945155774036496
0.56498650527475003
0.52409692718653178
0.56332850830976888
0.50382885779016851
0.49035529525317867
0.41547524884979897
0.38995152743902328
0.35949515250821962
0.37951576914073015
0.51705656841863001
0.47247685219600988
0.58643754781568869
0.50372965354165788
0.45546547099004547
0.49181661850849256
0.4762366149217957
0.49589476544844929
0.51248170524514347
0.51715035594054248
0.45417547725057461
0.51867958397078351
0.44418318431538728
0.59517863445248231
0.46570385916744345
0.47118913810529611
0.47591272363979115
0.51659708360878809
0.43585154999455922
0.51935900429690507
0.48005328888894944
0.54400332543963648
0.50855486975438235
0.4649264553895045
0.51970931406302567
0.40232856671833866
0.45886432965006502
0.56764422914483181
0.46977203787440996
0.49832601194425802
0.36750669891352633
0.4087354556906076
0.46720631296856818
0.52716554507783386
0.58045720400913614
0.52733378763146688
0.45338112770742739
0.47313847348114646
0.54851856684581912
0.48834673902514458
0.54398585993406445
0.46425378998124411
0.4640650653992392
0.62844208892590792
0.51137169121571058
0.64157204697721726
0.51630328058468256
0.50644678522436914
0.48897991261696333
0.43289990538079404
0.45750771937285517
0.48771318260062507
0.52799064438664922
0.53598837054282089
0.50234398427975679
0.50446889502441727
0.53632902388369175
0.48312271126414108
0.54959357972975842
0.55097638384658942
0.49956429209973496
0.43600027539762548
0.30321482166366098
0.52930702762689197
0.58150729691040626
0.49098110731673195
0.56676006250235633
0.49313625795661864
0.48365045361322223
0.54889026966789567
0.47551495317397879
0.5068647884725862
0.48675411687113457
0.55691227364108942
0.5338904161189657
0.51347426061175305
0.42995460005004499
0.54035155697676251
0.58330095465120357
0.54605638780780696
0.47896995549153354
0.50845296852617849
0.51259739439561258
0.51198817672861552
0.42297527916801714
0.52938451944874865
0.47208569190205102
0.56361394918886809
0.51203462262876753
0.55295678090892775
0.52297363509784678
0.46313872228357711
0.60068658261184971
0.37901826696771401
0.41254727502489896
0.48311798497871039
0.38570986958653858
0.56907734534956855
0.53888589552856747
0.54069226538670434
0.45906048111815617
0.51555675069061313
0.51219856794955043
0.4924198871830911
0.50816981331667921
0.50486840385931919
0.4042727541556374
0.51311007838257316
0.6135676783984626
0.45936316466627497
0.5546867549910528
0.49658791746616443
0.56187209550074702
0.52276923669811404
0.52914143718877527
0.50949320805815701
0.43592088951748081
0.56325638669963085
0.47148451552530979
0.50731292077285961
0.49094848687704479
0.5138038639413246
0.5567198331499178
0.46669286190422465
0.48586531994208237
0.33651521776148907
0.48772275041107394
0.5286236517275078
0.46811453545387849
0.44072760175988401
0.49801467812845207
0.50611606885626237
0.48357946859036782
0.56652717655638296
0.51795214325497196
0.51508019960213791
0.45559756238095844
0.48590315625355152
0.45930839331402179
0.46959515005528407
0.44521338038321162
0.54728396225545373
0.59281740722473508
0.50897319833515431
0.49038419168257763
0.49081736194623116
0.47639215652642897
0.44918460599876303
0.4199802291136317
0.58322819886112787
0.49681466334604896
0.60290564239543409
0.47323054369654449
0.50649615708046813
0.44831992243097774
0.48342050964476352
0.53460633249670964
0.36723863069936152
0.43110090425379327
0.42785135469335045
0.57336373657881656
0.51836106865414533
0.54614332346224748
0.40028439594256721
0.51816775707545748
0.4968756755945149
0.42444954412301777
0.56722668927814768
0.55441478752329387
0.47739262519157605
0.46603451078672181
0.48213815290299372
0.5344267219727078
0.44554159141494232
0.54517858166799271
0.53864078313773522
0.48307476248886477
0.56422053714731712
0.50343404908814859
0.53362957536160949
0.55009646349513008
0.57477123106305428
0.56476658236023458
0.4806124203440218
0.51072006771910883
0.42524653315870492
0.42733388004955497
0.59879194238953337
0.51383227753507166
0.44565204893943572
0.27912675606594312
0.42674579792315198
0.43446998319405999
0.46094214214917656
0.47664225455181125
0.48457231682802177
0.50801083294856153
0.53167118016916903
0.38772761491312613
0.52826478876968042
0.50321046697539318
0.57704856753234768
0.45774167323005749
0.54082169850533934
0.58964834698965884
0.44708461987188208
0.49978525357316245
0.54394316906219597
0.52385833036199758
0.4927098607126576
0.56973947787465684
0.4964978464664429
0.4438425024024496
0.53324478143121568
0.6023573921856169
0.47629401386125425
0.58406286237453309
0.44547223823609439
0.51118182154340419
0.51503295243525382
0.40537995515016617
0.3593331787637753
0.43163295830349613
0.50302560756658765
0.52504073353795322
0.52814505256914579
0.49187864850940993
0.55749413622485711
0.5368714502464591
0.53822337046326052
0.51060121803896696
0.47250897264694297
0.3703878799011911
0.5002125989565771
0.52848143366358147
0.58550972083280772
0.48709006570533364
0.46658682762766018
0.55293248578876586
0.4412318291696336
0.40465584373846597
0.51807545281983858
0.43044496568232893
0.46982394257537774
0.44740019711336948
0.5417123046612683
0.47343370756971193
0.56109557349806372
0.41372711740180718
0.51137047686418435
0.48362854244497283
0.43217043198054605
0.43992028553643714
0.40916624848534294
0.40672050071705096
0.55274992164158399
0.52731150499828572
0.57994804898653463
0.54606632176854109
0.47826920705425213
0.4753452232088734
0.4952968937350542
0.47132629654700248
0.49818989302730426
0.5349915027260429
0.52295875249937918
0.53622076786628092
0.52578465224679072
0.54139031115521441
0.51288315473265222
0.57227054924360177
0.49753238173299164
0.48086819508760392
0.50289775816116167
0.53382056960535718
0.52653918752885776
0.45596221794614417
0.50394570111949055
0.47678089982197897
0.56438535694605008
0.4971153019314335
0.48367493144208928
0.51537072307998211
0.50586692872630878
0.5503528123884609
0.4431653772508336
0.44643088980243251
0.52623481348690537
0.49151940254984677
0.5807305975770134
0.47608636577155866
0.44746750417483988
0.52760499296283681
0.54688176746610517
0.49125634488405778
0.48490619735379364
0.56405081726807371
0.5055211882925903
0.56363880976682434
0.51087966215573954
0.4692408445511097
0.59545391711898343
0.5305055967690453
0.58602795304942679
0.51417906427872195
0.49916304905220149
0.41482723556217388
0.47561619043031556
0.42930410845117845
0.32834848677255357
0.41175138764724295
0.40560655961411507
0.46285833303315105
0.57326710598888519
0.57353590500252627
0.49685752415500822
0.56130926625261435
0.56084933335088749
0.35663847580833952
0.47828308429954203
0.54059800947236714
0.49651729576515463
0.58062391530175717
0.48734808316776135
0.48680075489095259
0.48706708725417058
0.52460423445709015
0.42702874125797363
0.4419339977073658
0.49563841296009076
0.43320340198342466
0.46044335606519443
0.54701170079761385
0.52565210509550409
0.48129620171032794
0.49761075002876676
0.50372392100412056
0.50135750277352609
0.51437634373036079
0.49976192130093422
0.49677917653344955
0.51040931070624429
0.45250016556913991
0.53517012339016967
0.53997726506658816
0.57836297720754926
0.5706451303276141
0.56985094372298317
0.4131552359724236
0.39145620371501072
0.34757039328714934
0.27985423217300354
0.43037176506481817
0.46230833432961044
0.39384417942340905
0.49342259399561517
0.52831962718482384
0.43687254310891754
0.43780277647279053
0.31793475245349689
0.35959051368051259
0.33190121368727848
0.68004100766990261
0.46883258251838561
0.38519390644485568
0.44213804464415507
0.42918880496226458
0.33652084519427283
0.37875465006143844
0.34703382454216525
0.35395677795006419
0.39601507967595823
0.42811081200545231
0.38287291482032682
0.39551960898135413
0.37388080353579917
0.43889196709106654
0.32924709175417977
0.39460961746506212
0.60258883383965722
0.35676096469456564
0.3139082491575409
0.42156377193569922
0.35816894011949924
0.39854171301974251
0.32099313388825823
0.28736802389664279
0.35096017606955815
0.39302104510004043
0.43930373979815007
0.35892461792269986
0.34179155499240987
0.41456153133071799
0.38542124035697617
0.40975761808275896
0.41906085493915118
0.36255352564141641
0.42287609618252403
0.48682567074541666
0.45570543394531277
0.34737359681900648
0.28410855189827294
0.38184828131153115
0.37126349466710745
0.48018784333063685
0.29095832033293112
0.37352536060605235
0.3408451340034877
0.42555859424483367
0.36006399221370161
0.33030446004046909
0.448466155599762
0.4355744351016908
0.30514009013192323
0.33422005315426234
0.48735074439101173
0.45783052352148651
0.50235862152765653
0.43529661724110735
0.47755506990951657
0.46476141856334979
0.44975331918100964
0.44176917712711589
0.53504399714534701
0.48006407385989774
0.50789281454647017
0.46520521235786405
0.50303727821509714
0.56001168728747464
0.58743519679354939
0.57509435869668457
0.48141807301920564
0.47376680378373875
0.47734463790474724
0.47963860110610074
0.42871003644792949
0.46520593505313718
0.5934428861977854
0.59435071914799886
0.52310660716573931
0.47134918176314083
0.54761861971158854
0.45457310619455077
0.5179772021074398
0.54404914153019379
0.50977864144705431
0.44268539653207828
0.49256581627083545
0.5197677737962898
0.49207831060827678
0.56236656096772586
0.57901522524471694
0.49689767721987055
0.49173141009745064
0.45744215237806218
0.53972531465211082
0.62220461975895625
0.47614008263356733
0.43870290088188385
0.5262574067066691
0.53773939301618123
0.47393851157369293
0.47572571954844839
0.51181403454611984
0.41149045810035578
0.52559306772496717
0.40213272515187465
0.49969416617024937
0.52610141129979671
0.52815353450388736
0.39116016231670064
0.52253616378797274
0.51066027290340621
0.53583047634552061
0.56818610389148971
0.45574400767492634
0.45666409564365745
0.3819135802091293
0.42644355433876557
0.46536769143809426
0.59455297006962571
0.48237130892024155
0.53159248435411355
0.39793988859613361
0.46797979783499949
0.46921313499416573
0.4447504010485745
0.52496571439364992
0.51068101549380829
0.46312215127725737
0.49098812839831041
0.5767117337425105
0.48971852883707123
0.50937230838612479
0.45681761933187515
0.54147328716859811
0.52116250432019184
0.45132733375500628
0.47409518284008434
0.50138475206029054
0.59188491063200566
0.4788202494947193
0.43325664588832691
0.54097529513821152
0.48660473405890042
0.5846198741542018
0.50109304523473464
0.46183006686728995
0.62763472113663377
0.38291574424802627
0.48785363838774504
0.60849089535559553
0.52093183297372425
0.45843661538114194
0.49177720337009606
0.49792493289674949
0.53232404575480463
0.49209943998946148
0.45609104921897364
0.56763416581716508
0.43597618020572376
0.53880038085970949
0.50917543954347355
0.50523083525088297
0.50709049987188237
0.53774471521292033
0.54989514827336605
0.4529270448196776
0.43414142484514917
0.39856712180032239
0.51136459953709867
0.45419216115999944
0.52939082097960977
0.48064165888884924
0.48280616226688461
0.58118414461790247
0.46266877155346703
0.55574284742790414
0.52570898948352018
0.49840402876898521
0.50889126191320355
0.36838988504756892
0.34295170833278904
0.46457013999170871
0.57076657386125085
0.47147508091335621
0.48572020617888978
0.54335920554578521
0.55621582675570813
0.53485381385571884
0.53944406491906094
0.53636059677402603
0.53823486179974145
0.52466599898608779
0.54730729244033827
0.40551091574207088
0.49535664729690143
0.37678004185378655
0.4338834387139559
0.50852342131243411
0.52872390587533458
0.5032996845036406
0.45872698179180937
0.46165958618099451
0.45937717370981246
0.49550707188637294
0.44160108253224784
0.42906847734473813
0.34668266329910402
0.50471197410979696
0.29884456329333114
0.53193635836241193
0.4429237962532464
0.29154432770210564
0.37353354868270899
0.48515018298340307
0.46490131735855922
0.43811193915269619
0.47280110636811212
0.4464841780401852
0.58905983591070743
0.56597590320601232
0.46299651743034903
0.44431158827515754
0.54457988789510536
0.35377939534399439
0.51828949756125786
0.41108095225634472
0.58688809949409071
0.53068444977774654
0.4866631403740192
0.49696673464000179
0.52325463060200605
0.46243213612336448
0.44427614383038111
0.46096620285126316
0.48418850183362144
0.5445270885945549
0.47547286268682787
0.50546468208558937
0.50568909922150151
0.49568085286287
0.48823294033575138
0.44817363914615804
0.45493642505164472
0.30901513343750447
0.31246763880955225
0.48820304551604538
0.53352822252715493
0.54904006288707763
0.44681536944000688
0.48667880484692766
0.50351047329982546
0.37245946000335212
0.39087874521733845
0.35545937448212755
0.44902323215414208
0.56155919412738353
0.43451261966278942
0.52538834513573174
0.4541351778215314
0.54991767354142751
0.6347126076751396
0.48710938624023237
0.44751177151665522
0.54517475243653502
0.49263723440730961
0.49237393427276543
0.456990848409561
0.40337865378974069
0.45558400719266656
0.52980600094395636
0.53047005305597772
0.4220902998649998
0.59312670446940929
0.54604934159625129
0.5316094949843575
0.34687186624154837
0.40875598563859128
0.48650709706007639
0.5046192953089923
0.5117638082058239
0.52828848528402683
0.4065992567738006
0.5507977061227064
0.53245202284562687
0.51737691066868452
0.53632861429710199
0.457085229702068
0.45387585194847918
0.50057080819783839
0.5411349331845271
0.50494529775305952
0.42229891878793829
0.50759207251137894
0.58061308125863265
0.54130074560350694
0.52023687353946024
0.46990748150782879
0.53009130201345056
0.46469234934148845
0.35359674527997759
0.43320518992749124
0.5048677501379869
0.46370285291962071
0.57068066158833086
0.46791811142267403
0.54940964927858982
0.51277029455577727
0.37191195508271718
0.36140958179142313
0.47051634392007713
0.44828928319185568
0.59051476697398808
0.42185526006232976
0.47817320749943637
0.46920185751288501
0.53382667278554685
0.50769574879898205
0.47753544145402904
0.51624419543572864
0.51648713447864925
0.51428513174823731
0.48790547065929463
0.48768428477019243
0.50638181605638755
0.50992025729474333
0.50194275338288852
0.55342800194899466
0.55164578681597987
0.52077237079930394
0.56861457603949561
0.57456488720965015
0.54866405816399477
0.55755271806844209
0.56114838528436062
0.54235478109172508
0.50928278179761055
0.3466234438439762
0.44283707298880653
0.58857066743203723
0.39611578201098091
0.35993995173443122
0.49095004544943927
0.49750919618213246
0.45897448329334112
0.46510568541452862
0.47365245181152221
0.55015127521340323
0.52309570879049694
0.50240135189445057
0.45982010164155096
0.52929652270872884
0.36350245065604531
0.46999323060670983
0.46368908394996183
0.42747002884849056
0.60995546393064259
0.41132377589252428
0.50915947496558023
0.46305396460713233
0.4174181765939059
0.54152243391613986
0.47566711315733312
0.51257545390512815
0.48973855510353748
0.49825262623919431
0.45009676965104728
0.61238132819812785
0.45803542184231655
0.42993856188599122
0.48924382078161333
0.44502821479708726
0.3551757566950598
0.32695426204096195
0.61027267555515663
0.43761703992063222
0.56548356079933715
0.57994381436379483
0.49297592588593214
0.40639112216109752
0.46982322109712987
0.53761520181833911
0.4564691913432824
0.47741931847405811
0.3496018532198672
0.4844662358820005
0.49369362330452671
0.4783712501571617
0.55930288994171129
0.48657731293232948
0.51756690265027361
0.54962013813838473
0.48047117657719079
0.53140330417226211
0.41868460852526512
0.48388479428309927
0.54960429825445423
0.53064714982932104
0.4296845095733644
0.55097343572606117
0.53905116735583325
0.48432570299146077
0.51404176984354411
0.39854432037162107
0.50637085539862448
0.44865071876367957
0.54861543822950543
0.47119216991752955
0.49556396014610121
0.53004412037559601
0.52296060330464611
0.49712214005158128
0.52410093984179607
0.49202987599291759
0.51901496322298613
0.48477635687770393
0.49567995210018656
0.43433852912655924
0.50491216123694271
0.45802665731733266
0.4976320897970205
0.59776753166868701
0.52183887644801252
0.45482025496526279
0.51433334319130264
0.46197585159279853
0.52531983153824191
0.47876688009586132
0.51219766169501424
0.46665603815519208
0.51156512796221376
0.50996592813469355
0.57773668975973014
0.53241966251835149
0.53031361509685127
0.56642064775626733
0.37109322034172298
0.52397844102640623
0.51532076444883779
0.51308411001884713
0.47797783725090193
0.48736264807884422
0.46422743808685629
0.43556018293935245
0.40683151947698015
0.50006346617485153
0.55108943812354216
0.48125014142148065
0.57130523332110628
0.48125188157399501
0.51387877822923766
0.54076914523931874
0.51363876581626455
0.4812278633977789
0.47501564618794584
0.52134856158923737
0.51426316228394919
0.49140428001010367
0.48733519123503272
0.50423146286538423
0.50141136286894306
0.55370655426806492
0.47225625547082423
0.50105870867334323
0.53479673782758663
0.47842923285828798
0.51288493847388494
0.4987157172118557
0.38805474140664609
0.49218203056999177
0.60213550687195649
0.43167028895421583
0.56327909037345214
0.51319749560424111
0.51151839279034794
0.4072995592360481
0.51927379383185612
0.45350219555024579
0.45033049459197205
0.52041210690562567
0.44337894700176994
0.52889389545907139
0.57039794679442601
0.45013183154409409
0.45343764734226399
0.52178230370660827
0.33457094516110575
0.53086825049197173
0.40908824191123766
0.470375393260064
0.44009197998668631
0.55589801590067445
0.45403094672857908
0.53824614390310932
0.52862533270060086
0.49844913450489903
0.57819025092119436
0.47466593077606845
0.48340906109171933
0.49059969637124934
0.47354684622427451
0.42934796426395794
0.48734576847294414
0.50233466515837255
0.47784346409669748
0.51471026554460308
0.54604965981701226
0.46910083100547573
0.50037597536724265
0.49051861133897706
0.49943496581322538
0.48880431998528007
0.44472469255283587
0.58822370402293234
0.38949584601220955
0.5924476680111006
0.45147958130583254
0.48463814401969985
0.5545203853211178
0.6504057188687663
0.60018055163187856
0.50839301120679492
0.49027335391657384
0.44789205643355035
0.52511968377391693
0.42254930538000285
0.53768592557714501
0.48740452705896664
0.50529947960393551
0.48163198587545519
0.50861266131963945
0.47453818835906625
0.47884683776859099
0.46338311447900266
0.469377780310059
0.46795233971060896
0.57968668619536035
0.52562883089366441
0.47220575741571047
0.49302896252721251
0.42490803794309984
0.51097300431530512
0.49392214669620138
0.51712239471212484
0.49287702500029656
0.49109833856753288
0.41199972135764013
0.57924762589725998
0.477067815874131
0.49172959399775512
0.46634224370519739
0.41808731281629241
0.59130206328388379
0.51368057057156236
0.50899938940123701
0.46665435971867153
0.51019668858117373
0.57260890594413538
0.47830832745482271
0.47164734302876066
0.51963836365005722
0.58411162563895958
0.4181558203340231
0.50358855699217342
0.39234306190725859
0.33861998106721236
0.60569001881530049
0.52540170463320002
0.60437744007537975
0.49208241188136104
0.51199375743976394
0.63569235542534774
0.49491941602329814
0.52448223320418341
0.48013647134926291
0.50209056422793963
0.46493046388261816
0.49848930060667507
0.48170043461983941
0.42631276667289186
0.51468980620717641
0.48656843602319028
0.45185972067502106
0.55978830572911498
0.49654708468464509
0.55951021165770665
0.46781898256429039
0.57888209060163709
0.56402500352341856
0.49456085335797362
0.44022586030960237
0.48916896023749357
0.51377678006288663
0.45595161562486425
0.44143688067940484
0.49611154997993667
0.36144311987294342
0.37223996869503972
0.47400369571371143
0.47520425916261666
0.51441473938895721
0.53464246929268144
0.46144097800037015
0.46812516301258511
0.46779877353608734
0.5083420117959061
0.49344653202586281
0.56460047254104662
0.45031575432391635
0.53457978545692642
0.53048256329861398
0.55110492354039786
0.45953323527515921
0.49966074041704434
0.53961679485069636
0.47182153195908721
0.45442727115258574
0.4392919731918391
0.48463886247028759
0.51521276327340437
0.57523716362728505
0.35822835964823041
0.46562283466820503
0.5069199077607941
0.41549538074937076
0.44530665883009607
0.51655227259477177
0.45118185282477719
0.35480726673690594
0.34583663741138621
0.45678057270016803
0.57176174146284175
0.48081073315517575
0.42841394076297667
0.47397023726317244
0.57600528379441096
0.53927513732963261
0.54174133983105599
0.49458457596369226
0.48861354376151045
0.54356095699253582
0.522031080666297
0.50208570447959422
0.49708024052636168
0.53925981538187029
0.60879212300607499
0.4949056878011609
0.4537325248162829
0.48616086471426667
0.47789845939159492
0.49704934573497223
0.54231432930177492
0.52280042242294789
0.57300819506354972
0.50440038046557423
0.49401615930492565
0.46434458044493959
0.5652638907071712
0.55912916625818176
0.48306580017127515
0.42846117063110745
0.43814304420367706
0.52399661804506481
0.4792120600423842
0.47391608020513554
0.55407854828165193
0.56561136844723769
0.46791276677525606
0.44979181916843447
0.45508568032841562
0.4913126793982393
0.50214240720377745
0.47184131478496105
0.49277600574655084
0.55033039926726324
0.48285751923418846
0.44306327505437443
0.50863698049813733
0.43381489350472435
0.48218338136911687
0.47081103833914895
0.50166911510506518
0.46451158496042944
0.50321188581016962
0.49095142987070045
0.45620704895964864
0.49884834960202867
0.52612437829318714
0.50637203321302726
0.58778199663897313
0.50565464404563476
0.49987694316098336
0.34548522604570597
0.44100691067801084
0.51226727968489261
0.47858462382782002
0.59217440539349031
0.41877494403291199
0.53166576261022525
0.49071706848366187
0.45298079761781729
0.491863261258839
0.54109964671979727
0.57639099880392541
0.47241314485976121
0.533147079160468
0.54737063588912038
0.49735871135267973
0.47018575229537979
0.56159222053843072
0.45460763088501677
0.49960681719643124
0.54077330688431724
0.43405646598027264
0.52993107615461277
0.5183321198746671
0.43996563067553218
0.49986788872623988
0.50510919949459421
0.45178058822268802
0.508295347512565
0.4535488482684541
0.4335859783657649
0.52193254913049192
0.45448391976958946
0.49543554955023666
0.49399284294929219
0.38764227370318671
0.43970655467292186
0.52362230385987307
0.52179739034168804
0.51347850048286292
0.53889039536844729
0.5065705344924164
0.50941785188190813
0.47991051138540169
0.49159441678052512
0.52231235410497567
0.53487597574300416
0.5548956654954319
0.5255651452210246
0.5363570927321083
0.45818555286582091
0.34355414942485352
0.44022416470480186
0.51834963448421134
0.38762194600416877
0.46098234060084559
0.4678917627834101
0.43900124750004804
0.47625826630282436
0.49361610521320293
0.4881940536547596
0.5247193155315788
0.48259934580367181
0.47137691096702067
0.45072114751497161
0.56971783527995834
0.46798930192434729
0.45919829137139823
0.52746553903466276
0.55812284493956221
0.5060820914898887
0.49884864409478041
0.54785095121083605
0.58056438930601206
0.47395514532711902
0.5532157582231183
0.49908484694588967
0.56641764329658262
0.49446341961604234
0.55939723033033228
0.44596275210538622
0.52068005294253639
0.52751342512472021
0.50654144897319964
0.49892048203424189
0.50867058951875654
0.57489363278965167
0.62205007105807086
0.49046069964708738
0.52864868980361146
0.54727804088216614
0.4769484844196577
0.30890925415261838
0.45474352556231074
0.40826458771132262
0.5207114247144593
0.41526376319811115
0.4964030330996928
0.50462112877997423
0.56592372276358505
0.45012888461238587
0.52559560917730019
0.41403901278863137
0.44712962801490691
0.46437051244540783
0.58547843276575151
0.48419108832497265
0.58229302958357088
0.46093954786409996
0.51664156100839442
0.56476361869437242
0.46602180828808931
0.50870803322941061
0.48986262608855846
0.50562240067112074
0.51020903053537692
0.63019764171751613
0.42393929358005139
0.50180377924503017
0.51091597936568922
0.48918270773454842
0.45638603976818848
0.4569423339208043
0.57266254320415799
0.53807441693203184
0.44037803967651473
0.45261832256103407
0.55414884864001324
0.32977068367181095
0.53219838629445049
0.55348819601872523
0.5507489228884993
0.51669250221778273
0.56881141674379931
0.44546466442302679
0.48285750898079122
0.52165762533856341
0.54445479069168867
0.51061912536563125
0.5124303412322293
0.55886784540730494
0.49607510189790877
0.558405884063638
0.52732234285014989
0.46061976347227551
0.40797675879591422
0.42851748386323796
0.42130213322165472
0.47736171720290332
0.53197273623876451
0.35561746864947086
0.51965442760830716
0.49088217434108278
0.40141682737283663
0.55355556225425062
0.57799587438479305
0.42322851464818401
0.51123614704341125
0.46527613698884979
0.48556206876002167
0.37051412431731767
0.36953402167117899
0.47977106533095792
0.45951788828901469
0.44642639770375342
0.5423778141173996
0.50116466444040353
0.52094740988535171
0.46851677404695891
0.50508337912207679
0.47134026864989687
0.49280882924658337
0.37990694139939507
0.48959824792835283
0.54766437149543901
0.48329403811410959
0.48039161979081074
0.54936732601407579
0.43098648846961884
0.53054887185213018
0.50830004516759508
0.55112741701700618
0.52826829119894325
0.44870199138443995
0.50297251003824228
0.49920291204078826
0.49398828602017791
0.39602469045690453
0.63808989878646805
0.54078666810351772
0.52624318340428677
0.56787800407614863
0.42593326723931868
0.45005533807493986
0.52892005705557354
0.44482081291251191
0.49066224257181756
0.50166341517468616
0.42061515113512588
0.50757850719511277
0.50668545240303686
0.50861540794873228
0.52971725014919357
0.55086938943178632
0.51767894493954547
0.48940140471840765
0.51543242878005469
0.60318058634602412
0.4960636843092196
0.506081832525069
0.51066143317187607
0.47221049263655451
0.46073012690375836
0.52201551470978036
0.43042124974159679
0.53641179859765342
0.44554478442438655
0.52648387864320367
0.47199438184170706
0.54400773520313472
0.50321079494185716
0.49952208625727595
0.51934304687789656
0.51206706618579056
0.40593549607858681
0.42263980785144578
0.53418084460766047
0.55778220696130998
0.49073666644713182
0.47582803447464428
0.40835013885966992
0.50539044333174554
0.53751280195852658
0.5223115974379301
0.55634298282460526
0.42918637421406058
0.467318394080664
0.47303176482058856
0.5651407313167589
0.49476344501645542
0.51046266817927421
0.35707796248859031
0.50438316947937156
0.50519539980335471
0.57429873088669314
0.54465087999693074
0.51188431746654994
0.55307401992224292
0.49050972275185517
0.5600544618192862
0.43440584988737396
0.48454165772156743
0.54582312601210115
0.49954147347671929
0.54195832333357186
0.44627729058188775
0.37145898712528636
0.39621197812022674
0.48947898930979777
0.53029240162760349
0.47626128106418869
0.45887317416626566
0.44693034249239283
0.48467507885461969
0.46001794133039936
0.56226937638139052
0.59957665060297316
0.49210854838531704
0.51802491044534194
0.44838839896476002
0.51560964834502465
0.50643741154170474
0.47150322466025585
0.58920028841803063
0.49842407165671315
0.43820751792448742
0.5852458431511891
0.49161694581900034
0.48388446355647347
0.49842653806068327
0.5197143320528993
0.40002230311902132
0.52602569951614031
0.56094075826473089
0.55562813485212603
0.59018479037177274
0.56729475416566366
0.61136223154926383
0.3209264565588511
0.39236899409111009
0.37876972970553086
0.51693836974181417
0.45977818619227018
0.45772796287336026
0.47952409446701161
0.54830942355817125
0.51364905541589079
0.56450809050990114
0.45560528476805917
0.52430043460490894
0.54021130308604981
0.61237132217899148
0.53235157595742499
0.48148300501123553
0.52322079066916005
0.48033432285794919
0.46327795417958545
0.55428210068304085
0.42331967460888609
0.47333224987643813
0.51616319121109067
0.48026064754266373
0.61578675848623898
0.49605501248309719
0.51836727056049026
0.49690461260350738
0.50044188628020103
0.50677450877873553
0.5898308445509719
0.46119648828807519
0.37845950393831074
0.25637528244085872
0.44432233436687479
0.33145211150548148
0.37482847442936085
0.32823147109966977
0.41222898811980185
0.39148882162699578
0.41328268875116658
0.36726189615589189
0.46302704218462953
0.43251808866953495
0.41572226078954244
0.45319013987784867
0.37722977039863759
0.44959761680241672
0.35691826829028145
0.36231537733318187
0.35642556832605132
0.44328610525597006
0.41221942409468243
0.34388402681696617
0.36596172613927236
0.32691384094100601
0.3598324078637879
0.47960871875980715
0.32823015328571925
0.42491248522131359
0.38421790188960742
0.47485156302762344
0.44093772580362917
0.33613741366397104
0.33780802051402586
0.59867906210700128
0.39031883067200207
0.36779771591931287
0.40604525500407268
0.40954600697882021
0.37530514200017573
0.36013690324408654
0.35956696570108065
0.2694010552695279
0.56164436637082471
0.44279957154184485
0.40008420561747299
0.41275021610623147
0.55279299522383363
0.40248357154520242
0.42789124412855972
0.65155915874645332
0.31977947004918394
0.39950807250538761
0.36172242650024311
0.46816654317833056
0.49110337597145398
0.49131197682824657
0.3272988544843618
0.374546867291152
0.59814964644022783
0.35699038905808839
0.41688270132311794
0.47325718856459015
0.47900397031392317
0.44311819006473052
0.40735280595944845
0.39252110487800795
0.45357034524774847
0.59611350104164884
0.53048402666689731
0.52632171042129483
0.57693225491317224
0.51025641744112271
0.56747934510219278
0.47773138191792341
0.5990999937430419
0.4326263470521724
0.50189311160899963
0.4707347481081568
0.47747945960462923
0.54054736358727773
0.4797495556312088
0.48472547664375587
0.54178362413015735
0.46491111427931908
0.48667993558344164
0.5689549127948722
0.50039895631530118
0.42612522943448855
0.53508555081631148
0.58446587805921346
0.39043252655457217
0.52462129310442773
0.51730959854506142
0.57445085930921724
0.44358945389209026
0.48339854781198893
0.38740223035093113
0.40013381069521337
0.40483098902006404
0.48646454506693065
0.43303113158617468
0.56838783541143023
0.46735601001159466
0.45466710943670696
0.4229120845535001
0.51120730591241548
0.51735462296693613
0.4971316017211197
0.49001320409323257
0.58682871445242157
0.44765068511286599
0.47661315910911506
0.53686451364441168
0.5402780789634839
0.48443389534941955
0.48453349975517501
0.48242323858838715
0.47626433634834164
0.43524156290625782
0.48004095822001536
0.55788920685066667
0.54386473477645247
0.44345856288514829
0.53113393101911377
0.44523932034881963
0.53710821873619186
0.47110242526452212
0.48511081852873006
0.40651865744124055
0.45652842324283671
0.51331215026150678
0.53074137597798954
0.51078126782235334
0.410071046713464
0.4349600659932385
0.55434458778667561
0.46593365537369968
0.52321490492829226
0.5680376823827562
0.49756721060945641
0.49286186396983278
0.47146360937333137
0.57002223097807003
0.43869098447967048
0.5306934494441049
0.54806529608156929
0.54432727074035092
0.484213572371131
0.5398300336030244
0.55679028792315599
0.58066752804991062
0.47548751653999566
0.49684431405158669
0.64917612474229724
0.54453073197402235
0.52276685869356021
0.56464481382096077
0.4820280474625519
0.51316104075878621
0.39985522495067249
0.49901956663174102
0.39712944011556028
0.47477568330697162
0.48580965990799879
0.50554093816058865
0.58201143360984309
0.47941059251863599
0.67670813029180898
0.44059662491044721
0.47820685603447644
0.47233780316479734
0.5106601960369388
0.55211827601351249
0.53983112189258708
0.52872676810120511
0.53709437346134237
0.50155964260194041
0.55633847856738972
0.49649930263141595
0.45733688801129285
0.51774570163744393
0.48105111792493649
0.48467387590248973
0.45105397653531659
0.51410333882430437
0.49281213533207968
0.41498121355536588
0.44407977769100848
0.58637863368378418
0.46981958218924047
0.50094145849829408
0.47364367979801686
0.36075584484178369
0.39974361646649004
0.56286867272404439
0.50575744773871589
0.49820841829889201
0.51632267854332592
0.48143696598913283
0.54073466752496591
0.55601795538979637
0.54571042933928982
0.46059466708943547
0.44784941657411054
0.46035255646796469
0.52333078385580523
0.42637710823531672
0.5537687928498255
0.48874454875046153
0.50513539830887044
0.5215336804235966
0.47119989921347677
0.52771271091958893
0.51709953821984767
0.48569916977354705
0.39630636063528657
0.56640941852028082
0.54844858330013846
0.48079560120079035
0.42406726807172512
0.52547447738749531
0.44493776777231325
0.43587626767188808
0.47243570004988572
0.41743492139565797
0.29496032724386773
0.51423262884951826
0.45115167529841871
0.44245291388854852
0.49892809333984978
0.41064265105687903
0.57803539160784689
0.48696804373186947
0.45532053930548161
0.37909998831948283
0.47905865373155782
0.44556871391093439
0.45998220494548658
0.5251850933044353
0.536514151751043
0.51805988060990837
0.50125398016954004
0.49805638461800922
0.45145694579934342
0.4326150593794087
0.47283337387091134
0.52318002583410028
0.49220932168246129
0.45358664913056179
0.48044238410889761
0.4613125452547181
0.48605192735363689
0.52377799164158922
0.46294107537814849
0.58634178152962679
0.45600231846545536
0.43278769251949878
0.46818618367591347
0.43639293756073971
0.4824861724771688
0.46974993472742943
0.55384818512644385
0.52971962351465707
0.47604435606291484
0.5023238819647432
0.535632721269512
0.48972551361982408
0.55949098709806722
0.47285916099128134
0.42022210551454264
0.39737371488464446
0.45991528609884141
0.4981146195704651
0.44635523983935638
0.55075380063369961
0.50283015078918702
0.5606526347648435
0.50696385400140775
0.52506472456288478
0.42346784508581731
0.4678189734666649
0.38054887325656472
0.56042187818078204
0.59974125798668432
0.52038835265406336
0.61351426118788221
0.53567795364808868
0.44425733572775161
0.44661624336777739
0.4325390459125541
0.45029632038192263
0.4763914634907126
0.54387363235000041
0.48898743210691392
0.54443145005185112
0.51543014293478251
0.39023030137783954
0.58372631479244086
0.47737336494072025
0.48326131645044906
0.44759039919546123
0.45854043384844739
0.4761698768962751
0.49909372690445458
0.45931970108345793
0.54100749163796458
0.52128463516747459
0.42865532494956315
0.47351650361144365
0.47101965197364898
0.48417421921805892
0.48340598691391601
0.49989896553428609
0.4898108640595667
0.55570551425799797
0.50975421477088168
0.56595118662034827
0.53211562270195945
0.51532653453897614
0.55682063885792366
0.37821775441087391
0.40809748591244804
0.57321515248616173
0.51268770546947773
0.51712026508496634
0.49529059598119551
0.44449821522856836
0.50863863462361558
0.37420822403037263
0.46751029575056691
0.49989033359353552
0.49293330989497852
0.53966349014384285
0.56039922722881641
0.57027349247439907
0.50071247391357876
0.48886487343898588
0.44902345867292348
0.54032362910315024
0.51454668451424701
0.45567806053729443
0.54757918594972876
0.56410999929033301
0.47064795477396359
0.38584124638169748
0.52092931245792795
0.47159351180782483
0.514624693374236
0.48340293399300294
0.52157049814618683
0.45119883137921257
0.4444724005766813
0.5493158700051135
0.44643534449954742
0.38980252328552167
0.53956769148771844
0.43976389038353253
0.54331577474825521
0.50014807581076459
0.55064057715383485
0.46242769034395736
0.57630324129797572
0.52081234693216216
0.49600173613406706
0.45463109072915059
0.5231082915532218
0.51559773104978091
0.47470984078568995
0.53212813293889005
0.50458654144360204
0.46321820307464107
0.48640512483821507
0.43248537630172185
0.53961414265043117
0.48749386343121609
0.45067913596641385
0.52379964929297251
0.52039115211854803
0.51402807941942052
0.46988195711255692
0.52344236035935776
0.46969287193702669
0.54210371826295545
0.4490036013683022
0.4220280710701797
0.37160767837224018
0.48706133106067406
0.55760117304745616
0.51914549016803313
0.59325294213933066
0.5514427831442732
0.53763242574569303
0.49675656523581513
0.45298575967284593
0.49201299141435961
0.5566390435487879
0.49820606097063608
0.55141802335049384
0.47184480850665284
0.44261747111343125
0.43434635080823458
0.51122677197067257
0.56267469923142277
0.52056272736399778
0.47593373348999224
0.48979029857499834
0.52256528949463688
0.35921591358620292
0.51875432976315328
0.4275549340025252
0.44855630305955957
0.48624182063939214
0.53050388190136089
0.57368672974734214
0.44988702734998359
0.46956389149171585
0.4386939819800893
0.5389414427238931
0.46780350822584299
0.53957969093677172
0.38335133413581679
0.58808732271989006
0.41330891420482285
0.5578793895662354
0.52060143663025804
0.51704497228717305
0.40027935913244522
0.60547641497713034
0.59534906000957188
0.4520924644265793
0.49947272561869793
0.47687474113811185
0.48990286266544936
0.55428796504758282
0.45464035728987112
0.52573420133132331
0.47761716092351919
0.44810131612552162
0.53785638623463528
0.50217895207465502
0.52632550767990516
0.52868507181509239
0.44796398098405449
0.4440854035636318
0.527006490773961
0.45936319338492682
0.51820111353045473
0.53869699782979885
0.42659556961833761
0.38439270261513858
0.5510510297388207
0.48918961842759356
0.56732629370414434
0.53306346227071599
0.59891304850246396
0.42810642572008306
0.53550644158264471
0.5105467728310501
0.51835239633518204
0.48785817781666585
0.57136097220974935
0.44978362293946861
0.45122577405370989
0.52473079433903691
0.37782904097126291
0.52202004354074738
0.50499302605893026
0.51909962173675506
0.5230407707486775
0.58245431887511101
0.50070061581042258
0.49263554478139154
0.50445679477495076
0.54386056759559953
0.55635755200004455
0.4694662059755233
0.64068419804796217
0.52354462420492642
0.51811942568330516
0.58823177613788113
0.28743524308429236
0.56664468538316848
0.51827110060011827
0.46849649164868978
0.48756630309944865
0.50202875935934743
0.48494810482474304
0.49003523615485023
0.44101104982035727
0.48398028509210489
0.50764141098671389
0.5268679244215021
0.51255424264688698
0.52129659077184409
0.46076989307328198
0.65019700540886982
0.46177338202199625
0.47102798561683995
0.50576915550631885
0.47209042478715785
0.52407325812720451
0.52852342754736648
0.53671027168130248
0.56093716905539925
0.51696497125832963
0.45216980192016515
0.46972322779682257
0.60876839272900662
0.60546579462843952
0.46828512820705748
0.49198904479112754
0.44983271484478171
0.47723505166491548
0.5717384420689493
0.54283543264018697
0.53954059365009421
0.47056183036126759
0.53755598637642688
0.50166786856503565
0.42707574447407382
0.53833280011842011
0.49927342535027508
0.45909587168446581
0.55266657063446789
0.44295147820521175
0.40129893309671943
0.49483990719936011
0.46117852395088565
0.47648246253624732
0.49632482427497032
0.36220834562997495
0.36777387086911739
0.54007821046227211
0.41509368433049737
0.51182265350910827
0.46632321972406743
0.48295665184478631
0.45994186675527338
0.50210578163115005
0.51301573320106297
0.48941074731070666
0.56724355970483809
0.5006161531899801
0.4853215917098041
0.3870596784247497
0.41963519427869045
0.39770613012199374
0.48759705299929995
0.38904774459797153
0.43000745661661083
0.59526913506636958
0.52924602821468147
0.52623583877062363
0.49933174280325299
0.48816381713933477
0.50370750443297641
0.46350124064704284
0.57356160840063874
0.44207389902336169
0.38092610411427724
0.56164601741779741
0.52083459645927521
0.45333130653383757
0.46250344720717285
0.40575658276757703
0.52637054962151575
0.48753896525918605
0.52074611049522967
0.35846274073835876
0.51698368763599079
0.50008990820415411
0.48544303395446886
0.49260429340896617
0.41203288684705047
0.45864769349978046
0.55983989997727768
0.53697525867618712
0.37803089395078654
0.51266420520435874
0.52179248955989421
0.53694017904043423
0.51367348047101535
0.50646187589916813
0.52179664263340586
0.40949056936901929
0.481097164577095
0.42996920889677642
0.56919320235026882
0.49721590784827707
0.51769405635194743
0.54230928452666971
0.40544307031031285
0.51950347153279031
0.50465687667648873
0.54985492795224644
0.46151694417218531
0.52896865599864551
0.51682144466852797
0.50654812421180528
0.48574057703722529
0.49691685370985561
0.50456304466086077
0.47476896659994039
0.52055096053903283
0.50053013513460587
0.54506626012430404
0.52935507303577745
0.45331728514801306
0.40755008623977573
0.41316781162240901
0.3841542774453155
0.50799647749967902
0.53473277332180247
0.47911824901839839
0.49704050170655117
0.5431601674379305
0.45552593377887962
0.50580542767099856
0.5250492181306895
0.44886150706116656
0.58413637404673269
0.4980892874188409
0.49741592382268607
0.42943349908625028
0.47565007972258994
0.52991653576653752
0.51016433019512919
0.45366940375123355
0.54333828653164928
0.47231847010373307
0.56862254240362653
0.45938010237091864
0.49154605624118702
0.43187071479144312
0.58690236772380611
0.44058442697701028
0.56089926253075673
0.57939659305105717
0.44979097313470195
0.47115543568498847
0.42889671184525191
0.44899751244165054
0.5289454688819677
0.42748494272088006
0.44366959317486182
0.43079672226899668
0.46559805765833284
0.49630026615665401
0.53447057382627583
0.41804178767269029
0.44684266368462816
0.58253561961782052
0.47432101512292996
0.55664186358451817
0.43137013014559611
0.48309411274009267
0.47339999456433018
0.50002435610114648
0.41042685238018373
0.54328744618105085
0.42537429090078321
0.50447892810766271
0.55834688272661648
0.53516319773690069
0.52241841250292287
0.49117951443556668
0.46937577096772798
0.43245429547813541
0.50491359366415423
0.46747316286790547
0.57098086895050915
0.50258385914463921
0.35926630323929803
0.38328481461448449
0.46689718610855591
0.50854502542012903
0.56002470700340878
0.4404220799325792
0.51627708543430029
0.60515900317747051
0.44403885134882937
0.51338905676579394
0.50120449916675847
0.45713965448613003
0.54069183671789156
0.53273931136592634
0.56614723110882392
0.42878493688594471
0.5582545730829509
0.49472147862025423
0.41370632281881176
0.41746227334472774
0.44557348596264224
0.51851420515578528
0.51191546514522512
0.53280978004803969
0.53339940410551945
0.45373458514688492
0.5147951706145989
0.46846045108800766
0.43875431497989842
0.56141440461802072
0.5568876636117831
0.46851345833914831
0.52685216072988095
0.42888419610797734
0.51490567041897084
0.47185587118144734
0.42653449102217528
0.52338165419017191
0.40887861564962374
0.46519139180993796
0.55107386658275437
0.46874250495561648
0.56653427818715507
0.53826041304801597
0.45842906257209604
0.4865015611234319
0.42217994009177995
0.48621655245723311
0.4513857080578022
0.51231536178169612
0.5785831282970253
0.48106360765841422
0.52909640432275606
0.4127343592859668
0.53670760802158601
0.46380156403329592
0.53350231456720199
0.43328831411016316
0.44064720504834254
0.4579882256181968
0.52769792091892198
0.47776109433431141
0.61358106139007174
0.48323712646775191
0.38820229184145882
0.42796493271161917
0.44218014010871187
0.51699755150987003
0.49359711168419629
0.53971991431037314
0.40400204545072921
0.48426095501991073
0.44476524827546277
0.46885686561826245
0.48484963728840719
0.55660761431952055
0.50563531272398854
0.54248282399618619
0.56530700766933695
0.38850330229828162
0.50940417432014251
0.46170833025617281
0.41832542569658748
0.42737307328578622
0.48230152621245881
0.48118487724466913
0.53740399186815624
0.41398298380659487
0.51319614984280626
0.49008793260090966
0.48064187695159477
0.48168769563798436
0.59858418737733632
0.62579007434923228
0.54994261199625094
0.58347477173466489
0.58178409789250363
0.45643407183118062
0.5177250767270023
0.50042256050490241
0.51333872989572216
0.50557474792855128
0.49902722544970518
0.44544957321680523
0.46088085712996657
0.53957009992574978
0.52867818162670943
0.48072462933871646
0.4775650080916356
0.40608456313013525
0.54689410061347798
0.49289314448209215
0.39050447652659925
0.47226109008342643
0.43737648408526686
0.54748206066961835
0.52890538947472721
0.50432056616123444
0.51715130384026864
0.51501601446355416
0.51291606493038822
0.4983528201854715
0.56066323780569149
0.62559572808091746
0.58696602939836284
0.49583882879941793
0.48236217011935345
0.49382536076768974
0.36601265950659712
0.38539845216510032
0.56119162972979741
0.4807845270373145
0.468546486729712
0.50321339320140879
0.4417395104431116
0.55911999884462982
0.54136948838200571
0.47546771792630177
0.51826938739086847
0.53636845900905239
0.55975745994389947
0.47666719667482726
0.4920054976735927
0.52957876363267908
0.44386991050687191
0.50031978191098192
0.48274005526993591
0.50407352983223019
0.48724045672897648
0.49406016722217377
0.44158411812237625
0.47705571109222694
0.56063879348691925
0.55515469870516343
0.51010553336508646
0.51483291927848351
0.47340963971642935
0.52061085900254744
0.47102621290648833
0.52736928577417508
0.42379178372234816
0.37211327602844235
0.47425252867788431
0.47395917813658306
0.57264412665500874
0.47697895387562789
0.54254235443095111
0.51201795173522102
0.48422532016754888
0.47000076093708337
0.4912590989180754
0.46900014570900844
0.65089025236054376
0.45705393851421411
0.45243708311105391
0.47212302744970064
0.55420933601354927
0.57430418008956785
0.50817474132872376
0.50830664147390903
0.4852309516106208
0.49422138750979999
0.47164137076957219
0.58128338568545945
0.59860537018391979
0.5633090677485475
0.50909644556127842
0.5913014509488046
0.51863624838968525
0.54887054987157358
0.45856331691204416
0.59235789831418129
0.44785352934615535
0.38983239190522434
0.54240018416583258
0.54827377596313087
0.41064234237789832
0.47253339102933417
0.50177208500720338
0.47997462879523983
0.51950361437870807
0.54514973875529871
0.44490502966251733
0.54862231794283767
0.52848329553059581
0.39815789117476402
0.43725792353562903
0.48384685858150184
0.53035421870379862
0.4946077546859976
0.53938085728035468
0.54928592935069687
0.35059574737689414
0.51517568530601554
0.50875925540750122
0.49473265844521935
0.56539673286027403
0.46709233469140393
0.54278300813115099
0.40160304243813599
0.46417724037099423
0.4724691148091914
0.48725009251503137
0.48995091360760995
0.43778345995389689
0.41449481749753891
0.44884775330118831
0.52285930986370155
0.49511006990947232
0.50367429563913679
0.49933258437671679
0.53325680664863651
0.46326074500978015
0.56894711889026361
0.49155082529860872
0.51399850257773905
0.40600700838300657
0.49068303932230428
0.53966179708433237
0.50518245402939943
0.50637774406121339
0.51822986732103127
0.49288850271621409
0.52214801911778164
0.53721164941929356
0.47753330646345638
0.45186174083171632
0.5174630535132817
0.49471026973157339
0.58590421607802035
0.5154664510081145
0.46375962644069413
0.48901182892240391
0.47237140139272721
0.51759376762348897
0.49943758320384612
0.38633660546923648
0.3927886856507804
0.57218834687531839
0.50743340431477135
0.58842914076109565
0.43167661346290997
0.50323273847662642
0.60562548414979678
0.56760796449345408
0.48580134629902438
0.52951545361784325
0.52238061969375382
0.39764956228790815
0.52457770564765216
0.59031113835315496
0.44303097013831588
0.45881047274915676
0.49902369372382421
0.55160826751081449
0.59567074299877565
0.50606279302582047
0.55160617293871816
0.45711997017346329
0.53282225924649829
0.41325056403321792
0.37927723822292603
0.44486953276929803
0.53219867258584719
0.55686529845519894
0.22481071624752225
0.50979824002500695
0.49097646186401356
0.39722593195939132
0.31050098130406489
0.51199833214191059
0.44237278910447558
0.49385666385063615
0.55578872971835425
0.49963964210148049
0.50774183429362929
0.4011121076798902
0.34082893437248668
0.61943494436516233
0.55690026007229598
0.48096740324028076
0.51978426432779212
0.47527646414456437
0.49723151760188405
0.47925216369152207
0.43594589966491304
0.59624074920705061
0.56811800829494141
0.4358267384685014
0.48110235227624099
0.56178078382486718
0.43341558550851084
0.57034284375100297
0.58941405182768503
0.49403821489709165
0.56003788971688084
0.42960373394278728
0.42546647217661343
0.4989451874341061
0.4211685878065029
0.44758474613307575
0.39171331128920356
0.53163636506272893
0.45348337129572186
0.58783130337759493
0.51193650912562605
0.53867216685084429
0.49532033947423071
0.4979416046775722
0.48231607309798025
0.43651073520426698
0.519688008266188
0.57700714403960274
0.47273946083282603
0.49764481013491169
0.4893423016824669
0.50307254433649129
0.51970593974009593
0.54003807634015666
0.42518964240507562
0.46788892892962813
0.52960243418737163
0.6085564602866409
0.5251504770092893
0.50084529148123369
0.51591965990851107
0.47787504733554909
0.46688849080129641
0.52804564283134015
0.41140466325225472
0.50177043511204833
0.56102402971170984
0.38009353534652807
0.32946430869255078
0.479436175497223
0.49126783089652554
0.37960881850023231
0.37170716320735009
0.42897868164183595
0.42063618295011485
0.47178880776892057
0.41268025712474121
0.4155982946658669
0.37376414979700012
0.38733950531951727
0.37550707209914075
0.38158276242684919
0.49120797763256008
0.39197062446415498
0.48006416985828426
0.51317139229376951
0.42066880564150338
0.49575453021084054
0.42266112975101489
0.38407050960014039
0.39899030665968749
0.39937283444659255
0.37811715506867843
0.39559711598567621
0.33697973344798693
0.32711254709076149
0.59397557351838426
0.38830648676488339
0.393114544447286
0.31823558429658594
0.41418822315313275
0.43386734761139389
0.4301963184210299
0.45525102171414078
0.61675754296853358
0.37380885006133896
0.35344085681203524
0.35133993785625844
0.43693706975478791
0.33139010659193013
0.43708244286453057
0.3489452727864491
0.40120628670527014
0.43079927750192537
0.34838541022562225
0.28484306226267253
0.38394138639949044
0.49547687693018144
0.42461743186193096
0.32659187438043757
0.48189183960616677
0.4733486715402298
0.43007334062897351
0.39925726504819042
0.3910195356407194
0.49713522580714209
0.40278273575152301
0.38111118631733942
0.31200452553157898
0.41473974662576357
0.3802436515157786
0.33366731810136779
0.5098308317898157
0.50386887690740179
0.44977969824665592
0.52075712578649291
0.51512288916819926
0.54111344647388604
0.55265437672062612
0.56248101593993005
0.46740149284568733
0.41419425673222837
0.48693775086432461
0.48585922244065222
0.41237079020394102
0.54982778312201397
0.61961763154694427
0.56397897428033972
0.501168366951245
0.42220408032653101
0.49753306886152004
0.52334821134724552
0.53434638027363845
0.45001236179857534
0.51769297442464612
0.51600947151201748
0.41418405456535917
0.43430513921757213
0.47097503350848724
0.49652467815926127
0.47641692951023978
0.43164623335361224
0.4600422691595043
0.48536588232317734
0.37270224598689722
0.46543506480306251
0.59259873746167513
0.51711556030153771
0.45154041948824264
0.43756607641101708
0.47138050126717101
0.44744363590898023
0.52969406740601643
0.5435308806946243
0.56755244962033313
0.54791090954802402
0.44029813168862297
0.47911418159347957
0.48280450652682333
0.49607295541648311
0.5957185413765097
0.50740868245704296
0.47005206876136429
0.51900558143080633
0.56748900963815641
0.48945900133045572
0.54880092186771767
0.44982356389455214
0.50717038700831762
0.57222624823866675
0.40967092721474074
0.47167552586527839
0.48339006128319184
0.49196275757836727
0.49306353834221672
0.39113162550873437
0.43001581607035966
0.52227158479924951
0.5661064674782319
0.45987867571832675
0.46212391832835192
0.47973374606541258
0.52895271010028089
0.50988132132238784
0.4851278635414053
0.47069067488257232
0.40519151294481526
0.34869139134214122
0.52020277506744705
0.63338383349050831
0.51110189474625123
0.47527834381363177
0.56402070548961869
0.42462495899929942
0.48708901645701358
0.4696130397890525
0.36090697781281039
0.46202376683063789
0.43574402630047715
0.53610534441273838
0.61799941963661942
0.44215638146857117
0.52359507184292819
0.58298741719958724
0.42725094066859393
0.49202603231702857
0.51435855677978637
0.37266903056983702
0.44921454658652077
0.52510518730692712
0.51704877018374884
0.40470140853113329
0.53526881723971032
0.47655413556096893
0.48846783294423424
0.47510777161054374
0.53357792011818395
0.55874872083646965
0.48910573770558829
0.4789797921465998
0.54455763847029692
0.51794934127928027
0.41491004358545974
0.4802055827865539
0.50891388313151853
0.39824941688432336
0.46627489430288716
0.48818253580077192
0.47562995367844579
0.39217529615348662
0.52425783358703881
0.49182405580813976
0.52305759567955545
0.52640697414408966
0.4971160549385259
0.40214324538642438
0.50021581301042928
0.54522087408572062
0.51940274531895814
0.40988852498064954
0.40189056990612332
0.67021649481453549
0.42281781309396499
0.40075209893162322
0.47161026514542093
0.51408571158789806
0.45016518714955833
0.53697390596487082
0.52744361976688525
0.50085218828932898
0.48213697354430635
0.51421383990716918
0.46002706130692694
0.53238302640521795
0.41850246541057956
0.53024480381384531
0.49194834949754973
0.49534758603670437
0.54821113082201378
0.48555180576229723
0.47110224832992476
0.51991656806680187
0.51972017223294353
0.65485328549270505
0.53308726074844315
0.47067738099361578
0.47317093315707587
0.49413493634202788
0.53886275428695674
0.47648313736204739
0.47326360994460137
0.38585864054134134
0.38858948866926951
0.53856430426323965
0.42759635811892077
0.64700444678976943
0.55480857262819494
0.46340520910579941
0.47539254978567608
0.40954992288078024
0.5940085368457062
0.46300536485636634
0.49063406618816435
0.61386625417013285
0.49226394486479624
0.4737465499537678
0.53053939303240216
0.53211616503891668
0.45587226682901244
0.55282520894714238
0.50938313211424269
0.55122169407001331
0.42373935944030666
0.51318153310005798
0.43911126102103004
0.51369098257779056
0.42302888587266468
0.51030086887192105
0.54326187617213273
0.55588408131212508
0.46814127402195643
0.50390203118164079
0.47284039912988191
0.42623667333886928
0.33518701525699296
0.52855212105163518
0.45239340247133231
0.49326298330932661
0.58221373507476692
0.52705774241973713
0.57168606652858245
0.53451850737604878
0.53924604410150301
0.46832730972113024
0.63878943373002772
0.47853259475749904
0.47470792662986078
0.51516413333583821
0.46781262200615131
0.47113268879319314
0.55897305802485786
0.48311464190550679
0.50996142514290721
0.46964545021106718
0.51543508945556205
0.44041730365115078
0.47086680458219143
0.56516801624380519
0.51423083011625381
0.49673089808662169
0.52201805157348469
0.54096398935047141
0.5538409348136506
0.53706713446296916
0.43378215363737688
0.3524979088721128
0.37010918468605974
0.52120903479225722
0.59929962107801671
0.48861585180461675
0.49953363978028098
0.48904392516507572
0.57556746030304318
0.44079087381715121
0.48849570838479789
0.41076432520298428
0.51569249124555605
0.51048165407553214
0.43552425361738134
0.53643520650952181
0.54406921283411336
0.52838347407387487
0.54792845627137277
0.57051947118916901
0.4471641984190966
0.49304093854366926
0.50924394713218846
0.35132851819694433
0.51461509612289702
0.51000753812539923
0.44559866532114367
0.45899213579981285
0.57032148497295454
0.5191488415111305
0.50231749259551906
0.52592111780531148
0.51897412713667612
0.41891320966222351
0.43656992020697782
0.48799194680183433
0.46352767977496412
0.53969750809246808
0.59913534377506072
0.46502351380274853
0.45232189980474369
0.43189835373520252
0.50248654825062544
0.5463551571084817
0.38743910929775049
0.46916516159570504
0.58797716099164399
0.52519067014997256
0.42689361180876922
0.53262547774701274
0.38471206361824595
0.52928370929559965
0.52524374076429059
0.59178853916082574
0.47759104562624888
0.51499184996268521
0.58668226644173993
0.50334976250113639
0.51491035361294768
0.5593283235535409
0.60380464518623389
0.52934652765305934
0.60245561831117556
0.52903668074220456
0.53072557611484195
0.40420798593215929
0.38056268374850966
0.53084894536570471
0.5117229492487978
0.4714069622856964
0.48054493097800394
0.48897766260793013
0.44057611061043639
0.52533041206069075
0.3882855000739967
0.49767433483364054
0.55267869582766083
0.48425664322737966
0.54196453255271115
0.42164438458276776
0.50635249321990317
0.52207565389419908
0.47006161403541935
0.54111531420126469
0.49221290013694941
0.43555675835783364
0.45284160805497697
0.52794104543493803
0.55159232253951007
0.52528923679278883
0.39124174677038676
0.50981262464653632
0.49969845936234886
0.466017804003447
0.51154044384921082
0.48050880547443264
0.48319540090971203
0.41039780292356293
0.38247215534052026
0.52516512194333054
0.5906666720870305
0.58475822051540516
0.48715515116807978
0.49430332821642264
0.51092274636560675
0.44147463887840022
0.53304670441135382
0.47161116682916387
0.4442734921191549
0.55394595446048045
0.46702229250810129
0.54353241517966
0.43485249469375259
0.55244319222690375
0.50115025478501651
0.48683556123170446
0.49520101151891727
0.46923556304941288
0.6368523669125582
0.52939534336114946
0.54100030369127983
0.43697272431021078
0.54881487215149038
0.45602555493917046
0.45507283297072049
0.4749808053889365
0.58107056917705135
0.46994947153479344
0.61259286820329961
0.51560839666268576
0.43638609491431007
0.47003489111448893
0.54475785229736262
0.48361907098739848
0.50203847493375331
0.50131954097819609
0.51016544344392145
0.51622636889188966
0.44792901948512465
0.51267189740872898
0.36805051294230473
0.52955906790173368
0.56863022126797769
0.54577594398903384
0.52584941350762548
0.57299387280363923
0.47358421155290276
0.49602468907780528
0.54200672327940758
0.44325858250454353
0.50781937651585374
0.4883302095833994
0.54428980911754243
0.5029324887848784
0.48115593899829789
0.48591387413205428
0.47114323089023452
0.5579800290550071
0.45993320582155128
0.5011138042887775
0.52962001337112763
0.41512708860175773
0.3244243927284387
0.4476724047600254
0.46460834185004274
0.44637145678787699
0.38013650700085133
0.47317108232239408
0.49807661236851258
0.50628912358291656
0.53427425373577175
0.61613312818267996
0.5446123102435263
0.50470747498788793
0.47733283292106204
0.48915946380388764
0.47902723172617434
0.5300585395150782
0.41857673314049781
0.51847750547679627
0.47955928235847656
0.51365655289012779
0.44538660248885292
0.47303069589348573
0.34213569659453946
0.54981232970547933
0.47022103003088689
0.53696376407642599
0.55597315606596809
0.49919957739788695
0.48044151759378545
0.51308046993365286
0.43948649924346356
0.44712669556280177
0.36180364160296369
0.54816830880119238
0.53400852991818715
0.58818392111523887
0.47504319462085159
0.50329112614181415
0.4598108815429065
0.49326374915327087
0.45419156747094258
0.52821867801411948
0.54309819089205158
0.46698290621328892
0.52496598695862307
0.54076727394941593
0.5287961012787491
0.52083655522882055
0.47300729498939043
0.61954982327979125
0.49302621441595046
0.47345031462079779
0.49663913463233361
0.55168921007512239
0.49482715311501074
0.5038828236325793
0.47893598152898931
0.47457776159053722
0.53019435059137243
0.53056649949552337
0.51352204809263424
0.48746960603026473
0.53869254579030013
0.36686807814611272
0.23734692330939602
0.59370236488881367
0.50469477614414504
0.54726575073139327
0.61089166781221715
0.46091437558080073
0.52101290409915135
0.44034315549903219
0.42121872479373168
0.42357999274551489
0.49938701929380236
0.57367222371106008
0.51038689465844866
0.46810480915471292
0.53948438712518332
0.43592097938579888
0.54496988192732665
0.50234678154533707
0.49620052564871264
0.53115535251719947
0.36955182922526192
0.47629848037253075
0.55326674722183555
0.48853578707856016
0.45194469350282612
0.49743359068128012
0.53932752406013718
0.54522744696927639
0.5963595450575242
0.47776971622431719
0.4822227007398443
0.41783730639473526
0.28465481358392386
0.47284828593466499
0.49124902825295674
0.50230938258782887
0.61130186959924893
0.50450836589132564
0.51064948933223497
0.47803022825424157
0.42692049736887655
0.35699753570706083
0.54958201205894108
0.60165625247241838
0.5237671784971053
0.45919614568661854
0.45828825142403262
0.54081405411783856
0.44098299786763273
0.46314524815688052
0.4523420933674987
0.4747625120459244
0.49871551057358898
0.43913408721701741
0.49443890698357595
0.52575638871524555
0.4691182584155823
0.43743678960151239
0.46656547346046889
0.50037737551794592
0.5001260210557027
0.55299641350816764
0.42762405274999693
0.30092186512064956
0.39372395760769707
0.54605772338590797
0.48892487319776562
0.55241122398105424
0.50368435427373182
0.50252026157389196
0.53766959149325344
0.65801456617938991
0.42250963827833543
0.55393353344479823
0.46572112366812934
0.5165022430750047
0.35141971506020631
0.38922838460074438
0.48652274093912395
0.53654972988196015
0.5600735263591643
0.41346413352302547
0.53061259643257774
0.41912503014624214
0.49432969983422431
0.4874364351791618
0.45096240862874387
0.46057579340948873
0.52642965005935782
0.52932525584742385
0.48747463611414454
0.43586429008158728
0.48504777976021118
0.48882099753465041
0.50370352412104002
0.41138867330664308
0.35917721711968131
0.54447947002724417
0.44136493920729369
0.4909692889514124
0.51356039862383118
0.49506482132145058
0.53769689524622244
0.49153680865330751
0.47599986240271519
0.54458713891217325
0.5245700521618839
0.38206072365010513
0.59080903055047673
0.51328504089276339
0.53396837193866753
0.55443452653184222
0.49532014419706394
0.56977187366681759
0.57388600932962675
0.4881568787911858
0.41589515752335487
0.50196972369582393
0.54422883291797175
0.56754334148627206
0.56564781869867764
0.4914456137288169
0.56692235952666192
0.4539257214347116
0.49372382773626189
0.4468183246476139
0.54621704910992674
0.40437191686158797
0.42907354779645512
0.427466941289397
0.51781057510748174
0.57192226413493441
0.51376097704574442
0.48505162733865015
0.53805082865624143
0.67076171637895743
0.46664562584469638
0.51386299872879615
0.51817423272944529
0.4880561020937762
0.47560040719170238
0.44301004765766699
0.41537862188910679
0.44879014957395869
0.54478104726056287
0.60424108062066462
0.44676114182756504
0.52566842860999174
0.45967634683939268
0.52409393859554654
0.51775387181892296
0.49993247770237564
0.48240980502677849
0.45475432648386332
0.51611312254005326
0.51018436902093511
0.43783942272519127
0.52809013628658019
0.51613643096080608
0.38214071483305462
0.28221559462145013
0.5061729845000289
0.52518761092137634
0.51947446158140431
0.4657050500451505
0.51353274021382345
0.44504472589856098
0.44971022575821684
0.53691943232125361
0.55196822323348826
0.43070627675175832
0.54861836675416698
0.52927182039920528
0.52267391730919699
0.56225859110987153
0.46535503089446306
0.52746084563297513
0.46016252174004563
0.47775676709349774
0.48769841470774522
0.4136111242950275
0.49759376485332968
0.56039816519326535
0.5104354724863861
0.44393623129123483
0.49191630468333547
0.50448240945681144
0.56042632057994979
0.42829700903745432
0.45309567620674845
0.57115576318492312
0.38419363154031916
0.41509100532341731
0.49515697705045908
0.54080161706203556
0.48816342329763596
0.48514473193975921
0.50827987836566213
0.46648269466570463
0.50244197823779913
0.46586932539284692
0.51356500515681491
0.55831032109102285
0.4722476710515805
0.40583992724241791
0.46394795800529537
0.47687287651853166
0.50370750314403556
0.43631720241254041
0.44044176543417796
0.52951621449742603
0.44183792396435395
0.42870076971183324
0.52842561682412104
0.47325598206261066
0.55162307536160982
0.59510269136395277
0.40876716619916165
0.51796841099104218
0.55872937470476103
0.52977762422169661
0.46003611962632424
0.61690201528833555
0.39225316565686147
0.46364619068267987
0.56080268229701424
0.46905627372564562
0.54465222021159954
0.48907262566875492
0.53917081266876299
0.56482946809645029
0.4512284733616197
0.51705451599830232
0.48273943052705481
0.55067970717315362
0.50756917925437028
0.36670184362016062
0.51338521982393415
0.49497270986224046
0.48546984178741426
0.55324389241683802
0.47707819648073041
0.50829555757855871
0.62103490701468345
0.53839316051017716
0.53011987585798215
0.5849372794448896
0.46592387887922587
0.56206869350756483
0.4467870664024447
0.59138516906562111
0.53923293603048761
0.5724617461159216
0.50847967247304737
0.51975824856197084
0.3339855361238418
0.390583547380421
0.50267452637784893
0.57610912902626044
0.46053588342882912
0.4853763605077091
0.45354016939111386
0.50777907304920278
0.44245471742508452
0.53561983985916228
0.498967971170728
0.62913486048855716
0.52101109585817096
0.52379017019017726
0.47750678003936015
0.44019266306156102
0.48500615403763631
0.44389784551792244
0.49256486050817255
0.50541837670042888
0.49978157719616578
0.45424745402800332
0.480447711298161
0.53764939359841946
0.56142093717206509
0.5862544457862866
0.48822605099709177
0.49694240551737195
0.42416614787753126
0.47841786127094454
0.50784674286243103
0.45413689382116063
0.45736156248634091
0.35952771886901636
0.48631132157456031
0.5245442692496548
0.43443531696176291
0.43503856254997048
0.52214546461100431
0.56469090045500336
0.51569924522197019
0.51314740792575286
0.51077153019182364
0.48722382033621264
0.46158600913665038
0.43065296611483228
0.5437542765777057
0.45447066889866711
0.48953542961901853
0.52555636756771629
0.48379905858693167
0.51425725858420723
0.51982189699044024
0.55140465898742363
0.48667128147533789
0.40409972589436088
0.49143993880885128
0.53658290563612865
0.43637238144331386
0.54360431669668452
0.41643140684241131
0.44628301854583319
0.4882954993173505
0.5505555661610767
0.39066102143955173
0.37856481138405212
0.4699691343086998
0.50219430984496538
0.50875521917458499
0.48886817585036491
0.48744803691102001
0.52594514922887214
0.50235713125877524
0.46892022182909737
0.52068581265378144
0.73630956210912779
0.46874612773004548
0.55088548061937737
0.48706688000851645
0.43508867792584116
0.48641273464715085
0.5255884379962712
0.55333731150916399
0.50395061996684498
0.47734059006834278
0.46687062761365811
0.52444300574843783
0.49604292522135029
0.48213860838256384
0.48465563388895883
0.51199575564668254
0.43682395841544408
0.54626939497368809
0.54623569943305894
0.5188511338518782
0.58031685259705257
0.38000921096034296
0.34359781564143016
0.49097879747519713
0.48638112263536776
0.46884472793714821
0.51587835734275467
0.47223475937792125
0.53271625926865351
0.52200353076210571
0.45208046287672116
0.50357591188080275
0.52604747209979585
0.55675537915755435
0.47547008487253473
0.51427358112373134
0.48727586707989218
0.46832439465468478
0.42369135350691195
0.50905072669686779
0.51355919163559982
0.66229796529549412
0.5067218628573843
0.47776643468359664
0.46855800949466125
0.62435806755914658
0.44000110534086934
0.62311344292728899
0.54687691684309137
0.47054229836967126
0.46827176051661579
0.4645955665736195
0.48241488212522032
0.5643166067162636
0.5154739314419734
0.55187093509549745
0.52786496925771065
0.58664631781894783
0.50147605187203037
0.52680835244785629
0.44469913872809819
0.538036462111397
0.50688896424794005
0.51996666574674455
0.47697756274095737
0.48678553078711756
0.50496305587146262
0.51362171795202449
0.47861927683144234
0.56199977184299488
0.53815946819706817
0.4555431587838446
0.56607480895272966
0.45553396531482415
0.46013391787630786
0.52304871693697963
0.54392843946682745
0.4576302219172208
0.55583737849116988
0.48869646828797664
0.49558498487485425
0.53694523802797733
0.4864306198025371
0.53751512623868025
0.53989435120272633
0.37356812173252213
0.63592508340457787
0.55330948388238999
0.55296908997785976
0.53498820257084612
0.51933907698731407
0.57939140422292834
0.50605278839144519
0.50864272205165595
0.48802133244822576
0.57002369250152263
0.44338084217632279
0.63539594705815816
0.4771993670509701
0.52250927719090601
0.42317710294879429
0.49913506572099448
0.49887054491244037
0.56497879400601925
0.44806661941727022
0.46472135525185032
0.39983033928641315
0.40228515238928064
0.5528347188311955
0.47493278331186861
0.5835192176486298
0.45433317732025713
0.53416987624533929
0.50487794974467526
0.54444193853643852
0.50431831245518532
0.60811201422413552
0.37895391589473565
0.40108278754163329
0.48204253575070199
0.50615824886835947
0.50212472567215016
0.49687922484648578
0.54148333696253548
0.52058933255873607
0.50202733709677649
0.47342624902310787
0.43265015098409265
0.49254509067119095
0.37034706475114793
0.52823725058369941
0.52829557810237804
0.51948825628357498
0.55902508151709673
0.53125783812424221
0.54100697201635994
0.49657874362364413
0.47191383637920409
0.50068524326144581
0.48720967022678091
0.46289065470387053
0.49747687031040055
0.51552375130529626
0.55465959102612217
0.53417896398487397
0.47401258828321002
0.46611812277732118
0.57633326664552964
0.43872048356008564
0.39172349872418233
0.32397352161413862
0.47272430895364992
0.48504295461883179
0.49283646461979269
0.52361860468821608
0.4407726447174109
0.43718171065417871
0.51681503576467813
0.51923113738371796
0.48139593973336647
0.46551652345790923
0.49538057935933977
0.47374156721903482
0.49524946043560691
0.48995137612535683
0.54375829611916726
0.51290652922494995
0.54400595699729137
0.47020376091062477
0.48019315791953343
0.46299682292019079
0.49480560858971667
0.51622972133629363
0.48921067920579414
0.56651496603204377
0.56902657170876214
0.48560579753726063
0.53388672000860016
0.52007899286969994
0.41332162582502369
0.48365221413551052
0.46284169758681548
0.35359051365503052
0.50837180135513105
0.44787183582513684
0.45500306655502587
0.46003946993202854
0.39967480771881897
0.42633493869390704
0.46601053076663584
0.37199142207898611
0.39072228083284155
0.44371842083281587
0.41221771277862962
0.56250719664132542
0.39317989761866895
0.41308271719713546
0.42367286849146191
0.55123197321705175
0.40450764315671167
0.36632696068972143
0.46538480215614597
0.45769384663784896
0.38755889356503542
0.36361756672077133
0.37129757128186835
0.42775504702515454
0.37514591856851726
0.42370310304391684
0.33197822259093457
0.44205552293612516
0.39398661667024298
0.42283694307435954
0.28635366761752706
0.25929982103764843
0.41713610709041304
0.42666500189018114
0.44351775532554544
0.42728792974600005
0.40469821327298966
0.36205445920985924
0.44604407828601561
0.36103076101209708
0.41059049635589706
0.41468520355354982
0.36793249069042422
0.38618332880590472
0.3888760106345821
0.46399117241701343
0.4090166860150779
0.37959165582388937
0.373438649245944
0.42275087094613284
0.39522619526158348
0.37387651770448949
0.4559928581644016
0.39276797410579312
0.34413763858975827
0.42693256095908011
0.30057205508780582
0.40634089766964243
0.34129764080276592
0.40143237137958998
0.45895159822661535
0.40398719416250806
0.30776652020906886
0.48641828526270647
0.46593881544273974
0.5199212140844649
0.48083989006228145
0.45563049302345154
0.36218374971089745
0.4831847800501845
0.50616077626995748
0.41340875404343252
0.49744571702188889
0.42361328630461093
0.45021993441214703
0.53998607087986994
0.42336325831401322
0.59951644976463181
0.47810103461893905
0.50110488601185876
0.51478464070630348
0.50048614943247738
0.61391353247349401
0.5089148479430633
0.50085283349660092
0.49408528544775593
0.46569739985898601
0.4173998786771867
0.52384278650631377
0.45813284698864348
0.50211498186686387
0.54211928427424749
0.54536634569721609
0.49050636738785841
0.39107636279847241
0.39695717298634697
0.49916887430308116
0.52455282298758832
0.4465176379452615
0.49872570650220255
0.5297582099587187
0.63606131899097207
0.41739188964265594
0.54614807467544846
0.58265366554004061
0.64555457506458702
0.56106457455086534
0.51449582342566458
0.38748439874776192
0.52309330491304862
0.5136962751903964
0.56200790291825853
0.52713902408680702
0.47154343246901154
0.51420814292823114
0.54558157715232602
0.41748227961061768
0.36677617903414778
0.45458118895937644
0.60091505895119868
0.51564526939142952
0.65203580346131351
0.47090309749118187
0.56907004515279624
0.47406548764435846
0.50175389641944657
0.42197428447371976
0.46591383314698892
0.56149873214134804
0.52823595134451706
0.53994444065065239
0.46866793383499017
0.57287137607100813
0.53160094292857762
0.45109401618434763
0.53959639883565536
0.52636308692012812
0.48908905187483503
0.608539366464803
0.51169655297695005
0.49579727000792873
0.51563583302758198
0.56929942509574138
0.50352795880449008
0.45850243830839732
0.53066138505526883
0.52471243709439919
0.46033775239877095
0.54713725613225073
0.47950458518990891
0.57360025424251015
0.5189792929249768
0.54421980717932095
0.51623243382463779
0.45719362746216213
0.50576142131727519
0.51564492409377471
0.49400108491773093
0.43801787424968375
0.3939636181885266
0.46352086609901444
0.41181101222167782
0.49916321459204821
0.46603850882130315
0.53814412345975715
0.50199423864548665
0.55595423668459099
0.51475862292186436
0.53329609286414581
0.49002393330473509
0.51302572778602518
0.5252502339502596
0.51807867388016715
0.55508105071937741
0.48962173669550357
0.55724446459766042
0.43554735438687864
0.45775342687512266
0.43061040390247529
0.44571453600440109
0.54258943782124658
0.4461557769289195
0.50251810086034798
0.52738550710587884
0.50328373041564478
0.59422330809256085
0.42190279228748018
0.53841087097555462
0.48558897159708087
0.52478850019670842
0.60174817047232987
0.47704874972107419
0.53719133487834958
0.46973994897090343
0.48191621266730328
0.53923100831245996
0.4778049689028574
0.44049290387949108
0.54723915620647434
0.50633806388576408
0.48784708100826818
0.4301937464227768
0.49653008377706287
0.48691591838574566
0.51690334595155685
0.39510545609069231
0.45937332582418372
0.61018832066245643
0.58271499349360611
0.50968637489936086
0.50782645420014172
0.54216739760012589
0.46564689115396102
0.4340817369039619
0.55522870879294128
0.46737316234794102
0.46545803446905204
0.5048696082163735
0.56022956631259258
0.51540982512021771
0.48698229974373958
0.42803872603892129
0.48080160616237505
0.42055983489673254
0.52949362769765362
0.46511379431365574
0.50881286304201012
0.45047863593029785
0.39498761973717311
0.55620296375364509
0.61213867074069828
0.50916140937864851
0.50459292464940531
0.51107883097789109
0.51115760811126831
0.48366120307318905
0.48104618309232411
0.46261786326240617
0.45490352076105683
0.59281177049221412
0.44949643196003053
0.43904567183549642
0.47939572685481019
0.55533355557212449
0.49077302136582979
0.52707387685080886
0.51131394023586663
0.4390597303980518
0.59100675602831376
0.50510210486102924
0.46964700317495622
0.5417275549647661
0.47204998463521713
0.50769453608065329
0.35634712162385312
0.52279611124078551
0.47502268346026599
0.45598062726965177
0.63537825534109649
0.45014476132438969
0.43718995464884935
0.5541245924319681
0.52807334914308746
0.42053261510721429
0.54029784423727134
0.55434856051320802
0.47363558233867659
0.46455466392508454
0.46193452001394991
0.4205415130822579
0.33341509139876652
0.42516185485432922
0.514542779225311
0.45916187412510656
0.45765130049317848
0.45122388623340026
0.53149256262957623
0.4500027413141714
0.45458989328940369
0.48289741490214433
0.5712934976988554
0.52574979609521799
0.54890288099604456
0.51850990412578901
0.49529635694607799
0.47220701118829522
0.38639682964605382
0.39163746694083951
0.50541624011335973
0.50002119317120908
0.48501538079210843
0.53697784146521199
0.52755069180041059
0.53348632616999392
0.54091585349506344
0.66061733110485588
0.45117927227281096
0.4534163476733627
0.51231435845886519
0.51820524881134811
0.48116729912569084
0.48879341540369547
0.44532838556228116
0.36021328211367332
0.45594755245184226
0.44745888400917966
0.50482137811875416
0.50560007403833718
0.54768513185302936
0.52676619428145655
0.43792742061658091
0.39956321881413387
0.5564287746008838
0.46161752794968303
0.49310862102675718
0.40769875725201088
0.50120784190074985
0.45931231405628509
0.40725937402525214
0.54203242273105923
0.50910767596436313
0.4227441563912096
0.34919291690111293
0.50690096436788101
0.48273724360964637
0.52329739417075505
0.46169840432617815
0.53222492612384709
0.46376200555444619
0.5509452171179906
0.44178069545000032
0.55695042364284364
0.51003073589649106
0.47448923442644519
0.52688127877266921
0.52264517755205087
0.47346398253694921
0.44314398864889659
0.4845460454646785
0.56798073021264361
0.48856599577346704
0.46759471521492402
0.50785308599973555
0.48702832830900389
0.48907809207872865
0.43204690780212923
0.50664439336604716
0.53175508503471847
0.45979987001641337
0.48806308649960262
0.39504194152829153
0.43224755058865572
0.51106724109475044
0.58191023093162719
0.41360718277793806
0.4494915063001565
0.60619957955364978
0.55704884290063328
0.56261841338789287
0.53199640327701936
0.53058543402562441
0.57371144344845881
0.61398829831428869
0.50124380131712554
0.4539310757890252
0.55857834544321727
0.5665337851613208
0.51890896602429659
0.56505914609295449
0.47846692917659456
0.4802337443128547
0.54475032068591411
0.56740498557722807
0.53824521489602817
0.49748330483134767
0.57719578317082376
0.45787726655141325
0.44147415304918147
0.5619746265938057
0.5548526299993144
0.46935959689695611
0.48469901385203734
0.34800585436942116
0.30769133922475034
0.5139604895528942
0.44708389582427049
0.5455778390511421
0.4777939133847548
0.49307594879598726
0.54600136827202583
0.44499832407458978
0.48487972065569096
0.51555629948443704
0.44979868720072114
0.49989544417540038
0.53171709604216211
0.5276556366273939
0.49361176027795162
0.48238193188531903
0.51165934600978047
0.46703502840702926
0.38980341961385639
0.45995232663981406
0.52945994980926703
0.45490301190716387
0.45667337891304383
0.71200136799182945
0.45475536915122894
0.45897208530911687
0.60231061110262507
0.49258353674146982
0.57398955282227626
0.52507640274094303
0.47100630184566233
0.35916913241021498
0.32919384666368817
0.50561410104369386
0.51715583628306272
0.36477330247122886
0.43762721918870945
0.52381047076671816
0.39988008529349783
0.49084086105576374
0.55292997918103459
0.4965389342695587
0.42038110000029594
0.49715840515085225
0.57693937408015883
0.48538476451303703
0.44437197460131633
0.45943662924482215
0.44536844539807025
0.49474340747071849
0.53721539407884933
0.53456743448242305
0.46654156007355291
0.44459889259887486
0.56345556437351341
0.51286881956903674
0.35056870647088856
0.55797584915182341
0.58110612392333028
0.48884031044756543
0.60777710730550538
0.56886472700409052
0.49756920050348341
0.4311684924178118
0.32050173328581072
0.55669822511408906
0.47567372382917694
0.57139927919603828
0.48412224009508253
0.46065491900395195
0.39523902661211924
0.48120410903881805
0.5205035515568468
0.45765128193069815
0.4936202068881192
0.46707187420529578
0.51455818636856987
0.4848195658537886
0.44980914542595324
0.53179454515530811
0.4692519034952562
0.45950116419786979
0.49663607172648061
0.47873376475530177
0.52148228787247186
0.5043491956768652
0.50915145870652989
0.5041541777225006
0.40575439043009681
0.44014380755593119
0.56864607476382767
0.43362460454333052
0.56777565371512351
0.53850881754251478
0.53023651416702777
0.3845641955750505
0.35230575678326953
0.48309250057653924
0.46316937806817315
0.49355487317460423
0.44351536714445361
0.51404045042568169
0.5292617322143921
0.49216527607926575
0.45742307281501388
0.56468304818425552
0.61256752586786656
0.54753647232624836
0.42839138600029519
0.55542822724307617
0.49624473926946083
0.45169382156719745
0.46839282480330835
0.54205177961616913
0.52433555993327796
0.56801766859235958
0.56100992785606729
0.58377332425785822
0.55800542800847963
0.55453225178331012
0.46948528005288453
0.49385229887718546
0.47678428315789723
0.44245970474429208
0.52941773575684548
0.48310197199546662
0.52873303905781033
0.39244496633179365
0.35148185655748226
0.54328360959294908
0.53951531440995815
0.52299839372101109
0.56508565353478446
0.54406318061171055
0.48696667321427489
0.52889753857902577
0.53315718309592108
0.47439138865099229
0.49329094637026638
0.4965183120515213
0.48062852536996398
0.53377089999312133
0.50466873082337893
0.50158979106254453
0.55037724824045497
0.57677372039020891
0.47658092914726746
0.41902972502538338
0.49711989366985387
0.52937340484294648
0.55151414520395103
0.54614393568574904
0.49372635589894387
0.53215165572440948
0.49116103261207589
0.52123509907904031
0.56626172267667774
0.55149995273617769
0.43924176911119522
0.37044863447533816
0.37406024090107876
0.51759677064079834
0.38160669891362814
0.46723075303673361
0.41581900752750439
0.48600266707905715
0.49696252654381989
0.46409388354011805
0.58620122462825019
0.4758372630913677
0.49088309395755431
0.48992637168273034
0.47897198162649895
0.40725000544146328
0.48722940614869759
0.47597955348576598
0.52603367057381167
0.58794315787872053
0.50204893290497143
0.52241761263509445
0.48695442676601852
0.55099837549190656
0.39172185837164342
0.42450185654734202
0.52292593360889061
0.54638442863400849
0.45741371799012603
0.54886291429798073
0.63146394450205057
0.48558441915615946
0.49184729469176175
0.38000713875094916
0.44534121793701686
0.55648705188848935
0.56719666264895896
0.44315810322370019
0.44977006988663892
0.56275895042220758
0.532718684114454
0.5185590661880215
0.57162665745020125
0.51257272393717612
0.60176727330027324
0.55182823060214259
0.52619116647632036
0.51963505487581307
0.55186752586802745
0.4437538310252383
0.50671733965605603
0.47286906297096021
0.42814779039867623
0.52806147461545494
0.5840174438710215
0.40907460915106636
0.48946558722219519
0.45173287623364572
0.46653474828565555
0.49381139089725357
0.51074268707708248
0.463282701745862
0.5623060676211129
0.50228019993086448
0.54538265241234007
0.3746237575111056
0.50759989517847137
0.52404199924401429
0.57564781214199923
0.4425236033497833
0.51687159547248374
0.39211462427384397
0.50785230940861059
0.48080019960090487
0.49829248386983499
0.47338569749675824
0.50025945541273964
0.48932776008279849
0.40464700342334575
0.43600495528323469
0.43105599310479525
0.46761243765521693
0.48092565839515039
0.4871831442643681
0.50590616818935907
0.5076809063228146
0.50836144664262617
0.55580028826912564
0.4906337255094036
0.5122578327155195
0.49011431904509373
0.48221639371945513
0.50700951101658398
0.5134964195624907
0.42035118149586947
0.537474531740605
0.51128180138406387
0.40693258118269338
0.38996831960013634
0.47563683628843506
0.49640344334959718
0.4359315363698375
0.517115401791575
0.50897980409851495
0.44547621071453436
0.42018937015407309
0.49495549809228601
0.55390105897820407
0.58393155556811671
0.4333950010399118
0.46585969691358298
0.48804846530333723
0.5261703663883891
0.42722545310744431
0.52078245449824079
0.48220506911221273
0.51571478770705426
0.47397320639543494
0.52735020439827041
0.50493294891582574
0.45728479215019036
0.51859916041378429
0.58954849996381453
0.48013096854542164
0.5432949088565675
0.60810223031906063
0.5055346785627155
0.49912179792709466
0.50085691428271328
0.41353281359787847
0.38307657199629425
0.53590539366845846
0.55998424687831061
0.50822711883271121
0.54427552239533028
0.49330933479379752
0.56901020824957338
0.53386401547027562
0.49426491551533336
0.52201043640133693
0.55225599919975643
0.53559521139455912
0.4571560162791003
0.54566678043111227
0.51529693514517927
0.53525190498826491
0.59238573958469476
0.45456299443223913
0.49717807849048118
0.48807067575740332
0.59817939379775509
0.48663109803907401
0.47465814101235398
0.58836888254487096
0.50783574284868827
0.57806193036881859
0.51334715131964082
0.50215712497568088
0.48950172844953094
0.46499258506233665
0.50481096642248158
0.41068757886643381
0.411162349582118
0.4960977849451314
0.50174258768569502
0.49361771686962858
0.44979661625871853
0.39039956412779125
0.49229444592378396
0.50332282037936515
0.49799188751577916
0.52100512421532896
0.52486836710247753
0.3741906417034267
0.50690887702596821
0.47158222911898801
0.48756961711727104
0.53790073812911399
0.462143037123597
0.40717671203350725
0.50573573676365269
0.54424209683586355
0.46930853935479416
0.48699304688013334
0.55528164133897528
0.49529193867067128
0.50540106522384209
0.52739675546836629
0.47775158060673623
0.51164995886039366
0.59135749861837394
0.456639921294204
0.60074923381697243
0.3635338845379964
0.40395033580409812
0.53290035677462744
0.50061584505216261
0.44341114769814199
0.53535423488066602
0.61639284373889369
0.49700326746250739
0.52192876309141234
0.5406032771385253
0.46507521628402537
0.50127036938400182
0.42348753816987172
0.53155538919036482
0.43675204924185657
0.50421992342792443
0.53144160254302175
0.48974541178295955
0.54298466881781704
0.41042511420090144
0.50265062939655991
0.51388259212267473
0.52462967277925443
0.44679824420746228
0.48348605508503245
0.55879979808918689
0.45747570114689778
0.55761307022459472
0.52694283474893155
0.51267309096318525
0.48000175062980777
0.45715703035747512
0.34204824505778492
0.51285924035110264
0.47582310305611913
0.44190476102199
0.52072816888365714
0.43684984846594149
0.60609666984190158
0.51330081186184562
0.44825872121811705
0.52223475874766934
0.38723593582961818
0.46182968156066606
0.48854437216001151
0.5657184020021131
0.43017339154823236
0.64155027098287776
0.44848042582159769
0.46654740853202753
0.42633781618589783
0.5271942048510988
0.58836885825699481
0.51403221708113545
0.42241285066573819
0.45810364784531243
0.62922421107129944
0.52775300543624015
0.53762864709605274
0.50445814669995959
0.57757338695605132
0.52402155337056022
0.56035443108647631
0.53628630049237069
0.40696812045404079
0.37097147870362418
0.58058689564704646
0.5135082634940733
0.4673456908025988
0.57302402139083464
0.46840930885102883
0.41963751083665962
0.51538671487577381
0.50822262582569522
0.52406891863989991
0.50672438426261179
0.51351525466968817
0.49128007406996849
0.44413426037360315
0.49848357725676651
0.48620283505010703
0.46484461300171243
0.4762664266452169
0.48672997985945515
0.51671203614278349
0.54232573011465368
0.53356878865067292
0.47658294976812338
0.4249826852618292
0.46728627162274872
0.55596008132504449
0.51529000033276007
0.55157897719233218
0.50008420371924567
0.51286390396903347
0.52932755928881392
0.38746697193854618
0.34024548273995098
0.57287153602188134
0.52236096377240759
0.52821515023294052
0.50686668320236383
0.51642085081317968
0.48806841244408122
0.57948599883243168
0.45546373717345562
0.46533345095694895
0.40570475430195341
0.46036801137365713
0.49000977569407722
0.45186129504598088
0.60344950233467609
0.47099978820871535
0.39782868180928671
0.45378474095580135
0.50665113133754747
0.58522657982305581
0.42194789487254036
0.43102859889641576
0.52265544089819871
0.5269981325168096
0.51629640271048838
0.52643999764835958
0.5043683679637504
0.54279643994284921
0.52094266002626199
0.55486947775500328
0.58114179773257924
0.53461091741848754
0.32236752778459915
0.5260050773528826
0.48959636492376624
0.50406758643937688
0.51664915956641866
0.39167647474212502
0.50657922961905277
0.38822415554969691
0.52807694002627925
0.55060674764680895
0.4716459099865975
0.50896194065305167
0.46134505805951859
0.51638970152952479
0.50245615625407769
0.4913077489123846
0.5352803947337802
0.50400493149578551
0.36570953706394571
0.47680705214311764
0.47961770150274347
0.54043505547765247
0.57848322403316288
0.46210953927776233
0.5507434871658361
0.46250062636978645
0.49687174082536106
0.49484207658025708
0.5345735777304903
0.49847647662084765
0.44560763765566486
0.38944523376918183
0.47779206256245438
0.56827233267170107
0.43380358057963964
0.50451313401934383
0.54822039337572115
0.67930081754666505
0.53760508482616409
0.47977351822962178
0.54743386238464564
0.46693236805500771
0.48426294604399567
0.57902844221245331
0.589496765911253
0.41053043058652505
0.55278588635802106
0.47668313508347215
0.40832181033749504
0.50939058756408384
0.51311144901484429
0.46742869605665127
0.47178894603201521
0.47757144575871285
0.47513307898678558
0.48269319509745273
0.52860412246309418
0.56153335834601392
0.58029308029886584
0.50606144476231851
0.32505864091039949
0.55621828079838209
0.55683136351727192
0.38833932279836153
0.34912125534303606
0.50048492372585929
0.48839668704112299
0.51650342511235581
0.47950177091866131
0.48780052945374219
0.4859841696809023
0.58436475152905243
0.54984932078770321
0.46621546108212381
0.50284375002881254
0.54294699905448429
0.57737478860205105
0.57231412654423008
0.4747951915527292
0.50702935250546199
0.50034549765330094
0.50638871841983413
0.47850047187460948
0.47355792451963025
0.44501296608611995
0.48077303234068686
0.46526060941791414
0.54950977621449637
0.6398678370076788
0.56154514311715842
0.51620101260970686
0.48239161407274378
0.44864619721372573
0.43078094640525
0.50192368329446246
0.3684002645593582
0.426084870989411
0.53578044501998423
0.60202677019626627
0.4762186944982218
0.44637991626466572
0.50331489089172465
0.43123123400410363
0.54018368062915068
0.53610165330604564
0.5132587918200141
0.39171675141236417
0.51385366905635177
0.44611163257357223
0.55301375037704781
0.36270297721822164
0.53540116572277507
0.49998139657367435
0.43084253784847582
0.46104673783359817
0.57795667994873789
0.54170801271624314
0.47429211435023727
0.40674553198380353
0.49480690736248345
0.54692370039297
0.54149915708561369
0.5525400009563618
0.48526710425310693
0.53832269831371571
0.47719286301710206
0.56207349827057473
0.44739652690314619
0.36122321561007065
0.49559844665771258
0.43138812694074974
0.5231748912319194
0.53541277939389442
0.46122551653089339
0.55779077990357173
0.47672916060191667
0.46408128459611014
0.58143748692675934
0.5147151634892897
0.47111153368201447
0.46569514872824758
0.5141026746663846
0.30061613425046141
0.43529256851799136
0.51750654546321295
0.42708999903302841
0.47473528138089027
0.45463272361601054
0.53429805341588421
0.52102710982136002
0.27161883615942434
0.54790751238085911
0.52989371217312919
0.48863970310443183
0.48672189038472169
0.53387589571333816
0.55617994268491877
0.4078083234894459
0.53589646028113191
0.38361321579614432
0.3746186710381702
0.45647049641916515
0.39290673408767951
0.35413213669949756
0.40346438724529204
0.44581955427684955
0.40092781675878153
0.33827870156534856
0.32549887554753049
0.51975806441459649
0.44638608719317119
0.36813921606525518
0.4469844651945275
0.40486445464035437
0.41380579230824299
0.42416301973078446
0.39413588465138982
0.38715639741498886
0.41729148289136814
0.32017681187645103
0.54043101731678567
0.40848686908584797
0.39507525135122679
0.34446773634590677
0.39626900776640211
0.37893663161042174
0.33638825048127374
0.39628451759749145
0.41836129890209006
0.39699401425742803
0.35006144456201582
0.34970521799276122
0.24597105244738282
0.38329058875256961
0.39414494637868042
0.39349952091805307
0.44691761011562248
0.44067328076200962
0.4682547066247898
0.40285614931873903
0.39188890939452709
0.42126019904514322
0.37778006452611146
0.29186969115863975
0.47911551145873066
0.42004169690726839
0.38460892414275932
0.44266609592455441
0.38133461719568723
0.40619540882753141
0.45749381595984262
0.33485777159382973
0.41590351415569421
0.29204273175696377
0.3444634551594899
0.40222681353073325
0.40815335067531078
0.43651131907336971
0.38867608335856629
0.46549174116261088
0.47863495313496701
0.47610437533324207
0.33152445980773265
0.3232387915105801
0.40297294725203037
0.42833690378320349
0.50093291298307341
0.49360030549652328
0.42875562731657402
0.45506535541022131
0.49176512982938969
0.48866960599423381
0.5054412147653975
0.58085959811165566
0.45253123498673248
0.42863881498402862
0.4962453928746795
0.48380894735372676
0.57676203426390793
0.53718084782161424
0.5331607640444278
0.5018078246924933
0.45896217097447506
0.49421738001276017
0.49589375867183294
0.5106554228549639
0.4919719056469512
0.44420075254471048
0.51480420985847375
0.51779897140997
0.48176338751406722
0.42707309953148009
0.54805456947805076
0.44602583284628655
0.49685205631875312
0.43863972590966133
0.42332031084664035
0.50756746900823102
0.53118895541348188
0.49842735418066519
0.50956353712459768
0.55878544679728726
0.51579151407964652
0.5035924406759128
0.41397565993920116
0.49540279885477728
0.53357477764187533
0.63490254695530912
0.48851416633472827
0.49307809996253221
0.50190444799679357
0.57097207379902615
0.52280042359885126
0.52528840776457242
0.45820281963798276
0.48467308401414799
0.62195091055801599
0.55354381943486641
0.51285402868956809
0.57905681833308098
0.48369203872169431
0.5707769066901226
0.46610324714208456
0.52290391367241718
0.5987264588191612
0.46523129124155738
0.46004315378959593
0.43355256768323452
0.39079321601493033
0.53387006511126034
0.42241471291082389
0.55324626363523366
0.49443379636363388
0.44137485607894822
0.43452399906460842
0.52765501310363228
0.49240191505522773
0.43163680766861667
0.50268405611083622
0.58894186737627952
0.42977885022327067
0.39989844683299414
0.5350143483311609
0.54050581867604308
0.54846588016155851
0.49101185341872478
0.47959217683255406
0.53696700276883325
0.47428384605438473
0.49564877779506594
0.39037939946789202
0.40861683299800478
0.56291454150006903
0.35845279895201543
0.49151937235502502
0.50105762564458112
0.47458987797545393
0.48157139068424137
0.52632570008728685
0.34699111812196187
0.50287770463937997
0.46841620434405984
0.415887303372177
0.53590417500541787
0.39517795941216399
0.49080273191005147
0.43768170636309067
0.50986507674425241
0.53605733205563388
0.52969015846999967
0.53410184090957258
0.47409978377528628
0.51399330946621802
0.57804826400360698
0.51804944643204742
0.51698682918732008
0.49402222995337314
0.46901858626575021
0.52994153149659606
0.44560808594297363
0.56733298719352165
0.52155665985983179
0.45463163818391727
0.51537949104197256
0.45075263045783209
0.54322068057813022
0.48863247185549491
0.53330720336270565
0.51691839529848449
0.4147522740581196
0.53566654117895152
0.40302087476947684
0.41883441961086215
0.46565058092536626
0.48159835957746472
0.57329315413630022
0.42557305255995703
0.53175804495203371
0.50221977258780393
0.43822129079178201
0.4321257803594018
0.4471773510747305
0.51743828904792644
0.44895811886730591
0.46894872237616947
0.49690347015396336
0.52603026246872997
0.48025699914406739
0.38082766847593891
0.48194472593923759
0.53232863667052877
0.5257400654344746
0.48243764692010027
0.53693101418136158
0.49472873591383443
0.57856034239199727
0.41030794283636457
0.51503456950477589
0.60650636062914098
0.53347829605290076
0.53234289281448677
0.54087585089318135
0.43867939213838714
0.37663098575186021
0.32768686811312259
0.57629393874968005
0.54571745968271879
0.49999239703271714
0.49174347872378665
0.49882718091440537
0.48002660051386897
0.47446241621847068
0.59913658705941986
0.41966906589557262
0.4906563780858868
0.60810830252705061
0.51300354012066751
0.58866562571387293
0.51485740569279914
0.48618152870384435
0.48993880595671513
0.43131720499546761
0.44469073504131668
0.53948228855494218
0.53039163857515159
0.51784634309146693
0.47148328647824916
0.44336504049844683
0.62681562850578765
0.52597502693664844
0.47979904175541255
0.4882126565546786
0.48498711943194256
0.51622345692142557
0.45679112826194301
0.36978801095317787
0.40652767752585617
0.50563395252928822
0.51046125398964548
0.46864185110654544
0.6105694091767393
0.44501103680804327
0.45264856341260912
0.42483748959620005
0.48703274390558104
0.59553583528981946
0.43270610409368149
0.51065762801159909
0.50389363183820812
0.48989642232926522
0.5392474563563614
0.58062933819123652
0.45196992688764037
0.42742161037674864
0.48607290145301341
0.53041325836713449
0.47027326908820466
0.45681684932002808
0.52310403785975079
0.52136175439541765
0.55725436901505154
0.56890639403946131
0.46590735987463033
0.5046684950926027
0.46762466905468703
0.53293340743526085
0.41424638921476387
0.39093065199244165
0.4068887378177708
0.51806646628916853
0.51344845547823215
0.5059661281833393
0.3752895029504803
0.53922162132838203
0.50480259311609477
0.42254115783736618
0.47779456167273837
0.50578476373868819
0.55820029084745915
0.4694734938441178
0.39126550148358852
0.43181602560141902
0.52299010866250084
0.48288984276815705
0.47752770787045734
0.60320893350413141
0.48413807548292642
0.56450290713042039
0.47944020143482169
0.4956197949023764
0.51782223863075139
0.46118262627647916
0.48451548230930885
0.48100630905191233
0.45585758261650178
0.48301114854309352
0.44037062464817944
0.50886233872197828
0.44995176176900309
0.5536898414170911
0.31070451554578976
0.45629083411044863
0.43212059010740189
0.52483978405394738
0.51454681686624026
0.55622826160755845
0.50738711897849065
0.51181232041420177
0.5491756396979528
0.60116032829290666
0.49782651120431742
0.47561716934251641
0.50436621672711168
0.49404016340767087
0.46413275275471932
0.52572684741263187
0.53199992863228285
0.54063806710042261
0.54322828815720048
0.59996146116180515
0.59324238540753771
0.47622410751090233
0.47482687826410452
0.42391184411782934
0.49582932096422644
0.48537319033671406
0.43270490827307545
0.4318589230234996
0.50734524969851003
0.45335300787963245
0.56849118552263922
0.35827177508445374
0.42786432927658496
0.51489009707798694
0.6077753087755553
0.49995330033413843
0.47797048625443717
0.57063164515130915
0.47102654423574086
0.62597634492467236
0.4688212301460879
0.54618973197634857
0.46536040404286455
0.5359526450323927
0.35943670878279277
0.50575061389233145
0.51845725074938931
0.47798716428396115
0.53166042182752715
0.48801682124549711
0.46076632286670993
0.44033140502056878
0.58861078083019702
0.50996327371674499
0.45650123863174724
0.45864989891955571
0.5597710319638699
0.42481875357751353
0.44138780050250087
0.48135194691811523
0.48346683302202292
0.55602782325079203
0.54246214184855468
0.40848612350145475
0.40433896847755163
0.48615868036564841
0.49447378756009497
0.45926763596385822
0.5315022846986901
0.44098450013968105
0.47602897478962675
0.49062960150606261
0.49258892262612247
0.43832899682405257
0.51148417016534964
0.51507554569334801
0.4854747423102721
0.51702058574995979
0.51078422541897717
0.37162969228576714
0.45539533310855185
0.52383940295436093
0.48252032915179027
0.52405518975448873
0.43732563766383103
0.63398402543540733
0.47024081231821063
0.47762214809787495
0.5534765763094881
0.493605937689508
0.43110805428012472
0.51522502457800545
0.40182975726990638
0.52562648535984613
0.48111934756763358
0.38153534932625888
0.36488144228594493
0.53279161872647562
0.61524414637181124
0.59489808822513324
0.45739444905192633
0.48031558502334426
0.54457869964999517
0.49866964288215371
0.57787421754052615
0.38922501935387732
0.46013104616524575
0.48823520690584638
0.5388844987668413
0.62587550491055566
0.51564903737534007
0.44382024191899594
0.51858056827402255
0.56854517008105099
0.50665062551287765
0.5658538575651032
0.44281809282501805
0.59879338609173327
0.49424140684391654
0.4762281653455418
0.43263047609403227
0.52652116814534111
0.47219938238453152
0.49947605226568886
0.43000328742144356
0.49828700712126528
0.47537106652940064
0.42497585830395729
0.37527086387847886
0.52935834102376556
0.56387811169147584
0.46336328341664934
0.34977418350807249
0.53631631537268354
0.52364691990904466
0.59596560699824919
0.50850781907445175
0.53893004914687992
0.56715714199065048
0.49449744249775923
0.48094097729193136
0.47152926504667925
0.48216543594014
0.5787840445843313
0.53711646668580848
0.60020587619755816
0.49236377138000526
0.49908964923804799
0.44003839054993982
0.53213663510599307
0.47613588064856271
0.4604513779189458
0.48053941567140024
0.5237852245795046
0.560454238439418
0.47646654953662793
0.4806712803519117
0.50333748570851766
0.42216570858226526
0.37720894102668751
0.58846482384771603
0.52397617583046407
0.50190479450178582
0.44073272153665
0.54943623860706747
0.4506225673389278
0.51710558599850798
0.39252650398128014
0.50249279215372544
0.50236815058419293
0.41544793869531205
0.50034902487732957
0.47341213150821648
0.46319956665516987
0.5150658149012991
0.51346667904833587
0.64411970300619403
0.44674727152257226
0.51695256135480727
0.52220188198459172
0.5453662842889252
0.45218789080852873
0.53529238955359626
0.54103049488157617
0.51446390779151163
0.55747810824991495
0.68406303426238135
0.48100074873405269
0.52699983476915424
0.46473211375691165
0.48011633219971328
0.33166811515450995
0.38095103383359252
0.48383741453940499
0.54908121103226148
0.5078509791913548
0.46552628944067881
0.45627947822117854
0.51485990046036956
0.49402120488950424
0.61900491890989118
0.45687488164065732
0.53185052119701148
0.61940140134871946
0.48249188540278953
0.45431445453392005
0.45402844496424283
0.5349737685245799
0.52865670896303329
0.51010012685480555
0.54213092817181674
0.55585092863203556
0.52537131976756701
0.4792230241106285
0.5358405685640667
0.55062777504067617
0.48548195530824834
0.49903795105967924
0.54821278892775416
0.54973724565085247
0.48929317098216613
0.49202851705426803
0.32158537694795275
0.36651377191482004
0.41271390222452392
0.5215506286156778
0.54207351591894837
0.51907226779675897
0.4906471175738456
0.58699914979079715
0.53747635062659949
0.51736800053461984
0.55279642918755723
0.50934094503153748
0.46165928580804472
0.48889960472066546
0.51576499605596382
0.44644496868414657
0.42766427212668295
0.45608447329060392
0.48638947003673505
0.47355563030959569
0.45084684570544431
0.50020392037639372
0.54949008117498332
0.57225816774879124
0.51634499078915819
0.5322151886595925
0.41177661469459387
0.51412729113129318
0.54027652626674161
0.52304002250257797
0.45822014115294857
0.54527734840807807
0.47954285622102055
0.53267558687869343
0.26383666291631591
0.47512519384534474
0.48054810146446503
0.60042977297256273
0.48769539342401819
0.4610374191973623
0.55515849831156761
0.45355081773184186
0.48915670223934782
0.5898922481919483
0.52911169506011502
0.51914978879906393
0.56870080657423827
0.4992176729418879
0.42714646813897206
0.47732558650256468
0.46564660346949877
0.48972329223702571
0.54731368510677247
0.4488444690824423
0.50237515383378406
0.5633881537668376
0.46894431219508048
0.54647170799565437
0.55196343380263602
0.47260164847624447
0.50660268033246281
0.49081951446687533
0.413544304415916
0.56158340513318072
0.48903558483152498
0.59699341608935175
0.37282163468664953
0.50144818659607659
0.54394715804106852
0.62147852080989952
0.41097166528266804
0.4665534572916365
0.5729331457166742
0.57013137953542603
0.50486455721422363
0.37779900842595127
0.52199726884635544
0.48184132037643385
0.46784375749182588
0.44110096819751582
0.50202981774951017
0.46240939810743309
0.49600331399515407
0.52642235554312411
0.4772861745657041
0.47268224695495931
0.39256046636142161
0.54865478483186192
0.48577134802781946
0.43413282318093793
0.49531021831109423
0.4841141081617325
0.4241080399383555
0.44118736407990833
0.34812610791592358
0.46246929277632393
0.50383795355717698
0.38239864105656168
0.37982268361954741
0.53082421436633676
0.41828254066386417
0.48348843295764282
0.48984823681109824
0.50264107143444681
0.50826504820305118
0.46483516406314812
0.45320031023045071
0.52919632240058312
0.52916485402674651
0.52728711894728464
0.36733828113078026
0.42110772627953375
0.51030918790748414
0.58819324800484707
0.50053061283646916
0.51180356542204031
0.52166458178290953
0.49502756647452595
0.44785354675146005
0.48810909109922884
0.46773699864193141
0.57282202926356884
0.43332719839813449
0.56330128677627378
0.48410949913073703
0.50048410157812084
0.49968064532219347
0.54151679251368201
0.50995976682872379
0.46186862668611051
0.40267213346445585
0.41884966265569368
0.52253673324120609
0.52617154644457176
0.54994553876572649
0.45481207293606729
0.54222147588248515
0.57275047210544605
0.45829158497352662
0.49260043930977182
0.55822889610142101
0.52931877177737685
0.41347066203634331
0.51993171440061492
0.5465159780446085
0.48714824078561075
0.47653639969552214
0.54673926736732015
0.49513632717942418
0.5359669795907217
0.50673070009253574
0.51395223280319091
0.58292075060125881
0.50624057609954365
0.54228644256114178
0.4274547620380762
0.47108054599213983
0.46148181098804564
0.54365537320684043
0.4475283246145228
0.55349861464662675
0.41096710010537607
0.37808902422669816
0.42294759428906653
0.51126263313930786
0.53714494642066701
0.4359309701108629
0.48131060102243334
0.52025849404588909
0.4586346403526565
0.52572595248655474
0.45837529256917781
0.54438519901079674
0.50874701264664035
0.57193226752100867
0.55258133588981984
0.48979430766880011
0.49557499653235526
0.50787343630147974
0.56333190461299321
0.53601141073310998
0.52658172609024445
0.46893085791942751
0.54616087236284228
0.47296610096493524
0.39820136479825707
0.50152848672488592
0.50057305975541488
0.46723577549492745
0.50374445077544283
0.54114316522526806
0.40599405220608187
0.58217781462487173
0.39232943752324462
0.41484622408075117
0.48911793786165764
0.58136323089297437
0.48278725970360947
0.5111695835498703
0.55254450367078811
0.4702310345896657
0.45557979414096483
0.4875643405981232
0.60793118134241064
0.37985269579515152
0.44731437974660443
0.55101691531468988
0.51346869876699774
0.53297278955173499
0.4791658805301427
0.50714704113327591
0.46215378974759985
0.49144914786242794
0.47291079706825945
0.45414918060630266
0.48229640633166004
0.4772714129196961
0.42415830938493077
0.53340475653244812
0.51343170554549511
0.48052343779095763
0.44833422954373847
0.45606099715068843
0.51599089685033994
0.37343201489148742
0.4620611820318396
0.3842078000839147
0.51280778205929156
0.46927919347543207
0.50423953847564285
0.47411232534641595
0.44298602685887617
0.52356855969447558
0.45920628994716289
0.49194946028734132
0.44448186318238037
0.50736285312464091
0.49948663310028929
0.52529335843603375
0.50885240214010996
0.51760068531541525
0.49550099580380741
0.5007782205545579
0.51101420277385756
0.4913467690155075
0.48555470184496596
0.46973981283723776
0.56337492000729561
0.54438297814972825
0.58256173182523541
0.48096532623521548
0.52570345899670101
0.44494621221702535
0.53020042794191236
0.45045521463297333
0.29322999897180407
0.58386005659725648
0.4758420653610792
0.37229380670162521
0.46363632894466494
0.50274156066666076
0.40549615114405069
0.52330565141271779
0.56715171497606343
0.51867197456444758
0.57025219699347929
0.42844910540417269
0.54532186180546782
0.35511401701947243
0.5369213243211588
0.49176173690027541
0.53965588478704185
0.56628457404109245
0.47411377343143579
0.48636306840691901
0.4904194362069913
0.53206287946242059
0.40142561459293508
0.39803294237108167
0.46316869518152542
0.50067252470968937
0.46438044771718784
0.483361226593996
0.43334763199223236
0.4111228170238167
0.47007164878231611
0.53004121579651264
0.50529799974173029
0.56016110708922207
0.46832783872024997
0.39953825289751105
0.50445720534747729
0.58378179427363397
0.39543426829726974
0.4903997521657727
0.39919135051596744
0.49796465178000948
0.51993770632657887
0.54254324611453475
0.54158808264020608
0.32095541371089809
0.53345406928390049
0.42031412165873144
0.44597992265641123
0.50405943444926671
0.55804347965951417
0.53268871327988954
0.55605372825873511
0.46039167049616009
0.50905216311857204
0.48826289760079122
0.50143494565330626
0.52769369009287359
0.51126612989144526
0.39848326845254767
0.5405250590431816
0.50033006297575633
0.41994320988035649
0.4553041653583948
0.59735011608760924
0.51741235689241893
0.33211206606389887
0.35610161214026326
0.4822251279335531
0.477581194131802
0.50748990283178952
0.45356144482768523
0.5198546367431488
0.4892362966106758
0.50655464105001824
0.57923400812405801
0.52132783052939369
0.52138397724873486
0.44357500091343216
0.4752653401370418
0.54640549722999965
0.43464950245621609
0.47800871748725188
0.48369657957704554
0.63487750834411849
0.59445145204509209
0.47451133776263293
0.4860937975475213
0.52935099681618003
0.5398636969442141
0.48432919322468354
0.5358131589923143
0.48839325491980135
0.41268691996816581
0.45928028462143461
0.56381632253749292
0.49139642753688256
0.48430548691242892
0.37051677151029189
0.45246243478887993
0.50910000287507073
0.52604027978444634
0.49290524799054908
0.54925202512797133
0.44816995399800019
0.44993773362104506
0.46257088799568724
0.46463195490528647
0.53269877503398178
0.53600055937024005
0.39288688764123014
0.26916814641594089
0.44744934016567739
0.44326760288614392
0.45829526654900782
0.4315759428122275
0.47500657260057727
0.51306787091937456
0.47664513633115974
0.50122104301423598
0.46952572332448994
0.48583570344662469
0.56134958095185195
0.43496188672808117
0.51579996343639889
0.51806170872286006
0.42688425339790231
0.46725038308572797
0.50415289170201227
0.49298874041262591
0.36445483357073916
0.40279550287112842
0.45317506929599571
0.48958344038945373
0.49081578792697761
0.57365197654383426
0.50099353058184226
0.64636848583988293
0.48745138069505406
0.50554955734123275
0.46778504611914978
0.46791142484391551
0.53619017477313502
0.50124556082949112
0.44431632737210996
0.45015205503598921
0.46422332941552785
0.62364120209286644
0.39407822480508264
0.62252598636228096
0.47394393209788788
0.50102822927413382
0.5564691662122988
0.47477784845112114
0.40944797998819671
0.5136295439234585
0.48893846875273672
0.46078335245024976
0.52560356249319673
0.40289005916172904
0.41566418630999658
0.44536229337645405
0.49245680516447365
0.44356133676472986
0.5119555558640182
0.48468887173707936
0.52315740432267854
0.46418397553435575
0.56769459106393094
0.5235534732385928
0.50625095728843794
0.47904161738459805
0.48938139418198079
0.50504886068700539
0.44306469005302274
0.46786405568698086
0.43903743286339708
0.4205720240223722
0.53954370872301394
0.49362559077262924
0.5593942988840106
0.43371973313102208
0.42560519336188951
0.51015361366799994
0.49130595574247399
0.44977598420386294
0.52502348217912864
0.46412573673641355
0.4392439034712014
0.42482974718806987
0.43853588051463321
0.45673327490678362
0.46922045633857673
0.52770066151062089
0.37373805187496778
0.40726990881434855
0.52280497689149763
0.41335888968085815
0.46695870727169858
0.49155149195635695
0.50834420045749751
0.47194740324515849
0.49053773762990388
0.51100450531384511
0.5735888554140578
0.47679575557759507
0.51331423709309698
0.49190736934208701
0.4103257359632545
0.50544207985957756
0.54479178720855792
0.45994200469818375
0.39196349890144677
0.48553940859882772
0.52785326095177365
0.46064254624579981
0.42070438092509471
0.49804118339084946
0.52153701357501336
0.51804723649668671
0.53423400867573734
0.4271194777831645
0.45389010916217637
0.50525769593483094
0.52323660342507439
0.50560251637279174
0.35248014755818247
0.34067343517640208
0.35179813044905422
0.35908281856460761
0.43233469150212361
0.41998973844692722
0.35065941897172975
0.41396620505259091
0.42241258859198266
0.34107600703120405
0.26446448075930606
0.3984411028328263
0.41292781043847232
0.38825045469484804
0.29787083203502407
0.34741550611784722
0.44084430372999045
0.41909179391802254
0.37087975955579316
0.42623869378724577
0.41276434705239745
0.52865287371164293
0.38157339082777825
0.37214262268019427
0.38917053240146826
0.55644023842963297
0.36943127523948044
0.42240163909065309
0.50309600652109698
0.39674972805700925
0.54253763763859619
0.42935984121240284
0.30383694831568114
0.26242612537685811
0.40797558815555052
0.38054263328993948
0.43600026853135132
0.41824595766208872
0.35983679809068164
0.40435504225732322
0.40645522887331165
0.40552748297204516
0.40306879411001179
0.42664552643781095
0.43271113618132417
0.47908487250150628
0.35764167561007443
0.46462356563609519
0.4326156043249344
0.31690945661274916
0.49101634237795905
0.41040967896038039
0.42977185241468324
0.50809198763299435
0.40998237135856835
0.42702297563421932
0.43563020001267239
0.374212461215092
0.31142097928081458
0.50719065136923969
0.57336890349027092
0.33919696251418591
0.48994423553440403
0.62870547077548466
0.37657039873055426
0.44916109660385645
0.47700012494245553
0.43906383025717399
0.50239432013324892
0.46518557694175805
0.51149585425742816
0.56975159932218
0.42672851196677702
0.51237792574562202
0.58032312547334164
0.43812643116174221
0.46674710437057443
0.48300938546909677
0.49055890762044796
0.43713922416962464
0.47600750288860222
0.50644728451934762
0.48139546472214306
0.48119397907739536
0.47404928815175096
0.52685813359463451
0.52494045026036495
0.51640593496028564
0.52227682583151458
0.49111375566962134
0.55019456741045714
0.52576886581640947
0.58478231001537406
0.56475565274290263
0.57270711780058958
0.50082227734997442
0.3935184012043752
0.28257508312661272
0.46531244065543081
0.48088004989012856
0.51435151505995436
0.49599286147061683
0.4957039589257462
0.48035357583190674
0.4744456374189579
0.47219915549287761
0.46613951745631044
0.3851513012948406
0.51895666420032438
0.51909483776833454
0.59796435610110232
0.51021903981172401
0.57019322750687085
0.54036228010123832
0.47428617793349642
0.45960506648897143
0.63715648189111207
0.45647017175395466
0.46882757782817147
0.58473476902554655
0.44521472015393748
0.43142560462599616
0.49974181604826351
0.54240736958994373
0.59479260762712838
0.52553130479916421
0.52035320516102856
0.52464819202004298
0.4374814878539437
0.47096870588948525
0.52170485476464135
0.46471340726039972
0.44293764183167089
0.50393086902061524
0.42397458517585496
0.44370886362218742
0.48347254257308842
0.56284569363852344
0.60121438941811467
0.56587946712290582
0.53064136931190053
0.46776826653387404
0.42916841356885799
0.53895615353513149
0.54803820477893395
0.55040332919579371
0.55520472284863132
0.6568172828414266
0.48472556160369556
0.47182080069726223
0.52245866425460896
0.5601425883590696
0.55780829786688313
0.51449851936151103
0.53516072535973935
0.56187583720492973
0.484505728922415
0.43959935588581933
0.48188280805456085
0.46154881772046841
0.46626285986497251
0.38386874537906035
0.58377861771745554
0.54857535216133713
0.50929770551411102
0.47130023538084354
0.4752342853074849
0.50742129687066373
0.62082105055879133
0.467973966954291
0.41700376922608562
0.45855783067740713
0.60154377270126658
0.57548798370354315
0.46300028058677944
0.45735398778577768
0.57252474742346837
0.58849660857813291
0.52590086026931393
0.48928569764990604
0.52670405158366074
0.45800988612916399
0.54770024244695203
0.48868404698138834
0.45422834498756648
0.4323714560799708
0.44721137434634262
0.54934163831528982
0.51991303546244449
0.47806378852074372
0.5157577900642053
0.48434823667030807
0.33635100643986648
0.36145613741743582
0.52174282238329606
0.50906853289543708
0.46773343760979391
0.46258564144812203
0.51113799872260923
0.50646437612993578
0.48862624904510693
0.53157541818553811
0.50234126823306002
0.53018850421901842
0.55170603496412829
0.58520115270521911
0.48904605847142951
0.48701087612390503
0.45123502576385427
0.53603097075933792
0.58149951247686282
0.41223848422724124
0.50571676726646775
0.43271893363866298
0.46356194680721008
0.47467901460142609
0.52583281247986902
0.50448169643449559
0.45695532714320097
0.4918876614046746
0.50476273045677855
0.43815172678533132
0.39878971133115521
0.56191142798805416
0.37795926029565308
0.45074033790767704
0.59231842918788324
0.53346179355006185
0.59765759237372229
0.56052503888774519
0.46014427713351241
0.52384806557395047
0.49867442394464639
0.47228757442924119
0.43872070672115276
0.49644420798592531
0.48847213178323157
0.5139953502779866
0.50596791332746971
0.47861154560462882
0.52349178764218363
0.47967124427996044
0.46885454310456504
0.52667668204590212
0.40413267203838538
0.43309169941193781
0.52308434616587518
0.49422422307027675
0.5993665886817291
0.3863903053889961
0.54746849559103772
0.53836898125650823
0.49244342647448081
0.49689102705085697
0.51112532236244912
0.50034592076040174
0.45589003718155036
0.35187031818743958
0.5791554909013823
0.48101681081901471
0.54105333699780656
0.4208445793556474
0.45884198307912544
0.51035796202649852
0.47318357651650828
0.47279772006289228
0.43164798316432618
0.44627903903871907
0.42851120015212862
0.53301660624389458
0.46740139146717125
0.43490163349225569
0.55645179099668629
0.44636535663971189
0.40638712104314001
0.5130668213508206
0.49724359247395283
0.50388544519465028
0.45873151052670519
0.45000708034223263
0.46010028402989889
0.54805880845340726
0.54647665916830135
0.55547953529050142
0.56393664587301628
0.48844359945880422
0.47327577530033149
0.55104458707046744
0.31786880114521887
0.47106882204826739
0.37297359429831733
0.40149761821259894
0.49674601993499795
0.42790048285243804
0.49455738752782824
0.45184726393923069
0.48647898566911862
0.47132728780435551
0.46886767412871938
0.55569329925760258
0.53538689826205144
0.49252840237323364
0.51880222928509534
0.44169104601691489
0.48684291453273121
0.52377162911876107
0.56687265935790798
0.53836422014030383
0.44005723386148654
0.46527572941467626
0.54977672289292234
0.43221429664814875
0.51627774204441179
0.44478105971569448
0.48814918503122884
0.48358119029846869
0.40665752251499648
0.52234457257101696
0.50046632569576666
0.44820867214594112
0.36379081608614827
0.40669434319705694
0.48160395619391266
0.54567551937541603
0.44980963367782273
0.56295598835844418
0.52757207013419283
0.47796455265825244
0.47318152839947936
0.51741341565526655
0.52494456528235278
0.4335421643330768
0.49806539834524705
0.58011790128531504
0.50071060014410895
0.5184243448832766
0.50229798205321818
0.62320998198995903
0.43250414703402279
0.47901896305257408
0.560635070868437
0.43907796864330206
0.52492343492048976
0.50228166604636248
0.52350780682926101
0.45247247552607422
0.56087083753425748
0.50854922692961291
0.45278169165299359
0.56198365613808854
0.49303946730628767
0.57471722277401927
0.36475867077376795
0.47268895880894013
0.47198320207856548
0.53311450181950804
0.54952735040999867
0.5651488787311667
0.48031737641747274
0.5604903673534406
0.50427505168358655
0.51942275101686219
0.47096103512964055
0.55063232804636841
0.46954359279016433
0.47717471646292181
0.54938048611336865
0.47989302549720897
0.49170126455669427
0.49506011530601035
0.52095650306733765
0.35052867695773543
0.41250297260795327
0.53233385147282408
0.57495089075329797
0.52296915966798474
0.52377085803790879
0.44117424596626531
0.42817887574867247
0.5243147109500963
0.53953578393516832
0.46846650188513389
0.51361468290170409
0.47032510862057297
0.37066784726031593
0.33728406625908403
0.49979646913587716
0.52241550221306654
0.51081443809193205
0.5377726547652576
0.45470066531221126
0.52308592015885469
0.53356391631749622
0.47947155182665013
0.51513741661199353
0.54287975359667706
0.50321375133840196
0.46621788040012263
0.55555566178262694
0.452117573462191
0.5052593479115205
0.50345019024377557
0.50242661446472303
0.47640019177019338
0.47234432658044401
0.4768893405439783
0.4414778309146396
0.56310567872621531
0.48035716782424226
0.52542362608294835
0.47623034420437571
0.51946854980969881
0.59005557271786591
0.56021868667625951
0.47038799316482327
0.47057217420085418
0.46383357051309054
0.47206389729975884
0.4640538415101873
0.44303957345876649
0.48945826727061681
0.50388485193333787
0.50039640474291336
0.49343796960833763
0.48580998928426616
0.41992826477657197
0.39947864023111196
0.47654831202722575
0.55581460255923476
0.51146757584741154
0.53483364367031749
0.48183586493290265
0.55280857533611794
0.48478732751247727
0.46973719978098172
0.47539523377752663
0.56693686699166157
0.48656991286213247
0.52123046133125273
0.49690992088520852
0.52704875630467118
0.48496768866052131
0.51182986601647029
0.50736686465062231
0.53797112376582767
0.44513905944861087
0.5062232349397946
0.45606033787329425
0.36882701953756153
0.49353670417318984
0.54789706456887877
0.46595902351685109
0.42978212478034983
0.53816799772582358
0.55686277614583557
0.52505784175080572
0.52567682609826738
0.46601594282152553
0.45724430961452633
0.49597053116930451
0.49273236478594756
0.50671963761218886
0.6013991624355407
0.58110790322355621
0.36947743888604506
0.54852724025100819
0.47469728988669363
0.60125156506334954
0.44175064417109622
0.57295875310604505
0.49111025201671626
0.46065695311193916
0.40505537642358941
0.4923553202114922
0.50343287366362466
0.52188393129094435
0.46792202070242311
0.47007079011648828
0.4501513943401918
0.54003517988034644
0.35266731180524596
0.40175353325611685
0.48795373996714214
0.48450553843535421
0.46639175890974527
0.59003665757546075
0.51035064648703399
0.53397611500192166
0.4337441563390016
0.42961775700989702
0.55152131381058989
0.44163034076020047
0.44171797725354667
0.45418075918248235
0.61363216533272491
0.49794249769278298
0.53859247538883614
0.43449625529342606
0.53439579245381896
0.52574080503645626
0.5073360210871829
0.475678051560737
0.55752656291281644
0.50201103533254798
0.51216772354741924
0.4557089850549621
0.45666037673425486
0.41671951777155403
0.51602830394991828
0.58692365815222347
0.51212425563073338
0.45584461032299206
0.3531040621384115
0.41241271740320906
0.51555711217165412
0.50485426074753348
0.45703996270603131
0.57922053226120795
0.44972994619211704
0.4816285177491163
0.54894268389187462
0.51775381679680166
0.53207811668316307
0.52695577555329209
0.4326007926829058
0.44076269378832655
0.51210040110173838
0.48667609325482242
0.4152840900698917
0.49467237366864941
0.44791542530720851
0.59994664831720346
0.57086230423399631
0.48292026763624035
0.56207430886441589
0.59394766918537167
0.51183704005879138
0.49221646414563719
0.45036194695933141
0.43379943167812229
0.52354415652116826
0.53813764805563558
0.52383884397778246
0.57885888617838555
0.38270106921990554
0.4678189949007675
0.41937665324005191
0.55431071232776874
0.49744459692690562
0.51524771005180814
0.53426822530273665
0.538660839875019
0.54401900924991253
0.44874664944452891
0.3976672216997843
0.47108437642659529
0.45812221824799909
0.49787270022336716
0.44035899545544477
0.57578003021430646
0.48404945724006537
0.46019298775332745
0.47069560449445602
0.56637312905414372
0.50851021512163463
0.53311331986143196
0.41286110082023275
0.52673625263049739
0.55638819496652392
0.52537470605760406
0.48802380606208207
0.4957518089071245
0.43565781409236137
0.46858113537373225
0.51794811442857813
0.51201405238489395
0.41124481216286524
0.41971446648393274
0.47654154971915369
0.45241176220673401
0.50124622773294847
0.59759593898764574
0.46169820528788019
0.49363433933154105
0.41045077406214742
0.52771876218626135
0.52714435987524577
0.57479763589064414
0.55249586668990913
0.50931532258668788
0.54141522663299768
0.5229584888100185
0.55276819457398052
0.46148451677359048
0.48781529139062552
0.52223231424330041
0.51361699361174451
0.4866694647850256
0.44570556027681135
0.43712135126844509
0.51358008212319117
0.49622478727810898
0.56443754750714714
0.55906170951703515
0.45867716168365674
0.4347291985291788
0.4936850978016335
0.53566396011595074
0.39230559963298278
0.44669323069940248
0.53327015104489461
0.44858361210991604
0.50175502780693959
0.60178550108308215
0.55952797779219998
0.49466471409576401
0.44848226988348111
0.5308954808718449
0.48865197285550688
0.44578209423416854
0.4622152576096008
0.44929095368660443
0.45729649034579578
0.56859615555864618
0.48895364144174019
0.49064597295122864
0.52952377949515583
0.47024515318397581
0.48733948196606297
0.55179342831930267
0.47960516789334262
0.44863231072823401
0.50476984882208897
0.5406120660444923
0.50918336074256176
0.47975250459478541
0.56674031753715248
0.3906224520206712
0.52652218040663235
0.4696104530172267
0.38729904543506238
0.39997306033606589
0.53836819668002733
0.50027582386027136
0.35801607459838103
0.52415855833133784
0.56035843934909435
0.53272525491016842
0.47271605372020331
0.52223339855238549
0.51513939279900578
0.43672935769751459
0.47052106325194398
0.52066435646798981
0.40968449241112304
0.52927567958075483
0.49032515507090457
0.39530171735301539
0.47861716309632885
0.51242656576314338
0.47784455316083291
0.5207554989333042
0.49036361222267516
0.47597478567786106
0.44706690228438573
0.49278399118060751
0.52565205480940136
0.5075888168717696
0.46458300724604057
0.51431568202941114
0.48865200611753579
0.42299360106837286
0.36372582895938355
0.4481145462888822
0.53733408328247401
0.60566893870519267
0.54770552661436367
0.52420850537550967
0.48386687482730645
0.49587030496744888
0.48237395158464275
0.5504705706428914
0.50710390935331229
0.456065795419276
0.44219309349547048
0.59373158629666323
0.40910793445532595
0.52500205004782519
0.44609140973556588
0.57464094782062813
0.49591526262384522
0.48356562395489683
0.51121448279289683
0.57261957233687411
0.54261958497161134
0.49720122197308009
0.5010952016233734
0.57575474227304524
0.56871906488585444
0.51619633493259232
0.54330849878620968
0.4582203837288184
0.46888950498183557
0.43920873365156632
0.39447449013823643
0.33127387013812837
0.52241878408165965
0.46425641749403562
0.5205730437341114
0.48053086888365276
0.49467369489114155
0.44224663739627296
0.55762090220285265
0.64384400556068611
0.59417250157723489
0.43191631879388137
0.5336071282679925
0.49564171484503855
0.43999239875027052
0.50843170267087467
0.47214974398729476
0.503865482386883
0.54087148864003387
0.56851139027200492
0.54236487593895255
0.61184111616311243
0.49673844564185399
0.5337629930593073
0.52462095830614408
0.62200009003015966
0.46667840042812248
0.52444991478181757
0.51100427312925456
0.47851381060998333
0.52037010217628132
0.47575602890733154
0.52598500068538967
0.37752039573361695
0.45506829364991092
0.47689970757198702
0.46562054318189394
0.52249536047931466
0.53673413056469543
0.48773333439792954
0.51482963791932435
0.47749945347335937
0.48285630446627453
0.56519031075083992
0.45220870914705347
0.50027047868425767
0.39131012044919317
0.60919696150529878
0.42479286372648906
0.43860000550695694
0.51969333924460004
0.48558228277095189
0.45499607420021926
0.4328503007170269
0.47659733188831926
0.45169136421568662
0.50833332045015034
0.46800820770261942
0.44124169732278373
0.42333239351668711
0.49013019784514661
0.42003878337336525
0.47939545612992174
0.58643330884666012
0.42283014522874668
0.34615751588534827
0.45195451521080776
0.47047602484975248
0.42727322822653546
0.47536236531399301
0.49721577405498119
0.50362924574940482
0.60422100623871244
0.5065952330506347
0.53248847868754956
0.52510836014193196
0.52052654409653998
0.57871308174426017
0.51589172959822982
0.56812231363717369
0.45980744694588038
0.54802305895014625
0.51933703233052286
0.56753253293336459
0.55456426147578208
0.52514078362764383
0.49443230299827395
0.51033518274029888
0.46534036917900445
0.45125089157580134
0.52965766834677763
0.44428307260664024
0.50746737000969344
0.45042519655152452
0.50936463669092069
0.55598621174520757
0.40960769526388835
0.41188725257740527
0.46521862663807423
0.55075536550808057
0.47678541616142434
0.48264451469124375
0.47569592419343537
0.49825705520313762
0.54339492461472771
0.51752279237397347
0.54747943004078681
0.49373783963984347
0.54909463360994692
0.49887913892378244
0.42654503892269729
0.52691037893440906
0.49781138339605291
0.42252992421015151
0.55044872888974161
0.52179297974320693
0.470827597417599
0.55396343475991827
0.55692724675419936
0.53255767156151312
0.56952733641275011
0.4601651487613943
0.46700020857905511
0.48027203440264726
0.47029061432789276
0.47330100111574874
0.45495846867791734
0.50409634504123002
0.44737554046023209
0.44002486704790844
0.51869199674888933
0.51397536708072222
0.56790869191578841
0.52352152452673439
0.48796261883658654
0.56665127150265748
0.45424629201346306
0.5166083865963339
0.48074652922838501
0.46930184527896956
0.53082328793552569
0.45337754631479776
0.51716219279403897
0.61367693752326113
0.60256285423951528
0.5608170477154234
0.51312259817968497
0.57650011668732271
0.55992328392000212
0.51423107627375819
0.5487741631369627
0.50886641700031499
0.50931148789014635
0.5153606468443076
0.51196849606612771
0.49997058162779423
0.46320243621254431
0.61652159066509693
0.58363268519830602
0.44187548943843019
0.38186886431531686
0.40588897384338407
0.47757071011312224
0.49278540015274724
0.52841232702352903
0.39333478456762261
0.543067839397534
0.5400356526609027
0.5090354110396218
0.58529210778489071
0.477498161379734
0.63154174609985259
0.55613045362016023
0.48000095241367113
0.41851113653152688
0.46308327899532653
0.51795459682296596
0.45074409843447866
0.56313337047268752
0.52514437808398673
0.59349004483556467
0.54802703790487861
0.50393257516284096
0.44573033322641631
0.51726690515816531
0.50284988183793111
0.47237404152827317
0.39053210878040806
0.52095822952732562
0.43223020931516115
0.56423238510886853
0.4756839481520363
0.48265876565412125
0.3713580492706185
0.45686195872097962
0.47706633877541499
0.53646811792654447
0.5146930313904825
0.51821503098610933
0.49007172054609416
0.50418632669121799
0.56554316098992863
0.53438653399109337
0.53158749450401988
0.47052401070019312
0.45295562792141425
0.53789457576869171
0.57835547965961043
0.59134688749767728
0.44899610434976445
0.50256589495188708
0.51288960603757705
0.50764742939024687
0.40732618585676061
0.46863757865275824
0.452532540723526
0.54368604670821485
0.43432573782895478
0.53577431822855115
0.57098098412300069
0.47364489841587487
0.50142263405036269
0.45664258796434909
0.65116590567708366
0.37209465938058078
0.5184012332659852
0.49106694228473913
0.49111303123197697
0.51607362772801246
0.45851431225504885
0.45766813027325698
0.50327187693193498
0.49465668206537283
0.52272926061864533
0.36823011986251952
0.44488317978794645
0.56222398774787274
0.54470460109792151
0.58819822203007432
0.46822312798028976
0.48821222203946513
0.5181028396367312
0.61023894788529798
0.54124598130245338
0.51214411022280848
0.5515958062477464
0.54455902899542474
0.48860145570122815
0.45639519052919064
0.39898385972075573
0.41254920042705534
0.45929252340980947
0.55188136019895684
0.56856149379268783
0.47286465274202155
0.55182073934761311
0.36045062808405082
0.37519460950486855
0.48537632855133489
0.55557632128002543
0.39757406165157322
0.40203618937367586
0.48774877957041396
0.49884495640398396
0.41880704066442354
0.4455842851765594
0.47618804714189933
0.48484008972486159
0.4339089931974609
0.56855970987549986
0.52868969112673447
0.51780833477239341
0.40084456305136335
0.48586452287515697
0.4785930343535329
0.44958359976034429
0.50389448165745887
0.42036788077056203
0.49193954136369955
0.49510739300858159
0.43760674994617965
0.54646511923056462
0.49942652911954533
0.52556012528247442
0.40216799194724701
0.47694812369065004
0.54829993199895943
0.5539025297918001
0.41348257671683947
0.49319577745873333
0.60380378640506105
0.47775156083694131
0.46879989656610777
0.50047044667644358
0.56438211731925991
0.46823043177364171
0.50654822430344237
0.46836598397376844
0.53644411397683367
0.4527160407514334
0.41069296638359537
0.58291610198135468
0.49716587023814401
0.51021482752535507
0.53092257721465541
0.51531779323895965
0.47614540483028367
0.56661753514991853
0.49520903701946789
0.56180899900160675
0.47989478628801369
0.47341053648283243
0.52382477336196742
0.54229481529583523
0.28071367173218975
0.44117773032989926
0.45333184677400234
0.38278657800299276
0.5169343108341099
0.44664731323900553
0.36688663567348501
0.48002753375043022
0.4125170522614876
0.40042307678078171
0.38526913733185514
0.43211711381106371
0.39220533645118744
0.39714946532109568
0.44889338899146547
0.46600258468533629
0.43930639555190898
0.33403862032304987
0.38537625773134354
0.40293037017489874
0.43675281063636229
0.41867372540484532
0.41004216241493285
0.3617857750803638
0.57252874252624864
0.35261531003248697
0.42679149958543472
0.37230123656848713
0.35180048656320873
0.40301544808723172
0.39855092393474939
0.42205887582655088
0.42013024351916811
0.39465923097253863
0.52951283690107109
0.43057310170866164
0.57593255853735159
0.40846646480890425
0.29594671284293028
0.27504448706748785
0.43757145312340817
0.37989349151077745
0.35585300706014966
0.41828069427179532
0.55795677423257817
0.54047838752763711
0.35485995870909992
0.3478642594311237
0.44941141203345536
0.44893522146984532
0.44160522543293235
0.3531101802815399
0.56844504160895759
0.34688366091923012
0.54547923763139128
0.50240886180589694
0.49953414952976827
0.4042446654823304
0.36031799338127629
0.34324356919611276
0.45674592863210972
0.40131881492457844
0.38059217945243395
0.27023377054423348
0.394826625287376
0.38018746614215171
0.34424140949471405
0.43490137772120901
0.37501724610620479
0.36653493776012791
0.29311319756779591
0.38485215173964249
0.48377052214498456
0.46028884747487719
0.45523414456693806
0.42807578860724949
0.51167989683771575
0.56718340071673057
0.51280224617764869
0.52537065233785374
0.5488520062218939
0.52415439968234623
0.5864283543386335
0.50797442496102618
0.49593484619313671
0.51506268815124034
0.51822828209515193
0.45332908371427427
0.57008432421325406
0.51077102884054493
0.53014182710197466
0.42120916947510428
0.5185399940465617
0.48147992599417616
0.48345737755393142
0.55455515756918894
0.56016087816430449
0.52488621144348913
0.55985969913127454
0.51518434026450877
0.4672191793758364
0.57853780513363851
0.49453497636528188
0.47097259561845189
0.5190701198944998
0.48978080630554383
0.46804158749427943
0.49361773990715924
0.50482277204825099
0.61312312827295945
0.48717936149979718
0.48819246037956998
0.55238591471447251
0.53144914633190621
0.41230964790637542
0.54783046768482402
0.53477740806218366
0.47006512044384546
0.62096705123577101
0.52308981641919083
0.49181626453250327
0.38552788334630966
0.61185118719610132
0.61572663019231344
0.46748628748537419
0.55246344540709058
0.42357444339617883
0.40275132590518448
0.49055226749903585
0.63349290225789145
0.48552914831868133
0.57087530716102408
0.47802007802351137
0.50136821287567379
0.43242388330466863
0.37122264433535357
0.47854726687250504
0.5282135198981166
0.40036948845072373
0.46383787837924351
0.53248097866194832
0.59012051419684697
0.54315444371303367
0.49913959601163144
0.51818228760014085
0.4797462299639092
0.4620752620351628
0.45916878882006218
0.49060729983583479
0.55107451467754265
0.54822470291042369
0.49222306825750783
0.32785514915997171
0.48745865346766554
0.47554593156817571
0.38954496108810138
0.56673545408627357
0.51465994401372916
0.54900428776757826
0.48543074559086924
0.47343718403538521
0.54577928270133624
0.51284318845684251
0.5233107106220044
0.5194555316802002
0.44015651615200829
0.48527769897270179
0.36677316754757872
0.37277452602522987
0.47198961269115564
0.50320056999711738
0.45027585052823205
0.53436546550147634
0.46845063737323428
0.29506346985353937
0.52005329331163375
0.63516029553372655
0.49290297449765363
0.54149453392269986
0.51694905552436166
0.43214982769715932
0.49202146343495751
0.50431816734658708
0.44489464652990285
0.49954352526926621
0.44984041863577828
0.46881269624901334
0.51288775666880726
0.44859513813944601
0.48851256062952481
0.49180577981845802
0.50115300956823239
0.52255459250407121
0.47350129611622915
0.50224856120810579
0.53627670188820942
0.53555443401025615
0.48544947637821251
0.40879259905594811
0.36789230944252665
0.46521029789273816
0.51002024111934852
0.4976409845348041
0.58747101562482107
0.45164399321193688
0.52372280519219494
0.41356155451661386
0.50547420152939859
0.36046968836827187
0.49169311218875256
0.49884326664494155
0.47301257982586054
0.43646357876145181
0.51211281135997111
0.59037767452204049
0.52786568591180649
0.43526782057274271
0.47292248008751647
0.57191163148559232
0.47025132311809825
0.55379152319757619
0.50678897139785906
0.51937446825755662
0.47160725930147057
0.50797703173046238
0.39767529981602301
0.45176838688214738
0.49655508223443029
0.57183710987705749
0.48764636956455892
0.36058707766456688
0.42493737423067074
0.48661119888785331
0.504701645656772
0.4637796619969648
0.48641914649566392
0.50801604436082248
0.57241333187916843
0.48633095256778608
0.48690468410735888
0.55475816296498137
0.48190805465476633
0.53519804699568096
0.51973411498328426
0.6398395769438493
0.55835893414429616
0.46161976976527624
0.5049577537054194
0.49288310651885475
0.56741809305138535
0.43374835609601275
0.48802163684676714
0.52135864289402467
0.48391497492801866
0.54854705604634479
0.56063759698165061
0.394344253936324
0.48845340949530003
0.52028315540896386
0.48136534212833881
0.53901563028843724
0.46145623526844448
0.35793465678827591
0.41632477901639509
0.5374842411656483
0.48861071531397976
0.57980893957449564
0.46757921280150833
0.51098623854544778
0.50698701807581381
0.50185025444334763
0.42737212563289478
0.56450925109101235
0.51777490145208871
0.55177712380028432
0.56649359151009149
0.56005650533699858
0.51700990858672402
0.48417640242093113
0.42464185809892319
0.48257464756342155
0.41089575888208629
0.52538871000108689
0.48029353563536037
0.49262315051215144
0.42573579866911104
0.42053207212192412
0.38115088339747699
0.43306203548750849
0.45825775417222753
0.50197647057692829
0.44364442027947676
0.53534748142806343
0.52970128909709047
0.42276922777365178
0.42762328842137487
0.51073102336221066
0.50141690771090786
0.48921249568864328
0.61019020476686758
0.42840375401801473
0.46767627717188998
0.50784512241983826
0.49357746026631072
0.4414136898952456
0.56322598333908358
0.47217573321940348
0.45896997675865214
0.47286046514515145
0.62758071989447795
0.48791222868158229
0.51542155863452654
0.49637857718484207
0.49406245821327738
0.4148529923405837
0.50551762470270345
0.36626834239914424
0.6002338196095196
0.53620686528309314
0.50507446816943335
0.53212413389353364
0.51748620370182097
0.58052022098122158
0.43128035072613546
0.42600666682209604
0.60090339791378378
0.31397033936243157
0.40831760125609928
0.45689269617376516
0.46414535409803864
0.4992011756774079
0.43226027500282388
0.45654668677999605
0.52057799585518538
0.42579513178350931
0.55335010862913048
0.47163035961263439
0.56952822535358893
0.46353894456191963
0.5423751192959142
0.41639719652260027
0.5135715293756582
0.51113932424741371
0.44614730493150995
0.42620686318513795
0.53691568314906402
0.56528149842658393
0.5338415399133245
0.51286624831605199
0.53678558225485429
0.51872956370023215
0.55022896692158485
0.5032554197675525
0.57727192543660999
0.3555475888036298
0.54340407272068869
0.54046690189124136
0.40290853674374355
0.39744264914282817
0.37487076695723609
0.42950280567801236
0.52546945527945732
0.45556778576914386
0.43536310810270934
0.46072447454086191
0.49757722102042196
0.43962635280218626
0.51986532578680533
0.60240554427380111
0.53065197751442716
0.51517354308897179
0.47287964399075894
0.45100393158289193
0.51023137878287772
0.46686491802205671
0.47511432491335898
0.47714716175242006
0.35423653582592968
0.42805079640068333
0.52377563528283744
0.51740528023397581
0.56090861649375556
0.61741319245215265
0.4840405987819455
0.54343640196502074
0.43531032294164851
0.55569190768700838
0.5745177739605567
0.59931693022965538
0.52425872257866324
0.36801682063584917
0.41156483416690953
0.51488920164335317
0.6049941169855253
0.49997794096439613
0.4579114166141639
0.4685307696205997
0.42709431463112196
0.45891809558690638
0.53721310089730356
0.53762168684328493
0.55609286966009697
0.47833763088005599
0.54790565809550629
0.54238174305453346
0.59093034110553477
0.51909829593820311
0.42312402859920623
0.57569855867164366
0.50366222112025794
0.45890959939562587
0.47528246783992306
0.50134340559365231
0.45370420791475552
0.48829001118024862
0.49988653801027688
0.53598392127681982
0.55580096810744417
0.42504705362218959
0.51381683942410095
0.50046735424945288
0.48461492546261209
0.37120609552611084
0.4263298586896252
0.53532956252883124
0.56162210633315379
0.52978375062560001
0.50312351159350654
0.4263217849103681
0.5634509148594502
0.49593649946040252
0.5530619864087627
0.4467670710366583
0.50155113001581531
0.47836443581679339
0.55610995635429439
0.46123550368978855
0.54184177624864471
0.58485864419522582
0.46033975505230473
0.53636449934927988
0.43293727661755965
0.45440975154602986
0.50602606909186365
0.49357903606762815
0.52900948851280727
0.4887038854501769
0.5126970922036953
0.5282654467601644
0.56147438571377917
0.51977191464575156
0.42470813437898841
0.51753430713207293
0.48554174992718169
0.51821039404039493
0.41405693274330929
0.48197459005857329
0.48888700394567458
0.48744645129097336
0.51547907490753531
0.50203833174165313
0.44874173419875246
0.51748306161556623
0.39008943673132435
0.53507201615706612
0.54620427330412291
0.52306986706426162
0.51905271939311093
0.53808906624431485
0.50206014870405324
0.52819672548918828
0.47420074465181711
0.51814267015239113
0.49515341260454859
0.49910703611111179
0.56065247847783217
0.49735172627972335
0.47467353627715231
0.38433043003383499
0.49256378579822685
0.55274645089449714
0.54411887715774565
0.5658446421914497
0.37620977078109591
0.45271065371597846
0.5474225593300176
0.39109474360539115
0.36030215912889807
0.63408768963198481
0.54146327088898361
0.55758938015746062
0.38320309141199144
0.42241252199164248
0.46842115366321246
0.47347499689075817
0.45514051394083305
0.525119292840734
0.47150362225801684
0.49620912441784498
0.50411724512426315
0.52153346870200101
0.38964811494480261
0.58218205474479889
0.42758262078179327
0.54259646194628863
0.55159610860819475
0.48616373313993749
0.51517376925606007
0.58355465617556168
0.50538390923783605
0.54825867906002745
0.50953090631587183
0.48661004828708088
0.38157709107205157
0.47241696158834573
0.52183628252087333
0.50708486991021284
0.39725169005869232
0.30340508286561735
0.39198306652302772
0.57833866568500159
0.5406882362638018
0.44461161434651719
0.47718256525418212
0.44925814786855228
0.60633625030121141
0.40911607127552341
0.44742149847436258
0.40802508897570305
0.60803036966729385
0.38128746287878196
0.44569328326911756
0.41465754539090466
0.51027561381312925
0.42986962360986108
0.46103432569119951
0.47057892424895037
0.55821091864038264
0.58311293221323934
0.46723535271895655
0.44392782398653324
0.60952962685670375
0.40690925274077178
0.46894554894268164
0.47970806965076962
0.46212441977606361
0.50987882627161729
0.55438212053358593
0.51038963774991108
0.46486036947323833
0.31993589732545635
0.40637520227001334
0.44139323004685199
0.49938589521083099
0.42955401657658154
0.47010648236425567
0.52946819664479494
0.52275523155590398
0.59316104159514393
0.41110355275085309
0.49313519326468463
0.55306289500353567
0.47712386525600847
0.59680754176105089
0.50981788160939201
0.60994939450722263
0.52899148256115525
0.43536264158960608
0.59781535786391982
0.53052339972776308
0.54396667864068771
0.57628128239493526
0.47038526974877964
0.57258572777379546
0.46137972568967461
0.6181048689475287
0.46640846296351723
0.45207518139947273
0.460818935532608
0.5874492767416446
0.52977402789249306
0.46641614711661117
0.42930478733275917
0.33534895108810153
0.50101754727679948
0.51872042898997184
0.42599938443841906
0.51136978759999985
0.49333385445765815
0.49639741137086496
0.54384342188810963
0.53719546590946576
0.52518114596563192
0.48181235640655984
0.45107737617176435
0.50024045340704237
0.47768096922080133
0.46334801948382093
0.52903392834932839
0.52153557779714066
0.59841819590936918
0.54292042918953443
0.45497030371756569
0.52731746941492152
0.47378473862462434
0.44534689672236116
0.52427138163194165
0.44884494981439943
0.49943003196239216
0.44303255904172245
0.52181744011563425
0.52341400539615512
0.45124909616594444
0.51406484616202952
0.41198613570279546
0.56673353758633993
0.4826674402773542
0.52643064551577112
0.40054283051340922
0.5050782453120316
0.47280217553917803
0.40773377538591987
0.46365455574537567
0.54501688358937195
0.47077365015824374
0.54261683081073497
0.48889947255524424
0.46762801547468946
0.52025801763206425
0.54266295748833371
0.42697874868263985
0.4224141419525404
0.35475949422850744
0.43339523726890566
0.51552350368867816
0.53033943190738109
0.49892095543149079
0.50131994688321058
0.54122446553152548
0.45639500425732793
0.50207874253323193
0.47345249806550421
0.48837074817656201
0.54349530686899494
0.54768396244279971
0.50125572890248593
0.4733458800497824
0.33689926706138379
0.47687287638880843
0.58637940480330186
0.42526106778265427
0.47404799237111461
0.51624387754451873
0.47028133761815138
0.57813387284370121
0.4774910465725779
0.49400750978065167
0.36793349313750046
0.48916103200309463
0.49051110209226145
0.46534482913589204
0.46577387520367453
0.56952417152579127
0.50565996094781795
0.40904453276251007
0.39081248347469388
0.47892155930597774
0.5647847318559247
0.43112572405884408
0.48430084298540749
0.54939797765809362
0.45251349266020563
0.46188959908091431
0.49601184988581237
0.47412932421368947
0.46656901763945252
0.50541825699636289
0.52195320464053541
0.52072270296519718
0.38565143903837501
0.48937938428723887
0.50699970489119239
0.51185607913942599
0.52765964602516313
0.51191015880327062
0.58781872404258151
0.41963924390132368
0.44329981292479048
0.50484609534785407
0.55502874593973595
0.4604676427984567
0.55504706112517221
0.50314865622228844
0.49030275323336342
0.46584140592061235
0.37096779903650545
0.47320429909793654
0.49330542829671259
0.48016857539305213
0.46130487051761088
0.46980678885913202
0.53509969983350947
0.52606318928138873
0.5670557512952038
0.48489311124908951
0.65959672726781737
0.47513062977733994
0.58000780416577458
0.64335818889499319
0.550959670875381
0.31911178362107379
0.35280932517239344
0.51279856255225176
0.46573993782219908
0.59288924559706246
0.49451716190084771
0.54399365360441576
0.45172861460801311
0.3878419104035003
0.53496462469738437
0.45116359254486604
0.46552746571276793
0.51725649441090094
0.56229742963486373
0.52370158042567028
0.46675463569871067
0.54370108673469519
0.49706811017316294
0.58150242177958844
0.48716579687502859
0.53205534294690182
0.42550988036742221
0.5476204013226329
0.51434611387579887
0.50386806672074602
0.50417412021216879
0.51991157768829954
0.6265485246228043
0.57998040140580176
0.54286596707132684
0.49105272326206911
0.43097120671913658
0.41775552956001299
0.43712732553544248
0.50933267438926844
0.51308547429905493
0.44110633124461512
0.5195511778690286
0.45260873397552631
0.67756494990029836
0.51047517740197501
0.5514081520006493
0.5551398869119486
0.49142356670360393
0.53445564873206453
0.54795510332731034
0.51981642802025096
0.52235945834477149
0.48564248635321
0.51015096260574555
0.5387070945561423
0.5732819648846984
0.51686399948016704
0.44127787731734053
0.45272802751075142
0.46380252752426182
0.52824906423129303
0.48068264169609598
0.46773502982626097
0.51034247018222323
0.42729912881757792
0.52257514658827331
0.56747281210065281
0.5474517808229179
0.56295141821029837
0.38346475767465149
0.42114747869629249
0.52034890085423646
0.46801880602414259
0.43274041399906327
0.53706718357295047
0.43621660662093503
0.52058272327606636
0.53373551233840533
0.51024023148138398
0.51756133234968493
0.49056393394186887
0.41518535149451202
0.41784497883032184
0.52570973856897996
0.51212370139126218
0.52522939201958563
0.54092317327090955
0.48762510404184362
0.55082071589061021
0.5431315312710927
0.44967177639697353
0.50511268948002941
0.45696940322713697
0.45442100147895043
0.53880517541523476
0.45297648814630131
0.47948292172891582
0.42673603773625701
0.55247397170707357
0.49705418057097217
0.42540730109658487
0.50532356088824992
0.34560046642699616
0.57880962051095386
0.50601459066658305
0.54691550935398336
0.43273056058052212
0.51252980679080895
0.57198107385932784
0.49753761825822235
0.49375003950159296
0.51146775202822581
0.45868904076562533
0.52143573765940199
0.50628680268434856
0.53120347508834231
0.45811611793959733
0.51528049406619358
0.49990854994922335
0.49022915972895964
0.51702169194627778
0.51908751880421233
0.46192706753949697
0.48596096913025116
0.54249329960408588
0.48273336171917952
0.50795519741431006
0.43447406641706793
0.5563975594258429
0.52526701681928056
0.51445336190711921
0.55551305933276884
0.37469889460951322
0.42098751116864003
0.43685900828605395
0.42914065642293281
0.49013050808291408
0.47774145324039025
0.56005404011584115
0.54108655091852986
0.50526963090931787
0.4971162737947763
0.42731319455454037
0.44954651668929269
0.41032785027812085
0.51328362621906864
0.53981573300897512
0.43995221311346849
0.46241432166888907
0.54871823962475363
0.44700001937270412
0.46279019210071193
0.38968741407811874
0.48074912518353957
0.56386649887482343
0.41056936976503577
0.42543354983920129
0.49104206788535548
0.48414991895443243
0.48033025644202249
0.51881668235727829
0.51876428094394833
0.52454299516333314
0.5125733572087684
0.40311860363822821
0.45470981596476273
0.48615184850422327
0.46019063710468228
0.52015188268280688
0.40410643311650263
0.58017509749687279
0.57841771744830395
0.52770942820903988
0.48601849516893642
0.50705386540940023
0.55144970860569276
0.48080733907511586
0.46436872773441012
0.4896498858258545
0.45997056038034945
0.58089044655914679
0.28595335717579529
0.46781404933465576
0.46239400689289811
0.29784334540687996
0.5116422431413955
0.44413948868731418
0.42440738576987819
0.49624887701418297
0.43458572552250019
0.48570424501113252
0.43833091714132827
0.49994817125399876
0.52606901055782007
0.52407221389609271
0.43306472484336328
0.36425591061770046
0.31033646909712131
0.50450300651381652
0.53558828142292481
0.45440448447311355
0.43796290469107813
0.53676581341691532
0.51079915400284648
0.5227715512496196
0.4410744661633712
0.5603870327089111
0.49124408103277378
0.52886986287368143
0.54336908964083541
0.42837376087738566
0.46734064225515148
0.60107624496259981
0.48814491419955364
0.543225982079383
0.46321442856830009
0.502915084576809
0.51325222634017542
0.43527667075316573
0.48273891590124224
0.5156094920907266
0.49550627025631167
0.43143523107816628
0.50116996073445041
0.47211540317085998
0.52309511364379591
0.49325324389708353
0.5774180534942599
0.36302906406075153
0.41694935388013599
0.44216562548455413
0.4361266126429813
0.54794133220863828
0.45578803098846615
0.51654394043032881
0.50021232677263616
0.49393808999889888
0.50271867233818601
0.47182254200161555
0.49471679135457569
0.54153450569691064
0.53314930910620284
0.52478230171049012
0.4781062800697754
0.52615868083845441
0.4876582821404632
0.47189685230591938
0.49003942022184011
0.43745513406715858
0.51638579089363612
0.47100956776843272
0.50179946174869494
0.38937959691164387
0.60087476275833862
0.51661343790980319
0.54218220050312471
0.49000620133861489
0.44272011507743136
0.51260545961357828
0.53399307279620079
0.39651791930124874
0.37938229973219095
0.53978694334403976
0.46839922824356978
0.55506017643831962
0.49715504572031366
0.55879081735286684
0.51181702637310567
0.51047291725078847
0.41843955353519602
0.51821429156216503
0.45736005173546607
0.51522016682478489
0.56097141727809541
0.47019861452406536
0.46638458572373243
0.51270333643661725
0.50482783518357277
0.51225255109219991
0.4749789317705615
0.49256959151858082
0.49729079622732814
0.46149061637591754
0.36700487324549325
0.5391014743436775
0.53964338790647226
0.5944859487975177
0.45564223560911921
0.43756697734351185
0.54427385311171972
0.45628099462739685
0.48620558994078245
0.44620922846373817
0.54359611603719238
0.47437234501088127
0.46188025684599687
0.49197084974625716
0.41354834729580692
0.42687028483220546
0.55668114361447285
0.45321986875793729
0.52542681035818317
0.48474051717550382
0.52793950764830977
0.60754341962509528
0.4582782584058599
0.53784787590054806
0.49934832512896243
0.45345878897616249
0.52991861614837321
0.42979253638173065
0.51582303285043907
0.53564441752733716
0.57016668684398175
0.51147711465247314
0.46819910588275754
0.49678654792504634
0.52561215941865802
0.50768830192288217
0.4806577149525027
0.46912626672276492
0.59277765332780963
0.51387663645678094
0.52605663207858977
0.35987153084768253
0.47695412606299209
0.41012194042094552
0.36415791659496233
0.43284453214444291
0.31682081685169139
0.36906328768246105
0.33945940805200475
0.43488737438121972
0.38672569575255222
0.40944015384730764
0.37313543710546121
0.45046119548424196
0.42545415019131072
0.42154276267981206
0.46940964731870033
0.49953939421815685
0.43079974487379641
0.38132160487142613
0.42136731826311558
0.39651135360777584
0.45901433518426005
0.49114429716794911
0.39349919905770359
0.42330865519223942
0.32258461891558066
0.45568507497957733
0.39612633382419571
0.35497821535053287
0.32394089922691427
0.48136788510867751
0.48816241977371555
0.34791797905562372
0.35340616420288073
0.38332029065462436
0.58760150913659559
0.43439180818546763
0.45738387184373136
0.45036959294846768
0.43105504966971492
0.47977934282140222
0.31723856961521829
0.36697461721581176
0.34782020553782617
0.33890842987387632
0.44079864901110305
0.46866422644014016
0.44820102751446678
0.42601161938006726
0.30705058602877916
0.42589119932047276
0.33976080609331322
0.32895065977922722
0.39675176789874239
0.4747696763686044
0.33751629867511146
0.48259553510684466
0.33697149279852329
0.28859986805417465
0.31276173061176504
0.44364007737054384
0.4984349743920049
0.42632709582000983
0.3827847846951149
0.27380357679885992
0.43908954930450433
0.50672674860961453
0.48307224613806604
0.51118852384346625
0.48289003968762145
0.51484810934166203
0.52726653834460191
0.4820025327982837
0.45312909983302319
0.51114584898424009
0.50104285882351507
0.54548856968133375
0.45942227316223933
0.56401048345491478
0.50785346542508492
0.53596843465453059
0.56992126641533691
0.50006344277688075
0.4407365933342664
0.5626912862234742
0.55179498894164125
0.46843785289634804
0.43777645008710064
0.50474463227350763
0.51650710205881867
0.38106769584123545
0.48256530985524621
0.54008335175551814
0.48563285325637157
0.56000563992802532
0.39611173442495362
0.47857295712880732
0.41302504158564446
0.56442439862039606
0.47566867581936578
0.44891722630766689
0.44083558072793416
0.52567064988329226
0.51652722405804197
0.65182381748861251
0.49487752309301075
0.48628341788081403
0.47002772779141783
0.47613798519487061
0.49476194091760328
0.51269355977684306
0.51540715106925949
0.42192337486168102
0.57516335223685222
0.50869704757947165
0.42480859664816895
0.498891589737392
0.46043137252801691
0.56157073049106832
0.51873482679199268
0.55370394106283771
0.5185728784012219
0.53497609137844349
0.52072300097797874
0.46616417466246224
0.56031575918386367
0.48507444412653911
0.48123145365647207
0.31402718735098423
0.32005842964486925
0.52292457138762505
0.55571009534112425
0.32821325434961651
0.48120712856282882
0.54482690992753424
0.53336841302357518
0.53343383418342583
0.524471910355231
0.45872173598116295
0.53583722999878092
0.4422081404086704
0.49812333631810352
0.57986201457695119
0.55642510985485893
0.52304134743956909
0.46281849515370571
0.4638213040827589
0.47782758109941736
0.52391840245821164
0.5622028179593902
0.55883108505797074
0.49378969483892055
0.47472920852893236
0.43693782597755992
0.39963350307043721
0.42049775492213387
0.51982000919700899
0.48596856802109234
0.50084570157589436
0.51471774556389127
0.43711136332727657
0.44827177615697844
0.48417113480101809
0.46258051436398401
0.5406286653414919
0.54479715859802325
0.51969846110819862
0.49532493961858076
0.48625572036021253
0.53586988729487917
0.41848338811908253
0.55043577648456898
0.51960315900112297
0.53228365728381666
0.65257470339701673
0.50576601355012696
0.44214556743747707
0.44480352360168385
0.61011800084370371
0.47056506253406555
0.51942082977730397
0.56970881342413915
0.53549589004583242
0.44857786098873226
0.44775667169330852
0.45739029507066392
0.50259349762568228
0.50606552870366583
0.47729411665301202
0.5087843259411845
0.46256053923632362
0.52013297425181693
0.46763208129583916
0.43186543720377302
0.43436980507025352
0.48474727841386384
0.54664189872948876
0.44766087767395624
0.39679191056486168
0.4904127870648548
0.44098088691100262
0.52319762432175121
0.52209064861306531
0.5402655596622693
0.48806523156469989
0.47505610237599299
0.58463703226361319
0.50535222800639235
0.48727932650970007
0.51551948796140734
0.62873030445007083
0.57544665525362093
0.4927047220031387
0.54343864828782107
0.54261915259930205
0.48918173481548416
0.48878292261255457
0.55408690347866862
0.50487335384420284
0.52141439487662133
0.45597162139652736
0.4908301993012848
0.47793898544799712
0.47263121491819815
0.39757393101823268
0.52926251360636134
0.51637887162030427
0.48613405760013312
0.51807218287277568
0.53074152296575516
0.51824798306530229
0.56853750187741847
0.43746416940709287
0.47250246808764684
0.49806195412319865
0.59584477965432214
0.53436917780922455
0.53159241704221272
0.45098380534787014
0.58171917347558866
0.50492460748420964
0.53253893139715758
0.53282594388222271
0.51861861730046066
0.48383772024651894
0.44281013310852652
0.51821441210902797
0.52465518794670396
0.42737845262801849
0.43753656187654771
0.5316304020117385
0.42449193558426929
0.43522681126296425
0.54692034423849556
0.47612481411820662
0.53347972588436254
0.37898041768278795
0.32314155455256005
0.45940417672293815
0.52911081102825852
0.51197462995029042
0.50217670482333487
0.47493395439600045
0.50516379795822997
0.54226825891421082
0.5170960681770469
0.57195094346403763
0.54785974593084619
0.56953221281603494
0.56619304857776576
0.45675673772760556
0.51786993821256411
0.46796151376427947
0.49537572925586915
0.53411501526479166
0.51258295325476511
0.46178965048871018
0.5448581704927169
0.48155721109846022
0.45154038194900692
0.56513948627914845
0.54361659359972148
0.47716904780099839
0.43179054586878585
0.47083834693252058
0.46996548026308277
0.51740406480129786
0.4408348619899406
0.39118378474527205
0.33667562416132868
0.61878718250662856
0.49527006910371962
0.49911526781161397
0.5934606475262878
0.58509328011193962
0.53674037931406993
0.58827703666789255
0.49431831542570259
0.44232546896313307
0.508378458207562
0.51441265305812123
0.47708420652406813
0.50713735263905901
0.65019852924391008
0.52281570516923626
0.47894080059907751
0.52691963475415127
0.46907275906314339
0.44802862952172717
0.44071628380334399
0.46258897266436566
0.49365907607291171
0.50949165817089026
0.50742188907137831
0.48613626130528564
0.57494920817200912
0.43274461572552059
0.53492814874920791
0.48796559085602137
0.49261565474856883
0.39468572822257764
0.45186036553769099
0.44779160982406441
0.49171478971935534
0.49354877519789958
0.49859081513767722
0.38355894631157533
0.53425253702512676
0.48411644829262307
0.49460456635301142
0.52367000317992418
0.46195647931160561
0.5581300356703659
0.46889819848850506
0.48487619186471936
0.52576077218420403
0.54777221668787135
0.50287878394213303
0.5004841611751536
0.46118051263807358
0.50244596915259376
0.46471273173217215
0.39788375378384616
0.52536795799245861
0.56342380010355442
0.50826604469793024
0.55715202219955184
0.42001856896466971
0.4579837786247154
0.41660158705231604
0.50934928046796768
0.53221455853921307
0.39951178938176796
0.38469836349350772
0.55240476273809458
0.49412391311056997
0.58463548973224588
0.53473584463484969
0.53043696146152197
0.54457796857407459
0.51339590510421473
0.44353050108748121
0.55272698241190676
0.55599775990872369
0.55713800268428981
0.50608002361933657
0.54633229732917354
0.53709971628484976
0.4939120249425718
0.42645234352277422
0.53129039873395445
0.48219446911526004
0.55491644988412958
0.5077059189771661
0.55695050206778429
0.50687825343114656
0.4398685486122248
0.45583944327518927
0.57170627124215789
0.48199110742404355
0.44709118236243089
0.41868308668365578
0.43807289416335526
0.52889581227588045
0.41044364320978183
0.46384900197443329
0.50663870823830748
0.50126332397679696
0.48001708564793055
0.44705434892431445
0.51186500714124783
0.53165044708324904
0.58778863667106285
0.40855993156742526
0.44097982147141512
0.55813036756895029
0.52542190220062801
0.49853213754044051
0.50636781115887153
0.51858262845407788
0.58838315858377821
0.51759910359764083
0.50135808094202283
0.49229175280067183
0.51681663618839868
0.55520832011008303
0.56102057176744258
0.46624206802883073
0.56886027381092663
0.50462038514493446
0.51533024574424779
0.46087872055456031
0.48371877007138253
0.56425839948037482
0.40202131123681101
0.49763669257133158
0.45059301058552698
0.3579937563919714
0.43183651873798629
0.51630526178332103
0.39861874066407449
0.45371569183685728
0.47199982138309321
0.52778137063636565
0.51188325248777367
0.43292068228214103
0.48212537986635534
0.62886815305183053
0.47182875909655919
0.47057773831240929
0.51815673862174771
0.52646853024855711
0.50599583385122693
0.55923575931072633
0.42992195954369472
0.5451183673027844
0.43449237984103367
0.47879701105934525
0.45953602530023918
0.48761832405986855
0.58863699505490064
0.5401055448430585
0.52445144381111131
0.4587673103640354
0.59957800213099122
0.605184442941061
0.49152546577767547
0.56477310117365165
0.3989726584804299
0.38203805423005682
0.50281954012098873
0.56379206949569172
0.52102324394311206
0.42623439629725224
0.52407280816038015
0.50290220451688916
0.53147524133784263
0.39607094131730664
0.51019674005799498
0.4997760930089486
0.47255085378316164
0.47202049549272207
0.50242112267342109
0.66432579787753565
0.51355499123795023
0.48100489186466888
0.45236891664103962
0.47130616635808203
0.46111216108936992
0.39899519018343005
0.51778915276540249
0.57266712287952992
0.5634927002165655
0.53956310464388357
0.47866424940995028
0.56064350132771923
0.38334864006714292
0.50902404932983636
0.44764210777459962
0.5963904038764527
0.50840012375598842
0.44220324384928844
0.52375872877812446
0.5163273175133487
0.47511889255696066
0.62324954378305186
0.38177927100025072
0.6001928018528474
0.47192844242887622
0.56667775710442814
0.55834223181476017
0.51097237713504806
0.47965038716835195
0.55222133566100551
0.46604905357348775
0.59490081645807014
0.57182982368362534
0.50601370095577669
0.51111119031035102
0.57757257773769155
0.51585236999505091
0.46537168856498068
0.47813385539166492
0.45308278345424052
0.52787682349531961
0.54574228974941275
0.47981335380068402
0.50505841616905744
0.52359916670174456
0.53381687848364867
0.51984957388804731
0.53656885384506803
0.41918905302537901
0.3962593920198918
0.5962999747846891
0.50429503861140368
0.54235728504325675
0.47589265348020038
0.48836554008854938
0.5007545641481328
0.48710512506489789
0.44469278935648604
0.52811567107146429
0.48378501503730204
0.5424825122996404
0.44086853710524088
0.52917062323450959
0.55347528735396845
0.49635695703232058
0.51648277953956623
0.40518112935991868
0.49897356686495892
0.44480354804971606
0.51908435305542522
0.54007150606966536
0.43936567982056091
0.48277926050241554
0.49866344739514912
0.5434844588359099
0.26302945430489899
0.45854872490158061
0.50526571733911751
0.49594459324464174
0.48518413414368083
0.36900118449008917
0.37634519691287138
0.44020480545866753
0.5018339966721006
0.52302660817666657
0.48115855945762603
0.51061799260293539
0.48085786535878999
0.46860013725084843
0.50671733987356637
0.52705685793218182
0.53919831331086432
0.40648557095055748
0.46652656276928939
0.52782130555971196
0.43806654043764193
0.54341179022065356
0.47486272682357694
0.49499270323035682
0.46704216438146579
0.56709948108958175
0.45307290399612493
0.42463000263473466
0.55864143515250242
0.51945980013939685
0.50708160064237007
0.56394349203676086
0.51313362522808592
0.4804061932184584
0.44998949016799766
0.39618791104892159
0.47867338697577017
0.57944514895441701
0.40838097410774721
0.53160747888199
0.44811723069078929
0.47339682002470912
0.4341818391456278
0.51663370240539508
0.45765814856799603
0.55965143394949979
0.47733907827700206
0.4962895089083133
0.41289490931658701
0.50870287141288917
0.47982310464980654
0.37668232723458256
0.50204135406388517
0.59790027384597111
0.55465904455665316
0.5899159612678202
0.53114366207099573
0.56694764035622636
0.37951375803498938
0.5070502114910036
0.59357394716506151
0.52445765784368437
0.52324385652578687
0.48357159637870295
0.52444890889067008
0.49539509919101082
0.55062498861693354
0.50325404625408854
0.4801952638134292
0.4406806078355302
0.4382614607506089
0.49165060201338662
0.45727770718628818
0.46352856915117741
0.49370433406433756
0.51673725935083759
0.44249516296598917
0.44985760928396945
0.56259356896073676
0.53916787745182504
0.60936728356393111
0.44447596346107193
0.50665038184963418
0.5366305078541741
0.50101435889019197
0.46954828152208727
0.44807577709573099
0.49178573145248528
0.4730783915440207
0.49053783293288311
0.59557626040764255
0.35397627034573759
0.44588557641788573
0.41929283077236101
0.53293518308794241
0.48529117663983018
0.42591374342833582
0.49275519694658826
0.45846797653435739
0.41995989804523548
0.53698048654528752
0.39539885844552602
0.48751956664703061
0.43315544404870643
0.50469269636751557
0.56277491275155866
0.51090200189586055
0.45093295983696768
0.56038043480708677
0.52890112283073365
0.49969807661746468
0.54662379689653673
0.53128934266232852
0.51504598899971554
0.65007936925848675
0.44419964887350966
0.49591006540374588
0.46869540910976448
0.48769432714263578
0.53152929337753752
0.4445984993816503
0.49172835842265167
0.48806022462976939
0.55859297984387712
0.4063956615748065
0.57414680331559798
0.48253035911047681
0.47740234372866414
0.48663172006207467
0.47864997322020508
0.57295881172290131
0.56038446049054869
0.52122425525757654
0.39381756044344435
0.4635828466741469
0.55674192540624012
0.47754114662178232
0.46008116070626276
0.54024518355665629
0.53242228275762926
0.56531996559193054
0.4895215793855639
0.47525827433430051
0.52657556216816614
0.51185844871175545
0.58805004034650243
0.46358454763637896
0.51942601908943531
0.50601843010270509
0.50581355749954904
0.55214943790085169
0.51388799903049831
0.57901535871663468
0.49652302710088803
0.42899541413580206
0.51823905869067854
0.49802099695254737
0.49323489247630881
0.38966037543906923
0.45529292108404301
0.54841772555986767
0.461352404365862
0.63435359289860893
0.46563910901982869
0.46161478052954485
0.38462136261605451
0.43022145256791522
0.41679195598498886
0.46989918843153328
0.51971003889821665
0.47924142641660789
0.47619484279408764
0.53219008655668332
0.51555182399523003
0.44274962776141491
0.42580534388277186
0.50641372315667521
0.53975469133152931
0.45628770843895966
0.58927897026122955
0.49715467122667562
0.47000252079088234
0.47507430668441231
0.52289210138283038
0.47919227388621549
0.53769560952464945
0.45951732868060424
0.38727996061260356
0.56327340820087712
0.50780533385554794
0.46499736824977206
0.51896501785617322
0.48416909310180367
0.52463606042944222
0.48509268244902337
0.53400836776958405
0.56402287753786651
0.41903441031942229
0.43109840405142308
0.51468915617996458
0.47393529724601763
0.50533362731756004
0.41443244235110055
0.43519046380166254
0.49556220226420494
0.53212143053003169
0.48194421256157061
0.45405326250271333
0.46838364994142484
0.63632402356307305
0.52928424830627474
0.62483930296961354
0.47926174681771527
0.47513320879404919
0.52310612496770126
0.52638223927325278
0.45977682877038867
0.56754915552674357
0.46681088033120355
0.43260159925927344
0.42743862484971867
0.45322263025237358
0.43265672945037131
0.45679860442903242
0.47381781546271445
0.47605287388598855
0.54050542080370823
0.49413860335472209
0.53169244930562598
0.42797739929020623
0.51680124601476174
0.51378352921532899
0.50562600000394553
0.49167345594183687
0.49571007865747529
0.48246772344849664
0.39608776297414422
0.52536011148872164
0.59926333798266906
0.46731125531087075
0.5626071712637869
0.51406633861938245
0.47057261339744111
0.54058983636348235
0.50926050073905604
0.50311144265391738
0.57228465138173523
0.48869946892392518
0.49660947289468993
0.43865911402948643
0.46712040664327803
0.5614750925252302
0.62009119641961852
0.45949815706762959
0.52756105499168615
0.48290914894004983
0.58546499122520923
0.49876950577145218
0.45605738558425374
0.47417307411234183
0.43609514329226928
0.41045409036104591
0.38672973216250739
0.55045153803481017
0.51004944170566791
0.48353903704728823
0.52005109541418493
0.50138998839000382
0.49357286012608931
0.46437854894043518
0.41866592067131747
0.48007319583429064
0.56362581688655455
0.41332630439901574
0.56687351373240968
0.53475521799055803
0.52906984747347985
0.53939897613611865
0.53495925058577498
0.49016930016372168
0.4565263349783798
0.52631078814968524
0.43756715869899349
0.41703439618119981
0.52352836059869445
0.52837833393511557
0.48078959091913587
0.46179852704777602
0.5640601593909691
0.46692742883336774
0.48234259954834136
0.51604406719829554
0.49891415970205716
0.37995172254151993
0.36345866027561952
0.59143437565070645
0.49683348044774844
0.54369973243304781
0.45355824234514341
0.60849997259182897
0.49563202360129288
0.49781633528521524
0.49466537477871847
0.47612960816570316
0.52645578150021899
0.56713874171104717
0.50109123138514688
0.52674348182569064
0.55649264907337281
0.37731203549728815
0.5632770243524402
0.47835596716914697
0.44465838728333007
0.51848345136847551
0.52547649134899221
0.41378996751555436
0.54608782555865698
0.52348298722378839
0.52163380759380384
0.62593356309880355
0.495086100771502
0.64246520374651028
0.41125936831983367
0.57905679617024908
0.51394263477339042
0.43448416892302377
0.38142986925684247
0.50239763294207962
0.468677541412029
0.59355181128984336
0.52434526523367198
0.49981794448449629
0.58005158720924588
0.53269766072008229
0.52512635606696489
0.53633768484212407
0.4645333091316447
0.49310594631328047
0.47876242460384
0.44155817812835835
0.50346462859598107
0.45855961673223039
0.50745409944767805
0.53907082906738835
0.52327134888265936
0.55407372721651227
0.47072484299715645
0.54796812221154734
0.53708476833722285
0.54059402636118881
0.55356893934050044
0.51686406747177727
0.5392055653323915
0.50184605908985891
0.5137623551129854
0.51478007275386417
0.5259532902510492
0.48114199855461232
0.26371261082007136
0.51516651764973165
0.47958366650358963
0.52758237358043381
0.49303457202692585
0.52958031876479783
0.41461008521259285
0.55386263295089389
0.44720520114628626
0.54778146913401071
0.56595162305058355
0.54174894503834714
0.42536005523645265
0.53524788873572793
0.51782868328155673
0.35815558874820669
0.40874279206530956
0.46394043826594772
0.48734246576015033
0.52812598595845217
0.40737453379777583
0.53013385293658055
0.50280390808486852
0.49768162498714802
0.52747610551940982
0.47634266903199685
0.42556639486352149
0.47326103714130013
0.52536275047617154
0.47944370682392484
0.54551222851526682
0.60593634230217808
0.41116841133483739
0.41447156526893497
0.55140660843402967
0.51334683516710278
0.50640005184065173
0.46132507914498522
0.44986698286384635
0.56780949343848242
0.50497240250851139
0.47606752227386867
0.42294036698977788
0.42661926760904906
0.46874276794478414
0.45336463317177678
0.45258137304611623
0.47607366445855298
0.50992106457648922
0.57642812144930755
0.44670631757066409
0.53427814245012473
0.62484776703824685
0.44599945651834
0.43933141451592134
0.51583907761899406
0.45008011257661978
0.49896872483089766
0.4731702661446831
0.51736494308401892
0.50887990945858896
0.50183572581096758
0.6025830026544392
0.4724096500431828
0.37531772139750064
0.57845483847044166
0.45077276724692922
0.49458603088113273
0.49244254340403626
0.48825171568816628
0.46275945495947357
0.48730676896994612
0.59172922891669
0.57539979965464771
0.46646559841224222
0.56313868276407208
0.40241263117818499
0.52447320419215071
0.51863822723678965
0.49735805660973376
0.45695450307300062
0.5347555291276388
0.48056781426446071
0.41496992911996383
0.49175843035239758
0.55770186451650827
0.49797659778008502
0.48527400041047447
0.40245681838018865
0.50314587165792546
0.49787672483099393
0.51484781739585872
0.51462820202272275
0.51115781721930453
0.49799058446221056
0.49380148807526791
0.48182679976008896
0.55542096748273173
0.45875613412107408
0.65211159871572932
0.42112347439971598
0.46162377382890202
0.57526075929795462
0.48669623960725189
0.62169294762750638
0.52557712716055982
0.44506875105242616
0.51299423798201593
0.53189856043441319
0.45323602472391417
0.53795689285375992
0.49630040358905342
0.50269009831446643
0.58599526373783339
0.51636797335312956
0.46051195214364055
0.49596749356443903
0.48689776438594418
0.52718636387681395
0.49559831798221826
0.47891645907942787
0.42394363035591559
0.47893999071765869
0.44263815409032053
0.50785177192939657
0.52426292172537547
0.50791244602643504
0.40869606720379026
0.31809806307047706
0.3710849540547197
0.35653560524730765
0.42053115825444215
0.3922929381857897
0.45583711253669368
0.28610533072822808
0.42171118482406961
0.37878263522894789
0.38686364689453601
0.40484827845165289
0.42172667517106976
0.35909333883617717
0.34814668837406176
0.41892941381206128
0.39158580871950166
0.39104261045220229
0.38438388480813546
0.35313122663915192
0.38597566528924709
0.54435559626592533
0.4384893717032472
0.2962588677436801
0.45314658718404344
0.49264595586167653
0.41646617051342982
0.43332912700951665
0.4008164513586957
0.6499955146332268
0.46953883363326776
0.44792495901610624
0.34716284909635026
0.3028448248400516
0.36648819873969585
0.48954834689295845
0.39670154188322471
0.45714684927142724
0.46378192356346359
0.31015900719824152
0.36411970846521535
0.38746945878896738
0.47793745147808092
0.40075258700482946
0.38661286642939174
0.55933548547260914
0.35671294279436483
0.36838100104506105
0.4792994850585513
0.34126927864970213
0.27193703814272185
0.43509752430018789
0.43668579062239515
0.30775411999712188
0.4490243511456069
0.41258484611409046
0.36520495797627012
0.32837192051075298
0.47347930820252127
0.43003748627261024
0.38440740825963143
0.44601837207842493
0.40486669146898852
0.48681822696969129
0.33143907139997686
0.45235122587810295
0.4734306858188313
0.48894499728875235
0.51130284261633641
0.55049624676169184
0.47762069549574843
0.42871577977544395
0.51618831319805525
0.46591551368701178
0.56983736354877979
0.58808463671540268
0.47997001034635833
0.44727661875744107
0.57644860876260251
0.5751717550456471
0.51694639870360581
0.43451554155526317
0.50952394903831244
0.55090704055499784
0.45951829837640629
0.47235841395973777
0.61902370377135063
0.48800252665645871
0.35448010977271049
0.51945582583395367
0.54853110615923695
0.47135102919603317
0.50696355543402116
0.50489474271690205
0.50053364580577853
0.47147426422537719
0.4494019465696843
0.39032632030425213
0.49212189591385375
0.52025337555647611
0.47855374196114142
0.49665879255500994
0.46785830282633994
0.49423546717230421
0.42336418747558635
0.54919958866770213
0.57400978407873715
0.4818102125716166
0.4955644180871529
0.48689945241471971
0.52144311628365658
0.52684008047119046
0.39932132189391933
0.45588741518994874
0.49345384039468604
0.50845924962509825
0.52039244033871923
0.52229470201045647
0.48883385243177968
0.51472496828487291
0.51721950653542592
0.37792365433824071
0.52872768395633818
0.52409390439910009
0.53148145645694489
0.49602186346164684
0.4675384227441704
0.4308930403306383
0.42695582747441879
0.47947393223122609
0.52991929663829485
0.51547160926164814
0.48822756840164583
0.49309709783438349
0.47422122048799381
0.499266430172568
0.41230767101662563
0.59582151198643518
0.48065841274553012
0.57425421067873084
0.45728339771202681
0.53603248834533213
0.51586523339116075
0.47696011411570122
0.51051606630187862
0.53382182347263707
0.45088710798124693
0.51362094692326543
0.45974272465523497
0.5756092453801952
0.54121443710607131
0.46885556421770258
0.53017031078053534
0.48062196460605738
0.55869095645340539
0.41451598882109014
0.46707969852674486
0.51110128151243328
0.45147742658078405
0.53988882393127713
0.41263464625532675
0.36911486017616318
0.46312696281643567
0.49182406119453559
0.51764275055134967
0.48922255302557999
0.50541419928162878
0.48640984124571457
0.51568274911285827
0.558602009293104
0.44757569125588115
0.48003494494088378
0.37068808617006971
0.46469857224261063
0.5573417519640691
0.59924839398369034
0.47107579345185679
0.47631106582189392
0.55609949022161798
0.5755851783130419
0.48606903320038913
0.41357411297973568
0.56266805129997777
0.49343737653470143
0.46050259404688149
0.48308629362215338
0.5033732206814131
0.5107843505773495
0.60276446996892108
0.50917052184063738
0.51275932543077218
0.52278441620451666
0.4506955550641088
0.45379605458520195
0.50090329747848694
0.51498957546239765
0.48973827443547374
0.44239778362361371
0.51857846767039484
0.46814612974822706
0.54132123277529065
0.57434804574047871
0.49380102832180084
0.47390838481276693
0.48170265369083098
0.4700227849133386
0.36136727045474759
0.56622900500311357
0.42263087562992652
0.48532728971951378
0.5425694318827522
0.46983744718084436
0.52013114529271809
0.46266566402180453
0.48971436237058485
0.47592404114560805
0.52336971306931623
0.48468790694837022
0.39222037212179178
0.53375410053462002
0.46746204351128789
0.52270642777848042
0.45538413109266063
0.43583244516392911
0.38534377148302029
0.38845397258801134
0.47034624874857972
0.615066881873502
0.56488022510710545
0.48702104084567899
0.49014731646790249
0.48013958129885387
0.59015454676115697
0.55461977568771337
0.52784063006378956
0.51243772528205489
0.52278587728152248
0.46178303525078596
0.56697698404252317
0.48628879582593076
0.51277791473267753
0.46878113170506786
0.45222610084580761
0.4879497818023959
0.55413972311825765
0.49431824486898673
0.52282325081529069
0.43253725896506884
0.51894199814650699
0.43511503804682938
0.543376709639114
0.50123115936946383
0.44333002643884922
0.47611504655313458
0.43282375991245026
0.4936391972383114
0.59005462413809728
0.44835344376489683
0.59950134403869071
0.49012566669213531
0.43188577528277922
0.54705127778722851
0.44450991705655313
0.50269784236679449
0.47972723684547736
0.51515898843521313
0.52605359425011811
0.49743200302030133
0.47264473659698536
0.48335027770902961
0.50069124576426438
0.38279129815075946
0.50753027394224115
0.56709068397309537
0.57005304515187616
0.51298744334214919
0.47161391539319913
0.52156987392343557
0.49339856186693259
0.52535521793610096
0.41920525782909118
0.45958822859732845
0.49999588583640703
0.50531567215956941
0.52208292836973158
0.54876468868298256
0.51833972185101729
0.47451671941281309
0.34615866279359181
0.42828506498412566
0.56454120762563664
0.4409643814057298
0.47876144824917394
0.47764949346671648
0.58815369017076125
0.43285816751608502
0.4778295986846291
0.52524515262581017
0.4649383705384092
0.43234490894780925
0.50969360128474817
0.51264574435370103
0.56387203852976442
0.53152191558834272
0.49422010055488563
0.49618035134024763
0.56260141309743505
0.46696139368912087
0.45750111176240871
0.4766363489262796
0.46016854882939912
0.47896297197133342
0.50178984593904141
0.46219350207116
0.46685829957751585
0.53732405075011569
0.53975539942067929
0.5051871227998328
0.55254027916286397
0.54565365667839238
0.4652284849079435
0.43367322644904438
0.51401006115017556
0.5523555510315995
0.43728913809448389
0.50800574579969404
0.46883295430816402
0.53616612454881019
0.45978885805957648
0.52390378678624561
0.46120656246587877
0.54472518498072042
0.44713486705753053
0.54057961695769852
0.56048523637423686
0.48307694600195927
0.53425558366605108
0.58713071015177765
0.54437259016097594
0.44846227907523151
0.4128076616449044
0.5289815905024674
0.46613830493816427
0.50269161156320252
0.42503457206604262
0.48814976839820912
0.56210679425486509
0.51235946346359007
0.44817960342545399
0.56034899046025877
0.52210983724194349
0.50577116097797636
0.32742864482219297
0.39204622106792464
0.48952126043660055
0.54222497497758859
0.52868034658417906
0.52258168579460307
0.50716023754353523
0.50437158776390179
0.52386814952291128
0.51954403742577671
0.47437873647453965
0.47902355131547009
0.36043045666826456
0.44729385433146324
0.49648906622447786
0.42533277343289633
0.50952680630126157
0.50674128331194446
0.53489047631894393
0.56604898927204272
0.53729448483846709
0.61637771887462101
0.59557477605968567
0.48085815882079569
0.53712611017828538
0.49491517098834609
0.50381643974620494
0.51024701681304907
0.57414250175904624
0.55390297606422945
0.42535775892146344
0.4385270339994895
0.46947662119250932
0.38179383479746831
0.49521285631563994
0.38161063314720356
0.48730718436350751
0.49968908489902614
0.49058143279625888
0.4646411771492886
0.53021551115637355
0.44974095870371306
0.46035548239646701
0.52453598562652082
0.53650705518919972
0.49228595249860857
0.46222057722602067
0.54027777643951524
0.54087641050269897
0.45921414812439332
0.55225171582354216
0.53593765793130166
0.47559595742854865
0.49441599219057614
0.53249076000446294
0.43770463957899319
0.40218202098892969
0.51206651022320593
0.57453374586238304
0.41552749217741497
0.54827563533894863
0.54170466092851888
0.4483290124614277
0.46759447537699561
0.43750241618939212
0.41677431934648451
0.48652976017976074
0.54529014688496169
0.46568042248261787
0.51336168622064637
0.41941206727134711
0.50244521886418525
0.44805177207063168
0.42609935673065591
0.56550871459963692
0.48747661025616362
0.43551454301686726
0.47655037024565455
0.52998649635394557
0.42989679277494119
0.50097790452624602
0.47344501070040101
0.55451448856906371
0.47421636152759811
0.54192290549543731
0.51885851460975008
0.53544689767740072
0.47229717440001279
0.55679333906254036
0.46925894415761338
0.46632232547597097
0.42754916052524183
0.34849034350798913
0.46321815009525341
0.51122190896209863
0.42912441586682332
0.40096055892925653
0.43921833601080496
0.61379015090441569
0.51124414537695806
0.52786001487413348
0.44043668969463545
0.43545784950974115
0.58864871300721711
0.58994526968161931
0.51165638058656404
0.57238182120693226
0.48047467013757755
0.49596908014838659
0.47495320475267311
0.6150687973373774
0.50776852888724089
0.48852058824279027
0.45463562301183263
0.45428432478328945
0.52105731290884871
0.55181584252083438
0.47811047698069664
0.50775994339848995
0.49773469434595702
0.54783139104555678
0.45204204920184632
0.51027626705803586
0.49822319111979779
0.53929031949153694
0.62895836668696103
0.516344841915786
0.47670024712123599
0.55774496766087311
0.43428987865064633
0.47387233746151941
0.48650318508674656
0.58288313528000413
0.52780787311125354
0.43047096886816116
0.49498438568408926
0.48254177043005869
0.58746900209563035
0.47572731395187434
0.59290809906178232
0.39432032440856535
0.51436332032168897
0.48179423424731649
0.4629317716204403
0.48665786133417399
0.44842073271726551
0.48754366833361307
0.53637077510591979
0.39812770764141581
0.61881515415383326
0.49795142609386328
0.49752399102685435
0.45076240851272653
0.53944616008856683
0.49715287112795203
0.57550178299222365
0.51004317744262095
0.47604799423430688
0.48503022124912765
0.51057458843197334
0.41549005325631988
0.40645552673216556
0.58692433847704351
0.48510471182250547
0.57525651237241748
0.41251082127934996
0.47367867880890063
0.51315573602484732
0.43017219077580171
0.50393710894183141
0.48039982186563951
0.5286675626031837
0.54234224602064529
0.4567032474379441
0.52638620507145828
0.48911058664404783
0.60038088873889728
0.45652864225427636
0.56465861113062055
0.45964901775065131
0.49450936591548
0.45616621533998336
0.48363502560769978
0.53978578734555216
0.537137341941469
0.47793498900479431
0.53967282181722009
0.49411433982795688
0.63043331776219136
0.44682809909017124
0.45933584920713805
0.41612180105506136
0.41971123310225711
0.35165366454042518
0.54902314394283513
0.53058917900559988
0.50903852081830148
0.53278380573708028
0.46026427244893314
0.53364831248543276
0.5248384807285299
0.52615654135598089
0.43935477796217054
0.53695159157005612
0.592204408535282
0.5161384704583093
0.51375499201096664
0.41175433699197961
0.51139548416372671
0.53560204055287797
0.51505784432863422
0.52654087635529967
0.45485513757055834
0.50317798791106083
0.51411969668856894
0.51121891667286146
0.55548960919840251
0.51775439059145922
0.55146967722260731
0.35182256219800478
0.5191603038224577
0.42690330940014565
0.5292527162520041
0.54223328294112749
0.46508089214090415
0.42254413826886755
0.51884364678454542
0.58411730853639354
0.6325864033309111
0.45847930321692537
0.57628485073379121
0.47475916619736303
0.59093702148272176
0.41973920039907525
0.51587413914782476
0.43577354702263926
0.58578690213563178
0.53862377122500504
0.51450789525650076
0.51568026728793492
0.5078058520108929
0.56309200330107068
0.50006264830917924
0.55710383425267629
0.42118424724400932
0.50814409420920092
0.49313114226975341
0.46706002624159848
0.48607913159277683
0.52546885601636983
0.44097538627003485
0.57888370371887499
0.55281995630366054
0.54395913323259226
0.5779131832501827
0.40718934263131651
0.39704048273383191
0.37443993591840102
0.4953070329899984
0.51049582887790224
0.45387132237748096
0.37426053571574508
0.53689098328433849
0.56944625352405742
0.50815853113563636
0.53784006965277442
0.52673464987606999
0.50620953014906356
0.48714853137242031
0.46639245183244843
0.55199532755351854
0.51095489049547127
0.42774222294092112
0.51239564486183009
0.58793137114519844
0.48223014469680803
0.52888012122996031
0.48853546644161039
0.43686992485833082
0.40159398956026865
0.52059412287739237
0.50917084077382868
0.5801059710396077
0.51735632102055407
0.52432277585321074
0.51978896325930868
0.48249923761825586
0.53752809300640236
0.52216954378055291
0.35200621309426094
0.57226835095178941
0.49275285798072682
0.45151365200291599
0.53091778789005029
0.50482189180450221
0.50314475878295217
0.48852993250235355
0.532387387488789
0.5359525967642198
0.57539070234355716
0.4415478300585241
0.56535000123449397
0.4926791139392237
0.46853913234150685
0.42766513452878996
0.48772652908016145
0.53174785268633029
0.50451219366066558
0.511707491752037
0.51055641838455301
0.52879549128071757
0.63153893758980806
0.49252618122494096
0.47618978971841036
0.53524643964255925
0.47703965940843396
0.48500080355196035
0.4532336242244609
0.48293357589032432
0.49742004899370523
0.42149909202541758
0.5190138902693433
0.57082805580403739
0.46995231021701306
0.46536198134611367
0.43585378334977559
0.47659374449188308
0.50023809745328018
0.51256935505310075
0.46492491070344022
0.46665336344096126
0.51249531829720596
0.51502543392221234
0.48856325960947439
0.49765562421379056
0.44591821546839921
0.49047011790528794
0.5016829740585107
0.47760397975537772
0.45410754442424461
0.54897463778361433
0.48553696586870909
0.4800564273756906
0.47788651445638436
0.48679736397765871
0.49554800444879699
0.43551461413137815
0.47090860493038389
0.61491345424024435
0.53846628286696452
0.4025400847196427
0.48892456739758722
0.38980995923822859
0.35769711607429411
0.44403468351773112
0.49452750061625012
0.47383542047840671
0.53909574080860823
0.5159308182760628
0.533928112014874
0.58082984847675223
0.54430445929076909
0.42130789260707541
0.43268985756163714
0.47473139681318338
0.47175915304105653
0.48102032247248827
0.49650790048763105
0.51120981801753973
0.5112379084415829
0.5241645612395206
0.54565346116216584
0.60693401692571514
0.42145507072729449
0.54635798841791516
0.48481068861547133
0.4467691356497771
0.55315528300457728
0.5483752074174455
0.47158218150302783
0.51195931557386398
0.40549338520912159
0.52528573126306988
0.5130217720741882
0.38927091399796843
0.36340651385463696
0.55262890317617652
0.44351629829337685
0.61922721316177298
0.54366696717520502
0.44286685558867961
0.44481366728312949
0.45431306458120846
0.52361753433045621
0.49999357880954748
0.5128740128246061
0.60657030000508827
0.51911010614819519
0.50022393423909062
0.47276032602385731
0.48092658736063792
0.56241349107902394
0.47377667199098777
0.57952286580458701
0.52111964883229145
0.60545393062184316
0.50358176117254683
0.45471164354351196
0.4764139836099428
0.5158130636754612
0.54181757984708023
0.49594485442430786
0.50730500411135471
0.48932755635682051
0.48416201471724146
0.50755557015861297
0.46915278035862001
0.41156487439678219
0.44129750131198509
0.47778867242966949
0.47265512506218887
0.41680493157001486
0.53358511789661145
0.53650362284741615
0.46031223515428843
0.46426868738541432
0.42548214733183021
0.53640573141984771
0.51593974613779869
0.52429286825057242
0.52926758400469343
0.53625102426396065
0.51529248009940687
0.43886988522988057
0.42255064954278426
0.45872090693267309
0.56364855364118605
0.54241743968521083
0.48463949284059316
0.45994536658058044
0.48715452924005037
0.47652618607247837
0.49584324440043587
0.5173171398134282
0.45020187453571009
0.49157309882794281
0.57086603138123282
0.54222913901869119
0.35140321961637055
0.40079746651161047
0.55419379683801429
0.42003547532090402
0.42101632378022447
0.53527737959211319
0.45417223339022594
0.53793061361693106
0.53061351852183791
0.50040846683331364
0.50304193293240951
0.52073110062513894
0.4780784124562133
0.51935397349115398
0.44633894990092127
0.56385978559890215
0.48928824528048659
0.52891251365213987
0.4670542841628797
0.49746650361263023
0.53494292532166143
0.4793004095050914
0.51337342270861419
0.54564335713422085
0.39288017245999518
0.53557410835678476
0.43036061918118951
0.48942095998375662
0.39046228834310914
0.46968263656962916
0.61539809646403965
0.47664080704691281
0.38770088961363186
0.46335042245076441
0.57480681835466541
0.53802700016604244
0.4642127060190977
0.42187099882718487
0.53855961951088727
0.46475044704489105
0.45624035815291297
0.48230794654594583
0.52241750132600917
0.41945568060176042
0.51844589234447813
0.49733304717039301
0.46488074322652712
0.61411800639163794
0.48414703768328404
0.47100417195488731
0.49022182976645612
0.55149791991577557
0.55569721168959063
0.52581384842704404
0.52393317287318353
0.45226269999976632
0.47200727081664046
0.49610240689068869
0.52473473260908066
0.51924745132087691
0.45568592704933369
0.52655673312650308
0.48244713128167432
0.47875786998533765
0.38319645646807377
0.43201549808118783
0.57331161366735439
0.50303722167540843
0.47834548024463847
0.60875206455320319
0.43822169439579867
0.48550158185569792
0.4996546607800994
0.43657252209567432
0.46133192268615031
0.43033715659015659
0.4567246334130533
0.50617788553820409
0.56520230500492252
0.36309636651978672
0.48122063166682444
0.46458278383089296
0.45859355640038896
0.5326313738020273
0.46108081194631417
0.47663841534470142
0.45803448858495915
0.56516615836641559
0.50083301776252143
0.53798866767922282
0.55505474286362466
0.54312493173797793
0.48433851045977083
0.5017894493908166
0.49393889550378378
0.57047438669604511
0.44702628066340372
0.37164758919312757
0.56106754029934225
0.44959135130264333
0.48094624826346294
0.46964012212184053
0.48052368687436547
0.55189906143350365
0.43418565486516236
0.55829864527661865
0.42746307768810088
0.57606420741322439
0.50924672914130376
0.57156529489903651
0.50390753364401253
0.48025910050115062
0.46250139209300495
0.53947910741136962
0.51093765041635641
0.52925791924828491
0.52466477291973679
0.55841912232730573
0.45229999180130764
0.48660612335121506
0.61106613664627318
0.47996662073462504
0.53420600556154318
0.44429274540566094
0.50910040326938211
0.56483808459596885
0.54290200178323278
0.53179479331422097
0.35907630678022961
0.43007917470799206
0.47370367457411983
0.48202173804349596
0.47341504418445812
0.51658884946701611
0.55071750250518181
0.52393857279206391
0.45999802781642385
0.4880744660535114
0.46916414697699588
0.51141898226722116
0.51752353275808771
0.48231875029904248
0.45336035712407913
0.49601998192909158
0.49597145053981989
0.51502305889473787
0.5047052239969243
0.52663729482389299
0.51508575353385799
0.52514377932281819
0.592722323299957
0.4788722435452103
0.44968239254749248
0.53225896447956655
0.46257379209209942
0.60931170331437967
0.4571439183684603
0.5165571519355393
0.46543290059241299
0.44415339965454159
0.3885094580437885
0.31721179818610812
0.47108897176786085
0.47383049851340336
0.50109702903882913
0.55761811901523417
0.57713612351322596
0.59008668865197145
0.56107495659200912
0.5086639113559035
0.55359295228290128
0.52812786619888408
0.48396456119379144
0.51163674603158216
0.42974409839169825
0.52860897597993373
0.37812861680191928
0.48911177530019401
0.57503118524087427
0.528886347412588
0.50982262379743182
0.47386827483969501
0.45574746375233904
0.48410681719862914
0.42862246388374808
0.52999550943296903
0.51778298773207931
0.48833098473369274
0.57509321190156604
0.5824982390785538
0.53451272425782759
0.51054992550869593
0.36678331327611524
0.36737795939306273
0.47457923155359433
0.46870874002258928
0.48422106688118949
0.47655810990337566
0.44848061630392805
0.50675459771254272
0.45578114367349326
0.50871626103677359
0.4415425843766006
0.54639132517097966
0.50356254152044522
0.48300178802645072
0.47246070578920374
0.52465946913910111
0.43296777738820369
0.50963478592445066
0.44767203315609716
0.43794938240507891
0.49902157838153166
0.44875671145463569
0.45599367982705302
0.50657177712939605
0.50102976575519653
0.53158709086614508
0.5248703622411105
0.42047110989709136
0.53249825732291411
0.50263444966679027
0.51792867015106003
0.43769698059040202
0.33279054257909807
0.31471882903884163
0.36411574435534788
0.37435993214599422
0.46660738290773612
0.41156497458169139
0.36843622466099113
0.39431868929193359
0.41534797714001093
0.42731510767774611
0.45973995999505435
0.40374451749609314
0.36552292188668439
0.37493716564926483
0.49627848885784648
0.36114118683332946
0.3984591550449077
0.5529583210490312
0.47569265818011591
0.4516077719693638
0.42324124001900243
0.4913423940629188
0.41093517920128786
0.41767614306550893
0.34004111679804172
0.48392836074215839
0.41460121775378195
0.33573845276357178
0.48574875061253742
0.41130856637295571
0.51370837874338449
0.46806329348825965
0.34458084675836542
0.39555655649946814
0.34299074174848065
0.41640521565751187
0.36157569167754144
0.40551058924067845
0.3459691806702998
0.36574994082593154
0.4753044854135538
0.31276657425376553
0.41239163739704776
0.40770805684662753
0.33822410384345442
0.39052904229916324
0.5378598973803318
0.36450165682242736
0.35658229497756416
0.39543844657947419
0.41121173157653457
0.39669348751676797
0.4736821096293059
0.36610764196978435
0.37266784714456147
0.36611529470904158
0.36451715370699872
0.42278192729132991
0.38476985915297301
0.46577721363908958
0.41706395649640743
0.4646825555018585
0.4699187422235494
0.3428167327363616
0.32505589056760276
0.34721320634313929
0.49754543536594481
0.46975999082253828
0.49428569007373285
0.55158400690163401
0.55596747927438572
0.57722294056986168
0.53090126961422313
0.41015444398639977
0.55588229063016337
0.48100393773734135
0.52818771766614281
0.48753747620605392
0.50944418025518867
0.54856070932940215
0.47012532932161089
0.54043086291058451
0.5650217272047624
0.5107777980119923
0.49489466073148058
0.51352926696239487
0.55016981896634776
0.58575244376047642
0.41547217926566288
0.38703550832660572
0.60216743176978937
0.58394093420600768
0.6300020933652507
0.52940002347550674
0.51512700089988706
0.4398690585419382
0.47044887153568948
0.45956199744841564
0.50519062401131765
0.50239931592251741
0.43198103259941456
0.45957701127840023
0.51381424191981773
0.55069783871756395
0.49650601913400599
0.50074170885225366
0.51155760176668585
0.47376117685768621
0.48793759294201267
0.44844934499999373
0.46684118713600165
0.5580451363042026
0.55280328157064751
0.49358560074558344
0.47583516419050526
0.44475746553528189
0.48989377834135373
0.50050448034024675
0.45789047872506233
0.54229862199486389
0.38592399604388827
0.42581975784764958
0.46464908025573937
0.52930479940918373
0.51702179695300954
0.47515328648157268
0.45633004804013
0.47175787395451557
0.59049540194990646
0.44508411559509697
0.55789364553670584
0.59242815702230633
0.4374203189503259
0.455644754019912
0.58060408230263028
0.48703970919836648
0.43111547032281894
0.47735462987664012
0.57367914765779549
0.59136701589483665
0.44308925216008677
0.38179195279872136
0.58855593733378142
0.57790696420506216
0.56563837207783163
0.55074360521964727
0.48334037613387704
0.52932170272348589
0.42601425431408668
0.55779218829897947
0.49498026741532464
0.49478805613346066
0.455915649143176
0.54683540939606357
0.47704676089006381
0.514822978077352
0.44741023446737671
0.55740095241404541
0.47202577728281103
0.4236047571027664
0.44659257288160181
0.3584679718348453
0.58987346696970633
0.56955424254686515
0.48979392160779089
0.43305698531023784
0.55033090800216011
0.43662442416259561
0.39537731321323433
0.5025217732545838
0.47998577011235954
0.58482883453243117
0.53678432161460787
0.54554946117232106
0.48328494908008435
0.52848493469069002
0.51697464181658337
0.58538305235119381
0.4858149987470487
0.4345444445012398
0.44897884546050193
0.40854430445872703
0.46817037695663588
0.50251777746380466
0.53355762230170556
0.49485381266055989
0.38349611168240588
0.44051573688284068
0.47134070464334149
0.42681269425698992
0.5837471910457277
0.49118659917252977
0.44387021958268558
0.49098796853776205
0.48011917633239792
0.58629709268555519
0.54864078447398279
0.51911712936555521
0.5366780037808222
0.5468892315284386
0.5016996174426781
0.60373949728238085
0.46868065915396023
0.51170672682733631
0.50508295916725798
0.51353245843796769
0.52527210340467489
0.46754966569593215
0.53841312978099276
0.40268672432266928
0.64128990184219459
0.47462988824653751
0.40052409718816973
0.47825097531371941
0.53726216230376356
0.434048209848647
0.40624730659719666
0.53545853743139504
0.5968324014826889
0.56948260472116585
0.52954767779116829
0.47817575279024588
0.50176433569042744
0.5431538693736655
0.47132839311177754
0.37365494143645117
0.5617933009263828
0.48360094735887899
0.55101262860743316
0.46540038356632146
0.49898844111288509
0.45649572332119609
0.43887004495880622
0.55220548668519609
0.44492331132050589
0.55793521780547461
0.52147150694830613
0.50930193097215903
0.46341117401560639
0.37530058614827499
0.52851440349983603
0.53276488895968743
0.45320924400966767
0.51486157772694674
0.48107523236950811
0.55032558182963409
0.53071288718133713
0.53114845154069523
0.55223084740888528
0.50775083357801609
0.67052659927442226
0.39187756410454355
0.55620372361015713
0.54582786294411845
0.5035636101364297
0.56854655003013543
0.40162649091119296
0.47291360192029158
0.52020253598059596
0.50961031564169412
0.49415757970528151
0.45125083136313099
0.61251235114142721
0.48480376331727976
0.5644128439460242
0.6589906147842377
0.56865786254411621
0.49539604628048167
0.42417126389503612
0.49375087916597427
0.45129732400287387
0.52341957481720358
0.48726322437780056
0.56724961879494962
0.46907220624387819
0.48055161327160839
0.49163919605328132
0.50828373561529172
0.56027919624947276
0.58864915302811516
0.48763304586745626
0.45486159737326359
0.42993678368973143
0.44693983155248984
0.39940529835950223
0.51463915549786887
0.50361329854134884
0.59406812444527768
0.45661323009436861
0.38980953164810395
0.59518438219522951
0.51718826211839186
0.54699023378105549
0.5395014051865572
0.5068462329943717
0.47731673291972837
0.49972418934866619
0.52949467254535831
0.56639379538378554
0.5047489233188982
0.51042876016620753
0.51585227460611549
0.41150323217156426
0.52431444975330943
0.44886448051598704
0.45999582373105269
0.51119749024043326
0.47514413878266781
0.55486937470087083
0.48492400668143926
0.4556861819484434
0.53421792107676191
0.54759449029944696
0.51818191733353158
0.54242173192982168
0.53396830182347665
0.44196319441296877
0.52196983014147225
0.45945498390981404
0.53855818108498188
0.37881403080292375
0.45445703754053735
0.48349525061317516
0.48654066087365672
0.55104882062575167
0.55235793715940551
0.4554610057424599
0.55279733894647998
0.4989012858655123
0.60527316559585032
0.4680923942017618
0.52809890803169779
0.48682205210101309
0.48047126143250046
0.45056699037849296
0.50507769783094936
0.58862687038388195
0.47811974288987413
0.52411823507719379
0.51348714840042586
0.52264833979101954
0.47368866752125616
0.5493414511849195
0.60720467688517843
0.48291108008911648
0.50087999412384576
0.50265400555537176
0.3917800743365667
0.43674253657695167
0.54048820117841911
0.46408319409380744
0.52736550120684833
0.34602288840805612
0.39518656712474765
0.45691852837473523
0.40522638443189435
0.44407130630001951
0.42486433245304606
0.43643964550051129
0.41455580234316414
0.48838890064151647
0.4731717908181714
0.51006252688075315
0.47060232145476483
0.4194094087330964
0.47995798917856264
0.6077090956365987
0.60102028886243797
0.5006734697653018
0.54207797182858908
0.53475554583782037
0.48191653348989144
0.61239496491007461
0.39508054173143287
0.5728367140091255
0.54878181652490099
0.46916082389457148
0.51758932343978947
0.5126112091094871
0.4529950705596934
0.51610951757352985
0.50388595481437537
0.56393505070136429
0.56223524256776325
0.42890277553507644
0.35367811792808179
0.43247359840704142
0.4972731390240791
0.42779284584488747
0.52270983760351797
0.42254803075099545
0.58963705919653431
0.44514250868138755
0.4359157718300995
0.51789647009193063
0.52230019264460736
0.50964635071532882
0.542575742062537
0.45020164648517147
0.53339302474319805
0.5603168363142419
0.5173843128760981
0.56169801591416246
0.48748002226095066
0.60116119317134276
0.5534038392505346
0.48098899899346892
0.52302147607800842
0.41520159351620917
0.57562851136964788
0.4465553206766546
0.52971727122590562
0.52170431848838961
0.54349131546413088
0.54437859514045606
0.61216620185665627
0.43412001787083776
0.42069138089151792
0.57634374210921457
0.38478862130092484
0.41244012677460762
0.5382943344334844
0.52806688247938982
0.50373517342415686
0.56217019846429717
0.49183899096982603
0.49946456738376083
0.41938196853337145
0.54850370409284299
0.42179716810568246
0.51190158130152352
0.53277579738350411
0.50607590118727619
0.42458384567208646
0.49392997099052904
0.44170203978986328
0.48966502570007642
0.51214080529307104
0.54709372677976398
0.46705280056899962
0.45397429163177061
0.53575551852944259
0.50219615081849012
0.55695755523175294
0.52904929947108448
0.55064858633996538
0.55073987036190375
0.50483357783072114
0.38652094761446243
0.42742616553098051
0.50855268885733551
0.50578984798495941
0.57652877031308625
0.4744168300079637
0.45333159973280568
0.46840600147403527
0.48563121143585269
0.53185601175891739
0.48673204462134884
0.53714031965395515
0.53438183124765848
0.40546835038056589
0.55490662355459974
0.46078495698110372
0.56613174786539822
0.51177820563660936
0.54763501595076969
0.52109317085253259
0.55127591532790277
0.56838584248830493
0.45945269793804927
0.51953218252303301
0.53344550174733518
0.50923777825079719
0.44805530675542171
0.56881234103831879
0.48553417711767127
0.49038013722355916
0.4680566083337605
0.48427791317020041
0.4878136416638959
0.41801048606034857
0.53225386347905723
0.44695067373988812
0.59043021978689769
0.49640294526854623
0.51366567093942406
0.58403292547478558
0.46854543354151718
0.50004090856252947
0.49552569209647263
0.42798479647266702
0.48854197806949956
0.54820847580443577
0.61450149170052215
0.61264120995153559
0.50777082381536431
0.53407295913627684
0.53796249074948888
0.61958348811599184
0.52440143302371589
0.51836009081889989
0.56864144546063677
0.41423660669815721
0.58926330250140568
0.53561253122583952
0.43477884495603042
0.49753564552315993
0.53229407215983104
0.61822947178129051
0.44484949147413677
0.49611194046427293
0.39768954429650949
0.46057133478014289
0.57421495165644809
0.52205459563873413
0.4380376202604559
0.47513953550689741
0.56137273744340366
0.49765674789581221
0.48743377767108592
0.53682834121038836
0.54699837937589846
0.50101740575661935
0.39764774943773468
0.50834323800254677
0.47240822588252884
0.5459931574962722
0.55089176297900067
0.62231943474678131
0.59110608700998968
0.49739013086593514
0.45843745377941775
0.56505371210685551
0.62093854805806858
0.55453566497044804
0.50145579400709395
0.4783724115340941
0.52661828668781396
0.52289217388062637
0.48316003045933115
0.44218251308709605
0.50474329981228072
0.46799189198285585
0.37363572910988035
0.46004834157602281
0.49510152261507406
0.51855504009636255
0.49734453909978793
0.42999735250083343
0.60909857479141627
0.51609644020460355
0.50546840350814426
0.51447455362497918
0.49091702953653743
0.4736812969422376
0.52282743478710858
0.54611505605937505
0.57683033976948228
0.55601937601857243
0.43942249582093573
0.45329191931052498
0.39029255371413157
0.55023110060806224
0.51294725637958949
0.47753086016245622
0.55336690186333382
0.55829958445743488
0.49811400618059093
0.49039037045038303
0.47944304202909699
0.44254087265923248
0.43190549619220386
0.51625900835982652
0.46713769852272463
0.52327530772680386
0.39495632540783332
0.43950463915308347
0.4034727029248254
0.51286128798838315
0.51919027554103314
0.46406489237302684
0.38701662323914277
0.43846913366804846
0.41619495926429823
0.50446127182017386
0.66548316765216597
0.47194381509624894
0.53809241233132177
0.51908061689828622
0.4765303899784385
0.53327114162539901
0.56539149263138988
0.57483327804844431
0.47831180704000625
0.54937272982744412
0.49242834365145305
0.51408568761323459
0.49053028560123557
0.52271810894312976
0.51942244904384371
0.48511867518294727
0.54554076046815703
0.5495539795228026
0.49883867035486129
0.4533428116419656
0.48140946653599237
0.43833183873709081
0.3851806799129574
0.38056409555340975
0.44785821770316048
0.72763451466726481
0.41437797992799497
0.55337743109542981
0.54145847552224291
0.44435302210802508
0.50727032210613643
0.4972745510654431
0.51803813099655638
0.45473717348722298
0.58251135678528909
0.54336163977162877
0.4149250387257799
0.47736319732504917
0.52497091961314835
0.51162174128742854
0.48126074691590087
0.52333601945459285
0.40474419394911892
0.51233871025647237
0.54516792531963942
0.4977168595561336
0.49945577116419398
0.50185210018003568
0.41718539493492035
0.52745982977560524
0.44610623105463892
0.50437194256368423
0.49664077337283707
0.40737391495766345
0.40459573110640923
0.31579139375847676
0.57837119594765507
0.45265453706390024
0.45594444349744634
0.56159304841185109
0.52286993164221018
0.5369854890994975
0.45161117138608342
0.50345572417260642
0.50343108109571533
0.47644527266138448
0.54596558862501698
0.39278291831639561
0.56073182702058144
0.47907586752984366
0.39890874062188342
0.48249179370790668
0.53554951192386069
0.54182858516832777
0.49126861498769792
0.52909233263222555
0.49473016304333178
0.49060534163950759
0.46250494648196011
0.42188964008839464
0.51005768696438714
0.46172785786785697
0.49806565399475056
0.45446229750387368
0.52277221342534252
0.46147599119094956
0.35996440107636346
0.37230674887207366
0.56100148530478833
0.47226898518779847
0.53761403111666961
0.36566455662705044
0.4429083118049138
0.50057706840242555
0.53869974576564628
0.50378016205423726
0.44869122966853991
0.5087781629537016
0.5035539777245136
0.59407429591301875
0.56298160152848575
0.51358894717299886
0.43579092153278931
0.49300725384169236
0.47114087849674624
0.51209621449743936
0.46243491796170844
0.52050075109300264
0.55467716113452803
0.41374630227201692
0.45203761107983187
0.48488360443677192
0.5040487520417869
0.44443655638787849
0.52198100901570688
0.50406258646764646
0.522697814839999
0.49793746787460264
0.43798558097171908
0.41081954428380435
0.51830579950844358
0.56115884633996127
0.44548859799275414
0.40781270659469548
0.5192286691967497
0.56800883273177738
0.50120458848904792
0.54422680585607353
0.54393263933558877
0.5874474545068491
0.50329431825791582
0.51958260549153079
0.4484502789586241
0.5448430925645823
0.42628150417991878
0.53302925586789307
0.44547628596702404
0.55120435522085853
0.55369760085934905
0.53737673056877833
0.5198243680964979
0.53892432251021516
0.44171525141710599
0.45479867686889608
0.46198372103054203
0.50919884008079652
0.47629080854246875
0.62226649556928548
0.54909966590775516
0.53069104452205351
0.39795942791051114
0.38699647793647546
0.59617287493297155
0.47556552474651104
0.5053814104084241
0.51766900805188465
0.45481380822965728
0.49698844219180965
0.40041532082767062
0.44075829217685658
0.48540000662541077
0.44096172348209611
0.44893540321591313
0.50866550185904336
0.46475347576185266
0.48539337116080594
0.47753251377777267
0.45828880852350917
0.43591007045514873
0.50231717121719055
0.42617108110545726
0.38828553815458805
0.41412874284371848
0.48576252745822485
0.46229252859192999
0.49405245565475042
0.54737392645477434
0.53000768761991779
0.48625214387371396
0.47215179960488307
0.44807013320833522
0.51628972149997698
0.42870681476666134
0.45590576940250666
0.56928821544275732
0.57268242626644295
0.48717574427183885
0.50780414640604643
0.46719354434303451
0.50444860811882697
0.56834754471171756
0.44350724619341025
0.55022891815561736
0.50060371305270412
0.59051266553661053
0.54211829330774408
0.49553089442236425
0.47408806190875769
0.49139535494143688
0.47575092769927863
0.40248061552123859
0.5571884825842347
0.46879405452857714
0.52436201500461155
0.50868404038082538
0.49823640278287273
0.51493708744552114
0.56195152726837694
0.51259446053822877
0.48408901258695264
0.51321980997744421
0.50489875964405384
0.47858904928347668
0.54172092601204258
0.41519335563137816
0.43951401972706472
0.53008358434795644
0.4490400166124236
0.47465632211264458
0.39243267154681527
0.5599093479831535
0.60864511526097709
0.50260789771790337
0.471049714519787
0.48521792895954269
0.50061872064902202
0.5181635649425943
0.48016926699025597
0.49312456407357169
0.5192502143985408
0.42090626605240239
0.58781212185651244
0.43430697667118578
0.48943195502034459
0.41348438641322161
0.44841399878135674
0.49201457470374493
0.53604058621291495
0.59976962222333041
0.55964011275209724
0.51992478436431078
0.555453273055175
0.63153595605479773
0.47747419265302149
0.49833481589557244
0.51160876808938083
0.42023152715869627
0.44655468545192739
0.51566121149438471
0.44550284456838785
0.57856760141856312
0.42134938013669981
0.47046468690677529
0.51314160148539956
0.48951253185601529
0.41664357219346482
0.55529597885043069
0.47758161492652051
0.51403425189089968
0.54190390824171508
0.49605369410383066
0.51215123629725834
0.55878044177420916
0.44510500334647002
0.46319086091177042
0.53930041834538756
0.54773352424949473
0.47268609359020586
0.54986954883903116
0.37593795445735412
0.42545875343370015
0.46492549363530189
0.4958063184244822
0.54662318451606096
0.61372089488765025
0.47632232651942891
0.59377590994120255
0.45450932404992911
0.49996153553615352
0.48917331348768872
0.54325326231619431
0.42369057982304376
0.51783937724446061
0.44967462217721094
0.48412603333786075
0.49834674099389709
0.58378976977552499
0.5570349800390082
0.45122866963017871
0.50253333303903402
0.38460262481549112
0.4714490501841635
0.50384246689485757
0.49248854704579537
0.45667274053671081
0.42356902889162729
0.45367387276098198
0.56469466670257684
0.43628919983087233
0.48646881730432667
0.56688307496914248
0.53231293725942341
0.55264617165724883
0.52916340509682624
0.4576035114002634
0.57939368438491279
0.51546608821345474
0.54045208466604644
0.47583147946461885
0.60888830128774851
0.36619201144931746
0.47258747543417323
0.48473022798292981
0.41092850762405042
0.53361001859932622
0.55436770966538551
0.53568874479863615
0.43479624258462196
0.42592491465920651
0.5097459349466591
0.50682286583743941
0.5618302886714478
0.4858577468573152
0.52365110010069393
0.44930662388688281
0.49844800362289909
0.46929105617829364
0.53847964408859872
0.4442848830954787
0.43340773680242489
0.36325284947261138
0.37347381002151814
0.5520237424979404
0.48606341991462076
0.50348513126189887
0.53753367651351291
0.51666454940282758
0.45693753551455052
0.50720197119307697
0.43199916498496599
0.42978213755517625
0.54156873156879859
0.36297824016821484
0.3705704007906872
0.52394190375961192
0.58148628750299769
0.54191863183326638
0.45168874397670911
0.50333865243850928
0.483956223681547
0.43837609182342308
0.564345062838712
0.43429785144941213
0.48687953337461298
0.44181368061201443
0.54867153401784063
0.5726397952684813
0.46727813743790719
0.57108300017733948
0.58159185060661545
0.54469851571527717
0.55462871903687083
0.53173391598624287
0.48602797006575932
0.45501720965948866
0.48782330315931105
0.45465218643053928
0.50077488341379361
0.53637326334565727
0.43152344751412858
0.44787558706431557
0.46899440152387295
0.30244119150963017
0.43212999197326846
0.42475080431263407
0.40665362410312755
0.50674026406107719
0.45752146737118504
0.5480809765082495
0.36068645393924786
0.48531115628380661
0.48156426712726863
0.49911376504577076
0.57702477600733526
0.57232624012316435
0.39515116978012632
0.48527030658770232
0.42153734738814796
0.52456222497165395
0.5154284881994371
0.51396599571894819
0.5058625567216164
0.50853664804934362
0.54970311693819862
0.48874825306586056
0.69304921290759336
0.46710668276951828
0.60065431385194623
0.44159420145062855
0.50577132430019534
0.35830507678280332
0.67952347187749829
0.46313709175662965
0.45502106368364409
0.47057478864372626
0.46655440669888237
0.37150053971014357
0.45548037011328152
0.55985767205863313
0.50059651562500207
0.50889992029929298
0.55249104031512097
0.44279653854614037
0.54082179672975439
0.47124826972755413
0.44122448086409682
0.50627140510309143
0.56977932704150269
0.49126271981534086
0.4756714751995812
0.55253229246168056
0.58925750744900118
0.536916358745403
0.40558820348712371
0.53853332324562098
0.42337564671467282
0.50067724848576478
0.54216036251631283
0.54287428249857439
0.55471092847037429
0.52199927462411855
0.48242503761510663
0.39107609481684902
0.44315023147492638
0.59525468922637703
0.45599928569015008
0.62290934411070942
0.52039671271427068
0.42726971534457708
0.37034406380947449
0.38629308934756351
0.31735967094749545
0.36657318177761566
0.38300225907457314
0.44743189463982491
0.43081843546012
0.39387292763456666
0.36797736481157017
0.3389627343394192
0.41698063877354652
0.42831359090109022
0.40967426800705697
0.39936951227593198
0.3355795437191007
0.5114310696171056
0.36779832907012089
0.47065859607493737
0.54196454603298361
0.3969926051913375
0.3891037289301158
0.36667478675146503
0.34744640767330737
0.36105989365804819
0.46393126336936918
0.41690242227699992
0.39343597555412368
0.34139861710972308
0.41048948621489822
0.42287770624477017
0.44037133450815896
0.34431727068184226
0.38739325443223244
0.40973171848284168
0.40349059620629257
0.30819170871740642
0.36630301452018821
0.29096433771455371
0.44271911042636697
0.45243717685395957
0.68061768719442239
0.47371495944345759
0.46350183854663413
0.51046710645071658
0.43267848309092594
0.4358532101895895
0.45339063544566688
0.51220941234944306
0.39450257497610824
0.42453233374807386
0.4437420925091099
0.3777186571740056
0.38288079993064988
0.50629815984634408
0.39070167429900166
0.41038724119815817
0.37011020629010205
0.28880976886556459
0.41402704292338699
0.28163592232665846
0.37219617128040361
0.48993844937147685
0.37508689056622752
0.26868964119345207
0.38497730971684552
0.54766709133931979
0.50110243277429833
0.45525337033695157
0.49821256685831422
0.4369337155095443
0.48561872032606185
0.48080539881038237
0.56565360442393631
0.55001047637031986
0.52110786863804226
0.51317994890801011
0.51228171967616387
0.54650757684904683
0.52971260813318843
0.53923762082882809
0.46197597553969538
0.44549534085179016
0.53052067755171184
0.52239442437192996
0.47918875388799376
0.53921309512749638
0.47451423058549302
0.43756611284831337
0.55863200311243066
0.48592642055070695
0.50451401756953573
0.54991757654721429
0.56666113932393369
0.46790378088600243
0.55596740278642964
0.399026369161677
0.38618817388820614
0.44622950938566297
0.48455034201039532
0.55009977885262418
0.48016574482976093
0.47615572479576679
0.5446908329425757
0.4789900369612321
0.52471175427857664
0.54088511678459783
0.45593848566754769
0.4717575415912153
0.54292226502886543
0.47206034037053712
0.43818602722605304
0.50514707189232444
0.51552044535901487
0.56198943613575192
0.54054957531772385
0.53745344552507646
0.52860114759954779
0.43397781210388586
0.44697757227670243
0.55642364901998964
0.44994498684498779
0.43883077293701123
0.55169919598598138
0.5060437193759324
0.51528660363302659
0.50999560073296168
0.44380904360970003
0.42175711429826557
0.5533556232883986
0.51519328314470625
0.49232106826047206
0.44790569429279325
0.4382262289375729
0.44891756544202022
0.4737108640007921
0.57084200325055523
0.53328638094581582
0.34893770556308928
0.45128630084450982
0.63290650259840375
0.50361485517155669
0.47249804506312015
0.48636047815714695
0.47017910456446016
0.49788378802782829
0.52161884141926318
0.46727284143866921
0.53972471035417913
0.5428429910856839
0.49861542475304355
0.53375107228358276
0.54801041761780878
0.46570763895318157
0.478493903891544
0.48676299411453056
0.50206213749445605
0.45253905095557695
0.47969990992079065
0.52638217056049619
0.38644743232677392
0.42177633294266903
0.48664294871673747
0.53242022786379284
0.46358792883337657
0.45783985811372291
0.55964853162235717
0.49255983499705469
0.4340968141346237
0.56970134173597975
0.51012120525129501
0.55616792827562156
0.45870088997411151
0.51710999835058025
0.45476805476771232
0.42579867602368016
0.52443177004105768
0.51112995201329336
0.41599752483428343
0.56780244242415778
0.44794964071531074
0.49345621318725646
0.37533536062118567
0.44026905609570582
0.47284539329080133
0.56788909293019207
0.49665463683220867
0.43857511426415291
0.4824001276846881
0.59598966547382948
0.50463262522865282
0.49426809066298855
0.43826208003129452
0.4820165874202117
0.48074748505938353
0.47568590083847306
0.49673393017759077
0.50280171018103548
0.50356471088923627
0.59746291283520014
0.43840005231978196
0.4532612866687481
0.51492918712918023
0.51557519632861037
0.45890732277309104
0.51364751513764217
0.51540585423372598
0.47570362070524552
0.51134188594321872
0.50526876210415184
0.4838626170502271
0.46404290427626427
0.5452236474338259
0.57793529404782951
0.51816031193739043
0.45563910418296594
0.46703838499974271
0.48409924601603482
0.48435909305901581
0.54991150264569777
0.5270943372212632
0.61956982608369393
0.4995280708725085
0.50468180257644102
0.37177022686105426
0.34296003596357211
0.44136894553251782
0.43885054672480645
0.5284828635460711
0.65550010804240422
0.52734139524604429
0.52303824299275814
0.48842465022456533
0.58500607613501054
0.476715698746495
0.41251142741768848
0.45949076980204895
0.47463368683835422
0.43821507501481016
0.54066926018747219
0.4843185897191119
0.46220872780527728
0.5050668295704045
0.4322963912819987
0.53273648842774113
0.45430347308207031
0.46150892742929567
0.47371307637774956
0.61632207031216957
0.51536211929008657
0.50330256861445288
0.43590713628618266
0.44314748468891862
0.48600830010450929
0.5063778028356285
0.54467411239490238
0.34631147820105551
0.46016184596448773
0.50712218538949272
0.42967234196885018
0.45694363690132828
0.40692559549548296
0.52868027864824629
0.53512234456404273
0.44497801014444077
0.41181314197899077
0.52221729992954213
0.46770323398126512
0.45498370010003564
0.48212527507580266
0.54133987877445011
0.45919493933508371
0.54953102750345784
0.51592904577014298
0.46430668762411331
0.36831872034345936
0.43184228734522595
0.50691252455426861
0.529880971472804
0.45114736036519815
0.51438029188495404
0.49352085585035377
0.46758467217979444
0.55564962844399812
0.5102337881087925
0.45901582165540195
0.57814980167349128
0.53802443829540614
0.43724701557275675
0.44261374571735612
0.5371642705310572
0.47208657255957509
0.53622127309148326
0.45437521779218587
0.47262739765856993
0.46009257979068408
0.4191428065486299
0.45179530892177017
0.47162874774265345
0.47971076089936154
0.42930074747571967
0.50038891417801945
0.51406670018213751
0.45971680714385954
0.52699090792367465
0.56039302540653846
0.46704290587801828
0.57870479801343522
0.4617892452138167
0.52060434681611167
0.52952822883249362
0.42693780361957889
0.53754395360376073
0.54836181108547255
0.49179649814559112
0.49003822894533727
0.45298872555874276
0.51561592605147477
0.49697377791456204
0.54963467403176525
0.43791283618220506
0.3032377438949283
0.53295836899469617
0.48357118852459063
0.44522875964383518
0.42340442131739348
0.4984719556816728
0.49364256171571208
0.53381605331685722
0.57253593246044732
0.49434475991638516
0.48699034625441584
0.43494838240141259
0.50331441526688847
0.3241852064333956
0.40757619611919743
0.43962201248892929
0.5896414279444101
0.44405502615190157
0.48088463726692438
0.4666562194942328
0.52663536485731888
0.48920015007211348
0.45780060102997244
0.52001742446416399
0.47279480936582546
0.42626246487292202
0.53738463705047235
0.44018206017766381
0.55358853867190616
0.48198706189648488
0.54669892224982297
0.38993484166879311
0.37771604601604503
0.53446621974317421
0.50113786893372669
0.50094679433545375
0.51513204714111083
0.51565457574802642
0.52172884495132232
0.45894767825499599
0.47378403989561857
0.51863449824542718
2.6031780501458601e-05
2.361713492100214e-05
2.4628844277910359e-05
0.51709341033061151
0.5797396779269568
0.49982762385354984
0.48742925895151951
0.39399606624825684
0.40547427897276211
0.45499540971836461
0.51148700485161347
0.44841505592825143
0.52112100631088609
0.49503847267876211
0.53001567948762629
0.52319833680149963
0.48635387768087485
0.54601649983609357
0.43128544801060326
0.49882869731324475
0.49690092638143479
0.67486068801600274
0.3720712853700659
0.47475471450265611
0.37291656219254699
0.47102418069125696
0.55041660933336456
0.44052261528101544
0.47793355693121581
0.5552576107247631
0.55893774911443839
0.31980520334354279
2.7155939900092069e-05
2.671511179754867e-05
2.2901449700087206e-05
0.32576701603716968
0.54636538720327743
0.46357845243318468
0.4014768588130086
0.52884019101335544
0.47713822279344187
0.48960832164438312
0.53649524048091568
0.47359122054656344
0.59318627009258229
0.49916705546823992
0.53317485612623483
0.58091525899598873
0.5096904899904463
0.49968639384145058
0.53770250267596598
0.50432251034147713
0.48123819759080877
0.36376935260900317
0.52759315172951593
0.54808880157811946
0.51634350450184452
0.50376824937179299
0.45678252286380783
0.51818028140551708
0.50835215815971824
0.48885718761651198
0.50502303117659109
0.50129169725178579
2.7582531830427056e-05
2.7167988206691847e-05
2.3523458884227802e-05
0.48810717721813135
0.53398625492920715
0.50900986898989409
0.48563356730697455
0.59832560698836879
0.45716759258268203
0.39712364296378816
0.48424385235618461
0.51167882944075227
0.49107223761852437
0.51863711764410614
0.55663920551700774
0.50448713648904764
0.5894164456513703
0.44916044485894951
0.39682321337170301
0.51521298334989185
0.51153214436923
0.37363564717685632
0.38006860243552482
0.5816250617965173
0.50183271587007017
0.52875299799547171
0.48935740804130212
0.48791224935381378
0.50632118544017568
0.49983778858020084
0.50838769833823139
0.47947295601409495
0.33374886996412517
0.00028081098375518998
0.53193721050089582
0.52910364489199879
0.50386514054585452
0.5793737969461108
0.43479106110465765
0.51520091596453854
0.538735671846022
0.46447948458315763
0.5180251586096698
0.48921237233372467
0.44229285568596949
0.43669025165805814
0.50325060703493429
0.3988447805849667
0.49547685877701275
0.49453665681889741
0.49006654952665879
0.48757055823926598
0.50472338955665608
0.35238446794770478
0.4188823859922548
0.41856752003069919
0.51809848555511495
0.47661207085169532
0.61838084251342951
0.53142773954472078
0.57083928167881526
0.49115138013754223
0.42081141179235598
0.56872486387924592
9.9852071074651825e-05
2.4236918780400414e-05
2.8756863554943967e-05
0.59402937701789815
0.48627266836126437
0.45850935466171305
0.54295530859478103
0.45949148156997854
0.54909771642171534
0.50075321779575388
0.50177803763898332
0.51150994825329787
0.48889460345888303
0.42769965607155225
0.54635819029484167
0.40835248521669154
0.50705765421585092
0.5148527198293551
0.49899909836760603
0.47805368258695075
0.48258721848622443
0.43237392366308836
0.39336902926009115
0.64069880081350972
0.54597824869789036
0.48540012357131496
0.63393678474782134
0.5250702246753044
0.50276627094118176
0.49028785464212538
0.53032727982395778
0.32784118247070193
2.7672813273297287e-05
2.8029078356528496e-05
2.4765915218916235e-05
0.0069039155393186957
0.51120118437228002
0.53621891351949236
0.45710238245206014
0.58965830527567442
0.53045156079839617
0.53545188909328623
0.49282361443589112
0.53705898517054285
0.51965877897590962
0.42794443255372999
0.47002017599551754
0.53420484480148001
0.43189723684853437
0.43854334194016731
0.51244102892893706
0.46056979264148989
0.44241664570803385
0.33528994599051093
0.35645067500784655
0.53464684884058888
0.53253508325023358
0.52781147287828567
0.45646084431034395
0.50564736979850422
0.54311179866985448
0.50207800960228488
0.55925418290615236
0.38642137678471417
2.5175830173068559e-05
2.3257281591835432e-05
2.5376239596816497e-05
0.01159496762104025
0.56489901901052542
0.5735140625650359
0.41195871903576731
0.54380634714093457
0.47612319625029642
0.46265296240252385
0.46602518084391642
0.48087999015384997
0.50070510781716981
0.43573306541917933
0.5018102159430442
0.52713396059303785
0.51118012199903429
0.46451643955571664
0.53968526805523465
0.53049100741313771
0.40384877317702306
0.39860824653497978
0.34829689861500074
0.52325386008123032
0.51350070277232795
0.48589596974098154
0.46068851992144855
0.58103158818010547
0.45283929543373647
0.53551659552928732
0.52956611359882766
0.44797991673580256
7.7378929743536707e-05
2.3688253877425434e-05
0.00012414163610207488
0.43227927233059366
0.58183361004293743
0.40711867200269919
0.45634837688525143
0.48223839992783263
0.46395715423284239
0.51104817010754411
0.49990603030680075
0.54157919847021174
0.44432440057668082
0.49744897778821601
0.55217945834177751
0.55813837511945685
0.50635637793824684
0.49996510149310958
0.55238850813242035
0.57582222434216834
0.54989875214579886
0.45848019482015173
0.40136088612404675
0.49418945195750186
0.54952420031315941
0.49683029704101084
0.46866278338394535
0.48395303054023764
0.51363345204684241
0.42955052821813927
0.51734385351936263
0.45768513854297932
0.41809566232261974
0.57609746569850551
0.48748571842986632
0.52783701514581316
0.55644196485046649
0.50112461255341345
0.49275537423154375
0.40220872159745547
0.55781811212996846
0.49230409100054245
0.42285816466397252
0.54522961696168915
0.51890670399978867
0.46594812858773815
0.50238616967483685
0.51238418566891519
0.42396404394105358
0.5270189501171183
0.4773214593904499
0.51988846366309016
0.56611685621035635
0.42665467714133681
0.27598171854271736
0.49701743969390383
0.46818399684543149
0.58604907453086952
0.4455600135289764
0.48968941671182892
0.46343876550362889
0.5637314717281483
0.52625194580823909
0.50055481086956155
0.43635614829280428
0.55128180966230034
0.46149052890154596
0.47323267296542398
0.45273324987723257
0.4940030109191248
0.41711273345144906
0.51816670005435905
0.51503843180485243
0.48567722457342949
0.51767360021293918
0.48004752537532036
0.51860785885574934
0.40078393955239089
0.45637738999029448
0.41438330192776346
0.47850483980808362
0.52250885502757227
0.52258872294543435
0.5527942262465475
0.52319200309101821
0.51512988896923839
0.47796347374830878
0.48351031848777004
0.6024547075366351
0.5152877210964848
0.41824153851135959
0.51388905886873038
0.60462324319215721
0.49375580421877419
0.44811967843471107
0.44800718149964963
0.43656085763723174
0.48748096902886662
0.4480445605492045
0.59854458585498393
0.45677760604531931
0.46807228057000583
0.46734599376670527
0.53094459230740898
0.48808727983065547
0.53135718357484862
0.50134031700269355
0.55540387385492029
0.42708351013533202
0.48699935948194267
0.49666499075866583
0.50351985957073608
0.45997906819078177
0.55843578686875739
0.47317097666033092
0.37301388204987851
0.61447650721267866
0.37929229498309036
0.3682800220818882
0.47832724829246881
0.47974267773898949
0.41940362724558633
0.5985809100881393
0.40575143187949186
0.45942697457645865
0.44471536073486839
0.54803033598724193
0.57551096696398263
0.48954687208585457
0.54504544840386604
0.49569227279080008
0.4502877849984282
0.51729317045331646
0.52931147469759432
0.50030917323735002
0.48443896014384658
0.54170344690677985
0.58107566663345989
0.48547307258744349
0.50057198396669023
0.4795984603785714
0.52115371015855882
0.64901371767594485
0.46468109161644827
0.4746802929956459
0.55544311227945542
0.45410584554930283
0.4738620885398358
0.47097279072470516
0.4011532217075503
0.38966245950831785
0.4901936274388311
0.45358769266069232
0.46112121088652203
0.43434099999657361
0.48359618858249837
0.54915339667524132
0.50525729899274641
0.48239156070903916
0.41234043002620524
0.52400843731347946
0.44217719934430116
0.46879234687409277
0.39610578520700768
0.54722080146043039
0.48210550212813519
0.47762664885034312
0.52928397265011651
0.50625557211062666
0.47279745686997421
0.51718475004168296
0.52356938894491833
0.38543188657846045
0.51410618212592751
0.46826823452344513
0.50109182985870604
0.53842055268836264
0.47437877690393287
0.42065577384263625
0.51438764381391211
0.4861920293722361
0.32443391567151769
0.38410212862537313
0.47069160560829493
0.52865522789210029
0.47092215041756313
0.4826086609728566
0.51277425569481339
0.42293285979069722
0.42729223006804429
0.53948811114130335
0.4439169361379755
0.49829657044211295
0.56615020001693006
0.46669499247484209
0.45445179067852404
0.56961589925718714
0.45427730925825738
0.52020376060408124
0.43566107544179494
0.47965538941594676
0.5397691316234744
0.43390725086361437
0.45242611031021951
0.57017168786609962
0.49339038306049043
0.64131072671379852
0.41628952043052808
0.49251267436726975
0.45423004353721702
0.48602953544044963
0.48563461631183458
0.55275141948535844
0.38434826541374012
0.38719187096168861
0.57810568052701095
0.47304316912300176
0.50162755342739673
0.47060674702725558
0.46733137521806428
0.41095804443755929
0.54693967914346009
0.57661466153623897
0.42674314701016969
0.47898065203137918
0.56530920524209738
0.50792552340994379
0.44757590483060722
0.49772570488592199
0.48065063719310808
0.51752457513249694
0.50350268930770181
0.49136886489864717
0.49742434196084573
0.48959494400537984
0.52224657838612776
0.43613114683145965
0.51642768902938108
0.53843635402725354
0.51514322174034655
0.48591860782212465
0.5500302618799443
0.44915878824046396
0.43115956243355197
0.44269571210548098
0.34449180638132804
0.38418723305530755
0.56749687368249735
0.42654638548716484
0.42053879818558731
0.50135257092603525
0.52489247737890188
0.49995555430722516
0.51053715735987892
0.58890101850594789
0.45228636731311245
0.4433358640422288
0.60081962236734887
0.52294785550860201
0.55276078317130362
0.40609840702148536
0.52402636707580796
0.54685803786391407
0.49001033074003109
0.51336879534957591
0.56368500674983957
0.54505701396617012
0.48884221769464431
0.58442677193835069
0.46555854187115864
0.50341205707110215
0.55935421167868582
0.50467268864353521
0.43817476910693015
0.55507223854662746
0.51447087467950225
0.50499970608867606
0.41808200826442987
0.4057643184460405
0.61165455321249484
0.62986524589550885
0.47784253489348577
0.56351783329024385
0.50000763632907652
0.47676990135811825
0.54717196660472556
0.52960813222813163
0.54569673742052627
0.46813684209170547
0.52722988533233139
0.47689180911652029
0.46277987218091249
0.50533181919270942
0.57128839943249088
0.43449909554635807
0.51141694571783136
0.50620366860064125
0.36335437314055818
0.60080522752301191
0.45342173984747614
0.55092671441425556
0.47814465267483225
0.51646898925221396
0.5749811434840324
0.42762184139122444
0.47355272215749755
0.47523503050978888
0.53260141141176154
0.4263938669745268
0.3863368998721729
0.46677237056626208
0.4551023992470134
0.55141378431400356
0.47103224926115655
0.55890802375833737
0.53125628483254195
0.47828279362395493
0.51370373525406987
0.53117746375092167
0.53763971252718434
0.49943051704251451
0.39359965844887207
0.43642411709265883
0.37894149492186335
0.54289691838739584
0.54207422274692585
0.46069351052977464
0.53566446491738695
0.49144133301718701
0.4235250913189646
0.47377594454373301
0.37930063496257332
0.45385044598642205
0.54657160799908688
0.50322730814964101
0.48119762463096005
0.50474726013133631
0.54528277149086546
0.48196014898181
0.48980394449428183
0.56096898036753129
0.52759581299969649
0.42549706672376358
0.52306770626636223
0.56339283603728618
0.45514619411375334
0.55255002979282097
0.50351025236908498
0.48732916177130836
0.54783454267769027
0.55126448318540278
0.50109883196186777
0.49215349664433078
0.54464813841316972
0.49645654990918331
0.42867283871094064
0.46014402400179799
0.48694808931655581
0.44918913463359395
0.48854930859212209
0.48728004049565332
0.5653479937909025
0.46442077736047072
0.48688306084966293
0.48668978588305806
0.48224719993854182
0.43762202598416861
0.40961293935972864
0.3941928706383625
0.52997503608822438
0.46238331802930155
0.48213480463620145
0.58126296936018207
0.40406308689984344
0.44077582196390569
0.52960410479178932
0.55629267233787583
0.50588962427838802
0.56811813207378681
0.45973111976166703
0.42031038589572284
0.52104171151473433
0.49063669520838443
0.51101706546305969
0.55136560204776874
0.47454783527062694
0.43664173835336151
0.51992562560047562
0.53852365739404418
0.50948333592961415
0.4891410859569848
0.51707771741375241
0.4678961499266176
0.48476149758332004
0.49462153426288635
0.43038587264873873
0.51263222504839356
0.47805514954769646
0.49962380395634537
0.42577071245916726
0.52385600008731514
0.54519601302133058
0.40374855289506839
0.65528081162364071
0.49518291915366597
0.3847051173049057
0.44003702798213334
0.41592390680125207
0.56235638099591967
0.51772756241458151
0.52477891740008409
0.43248521994874928
0.51880935318468935
0.48861786305323307
0.47902612735560191
0.46343049711415518
0.53651221915459391
0.50249393562072919
0.6134748056940702
0.56628984462813026
0.45508687842957107
0.40760436201291633
0.48879071453037093
0.47876844405988828
0.46552036666765162
0.48738918500508005
0.5455182652398356
0.508943086270221
0.45464661852802163
0.46256865214697551
0.47111271667714455
0.40308823803639776
0.43630242049641238
0.4535297276557701
0.53710111937047667
0.57484077096608499
0.49294859956081355
0.43465111626569225
0.27065318012887285
0.45391558272307864
0.40116048799641602
0.36560490613170027
0.48778231488265739
0.44084529614347612
0.34449476482729197
0.42118956901115612
0.36646846331314276
0.30482411460484504
0.4860989929240197
0.31708680229898206
0.37220190445007628
0.46902916259982824
0.55029209842194815
0.47786750621343715
0.37607925614663446
0.41329651900830544
0.34116896952151776
0.379771247250415
0.49112363861599884
0.41752599298833448
0.47630936989043116
0.44194007830080323
0.43186247870259759
0.35579710784679675
0.48898237450878751
0.38241418507285818
0.43393711355370634
0.40431287729413018
0.30101596082092508
0.27599678371760122
0.51109136915169173
0.42197623818056623
0.4013112415729711
0.36123441740155737
0.40891251358949343
0.55958943794524285
0.35935976380742896
0.44559664660558884
0.35025156714562788
0.41736336921635642
0.44282608284471631
0.40907581027016932
0.59267977676705397
0.40049433849344968
0.39505432940765678
0.42763792999852412
0.43917256471267208
0.42233881826448544
0.4180828448411929
0.39092968622555069
0.31884481764991113
0.39757899301737237
0.41771409624223743
0.43025316111531348
0.34842058892085548
0.38644972791669913
0.40338520175122111
0.39545860329214405
0.30405107403824366
0.38944956719594997
0.402541195474928
0.43101196065174913
0.41315756582973312
0.5843400603973965
0.51842741975391582
0.44067288719865799
0.51634989805074172
0.53030155729096573
0.49609337728088465
0.42936374524659204
0.50694127145295964
0.49754157289616757
0.5065882407878638
0.43789361852342534
0.48027968939598981
0.57402269953315488
0.56347473622750888
0.47453246843696284
0.41496803850382025
0.5235274692689833
0.52391305738441518
0.49964417590774063
0.46406945903023711
0.49392516221622512
0.5238983030577814
0.46555585938344263
0.52637634330332084
0.44380456888570463
0.6153296323416011
0.43523690117973346
0.41111989768366158
0.49954947328826571
0.55833691110116224
0.39841262350329359
0.41046260894014752
0.5505420369108206
0.49476776067140027
0.42282790223505268
0.43435459279581257
0.40561068029512581
0.46760328461662004
0.45719228912534571
0.54836187199438091
0.42925955533646487
0.4756052061491447
0.4002208152070324
0.52827358239290922
0.48053777382172669
0.53840434735353704
0.49714852135175602
0.46935779903782271
0.46268711875101776
0.46190029755288847
0.49945698386229193
0.5031074686368926
0.52165355551366188
0.47983554827704533
0.50138259339848656
0.50563272996519892
0.59039498745532915
0.49171704018989743
0.54840520828062089
0.50021003405672348
0.56279627158980916
0.42122686885722194
0.42406940824272399
0.37402395402096666
0.5348105768659519
0.59529732535462787
0.48174030431724102
0.45176762160094136
0.48424065803956967
0.52640596346390356
0.44360862817786334
0.52076327577092318
0.55897938666016045
0.5362816102533523
0.46591550067574278
0.40596313619326585
0.49747678121184047
0.56261315241795562
0.52327983121279609
0.59432651071190346
0.50976032562108831
0.45245893513220503
0.51280258684065461
0.45831284847753867
0.43487535742422895
0.48619680905735135
0.45950711511484349
0.63215151098046674
0.41528212937588121
0.52893835689807667
0.55231258196939481
0.5093241875560427
0.49915733785214228
0.57749174130275494
0.39480979340927541
0.36179494428829445
0.56199963717922508
0.44039539051449245
0.46742163586075725
0.51793079123374663
0.43880995134298123
0.41002106321830895
0.49548228820388179
0.47196086981379015
0.48298644589342216
0.46989266139533137
0.51857563640414128
0.48914716511610346
0.50903217908118337
0.49599600133245725
0.42355000665828096
0.51383932709068891
0.43346353116062913
0.55983963643071943
0.48313707113864224
0.56189299556176076
0.41510164354820178
0.55047011487846165
0.59554719973062464
0.48883300824576081
0.43191983300458614
0.57783551553166057
0.48794186965183489
0.47917821277960665
0.49077015743650865
0.51699925612859532
0.47805707725860591
0.35564186913853563
0.54302917025915876
0.40019114607085615
0.49935382558353264
0.53032221803910884
0.46302776726528005
0.50632422569982227
0.49349573394807034
0.55828622747658796
0.59252471870802137
0.54131242964342763
0.59620581459706046
0.50871420151178537
0.51296464624176363
0.58239295474689712
0.41718321062893404
0.53868292573969745
0.59748398784527834
0.54386310739217658
0.52930164583347916
0.50044006954105946
0.49550382720551289
0.50734711548742273
0.47216606757594043
0.6075316655310472
0.39991553616019215
0.50920668618874521
0.45961942559969554
0.5310870334349882
0.49618133213142057
0.36202169459893296
0.36965235223052312
0.41335376120396267
0.529447214606658
0.48171556455354242
0.44302158630941124
0.43895312190721403
0.4689307722193794
0.49320772999788504
0.48744127711092505
0.49523334357641469
0.58209681465724461
0.45908333251461575
0.47500906135960169
0.52026502180427325
0.57197287932214336
0.50209769097046231
0.48574328390265264
0.50937989437317333
0.48885387129715085
0.53268832323144111
0.48481550709427446
0.43490894836805749
0.42093831821203925
0.52412960240535778
0.45079955364517366
0.66077130506134496
0.46027662902199995
0.38236857769292631
0.49047870395858062
0.49152692880480936
0.47085800257844213
0.55328603311795566
0.44021585526270912
0.39806469355151064
0.443758233073968
0.46427213363883629
0.60223212427200534
0.5412652679424258
0.4868765839681109
0.50583424430565227
0.64564511373773559
0.46209995096690498
0.46767735847513586
0.58450020690544491
0.45832815252773945
0.45320324722775152
0.50734363296398555
0.50926066608649279
0.57521050457990408
0.53240682884092982
0.43234143311112311
0.54870103139468995
0.56900363966257361
0.53826130686669593
0.54659948774779299
0.53758735777001176
0.48305112926095756
0.4246547908091618
0.5822094010306772
0.43005240922617566
0.51378070604496873
0.48504158998595476
0.43632169215669564
0.54771285602790343
0.33579857525506618
0.41126599975363992
0.56887315483158118
0.53022432121097618
0.50440217097636419
0.43139975611463133
0.51336131826500209
0.47529258074371661
0.50552525522339398
0.43219434157483505
0.51094980319664296
0.38779870542016215
0.00076140604311792336
0.55392553124122668
0.61788447624289489
0.42367283690657886
0.49526029130626376
0.47069327160499053
0.52677697020271574
0.56340225906718677
0.4904187372297989
0.49402468415789125
0.5474481371976887
0.5512004601920667
0.47221805824217328
0.55554881136747747
0.40867491846866516
0.46616941457412647
0.51698315033149878
0.42006656400173514
0.47502208880956881
0.51042291283588681
0.41003860739372811
0.33502791636809082
0.51191517088529148
0.51569170304331557
0.5342102431242034
0.4682381787700331
0.4269620111446833
0.56242276426838322
0.53529467835082123
0.53948354405270416
2.4076601828623593e-05
2.6866806559040019e-05
2.454831094197556e-05
2.2276506191371044e-05
2.6229502722892241e-05
0.53716353570011188
0.58002717612548604
0.45384778890686478
0.52374797191612421
0.45546682216536544
0.55714405310046511
0.46036140660893915
0.48857536061087903
0.54338419710724384
0.64365539890876367
0.51083821856411893
0.50350061792273615
0.55415753286305081
0.53971469145071482
0.54165296693030696
0.52683906937262459
0.52588093995046026
0.47540446532480091
0.42291085927289068
0.46215674809427082
0.51092715979508252
0.41594576019700596
0.46095539530257384
0.5280380880175346
0.42067188407687006
0.46454484447225397
0.0004201526528152717
2.6438297466953847e-05
2.5632996453792486e-05
2.5934901072041312e-05
2.1665309780983583e-05
2.5590833665034633e-05
0.010678962363277714
0.51990314673787064
0.47408077855186431
0.57670368874497524
0.4675896421323148
0.48955928414869604
0.50262595379274888
0.55263374953182431
0.42559792439535987
0.5184269904296116
0.48132982013484465
0.51106740094217873
0.48791413028802372
0.46913781059553183
0.51391059156449681
0.40907756044491939
0.5011592325579507
0.33224759464695275
0.53188560202571211
0.47617140132391206
0.49182425865769258
0.56774309708381976
0.49743188414011996
0.49266515606896066
0.46149825031959218
0.54656475736724874
2.3795793082678325e-05
2.484782369473421e-05
2.3614783038408323e-05
2.5867522487675217e-05
2.1760772505904008e-05
2.4611885837402518e-05
2.4859268751315375e-05
0.52041982901921668
0.49308109061349903
0.48016121843749759
0.54835761498374991
0.53325917256881605
0.46972949880821591
0.58669690510284489
0.52659115406372614
0.48153873534863789
0.54453845955191471
0.4468033019855131
0.52448053349192525
0.39857156127666621
0.40397164187130952
0.54979726056537037
0.53389543701655806
0.38427817293620375
0.48117334395022648
0.46988117383456701
0.48215217554748746
0.40085717838833351
0.48929635314272968
0.44463795319745925
0.54223926344280782
0.51700357700095123
2.7416170343170077e-05
2.7502943176644562e-05
2.5152039136914184e-05
2.4570681834681303e-05
2.5237964084977076e-05
2.9896530801641051e-05
3.5285824129487972e-05
0.52541477893967192
0.58089691588279491
0.54633393430074062
0.4852530267766999
0.47135788227129588
0.45993552699709206
0.49336272992416164
0.39424738466754844
0.51381536661413729
0.43050201987447551
0.53338105129157809
0.54950435336331083
0.49879933378995506
0.49077454673191823
0.51748002916001412
0.55955042949856504
0.37702832246720658
0.47507707561619006
0.55034095760770829
0.55278387960920872
0.53677541083930036
0.4546405253431593
0.57982204583209507
0.46293566056736635
0.4312997230946527
0.43053785344412532
2.3205508056922097e-05
2.5115148548404371e-05
1.9750583414092917e-05
2.2871663630851073e-05
2.9113245882035907e-05
0.46365846912840952
0.54363354172324208
0.56362305648256716
0.61648587670875621
0.4843971679159218
0.54850134609878276
0.49279269436273193
0.52291272342765338
0.54187647234602299
0.56655210972301517
0.568316142701496
0.45393485395367089
0.48720131157721969
0.54665036795054733
0.58008058205864255
0.44589376914880774
0.49316711335724939
0.39492317304036106
0.56741629309164865
0.55181852581172552
0.47716670108582632
0.54946141196256559
0.51423747954505405
0.53770142117595177
0.52623525338320853
0.51295609576978085
3.0264436940777237e-05
2.8106901267865946e-05
2.5442583637287369e-05
2.3469307244768237e-05
2.2932618149120473e-05
2.5339608552109694e-05
2.6103966169086106e-05
0.43626389810005084
0.50688101834942345
0.51988073905143606
0.43428950891208751
0.46982208824039756
0.47392164095225014
0.45818153186032418
0.52313304427148777
0.51129095297133598
0.49089712891130333
0.43340141120897546
0.49232608458431715
0.58164217782085348
0.47097381408592381
0.51598443553889417
0.4741555918310138
0.32930158691201622
0.33495938251505208
0.45701523753850276
0.56224221334551394
0.48454583015195729
0.55388386157226732
0.52687134030569172
0.56129290979970892
0.49679140963828672
2.3826388850494862e-05
2.0266550821598859e-05
2.1272500306255496e-05
2.396439010315875e-05
2.673586718104828e-05
2.3115424015204724e-05
1.7721822610108081e-05
0.51040493462042757
0.5148945273052441
0.48999901698548698
0.54819147426157733
0.498862475315905
0.44342726620067752
0.45154385489932808
0.55562310002570559
0.6059986172829922
0.41165958680856424
0.47290138248013192
0.57422903294947492
0.49995861650808682
0.4059457066293482
0.598618571769021
0.62940315619473564
0.40860865414574155
0.31998813633553086
0.45751631348451993
0.5314793094130682
0.56620919230693234
0.46622840422472733
0.43329506457100608
0.54214044422952823
0.56628204683058259
2.1995863309674184e-05
2.702512142144079e-05
2.3261068951474735e-05
2.6614540433904554e-05
2.4944252841932894e-05
2.5656199452674133e-05
2.2857371004841172e-05
0.47522839495557001
0.41983137015263911
0.43883585451603052
0.52323965692599372
0.49705880702391941
0.56741021358341881
0.41011734308533426
0.49008520237686443
0.47659132014238798
0.3841127126292852
0.46772677294877635
0.59188667066245881
0.46021709705336805
0.51264933156963344
0.45890516824800187
0.58456883480866106
0.38474426030211628
0.4431335526355113
0.46134914700602242
0.45336835857823282
0.441986308825146
0.44810997545263193
0.4465804767249858
0.48266881943383744
0.46369465593030101
8.0973223336131678e-05
2.4470286385725872e-05
2.5331025188892542e-05
2.4943407436755902e-05
2.6699377539412303e-05
2.8821983760322631e-05
2.6987303890730703e-05
0.53960080233701913
0.42861419680327001
0.49677492043112437
0.49252323951607091
0.49662658160459505
0.55976340313959838
0.40533224048797389
0.40700276401287078
0.50939805297394092
0.5061037884275521
0.52764684111263072
0.49090151025340251
0.50780153274731465
0.56786594245737976
0.52897420938388973
0.45375272333759964
0.41226306377523519
0.37089957824090297
0.44319280958849178
0.50503233687313542
0.48353418528959813
0.45548134044802607
0.56403359516537477
0.56594567853987732
0.48584506542849659
0.4860238843509519
2.7290766444411065e-05
2.9602440796682475e-05
2.3958833518849678e-05
2.4391724194387805e-05
2.4667938026385702e-05
0.52310742995666626
0.44854351448060487
0.48309672688592709
0.43913661059017117
0.55400095255779735
0.58396794792105244
0.47695582402955938
0.45954064451103133
0.39878573723006494
0.51665738856793164
0.48932241970149726
0.52046836944275521
0.50668087176591425
0.47169886283187185
0.560013642693027
0.46120907134014344
0.47137317450879357
0.47645159405189041
0.43735425915901077
0.50974942362032516
0.5268646662641433
0.56379888304801207
0.54090519130284165
0.48251608055308925
0.4934465067398161
0.47773686389723552
0.49519710235496311
0.52364222642214486
0.35637481601261273
0.00040059068734155383
0.50711742531100268
0.50362407424157429
0.53104571719734484
0.46547567142337803
0.57571218622131159
0.44902516549527544
0.48874976050830427
0.52587628371678186
0.51770606443462208
0.66722831404201299
0.58545974736277817
0.47294306633908406
0.41156582145525711
0.40480113434819254
0.55093169862166913
0.46113859861707973
0.46389398694498729
0.44660981479786255
0.44171376709427967
0.38678604883721257
0.32715682534760271
0.54703610577479078
0.51108124298533664
0.40838933258846677
0.57542868119790502
0.54323501817778919
0.49596352739030336
0.55929061835206206
0.54811287649808293
0.53224183525257351
0.56360341203187603
0.48516153121213995
0.48904301795935923
0.43376442938960452
0.4891155725390664
0.49307977302477513
0.56041319801018741
0.50110664675331584
0.55589496398101801
0.49494640519352318
0.43868175608603149
0.50545875920115457
0.54312373468005104
0.44095875753833425
0.45397476460017055
0.54046489332323533
0.53937528527774281
0.51769955700020398
0.45079562068978235
0.52672157522751095
0.53934104999329446
0.39916293388630353
0.3779621692877701
0.61742405430539304
0.48096203607823401
0.51446047324172195
0.4755881917571893
0.48206341368888811
0.50791439627354573
0.53590953877799463
0.46861407727734333
0.46074284092350448
0.53381269562474287
0.47555356379496028
0.46482863241027944
0.4626710069849882
0.44181966273963641
0.50390082750345011
0.4998193146411159
0.47873198508141379
0.41194044970780253
0.48706509713950508
0.45940634563097982
0.43443638887370445
0.68357303806311864
0.51091960529775793
0.44701608453085123
0.4269028186719887
0.5155190237020868
0.46802354151086412
0.50905540172604613
0.39947627235579813
0.56117530488650003
0.32689783200191708
0.42388885217710959
0.51481111640643662
0.48322697431347894
0.50102170088302334
0.48631416324946053
0.43136539057327739
0.55599475236159579
0.50676359168457319
0.4813647883739583
0.5411733127499998
0.42800836926590763
0.47086994992095843
0.54805316040966989
0.42720870266680971
0.51577936105341993
0.57598187870763728
0.54638760364277761
0.5241590829555175
0.42811528693687773
0.48797545901778305
0.53353627499709588
0.46740268521051459
0.46194113783378826
0.49867054766526747
0.55142949132373409
0.52861530569983584
0.46072167184327634
0.55625181427718884
0.48986073392311297
0.50371659237585797
0.45400817845379277
0.30527873082051687
0.27591598844222354
0.45692254997705445
0.53871251070643089
0.49505354617632935
0.4748622694297216
0.51055974430727269
0.51725577305979131
0.4989549185055791
0.50085671761792883
0.47396741867686337
0.5278920983425216
0.44127249080988185
0.49478498668986415
0.4664444182632535
0.44271791405035671
0.44098457988269624
0.55962567886462211
0.55020155631010559
0.57503464428812612
0.56842176632064956
0.56927091812500141
0.52334353487101615
0.52315543955109889
0.55270633130934255
0.43849808517020733
0.47433520074129726
0.51284393134434547
0.52090529981334999
0.53257476240184221
0.52344477723085503
0.52622150595932482
0.45708534852567589
0.33556814471149488
0.46679386432082765
0.49954206889370001
0.54558225391539128
0.51680102144509288
0.48583451426053165
0.51192845926709518
0.40051170374117023
0.4616442398243592
0.54313994242555963
0.54458652035076482
0.57750655783890625
0.39335005784583477
0.53182806309816688
0.58216074799343409
0.53949148368251632
0.46772216022202689
0.49535988264608444
0.38158973900323923
0.45653194645486556
0.45387688947308186
0.50901689652278281
0.45200045365621377
0.5061103583595763
0.42616288631719029
0.49109972315372613
0.48822856322724784
0.52246893699786467
0.50674340421628783
0.55434718237149938
0.53185208592452493
0.39800032914028649
0.43816588314234983
0.5108603750327062
0.3679793819606772
0.47418743701746541
0.5045185772221672
0.41370815439225322
0.52655699517922572
0.49855938315906362
0.49979152600782056
0.57837958406295953
0.56302161634389136
0.4692827226907873
0.51634547372001516
0.56804986411997271
0.4726812442482024
0.51114611369454743
0.47776523208684463
0.44670225801991353
0.59172485881050985
0.5975834933881502
0.56852226888303381
0.58908942294444611
0.58870923425998234
0.51572734886590177
0.49306133833857124
0.46156045777732085
0.49893482622376645
0.48688869581502553
0.37440033501631037
0.51566955297299177
0.51651665656090395
0.51808751903821038
0.390971380951946
0.63314375611937557
0.49711805606027748
0.55378328985437475
0.51199673261999779
0.4270667711072223
0.5336397759231829
0.50187226284644193
0.47552605139174853
0.55773064975288156
0.48278607693337056
0.38410451173750215
0.45382956710120392
0.45749731868723859
0.48567054984938968
0.47024422111256398
0.47129642422188411
0.45543975645102097
0.50706554668008319
0.48459061966599754
0.46303570927851423
0.53349276308482152
0.55445161386450525
0.51232531023692429
0.42718442999741113
0.5834814906182203
0.4586230065631875
0.46043166681747644
0.52045302608077848
0.44794992242783033
0.43934606663484549
0.47595397837727471
0.40187967452260742
0.53447113601157492
0.56591918448051548
0.51842899823207378
0.43463870858769554
0.42306432902696267
0.49649148370359419
0.59613438538805452
0.49995182897849244
0.538479574663705
0.62689162619176053
0.64962793961867693
0.42622851596051259
0.3950145806150443
0.50678248232807133
0.5240384476012192
0.41454805977636627
0.55708640200605375
0.48939696201251848
0.47395686717645524
0.48656559018528783
0.498327132226971
0.46603192312168762
0.4907275127904141
0.63178602373879944
0.45461998160232364
0.51692392064300086
0.4868357463106035
0.48045178002765371
0.47307976778996708
0.46472342071045575
0.41686299347568528
0.37251773563991608
0.4497212986372624
0.56294079849373879
0.44696981649589074
0.47497097460857762
0.54075554324870789
0.48517088335644148
0.45760701876785659
0.50758152711055693
0.49147474363112426
0.4867751217085014
0.51698993125548942
0.5060986008226509
0.51327673775866778
0.48067695792078408
0.48702954430540363
0.59719444811224864
0.48493430846233582
0.51902655617483129
0.51489395423242446
0.49368289219375633
0.59720196096342049
0.61720941344803604
0.59026040875016139
0.49270017690933443
0.51042937211876871
0.50344575892329058
0.48179908277769035
0.52987811432867715
0.48931722310669329
0.56407333434821116
0.37053156135216192
0.36652376742818338
0.41092813646370446
0.55292214503039017
0.49455611194333982
0.50411574170551998
0.45938720428521579
0.47230296281536127
0.50207881006112298
0.47345314286055701
0.53652089925733593
0.46741867231122652
0.4382225373838376
0.50681341346503861
0.55137882365978419
0.41238204273993562
0.61739140832750283
0.55933781350637779
0.50925960227507494
0.50259313727298749
0.49215692219981499
0.51441468824608949
0.4673040440039089
0.49843923078810437
0.5243000410739308
0.51859470384466877
0.52087691145952608
0.47146727794157339
0.57382487040161023
0.5555198924407927
0.49095871664291502
0.47883834895689564
0.40647998913564309
0.37228338568642233
0.55135183394219578
0.48819692193666325
0.47470985067213012
0.46501385452979604
0.4659125930490991
0.40329529106617962
0.62178951566944385
0.53744975186188515
0.53974283327904993
0.50847526473572702
0.54209952311950682
0.57859693181648963
0.40317571768713073
0.48830504729006574
0.64548532979027706
0.47285494221401897
0.49774716277775322
0.50877179963005592
0.50759285769718088
0.46181928065550665
0.48404362170646947
0.44176410701651037
0.56126447509673982
0.50761680486528105
0.48250800755741913
0.46743806680743771
0.44930328076541409
0.5498834374247159
0.50537341731872432
0.43574445383333693
0.37351696408221002
0.35166285283332716
0.37791772747770869
0.3512990433525463
0.4240544584255167
0.35719914432012079
0.31372670546376247
0.4205309386023624
0.45908869104826011
0.43994051209388157
0.36618046991888886
0.40721881946473548
0.5532316440896442
0.36516550428448291
0.42795580339056416
0.38899158763465524
0.42929998141589365
0.39969360813475846
0.38859162199426278
0.57630629854574866
0.37285987761964845
0.35695419643602283
0.70774274700188855
0.5412606811254117
0.41256197808527856
0.50741364622877716
0.41100839425820102
0.39251909659237105
0.41510535748778399
0.35246287420457889
0.34036973530617975
0.4324936672324699
0.26973391667548857
0.35745021958397299
0.36011098172483336
0.3456559921814662
0.35840502232625171
0.44802043191995716
0.37606356013201719
0.35117171157596588
0.32360402099792523
0.43371113068448314
0.38968932996961342
0.43735628036653784
0.47143897287848224
0.51692234500679168
0.44520473868346483
0.45882205126219305
0.48584067921562968
0.375374714577071
0.45664941506965373
0.38308584218654723
0.38325921369808097
0.41296415384888019
0.41722900294513204
0.44750725992765167
0.45191407215605695
0.31477817274332859
0.34774728390712956
0.44264392398415087
0.50463183143798074
0.38156572343934675
0.37322706321367149
0.45560002091045831
0.31321035247249457
0.39423862887628242
0.46131904424871806
0.47753696262830231
0.45627045289186496
0.47858223863365751
0.62811765378847806
0.49117634941833227
0.52381524461517748
0.52292620503692144
0.4992509683575701
0.43785549405461266
0.59252158885643724
0.5115900754906989
0.45222908251968119
0.4584139826343972
0.42756559647302328
0.49224218517999718
0.41913866669196864
0.50453331537226809
0.42305706969616647
0.44756351294368701
0.4436599042985907
0.48291213317056603
0.54484060665187428
0.46511294058769048
0.48393309783401928
0.55010846562438431
0.52372257488297969
0.55075661568792234
0.48975258800890475
0.57208829353240187
0.43486201763271837
0.32540306949182263
0.52386561137610155
0.5965757058948582
0.46456982536436875
0.50399438709320332
0.54144885755721939
0.5259550300047493
0.40026809255118107
0.50644917672866097
0.53995470326255468
0.5385265469236038
0.48707664757039487
0.52686018888679231
0.42448700546215801
0.47661465679597009
0.43849709544217225
0.50346109386180871
0.4681034525782129
0.51829648459165056
0.5930777345335938
0.57885280922798421
0.50357654650042394
0.48592770285520459
0.50385836544241946
0.54415421121562635
0.57855335373309835
0.47916212945451814
0.49693290648215233
0.52118783224239917
0.51516115605914437
0.4978364278202087
0.37178086788274262
0.35858102311276191
0.5575912671432508
0.45869985668739965
0.62445651939581148
0.54632333768305763
0.54517156476108231
0.54223825936131209
0.5490579597294325
0.44005335445292781
0.47576129061615074
0.55642022131321767
0.49835966131364812
0.50725178531482962
0.47728354947659224
0.50746196753968098
0.47536965386826113
0.48736780965217152
0.53084065017662907
0.26717091087723654
0.58911634353835229
0.52620622273647744
0.45838723474509663
0.47316675387249008
0.5031427638364715
0.50010108885768179
0.44492542581100403
0.49578846579451469
0.49284115472022216
0.46248676754511531
0.55955082226791397
0.46884068959394704
0.33959914159243854
0.40363218262000289
0.52862662183721265
0.43784775588318059
0.54773133126675233
0.41790087248152169
0.42328036920962964
0.54612506252136517
0.44216785998735575
0.53533398510990449
0.49227786489883035
0.54045584041125161
0.52010511620026856
0.48229916520263849
0.45843826382205677
0.52207604102642446
0.60252226479250592
0.52478851936861248
0.53764419524195595
0.51809564721430956
0.45662085496286453
0.48956717860184401
0.55229623117698023
0.46237513279106152
0.59498256318731113
0.49482800625763407
0.49925228220867413
0.53966947082397398
0.5382908299188971
0.5055499544689307
0.52073611506269324
0.42602733794743736
0.4135574187560162
0.34996354606775987
0.53449053807226088
0.47752828503908773
0.5769712023663347
0.51010670026859295
0.49420286916151335
0.55628580621040968
0.51418707861453561
0.45362219563198475
0.4814299200370723
0.50000639954870096
0.46908166662880024
0.50816846365059942
0.54291010763126246
0.46060505549882935
0.50540623950295227
0.44459851689254842
0.46681579150734143
0.52825410080486856
0.49255613894681166
0.51802029614861411
0.4971541022829612
0.5115214381076002
0.5214155628313123
0.51381686126501824
0.52537036594197029
0.48108952845269926
0.54235649258933571
0.48484001191342346
0.44234908839423709
0.52762167755599587
0.37562737163090204
0.49352507923624428
0.54929624220045326
0.47142960598184319
0.51081557796849453
0.53765046210555067
0.55423559847803949
0.47879249831396864
0.56702815682246854
0.56638425436645434
0.49384191837888386
0.50854380734950866
0.38343780776531533
0.48465916814862936
0.46669266080436683
0.39754067737905346
0.5001537738941163
0.48414281119655828
0.54931017702010831
0.42956516455871391
0.56507838277576816
0.49344018106559118
0.5149779724010306
0.4861288294950375
0.46880827818954435
0.46315630170980154
0.50109136551452649
0.49292558615842608
0.54281770680384989
0.57167878350756585
0.53215785724868325
0.54697132982503371
0.41419611047085975
0.54590203789239711
0.50809021609690164
0.44403915948986772
0.49952955231090385
0.4628801871371791
0.56495586511846352
0.51085092270603705
0.51229460812796845
0.48353278666777233
0.47940668055811037
0.5063739802810332
0.5395314511747118
0.47445022772836049
0.43681493464426396
0.52794364498046453
0.55338844845273361
0.46836710772332002
0.44112014827931012
0.53403636664875564
0.55981717459720481
0.42814497338140417
0.49927902220478526
0.49915390682510141
0.52242862676364854
0.48474692460631252
0.63512477252847077
0.39979703173727382
0.53075155827839748
0.50694966436784616
0.50833667859004483
0.51468569124238495
0.35188262088924138
0.42499331206048957
0.56915300036656336
0.54349784605536966
0.4610574588735466
0.47527019939551529
0.51958239277344709
0.47123386978412479
0.4692445503689861
0.53498794668383576
2.8551630090713066e-05
2.4000678777981641e-05
2.6389394057334558e-05
2.4350419103561774e-05
2.4573165210896558e-05
0.47983004154240094
0.48688510982863281
0.54939404741585462
0.65863025044342616
0.53521764879636968
0.39462753022515451
0.48097254484720203
0.47904768786179253
0.5457186611313265
0.5178642818243826
0.51408134569552344
0.56776827092233728
0.4814051358912157
0.43771900700902738
0.55673977349076731
0.52599531735284322
0.4832214363715599
0.47712201285211575
0.35443849191886001
0.60577777011853839
0.50405892457004831
0.57796246885677205
0.4607603067114337
0.41565766797211545
0.57835686069179792
0.53150192301855714
2.6935224181230026e-05
2.605649431018703e-05
2.3520701959675979e-05
2.500629214384535e-05
2.5774554773110901e-05
2.8437683171497545e-05
2.8680439782557891e-05
0.50709053250072178
0.51506063926375323
0.49651543111339991
0.47759647387289605
0.5466636980404761
0.56482643827243584
0.42457169473179385
0.44159506233120382
0.55944931833099321
0.49198893328732834
0.55220552922858535
0.47715301639495733
0.49623368791762112
0.46902501721537959
0.47075518722889698
0.52926708726456018
0.45623064713773115
0.37363200152379206
0.47598382783169096
0.48538609537281957
0.43887586667425993
0.51962671201666999
0.54170534038466078
0.44972835278763618
0.42837578315319408
2.555359980697149e-05
2.3125274150625659e-05
2.5310852787879809e-05
2.7145008339551822e-05
2.7536201899409347e-05
2.5713071870161152e-05
2.7546288768438086e-05
0.48795244481536626
0.61091847800503229
0.48050101237757853
0.55106109278065829
0.49437565571355285
0.51304041762217145
0.57385171870046681
0.40802612421577961
0.64252165915800263
0.4591731632891734
0.47898518570073989
0.43351649378642326
0.4109698883620857
0.53477814514138733
0.53502203258858005
0.42719415894402896
0.41256170724485641
0.40865550889414842
0.55027341730064705
0.49765955578199617
0.53227843367611971
0.52853023066630889
0.61681490221551594
0.62040168440013044
0.24822134355282613
2.3604483155951015e-05
2.5553438886363901e-05
2.5259987910630807e-05
2.4954440633652363e-05
2.7053267786088199e-05
2.2727112622822026e-05
2.7710108786985283e-05
0.2908557935651947
0.5311368791166502
0.4207455819339474
0.5447166865772276
0.52217825029331244
0.49410297142209691
0.58873718588904289
0.50906166148570275
0.44201623722181604
0.61603720235411064
0.46612530185467221
0.55264120766602287
0.48289523758817743
0.45184952405669448
0.39859704256542566
0.42779947212601493
0.31085073725689472
0.41648334971199008
0.51373794244301563
0.56311865903129676
0.46980481507301586
0.60467180759923667
0.44680082812910221
0.44104321589964296
0.40207186310508519
2.6155187630879715e-05
2.6173070232375442e-05
2.905045858236451e-05
2.7082204381505747e-05
2.7593626159573825e-05
2.236589436320668e-05
2.7873065714842363e-05
0.47918848451085233
0.69398247187775308
0.48888879538387586
0.4683051213389664
0.45600413570744708
0.45619087325140462
0.55615777494946006
0.48037302712953328
0.45245644991868988
0.50638044189039577
0.54309079351738065
0.53040222269079162
0.52570804136452531
0.52055746611670173
0.4973227553495877
0.50317996821656574
0.49834957375502953
0.43458244566937154
0.50159472997045551
0.4811625846451032
0.49199874065970806
0.39862043602988295
0.4808901229827155
0.5053364775096173
0.54838012788355872
3.1332296833198135e-05
2.6295168316178047e-05
2.627942373941442e-05
2.4816700934970277e-05
2.2542944925250749e-05
2.621048872695779e-05
2.5445901012822035e-05
0.47025503982683958
0.45552213984107248
0.51219488998570517
0.44629342954348333
0.53999254724003887
0.5290847333154346
0.49754122607542423
0.64333762338387723
0.5614878208340256
0.51744769948096936
0.37979500244851633
0.46723535982540215
0.632292051876578
0.39173602433422583
0.51505173007009686
0.54343394387960553
0.3448639061240088
0.43027772866284625
0.45683901782570585
0.48268064120034393
0.50356356430221849
0.60239002677429931
0.47052046438592843
0.49154516307905366
0.00059981267774251133
2.3764016943751867e-05
2.5168312801435938e-05
2.3270173430642815e-05
2.4781568908089057e-05
2.6200219315471877e-05
2.6792846929323754e-05
2.6443026025779162e-05
2.7411230207142298e-05
0.46458052881126155
0.65702812202305771
0.47145873870927679
0.40401735836963371
0.5015673059679614
0.55670020597673986
0.51940279883263674
0.38724496305479295
0.62258628771720059
0.60053355386288354
0.52139963123262834
0.49981787045024195
0.480792356586699
0.54071378655227709
0.52931755679465009
0.44956226896561952
0.38475156677080863
0.56853356196199656
0.52407270647946402
0.46526429096388383
0.49411491204065994
0.55759141902095155
0.54957755001140096
2.3236381501494504e-05
2.3421069274923347e-05
2.5105771723768061e-05
2.4714721547637097e-05
2.0907235669579864e-05
2.7708062146914198e-05
2.4666971488932113e-05
2.2453032015804402e-05
2.7476213005376235e-05
3.4282234846795109e-05
0.52469939088284989
0.51354622777889902
0.47108650557656784
0.54386065456393085
0.6396642940919004
0.57131238235020665
0.42277723531447781
0.52368973265256924
0.42439145093045139
0.50051157784474976
0.53959063478815128
0.38770438791981504
0.5047897400071395
0.47843307510602562
0.55215134248096753
0.51393269802528507
0.55936058220363249
0.49572569171058989
0.47453899263841798
0.41776113753283162
0.52953840720158107
0.47611953002773572
2.3830404040462411e-05
2.4414402878048776e-05
2.5958862322893007e-05
2.6067799633319289e-05
2.1877735950637248e-05
2.6668631305088805e-05
2.6763869886585799e-05
2.4329302511116468e-05
2.6543971414595403e-05
2.9163949408211667e-05
0.52942377890241465
0.52677104883013082
0.53459318081056206
0.44862889124209926
0.59198545612415365
0.45645924484336503
0.52974672752010332
0.56256111922790286
0.61149852025415885
0.54245492284991714
0.58583315823371895
0.50202477777228349
0.46171259407865123
0.47206016446948706
0.52481341812196147
0.39871013414654399
0.5309559045792055
0.54472652528087295
0.67257134925585826
0.45389827329690519
0.48616570071268994
0.58950918941348329
0.0041373907389864045
2.269683516315499e-05
2.6015257348921359e-05
2.4929261855221278e-05
2.6637890276202002e-05
2.6834919087565055e-05
2.4717233960233959e-05
2.3767974259809371e-05
2.7144175882238332e-05
0.39790436198250267
0.5103994588357581
0.60306773811890191
0.52647504130723977
0.54473732585158474
0.42722348059360765
0.55114344584454988
0.54074005680205162
0.44557488331798573
0.48509793603276635
0.45482713567897909
0.49296394994038828
0.58912563328741774
0.4436606847581227
0.47100549974050476
0.42474702992706731
0.46103446210096755
0.45765233089685275
0.46951216482007169
0.54467511894151432
0.48400884894816298
0.57610267170752416
0.57773763562412073
0.56556051647389449
2.3878032154016429e-05
2.8177081665125781e-05
2.9734541251829008e-05
2.3649486742579551e-05
2.1779772179956278e-05
2.5346496801202943e-05
2.6712055523946431e-05
0.48486378847654837
0.50382069160296106
0.49925863808395388
0.51132272515044974
0.52110920687033291
0.55070658036946873
0.50295182938865968
0.54670260832165141
0.49116824547535626
0.50897900986697098
0.53887971583841932
0.50967069501835605
0.45058577542811246
0.44902880054445093
0.51664258939113272
0.40572640661273024
0.42586080368468449
0.3355054040099944
0.48753274021664655
0.41754068803375943
0.49822278229890266
0.50618756093778738
0.53100496121648866
0.59663060324571437
0.46538667352190799
0.49316341735771696
2.6677381787298481e-05
2.9830096176106698e-05
2.6937996117307891e-05
2.7490267758237372e-05
2.5757857946805204e-05
0.4477504992242044
0.55432673217365502
0.48075795274609096
0.49428250485266612
0.56868041811285908
0.49215727010149796
0.4251350478044249
0.4972962113191583
0.52531621138851559
0.52575677030486168
0.47005072253570068
0.4593692350620836
0.44738213152298928
0.46269758145469381
0.51957490721181021
0.53358351139527149
0.50612040286164761
0.27855623354448139
0.31003734249199738
0.36366427063960072
0.50314866405632663
0.5141229684416414
0.51118321915139797
0.45897886445650565
0.55301125705236642
0.49494091155433823
0.48318863458998923
0.4655701277907186
0.5501683386226669
0.60405986276390522
0.51721384117953262
0.48351891473106029
0.49599963302435018
0.3979186104729211
0.471075826707679
0.57995885844600314
0.51025355929534355
0.44404134216274133
0.50837422604303628
0.48292222433718707
0.44018317239640092
0.54516758021124023
0.42438600337328308
0.53977385871192562
0.48827124717241116
0.47847769877780427
0.52343005993951375
0.4660044791762602
0.50936278448857275
0.38336019049916914
0.36129292187891021
0.60254591349003295
0.49303513039258801
0.47452865208161266
0.51271854956774121
0.50387205942086721
0.47702782587058556
0.4474635111051628
0.54232912741343309
0.46791113794939282
0.52301153452617
0.46532269026282153
0.49904409381847692
0.55476776076911705
0.45881963630827283
0.5430744738343668
0.47998343227309542
0.45735889963536186
0.50478769865242867
0.51304286826262591
0.53221528732769485
0.4964743769833202
0.5176235382218114
0.5116561178445358
0.49633791915373154
0.47677927726049141
0.55665112058344901
0.4722314548355076
0.49148003849068261
0.55806422527196653
0.51135456937678092
0.37945195315873442
0.30559266839826632
0.45490265281791792
0.49010469328750578
0.52207018969567165
0.48035399319336464
0.49014355602386256
0.5572071766072394
0.56324509734917305
0.53002660804041601
0.55537694824185979
0.46465361147055834
0.56016226869727914
0.54561011774832324
0.38737255175534074
0.59544061412859683
0.48105505431015511
0.46260055485915069
0.48333127540687976
0.54171562436168164
0.42842130177910809
0.49188969877247074
0.52356658976911519
0.55063038412592924
0.56302865894939891
0.5336116174444645
0.3856110615390218
0.43181530758628101
0.48803079771847246
0.44946071319228204
0.54744115549605077
0.49064337763599819
0.3731364187817437
0.3527117586729524
0.55247192571613479
0.44939936190034951
0.54056786995427819
0.49394834973928825
0.51020675463412801
0.45508994934365787
0.41782617669046374
0.48641929731109562
0.45637168871813333
0.4321629296357985
0.50615091610275942
0.51086970500961915
0.55492193227133091
0.43968440710630191
0.58847826712397233
0.53928014886006148
0.52429807903459535
0.52511733971499097
0.4747712780225718
0.46049908374511811
0.38310447364277983
0.45163581684722715
0.50171235459929009
0.46970021485284452
0.45440276089591902
0.44617138770348858
0.46150957344409471
0.57129602153063808
0.52686846276106958
0.48341704177545675
0.39312898170144633
0.36339163400496055
0.46727128119953842
0.53815231794518503
0.50939188886874476
0.46176404567048623
0.54623966397056045
0.53470454971219461
0.4598475827224251
0.51738973033122571
0.50438216662747826
0.49530281332289794
0.49055409886948464
0.43012463569446863
0.51541334818340356
0.56888254866554888
0.47687941378377502
0.49588144056775979
0.47904818801447191
0.52632033125343369
0.49821071410064205
0.49621896909826102
0.48779546345810093
0.48577838581293181
0.42569933458575326
0.48219786128047615
0.55091313084393267
0.47580652698187481
0.4956763202123291
0.49474746582052465
0.5786037225758579
0.51491080897378161
0.4678528259745372
0.38673638851568232
0.42729280625286931
0.39986981808935607
0.48978225119770497
0.445588516871817
0.61478248494420018
0.44833489690360945
0.52022282645143203
0.46456127009510267
0.51277932817512728
0.58291384279171143
0.43575191528220114
0.53294343384975162
0.50961323968441119
0.41649400482567761
0.49457766217151689
0.48044375710922138
0.51310847433841411
0.53410406886609019
0.54529012110072805
0.40825031450196375
0.44589861985905371
0.50954574074468739
0.55653374050939131
0.57032522246783501
0.60341292547448266
0.5404277900872394
0.45308454217249144
0.48812744354142973
0.5370235361575072
0.51359897726389669
0.48131798993953218
0.45298082797261141
0.4919895685436948
0.48631332964702401
0.55153116288864235
0.49748085974870004
0.46602921733522085
0.47829918169671687
0.62558524839615004
0.52045841738882292
0.5248883968943211
0.46194687411273011
0.47863520603423182
0.52370383441117374
0.48200459410160762
0.45648945987064404
0.50504642353174833
0.52287303792079964
0.50567664701183357
0.60679665548087869
0.45643714834604365
0.52936520058872649
0.51583225822324796
0.48200473834772539
0.50944161549729505
0.56353548213646409
0.44494907776217019
0.56856430819488435
0.47604774315782644
0.52808387111700084
0.46723615717120137
0.54321960021878446
0.37409633145451082
0.45533236466834692
0.52751921685756031
0.50970485704148361
0.56612510662142856
0.50443463003516742
0.48619585865897536
0.5143454308101173
0.47318573069884007
0.48096943844602874
0.51680540026348232
0.46606773452261951
0.52959376852555384
0.46929325854973847
0.4607928952662429
0.50535479683118978
0.52448162027870349
0.48665272985391944
0.50216537025936525
0.52828069709385084
0.56374676541989677
0.52175069953079689
0.47870235330607847
0.37530151592425021
0.39911044533020035
0.53921961504582816
0.50283281283312831
0.48644014467728242
0.47728470532535638
0.49010123981926884
0.5393768915948991
0.42793211533909109
0.39875691321703294
0.5538373184517329
0.52075206043687661
0.48657431651492239
0.47536582373857944
0.43171947157577756
0.45927772386363286
0.42157773007793364
0.48324925771581795
0.4729690808494611
0.58173695431550843
0.51384704459159491
0.49724911866731536
0.40794838596063132
0.53336387873159963
0.54198168546618453
0.43212869877495508
0.47832283676478787
0.49009749526802882
0.5146811155354577
0.52048225007314308
0.45755075926028094
0.34382928424106923
0.44353606935295375
0.41376635020628216
0.54248500305812009
0.50076588462513105
0.47311526511966512
0.54757634723069726
0.55540033399718114
0.49930726523353047
0.47221998873811583
0.3940207596409589
0.30242568616090965
0.4768766352463128
0.50833241997662226
0.53766743377599768
0.46795150666190555
0.51259557691139124
0.4822648327318641
0.47055718842817762
0.47040708050598662
0.50433633715998472
0.57240847717331078
0.51429373099327846
0.53970813300118425
0.40204203708200814
0.40677582446627303
0.53344084757283328
0.45796599830100487
0.54101962263125714
0.52248301566756672
0.53262441979246433
0.51215760881287964
0.52021178675298119
0.49451886405639756
0.54572418028199954
0.4630073721594859
0.44707823500374855
0.50840944072693162
0.55941511500335128
0.48037047513723957
0.54064721565393048
0.53504748379598932
0.37316542746426962
0.28865580676289315
0.55356414790506436
0.47723031187553805
0.48912665230736796
0.5338938767205228
0.46466855358956455
0.44088544135993529
0.52182060728217261
0.47716299633393866
0.48576540860225753
0.52693854195820544
0.51200059617678728
0.60152338098303892
0.5008303244712945
0.48872591664457182
0.4951004752180459
0.48981384842863246
0.56975259588853056
0.50281027973596781
0.46561293247223901
0.56290851124394448
0.46615203127098598
0.5443417797449418
0.4671627727056864
0.48805031592460291
0.43169064828952275
0.58973963663917306
0.53141765339912661
0.58608882524246653
0.41472790786901603
0.4900609642661819
0.44914047837718368
0.32654623674839145
0.32643541175224533
0.34276174159818501
0.38233158405954504
0.29207736378679555
0.3402639188636381
0.54961050934910693
0.48129014844527895
0.42703674237261541
0.37730957225715511
0.35689087288984994
0.34367789115164155
0.40929917543668959
0.39087690109702294
0.44838428698091298
0.52174927843994934
0.45591398010971795
0.3063156902750071
0.54517260550687763
0.65182288456369508
0.60948477912699717
0.37739074443235887
0.34516306860465146
0.52310364917863716
0.31363392891034858
0.37474393505732628
0.3070031574996559
0.45574879330411316
0.49728334929788942
0.39424211250161401
0.37726024275621672
0.40669981103392344
0.36363456474498507
0.35903972474765766
0.40544357435722433
0.46885647064749292
0.51192857371309797
0.38228690508993068
0.38102683577615432
0.38632234709399288
0.38119298738501933
0.42299283028607876
0.37791486381897538
0.47778646532965202
0.44520185995308525
0.40606981323677199
0.3928157965169462
0.56878251790716872
0.37158557705128803
0.53977143104903547
0.38030877706257282
0.40132197217711696
0.38569157469848053
0.32627587551937498
0.3833617760809031
0.40978222205401321
0.39982046171652552
0.2826301487210155
0.49793187223339175
0.39213292134419347
0.40743845973792892
0.30383777057543998
0.57166786831603145
0.32008510833137144
0.45564402994691955
0.50091559109086314
0.48494560503148559
0.58963145786253013
0.54350365665727118
0.4986091134390328
0.61255593914204398
0.60513690205396953
0.50213758223708993
0.50913088918740956
0.4720271069173641
0.52229746198521887
0.51818433901369731
0.43889875923716309
0.47578954402707901
0.53447645123743692
0.49436710763212233
0.43804224103241052
0.56054917323914455
0.59817027374980969
0.48596512582797857
0.49644248117179196
0.49778898941974009
0.45512295614770409
0.43473410642655047
0.54832160312099254
0.57038846931449272
0.48295640698015768
0.48359749246243661
0.57006065586354582
0.31498370149173549
0.35509456228139602
0.33170806631184729
0.45673242278279974
0.49781025168148563
0.44211348734286221
0.54167130616095305
0.56669685454112917
0.46998248425628519
0.57501674115867663
0.52596601249114217
0.45078371641036685
0.47061248930963639
0.49696665609439006
0.45344417369565615
0.54972909080671251
0.49575724812691307
0.52642893349734998
0.51347886293804756
0.48593168275077253
0.49632681988725075
0.50186464699309208
0.52910928378330624
0.47200241887745759
0.49457836885021839
0.49450389502054759
0.47460534907791341
0.56465686594107389
0.56320848444531069
0.4828412180947611
0.49167041604892714
0.53652307499704233
0.38570020923910081
0.37656446802249399
0.37352480711201913
0.4706773106323352
0.55646174556679362
0.46561194267508621
0.46294240003860532
0.49901321042774754
0.41706824197779724
0.4970178963691298
0.43342205348611323
0.46646174821813885
0.47476475612672814
0.47470651421656196
0.47653556944869435
0.50454298735569769
0.50974935713921532
0.49829808989970953
0.58829015646669691
0.58896742840356053
0.49612093547797315
0.48796278770521218
0.35675260391074487
0.43258226303054131
0.47326810704090205
0.4906060893498454
0.48267614048584062
0.55726120436121973
0.46832375599982756
0.50404593312432788
0.50301604540715017
0.42557079640477691
0.38998554177704442
0.30581531661686723
0.35053221088501668
0.59138130530693511
0.56530548583727536
0.53623005126300083
0.49451085810541956
0.40993599115348672
0.56532283945931927
0.52751007095603464
0.48783767154840479
0.47422295544976989
0.50980738320285002
0.49597153038209602
0.39292710201095499
0.49685238163856671
0.4937272711035009
0.53431837265838245
0.43503162573889759
0.42603234710676358
0.52824639297797571
0.48258622781869426
0.57073635853992521
0.50728096044104343
0.44531995220053944
0.50870646195691782
0.50549118187739406
0.49766423726024334
0.46922473818124871
0.48017194609125091
0.59664342184994734
0.51821380566901143
0.55325178033786149
0.34171674677650365
0.43827547907577041
0.43612698962503837
0.49065289225233266
0.50345801770327914
0.48592942417090496
0.44461655041209081
0.55320134433046164
0.56142746389024989
0.53608573147431327
0.46003826321022917
0.46510123802764392
0.54200610743047928
0.58627081127978353
0.45926919761391916
0.49757597804018966
0.52488875897095588
0.46718941761364319
0.49364516858955154
0.50577196208811548
0.46355386879725446
0.52466732790496029
0.47496958458098493
0.53972865657211566
0.48792820688409494
0.54819679524924225
0.45147239403258616
0.45859178781424814
0.51391866925216401
0.47344731578623223
0.51761008553189147
0.52892346846941218
0.38908744766291209
0.42276086074078134
0.54157706268979255
0.47616945714978542
0.51956806083959539
0.59267999287203554
0.52348088649754687
0.49119537885848741
0.52147870735260271
0.54774022936831912
0.55624537684822495
0.49344801602153576
0.41226901350363759
0.49498783677496749
0.5207243402991435
0.48886677629834185
0.49697802851881234
0.58443110089210382
0.46581288743557148
0.52487987647107504
0.54888084092148448
0.49043397667528715
0.46352211623720363
0.54770358799069141
0.49438287420833255
0.54991475481392627
0.5463084741163815
0.54057370883804379
0.56682212548857203
0.48626926800160675
0.57033043241501979
0.54563455437747299
0.39390576510665398
0.38907736025274881
0.53785075501196655
0.38461018930111857
0.54222306383099983
0.58789449093239787
0.48342529910076049
0.54303166721907414
0.54577996416863095
0.46278123491798978
0.55952210184490103
0.012865703206973117
4.8711526139024582e-05
0.32889300163796525
0.48463519783538817
0.49863996029789753
0.40836409482841168
0.44157826926226112
0.46126416312957463
0.46478423498224497
0.46918011585898478
0.52600703194224152
0.35906181017459116
0.49588050890526131
0.58823849897280556
0.51165795505711809
0.50576179230234508
0.4462555819655592
0.54610103266347088
0.48412019482479363
0.52076123368659821
0.41554686568791493
0.32129454243336136
0.44282001494264661
0.40680937333424383
0.55986012925129691
0.52447154775976035
0.56978646705744507
0.49069857890551022
0.61969278057673072
0.58051156336776855
0.49500384120029695
2.2910195402324691e-05
2.4373731727682585e-05
2.4374737306036192e-05
2.2885785560376635e-05
2.3502749549736426e-05
0.57712749532478946
0.51439028241758133
0.49283201366345203
0.45832090950693788
0.43988343288053339
0.46872107527054191
0.45588516982316352
0.41797028560458005
0.47539368643244662
0.54012550932095815
0.50264382156039045
0.51718633693076588
0.38007750030219906
0.51049186617265319
0.5241957374521744
0.45770605972510731
0.48218152162528227
0.41560563600416922
0.40925220278425845
0.5100041588385491
0.46979323424971015
0.49090350363373997
0.44162524502941986
0.42193798437699109
0.42696842513674743
0.44480070160151863
2.4973562338339017e-05
2.5272578758535866e-05
2.410843981854038e-05
2.1894865060631215e-05
2.3797414635281739e-05
2.4996553727089066e-05
2.5286700824570965e-05
0.45818797799199462
0.43587184958313085
0.52944379562948884
0.48637425018169561
0.48144927144997823
0.48603974980191045
0.59718667034523287
0.51738271027828475
0.4823147161865643
0.408166980054536
0.50957986612915107
0.4029112169509253
0.37495840772167427
0.52666150538804357
0.48141282035447142
0.47463932524395241
0.33925420513959481
0.3990782136171821
0.43619458253003351
0.51847284711685293
0.45130368104714119
0.60163532518900409
0.50740769316625522
0.41755771469064573
2.674338756871912e-05
2.0147523700255866e-05
2.676670734246476e-05
2.5422594374819038e-05
2.5740135439211218e-05
2.3761370005351511e-05
2.3649506101447717e-05
2.1959890927645661e-05
0.00012206152171968159
0.4760739047285652
0.54485340557333983
0.45168144532043664
0.39585433920083174
0.55191584453543807
0.56407772132296152
0.49488985021856563
0.45885951342524067
0.5717299611439477
0.52218366768134372
0.45027519888595696
0.49895566890448784
0.55745102314468187
0.50716709340624266
0.53224128848148722
0.3798606777108931
0.42146735624530179
0.49284925661620543
0.50694353313331175
0.47944862233117697
0.56646815982778154
0.49020559135417946
0.55096639211856147
2.6795911646894534e-05
2.3637855534858243e-05
2.7028573894492041e-05
1.9771022603035848e-05
2.2470814253557415e-05
2.9589824844673948e-05
2.3170950812440795e-05
2.5415380525586101e-05
2.3700452100530302e-05
0.46368658973499577
0.45194430833537885
0.52592895247359117
0.47003417614120685
0.44240005584644859
0.48329821753938695
0.39246035714897998
0.43554301601976159
0.48766844656512304
0.50547873244772401
0.47303575266673981
0.49413914592297192
0.47815734872732157
0.47584169111596741
0.46613718323225661
0.47162160439244283
0.42542466315072391
0.47954420105320805
0.48658700803230887
0.57149905673761414
0.46431353189051155
0.56232694881233414
0.59755759206895875
2.8934488145858744e-05
2.246502359882907e-05
2.5516943873333118e-05
2.2797297246581301e-05
2.4832789574765977e-05
2.4445650346857541e-05
2.4657719945795052e-05
2.5296376583790915e-05
2.8080545245355476e-05
0.46524691821900382
0.4862306859202854
0.49710059031202025
0.47299499378984095
0.40851797887597829
0.54120947020978816
0.55395300922150081
0.53271522692852646
0.47389426199796958
0.41066551313678323
0.69223846536004818
0.52182711184124175
0.55993502279095375
0.48561597734730999
0.38417852360240312
0.39712918974222816
0.43369179335257363
0.62638633138722555
0.45096902142944184
0.44937354440709576
0.47174316700095914
0.3699935245005091
0.51954043889645407
2.8057246198269419e-05
2.6546344698644532e-05
2.6793708950859779e-05
2.4490695962804156e-05
2.4422770959031107e-05
2.8158697338303204e-05
2.5603858575298837e-05
2.4708270532374715e-05
2.6752844518187137e-05
2.7085066539864245e-05
0.49348017541328987
0.52895406128940825
0.48053850700296474
0.44781885954955769
0.4947219505267485
0.49607235139509137
0.54379510071027293
0.52761607583439574
0.42565080777077507
0.49966115574061776
0.51046873560102235
0.52813176196231704
0.47369290778801593
0.59771209282776294
0.38894321625869477
0.41204265864632422
0.52217087265064044
0.45675017300443022
0.59202719399642212
0.50563119834147163
0.53050591825193472
0.50180602132042151
2.5724626670785678e-05
2.3370284715081581e-05
2.514129406845766e-05
2.4155788122568545e-05
2.5329467818867528e-05
2.5551336939826405e-05
2.3554892040116895e-05
2.457583055853678e-05
2.4365722165465074e-05
2.6031443189561451e-05
2.6639566311143044e-05
0.51947101312877741
0.51478785274058514
0.53048323722404789
0.42658343680688576
0.62111193508606655
0.52213222281244553
0.55250563715577294
0.5189911762699948
0.50522148343016915
0.50877741533709853
0.45899089404883325
0.48562162940519665
0.54578742323402096
0.43385025473121774
0.39587698947575561
0.55799563046703082
0.46881462961923637
0.55907902451884028
0.51502446950362291
0.36599863616302158
0.44130827256843574
2.5627603765877172e-05
2.1706252495744147e-05
2.3875369832819643e-05
2.3279971679835364e-05
2.6272824899752084e-05
2.6946626666311758e-05
2.6826989009592081e-05
2.8601192718180603e-05
2.03463680704474e-05
2.1809905232757332e-05
2.9035621243134845e-05
0.53152677322048436
0.52237302220299986
0.45576375794520552
0.52924656528361147
0.51854608858293005
0.52198698602885962
0.431004709585187
0.53722630853356601
0.45274918619182525
0.52192073781850001
0.47521433405834712
0.44400485742737922
0.53638376444089719
0.51665945694068471
0.36916721695236848
0.42820461503190782
0.44916644770858838
0.57644437798767489
0.50135882101383933
0.56360122085493713
0.51773352413336471
2.784231290114715e-05
2.1130095624077314e-05
2.9122763924628315e-05
2.451244894250627e-05
2.6368168588778855e-05
2.5558061449847535e-05
2.2592727984572895e-05
2.3831347149392602e-05
2.3057950572625157e-05
2.4968948858871234e-05
2.9620014147746648e-05
0.46960211897731013
0.52863878135104547
0.51044359918575954
0.52262991727829844
0.5012698929721775
0.48724751287365209
0.55514690007898004
0.49664898632696203
0.58249537463973422
0.59559743757670014
0.52957253864495957
0.46532476910343062
0.56724478720221838
0.44078779846393035
0.31198238140506307
0.34882526179695283
0.48125642190050633
0.43073417204502862
0.4929657352005028
0.48473743987459972
0.47776495915308309
2.5377201850716661e-05
2.5697170064075657e-05
2.5832082085857259e-05
2.5379283973122356e-05
2.3038433420836546e-05
2.7774310980006725e-05
2.3319183673128615e-05
2.2484186207513018e-05
1.6772722841865023e-05
2.5714063355188796e-05
2.3110063439142798e-05
0.60065592215198405
0.53889187442794084
0.48884403934548187
0.52170712604054703
0.51686310006316782
0.47330130961979072
0.48103247916924069
0.48602321923345987
0.53234587211637097
0.43096180133278322
0.51305064404785561
0.49606852587123773
0.4937601424944828
0.36510171880712045
0.46548531766446788
0.53605353809613265
0.48011442204781951
0.48991106173024851
0.4860477895655595
0.46084106468726493
0.60742281114105556
7.5718383331434936e-05
2.6812684386340964e-05
2.334869404316143e-05
2.3316213119479443e-05
2.8049461778587199e-05
2.353900924133076e-05
2.4022308618839429e-05
2.5993043694802693e-05
2.4616036585025058e-05
2.6160558858988695e-05
0.48404232238067058
0.54567096633460432
0.48804592970023708
0.36325206391529874
0.4695525715015203
0.60198375187822573
0.47624594336061293
0.49115532581155824
0.40233657413295854
0.57628996773352847
0.51571360477815087
0.52425360850862301
0.40504031943915569
0.53459717559431896
0.3708284951426119
0.29381666155120628
0.48396281533308871
0.54128392330279562
0.50329067709352304
0.45879434885014964
0.43525704552894834
0.54824333671053349
0.47420052253317818
2.9650101213259066e-05
2.4773136214362667e-05
2.6872451779402391e-05
2.3863576238449259e-05
2.7459619042761536e-05
2.4836752492783583e-05
2.4691073471969399e-05
2.4658083100604411e-05
2.491264749955717e-05
0.4415389015839285
0.61995318983129499
0.52019920321509661
0.44145715317634782
0.49139063670005639
0.49379678195343113
0.48878397047682332
0.47803178196702067
0.58169465691043087
0.49739318519220099
0.47465208564820982
0.54851164286180287
0.46449550482033614
0.50199555609185675
0.32370627915894029
0.41894487429396754
0.43518432495482212
0.4818028409284541
0.50997767115353865
0.49007299562056938
0.41690050374299564
0.55775082106394791
0.49072587615678998
0.62107251735366098
0.52384509701953541
2.4428993655309977e-05
2.5005756619691984e-05
2.3990255073553593e-05
2.3537429047297952e-05
2.4105326723826214e-05
2.7628804849370802e-05
2.6081741395380252e-05
0.47388320032225273
0.50650444310681697
0.41829330292116845
0.51290788161745016
0.41552937560621911
0.4559750544069
0.45607267144387026
0.46666695138327208
0.54415649916390185
0.51875834104034246
0.55226290873979689
0.52916616600038346
0.46119572293823846
0.54823941847119684
0.44628955367095552
0.35821021642007
0.49830673510542628
0.54379453448276038
0.48960273562401374
0.55575998767520352
0.4711831490247968
0.47403298379769776
0.53652398864788886
0.49587044959022353
0.54480017136847447
0.5715128301403436
0.48964614465059275
0.52509025875256121
2.7598621399727785e-05
2.4379322006823131e-05
2.6589478292930824e-05
2.5487363849429147e-05
0.44636393049646222
0.47733032848194978
0.5538646065014533
0.50912747197300456
0.51504134725086737
0.58040563059803607
0.41790727473512362
0.46701305487245892
0.50968970194028429
0.4209342605448092
0.438263269023277
0.50743321672032649
0.42376758470867737
0.34727911285307006
0.41893192950297736
0.30715655595917979
0.47856112879284018
0.53161527196119784
0.46596378046731934
0.53251761856295043
0.50299407438862498
0.49468840981990869
0.52546482499462344
0.46171781336518863
0.46098699364779849
0.47608847043314756
0.5516689414405751
0.47966987947946321
0.48585359344831336
0.00014892659581859698
0.00032316150254700139
0.53848285137343277
0.44384601287909342
0.58221003851619124
0.50984058674552668
0.61358971899633818
0.45635319410997649
0.53487120655648157
0.46012621068509907
0.46872538465372565
0.4784861160643577
0.42499075928676361
0.46640154334901623
0.48928509559613409
0.57815518286026446
0.56619297171668437
0.35918680373780837
0.31765951324120889
0.5585035345006355
0.46546671580075694
0.47235847033095352
0.55009032220790499
0.54664430622509985
0.43297722449268528
0.49882087105621215
0.49779699240778646
0.46437078751631095
0.46643527026870135
0.56844480522891638
0.57815478401715381
0.48880964582891268
0.53379948102871122
0.60871539614754777
0.48092459825818501
0.38998906255215199
0.42900424856962988
0.43516666032251716
0.50146633942914898
0.49452925593718544
0.38811088744186689
0.49236387429547035
0.52625546917897081
0.50643275555068457
0.53512054402216114
0.3998830298742162
0.45767812325648777
0.51730689063765223
0.56168700808201111
0.36109616277088258
0.37443433716735053
0.53205539883123787
0.56938842583265847
0.39686991311879982
0.45932495623651964
0.39521896298682219
0.59825501906060152
0.56885078219231955
0.50326609511953901
0.56168942467342609
0.53600716455710185
0.51963485614640725
0.50325789429022127
0.52878760983665984
0.48942746493036404
0.56374596619889095
0.51933811798187823
0.51523511701192959
0.4750178869665761
0.57325501935795309
0.45733039211054555
0.53661500904257953
0.43093982361061517
0.55265984346990504
0.414871301335906
0.50413917234726902
0.56580723224877649
0.50606615034452362
0.50460667075527843
0.6234625096360461
0.46364145210759206
0.43624885283141668
0.35435989654936939
0.54627322878780915
0.46347738579897763
0.43459847970122112
0.5608625318653282
0.5460828833473591
0.41472345390146015
0.4997990133832404
0.50778949044467636
0.53482257970634228
0.45293010620043545
0.50989578869525165
0.52596537495868079
0.55731584593775474
0.53909687760225056
0.42404258281176721
0.47864279120665038
0.47475697737144923
0.48894075801238757
0.49734673690077835
0.52997966419146725
0.46418671686508273
0.57568545551972961
0.38870110843389799
0.56424254648343963
0.47552843507380044
0.50445500108821739
0.47874599160119341
0.51858152253238321
0.52951613682919718
0.49114428305865021
0.32208126883174576
0.32579715958700778
0.60129608843612847
0.51651590467656672
0.54633804761775551
0.53643795054356735
0.53625298561282997
0.50535047735761252
0.53273564962120157
0.54601756879060337
0.50083482129788348
0.52102188209795219
0.51463747298790619
0.54183503778359265
0.54832244201837743
0.49235383449807041
0.53419831500548554
0.45822776883593314
0.4709755780542354
0.46463492774223963
0.47345948917188679
0.549474861978553
0.38359730736157127
0.48615572931577483
0.47840271141882257
0.47787269660269316
0.60208426159132167
0.54606857934206954
0.56723713802949771
0.58892254081533757
0.52489547009032778
0.49701126560694631
0.59581575674747267
0.40543929875777301
0.46916929926231915
0.61064856072656237
0.48589878506718498
0.46785681486002517
0.53332665808106272
0.49554188060334103
0.6225765033284929
0.56194831006196533
0.4765781684778968
0.5284872439904742
0.55855746967542175
0.39033839210557059
0.55188833919580138
0.45205623977143261
0.46556489329000816
0.49030690678664979
0.4973951806342784
0.54273853304837039
0.56843631671216843
0.57275710029616089
0.39970521857723929
0.501082179047731
0.49425963407544826
0.56601697956414887
0.51921597188673563
0.55621557425605195
0.50557040681662013
0.50303172167554233
0.45944033309330884
0.31649005995133023
0.48967203492768546
0.44869789243559693
0.57864052298404778
0.51129289071630624
0.46499741603829337
0.46294245019677632
0.52120711805650999
0.4785623197733353
0.52220164311518635
0.48226203081185909
0.49381803403771385
0.62291396305054259
0.51739795810605038
0.52350406470435606
0.54300061053264126
0.54050689092699289
0.49268601475994012
0.53471696868996976
0.55007618479276799
0.5242309219341984
0.52211938703172656
0.45811822067072278
0.42968306850894489
0.52867416555561386
0.45943543322126806
0.50999927752736518
0.49129628665183256
0.55985360443351218
0.50090357103034633
0.44786346615367495
0.42789017979283567
0.45857852860222814
0.24035704598439997
0.39880693568206199
0.52657007409083811
0.49194930128765718
0.5091105984754295
0.55104367521394881
0.54046991005444944
0.54336840594044278
0.51320822488917295
0.49823756669947139
0.41465737166418881
0.49348540223098886
0.50164543930736882
0.46985593731690073
0.47559977847257789
0.57992733191734913
0.4646246608961872
0.4655572400183321
0.54010788395826181
0.5782108269868208
0.50703181799357822
0.5536253655421115
0.4430167938078623
0.4644118251838974
0.50991890434929454
0.52711082899390638
0.46196746097858887
0.52579602241802292
0.53752195229474131
0.56720466710464212
0.54528000431666335
0.5960315746582191
0.45374142861554134
0.43923639454580532
0.47103747796096412
0.42529296873728845
0.47396716922926385
0.44596598374172536
0.42247200780341687
0.52887615453294823
0.55260848908140459
0.59773714374645071
0.49247542926646665
0.50246184592711696
0.45026993853618003
0.43260910835546407
0.49904054467817327
0.40536492742131147
0.51447210478511651
0.5447717925459169
0.59250707822199011
0.52241697503717954
0.57079267658801236
0.41019470946000069
0.43268020032214127
0.56088340793212499
0.5050046627504301
0.49744492551895148
0.47475668080818079
0.41252124996185985
0.541336858413759
0.47829954054952989
0.58432408681401748
0.42053374675628075
0.43054007867345578
0.34859788382760398
0.3585569476390128
0.39600923613791633
0.37534735220393201
0.38171426317465557
0.41575593017648116
0.46772861229230994
0.43167348046015841
0.42359552175883736
0.4612458456151412
0.36251343555320992
0.36239110293298732
0.40749771476115237
0.35519139916517967
0.52761694548265714
0.40729133180020022
0.37378428588366319
0.40825998425504267
0.41292827161607504
0.36065931923736844
0.32540357798679936
0.51140899387319749
0.33726741884574268
0.55069066017172463
0.41079982850032803
0.36670155383078817
0.45831109507176704
0.37811425232217794
0.33300714347576638
0.36057801033514725
0.37036580007920927
0.27689057030511416
0.19900761120759591
0.43200809845962784
0.37433600960828511
0.50571923117472461
0.35748878305952353
0.35795911568279865
0.42339946259549938
0.36228430558133956
0.41952905174012756
0.37350467202210852
0.37503564263109829
0.53705261943757299
0.36263610715600242
0.50298297359655886
0.41535971577272596
0.3489048703839272
0.37619884187898006
0.45063748984441337
0.37923524461076769
0.38423133479879323
0.39402028582372373
0.39086202784616025
0.35455963406323993
0.38446903184889814
0.28618425644296747
0.46699294670638697
0.49286419303802087
0.36371669828325026
0.34693688120529653
0.4405785453264956
0.39834601273548004
0.33912650153367901
0.44733278238277624
0.46886650978791644
0.40509938007662827
0.50979377209487697
0.51633891885646011
0.43978100594253555
0.5301270821509797
0.49614930200358359
0.58630359153088929
0.39701182704059629
0.5389815527030144
0.58822567691462346
0.53249103396089137
0.55978508134571703
0.45337090193476232
0.58112573894978758
0.42460076926538581
0.55798226352928371
0.4001042248763047
0.39455385918200608
0.49738525771856579
0.49148671864589794
0.46349475040784704
0.48700458037837296
0.53811529172738914
0.49143445312888351
0.5156806914987937
0.53176216448970248
0.51195754666813831
0.50116914978037708
0.49736771072258701
0.46069113120397476
0.41454098646446969
0.52031830048575411
0.51335709341092362
0.49346051130701724
0.42443462679218813
0.55911628216748399
0.48822853111136699
0.41910896212674731
0.53433888825742093
0.47949639216945766
0.50105921636064377
0.50746560896652804
0.39986420179861132
0.45540425098610593
0.50372441376882593
0.52805186850022812
0.57693182039373525
0.45018068012395679
0.59100548306660028
0.40794627432348718
0.439290705669036
0.51714209042483383
0.40268649572864296
0.53060018644926743
0.4766159998259058
0.54703506627359622
0.47204342179545655
0.47875020013459629
0.5050271539832577
0.55675190087247683
0.48790183471021498
0.37251095550694385
0.42338694556770384
0.4320591897151016
0.50483059056011159
0.52398184439222628
0.51487387029719467
0.48142253598801055
0.49236980000920588
0.54381337828502641
0.47613743041010198
0.50936565501035447
0.49249555382612814
0.46836220050382465
0.54390405386144325
0.39936550610020322
0.52871631158997601
0.51682767397498908
0.4167146735751549
0.53595829820285934
0.4803308406905441
0.38162533169345264
0.4862689449064061
0.5075636829955148
0.43333699313839719
0.496036198894033
0.52302979187232801
0.49399972994826924
0.53688302228361395
0.57289196397129616
0.30737972957398896
0.45454197688051995
0.49050129198455489
0.45788572816208267
0.39712542424349967
0.55212062855367328
0.45863903338444462
0.4577143238826567
0.45684603011665637
0.51921272650889705
0.50185614867315043
0.50499685427146734
0.54980807378279561
0.50314660897363528
0.490314395391864
0.4834045005772471
0.59064356311700061
0.50278985675740839
0.44791525006987987
0.55195982439484681
0.51559994060161918
0.53054977065290032
0.55053163624600998
0.51869051370337205
0.54317221299847018
0.49309964231280423
0.5100160994052706
0.43512198406385411
0.48730458355273887
0.58210309551824613
0.56337517157099937
0.49959119777751687
0.51605406872865323
0.49272487605047105
0.48178256459631397
0.38719560523602264
0.44294890320025426
0.4568578760769253
0.46113819784159515
0.48391579053579042
0.54996902215810795
0.4395836397087437
0.50831676484473776
0.49455147757448564
0.5260819199529575
0.45440097462217582
0.48369585490639722
0.50846112201700888
0.47960182502338311
0.51097758208157096
0.43908577153570405
0.58461839209723587
0.54287047463056204
0.48195506835546476
0.44368873563567779
0.44330975020580604
0.48298383811543294
0.53874067383879365
0.5055423736770448
0.52768661972785147
0.50358324115696251
0.52703381236261215
0.45067412132436446
0.44833038280504656
0.47425963839181495
0.5014544904092556
0.46104787093663863
0.32979148991059909
0.51318998443706021
0.50930654650587881
0.41936295445163269
0.51682676320940035
0.43293856334898867
0.42488765422409269
0.47688754967318447
0.54432964312499743
0.44191480094260488
0.44230403558140291
0.51903088546411491
0.52468502860917776
0.52386646148501737
0.48159190791520623
0.48258586382336555
0.47995951127143566
0.56489834764942981
0.5729848644509008
0.58754738777801896
0.49271779309520597
0.49724869356172091
0.52674284506192137
0.49181474782347162
0.51138903489880061
0.43288462232949126
0.53916081692513373
0.49390695038745552
0.51645493603090376
0.52965929837606307
0.48835047806845366
0.53120028858326873
0.4847184166638035
0.35352878420505168
0.48896944096598072
0.50861442639403431
0.47172147136779286
0.46509470380498319
0.47437999949565229
0.44806218405941078
0.4076562723553277
0.53378577796444582
0.55645290401598924
3.3727988324375685e-05
2.4944001375782545e-05
0.00024640126541906123
0.47512507079200372
0.42945176686653413
0.6073513631835975
0.57867814360576475
0.47972910480711956
0.52406026273318762
0.61139367655102872
0.5056972949923787
0.52985868022335103
0.49649824122406916
0.46290361507892314
0.61726786392026489
0.48854752090732828
0.45724818606401935
0.5097628996404675
0.45801776151437934
0.4565527173018466
0.40729813274917653
0.37808111816449175
0.53590936855049021
0.51992916380488674
0.52393069505553846
0.45353314660086219
0.47345650785744492
0.5288248560879486
0.52247072493838087
0.42735254860240535
0.0094227117670658712
2.0458318191480091e-05
2.559331573447685e-05
2.3819068280096431e-05
2.5744048558805258e-05
2.5571275207254507e-05
0.40070652219588998
0.45679538114662105
0.42171978482443573
0.5937537526613581
0.62985408410086652
0.49559344800275335
0.54260859098735736
0.47576979002050801
0.52077664669180557
0.46694474037860645
0.52316192702285713
0.52124631446222558
0.46158524737636308
0.50421332406750197
0.45380014920982237
0.45589318745571661
0.49787191919804469
0.39235956704348507
0.36169526465159468
0.54161018719210763
0.42640277618459549
0.55559741496052728
0.4458454683517048
0.56539385498768935
0.54272436593725881
0.49960502547579699
2.5963130883360419e-05
2.7695400499632419e-05
2.6401559952061088e-05
2.6503234366779354e-05
2.3781526675778488e-05
2.5434129930553967e-05
2.6179430043650302e-05
0.482015848126011
0.46857883756356944
0.53438303257818431
0.47314289152395228
0.45067327630079307
0.42804820050476428
0.52595609601185023
0.65533981054723367
0.49131259291918367
0.44207635551113533
0.53348135050558254
0.43316028980058896
0.47035225067186631
0.47435818186166201
0.56406473426910486
0.44958557002909577
0.41706780650856001
0.37606079092252498
0.59118491499342629
0.47777929182489498
0.54005169217191218
0.48877952517710399
0.53093308929002248
0.51948109413393195
2.6412373416593718e-05
2.6114134268773787e-05
2.6086429277047039e-05
2.4843828492542216e-05
2.7086382255281388e-05
2.4252590226256759e-05
2.528937109841507e-05
1.9676061351638596e-05
2.5185462752823528e-05
0.51827216228696682
0.54203317884970847
0.54681998414334121
0.55981178837563284
0.44302534446719327
0.50059650010248868
0.5576132401942745
0.49598541305532368
0.46429337438551177
0.47615613157104397
0.39975810510670728
0.54803009245631129
0.49669893314820235
0.43539450656745038
0.49697432629246946
0.38742196107955107
0.39094884960754483
0.4425175397154531
0.46992791160627712
0.52966145078176774
0.4783486276556323
0.5323786810603901
0.47880866891098245
2.6594837588609808e-05
2.207545193855022e-05
2.4278760811753902e-05
2.5196938640637171e-05
2.6700159244502911e-05
2.5863585086004486e-05
2.5662622164783918e-05
2.7112050162078186e-05
2.5854582780291985e-05
0.49646375237945078
0.47820569785193534
0.47772945820541096
0.47672774554239333
0.51053999585081233
0.56907405880843331
0.51991586901585551
0.48961315533851463
0.48471940129526403
0.51807697986535883
0.39148811292170982
0.48936372820784352
0.51324074099224948
0.48198120765634506
0.50839466424800672
0.33750157957201432
0.39135005922401778
0.54998558756833471
0.48688606064439499
0.51746854119551222
0.49502121403713351
0.57771548064913558
0.52136359874095561
2.7446591644582265e-05
2.6793375253963288e-05
2.3361928534553973e-05
2.3363351296142651e-05
2.6114778882822298e-05
2.2357462557517567e-05
2.6800986074375227e-05
2.6897613229969828e-05
2.4271180019399993e-05
1.8067905929030728e-05
0.48990509066334953
0.48254082661738551
0.4770813132095959
0.54170891933751386
0.48140802537266386
0.51187001022199141
0.46601336304539553
0.49734234316227532
0.51372180343118123
0.48215264214619236
0.44433617050031599
0.49575696006354325
0.46100877816760855
0.52062438734990213
0.47628037107407123
0.37684312529359132
0.50684573526542986
0.46474525998195837
0.48858327230343329
0.61245095374498082
0.53117336179129582
0.53002634077268984
2.5411007823592419e-05
2.4251503120278575e-05
2.5007396950985814e-05
2.2739492361543836e-05
2.8647538515849523e-05
2.7873446859084968e-05
2.2759920052172591e-05
2.5475829505798481e-05
2.78507451515401e-05
1.9735083208400036e-05
2.3802757173375079e-05
0.46104854903377951
0.43964229454490411
0.5097245976526078
0.52122449262965076
0.50344256474374249
0.47290659790203271
0.59494235063017875
0.57253448764906767
0.48831417712279518
0.60583177098428109
0.50524688357377889
0.50052990430054778
0.63284452944538661
0.38476628559718162
0.40146693233702269
0.4425548171169062
0.51926532452580365
0.47472132574749598
0.45379663940142501
0.53107038125458716
0.56634533350039329
2.4704456038093969e-05
2.4732124888472298e-05
2.2058280110396525e-05
2.3740704392986698e-05
2.441516992939332e-05
2.5355277908218289e-05
2.4705412855103777e-05
2.678095723642641e-05
2.4623103748961534e-05
2.6307852500695437e-05
2.6426885798899817e-05
0.40641502986257183
0.50192705548100003
0.45689299242780668
0.45874018266691857
0.51744896835255749
0.43574558545140812
0.45398793127948828
0.54852639058536645
0.54543602572892469
0.43009211721962881
0.49605711837399319
0.42505707196014203
0.53195421080993943
0.45677819895677951
0.39599509567353663
0.41423255876909282
0.48304349619185483
0.50779099427816887
0.53443788033882567
0.59431474725875555
0.0093586599743802745
2.6358203393329621e-05
2.4278868093538399e-05
2.4504285654794155e-05
2.0708435349232798e-05
2.8968645920125445e-05
2.4986048767575127e-05
2.5552607367601253e-05
1.8922749858050618e-05
2.7084317682124388e-05
2.2246538614429431e-05
2.5152359387768079e-05
2.4003754604134438e-05
0.47559920566582647
0.46667439963610641
0.49785614657389599
0.45674606793687361
0.47673272729062843
0.48356742650124934
0.55065252364539852
0.44279224850510196
0.50093993376601886
0.55235470346317372
0.47266160238859173
0.48578085809186555
0.37042394707644988
0.42577491610333695
0.49641213017052993
0.46652363172828709
0.55229847491532935
0.50471580531125837
0.27361898563039183
0.00644901707371785
2.4519534651514318e-05
2.4947179013227632e-05
2.1890767137032564e-05
2.4849656450555656e-05
2.7472789119555867e-05
2.8291646460939949e-05
2.2347857440811818e-05
2.1455451648049252e-05
2.3353250511446417e-05
2.4303223830507959e-05
2.6736319984652235e-05
2.5960890358708031e-05
0.51435826117898042
0.52804312944630094
0.60240420431518704
0.47012622019635553
0.43485458850503195
0.55468403538830036
0.47613544973994942
0.48678254700454332
0.41014130118106912
0.62338638651309708
0.4600471751670272
0.38967920714413856
0.48567174422113513
0.43567814759809131
0.4848595324638012
0.45624160529638375
0.43084191532854021
0.46360751078922025
0.46942365265950192
0.42373869001992465
2.4491553151525079e-05
2.6023364545352792e-05
2.5110059787186109e-05
2.1103785255311961e-05
2.9021107865638485e-05
2.7436435550842401e-05
2.4277331546228756e-05
2.3952018855327568e-05
2.5298604849207338e-05
2.0039922651866285e-05
2.7263405959455748e-05
0.020147518959811171
0.49573207198247443
0.46796756407200973
0.52870939138677808
0.45554861203149405
0.53083021665509544
0.46288464179420996
0.49184894025640419
0.47040181312516
0.49677086431517159
0.424734201632602
0.39050181994467359
0.51258937764829415
0.31181673369860302
0.36191761890671093
0.53450523940944683
0.49532160561830479
0.48293880450734028
0.57559858048646206
0.52943661157084621
0.53810329003720181
2.6505421510758058e-05
2.3414583675324764e-05
2.4645125214236276e-05
2.5426137091946248e-05
2.2771177152710649e-05
2.0921672516513224e-05
2.5425046964067988e-05
2.0404951792856721e-05
2.0456873243979597e-05
2.2287081733346435e-05
2.4717581634792512e-05
0.5262372277973234
0.52258503011831781
0.45269060761274388
0.39170881368146776
0.49217744378262679
0.44288585998886398
0.45094046983517122
0.49218459748324173
0.50447207974537922
0.51550664042767147
0.49034501442042605
0.49316182549038851
0.4857273280025618
0.39980437212313991
0.38409297762226602
0.41396939533624105
0.43503692297768526
0.47149286428442699
0.58226956092689952
0.47684196230024822
0.46659020386623262
0.46733584983691567
2.5789114963956937e-05
2.3671117913327554e-05
2.4412250130853556e-05
2.5255350408952876e-05
2.2798457201999456e-05
2.4142414711270719e-05
2.7679835068904092e-05
2.5427722404202083e-05
2.7967087857812708e-05
2.503071748252351e-05
0.0005509514626287987
0.49069325347804166
0.59206536793330466
0.51430438011741575
0.40559564153338029
0.53344189032440648
0.43858846887191416
0.48494914255633809
0.36529176895766652
0.46293042015800573
0.49635960649879235
0.38680633105168105
0.48001498762165001
0.4427406631324417
0.36288690920562477
0.49422956699735404
0.51228096535044976
0.46923722303570792
0.41202857647656999
0.53423276671789244
0.56956082324288249
0.51847711574199506
0.56304875133924226
2.4076442444603546e-05
2.5493060904949159e-05
2.2500998459959827e-05
2.7577103845589968e-05
2.5249825757467929e-05
2.6842027767427001e-05
2.4506720641147493e-05
2.5868346433328154e-05
2.5005337111084841e-05
5.129701896032526e-05
0.52077828302453333
0.50110021548672912
0.52835972250716989
0.52636998367156707
0.50366010429780572
0.53771550604176765
0.51453015422563042
0.40209493457707529
0.47222602328881225
0.54413402142805933
0.48485890856352076
0.46807806234023369
0.51964790375763548
0.37810496941485783
0.53018709501162298
0.44935378625234951
0.49258555567696133
0.53313786797820384
0.57621878026036011
0.52978965029792013
0.49193277173078126
0.47245716720796327
0.46789079531685862
0.50763680460063432
4.3082235153754466e-05
2.8061941641610275e-05
2.5559678374129975e-05
1.7491230655712743e-05
2.4108714754715348e-05
2.3482542145003197e-05
2.3809641471924714e-05
0.44296469724128656
0.51807652128640236
0.45093911683339571
0.44720128152769772
0.50613124935886422
0.34233341917045207
0.48716913166708053
0.55916741110145662
0.49362735215381293
0.53012744405228895
0.4631239244605917
0.38778156899147043
0.46311921572534864
0.40375843711340575
0.31199194642428535
0.45080776592210509
0.49656239479360254
0.45730236084498932
0.44992114060394589
0.42860983144650572
0.57370048336526736
0.55159425160076758
0.49893290726694128
0.41702780628729103
0.5034931313676746
0.53553162627099749
2.7580597431082335e-05
2.6143865283952356e-05
2.8506335129042618e-05
2.5186304163933998e-05
2.1531967585850266e-05
2.5737764968222709e-05
0.4752249713982139
0.46138972581810062
0.46730989408626489
0.54153143741314214
0.43914344442558373
0.50343642772459485
0.45756173572692938
0.5003175773480123
0.40841302547729386
0.43308436706539721
0.44128314674868058
0.45263669904819381
0.50370701215884661
0.36022366937752154
0.44678068379057412
0.36374852269303315
0.54259369357200793
0.45247607139294016
0.44227193328360465
0.41566223471542929
0.63592875454668241
0.59189495756676291
0.46409623423619661
0.54220012779975379
0.43745249550975723
0.58802707115899078
0.50203531861994677
3.0069401753101276e-05
2.354785629668291e-05
2.863963067222563e-05
4.2407946484347856e-05
0.42698356730534903
0.50108062465039294
0.60494077877402308
0.60504519266849965
0.45168351082421831
0.52725851371150345
0.57662516216651427
0.51386787377412746
0.50442215944547175
0.54179026705204469
0.57604620853427646
0.50171261305461501
0.42636998914177876
0.41291415794444297
0.41276368802751501
0.41222184455131344
0.53874577949079949
0.46336558895182534
0.5247845691355979
0.51761133528585601
0.40216050932295172
0.49643981348742999
0.58423972259486023
0.58322701434227864
0.56628272937674207
0.61732584438057392
0.47062585675875124
0.60614748447522082
0.47149100755252149
0.47597291316204171
0.47782716139047471
0.4539063818009218
0.55416878941095726
0.56098891379980775
0.50690449355670808
0.48456464185440162
0.4925339687490019
0.49904906639484115
0.54175767722729273
0.53578894545101519
0.50371513169914028
0.45464166426782093
0.46173453320381019
0.48739237812767577
0.57752408601458372
0.51945600167542871
0.37862319317879178
0.56897422907291184
0.44622539879371736
0.45198144829075582
0.47755443035421113
0.51451606081869772
0.43890657532823446
0.47079599062084582
0.64600040776460055
0.43867996571164053
0.41488861940699612
0.43425913816749862
0.58319096307511664
0.50342795728455825
0.51151248685856199
0.53778373301089433
0.59792493333476071
0.47182308655652766
0.46231277183422781
0.45697805059083912
0.53446219944179174
0.511696471135061
0.54647554639556806
0.48302040482589248
0.58782155202006725
0.36737586629929836
0.49045400957556812
0.48384909201994475
0.47877341227273745
0.49449566135484585
0.45812476489637322
0.55989994766217777
0.29779154017576048
0.50200590353131513
0.47723266119245877
0.56937322221432896
0.44132876945606836
0.5833356200123645
0.48122674452442277
0.52200344847661695
0.54834160251226183
0.50184205896476419
0.48721880209037949
0.53191379771227498
0.45107668081743191
0.50965387297577591
0.51785726168662116
0.42355848150443259
0.45213494102581753
0.49291682389431496
0.49605872657538835
0.44561787422709703
0.51358246313680855
0.52815185464700276
0.54880185369474876
0.51516767409264386
0.53538331132175088
0.50500718328916938
0.59849282269271598
0.47159400402590584
0.47143314592239066
0.51872686251870903
0.48771448138887802
0.47080781066288668
0.47144813963244736
0.3577406471159808
0.45192017751912006
0.55471665527506264
0.55089111025248172
0.43971065262790487
0.37185081972372197
0.54619298467528354
0.54396234289608714
0.48491969521258038
0.52581255567080132
0.54615090138955458
0.45215304288564023
0.49698136863879944
0.53710624457166301
0.44110898390819764
0.51455814553381474
0.44916123607107067
0.51629499255361355
0.4233364564331486
0.45236226867398494
0.58006186062106668
0.51939630603479292
0.5032824643164
0.51331312748295455
0.47047989328152962
0.34021217344450461
0.49661584134092485
0.48156206686426256
0.56750063910121074
0.49994262775415044
0.43762669097517803
0.40605035023586405
0.31685869243621223
0.4676501869115724
0.53305766677737076
0.48644840520361726
0.35779705920879401
0.48504300356593488
0.56959940997061687
0.55010952382785505
0.497918482048954
0.57621501268513664
0.51877237714137781
0.45515146227646636
0.5274950345303584
0.60779707598109645
0.37841060303433832
0.43586352785261689
0.51540980889326349
0.6298636443228447
0.54735087005046801
0.44446464944472969
0.46366515279247528
0.53439502168970465
0.4775702529171677
0.50447892263967198
0.45297046156979015
0.51940740034560851
0.55586921551295509
0.4660239947156512
0.50252617495587493
0.4963176258951274
0.56472341768138867
0.45100440966042848
0.42212466057565601
0.46859078988474889
0.54469992369642151
0.48842631860715213
0.50153061912248242
0.5111018476313971
0.54356077598323471
0.47867981531866383
0.48874617327454944
0.52611384356223423
0.4523575697615253
0.55741803646604504
0.54179978340134105
0.54220751470141237
0.50080642164699463
0.48900387772924203
0.41487934826440598
0.4526918150596721
0.43436185791277326
0.46626690427477424
0.48648846966241688
0.56236366587235753
0.50451927425546528
0.51832100330338382
0.4981555451604755
0.57427344362498012
0.52415858508182733
0.46648721835753698
0.52838495212798697
0.56049040112035953
0.43615453502586088
0.34769386978695915
0.39476497364191865
0.53987696088497572
0.46704033107298265
0.46124264944081744
0.51536544022622888
0.47178484108746294
0.45685967676166722
0.47011194701376119
0.52710487274200957
0.37737951358892058
0.54081984406670869
0.59874648756669768
0.48806415779370249
0.59183456193357697
0.48377047680529367
0.47122998505449071
0.49636026105421027
0.46101353754178687
0.47472940389937857
0.58754872206433595
0.51460536500824039
0.43035811492615977
0.48369119365947061
0.55624531092612561
0.45886650286704977
0.45455203454743354
0.55063820514149997
0.54769968090510834
0.47012169861783742
0.43902679514756421
0.47239399286473965
0.46580696069736754
0.28035084296960133
0.47597954118945379
0.40001167404455779
0.43174499535232397
0.39237588193556716
0.45628956645647012
0.4503074782262631
0.40852442886647433
0.35882456161821469
0.42937212725549928
0.48255157123411863
0.4210452798203414
0.4635829462096252
0.40093331958319051
0.53586248054429764
0.413984600705254
0.29451287999244263
0.41289590591422337
0.39536963078493037
0.4222927515666382
0.38392546146735407
0.36339059011521635
0.27788777544045162
0.51485505928881192
0.48134181753655764
0.36715232543951482
0.40803221945243928
0.4093224334960453
0.54544461117118048
0.5334905995841267
0.31869023495583348
0.33702629509678245
0.1858353415869001
0.36920632927088226
0.44671551669657927
0.39332317105898951
0.46730671559781634
0.4374072776213605
0.39974677908142087
0.27160599294496951
0.406747217815077
0.44889439147465798
0.39280833040267349
0.44832323372389693
0.60510672303875701
0.38198106045995012
0.31134897784959281
0.52081502833490079
0.36225936422257404
0.42274953863382492
0.50846381826423237
0.42012198782546661
0.47534324241548837
0.35002245795303033
0.41304984087538865
0.44054640405731305
0.43040479960826666
0.44300918720617516
0.49380075433165305
0.452567057994605
0.38966266486716361
0.44200984336900773
0.33806614180311334
0.24186729671405069
0.3978325992976024
0.48255201515734703
0.4760248949976707
0.52483167132582331
0.5817057514068299
0.49418423171576309
0.48532231395919478
0.49184566490224024
0.54920514427109679
0.47393700127493366
0.48917102009096392
0.57753361313596852
0.46563517975720542
0.48280471047378382
0.63221227267550006
0.51298522763544119
0.40877607088432633
0.47844306042491813
0.44396159642300448
0.48269707606549211
0.45044311349296073
0.55994616873156611
0.59150714933779747
0.47813662063266049
0.47454297753347008
0.45391391983420853
0.50088508022365463
0.55766360001358961
0.51699114219378395
0.40489747503537604
0.51669469010674007
0.41616048028186087
0.38870061514622528
0.53331465114786691
0.47019641138364748
0.47599609832836465
0.48530717729925382
0.5212121587772941
0.44214131638324816
0.39883684713162926
0.5484021653007537
0.42374999374926858
0.5697041007674446
0.46608061099816622
0.60295875968098067
0.52056109372740944
0.50222795987141033
0.49569047743725181
0.56538430501818115
0.49005121834696075
0.50662706524564682
0.57978253289163928
0.50214169801739572
0.50216402074877131
0.43100637475343095
0.48082768308191792
0.59222471576819991
0.53772662783716252
0.52147380781171082
0.49001195859522229
0.51873717225415283
0.46693942099380159
0.55487062064600678
0.37692964960705866
0.35338886608196679
0.42348055944949642
0.49028695116610921
0.42149132070914325
0.52338847863126359
0.42986653872878711
0.61445847341443094
0.52026392321266779
0.45630086181189394
0.50050641930102857
0.44466149652610976
0.50693849467920549
0.47813809322719286
0.54861309815548198
0.43317532206421205
0.45953732542968545
0.52309546818432151
0.46770499870259702
0.59156554575290166
0.47069348844635511
0.53706493086142226
0.5369465097380709
0.45886585170732064
0.51818318524164109
0.55208101077190896
0.45680057141424646
0.51207788348477601
0.57292595071704988
0.42273674363754804
0.51768501559066304
0.51914026349339515
0.33785755760971686
0.4531713419415685
0.49416527686415296
0.53873216035664773
0.50097028326154258
0.58011650705940232
0.58708620146441437
0.47127466738834256
0.44981103881451112
0.44544226044684593
0.50119472230771123
0.42045307324722442
0.50604623001916305
0.52383195928224613
0.46520776165301658
0.53598211393196915
0.41825541820403478
0.49877787485306463
0.58615120961801581
0.55436403657305455
0.49261326007564826
0.57979544734550248
0.56668425328137206
0.43265350885211118
0.51431989016164825
0.57021244700834695
0.54251433728114073
0.44075593793565004
0.54479118106399516
0.42943167702753876
0.52697657044520529
0.46321590348671021
0.34242899636072621
0.37803042092414008
0.40657317456895831
0.48951372542238053
0.469818819105773
0.58831564689057791
0.44132793752560007
0.59258713187854983
0.44303074551519084
0.35183762433445909
0.42179632510603182
0.47914316932688905
0.52619749310963004
0.46063745612158541
0.53370969827040771
0.49265491405450418
0.55798264047952961
0.51977069826681355
0.52475052902298736
0.49147521414082346
0.49054473531004728
0.52315752021462147
0.49621162059879037
0.48961701231270033
0.47061378713598379
0.4920855371308806
0.52064013844364776
0.50041031367852873
0.45527489712747271
0.50356928790386957
0.43434129181627529
0.43126625412604946
0.42450424481299653
0.37205800259151345
0.54428927684038464
0.45339524934402403
0.50740939159974319
0.54245191997078934
0.47888662290961642
0.4946960106606012
0.52680369293809093
0.57092659212193864
0.4844376493241489
0.51295557826670424
0.4711625823617076
0.52943641445688616
0.4184103408224723
0.48302848790264369
0.47580167453051858
0.47455930769320559
0.5125868149094851
0.53555221568282896
0.48307578374200832
0.48721261329921062
0.42621120011862362
0.56229931571300917
0.49590156687777903
0.42725827748331879
0.47621010553078075
0.41301835750582505
0.44321986875412617
0.50287605145178316
0.43134614348720396
0.52839368027039835
0.40004541014097994
0.39016823103946369
0.51905732251918246
0.56006661354973852
0.4608606693177783
0.50409935588299626
0.46192105578027887
0.46478778501164159
0.45473255030153659
0.51723990538403708
0.48198974896155217
0.43817946309497141
0.00022113594902404296
0.46309623627333102
0.42775283428156891
0.48810478161398629
0.48256518851886515
0.47657723185521156
0.53123124194701821
0.52320773670300269
0.58242072100354625
0.49321163331645179
0.44430130572756704
0.54028614062090941
0.56953748993948849
0.59145924910999159
0.48935265515613535
0.51239889389228621
0.4210040960035441
0.51263176772082009
0.52402274670698679
0.42624478906147778
0.30616369657354292
0.35092491490359728
0.4823994807409191
0.51551350577020272
0.512517737319233
0.44860960129879046
0.46948158174593696
0.55468763792101805
0.45425259963054965
0.52370781378575038
2.345713699123942e-05
2.3887994277946373e-05
2.50239363278684e-05
2.7228824241186755e-05
2.6404349633873984e-05
0.57005452860031747
0.40011747590706132
0.53792138085263319
0.50903406441248855
0.52485307230211142
0.52251932003819079
0.57513864338673948
0.48296946967135024
0.44642948705406338
0.45496718976923717
0.52121766148503668
0.51664537824775481
0.54677932456992129
0.54181674797881751
0.46239875829991967
0.49306056440452445
0.41397126227274078
0.47020818927237162
0.34824909366695922
0.5028855505494334
0.47556483659369475
0.55055669272110852
0.42247956678084136
0.52780418955607211
0.48741208128199853
0.53808846884165318
2.6027651904976361e-05
2.6045152152281248e-05
2.2453906210462902e-05
2.577239873344187e-05
2.7629017181420135e-05
2.5685100110739037e-05
2.2652531488836126e-05
0.57771902057701696
0.48263128496304064
0.3920245935268144
0.50177325019549956
0.48825401322835849
0.48016897633611244
0.47828138198014519
0.52753512380671108
0.53577326040936701
0.46525058570294564
0.48841097955631541
0.5036085498256806
0.5360704634572514
0.43100852818779373
0.58842306123287602
0.49462274064374151
0.48126181910514265
0.38009580342768451
0.48288354885952162
0.45448301210622849
0.48859239097031776
0.48505879218825659
0.47735780671455791
0.42903558461101443
2.998729934423891e-05
2.8897707384391824e-05
2.3269551444643313e-05
2.0544796955290605e-05
2.3237180329464124e-05
2.3020723685012188e-05
2.7009293366311084e-05
2.6502595111735744e-05
0.0074414870919062796
0.49551791218327657
0.49495054088410306
0.5083536880918329
0.42720558249084239
0.49281146776529577
0.52603699699020912
0.38972889096400348
0.4967372281005123
0.50329956030383405
0.44663566909329155
0.46741856005943899
0.54967800935929378
0.57429513456664893
0.55980479570630659
0.52936176871155927
0.42648131431497105
0.48175505597165696
0.51477302077742282
0.45175689323646151
0.52207417662188116
0.51737470132713514
0.50884378615245018
0.51947727668426769
1.59157260227282e-05
2.5791156714555772e-05
2.4404246004213394e-05
2.6383892792956332e-05
2.627236921754058e-05
2.6092019180945251e-05
2.3915801021223524e-05
2.4863737817950632e-05
2.3015551867267944e-05
0.36141332721326397
0.54859296243801403
0.51983089457966347
0.51187734117100747
0.45212898394935558
0.47238386160678647
0.5275946090043705
0.43827145509845439
0.45027800292037456
0.52737061524853324
0.47226442790403261
0.49404542157606191
0.54132994169368709
0.46417300830113434
0.56215132731807382
0.43632572903775069
0.37392821013616495
0.47519993762474444
0.45065833972184488
0.46828490915591398
0.47300643374100326
0.53871071295285888
0.55380126746432889
2.4976328423918841e-05
2.709748913962697e-05
2.5950098588710337e-05
2.538825439778741e-05
2.7172110801562468e-05
2.7119637224234329e-05
2.5707263571369706e-05
2.8165187901399242e-05
2.4824045364841395e-05
2.4327275581316664e-05
2.2223024866363594e-05
0.4445913448932145
0.46555078906218844
0.56299215619502829
0.48637023186644712
0.52276287359415186
0.52319724252510114
0.51204998783277145
0.5675386510227457
0.51363385582236598
0.45973599290587841
0.47105609115197744
0.44733894682262376
0.4853156418666128
0.41196366417770131
0.36569350211704249
0.55351674871780943
0.49563081982141727
0.6538428168917122
0.46397959614722051
0.44400669856050001
0.664610200631641
2.4448680919171691e-05
2.8127723163075399e-05
2.322626206963419e-05
2.6337265452210535e-05
2.8383970825176867e-05
2.2761881400253196e-05
2.4246775902738433e-05
2.2631121812701023e-05
2.789944988253366e-05
2.8129210107380399e-05
2.3258862301968209e-05
0.3263980758972439
0.42704225812115054
0.48947617483349859
0.64605364579226243
0.50654086711974045
0.45542843906393249
0.48988887603912584
0.42392931231425179
0.45407829193618071
0.48151145023960928
0.47708015664993825
0.5473160171896877
0.50338191826342948
0.41436550335064093
0.40467488991698086
0.51358724930096311
0.33622746769976553
0.47244643717754281
0.43701343618602684
0.57155701500995426
0.44257194853372978
2.6286921359887391e-05
2.2511755839740594e-05
2.7743804203003909e-05
2.5311813007852076e-05
2.5346523499526576e-05
2.5881784105822926e-05
2.7467708190777651e-05
3.0358002304263899e-05
2.9092377545585085e-05
2.7194983283785856e-05
2.4594504144187262e-05
2.6265037643630356e-05
0.51194521936387694
0.49023880716499957
0.48698945810873928
0.55829142235829199
0.44899128940634292
0.43552467923672661
0.60590150965871981
0.49776401142083054
0.50289817915562773
0.55640502777731493
0.43708255805932339
0.50701028298260054
0.4975974155645802
0.34230204966298761
0.6254227581333528
0.52978490200247119
0.40618022485543837
0.56609713192381628
0.55192732487944618
0.00017453382605095517
2.2958738609944005e-05
2.3220064692782535e-05
2.0355116220615381e-05
2.4317705361802232e-05
2.2630674133900959e-05
2.6474036689483006e-05
2.373611172568687e-05
2.7408419276467724e-05
2.7346402358239936e-05
2.444100162243807e-05
2.3746190414819999e-05
2.5499301556472268e-05
0.50589931891595286
0.44943693771537496
0.55233889232614264
0.43827888633424023
0.64225281115077826
0.50255069712650702
0.46632604324153976
0.57216978693697651
0.45471257871278248
0.53496994314563129
0.54210573677590013
0.50313829010557598
0.33955459988597481
0.39204391433100055
0.46050201778163846
0.60428181394095937
0.47808554760764133
0.47492206326689357
0.53890993106237306
0.00025597799970377051
2.7103040522404315e-05
2.5707954862155883e-05
2.6658127520770922e-05
2.4187115280387562e-05
2.5752602491097885e-05
2.875518662665655e-05
2.4417844388023037e-05
2.6049793556072078e-05
2.5472682648669027e-05
2.6187006751039891e-05
2.3351208795224529e-05
2.5210890471064745e-05
0.54612110492133692
0.46249610576061911
0.55455717108022196
0.4357259052404322
0.4844192137534209
0.47576279989875653
0.47545279677971669
0.44557744386788734
0.53106752120617295
0.46514000645304426
0.53733746387583592
0.45133213770343594
0.40360339011551544
0.3845740648434734
0.42962846137310817
0.5403838335136727
0.43759689130806739
0.5412381083329979
0.41795571950190841
0.46777507233799231
2.5888112212416859e-05
2.2240993213789249e-05
2.6475732380006497e-05
2.3063730461068175e-05
1.3602794242468478e-05
2.047343763829272e-05
2.9183565701506718e-05
2.3196160314185371e-05
2.7864497772432522e-05
2.3484557757187977e-05
2.5247268795610431e-05
2.5421915887265016e-05
0.51920962254217717
0.52379895654311892
0.55851789554022035
0.50422923581712065
0.47085841991765376
0.4974395430574276
0.38575161562852756
0.42637300141867301
0.47159312091433758
0.46684838097584236
0.52492681856774781
0.55229881886190002
0.34730844432602387
0.3300306115752018
0.44857468745244239
0.47747589079172426
0.48368594291164901
0.43792444490466154
0.55905811212844403
0.47570400803267548
2.5364520036300141e-05
2.2403227303675545e-05
2.6486202793705318e-05
2.5129977928206048e-05
2.7009387047082161e-05
2.1975889170905225e-05
2.3126764627020237e-05
2.4946757504202439e-05
2.2443753997936893e-05
2.2225360857509535e-05
2.5224718501475233e-05
2.6279689308281471e-05
0.58844285646360928
0.5833330525727769
0.49703958246731839
0.49121549673947118
0.52762179245002927
0.47494543042068132
0.52695774753680114
0.45667950796605611
0.51718406277357609
0.5329118308732107
0.4573437241384179
0.46510774331553317
0.33846931470497937
0.40118580311664459
0.56099029601252026
0.42073025816594656
0.49403025995197386
0.49814053151012649
0.52717851748505906
0.46522630441671775
0.54446505119861865
2.4081854555568454e-05
2.6421433973467717e-05
2.3344219755396208e-05
2.6922911507059234e-05
2.5319571091614953e-05
2.2529412069462296e-05
2.4095466333880581e-05
2.37225309860514e-05
2.6026700479028841e-05
2.4603511056269909e-05
2.5668096425604337e-05
0.47312491709361554
0.43068035794075699
0.54830559758185216
0.50680072557422251
0.43574951132203438
0.49766939164325602
0.54423533218271847
0.4575793641430676
0.49416144520777883
0.5975267673931921
0.48133450734352623
0.51931069124112228
0.38048755443310894
0.47072402457314999
0.49330245937007239
0.50803902072977192
0.52165754416033117
0.40277580559028137
0.56134590275709051
0.54557728724570698
0.49811922583236784
0.57920487605703674
2.5319924905014992e-05
2.5622628722602758e-05
2.189202212830152e-05
2.4517849569669164e-05
2.9672820800114643e-05
2.603487914477705e-05
2.5246990663602264e-05
2.6439613484377609e-05
2.7534921783722503e-05
2.6112866225015159e-05
0.42902809253187457
0.49256215972137668
0.42051742148640625
0.50323004189977405
0.3746129885840343
0.40245608013107115
0.53758804143371175
0.55823589042398813
0.48560600805687787
0.43919976910339353
0.45821902414778309
0.5172324966614984
0.29146986888556847
0.40050731795760997
0.49523021330579625
0.47288596416099438
0.48230146493262688
0.5156371391893233
0.41413139019902151
0.49233557084505702
0.51843986045273849
0.43620944304189624
0.48297747845210243
0.32722133675262155
2.3568867438768542e-05
2.2519362516194817e-05
2.5571407507332477e-05
2.4420986210776326e-05
2.6502223899497702e-05
2.5605558211844959e-05
2.2941302446618822e-05
2.5009446910349308e-05
0.53659138084829139
0.4455689653420204
0.46521735943327819
0.3610637806230782
0.52931809538423324
0.51413050004762573
0.46166461177159829
0.59232429168880385
0.54646720553329742
0.51592468437148531
0.45370004549156118
0.56649701034628808
0.40621107405521967
0.43865277062009866
0.49756599779897281
0.46961532701399422
0.51664179662086984
0.54193453848202788
0.50095829699521988
0.48826689078557578
0.49640232296819259
0.4656973723840715
0.52350077661836281
0.54748244680467417
2.6708851853634855e-05
2.6579484755792237e-05
2.6609398166385217e-05
2.7258553176140903e-05
2.4629599998227731e-05
2.1420138335895952e-05
2.511466114756148e-05
2.67748593285516e-05
0.54537521203191697
0.47302389837405417
0.49111557623903518
0.52247199613858064
0.4127604159383399
0.45764161803921638
0.56450616914066387
0.44585684952599075
0.52822737391387042
0.57336386561440633
0.46818885509040303
0.51030702231218084
0.3622902597496912
0.37105084334248195
0.52313893248239451
0.51419057870741236
0.4830368582007552
0.54648057559520635
0.50973420075455289
0.55208330769368064
0.51741628398148587
0.52698723909771428
0.50821924722480594
0.4646403743686543
0.51835745886661178
2.7588901549857122e-05
2.7145477286463856e-05
2.4309248600591106e-05
2.5735311402733637e-05
2.5859546003802512e-05
2.3453777922536532e-05
0.57404465811346495
0.56573564043522084
0.59205639996138359
0.52261612951452274
0.59550644337454439
0.46580777729590683
0.46730747307955151
0.48102062980121146
0.43463733839163221
0.56822196183520879
0.52887190366049019
0.47545386663912509
0.40728015203156082
0.36931949010143972
0.37786705080459321
0.59407685899772378
0.53614049439351474
0.47037671533829178
0.42039193546886577
0.48776240144716848
0.47668291815977826
0.49070826625129393
0.47533692926571225
0.46535790987050235
0.44535928542474251
0.501801260191582
0.55963807740960958
0.00037859135179415772
2.5242423403842077e-05
2.6944183962556988e-05
0.0091349923740107804
0.51072581212974522
0.51125641212570605
0.46945103362465823
0.50001115642984295
0.5139155535648795
0.48572539587363245
0.50309153057827871
0.39318208918064068
0.43156967946790431
0.47276128530854494
0.45151640800030107
0.51519351760856491
0.52117526924970003
0.42995666807282723
0.39846737018133732
0.38231976356218261
0.58814087906820811
0.52522637526044202
0.52366115675045177
0.54044072862880865
0.44190623261882767
0.52092895112484239
0.50460714562002207
0.54628896770902102
0.56873446490179558
0.42828332228255256
0.44148128106125029
0.4623366686658652
0.51367970689001774
0.58423239477704914
0.52237224672513183
0.54935182870479615
0.46082430083490955
0.48253997799175075
0.516169498959407
0.5323446005990663
0.40312351017011699
0.44501195844771874
0.5640364698872945
0.52010061671847985
0.42064199498768218
0.47574088113745111
0.50486750266043312
0.65953366417622172
0.47236704838309401
0.47026085763623937
0.30780559182117501
0.42783325002554007
0.4086438309961995
0.48891027738877602
0.46579052874050014
0.57297547079175548
0.54975682131335779
0.50177878178847168
0.47832839236055086
0.51458859156534908
0.4905286217484679
0.48181332322692655
0.43342166658384385
0.41287884866676838
0.50856366410501352
0.51735957528193177
0.46182541847762693
0.37237154752553531
0.51760416089437544
0.49647176891171896
0.52892243801562655
0.41860340797125456
0.27912695558715861
0.51745890593930777
0.39830551639062689
0.47362119332177122
0.53553299918444652
0.48094665056859393
0.50925056815174707
0.53993103199195491
0.51595990843145711
0.54279789538884471
0.61039231570047625
0.4106865300526919
0.42066190060423803
0.58703983268011473
0.47544565904570946
0.43992600522032221
0.5622601810193808
0.52460577455660284
0.45333476105916271
0.57695065071382978
0.51890251704918011
0.45686307822758321
0.54400544425892117
0.51106922809788624
0.49006634194123672
0.55260335083386858
0.50312047407058702
0.54124652595961176
0.443589799440613
0.55775428759738577
0.51246346484169658
0.6185439371491076
0.46183338115770828
0.49681440240832953
0.49281302592870868
0.45123764444478376
0.49537344912132492
0.53083074493548543
0.52444559070956798
0.4882354557194693
0.53805048622354612
0.53150104585600488
0.3852017220418113
0.35291973177694369
0.43184628224053639
0.54585918290008195
0.5977439549565543
0.42141244027269825
0.54475430186889418
0.61644695972227348
0.57755765289936467
0.46369389897004448
0.40771782283238539
0.43480723905300717
0.49369557226592853
0.50004681089019976
0.61164736131466202
0.49524981186569955
0.46355910912755971
0.48856007803340956
0.48616349382056651
0.5504292618780795
0.5360286381273589
0.5588990462219493
0.5132666923270689
0.58609873449318384
0.55153574256777416
0.55699652669578992
0.53225782688392165
0.50521745092214931
0.58512429621829409
0.49221712492294423
0.57732225223492206
0.49959156876953403
0.36811188716792109
0.40525087462655768
0.43516636471732839
0.48621893500433583
0.49299193619861514
0.49367834868862309
0.5427444550924212
0.48940452877602869
0.42521352474762203
0.58357726437208124
0.51997367768200076
0.45343225410060917
0.45793237138426351
0.49574212781555882
0.45157309325927036
0.51253194561289905
0.50490140388082372
0.58339188786630425
0.42187284957391474
0.47513167724152949
0.44598839483422675
0.50387578691374069
0.51502585918981636
0.487997572281195
0.44236241400327042
0.52056045529639139
0.53710143769592678
0.54804023151042247
0.51146488130026624
0.47791056362410433
0.49469239832394757
0.4219115634747917
0.34606997182184601
0.39759522843684275
0.54584215849839324
0.51273616576304537
0.47739851185821347
0.5789902992785354
0.48142147807407287
0.47408509129849169
0.46431689261063913
0.57667214966166547
0.51643163652410806
0.59594268339706602
0.49846661033976919
0.54793077520698164
0.53763684994807814
0.4822333176038322
0.51507435498159848
0.54761991456159453
0.46742207374607081
0.50733496347894502
0.37190654976807608
0.48880012219567837
0.59218392728462865
0.50983404897756779
0.49308940142222346
0.52295099579956017
0.52796854993285747
0.52002090349911001
0.41117855402249887
0.47700854043397362
0.47946226160288524
0.56639460137592434
0.39229942599675338
0.39470815497325645
0.32383014301236079
0.42376437355667845
0.25027577510921306
0.42117244155636552
0.37739395694315681
0.34124811651103792
0.44078815340523864
0.39560167605471103
0.37981604472848107
0.40093628040092921
0.37165650764679548
0.33297168734296168
0.37949375766559057
0.44825922645075117
0.34173115398377768
0.42488380659240138
0.41422007441991743
0.32560857305690882
0.56963967957312911
0.37238492475095963
0.41234183661401613
0.38197410370061463
0.34656671964367519
0.48108547272866264
0.32169509758265069
0.40160414883074119
0.43598905531010373
0.38536192371888039
0.38440517478311337
0.35201895565885061
0.23723692750578185
0.65171822443689287
0.43282753744459301
0.49087777106523595
0.41434929253480612
0.28081504243090222
0.39436343984371003
0.50849148035785674
0.38951342785562354
0.44185488322317013
0.5654654497332251
0.50142334962611879
0.6042849644744932
0.37991502519156406
0.41507021707824948
0.51884419307308349
0.29630340471289784
0.38114399521956027
0.41991121747010551
0.45092485029540874
0.37583584234478973
0.40339067327493083
0.44189371319727327
0.33747864914900938
0.44008190491929144
0.23857386060484331
0.34458690943869819
0.38224148238760108
0.52351702036068659
0.27269704474768824
0.31418959018448522
0.40507890505870553
0.30098154588015841
0.37405074480724904
0.44246347842458733
0.54621673699325912
0.48025040204175612
0.53032535542802794
0.55245008443783095
0.532610855861122
0.51689445409330748
0.58105617580791624
0.41091377773147442
0.4097699053751987
0.52981467713501218
0.61000325276564549
0.44334176388995106
0.58448441192633604
0.4523096842917797
0.44259082084495899
0.49749416445814837
0.56501340427335744
0.49777981093685941
0.5712141611531244
0.51184734690214817
0.43307607771805912
0.55358263151516607
0.52990279487653369
0.55578375763345278
0.47044056640289128
0.44753517868087178
0.51922448324650483
0.5066786862664121
0.484949039372362
0.43497748349580623
0.34363089424723714
0.40435394591244544
0.49841896311504708
0.55904866367235617
0.47984373005742748
0.49452778410335563
0.38013350357771986
0.49158947595669
0.39148459262150359
0.51715863091699188
0.51728840843440438
0.49548380542299908
0.48960725018970869
0.47674963002021581
0.42803603935207596
0.48452229361059496
0.50480178728255842
0.4982210531496189
0.47932318506573729
0.51782274693547192
0.53742398148782489
0.45058422009627919
0.38917759921705425
0.41517017057396571
0.42559857803532558
0.55265885665466619
0.53916151833446202
0.54558360986688237
0.56595152091840528
0.45878802179152323
0.47977255662047602
0.3934912214534918
0.36094273366781043
0.48250589389769488
0.5361282435460728
0.42318394273391746
0.479414835117703
0.60000577646486875
0.43880696673736469
0.44034616466324578
0.49750743218534438
0.50282184366518756
0.47449569504096306
0.54445023128559311
0.46649981356495379
0.39379112751571932
0.46268376087557039
0.50395306201463752
0.43256843077238905
0.4948154462174465
0.56662626040073172
0.53794252185732583
0.49296068623593625
0.52969649350108039
0.46674829779000654
0.54132463327723568
0.50667836433799041
0.48040015743143027
0.47414947846925692
0.48742648518395593
0.49826723251903215
0.51557299098078291
0.40761486443107914
0.40824501486623699
0.41476830123829067
0.5858542467899539
0.49753977237814473
0.43794812814961265
0.48120486365035758
0.53970322239307322
0.53061921987222493
0.39750951721390887
0.51577669926150782
0.43870651302376068
0.54123806560809518
0.54478042714924557
0.48873204552099087
0.47700914667655231
0.47666511425943969
0.51370630283124419
0.4876748800885351
0.58330067225915705
0.57312089183130754
0.42954279211779739
0.48214106826245762
0.46869322622333848
0.52872864737420211
0.46143569816445973
0.54681492146799737
0.50112965371048712
0.53171472436743372
0.55011093837669467
0.48638338567898604
0.51124736777200563
0.51185983980574767
0.31914229282621714
0.42250053862651116
0.50672563826818029
0.44062761822501123
0.46062777725541637
0.48467111377212463
0.43484332818353333
0.47773619988136168
0.48675891815934336
0.54041384918527402
0.49120280566504315
0.5051603717970462
0.36530496816481639
0.33518649981050203
0.47908313227978944
0.39544333818622124
0.42197822765319704
0.47408251644304461
0.49726024218848602
0.5254975423197189
0.58985184864359408
0.61995142015759885
0.47328150423285165
0.55635595421151718
0.52369935360217756
0.51158461915228803
0.63141653996074443
0.46204146075560354
0.48642949351137282
0.40854279044644959
0.57328612882337882
0.5506768394085555
0.54720917860768248
0.61210847975659888
0.46296891362896281
0.52475065333495707
0.52610410048188938
0.54582806133164963
0.4752446878101752
0.5544668549604902
0.51955222416637759
0.38889152300953661
0.5308444412882225
0.40634059118234295
0.44656407189900799
0.49898033794729446
0.59911647805110879
0.471889197782764
0.50995744274031662
0.42310325550256789
0.58055357404300412
0.55005988930511274
0.52118601009323295
0.50139506812814338
0.57290069636903795
0.47525819631425281
0.55469851680752158
0.54499266730730556
0.46775425799411291
0.49664748593766955
0.4068754915213102
0.47882887974651983
0.51057927560733973
0.61956411672005773
0.34433354328195453
0.33604648244007285
0.49534381118865373
0.46888399892024046
0.47102724243961663
0.5087832137601529
0.54272795966967413
0.56492840251531273
0.45956713033334839
0.48538658356253006
0.51292644007295474
0.53169593207061627
0.4650632869535879
0.47935021128667815
0.53927108357090425
0.52761917207788733
0.50785858458677136
0.49661614090885337
0.3712829992646095
0.5166299623674605
0.48429595227595346
0.49990540695965491
0.49499202783606483
0.54791435546365685
0.4498713972344226
0.44439786231022621
0.50135756076049987
0.48552805720341946
0.48735117551997814
0.53341294162611952
0.46945033117425145
0.51894060125454766
0.40086899728237346
0.35752763622384987
0.559445774758067
0.57812355967557671
0.45429377347901151
0.55610004913917777
0.554153960785985
0.50056474769180048
0.5400140073694224
0.51403960903722778
4.0742662219031717e-05
2.8996553726426905e-05
2.1768868831466572e-05
2.5041871910506109e-05
0.00029712033490316542
0.46963923405627256
0.40788003825929836
0.50038647056117436
0.54625271626504401
0.5306641117193085
0.46299749819823194
0.48390788174696014
0.51895469235121172
0.4815089448085027
0.52681065907912195
0.56517764549034344
0.47535347033595821
0.5649033088180242
0.48699268066355011
0.53101400604991478
0.47613538680921491
0.55890059533095904
0.44462573302592434
0.45310363916584862
0.50804540253668695
0.44590407746026561
0.51404068359596056
0.53929787275026075
0.429821632142384
0.48292846274733597
0.47031856266427435
3.0397203105294685e-05
2.734517364465891e-05
2.3796115097716298e-05
2.3393794902316351e-05
2.4727861199381867e-05
2.5296186291967983e-05
2.9642711576332845e-05
0.52824308390608221
0.50024155143477445
0.4030098875309549
0.45751472506341423
0.50450993502830221
0.51641844275521864
0.43094919773760615
0.42228662649095861
0.49771103651302429
0.48117960168901608
0.51311693905825539
0.52153263905979186
0.43764998550213274
0.50690032434508059
0.48765288508821508
0.52105879821138434
0.40492387420741055
0.34029523093211445
0.5142436469071634
0.5497041406161004
0.40247747591184124
0.54231707103778704
0.4730682099169618
0.44798830150220914
0.43561577552852021
2.6459395459388298e-05
2.2634042758547842e-05
2.5254326189467187e-05
2.5288658930419766e-05
2.5619122525760801e-05
2.5047721612308356e-05
2.348967355285319e-05
0.53506098093049759
0.55923599065048057
0.44497527359952838
0.57824699075829067
0.47608621741512147
0.38458368920995745
0.60913474923655508
0.5221653518791709
0.55516959667533694
0.5127653934971016
0.52933952838232423
0.47903729685451391
0.4147058830638557
0.48007009503374309
0.53136163244978307
0.46258160052727182
0.42364022747960778
0.57303543846899441
0.47823210023558793
0.4936680841513697
0.53078377795557641
0.50420891822491132
0.47101245016316295
0.56039154383919842
0.45742373995762575
2.4348375859285178e-05
2.4946233836177839e-05
2.715561553770061e-05
2.1161682176649214e-05
2.5288607451031783e-05
2.3227922955048708e-05
2.4506044220971515e-05
2.6440281794949657e-05
2.5776813322959039e-05
0.43012910740939014
0.40673951748434573
0.49202159898213793
0.50408110906205339
0.43657342055617637
0.43494803712226987
0.52357698288513987
0.54450222395185854
0.49799836896018074
0.45707435425351106
0.5363473844831278
0.52151547817666433
0.52418207757057911
0.49329535745401248
0.30551075337698869
0.43900734231380273
0.49503364976449155
0.46430642524605709
0.45495347726961977
0.49610937522400783
0.52311499432898445
0.52718022419521726
0.64306955158017143
2.4517287769893925e-05
2.443928124667881e-05
2.6932493297533883e-05
2.7557445534651968e-05
2.2781804437067446e-05
2.5985429927451251e-05
2.3959477351787308e-05
2.3864957263008302e-05
2.6925495887973896e-05
2.5473549583416016e-05
0.41004268831610186
0.50350932879628851
0.61908720636215608
0.47647808301862804
0.54157144452957184
0.47146858416231502
0.4591730592082599
0.51094686267183198
0.53977684355175237
0.48537730616138242
0.49085172280333911
0.48431244154579178
0.50771940007127869
0.40329932595557227
0.51135262585233099
0.52178125090738514
0.52620203329827431
0.56674313452057057
0.52026855014707718
0.55360165760437641
0.53481799311099387
2.829116408574489e-05
2.8200085306496412e-05
2.2918928545354907e-05
3.1094609759832345e-05
2.4617824070661429e-05
2.9092735893952748e-05
2.4205458171154627e-05
2.7125043165700217e-05
2.3979811749570589e-05
2.511036803955705e-05
3.129821139934742e-05
2.836149479719444e-05
0.5935033501386715
0.48832421353315758
0.59444157009195453
0.52430850014319552
0.53156268382798266
0.51967398204021964
0.48709438374294428
0.436073511906517
0.48358351410627154
0.51309236914998779
0.51155443365542619
0.56890038037851565
0.32866291089410499
0.37273779092235476
0.58232197785786122
0.55805205742034447
0.49256392756145795
0.52906022846058942
0.4721542400615597
0.47573380480377103
2.3830254367384053e-05
2.9079715481354194e-05
2.8495221182148396e-05
2.516386015344907e-05
2.2964893103202029e-05
2.8970894073367366e-05
2.4875032805684941e-05
2.4883906745647319e-05
2.5722649865841057e-05
2.5192340439511992e-05
1.9328849628635342e-05
2.4023646192678502e-05
0.5815075780033101
0.51460518981129
0.51419068301169968
0.39325044168545825
0.44527045828897049
0.54329165629149656
0.53102522603722557
0.47526898703563286
0.48075064461741696
0.49228239069970681
0.46460198872980346
0.52437635252177384
0.41624112576259159
0.36326112566394275
0.53691202317578723
0.52730083939113526
0.47311932845123644
0.45020813065755017
0.46906687459276225
0.39854467173154623
2.4732536219953056e-05
2.4734903393888414e-05
2.6611766882804113e-05
2.7414597694834512e-05
2.7147535730982243e-05
2.388259993693009e-05
2.6603981529977019e-05
2.6712992337144427e-05
2.4036542625697239e-05
2.4228594482918576e-05
2.6172633071507037e-05
2.2936733532246746e-05
0.48527283314746633
0.55272707010223343
0.64050483181135498
0.47570111725561348
0.49035824598152189
0.50411966807590203
0.49752056585812121
0.48566940113584195
0.58641891194499784
0.54363324028068749
0.52413371638527007
0.46552394091883964
0.46293236327283704
0.40031372083190797
0.48156095734737947
0.55781844244967127
0.49470684875482557
0.49730877405225238
0.50761765478413212
0.46699202821032332
2.6457550173030524e-05
3.0232250381854902e-05
2.3975145639533806e-05
1.7449467041257145e-05
2.6902263393594395e-05
2.8200639311564989e-05
2.5819945816090918e-05
2.3640080047413787e-05
2.6720150110286643e-05
2.6821963418215451e-05
2.4811258045233737e-05
2.4697452869416264e-05
0.4964858050823201
0.57769376718188992
0.48539547906808228
0.4800180581593656
0.55010325146357097
0.40868450368431558
0.49279100551598576
0.50312289789993181
0.45899764869114712
0.51900514266003195
0.5245816962113018
0.42510852587749237
0.51844884806989078
0.37696868333973932
0.42025464204374507
0.47569420028648424
0.4891491380920886
0.52167205181426601
0.61000661550149271
0.43259979721587433
2.2881464134680488e-05
2.7724486639171804e-05
2.5659165952703307e-05
2.5137591921968973e-05
2.2515785488127928e-05
2.6786417568755544e-05
2.0328665254013609e-05
2.7373137014194133e-05
2.6713216223720169e-05
2.3734858975082286e-05
2.4338793201338501e-05
2.2611537608581172e-05
0.54350430977003605
0.50331554741023288
0.4994304383907941
0.63837231310330533
0.54093218712190116
0.42662854377847098
0.53210248312325159
0.47867671477362411
0.49206595146516541
0.38729607004856598
0.49243608061586014
0.47501897432524193
0.5652207278561705
0.38467365399275699
0.43555970353323881
0.51008040837721003
0.55827016144306696
0.4986439361105458
0.41939687295351041
0.52661810157425415
2.4815703195364316e-05
2.2278625884088598e-05
2.6697222927543892e-05
2.4821097794382423e-05
2.5299733949662869e-05
2.2861976008515121e-05
2.6838899867357945e-05
2.4648482142924925e-05
2.4754594916726129e-05
2.6305876166310287e-05
2.6705123263154525e-05
2.6081198139787465e-05
2.4599370624001154e-05
0.49796339282627045
0.56370534997123012
0.5560259045211714
0.56133391757345719
0.53248702123106162
0.46016872817408799
0.45724792600134923
0.45323027499463803
0.53694551121031198
0.54701161963494505
0.5716593058413062
0.46066658268002236
0.4548875869210417
0.39503686813674355
0.46041493985846027
0.49658776825952633
0.53021758993513912
0.52657818714716786
0.5202702470218511
0.49528438259040197
2.2789135673407816e-05
1.779539247397567e-05
2.3274206525702326e-05
2.7138917256229464e-05
2.5365579675353998e-05
2.2353408183079196e-05
2.6702006027190885e-05
2.3219498731752056e-05
2.7108369981800956e-05
2.6172776742802059e-05
2.4988741727667586e-05
2.5756511766771724e-05
0.62069552170819187
0.4951573647353838
0.55876872877038242
0.54039232028009077
0.55766729048747055
0.411242104347668
0.54046176328085183
0.46203669470430636
0.48586059482748856
0.48611034026465744
0.46996395928432849
0.35773456491470529
0.35722648971687232
0.51118482157301892
0.44846911516185545
0.46500428839320196
0.38158665439704187
0.36311356763929975
0.53456879396375034
0.51830041365041124
0.52141623353801803
0.00021021248594985201
2.6549323073825379e-05
2.4161255924925039e-05
2.5822877652158598e-05
2.3530441329964144e-05
2.438908917589744e-05
2.6458030548286079e-05
2.2662802752760692e-05
2.4247355592954042e-05
2.5144912610862357e-05
2.6259420367331866e-05
0.59046114438592878
0.52333985993126531
0.48665153951404427
0.45445089021690821
0.54500993446850421
0.37786874556988553
0.47515207157433459
0.48202947594260542
0.49763716316746331
0.42041751410165951
0.49022405752558273
0.3731876994699983
0.41090710065438801
0.55695098642431695
0.44712219026513683
0.49666632985072401
0.53599175230537743
0.50217182181644215
0.45805040403401315
0.44499952745356386
0.49814623657281615
0.54486551393792493
2.7139471500607867e-05
1.9266836547695639e-05
2.5787936422290996e-05
2.4968958399260661e-05
2.5500100021974213e-05
2.1060553973402722e-05
2.3955229346415957e-05
2.3756937710886625e-05
2.3949546344338155e-05
2.6593880707415498e-05
0.50284614258169724
0.4895711125316502
0.44984690565981494
0.48600064678570459
0.57360085925365345
0.48849697554467703
0.57681354771491122
0.45878996778573328
0.48583065804193321
0.54463948810317242
0.6676594486061358
0.51505179822803893
0.41454206313770608
0.47605067814693536
0.47705940028887489
0.4940952793203795
0.48620217706373275
0.52924302477906682
0.4299449688730323
0.54364831351326925
0.49884523264962016
0.54481182919302207
7.5213731819582418e-05
2.6911553092805378e-05
2.5517509824621898e-05
2.7471084005548233e-05
2.5591222857145951e-05
2.8435574489175339e-05
2.8520849706395941e-05
2.508083151458141e-05
2.6186074826563026e-05
0.51770561528711745
0.48698416143197126
0.57255336002153934
0.45093449374080513
0.48181723007964877
0.51258314403166527
0.48359600601353681
0.48739107162909934
0.48854514894177692
0.49298480369191078
0.50837211772850865
0.47850280491717923
0.43057624382592108
0.37002191068014623
0.53633992774686579
0.50393606749309738
0.52819093616833257
0.4962228633150037
0.49198211182982005
0.46399525241412304
0.50475653348923266
0.56326259798526468
0.54088632843787998
0.51927577290557125
2.5709720036281928e-05
2.4271933165557483e-05
2.3729747767960713e-05
2.106739523528847e-05
2.5169622759545601e-05
2.5492931662320329e-05
2.3722431654468897e-05
2.5576362512406412e-05
0.39481275325923565
0.46488433578382771
0.45150701342326516
0.5134936918586257
0.47697189508883203
0.56922441686307401
0.50267836723638981
0.49941485599868995
0.48701906894017327
0.56821200620390955
0.52181356805631962
0.43942103229132373
0.34621398368053502
0.40246230721211207
0.5914925159845964
0.45859623434783275
0.58338130442313108
0.5669302568085921
0.44414859972987847
0.52748174625105471
0.39314617672220359
0.45820923531807195
0.44301025066215444
0.51249674526002997
0.44642013167389882
2.992989000493899e-05
2.2511154227352381e-05
2.5161982173288235e-05
2.8190591409729155e-05
2.1646110274188126e-05
0.0073315525625151706
0.48828148104303193
0.54887665771256311
0.40038592143386625
0.61901852584403483
0.52784150000370178
0.51058376848207521
0.51139046039689906
0.5094164337999455
0.5145632411582175
0.49878482519989931
0.50957056913373822
0.44351315511201256
0.41800926061940907
0.41671532056527372
0.39282051869323509
0.44846493009360805
0.51060968502291615
0.50432917835287816
0.44570387331326328
0.4928817969238567
0.50567127299050363
0.35586852072726044
0.45644374679617161
0.47878978427506425
0.55666873229989366
0.57773838537145183
0.46837670109048851
0.51096573893616104
0.46150706868759495
0.59945207739817574
0.39359618306010857
0.57120921008153769
0.49730281718670039
0.59693192297819408
0.48862363057095271
0.48138381308969441
0.49893404865615498
0.52420509452587394
0.53473740452426632
0.45623813315306594
0.51397886101634993
0.54658969246447031
0.48219403377555953
0.49863926840466577
0.47970668115143361
0.38494506634003661
0.43231795922021116
0.41803491065163217
0.47578740179036516
0.52966968359432542
0.51880462796778892
0.36385215562167161
0.49373917129288292
0.42679366759105425
0.45513686934787051
0.50511415641619195
0.46169401823680811
0.50354643007874311
0.45323622129350372
0.44156736786885559
0.42113788369404614
0.48177431177347169
0.48839681095354553
0.4355011851903543
0.42579057885840593
0.53827511623463931
0.48941836117680027
0.45437155233846988
0.49668936122979268
0.59726486642664367
0.63964713242629445
0.40832929302649906
0.54175164474951065
0.5087499526072411
0.44441817748471868
0.40709093375315791
0.52741327108347125
0.33562378114665009
0.37826320912717964
0.51248747724098387
0.58336249928975958
0.45780971452278463
0.45704825592251475
0.53567896196079379
0.57585353456127053
0.46019368132798744
0.50510711653026863
0.53484893532426869
0.47577230608087834
0.50619923803408795
0.53949502543035721
0.4940785150136332
0.46830405194704533
0.57701388267974285
0.55088906642006197
0.47159304945174796
0.42408889076154888
0.48400710049924894
0.59436573424036232
0.51066192454752179
0.44703629399463596
0.46649244414800228
0.56119813149552145
0.45730111939052442
0.499237294559916
0.507491345986122
0.55346556414915515
0.52910734988990382
0.47295221782617453
0.37647021217336962
0.49735139624172958
0.42715720762241866
0.4799062749374044
0.57950389733601293
0.4727661459257273
0.50357926190970881
0.48094865345545107
0.44764143148384428
0.45008815181433454
0.52271962453629162
0.58813030610456463
0.46062580735308711
0.40412972528010443
0.57102944771166475
0.56834676518571625
0.48130184011828747
0.48245134256723443
0.54111598447661891
0.49429166844179856
0.36016863841385144
0.57937929058409976
0.46489076621435421
0.51846633518393825
0.39183329338620282
0.42150437363404913
0.42953208037854501
0.4085922769615154
0.51428548274595531
0.56159448709081083
0.42772799972272058
0.47193062899979649
0.41320134961959093
0.40033572125691336
0.54719015332866239
0.52525638473055247
0.48348495577900608
0.39281815702591422
0.50171143994120682
0.43844712408724346
0.51713519358475601
0.52986801402014005
0.53121310124232679
0.49694913771570576
0.49913426165162661
0.46679649627871367
0.53269667093765205
0.4788119355010052
0.61433171912924689
0.47193793737856232
0.45615634765170443
0.54707621148317664
0.49773668078364403
0.56202724903639489
0.50789298143960415
0.4563335740233273
0.3451934776231389
0.60051891400501844
0.35283066107946337
0.48708693119736202
0.53891868422389322
0.50726911324858903
0.44359233521541214
0.55184740978903857
0.36845987238012373
0.37972591115274779
0.52331460668703289
0.4887409746169521
0.55379198006352659
0.55175007133959331
0.46639570973306466
0.44132652866588312
0.64884039021276652
0.38391259122678512
0.52213349595802183
0.51536450920125521
0.48317038169754561
0.47391785123490066
0.49140441821874625
0.49571364463187401
0.39045011047355904
0.48356881141432484
0.52914349824935436
0.46514821633393399
0.42403134801933823
0.53832748020002807
0.5089132596840551
0.43253505631747619
0.48899027334291051
0.56937171831148348
0.43578607093409072
0.49082919428776167
0.41140001044992786
0.51723226189671301
0.50932184508980405
0.55460369574964119
0.38476584042527012
0.33630848030990723
0.37499939896491796
0.41693613630796011
0.39859670804504266
0.4080497005703162
0.46678486176996631
0.35648884042344892
0.43513966628339928
0.37029992424649821
0.45043794921736768
0.61487237508045967
0.36160482352380147
0.36858852011360166
0.38566454392353372
0.37732769108423925
0.4674696378792253
0.41592205986797676
0.39421263147847824
0.4830550141965127
0.50871869585768881
0.38869668333694851
0.35449900194480471
0.42234915763253605
0.39527302236476286
0.3347884414325174
0.37113118220869301
0.3941962692418195
0.3162087274657121
0.41878543699071891
0.47164091300800115
0.33382409617725983
0.28225415650545793
0.36150657950865256
0.44049549115425213
0.46047989221579233
0.61709847495248782
0.37122386358839732
0.42632656558626697
0.42466686450296759
0.41172385877459494
0.4227848490513812
0.40589358949976589
0.38245041565079807
0.38414172520544121
0.41803877503912085
0.41695702740590118
0.4545547161373551
0.37077732091684495
0.37568875786846917
0.49476914845930592
0.47381081763899202
0.41380377647034999
0.35987021848516731
0.46623024720195644
0.39363306795355879
0.41470470042085683
0.44765792046369013
0.31730173790179994
0.30261911452706197
0.48482475958717924
0.42299097636776689
0.30243058331260747
0.43496426828487533
0.32749092467629609
0.37889981752497043
0.58003288525749097
0.47621208002966936
0.44172667442077257
0.45785295418357952
0.51256936503061201
0.43407607452262786
0.45078997166034263
0.48539697470333276
0.48121539760774434
0.52104401467855421
0.45220966965942838
0.41158528376658815
0.44510923891067139
0.52731381282216871
0.48721364933069139
0.51370379270102007
0.50748541841540384
0.58792808468711721
0.48002703142289621
0.5469066930102946
0.5251936750343722
0.50885510745206453
0.58046493850992076
0.55189098683429927
0.47432154500570911
0.49376553974704451
0.54480693577975281
0.40575308637314322
0.50374593580177673
0.50908860921565691
0.34367491746715456
0.52068830770204433
0.49814039436828161
0.53526747656054652
0.54223840581793314
0.52411326792869317
0.4982371247291098
0.51253025958019338
0.52737307316024185
0.53033490752829349
0.43915874959518814
0.59434421373237045
0.51965957241431437
0.46417254043474182
0.4897751547778082
0.51768768384573205
0.54730695033050203
0.3865540820564507
0.42824635952653217
0.51940472674629279
0.52473028536207444
0.36479853668023204
0.49410745864157962
0.42198631178518586
0.50222375962084642
0.46949390419042181
0.46289607766041868
0.51251558348091897
0.38733645838135855
0.46467081639274455
0.55548625296689247
0.45619017061097583
0.42270525287961447
0.33918843278005806
0.4215506845484569
0.50462573791756715
0.52661210070445086
0.48459969954699456
0.53684669855471023
0.56305019717451743
0.40431427719926649
0.5226362482523268
0.50043686767022977
0.47263499871474951
0.50669950014513832
0.46334944395203265
0.4799812120889958
0.44818048393587279
0.41891186756946663
0.4163762515895435
0.48404775130471311
0.49640110654159519
0.43775996389921901
0.5563921918313971
0.45827414027489327
0.49228107346365135
0.45870501709068962
0.59364236079243615
0.43430604407133927
0.61935165494993649
0.4516281442874025
0.53266932572040349
0.49285945787816471
0.53989202594057661
0.47742773853173653
0.38468003866842682
0.53927812281382903
0.45445147641264627
0.50791865447657047
0.38759756254303712
0.57661616617669043
0.45676660683226467
0.44919254061486869
0.50327015346786297
0.45371201545437473
0.49584823734901601
0.563745294071478
0.42541450703458111
0.45809985445880819
0.46311130404121836
0.4633470762864258
0.54327401836891764
0.48969643644453398
0.58269936152332591
0.44032795689349191
0.56311476476927735
0.51840663153155797
0.53867886148681898
0.49683404002036735
0.50847832611902422
0.45166631858336048
0.50793996527610241
0.60087759066536639
0.51093860548949077
0.49113545904541783
0.45342051508875558
0.381635854485191
0.30110649859653904
0.57298056817382481
0.50225217585664428
0.46940326816045086
0.45044320795146753
0.47940505356467294
0.45262995936239558
0.46021453669855672
0.47217850178846843
0.46216410545314018
0.56488849666434238
0.54456233349108918
0.42514426707848241
0.63193943933053642
0.50693677190378661
0.47510303576567764
0.51784610681213705
0.46172269784624004
0.47497392215637768
0.48264119586705495
0.56900113025648957
0.47851060117790395
0.51732099853504965
0.44589336611772623
0.53319291894227594
0.46483658107427106
0.44492396501508158
0.46236921726544244
0.53110491646191682
0.53481219287371018
0.48174680615733501
0.40285211617478328
0.40559860889847038
0.48206915305031778
0.4251118647878061
0.50763691029189129
0.47996695991132088
0.452730073960048
0.44812760595840612
0.50883970867321393
0.46993808063235532
0.48932941200263252
0.42975789444679879
0.42956961255825477
0.43188686915634728
0.50069729451474598
0.53835930923108366
0.45372810361695964
0.50780954270119794
0.52833466251906547
0.52038333796849479
0.55610584007511688
0.50630485686400151
0.47691092280559566
0.41544645242372347
0.53468280862927475
0.44423079513154545
0.40322956383380054
0.52969063876070144
0.48171215777014414
0.4810159596377066
0.51129978559249034
0.4878051211399827
0.44351097520733257
0.43657658875964245
0.47566834060823426
0.43412572585172526
0.51642382248078489
0.60985994290501222
0.4861999883108461
0.55532435261945245
0.50355591268644928
0.5626487138768016
0.50451519356640617
0.54840272716331739
0.49628130562674178
0.45307147118102897
0.5308883435138233
0.46853052769828096
0.4652954620396158
0.3684674991629745
0.50693780638440855
0.54172433151091237
0.4723550393786704
0.49221822185347125
0.71903963122239045
0.43992093939695281
0.59625369467673794
0.56939752575599945
0.4818814487216177
0.53333133001076061
0.42034086559078782
0.46156467050807137
0.43076359223635707
0.52612583688496206
0.40392675815973866
0.46627700528614363
0.53792636219886614
0.48698677393855139
0.5342233941294432
0.60859159436113786
0.57019804421117937
0.50620552716995659
0.52883481405471433
0.46434951334089714
0.5394918608946796
0.49320564535309047
0.41851497262533077
0.39819172767067684
0.45965898614903206
0.58434926184602098
0.52432022744627271
0.54723553463346508
0.53949069358240498
0.51137581864627024
0.46374419534931677
0.44802830224776585
0.40019170318867109
0.54752773417844591
0.62571860135540081
0.62484752601187998
0.53665075021415676
0.47292771085690816
0.5943226751913081
0.38069547797881137
0.55086860492753198
0.43621113722701094
0.52408437748157377
0.4576929691029023
0.45255139770630637
0.4947214490284767
0.50966885778833115
0.57604737028927278
0.39735730673500386
0.4649473448673776
0.42620309046708554
0.49918208718898366
2.3635209907980788e-05
2.4916331953546919e-05
2.4243015719845095e-05
2.1349060732473238e-05
2.6732135582046598e-05
0.52230333160813991
0.48970307438771132
0.49448063590719776
0.50196374814183953
0.54913478989639275
0.49712608428295008
0.49103456219793024
0.51252591391044044
0.50860552615110366
0.43315369263523712
0.57073071771555972
0.50137315186133524
0.49904018968104041
0.49191073378263472
0.49494110121613555
0.47386948635652454
0.51289520147616741
0.49425943102774655
0.42879710830488477
0.55989648882494469
0.55754479999067608
0.54331697418198788
0.46645117052447765
0.44236398619071388
0.54173899528386904
0.48511635455155866
0.38218340875136581
2.6773306082230717e-05
2.4589714023118437e-05
2.8224447963716935e-05
2.1916752601778181e-05
1.934339308596623e-05
0.47246629612915553
0.4640191360211971
0.45983057696467305
0.52634952294724968
0.53231827550162825
0.44440720873871892
0.55266286080740135
0.44246890508146519
0.46396737777146568
0.50096996791598147
0.51431776989477529
0.51076068928312301
0.48150978335088085
0.47220078359968809
0.53629957966601072
0.48448749425474658
0.5159978849675082
0.43091211000216395
0.45079987904709073
0.4761683489942003
0.52365964725234337
0.48884392710644298
0.42918265150296409
0.45092866375925217
0.47881417632101758
0.46949980988279089
2.7867940621096013e-05
2.4438670985947569e-05
2.6284927802723834e-05
2.3940496732299571e-05
2.42394905010166e-05
3.1443583862016728e-05
2.4479996935969952e-05
2.5390637270109166e-05
2.2655257628625782e-05
0.49750827531157266
0.48109487549136221
0.54739580312235625
0.49428590103713443
0.46199533754154926
0.55945356162030213
0.51458500136071972
0.48899087384129042
0.53053631667251144
0.46097477367876361
0.55041605612548294
0.54742821915468531
0.52103741579223983
0.53139495673962311
0.39737131757661792
0.39840286352215298
0.4472662534804458
0.52982138587929362
0.51025008956990725
0.49590625085118278
0.56054809161541708
0.54173947636165687
0.48363631669593032
0.00010535601874113917
2.475466070791037e-05
2.1868165428279044e-05
2.731431682760004e-05
2.3190324231592234e-05
2.6632562773976277e-05
2.7186938259221097e-05
2.374371455292925e-05
2.5626079765820287e-05
2.2285696514613164e-05
0.48830372078858847
0.49769587538068966
0.51483463231827187
0.545795840429807
0.45308686554879579
0.43241571057195427
0.52642824692174095
0.51021194976646567
0.37675171371433663
0.43345103530600321
0.57163261340922233
0.46651323089607349
0.45560440298663213
0.44271819051701816
0.33019168014843425
0.46591997711696281
0.47840582099931556
0.45988241062457708
0.46512578568614715
0.48158122560467598
0.39014216356336695
0.40153929808540245
2.7267516321531613e-05
2.5258233588425954e-05
2.6396652685229752e-05
2.4687980331281779e-05
2.4134105436958988e-05
2.5222279169136257e-05
2.165290767666176e-05
2.7429255960906717e-05
2.3883257521666834e-05
2.8917086184561093e-05
2.2900512496792584e-05
0.43444133332428453
0.57583049083101079
0.57028378414199876
0.46329113689513968
0.42262337446331211
0.51622125243311012
0.42979118798194976
0.476469090460859
0.50817290173068885
0.54012642910575825
0.49908053931097701
0.52662024632114945
0.4136629073165754
0.44772987335990749
0.46618098665088326
0.49341305352758091
0.51909389463147437
0.50021981400054105
0.50750351590103671
0.42374597965743016
2.9732879743283226e-05
2.4506584468842704e-05
2.5541694229459369e-05
2.546189293290411e-05
2.3381977282588387e-05
2.5788184003588561e-05
2.5384697399777314e-05
2.4956594908235968e-05
1.8523143444280554e-05
2.709182918677005e-05
2.3494944801499158e-05
2.9624436594691955e-05
0.52521705238961403
0.54702692455889013
0.53537747033136285
0.560262431922249
0.45999688725367122
0.53957219102140375
0.44674967464261794
0.60988185802244677
0.50785253813362496
0.41579333760562642
0.43024886481181579
0.49670956687364376
0.45219876365170208
0.39903394174300783
0.53593223176943972
0.56009264782780888
0.45440830365005846
0.50877500461687786
0.5325754267538102
0.53487576962703287
2.4681628554195349e-05
2.6495326727412388e-05
2.2211675085189703e-05
2.7060970822576289e-05
2.3436422691885722e-05
2.5858044197091478e-05
2.5642119840623684e-05
2.981349506295687e-05
2.8336075249501293e-05
2.0961716223042552e-05
2.6781303766323744e-05
2.8222625455838798e-05
0.50819211529860797
0.49094110755678888
0.44638986172841127
0.52680332140426334
0.57846474363003531
0.51018585371370839
0.47459037881635996
0.62319117597524742
0.54375272167415667
0.46753916632488834
0.41930524279170739
0.5068717082585521
0.31074372177914372
0.50137275634826495
0.49526517567056544
0.501901086074094
0.43017486186362908
0.5372510058378408
0.57882361275147276
0.52117271435819401
2.6268982493014947e-05
2.4227865642004109e-05
2.4070238769970919e-05
2.1053012026096793e-05
2.5867901419647569e-05
2.4860053969016965e-05
2.0360632852865159e-05
2.6672786009229069e-05
2.2636744925615416e-05
2.457318674968985e-05
2.6615512283740363e-05
2.8267731789486476e-05
0.36028948777593062
0.4031063333886552
0.4268062932571951
0.48916662713892267
0.48305949344398758
0.45336093499895502
0.50403848833886222
0.47923632322030091
0.44201629556644456
0.41001555932002948
0.57052910917199584
0.41451570558444151
0.40120883001381485
0.41743801150174481
0.59925995552941291
0.59286565402741065
0.65010659254732939
0.4951514954223622
0.56479621561503068
0.46460183149869222
2.8324933386403804e-05
2.6390993927430282e-05
2.5834051688089132e-05
2.5904226977637018e-05
2.4369392949778253e-05
2.3130152138288123e-05
2.6542739304956827e-05
2.571680028068406e-05
2.4940114378022656e-05
2.3121714454167453e-05
2.5201302927179568e-05
2.3220042545191452e-05
0.59929722970420574
0.46563920342203574
0.39042111785873407
0.45279980369060852
0.43732183067998337
0.55073202493994566
0.57004484575087844
0.5102421998030926
0.54087053231214133
0.51799724867280483
0.4781351296266857
0.47018857773499173
0.47053563483696165
0.46733177851035662
0.57422464815693974
0.46606186099512759
0.53767174997977851
0.43643028761103436
0.59092876417193818
0.45465661565868587
0.5373053557038161
2.8804837795679617e-05
2.8674815688935372e-05
2.5926080257051631e-05
2.671209869423667e-05
2.7830195499879912e-05
2.4243212898673e-05
2.6272247048374432e-05
2.6988254960951304e-05
2.4302549895079296e-05
2.3937472125313614e-05
2.7651742867510724e-05
2.8722086295278344e-05
0.52160774973729285
0.44792429344594348
0.45082858788788183
0.49735786701298068
0.39993829030438616
0.44244680009133047
0.36280681171670043
0.46049125321146395
0.49296132715150759
0.47473552778268885
0.46338356064416153
0.39487973176805269
0.44550301971138101
0.51496369660425478
0.42952566011790105
0.56826369675162691
0.51331314996975774
0.60695469464009155
0.45531673404911305
0.50853433368966294
0.01165166606647609
2.5119930295818046e-05
2.1540644886545701e-05
2.2982631557577236e-05
2.7751484107729804e-05
2.5799098134469855e-05
2.3907147889365081e-05
2.4302305497810797e-05
2.6564661860840458e-05
2.3042026261728395e-05
2.2528756052550859e-05
2.5274014418456496e-05
0.44569578933140014
0.50232410396019178
0.58158205562496179
0.54500753951972924
0.59165042184805339
0.52967260509976588
0.58090194072207157
0.49557292466483016
0.51795016830183116
0.57381322043452787
0.44865962953866012
0.40978521263105716
0.40199731812366568
0.50071982420793737
0.54032443941924135
0.48379211383341492
0.53564647055921277
0.48751026948404258
0.51874443292279637
0.52645734728888316
0.57266838609612547
0.5124768025230636
2.6416567082052892e-05
2.6648258232648284e-05
2.071759812075501e-05
2.4301122822449544e-05
2.5653458288493163e-05
2.5388222666312863e-05
2.2310468955335659e-05
2.9608190307909038e-05
2.1153967867769992e-05
2.231980140494662e-05
0.44970988409120444
0.54451809273139196
0.42227157155779915
0.38760047155252914
0.36354201800639013
0.45682707661067379
0.50741983262762103
0.46286093754547786
0.42997694589599955
0.52984583584493905
0.53001178025370521
0.438346837032073
0.47593112394371573
0.49842607991364185
0.58952536718264659
0.49629408137627484
0.52928069489215568
0.49186418522439734
0.49488441829598234
0.462620606121256
0.54139547472672367
0.52259213391836179
2.6037059175805943e-05
2.1985313900452578e-05
2.5830264675271668e-05
2.3833547012128556e-05
2.7905452245799814e-05
2.8174524335990518e-05
2.4271375794084004e-05
2.8336065437395192e-05
2.4013256660032435e-05
2.0771756286417214e-05
0.51938873164734811
0.50822490928413178
0.54099462184695568
0.4156775864413822
0.53632487744916058
0.54304243099356131
0.47672286640278067
0.47561999216382383
0.52539285500633459
0.55258506808656072
0.48681516595728774
0.42972943167340721
0.34302821421208968
0.58738597812216753
0.50441862573782892
0.59673791063255799
0.62366088743095405
0.5389490521151562
0.41379240949111512
0.443769087835097
0.50990463758153393
0.48677561721477675
2.5669446050797939e-05
3.1967622371196979e-05
2.6518501031381408e-05
2.3393557063118762e-05
2.276458734289952e-05
2.5924821060682616e-05
2.5521036326724366e-05
2.5487192778915727e-05
2.4550584811321928e-05
2.9734681819641602e-05
0.5456071317592821
0.57593031291025043
0.51453869190694324
0.54446196136935243
0.48121699066142787
0.44713066870792395
0.43550481365263777
0.52817138064988189
0.43894811831671016
0.52270131420221488
0.52247120451383866
0.38408162802184548
0.36456196274741981
0.58931064401312216
0.50666521129725528
0.51768014516219918
0.47542625360737156
0.51812238099458308
0.48869958407237551
0.48041975193829989
0.5194774719528642
0.5400833635197021
0.55972716983098425
2.4371532410070584e-05
2.3642783054357676e-05
2.6849053050527333e-05
2.1953007568218284e-05
2.5217585750418956e-05
2.1792066720471867e-05
2.6266717194948421e-05
2.5140368507432329e-05
0.41577077234543219
0.30177428289077124
0.43054613472300485
0.51732666591006105
0.53466959830966088
0.541465312302989
0.52115891471822295
0.46879392159006805
0.52665764545357063
0.50535635674536772
0.50844293986362821
0.47532338113772477
0.42448545002229865
0.47146176739504725
0.49078016165788679
0.50179710503537289
0.4853600836584463
0.42790425104001795
0.4632154057723829
0.49066138874484583
0.4700083872172664
0.51256636792088928
0.47937587590302699
0.50985758558808636
0.49824115840328559
2.5285699980015739e-05
2.6269972466041144e-05
2.6260445181064429e-05
2.8082130681681947e-05
2.5547886150715034e-05
2.3263929927217689e-05
0.41581695088999027
0.533234053518297
0.49891302262785953
0.46919118372044533
0.52993948043672834
0.49782737331834775
0.50802714020170081
0.49987661980344794
0.5397235215014321
0.45370672377341231
0.52171988630732891
0.42902476576139181
0.58171837325584241
0.40096263579887309
0.38393216522581713
0.51019640214644846
0.47523881823868513
0.45714268443551431
0.5219869181247222
0.59430723897006754
0.42894835397132475
0.58289216008084455
0.37008109166214087
0.55226034584474315
0.48957929469465572
0.52550306558834681
0.6227873533068593
0.50159422320628377
0.36093387904097896
0.41877093463847181
0.52084087726626049
0.46840044381244322
0.47132330300340736
0.52493470794925046
0.4907196163085365
0.47873139433762668
0.49999093172318604
0.48582512313585319
0.36870566090065765
0.52813229120163241
0.55372499999547153
0.53174251095517022
0.51125661426323254
0.52225095447745951
0.57430199033238716
0.43564143566311608
0.38982231870983286
0.59737811226952842
0.38946809367299645
0.51312035983760995
0.48786724162759387
0.47098541735837163
0.47598405254716381
0.41453212011638635
0.51278663007027003
0.47530714032200339
0.46054455235062391
0.45907633561879302
0.41804448271183831
0.36632130024702281
0.46177042317898809
0.50304072358709828
0.41432783772757209
0.5208028484657562
0.46376248051420388
0.54603923752537964
0.60015976174955532
0.53458854610103146
0.49462844871646228
0.54726296691531018
0.52385005069291324
0.49824463323382912
0.54736123148007299
0.49891874554607496
0.45266059975835121
0.49494546266979361
0.48636349348527919
0.40873641033623292
0.3477592672683551
0.57599291335517377
0.47851791732682625
0.49146629557334626
0.6040908350836568
0.53069100585455575
0.50710945095191617
0.50607794708152443
0.45768590037133761
0.54753334474844373
0.48084779638829012
0.41917319146080623
0.5264696161878939
0.50263073642093659
0.54005663239040602
0.4767768201072885
0.52431203023919171
0.38874728011508208
0.4929113157431711
0.5472235868648555
0.54974696945370682
0.5424114297845779
0.52972690847002968
0.44163750721227873
0.59171237331234661
0.4472349279222092
0.51968325591143716
0.50561398791584722
0.54467383093799882
0.44065739014118366
0.44012726656452072
0.42800382188759445
0.4572489857699083
0.47469463817810453
0.48861162345569348
0.60482575441281861
0.48443542469432205
0.4093446338655316
0.45808531704338429
0.57117445135033751
0.45573321808839412
0.50557090609363786
0.53852482297412385
0.50809459850947103
0.54292489138094835
0.59100565512626257
0.51518119950954933
0.56056662255125889
0.50753664068482307
0.53639391625954769
0.41667857722776702
0.55057046046117752
0.55342134636216012
0.51857758342090332
0.45409792253911624
0.47008678281488303
0.39995906387951285
0.57536786984186938
0.57915760421670526
0.53465444217705393
0.47996923569753563
0.46356981098836791
0.42037631448002155
0.36822008436636178
0.32175296909707707
0.46401775638335718
0.63255430106336208
0.53776622034301202
0.48355310687982322
0.43714477144089919
0.49802047912913655
0.54529181582364028
0.51114470712815552
0.46705368008299719
0.47143975860981546
0.41480128747049388
0.60690964701074601
0.43943498587158891
0.52038635916428211
0.52014888944058224
0.54608337130512263
0.48328291522208372
0.50300112418729925
0.4941209848818201
0.44210692438687599
0.49432374571992571
0.49910174899875981
0.49354785997485212
0.42979519271504507
0.55948132409166962
0.53121981383501438
0.54703741002810413
0.5033906760635255
0.50327034398308279
0.47830585114956781
0.30066467794503954
0.33923943161012449
0.52870719569909674
0.53657478813553616
0.45588033597982935
0.50171156010710405
0.44928839158790396
0.57380052962565975
0.43995624735827837
0.64505899501249275
0.50586496531112257
0.44932644558107038
0.46794498586732669
0.44916122453169027
0.51645261707760259
0.45728680004488204
0.51294877246850301
0.53924722810452286
0.55397785133264521
0.45524948754455241
0.4102068394459098
0.49472276070516374
0.53525865414524387
0.43357265511500798
0.48284634365220402
0.49069297131222644
0.37869443581718637
0.57876854240549991
0.45219434600781716
0.48444317968648426
0.6134761548676122
0.45682835029222058
0.43033898889705102
0.39290223567677413
0.4658526802772946
0.38133902326798175
0.50425294601349202
0.42098151325009819
0.37861951298346885
0.41398825425672042
0.40614988500225996
0.43414641859046921
0.46042545896479875
0.36411035534338088
0.50231973594915402
0.42506199398944278
0.39821280729329794
0.42627431247380115
0.34437117214881402
0.37449095680414413
0.42269341283604195
0.44282464748048112
0.3462027625511076
0.36905634431255108
0.39011878493553159
0.41692142508936725
0.3636509060299748
0.46548921338877519
0.39399114103471355
0.39891656800622527
0.37197061526524394
0.3656822072130666
0.44813031072719456
0.36314585872198335
0.29622994966974037
0.30465073436839729
0.36692890251080285
0.45565998552467701
0.48449155518395381
0.42334812792208626
0.36308205606058203
0.36038362953182129
0.54104715191664687
0.45094416863581943
0.37900489741615534
0.36224751480519241
0.5251110663313705
0.40818204736852987
0.39228152448893888
0.39528926454556662
0.44177599927311051
0.45577351866597182
0.41217131165399296
0.34706263130344112
0.36347630254708163
0.31057198855645568
0.36127368192136644
0.40499201365933374
0.35601753765660971
0.39662187764105383
0.59401051802984062
0.40158195378218375
0.41731253263752288
0.55063863486883446
0.39986565067680507
0.37834328589024585
0.39074524945996314
0.41593039851008323
0.46401759564432482
0.46076444583764892
0.6107287041026126
0.40816439429081997
0.50909767156303576
0.54313095514211229
0.52365900241203223
0.44485148958384285
0.56190507421799707
0.40589058871755856
0.50195979368359589
0.45968565202438161
0.4880231517611342
0.46034137865677471
0.52862129424942683
0.56464989107835639
0.40279221741354454
0.49990541328704868
0.45200929197029333
0.60830609261203339
0.55175212753339054
0.44753082518187298
0.4723530250200072
0.54649203406956659
0.5313200962485185
0.5640948741679741
0.45987403845738778
0.51445282654251123
0.53248965259359293
0.5223430351433862
0.44349078088855082
0.46600284097981415
0.49355004765023364
0.51343202848943648
0.50484954466800824
0.44523401816451352
0.57449076849976188
0.45521606508395923
0.55761259837387323
0.48680707845934829
0.50861517238556075
0.4078514901248057
0.44913286472765007
0.49232764630173698
0.53983210080228183
0.52363089380241445
0.52917286139894115
0.43294949773738645
0.47452110605591402
0.49619210803092756
0.66849805543413798
0.50602628203492284
0.54227993642591765
0.49413732899328033
0.49752548126241602
0.52297956894289599
0.48954958057127729
0.45373970018232351
0.50841669310320237
0.46694127989397338
0.51660832749662722
0.42883774243550871
0.3877699829693686
0.30965316356388434
0.4731690009357612
0.41982200208090115
0.46336918803562865
0.46495310261084655
0.57724784860032674
0.56066821012026691
0.47179011924628494
0.50786506660069164
0.49460907670418064
0.49646632353693237
0.66469730435542285
0.47098102258175228
0.57083135665664919
0.52184034119611666
0.45733726257223795
0.53280112192367002
0.46631452336967411
0.42511344600285322
0.48367889523459207
0.47064961521548532
0.47388665938178831
0.56651144073916193
0.42912199065434015
0.46013355388678118
0.50738475591873711
0.46166326241526084
0.37821679148842124
0.40849833339087255
0.52703025655078917
0.57805860000487153
0.44003967045412162
0.31707722461479204
0.53953011951929353
0.35547626333323884
0.46529123613335932
0.59304947968265387
0.44520919013584381
0.61099839179422133
0.58369791011495464
0.52141174239003218
0.53514533417259602
0.45803413141362243
0.49519333111859354
0.46801961229789674
0.48146593194284354
0.50860952659033642
0.46054811327662687
0.49711692385709899
0.41575409654789175
0.43691628385900455
0.45508431459814569
0.56379717772470883
0.44954229157916858
0.47901871721898803
0.46594211030314664
0.60653002579188431
0.52915264578010823
0.4804671566178263
0.4863304879551007
0.49864699123351675
0.45390159030563831
0.38368169163668314
0.30614552268423351
0.35161239592663857
0.48861766264877138
0.40087736282231307
0.45098693288360076
0.6098690353643641
0.5133684917768766
0.57866749441247023
0.49595402957727669
0.46994089012126611
0.46444336879914278
0.57703043241369179
0.44640991037106237
0.50105526078824125
0.44551417671349314
0.41646758233288683
0.53738145325291187
0.49183392318904645
0.5555184583724968
0.5524429286996575
0.55564952073462825
0.52092378212752199
0.52732249116110164
0.45560218696465993
0.54242600103993455
0.57613687266191749
0.48369167186623591
0.48671639180485848
0.53422078464593514
0.56152147704908562
0.52255275437016435
0.52943869693325574
0.42259970089061338
0.34429430188221422
0.44824605309749033
0.57956331173529574
0.41461721159358361
0.63103689998903556
0.46226832734086787
0.44903099712549116
0.50935761375709743
0.5534631368554086
0.50103976797327909
0.47800986417827512
0.46104855693833374
0.56571577007645157
0.53921345998732118
0.48023019777013226
0.49839031410610862
0.42087372853088972
0.48079231255799493
0.42916529520500157
0.53469509001113213
0.50699257810362341
0.50222018632719634
0.47429305443470249
0.44457526795440055
0.50077315419751911
0.51687435609151944
0.55938837512043271
0.41257107232133367
0.56290367843911349
0.48751122993944607
0.48120168118556444
0.40609596962018651
0.33671046538088534
0.4859570007587482
0.5654196754624351
0.510100525503142
0.49003298921965011
0.5624161469897615
0.54735489968439588
0.56090400319282574
0.45646006587389476
0.53330137563120161
0.53691686978195674
0.50962129023705827
0.45268470867764321
0.5683690811610681
0.51443436561107325
0.5461633084665225
0.53846306428430357
0.57907945279411821
0.48882219373235763
0.55752823428460974
0.56833937800416923
0.56227643338489297
0.48783013843503958
0.4602668774726828
0.4791886900697121
0.53383673432331258
0.55536922803907329
0.43912689538721472
0.47327883140875937
0.4797513731990235
0.52192964960350841
0.49681963721180045
0.4362208969587868
0.50439729158145497
0.48237734380410291
0.57572524698913152
0.59259122761876259
0.48965704355437822
0.55519493719962032
0.50197421514448404
0.50908232006267584
0.54634421649926779
0.4848994379156073
0.49615797215801727
0.44217723625965599
0.49959823395418501
0.57824480430651681
0.54286070440272649
0.47072442996321628
0.46852357207689832
0.47998604086623681
0.52298277910112745
0.51180043342736103
0.55260133073944862
0.51637643433365954
0.50356903890492899
0.44897920560878285
0.46995373163274134
0.49086824891826164
0.48000838485744535
0.39513573818389119
0.52721281909843021
0.53593835691688385
0.69617756939496889
0.54200015250408429
0.4925815692223246
0.50201643668957818
0.52097185719833561
0.62372449299104038
0.42815427719416943
0.43818079448196517
0.5017504583182254
0.47859825161583636
0.42165930952572994
0.4646560839627642
0.48654026410131496
0.57381330915984519
0.41396672075640017
0.55564757412025578
0.48718102601289942
0.59206826994546491
0.4420352774239969
0.56392848355291392
0.56156130219830946
0.53850112843914122
0.44748172740201131
0.4652230880932906
0.50389301480932636
0.52209499501348955
0.52369630747329632
0.43839915096616744
0.42067125885179141
0.48229107790557585
0.48331128248368382
0.42025519458960536
0.36586228301179646
0.37639635464239507
0.51682260225686771
0.60163555077652608
0.42746020353665282
0.5172251875495204
0.40400081137526589
0.53814555779461581
0.39568609923022074
0.4999313951953433
0.48914775466477817
0.00029983567408562497
2.5575597922761729e-05
0.0086715250132760966
0.61048274690344384
0.44146087995799571
0.5650289946823025
0.48074853114008514
0.46056535130610787
0.52070746714844995
0.54226378701027433
0.48822422262296794
0.52405398020944249
0.44052875365322225
0.55587041022452865
0.50288038080266784
0.46047452799795885
0.51484902038901847
0.45658412943950205
0.46916753950322448
0.53205124169634754
0.57014194619228131
0.44250306271394901
0.32620588065285266
0.51219153781788229
0.40721599146092452
0.54528682036360343
0.52373672736674537
0.47067285525894115
0.51558097159512206
0.51042603354118998
0.51760078167967161
0.52817727690017591
2.6198298047700519e-05
2.5438308349530712e-05
2.66699381697767e-05
2.3617413559338739e-05
2.3404283875177266e-05
2.7083481555854144e-05
0.0046425507445410161
0.48780184275104022
0.43860902128687174
0.51054440923400668
0.51034367642185452
0.56932246754603344
0.49406788101757759
0.5021750307414693
0.46374345025545211
0.50057403706768788
0.38437065476565618
0.53330549889376111
0.49401997009255366
0.42613558765940196
0.55191169935510431
0.42118741783878505
0.47979970537941008
0.49268096620365653
0.48468709776015051
0.49543233930447445
0.49796771882311758
0.55589549970512708
0.49739239245132494
0.44396085464287327
0.60127846290737064
0.0072389708567124839
2.3041451566749571e-05
2.385893035970454e-05
2.6399196058991171e-05
2.5317913374536393e-05
2.3024921018387525e-05
2.3767200765933112e-05
2.6884446476781387e-05
2.7086627904745273e-05
0.53500399338623672
0.42823349651846598
0.4932181350423222
0.49917823440320519
0.54322556829079638
0.4477505160143358
0.51030710500579191
0.5944787110807046
0.49581869641655701
0.45351359927414492
0.51270188175145515
0.53075760308900721
0.45818639180600018
0.45937958662175238
0.38975963825824705
0.37620335611512801
0.51490360909653343
0.57487513981598537
0.50026929328495684
0.46218657528137042
0.43680377487478889
0.47781641948705689
6.6822721138703756e-05
2.4501396956298854e-05
2.3292057998022292e-05
2.3985891930158412e-05
2.5397949561137146e-05
2.3025074371661828e-05
2.6558346538837677e-05
2.2243229019150422e-05
2.9334312302749603e-05
2.7020031169511327e-05
0.00046370378294635547
0.4376874660055054
0.49517949498071068
0.41946561697083257
0.56887653660913329
0.44009354314965893
0.58031503532531037
0.48867456374165646
0.49131278522789351
0.60431164776931501
0.52723895298901613
0.48433570038795326
0.52571667901989949
0.47361860679529383
0.42652165137549963
0.45773486760261517
0.51392734469909929
0.48165356914606139
0.51939646491123326
0.54687366213355371
0.58856457956269392
0.4938659563997409
2.4549037169053068e-05
2.2161599880931906e-05
2.5576162079664879e-05
2.4208530156523383e-05
2.3978637467938502e-05
2.3786535719152638e-05
2.24871779361999e-05
2.5737606136865568e-05
2.9425894167518982e-05
2.4028456698969791e-05
2.614968875972411e-05
0.61744132940489893
0.47646529261431603
0.61093986722410953
0.37419508855594436
0.46172966880156124
0.45147548141995236
0.44600401998143929
0.47668227320091328
0.47391766842456096
0.46881537534326911
0.40590646431633504
0.61877605284104886
0.40828460958251989
0.45297220302576835
0.40979794226724314
0.54306567382457438
0.46004146132514512
0.41701688875440834
0.44377180425875712
0.63814659019435094
0.33278256981439858
2.3621102663507073e-05
2.3906809362501286e-05
2.8355675786168089e-05
2.4726273025084786e-05
2.6491430313121511e-05
2.2541290540278461e-05
2.230608154495937e-05
2.1334877169840797e-05
2.5769392578494828e-05
2.7919492940584952e-05
2.7368671088448202e-05
0.52283734195073195
0.50105075777261165
0.569642759168007
0.48668090355274263
0.53010346987612789
0.50783708177437703
0.54386066485930529
0.57824897165132783
0.56486234180785766
0.49461692675393665
0.45317551275045043
0.48089602567140333
0.40341531507188855
0.51791478981433314
0.42804143141596568
0.50908255559916449
0.48462891068004227
0.57032122831199328
0.51945367065478321
0.50473519272964995
0.2244945086341382
2.6394595498481813e-05
2.5874577556420817e-05
2.5882135755975496e-05
2.8504816365151681e-05
2.5904524709775583e-05
2.1787892388092302e-05
2.5222093063540601e-05
2.4412491850056102e-05
2.9348429002877223e-05
2.3158224313333764e-05
2.5725098861466677e-05
0.42349979389176395
0.57517956009657945
0.43191340779522852
0.53937553445152042
0.47851986960669995
0.42985028242632872
0.33507767520528103
0.443224477932464
0.6329788196787195
0.48353939697082504
0.49823322880282878
0.48135599262491674
0.32837463901421099
0.42895049898324245
0.53319203992782493
0.53905882135146854
0.57527659750112004
0.39972615726302363
0.51838674638757887
0.46405090540761462
0.4232029384907362
2.4039421808652722e-05
1.8840268103315931e-05
2.6643564353301798e-05
2.6334401176697733e-05
2.0519210986479726e-05
2.7025271912230446e-05
2.6978221242062819e-05
2.4238803261950096e-05
2.4280039745727134e-05
2.3290212255192503e-05
2.1926916463184364e-05
0.4523120092010196
0.56859373810430669
0.52547284868146948
0.50862812267445678
0.47117744261606603
0.44578691058976549
0.53452385202613473
0.5607630247190879
0.44386971285900395
0.45622644399869405
0.54754365732364407
0.41877981520982993
0.38560980716473059
0.45358224597719654
0.53907970537248984
0.44921877405863225
0.42606869480394027
0.49098338316643958
0.54613758831035564
0.55011542533208002
0.48887179433195671
0.00061551606316294968
2.2679336198446521e-05
2.8323240390713198e-05
2.9513706446725385e-05
2.3733318743267045e-05
2.738800678672851e-05
2.6473581995553786e-05
2.5771778819066555e-05
2.3677155239171077e-05
2.6190275675459533e-05
2.5530247752043125e-05
2.4362809005104069e-05
0.49149721462035445
0.59517241430870171
0.51747191918929492
0.5246904914185343
0.43139399545003676
0.52310867236211001
0.50345226223388506
0.55211126108437691
0.51198464392620102
0.51105150881697048
0.48739256634884526
0.43309038236522174
0.38497406199846951
0.48678353587140116
0.52020974177617763
0.55617827582513435
0.4824512203023188
0.48086500656428122
0.45990959430206352
0.4398882834875894
0.54752773056981718
0.33241265947307641
2.361946737431673e-05
2.8586535036417877e-05
2.4042188001022097e-05
2.4609226127582572e-05
2.5006803733844884e-05
2.5425783063616633e-05
2.6485042055523555e-05
2.5065134121205134e-05
2.3231040426439372e-05
2.6317130998633337e-05
0.5076384614523356
0.48454440799390042
0.57359212725895603
0.47322650992261828
0.59430947482770446
0.4879443000558239
0.47894310993857037
0.47638156243721042
0.50625092922056647
0.49352131221957646
0.52246443810488696
0.37649532632425464
0.40452800824208418
0.54348598730820974
0.55431403706922322
0.43480963139768769
0.50903864389927278
0.51057388961624151
0.59090290315299443
0.50777769622317293
0.51465142943656372
0.50884413541460305
2.6462385876696083e-05
2.1445651383172816e-05
2.4158024749937466e-05
2.4447630750429953e-05
2.7156438967056398e-05
2.2462799664511952e-05
2.6472694850733412e-05
2.4793248304316396e-05
2.7638165834952282e-05
2.5798057240311801e-05
0.48240106141816463
0.46661935153644629
0.57454936072942231
0.50001143461489139
0.5261598439462748
0.40543303671561781
0.4861524974012571
0.5459868777422312
0.50346608578164964
0.4794073341646678
0.45971347212358704
0.35382631525178837
0.50067216604643749
0.51947014736810415
0.55766156479913065
0.54304558002749426
0.51993722775905371
0.54788981140222714
0.40742833963841174
0.41886790588658229
0.55156159004667027
0.44390680400505167
2.1329855450082236e-05
2.0805565701519843e-05
2.4940228492038819e-05
2.3153870474316343e-05
2.8567589665572964e-05
2.7476137876441573e-05
2.1734189129324712e-05
2.6071934213260785e-05
2.3169213849766116e-05
2.2573523245697332e-05
0.53802093590383249
0.53004771369387227
0.48106286321471681
0.42894732033492755
0.51114521433693083
0.61171750034636152
0.58746616131005025
0.45599525936558505
0.50475426603602769
0.56056357413190161
0.50980601545176418
0.37704000371923757
0.40831147964527736
0.40823383466293639
0.38149806804260911
0.53403287552909373
0.48011897518224828
0.37804607077679558
0.49044357831492597
0.53278163856059113
0.55683887922663766
0.44189056899009915
2.5846373508393715e-05
2.5708761174875007e-05
2.8757337344819487e-05
2.3530508521934106e-05
2.6591176660908473e-05
2.8100394274957147e-05
2.447257653391982e-05
2.4788423753921832e-05
2.4648843032248179e-05
2.1142104538552126e-05
0.56800254545309492
0.43282336632583646
0.54167123610427259
0.52338599411373588
0.52637994671258259
0.55538154797591188
0.49256903144053149
0.46129399589796394
0.45296599322171899
0.48934356158991155
0.32724824194760982
0.42581354377161706
0.44432629401317508
0.3786603694953275
0.54023074449376984
0.39912268367613507
0.58224807906225151
0.47927046098778298
0.4952663101997048
0.45605527832205628
0.60021987708006619
0.47265053690654296
0.60410948985795909
2.1233327587549221e-05
2.4538428741164002e-05
2.3943411971259099e-05
2.7090342415346348e-05
2.5612729560596192e-05
2.5682255752868091e-05
2.7522827836922688e-05
2.2160457110192303e-05
0.45465018762497461
0.53079664180021113
0.44380135029318685
0.49185783006573491
0.4469960723674079
0.5134601963447194
0.51284356478375503
0.3781960620865531
0.55879690723588027
0.46064576292555337
0.57208352994153266
0.47058779023282765
0.4455543225877503
0.46553008778933275
0.58444935437646606
0.50136952455466555
0.49897328087448384
0.52453516191258409
0.4144098922043028
0.50727536062411049
0.43833132978020517
0.45049966931115815
0.51268189776453155
0.53185414268245346
0.34483951094957516
2.4398123409928709e-05
2.3144688256572046e-05
2.2444406098054663e-05
2.6085566067086717e-05
2.3203160436974349e-05
2.5836625940549445e-05
0.50364486562853894
0.54062907188111042
0.4687841356684575
0.50198829257597377
0.54529308407114108
0.52335999622911822
0.50369568934076181
0.5022456980352924
0.50208476588251338
0.57453116963636341
0.5539915278000751
0.49021932497617682
0.4942171655893236
0.44854028615522978
0.42979777035096389
0.41325886171676429
0.5322815918990802
0.52714317575267378
0.52378453801248859
0.50678287711455139
0.52807999317556031
0.53203097023212764
0.50839890234477325
0.55560982548613391
0.46234520396032885
0.58891944669034357
0.52559525398564366
0.38579994909475884
0.36090638646624928
0.35854149511551714
0.45497364971456228
0.51172808493690536
0.57950247504990426
0.48128553256821605
0.55429734887779136
0.54491464763980413
0.52203558552899054
0.47869468753418853
0.41898440788616537
0.42429407640705746
0.48793764017284086
0.52706537723798885
0.42147892669071224
0.39735579668644894
0.49796050543363451
0.42002926110901229
0.3184568806216943
0.43605294998653144
0.42950633782103348
0.42517316661608134
0.48569001853338073
0.45963831614207568
0.49591573649486403
0.49171683992277732
0.47029651899474767
0.4948014611464901
0.41109132250700314
0.50208327819179033
0.4677662069882435
0.51348801403870947
0.54186166298866356
0.54828831830370406
0.54582281759875029
0.48431778117735824
0.48840077808093596
0.55772217574049954
0.49141229534256536
0.39357416731735911
0.39380980775491348
0.51158315759064632
0.50795935090745348
0.5035676840897203
0.48080088396311044
0.57290779897223276
0.46194137857729894
0.56254385424665432
0.4929476498691221
0.43956716181532751
0.42934503039490923
0.46844665832700239
0.5195867463701882
0.47288320390383332
0.46064874742568651
0.48603238755175132
0.43672378553768637
0.50460674701481978
0.50335194747682177
0.47261928829578731
0.43833600398006572
0.460602636979071
0.50632252343630302
0.46887824357409497
0.54582650288536572
0.52842421597418254
0.50415960201147969
0.52423179866359626
0.52402448656336276
0.56061411299000197
0.48622931549117165
0.51660251822053793
0.48592390460204199
0.47096104303132114
0.53493582250488281
0.50490388760797411
0.41490543476798847
0.48500242977818692
0.52390695277084498
0.44415023750325866
0.55101212930945809
0.37014250909887675
0.36604057057518369
0.43194510745989212
0.54313891082342314
0.51693006650103379
0.39926962295837493
0.6626683094261594
0.52881906573626392
0.53277681391998177
0.4625505742438118
0.49495975619390753
0.48120143542715538
0.45534530942088097
0.55901810937006058
0.59135256985324369
0.47390330724453028
0.54275433064803968
0.58025504064132061
0.42858216141257266
0.4610009424652356
0.48522473057243165
0.53402169358867391
0.49717731048520941
0.54990706520717436
0.43712168163527759
0.48531732249472903
0.45154646027003964
0.54271666254470174
0.46956387605186056
0.55635655131524453
0.46924181779568169
0.46088894869874464
0.39494043439574994
0.448809506708923
0.50237608464976768
0.59141459545356678
0.53106609239071234
0.46293718015909974
0.52472578891149557
0.53411963045529032
0.50556067203573607
0.56680512178890496
0.5226145721961829
0.52092011869451715
0.44766360442262637
0.51401606719245652
0.42811070508618121
0.58355837768466845
0.38503527924927827
0.44590842891846855
0.34345520627386089
0.50091613586572392
0.45932258437619977
0.52590514112674402
0.51524541341537888
0.49371377496148439
0.56357575827696715
0.44455379577247017
0.47665679123323146
0.51843787402405295
0.55653190531407382
0.52887717112761967
0.54060016948982792
0.50262793593727118
0.3529137331363868
0.37268225723929399
0.54603964555165008
0.49679545793213759
0.44992910193664498
0.51302940578142331
0.48976289468279705
0.55157695122402406
0.55606631575319443
0.51055628080154203
0.47074889830381894
0.51998185661499474
0.47392557106464811
0.45151912540512135
0.45465127079925216
0.48387645248672001
0.57391490428425362
0.49648134876309086
0.4704453064105788
0.42424470612426574
0.47873890382634327
0.56058033006857089
0.46514254273808842
0.56578240049203887
0.54050259525151423
0.46190417298018277
0.54327832646658447
0.44603061977534741
0.46060807046865598
0.44260413728970288
0.53072146629543926
0.4414556990456121
0.36983095885825734
0.37711920923337316
0.37780513519061232
0.35545198310024961
0.40690972575804185
0.38783284681379376
0.38636790162141854
0.40264306710295378
0.35434222145463556
0.50267143920090063
0.44602388875306664
0.46035619347138179
0.48718769136199247
0.3496342590440234
0.4080923384063177
0.48613190114235599
0.52478241584721497
0.32591066297199101
0.40976368832435273
0.40805685476718856
0.38065059022969266
0.37179565133600689
0.45647170650480751
0.38493017210789832
0.41439956875391942
0.29605041692519357
0.53212552435531557
0.43540161005928441
0.44344798431747812
0.37851692153469607
0.39895634378262229
0.32606699223069252
0.42004288366976644
0.46708199243671411
0.49303387040674707
0.49129115732426898
0.36040618151290205
0.39345515829637612
0.39207871151589807
0.43799865322587683
0.4739178922635936
0.40561476211049358
0.33412670090926611
0.43934321549290695
0.3949174901281195
0.49251895579166666
0.56445361508914416
0.34337830109331013
0.40348793122369231
0.5003307438220066
0.3919282218884142
0.37237415588674788
0.34268898574909346
0.39248098113708213
0.39255018163579752
0.45899915654158902
0.39546818340335232
0.47912387813027635
0.26710819432125293
0.44266558321610983
0.36343968883639793
0.35658918547178808
0.38001634330497869
0.48463367161851434
0.27653489389065961
0.34861575478927209
0.50341400189474894
0.44202207648365527
0.53162318513729567
0.53959232249153577
0.53362744735458245
0.47629157848420556
0.52987143624024469
0.48642535751552246
0.48120822242715372
0.57219194437426046
0.411325953442567
0.48478289293139631
0.47995592451984198
0.42545899292677541
0.60936648904859847
0.48055340882201208
0.61777965666145407
0.56606802208035822
0.50875911514391037
0.52535275402283821
0.43737347046158254
0.5941236267292882
0.50794009733701673
0.47258854890305313
0.54129703635358428
0.55288611261407861
0.48543541834007609
0.47964744467290138
0.4950210363511458
0.41439985617860003
0.45863105484951244
0.41267694294680946
0.65150116618312937
0.5261614598156471
0.52485282313373527
0.38906164909472807
0.53996415514233786
0.50972191750223561
0.54184217342690533
0.49951621679920027
0.40547943633611533
0.56899456253269032
0.51001934524158676
0.54438602048683205
0.42158987705660605
0.49295923188927937
0.43339728756973328
0.48531665294335524
0.4909635503565809
0.5194878047884508
0.5049217931201585
0.43252620298845434
0.50230191223800535
0.49145510962950167
0.48271833327817837
0.51892211309317093
0.4723019896143178
0.51241215018846065
0.56205437125763735
0.46075849911634237
0.50023488789865145
0.5593287466921173
0.33012701144978018
0.43574541940163641
0.49309015992211547
0.47419870528220259
0.47375396584904611
0.5064365147894998
0.4676348224012265
0.46262876287976007
0.51354906501021835
0.49510900197110586
0.52240959837066181
0.5051741492365921
0.49560871323149458
0.56323392042782117
0.44835173984606608
0.51748248678230691
0.39753317779813674
0.5935751705606771
0.51724704183785519
0.45409788609464419
0.5498904844559912
0.39529217248538284
0.54034326239752128
0.52575904949850627
0.41003124719842254
0.49255846035441492
0.50167496279143398
0.54341816740634474
0.47182629365337664
0.51205585847383628
0.54782026652417826
0.52109568909008941
0.40890571086472766
0.37607086869350703
0.54782805577050309
0.55189606920445122
0.49183505508693742
0.40718163217601949
0.79398841547764742
0.44759889906322042
0.59158252561685143
0.45901628806068207
0.48202160518448617
0.49696059243208451
0.51949981911612797
0.49543728121134889
0.41740116186565168
0.5377612265706212
0.55492397155200912
0.44742371151086308
0.45912968714425939
0.42559892119019682
0.50644442002208478
0.50348827835175436
0.40214590095397906
0.4410980433282658
0.41087594573121766
0.53092723850033641
0.42107587713971678
0.56559972036356887
0.55452829869319142
0.49644450547472418
0.54157049942320967
0.52049413678272549
0.44457723694089429
0.40945298150798343
0.5056919374742862
0.41986913444204033
0.49631909652156325
0.49650544100618604
0.51657017742617084
0.51290218380427532
0.48393918682879367
0.50832426525861363
0.53446681430282161
0.50340654635078053
0.47997050755731252
0.52975246165995904
0.48088967583889869
0.44908129227732152
0.54351700684469506
0.46778621375371382
0.47899480990133586
0.49137098722515299
0.44786081006007783
0.58535084334517939
0.47927658738430873
0.50785001412251662
0.49270744671226202
0.43740203019806245
0.48613284744467122
0.5115242005825521
0.5196990528057458
0.50950875362237236
0.51733013358278013
0.48625703724583969
0.42360823893245464
0.3400288769932423
0.52897850888401299
0.4524692256881454
0.47104193136370859
0.63288319313244112
0.47540553264288948
0.41633678218936948
0.56892948294745904
0.52504159009572571
0.48567819698097475
0.49607218766107192
0.4936831494888177
0.55132722414947244
0.55072266460245523
0.47478476357868316
0.46251056308797089
0.52598548116236832
0.57187255788673486
0.4738739088183842
0.5246614832689519
0.48047241541674268
0.48184235679171739
0.56551344319586128
0.54922421923569964
0.58465892559498533
0.58274039444161385
0.53418513205594653
0.53689400310975921
0.47704872358093753
0.50957394879095497
0.48079638368145572
0.35222726799883547
0.38214695899901574
0.46026083023379682
0.50521256400333669
0.48370185224485157
0.52524648186385137
0.49967039403161478
0.54304158816121084
0.52080760683332195
0.58641071127133204
0.50939676513972176
0.50924943428564018
0.55137208404482629
0.46500910795422462
0.44892045316493739
0.55137019338809601
0.46962208026453173
0.46453531185304919
0.40953758167979903
0.4993485009375111
0.49864652462300346
0.4426016327110483
0.50127103851868493
0.48254635829749842
0.52416093132016839
0.47993288241428206
0.46007497392622138
0.53771485247987694
0.46008048007224295
0.41097898361358159
0.53355518017708736
0.49513429954543975
0.39109286085566941
0.46847602128995702
0.43733285378196496
0.53964188364079857
0.51615646091919842
0.44799681301340244
0.49524120867288324
0.59748721354628398
0.53273780956774497
0.53579170031297707
0.55787965664057138
0.54343502893769979
0.4611451224758284
0.4645371293178911
0.5297903916064749
0.44715319761525502
0.53232504489912635
0.5337493479300055
0.50672670663982156
0.54312788501189613
0.49528281842535654
0.4998525367879233
0.45829804634107929
0.47108953556438604
0.51201911789452881
0.46825987252552903
0.49701471359154847
0.50113376168019796
0.48240467748732463
0.5784454896256469
0.52923650196826588
0.46113120228409094
0.41744601478566623
0.38156770634679621
0.52903362648729613
0.46363757532687483
0.50656922625383982
0.55246303542005859
0.46231318627731849
0.50886378052757064
0.53003634878103301
0.40312819114721088
0.51221884541378637
0.47075357572765575
0.53161304481918148
0.52125885338218836
0.55028691654490469
0.51735884015792732
0.47511729562287175
0.55417763355225957
0.44456594975816965
0.49053021712311068
0.4711569745091771
0.43298232256901431
0.52490376307205489
0.54009026541732386
0.58714784261911546
0.53658102731168134
0.45360104822989666
0.53244501738603101
0.57702304358034595
0.45769474990392012
0.42408602983769267
0.58909383562741191
0.4128416633241746
0.37545306072304102
0.47732158018928694
0.53400598297385127
0.54320418932680625
0.48167303564067915
0.47558656957444412
0.48645566758230591
0.47870899114907517
0.50906771612460866
0.4833505842077595
0.50972828824794947
0.45349419804563951
0.57379442782572576
0.46013126189661796
0.48254287926148776
0.55621565697148101
0.54842974282039991
0.49129200521658506
0.49046282914274292
0.45903300591126017
0.57116963190137293
0.49878383068732035
0.5954910484597139
0.48810346598369519
0.51272261762167715
0.58008416435840882
0.53464896354013047
0.49478361573641727
0.53863402019476081
0.37250706472261957
0.46851064036377743
0.32216091467043995
0.36428412493287582
0.49572716283971568
0.52130531489284049
0.48448342435184433
0.53565083639007416
0.49523658903227008
0.44505626095398382
0.49913048859463527
0.48346361532124416
0.47892909356087077
0.59169170146602046
0.38604212373913066
0.005883926159900626
2.6398084175874245e-05
2.6735542841178821e-05
0.00026683749135809659
0.46057320649938238
0.51421417613367426
0.47807726720914306
0.45536543431547388
0.55134846981347663
0.60376593162022407
0.47456138622914401
0.38309687866060443
0.48760755552571966
0.54579126646937848
0.59525869932015851
0.5380645901896367
0.47413240372633364
0.55434405480861915
0.52552170049333835
0.5542559004762041
0.42663410295469772
0.48130465978996473
0.53850748057296194
0.51453394609803338
0.54142379163149967
0.50616182876858751
0.54104236182339538
0.50015071835674796
0.58737547608668605
0.46175512751906617
0.46734568022986078
2.3028012707505049e-05
3.047097134071112e-05
2.2289682756508024e-05
2.647047445975613e-05
2.3098538150202177e-05
2.4038778296276703e-05
0.36781122334735628
0.54739427693112452
0.57223400669559266
0.5160145978247197
0.56748803503303369
0.48760471113727505
0.5276935834040436
0.43827744039693656
0.48222232835544521
0.53482935386728081
0.43266677959387395
0.53101244240355672
0.5214969610963377
0.51515851878028485
0.39150352564017321
0.40360524291545569
0.47213922476467957
0.51043757281626878
0.40014854626263074
0.46453482532450063
0.50808903187794707
0.68997642204944964
0.45374441928275305
0.44341995658839845
0.51703071324176186
2.6205697658291679e-05
2.3917957145321661e-05
2.6039759096856041e-05
2.3743240726420669e-05
2.4141486611915521e-05
2.335101738238575e-05
2.6683560990500244e-05
2.5322431637507613e-05
0.54721618055294807
0.55323033650796527
0.45528792617699698
0.42079482173872412
0.52832582140013995
0.5195066063400362
0.56754240825808233
0.55596722277613364
0.44646353383649434
0.56306385532035708
0.48020104131358143
0.50828839817924021
0.52570719476385053
0.42591784647568992
0.51323372183623295
0.59854680568026575
0.46259864176454857
0.50855454582163384
0.52866798205400312
0.47238115773910938
0.45968481904715025
0.42378023771263512
0.46393334937151964
2.1419876717507084e-05
2.553526205639905e-05
2.2397779990826633e-05
2.3184678244914066e-05
2.4538694094685564e-05
2.362997562935181e-05
2.5221098257717895e-05
2.487202718171707e-05
2.4692373251387328e-05
2.2567358262454892e-05
0.59071603110062287
0.49989984604164722
0.42011095313487407
0.42900408486537089
0.59398509640573083
0.43431283667477805
0.48249086212944953
0.41432125490605987
0.45168107388133905
0.46442500191108288
0.53811587013243878
0.48900812496724222
0.52002127717845836
0.38564798821419499
0.4367968946156886
0.54828763524602908
0.55551276577136177
0.51207378884204124
0.49336468986533566
0.51277984985659686
0.56315126304186203
0.34887440547236204
2.4768925979883588e-05
2.5554585420815889e-05
2.2479900327248673e-05
2.1637138236089354e-05
2.7215523323881174e-05
2.4758678103192906e-05
2.8508711753769436e-05
2.2432817178389519e-05
2.8711679506293349e-05
2.7957023724915553e-05
0.50731685384168368
0.5740261137373841
0.47084891357162206
0.49845094683224089
0.54720152755635432
0.46479151316695155
0.57107037550837825
0.47020688427214025
0.48946737504356869
0.5164930596550299
0.48818282309378858
0.49311538153973994
0.38461514184333223
0.42086909438623388
0.38772803293479619
0.53342455980434145
0.52834830706182445
0.42933129997087838
0.54564282819125043
0.50273022212040719
0.41240501219751063
0.42335552868969656
2.6507802925778899e-05
2.9493029044014922e-05
2.305276147457373e-05
2.6245283245834533e-05
2.1172119988566131e-05
2.5584136432650206e-05
2.6884050269072828e-05
2.4251060715145421e-05
2.4910291456427058e-05
2.4125260777616942e-05
0.474767137005286
0.54707162872147319
0.4940375123593076
0.55617347760563263
0.55475604998869477
0.48861136098477231
0.55551996620025834
0.52035401162728179
0.51399255961714874
0.55593399395475684
0.55645457322950376
0.47419452952324576
0.42237396022779955
0.37726796011741387
0.49733752059332964
0.45717299261214239
0.47978396887377295
0.4619120269156563
0.39560699135776595
0.57563047461116357
0.51993951368448232
0.53256078781622584
2.5961957554878187e-05
2.749636459935032e-05
2.5799313699468255e-05
2.6585462724127197e-05
2.517414968217337e-05
2.5692028634828789e-05
2.6841746217228847e-05
2.3200461477545638e-05
2.3535334802120392e-05
2.3462377130769315e-05
0.49604558337264665
0.57469618252941368
0.46212324382704134
0.48953345743358029
0.60248104757680443
0.52751885718490343
0.47399685542286213
0.59797784484697258
0.42449669378720473
0.3691918702436594
0.58553931761162359
0.57161210344421587
0.37934263040892269
0.43040694234982152
0.5069176375140243
0.49465588733075266
0.51467737000249836
0.35443204213033591
0.57214274207979843
0.45394713055840313
0.47349096474021557
0.58723281724740173
0.63774156539052884
2.6442773862094684e-05
2.3822773070766029e-05
2.3073343730452905e-05
2.5865191517316018e-05
2.7184681907504939e-05
2.3512823257427559e-05
2.6590722290484917e-05
2.5812074153924886e-05
2.4153359220794262e-05
2.7373092397222069e-05
0.50675523031290226
0.55235459145198151
0.61152576337694642
0.471237564401779
0.4712016441502519
0.49279103769929183
0.51771817381968621
0.56276717585827452
0.49570623554498272
0.50925272867464288
0.59832169704101756
0.36875905799510972
0.35581056206980288
0.54931202996963346
0.51414889306289013
0.40515393940829753
0.47806107461036018
0.59197485438705189
0.44807596764925145
0.47362793763082112
0.49573166932219859
0.54661677918426155
2.5154197547027076e-05
2.3179147980095154e-05
2.6164922833885838e-05
2.3600138553051981e-05
2.6904595115614806e-05
2.7062334197908194e-05
2.6378722590852466e-05
2.2293845609478389e-05
2.5479729407768392e-05
2.6086213820528175e-05
0.47112888697760397
0.48881821273080245
0.4722674506152178
0.48258240632178245
0.51517437051288451
0.4900143498342282
0.49621087094485267
0.50787055691128946
0.47939533442516297
0.44473961841528953
0.53890310738763036
0.39813516443821262
0.44209880351035136
0.52316553429033996
0.49147389830154192
0.46053417257018625
0.61692218896952589
0.25661784083215533
0.44224111181392473
0.55374151005343142
0.55555759825335838
0.58228007049648411
2.1643904499278609e-05
2.0921748254201924e-05
2.4631013975099529e-05
2.9196416561795647e-05
2.3943267132229481e-05
2.7185856196083268e-05
2.7072506246524221e-05
2.5919041110646998e-05
2.3181571350881107e-05
2.6793762462615593e-05
0.50065756573929132
0.54274691438410105
0.47306871996565414
0.50470791841224782
0.51277523894795507
0.4900676582809414
0.46360526663673685
0.49951747712266331
0.48994555935438905
0.49363886772633941
0.54024642104715948
0.42787452165359607
0.32681185779940786
0.53972518740661679
0.51119664704339196
0.51914116310285807
0.56348507936392633
0.59639086595978197
0.55057366870802205
0.50490349408975643
0.42948260800348809
0.43318607662374198
2.5555665974885805e-05
2.0290754991508013e-05
2.7192120944633777e-05
2.780073300115478e-05
3.4482349753520138e-05
2.8532485712875726e-05
2.4794814677524124e-05
2.5370300003060015e-05
2.3699528928237703e-05
2.5093124493096013e-05
0.54970155324043002
0.51974281452034721
0.51434179279820069
0.5271447899596623
0.49003171098794418
0.51735583961374954
0.49534659610155463
0.50585847808898277
0.48241060924957146
0.46347117161572499
0.49825820194157067
0.31333891663312957
0.42971486013272048
0.47563281543088354
0.48344641118914389
0.53706677626703014
0.58700302276783189
0.50647807633215158
0.55985914119308822
0.47973851841718823
0.55732552029594851
0.55297342944367645
2.7495013977891266e-05
2.6564426337433698e-05
2.698027345120618e-05
2.8009046907534395e-05
2.813526866200414e-05
2.6677643597255638e-05
2.8052940153006635e-05
2.413847913346326e-05
2.2456295925005393e-05
0.32333843322648648
0.48885954968357276
0.53316923662341809
0.57150368935696394
0.51634782080266817
0.47309460646974805
0.48069306538658546
0.52002380732408304
0.41982202757099968
0.59381015211291377
0.54355530285023124
0.50518972714415844
0.36991023582167931
0.38105727309949194
0.49457127137579238
0.4257855907257308
0.50177530667425174
0.50058850216993123
0.44222432977412096
0.50199515044318388
0.3986986697843653
0.51043143918536382
0.50582405252076235
0.52570949073935469
2.369917880510926e-05
2.8270778544752638e-05
2.6295187163207555e-05
2.6283596852893215e-05
2.1338824412184916e-05
2.1617516652140324e-05
2.6805394089364974e-05
2.0849135768733705e-05
0.50261301308148987
0.62015110354116698
0.49657854978930632
0.5613192290282375
0.4687727638061876
0.57698716148172124
0.35281696007751912
0.46865272940944169
0.47831746715886825
0.40201665311129847
0.45513899571902527
0.4673112509156005
0.4289027662757377
0.40834015972332066
0.46711880987096877
0.52537250826968573
0.48897975977614794
0.48980520057365945
0.5003519078636729
0.54789283227243479
0.50111276577892738
0.51078974839973723
0.46702513644736721
0.49965918358463463
0.51615317111961612
2.6138107557566453e-05
2.5723396248205293e-05
2.2745056885859436e-05
2.4425852726114953e-05
2.049412505288525e-05
2.5857495140017034e-05
0.4394324178854363
0.47427885580108281
0.55835550840229553
0.50058282501607421
0.48284315114102394
0.48288033242436207
0.52544966141925575
0.53018159790289976
0.57069788305397706
0.51880478621838133
0.51902734362863479
0.5089647178896467
0.47693500535202465
0.49472908917388481
0.39731439079349495
0.53167636372679916
0.48736924310116442
0.44882725920796185
0.50115526248619735
0.50027863496220848
0.46565639444419682
0.50945585057685627
0.46597533402594732
0.62595315807708829
0.50949708346110145
0.47859020492466836
0.47800761787417168
0.55512904852892597
0.49725291187956761
0.58376811041265497
0.57868945795857507
0.48010782895575088
0.46210446080329504
0.49844548352114071
0.43167233707426017
0.5246802874766926
0.49577817051286172
0.56665397147361218
0.58848941088386664
0.53705215317051114
0.54401074909364533
0.53584549690545269
0.48967273449185794
0.54927086039412909
0.58350690592285703
0.4264279360845985
0.49001133977597799
0.49875730202163432
0.55223013020059442
0.54659402979915361
0.57143568000003198
0.44061529413517592
0.60199376114603198
0.45782964593468528
0.44622961099844216
0.47516415370656151
0.49862914494541766
0.54468237570421174
0.45260923481287119
0.48715196350292905
0.51250950677696605
0.50073826105341834
0.51438636840394847
0.43186391532835133
0.38925766039891729
0.57689509441273767
0.56744542884430138
0.42817435136176435
0.49034947442722621
0.50395849172876239
0.51250589747930275
0.52162476401970281
0.4967441328569881
0.39804147761661118
0.49736196316989001
0.51975686962486933
0.50631558304718871
0.33686470618150716
0.45784669912721332
0.45291834848209339
0.48705162646811861
0.51605610871205743
0.49072249154038611
0.53691108252779352
0.5130142538820901
0.54128720108042305
0.44617238815560195
0.56402858794010147
0.47396739290118212
0.46952750607861377
0.55821414751695075
0.52271483489117287
0.50988532116148544
0.49365471467798233
0.46119493081353002
0.53083569505633821
0.50535529154758252
0.53372598366711421
0.51373050552290667
0.52158456134377529
0.52314166927193617
0.52447281186286021
0.31353364408765133
0.47615080021562334
0.55430292515224888
0.50808633664823977
0.53238820903936801
0.47535832132322742
0.51014406843605609
0.38735610640848028
0.43675978344148736
0.5125529261848355
0.54722123196618788
0.53125811502626252
0.47409794546999467
0.39665130730850351
0.38948799202121565
0.4660393611311669
0.44879251947746929
0.5131693194554251
0.51962846765285242
0.48859149503528132
0.47623836655582941
0.44692767747816647
0.46542238589374491
0.52355336117571483
0.44960713568881239
0.52718253911703505
0.49452552970836822
0.51219644095732508
0.53281220929888384
0.41667404388791579
0.54292241027163268
0.53760657186373628
0.44044662570096754
0.51814703052367295
0.5052889086792689
0.46429754871970336
0.56697476285097748
0.43981749667306319
0.54523592258361109
0.38536232787220176
0.5427958248604533
0.50056158882482937
0.46181779363218656
0.50008098577494453
0.50744893869413976
0.39395753554287788
0.62783535498270227
0.54350718999318293
0.4493963507466518
0.43315641161647545
0.5831180583077249
0.4964797023586372
0.55088465477298321
0.60753678567064562
0.5244998462669771
0.36757693746794262
0.57848919913226493
0.42861134363231057
0.40215659106298263
0.48666051456918902
0.54939723358270087
0.57408216538980705
0.63712100910973501
0.47363896774101133
0.47207377217810964
0.57141461961072149
0.5450073960733971
0.54931617252087173
0.47795712742633606
0.52133421437044791
0.47043065141657464
0.44686677293200078
0.37343834189894343
0.42844969152377627
0.50102732537705053
0.58410128476004408
0.39659156308979204
0.4723476667876555
0.40568140489772975
0.36452239966305822
0.5538690239426487
0.46080307582491087
0.60817518198547904
0.42501090923000423
0.60198813822398234
0.51392299350184245
0.49877394171531908
0.51298277155083238
0.49543124338411337
0.51164454270062099
0.45359929273279598
0.51216196097357714
0.53764373628306361
0.4826760404849359
0.49136331777497361
0.44484609575249356
0.51402911796004469
0.4497748577814622
0.54840797015029874
0.53109963534417914
0.47969308687441975
0.47611755876106199
0.4394190063851921
0.3976325090931897
0.52126384655133473
0.36177160931965824
0.44907010958528737
0.42451651765416137
0.56162709970900515
0.30523452219428876
0.39361884569627364
0.31528731783724195
0.25248740489969607
0.35628387475138562
0.44948533176820543
0.32461312063849729
0.39458084318213887
0.45049030252006134
0.4782801802457492
0.42425695956879372
0.32305101947298365
0.47975462051846179
0.42693313191587257
0.39317369706840499
0.38222270755785043
0.42437493913376911
0.46474695046018921
0.46107678721987488
0.34451817362949738
0.38835465035057543
0.48359220410062553
0.39792794268466641
0.38752236433518139
0.39619422190227144
0.45866000969857851
0.38640429506698182
0.34347308985321234
0.39829081055314414
0.48615332375773551
0.38125895997909531
0.36325977864403036
0.35738218699578794
0.40307425488066578
0.44623213970458475
0.49605876480214739
0.45525672307891124
0.38675039709521003
0.41530987602434544
0.32191084698920186
0.34324312586211569
0.38453327509599461
0.44242222334456183
0.34364882595422913
0.35980816856117986
0.4411014336781221
0.35938161159793375
0.37695088667525728
0.43397315702057393
0.3372965193324729
0.39937930185306481
0.42582279910375215
0.39222980937142221
0.52217420706114226
0.3888718446781339
0.40174484737098676
0.31412988187128454
0.3860717786394281
0.28263736317135457
0.3387701128451574
0.54219367877059188
0.48474156663145124
0.43516553913834832
0.65679642321372234
0.56599983269200882
0.46740821593914961
0.47656542640986371
0.26766510161816065
0.55725736154967309
0.54325566478105136
0.5763028563652578
0.40301833008117732
0.51175330232850924
0.49740000534559525
0.51230851706990188
0.4069097197482896
0.54648856444457916
0.65851128959631278
0.57584467430495112
0.39686318650248803
0.57661947795944712
0.49044509320444662
0.43585779911936656
0.54012689362566602
0.47752311626159205
0.62621779451203352
0.46733230819606181
0.50698904508049447
0.49102131326855264
0.54992509739310136
0.32340850450676456
0.29512921926357111
0.49787165103425718
0.55510395102089138
0.53461582148880304
0.48833854966601475
0.53159672913991696
0.43512936678235248
0.54095253843574964
0.45528941098696746
0.49862942273518895
0.5008425392396979
0.44725996816204772
0.47809819561494021
0.48360816471471629
0.48406000857417608
0.47890065353817718
0.43083644312284036
0.48475949940719842
0.5059140153978936
0.48291612477512924
0.50403260249720194
0.56766416963953614
0.45775962292270467
0.51270650874014789
0.48154786707630931
0.49593374414820302
0.48955966882049801
0.53617863316796688
0.52932182217881529
0.46103273371072268
0.50783491224331967
0.40752125648864879
0.34948056181342863
0.47645280085916786
0.50154063241541769
0.46708935778079136
0.56163053253877115
0.4860269520192223
0.46113393236469225
0.45702580808515775
0.50703407865629713
0.4911097589446109
0.54748202901848764
0.53350722312870202
0.42992728945338965
0.50482964455024104
0.29864994783809407
0.4592645973308867
0.4469595616296233
0.47742199840106708
0.56271499406707803
0.5318035691228965
0.62204819127417399
0.56619102837571633
0.44763901350561053
0.58422493235211526
0.52217737004680109
0.52355612176718791
0.53689447733305218
0.62441053653274425
0.45994868447616311
0.53068377423171531
0.51693552646508978
0.38127821159494912
0.35894736149995304
0.59249447534507615
0.51959711776777961
0.47131074868078998
0.46176369428647707
0.43486889835289561
0.4977038185732619
0.54028413365026517
0.56445383740231814
0.55729789899099114
0.45281692275218055
0.51694227053847486
0.53725125936829654
0.35909046934034061
0.49477847997507551
0.47841989653554712
0.52599181783352222
0.52018640224803647
0.50793326730251576
0.47917394890559956
0.56052832717268786
0.51380195984405064
0.4525296968721928
0.49888064849089658
0.53438101120634995
0.41906789089890006
0.48984159198491972
0.43289915805926299
0.54914848113157355
0.52952859585186829
0.46501619347147211
0.49681210541923343
0.38264177604798644
0.55749815337007935
0.4524540578553794
0.48618974246903829
0.50037224817469794
0.51886137325712056
0.47076537768977916
0.51907314340589139
0.54557843073806933
0.5413640926069414
0.42587148925857177
0.47483175359388363
0.53528880371559262
0.50264832940560944
0.52228066496039405
0.63207329890253272
0.59657352556078047
0.4557690795788446
0.50619345313529218
0.50383350569735841
0.50259225851727274
0.55687033900661975
0.56007553487143558
0.43495310989587332
0.46515719173887748
0.52597417261309587
0.47893138745188857
0.54152608628224952
0.50824138616358572
0.4791389398190975
0.53820617128454362
0.43514937437173262
0.41915939312122974
0.49137076896719034
0.53181459576839529
0.52145222198940255
0.56812632078105041
0.46945216520693289
0.40298542963411149
0.53294185836408481
0.53502644365407692
0.50100826748793093
0.53771844834140381
0.53841447882983418
0.44506786579617502
0.43769836421456548
0.55428071389529354
0.55875102562309165
0.49394359700087215
0.43865344788890492
0.55554460405203376
0.51702600582059433
0.51434722774125496
0.45506013788447253
0.41016261301562196
0.41217465660213526
0.51926733759073518
0.59608161495761436
0.50520934928109096
0.4568737114242411
0.4645097345049905
0.47540373584395856
0.40258479445209
0.35950369863742943
0.40431152774817652
0.5307160046966104
0.46032707453193539
0.46515145959732584
0.59778775082043267
0.4487470304666788
0.49299034749941451
0.49429603579734793
0.47388756316971309
0.47469254115608556
0.46326925000515895
0.47962946814431134
0.53607636525043145
0.48548495536920894
0.48745019410635815
0.45696070321639887
0.50247759307183348
0.54397596288475558
0.48878195230513538
0.45105512780145118
0.49009814779111222
0.44975772694223454
0.529548339633511
0.46401123719248988
0.47494767075475319
0.49627424680423443
0.53760469950087852
0.47673728076378552
0.45153278339754344
0.4117732954431137
0.56135762187262606
0.38753404761511645
0.45454797510961387
0.47033237560910296
0.53330204018498928
0.54072958947006422
0.43619751186070316
0.45194704368107685
0.46862259446675097
0.45003616604055219
0.55686452077149129
0.43410442886604061
0.56361540680431843
0.41593027859897402
0.4779124006376691
0.53466328906797833
0.46550884262974135
0.47925043647385313
0.57720515046322385
0.48474217640568246
0.49102185264536985
0.45117817504838542
0.49320279405461104
0.53172131044591298
0.51243995341177606
0.48808025479326073
0.52787085035529169
0.54891232085420616
0.49670641042211999
0.42463334931478641
0.38722493163186084
0.45350154826718519
0.51844639493739719
0.36911458226846705
0.53845113883989482
0.54657108105865027
0.54192771584144839
0.41760725479846211
0.46292421277259244
0.49538485048839909
0.49866796239559663
0.48313169378463605
0.4374705761936436
0.46585818541292179
0.36314837321913696
0.58187822950101842
0.49914655952185955
0.52860740964142339
0.44942679514930622
0.50192721822786557
0.59730097259576453
0.47182556744433607
0.33674295104536178
0.53718563992049484
0.5996284272496849
0.53106994429786925
0.52770214285154227
0.52168831563188789
0.56985325957250399
0.4971553104625121
0.50934047597397047
0.53788579771014844
0.50900352465745258
0.47337259127334358
0.54442892873501547
0.39334834323523149
0.2882878372986315
0.38315276060955933
0.46745617558210045
0.47837885186931389
0.34402860235792337
0.45281216993657636
0.60593032436989336
0.52300723198564691
0.49660216762709897
0.43133638241076777
0.47629042900871343
0.46735774424892534
0.5577504135826985
0.53882176880756227
0.47247001610112893
0.53028516735749753
0.58245811434515848
0.53695947559219015
0.56874180493407134
0.4983941276919549
0.53453444373988712
0.54637515795927094
0.46430681017156594
0.53464225542351496
0.45747091328657552
0.51070812759644302
0.41697432062225076
0.56916114682847352
0.45757583874236485
0.51060837713566132
0.46727598380535118
0.58077360384546239
0.42650403399178172
0.52761152876215245
0.51797277615273296
0.4462317070939098
0.56736989664896653
0.48630143919533508
0.44945348727654799
0.52111370982708194
0.59761438789629695
0.50888713144761721
0.50410674462502536
0.53776103345074966
0.43331141826931274
0.45759009879610985
0.48352164180983825
0.47753400391529827
0.52473229950843125
0.44246459991830028
0.54764573122660065
0.59098593371261032
0.50155953459563341
0.45928651630861134
0.47957997461446289
0.52579169104077705
0.53322640244910313
0.5348517075588668
0.45033230806711566
0.49406068214214849
0.46949404603498379
0.50256147407494656
0.55314435294198105
0.36101209810716389
0.44654630574516685
0.48184196609764252
0.42672437047478484
0.47564594200932925
0.38291001685972975
0.54844122463521128
0.63357602033857163
0.52196661716472592
0.50365085988307856
0.50468966554750117
0.50963938715254142
0.42578942253006002
2.8650393861789024e-05
2.3894681508416054e-05
2.6769103485307953e-05
2.8173486712421603e-05
0.35098901894678458
0.50284778915359651
0.65559520538368365
0.47402876541738126
0.66014941484249079
0.60325655764214625
0.53324448654916512
0.59107077875369163
0.53466088958152991
0.51853025305307898
0.50981726609562039
0.56857260426053469
0.51635738464608594
0.51096837287582497
0.47764500285069622
0.38363866307184369
0.4528367281630844
0.49933757786680427
0.54258754549055677
0.48575994639170511
0.45857148998121927
0.55847521195787431
0.53602950127935778
0.53209167990190509
0.44153612416628235
0.4891844500045322
0.42941100244718855
2.4050408486121171e-05
2.4364673581184915e-05
2.6495516717163089e-05
2.5513248045477974e-05
2.6072454541857126e-05
2.2909033116754897e-05
0.48581892421218609
0.61021454626861205
0.48678935083840308
0.47816377855262987
0.53032211802225104
0.45665555915896633
0.56481963808443791
0.4946204237529484
0.45377199041699329
0.42521409629588014
0.51537397306547084
0.53790024058712016
0.551647673461649
0.52945502108824605
0.36557836123176635
0.39374771751423826
0.42737780467364234
0.48611751430955547
0.5446270598176739
0.53067097363298277
0.40167883413727967
0.52742125535834306
0.48314463133067698
0.45839277591903443
0.57754306925105681
2.7381898206624855e-05
2.441000509235895e-05
2.6772214503763788e-05
2.5084768819992078e-05
2.5709619609006071e-05
2.5832791774525138e-05
3.1906984510000036e-05
2.7106646425039708e-05
0.47618762079115767
0.46293306833920117
0.54812748945886691
0.51958827149851616
0.45898954885613985
0.43519764487022328
0.48813950205799639
0.47671542728496918
0.53400554728091554
0.38615758611012546
0.54079715105035953
0.39441395564193837
0.57526589430496111
0.34695005985188848
0.37882507780720748
0.52205092361983085
0.4251182152590996
0.42467753508216427
0.42157682309237132
0.47459961702214276
0.40871222123972673
0.56379779391464946
0.63743299784500729
0.46568016324707556
2.4314873749970398e-05
2.7021613138658322e-05
2.6171707771409532e-05
2.7326711433745773e-05
2.431496886615231e-05
2.291947108667143e-05
2.6359695503288343e-05
2.5712278937121441e-05
0.47067944774898013
0.49541015132514865
0.54524848116555424
0.53257214624144189
0.56734072898911814
0.54212219598159739
0.50557287528686234
0.49514846455563483
0.48776046409645518
0.55026422489309701
0.49249665342242255
0.55779096977113907
0.52882720779983738
0.3236890319494557
0.44797952054399209
0.4610968656691703
0.48580978432531174
0.56963615201298068
0.48312024005878235
0.57059739835420431
0.50836277912599492
0.44312284962856308
0.51626868027195827
0.56621160658703451
2.7706997743636973e-05
2.4605788927202039e-05
2.3685745073520077e-05
2.3993091377940834e-05
2.6368995641883564e-05
2.9567509418845709e-05
2.2099294078108863e-05
2.5635003776763625e-05
0.49418235991454923
0.49865085496001116
0.4915819077789067
0.4796395400137764
0.40557732898864757
0.5164473278255669
0.44335842935095898
0.4166849735962323
0.487585365310994
0.51054769983332726
0.47029893526726457
0.59297294112483112
0.41826753298444191
0.38290563423748891
0.39781660017690429
0.59832265437949006
0.51862104633363726
0.51894239271989784
0.50895465463038392
0.47220300418404543
0.46927404631477126
0.52359790660061167
0.47998835496723152
0.49983358510290204
2.3723701201246857e-05
2.4237510987478285e-05
2.1703974000102159e-05
2.2610210872184889e-05
2.3471181753018939e-05
2.4540845554367387e-05
2.4560493413323754e-05
2.7020461395069709e-05
2.3188004691341129e-05
0.45332076882391975
0.51435401427461447
0.47813130806068516
0.51082153444614942
0.48017295885715222
0.59151673936341442
0.50786849909847709
0.63736549447942559
0.54456799622687702
0.45301892136500682
0.4873672395107726
0.50097217580438358
0.34339654681632042
0.44339451417845421
0.47853831897632648
0.55839107259716281
0.47894632324555853
0.64637784925645181
0.5523345147943064
0.51756442854745022
0.52871165580688761
0.529263052508122
0.41369437078156446
0.0063244649201415516
2.8592007872376565e-05
2.5550436547980535e-05
2.7275888476163516e-05
2.6584621855769435e-05
2.7922550404979316e-05
2.3002771333119739e-05
2.2838257589509734e-05
2.3424031424319738e-05
0.49378909956643829
0.39535151839295546
0.51313078231757592
0.46142277945290361
0.6082145853485148
0.50829787253838477
0.55214689554795282
0.41772536201980404
0.40802128613281852
0.54809042746268033
0.53382973120650834
0.45863125465346744
0.28469247222935418
0.40844403227325515
0.50995470478444771
0.42474948024333758
0.45422796173944152
0.51468915491305733
0.5841390004295216
0.54918076485669554
0.49103869126817556
0.4304457866434796
0.41128443668445097
2.7175672253662669e-05
2.4238021355474207e-05
2.7832148319454301e-05
2.7490719083026569e-05
2.434665231483653e-05
2.2577126341242702e-05
2.3954263729854942e-05
2.6570277417932476e-05
2.1758091141450995e-05
0.0002548538458924329
0.49937517133334303
0.49019187297949551
0.4388435585057921
0.49268785082202804
0.5017538789782291
0.50027362284473764
0.54164151043647257
0.49724744938565874
0.36309472372523449
0.47713761018126161
0.51952588549803425
0.57986692820165642
0.417106578738279
0.54151253122881182
0.4526053429632248
0.51272084549516717
0.49031754667469934
0.52700556594790393
0.37617235595711318
0.53805192177625705
0.46312909899991234
0.440355363836688
2.714423657667698e-05
2.4043643727533806e-05
2.6205166456732428e-05
2.8239685747847397e-05
2.6523252810148053e-05
2.6492246888032404e-05
2.815522535207928e-05
1.5183779971125437e-05
2.6769415773420888e-05
2.5821733970155475e-05
0.60172675197032177
0.55010387720520704
0.60149091248760111
0.49798800781218944
0.48453830371396311
0.5665465458084622
0.52035414701377192
0.49741449730843668
0.50538219843113386
0.52608124798484479
0.45445021088628107
0.34514328012768408
0.30530861090567402
0.5457865597635988
0.51864719146270399
0.50916405089399475
0.48492028657019387
0.55391248197096898
0.42098916329652769
0.48675134974473305
0.54914347272245478
0.49761265082512512
2.6511165802923648e-05
2.4341027552814539e-05
2.8210889949387929e-05
2.3965275190377584e-05
2.7094027525781291e-05
2.3614802000860635e-05
2.5590643583772837e-05
2.842311299483144e-05
2.7612559986779833e-05
0.3038252782106946
0.45042013544042803
0.44774987052895371
0.51823531720684768
0.491194264098054
0.53298723848284124
0.4666828588806991
0.48015616314117454
0.54314416296135282
0.52367598806555515
0.49883519187665371
0.67003185534046583
0.3722304743291508
0.42311988592885508
0.44383939852608295
0.38027409718941985
0.55314812641449129
0.49273602668686522
0.63686771922735108
0.51868165324429349
0.43994007139885644
0.57552098680079666
0.54374798102755439
0.54206896658797166
2.1644443391112706e-05
2.167374322761673e-05
2.4976060845677996e-05
2.4384909870433343e-05
2.3746236028261114e-05
2.6845527928626441e-05
2.4438574621667515e-05
2.3085190625697387e-05
0.59802464883100004
0.50560593356080674
0.49125714268127352
0.4641518442061523
0.47187839572053986
0.49789573172807305
0.47849315851501778
0.55391408542569998
0.57882310662568426
0.42574843560746806
0.53986971386183036
0.52866954393449339
0.35889918678157579
0.37685922844357106
0.48162864106166825
0.54404894035165463
0.60087608875908149
0.40859493464100849
0.44034406380530233
0.57704718938207811
0.46103414990243519
0.53135858239199818
0.44979210216389404
0.54612987757045384
0.016851658217176664
2.8154065709496162e-05
2.6642726377152251e-05
2.5432328982752583e-05
2.5075187710546301e-05
2.5683533640047056e-05
2.2865695763756961e-05
0.51453731561432536
0.42641314289787335
0.51997346804543376
0.41563045795516457
0.55960739206915955
0.52446191998545233
0.47251332670345891
0.46334839633247826
0.47128715787461362
0.4830699634212301
0.47012287435998984
0.43121031720176473
0.51915064145474576
0.48114888398755962
0.40621108072980427
0.47057142181790285
0.51860150800310112
0.48835170630054997
0.52718177512047504
0.48221488496171788
0.47863695360952546
0.55472675406915695
0.46448753040109192
0.56679308844581466
0.48459344454995618
0.4866651643566684
0.39942467210373411
2.5350107585404984e-05
2.7941525411638187e-05
2.4352059113033953e-05
2.313763211892714e-05
0.47193192873846873
0.398871111312948
0.54054207912745655
0.45925924481772085
0.37813991415635595
0.50955479746619226
0.54062133332950946
0.4425329575093897
0.51295664774771177
0.58147219616870316
0.63237895064437855
0.45454061845703142
0.41447994028441737
0.57825208509933423
0.45811025487001811
0.42303435184566268
0.47990392430098533
0.44633934982162998
0.48493497964466015
0.45210560459319016
0.55661365826402598
0.47024536605449613
0.52686832244073389
0.53843958060542996
0.42901256598262566
0.41975844002846063
0.47895209568997821
0.49230352963693491
0.54782431533097697
0.50282796574565314
0.50163256361715136
0.45674171064089331
0.37676298563483018
0.44987351926586211
0.48489724029010883
0.55243542822003799
0.49555374363935778
0.55008172262700428
0.44871557130180634
0.52572509111834187
0.50365566235748971
0.48586266457728405
0.48979372951547351
0.4938226330774157
0.52386845099266954
0.56517220635617071
0.39744121466790272
0.47229893234061293
0.4510878250480847
0.53841429576518374
0.44639848873456134
0.40980832318067545
0.46697960946235612
0.56351810387055623
0.49455911692164256
0.52796291092850545
0.42194819768799541
0.56265867504980727
0.5282127486885968
0.5570281680892315
0.51345762582388499
0.42633885654657427
0.53759275515032201
0.46504490748544924
0.53135436140814019
0.51073904743584997
0.48469002656956228
0.48669647724761628
0.5506706338021804
0.48454780805617853
0.54428433378033458
0.55030660175801738
0.47666338883872089
0.54943788549492656
0.53323816904836041
0.47287491499295253
0.51166823167979347
0.54430297721491339
0.46539796394564376
0.41467186530590766
0.46670588398282442
0.53771635736954604
0.47033208941563748
0.37731805613836361
0.51193801336953593
0.61250878975990808
0.49454457956372017
0.45402268254241268
0.42754371076150588
0.56241200084919696
0.47149618957114825
0.51109759063947857
0.51358623431100958
0.50719807198312372
0.41822714578642073
0.52249473042764849
0.55919118736868612
0.51484032891998655
0.48563054182688525
0.42842500336169986
0.59887587930490782
0.42071953425634973
0.5330888790761682
0.54676231077188964
0.47598986366850565
0.4494056920209224
0.52497816060018543
0.48661574213760633
0.49258721516064696
0.4541072498270331
0.42041687626275209
0.37855096819073047
0.48994350734296199
0.39848041001504936
0.45011618158997796
0.51513922512859844
0.48484003546691529
0.5290119694609231
0.52060451246058703
0.56089885675966011
0.50180212461456619
0.42950325276190465
0.49566113645484899
0.50285716395692781
0.38146163098483771
0.49593117118646646
0.47716438753699703
0.53634878839315092
0.48268299971940742
0.56886891307656007
0.58424340958528831
0.46703095899984648
0.61100894296281316
0.5631805736826675
0.55011429190702743
0.52484428510091907
0.47609717445566729
0.47852534340469943
0.51259376315580341
0.52309674550416729
0.59515357772921362
0.49313957566209538
0.32454646987012437
0.43218982058044053
0.5931921981961823
0.49087170505879241
0.47513283540789863
0.53912836528495356
0.48323969692067364
0.48213244139593781
0.51009294051724763
0.38218317801762786
0.4852408110216398
0.55763055201802469
0.50576965652054917
0.41774084419066637
0.4928718692516344
0.52936097748115352
0.56401610893289911
0.40755046174598475
0.46447653019223256
0.60862828788903756
0.56143767086967933
0.5337788767641416
0.48903776252499398
0.43335063488341957
0.50004458067099267
0.45100193226760599
0.55706411764086805
0.46188062743910707
0.47850264263414732
0.47203840204606101
0.47070681195582531
0.4559908249264043
0.39331632914830272
0.40889240306199365
0.50717862773070321
0.51902278527658097
0.50315404331716196
0.48328252390496834
0.50534280496203166
0.52664775141938125
0.55571660822111368
0.49684473097765808
0.43885221444740796
0.50291915223269923
0.47964731437996833
0.57591638143918944
0.55103407118358072
0.54630414486558887
0.51493740687401268
0.44996297591485651
0.48297975539080185
0.4923584176341031
0.38233115519521288
0.51108149174461692
0.45207195770855474
0.51986375943256469
0.47161555018267959
0.46111984108338583
0.48269128654881266
0.62267035019725159
0.42907457486426193
0.57303241725314091
0.49941743260392696
0.460556911041337
0.5261358747559477
0.26951584156870056
0.32738976540644771
0.39538702612113391
0.25112934649782048
0.38340853393438967
0.41267437012368446
0.40494192496043036
0.32784153520153225
0.38317766764540251
0.39548053411699807
0.29889058368983612
0.37670626639707905
0.50217663470970275
0.29253277337119393
0.34725799128793977
0.40821498628185005
0.37977034604587268
0.29071622150780352
0.59920258536309345
0.40544027879198608
0.40559695661455059
0.31928361055536103
0.39098586998579932
0.4180298459830602
0.3360483047682094
0.39348892785288642
0.39444207123131059
0.45268445301734173
0.40845998857894744
0.4133140615307645
0.37861318038898473
0.36422306563322587
0.29891556821010684
0.35521918969930105
0.3712497094016517
0.49267866685606793
0.36565885661559216
0.30263135452591694
0.34936471139041331
0.3993951826499923
0.33687902430027744
0.4588538119299217
0.41039418948431983
0.47642116175278598
0.36575197588215846
0.38667679442475134
0.51180756087993506
0.40183555898812789
0.35766129565596089
0.48995290784643714
0.41440595301064187
0.44561111348254795
0.5213139796358196
0.47328521799834822
0.38311301303785428
0.42421723826614882
0.39986475984969921
0.48718489439859608
0.31148151663883261
0.38015988152663421
0.35340293153543179
0.45090967197584769
0.39131585130563779
0.31707562369050563
0.35927980761072825
0.58179795261536515
0.45373355095693879
0.52734423819800857
0.43242925446938679
0.32716870989697394
0.54790023889899275
0.42774070994428975
0.48230214853882303
0.46653550066087462
0.52971160457758004
0.50139811495591102
0.5483760128329318
0.50947283716353309
0.45953912223863869
0.627305825310843
0.52257518829761385
0.48365688576259397
0.60209904999859731
0.56425874781660745
0.49934897736361661
0.50105379264269367
0.53459596371360296
0.43145180678057843
0.50845454894313014
0.48450928866509124
0.50234808632471029
0.50142851431680235
0.54447929681127061
0.53893188270088332
0.59083072331427877
0.32956358626174304
0.5398769024318183
0.61411327344302902
0.45301356778064222
0.57388792201464833
0.48689813979810631
0.53163780473490185
0.62156481586502688
0.48438809017030615
0.45629523815115614
0.55419064068319501
0.58970518529661187
0.46835004156275445
0.51791741535992741
0.47060529220975117
0.42726869428925296
0.42990606783931573
0.52512228354594237
0.4630304120435465
0.51919015521075607
0.44206491649079577
0.45742646231093664
0.46067525214836447
0.52835995830807847
0.54996247702270185
0.46570487267205229
0.58035532667558865
0.58082773426267154
0.56303366816968492
0.43790890558870849
0.62493757882185486
0.44094433715648712
0.46048357549587449
0.65138191534956902
0.48044801819616034
0.49705000757092643
0.55465348855958196
0.40033709092366865
0.53929141022097415
0.56961509575990044
0.51673622888275705
0.50878727889036135
0.54194958257833092
0.52686212443627589
0.57566253911197107
0.51069551298602633
0.49055319534539993
0.47921250766404661
0.47456811434593987
0.55086015906010244
0.44018939496758092
0.55286110723484816
0.47527734892486878
0.423441230071682
0.53655926702947065
0.44446323108596919
0.49526340404959479
0.52663736147712459
0.45803901597686753
0.56160597278693092
0.46140486918162998
0.50210697801210336
0.48469652152059606
0.50866253126968175
0.41801978549427826
0.4280139905322673
0.51610440794134704
0.40986526357686093
0.58520463577885284
0.51533770168461279
0.46324537609312361
0.49679609880919812
0.48288032181973561
0.47620801106423349
0.54496928889644003
0.47492574951090089
0.46474915035494369
0.55782773625777871
0.56437342303536853
0.5174079855065874
0.47300799413027095
0.40243928563846038
0.51848403695000922
0.37194387754312952
0.46200221528181651
0.57447827913461769
0.51509195208611613
0.48684566358786674
0.48702217087545907
0.51455471418135856
0.47475255168735853
0.57029866571089916
0.48503696013904657
0.4554011151305013
0.58476991757272434
0.55711047261081759
0.43933444211675043
0.44476671726216832
0.5319594314529037
0.50293324293991737
0.5403528837403897
0.45407652074710747
0.45230417428864667
0.60152558211319673
0.42748673547490335
0.50104023315434998
0.55302817682847316
0.52052474620470124
0.59648011587199012
0.48624475256871208
0.48594451512780129
0.49942827248619176
0.46224399885474737
0.55519198324932695
0.53962408861920241
0.60053221983969929
0.45279501348906043
0.62586942624921693
0.50390001892656611
0.56083547572758707
0.47840177531942668
0.50275543401706047
0.57437861190276684
0.54489403895669297
0.5119527505025554
0.5259040301255683
0.47314996514336116
0.45673922301768877
0.36887674484029143
0.43372916260855759
0.47857692742403535
0.51569960652735769
0.5430661807991205
0.53563790242055132
0.53158636902970446
0.52443150343997291
0.49639993343656524
0.57465919125559883
0.50030241825097221
0.54666485607789561
0.47871235093145226
0.53944895587088126
0.55918111891040789
0.51200540671408923
0.49033644234052259
0.51427329705285973
0.42921405731150358
0.50509225139617608
0.47753470651064844
0.53366128394932411
0.55438260374720805
0.4567350462679266
0.39347030782221926
0.41552736564495502
0.54679919413343048
0.3894483323104565
0.5328216096020687
0.53639507557106447
0.48956775711248929
0.50218614038410092
0.71542665191649635
0.35361321942897311
0.503471091729361
0.46253431626131042
0.49830329398057149
0.54333042581033719
0.45575487068553516
0.50914951455744306
0.48660077031807369
0.4797748705274813
0.49659810488704548
0.54326188176894685
0.48894470473588708
0.43402220979903672
0.55473264579500559
0.63359424442279333
0.52158067538933439
0.4875409048819272
0.46042433779022418
0.43480950775743682
0.50414006293984603
0.51820439419933728
0.50265056400688413
0.46236250234943305
0.50490372746849288
0.55730811030584726
0.51390837222887142
0.48384198908538822
0.50945588493442739
0.51105280715045454
0.46448150686391471
0.53394639204057415
0.40431701460998581
0.54457885641015857
0.43471087471782816
0.41106353411242613
0.46813669673025649
0.45744591885992247
0.59049776969546208
0.4648615467806046
0.54289845396547931
0.54893698378768729
0.59737048362522904
0.535529859309537
0.37284614515769549
0.45159465342228583
0.51582984770079932
0.53651573776342676
0.51267725670889208
0.50843359313381609
0.50146674244014877
0.52656138255978269
0.49315282981108544
0.43041177864626684
0.46640724664989358
0.57281078530095952
0.50566153450584983
0.5174061199611194
0.4943524077939585
0.52068257670421747
0.43026889751044251
0.55929318698533992
0.50926085906629159
0.58431252679087919
0.42884333341419822
0.30587186951518891
0.56501718450127025
0.4461679686770964
0.49436991828304006
0.47578031486750277
0.55834507836151515
0.46541283554185925
0.50454755435988574
0.44305263769436398
0.53620296911146137
0.40787749811539731
0.51220967080363944
0.43313163301587876
0.37650610968612785
0.51447548105489627
0.4999426367713497
0.53711125398725845
0.42517936397589168
0.46950133634072022
0.51612804373013288
0.44641646962603204
0.57878083709694461
0.46967669981317944
0.46922278605032791
0.56449829082068892
0.46934324652070214
0.51227406101122175
0.5409446608676457
0.49016164536938156
0.51572739769967391
0.51536292376476445
0.46776078065565557
0.46637793914618431
0.44664268354545039
0.57519920140107772
0.45309062511844433
0.58462833370571043
0.57285986811548184
0.526048576951895
0.46827761023930026
0.59506914427543711
0.52355087050085658
0.51177971795869737
0.5240948132655725
0.45632327562504671
0.44437229761068042
0.50823146719155499
0.51010385275053038
0.4831157965258715
0.54296280331059854
0.53538307674736396
0.4964605109174528
0.51176895393714805
0.48060105742459847
0.45309173418411142
0.56334184724954572
0.42589838614589481
0.47693554477487771
0.50983219697781501
0.46481809734015017
0.51088846077630268
0.48605743049666339
0.4647235450378544
0.44588738171508158
0.40070866067815492
0.48773983682866773
0.42436865972769117
0.47993788423435857
0.48112732074556658
0.46503286010992267
0.52661722372143827
0.54242828175303148
0.51690362234522091
0.50960432997055372
0.49169499268861533
0.47923793365262934
0.52086035135907272
0.54001497055655401
0.56490406877221333
0.50900882476154374
0.44706388085609944
0.53097965874665842
0.47053008609431229
0.51860690595221892
0.45823743801321765
0.47026398214800896
0.54626531164789394
0.47114581058308413
0.42848039204514399
0.47639466498951699
0.42792206075550654
0.50820968753689111
0.55183687022962657
0.5002473502916065
0.53766673303476498
0.37740721857339904
0.36886151952520563
0.42474875195494499
0.66295781669886145
0.50744292954528958
0.42717611596551336
0.48653993785329319
0.50070179039571927
0.44366124320282646
0.48999954552086405
0.44821267156827088
0.55839527200412986
0.50949119539086996
0.5310849978597082
0.44353666164534006
0.49780893296804346
0.48297318591728811
0.45326976019996529
0.52427394899714264
0.52220410147703444
0.44671857810323085
0.48490275119907184
0.50836867556892329
0.56349885803700217
0.44841262148300715
0.49555113081315116
0.48523595314170442
0.47833780562740486
0.42698774594122291
0.46769433693309859
0.49108156691724658
0.48992825905643012
0.45190695124655544
0.44962799478413357
0.45243116690897406
0.62359200495475242
0.51949668445420261
0.42977867490451577
0.47690250480407453
0.45113573931844142
0.45932509073559646
0.50468825152672658
0.44248130452270173
0.52343561904247859
0.45070504772248943
2.8448238190401504e-05
2.3956079546097176e-05
2.3902359154888439e-05
2.0559398557634311e-05
0.56199872571998843
0.41923539377455421
0.53991447300311202
0.44268245714567789
0.4943458052984312
0.48616399267066973
0.45613735219779855
0.51455744420001448
0.47592797364618983
0.47120668932773618
0.44637739554909872
0.60540086646886004
0.6143976109454341
0.55427444017525884
0.41889766504338316
0.4829639880346191
0.44694182523921067
0.5497038115586107
0.51155220652994804
0.41144014161427356
0.48119637939916993
0.53755641130962939
0.49773687825291019
0.52769329636344364
0.42501538803755035
0.5016136560670128
0.48419443292876058
2.4287387681109308e-05
2.6231406252098415e-05
2.2995265395833042e-05
2.347210577543175e-05
2.3976063312330363e-05
2.5403025977507066e-05
0.48840118644989283
0.51970528550549999
0.56067222584484144
0.53893988605804266
0.54168605096681077
0.40791613575060259
0.50016416974709255
0.5842244276198324
0.48095165195172024
0.69127130410277549
0.50770767751309376
0.51987351650396729
0.44887439771658022
0.51630793347120518
0.43058697368829385
0.37756917874674628
0.55752939147746106
0.55039802741895882
0.47599606292963709
0.52000713182148794
0.45355400786218752
0.6057757789624425
0.56879599192192265
0.52568354049124555
0.51806978586829344
0.5560712726807614
2.4564846230003643e-05
2.8114727092186578e-05
2.5820277907241758e-05
2.4922342071669767e-05
2.5491215065948164e-05
2.6465534639642133e-05
0.46716840477894928
0.52283578481332083
0.51595347888664767
0.48050725501283748
0.53109162448006453
0.55537850865295479
0.46983448887654633
0.47688608020886952
0.52301536779328539
0.4238997494297273
0.4628728077026798
0.48379490610395071
0.51878571146432428
0.50657650936812104
0.41161493649871456
0.41399715390892888
0.52323766216109646
0.50605842534031298
0.49425181932391704
0.51809931524106601
0.46724624561604683
0.66184542695288096
0.6178103730204173
0.54959789602362952
0.49664761326996826
0.43096657225012841
2.0388554854434129e-05
2.4923433734118901e-05
2.6048026924133057e-05
2.3573400150805407e-05
2.1982942204609263e-05
2.8667562703514577e-05
0.44612747530300967
0.5881875904749746
0.51641505774977914
0.53173487257483842
0.53398651939909059
0.55565834917220425
0.43375317248333989
0.4900558176158934
0.60202392281068395
0.45091204804517188
0.53467153376615584
0.51527697570217368
0.51184449092436923
0.49834985895775574
0.44037869179220968
0.37334562564536367
0.53460732127484745
0.54320508790254696
0.54369648277912064
0.49193317208500564
0.53623685798838039
0.50441799253976771
0.48732216384984944
0.54474039364757976
0.47056662041931518
0.48062189314032616
2.3624485942314978e-05
2.7886238334188763e-05
2.5951977371009249e-05
2.2654060022864693e-05
2.4911440895396163e-05
2.5660914843796633e-05
2.2864778454317632e-05
0.54268623738523614
0.48448654845692107
0.48240729874733695
0.51536865357835582
0.42275059683518712
0.52552591790636194
0.46418036198831419
0.44283269339007908
0.57750164729555797
0.5270340401974376
0.40463220202697681
0.46046949287591432
0.48951257738695175
0.41282894041376816
0.38287164714146527
0.53015254363776787
0.51413668636970733
0.63876906218729079
0.50710054239282176
0.55492175625958717
0.47684340817095405
0.53358714627104176
0.5067662947572108
0.51453185080912422
0.52783433251469969
3.2332050266917834e-05
2.4063052268847565e-05
2.2479621486302921e-05
2.4790090300641915e-05
2.6952910777606307e-05
2.5352862127524681e-05
2.7879798419000827e-05
0.00023052718271269191
0.49372093566800662
0.46143219123883045
0.48324306993196797
0.55166193791153606
0.50334133679740134
0.44239887295659408
0.46908957837114396
0.5158801035664351
0.49769926764394157
0.46708252909837467
0.5061348618267637
0.49602875998167878
0.60025789012787445
0.37532841374421816
0.6231902608854557
0.5052761378595364
0.52040519603575075
0.48841465706510812
0.42987239053770071
0.55691198689670274
0.53393867883885227
0.49799573698071786
0.51231433652387504
0.5539305439870158
2.8525325628071821e-05
2.6213020324472839e-05
2.6776777733232879e-05
2.16761975583842e-05
2.5754137810955818e-05
2.2720364379323446e-05
2.4217262807230485e-05
2.6082742336920611e-05
0.54061590392099712
0.47258918295154978
0.59841971491686974
0.53057136245669889
0.47248500112911485
0.36375277503166892
0.47301427150846781
0.39589328581455213
0.57031292879002904
0.44656098523041221
0.45098546245228477
0.46894735485837147
0.3897564144912074
0.43611780729213157
0.50417685972084669
0.57915126905549652
0.52248212368860347
0.54912742114693081
0.50841521981709903
0.47394342057449707
0.51474784014722297
0.50232296101774876
0.48820856424125098
0.41234784780397465
2.1017435980751561e-05
2.818757828026139e-05
2.1249879912044583e-05
2.8576348516979245e-05
2.2787522934094953e-05
2.9764444186074107e-05
2.5266863014784715e-05
2.474074022383439e-05
0.46251777723055915
0.46239776176364339
0.53655674686252108
0.50424086703571858
0.49131943842919468
0.48320354057859172
0.47694584433397741
0.50386307384026796
0.51802242425806877
0.52415260708620082
0.55494223171306145
0.51943246964839951
0.34145894533046794
0.37252254013269753
0.44092863901030233
0.58366724585904339
0.31515686944322951
0.48011783922281298
0.54810561778424594
0.51480568483664835
0.46340458845291932
0.43814894654264031
0.45141414863224977
0.52590137749204147
2.3693708378546568e-05
2.3248257323245389e-05
2.4773171355948577e-05
2.0120679033733888e-05
2.4395599977607665e-05
2.3955683319008808e-05
2.3186428431727769e-05
2.7983965107935758e-05
0.5111511863334316
0.47563524279608094
0.52632023534967165
0.54997009347876202
0.54076968700523997
0.48465459606288219
0.51882402005052086
0.51560283796950102
0.44904163424492938
0.64322543074177241
0.41267151600666646
0.48520862903614337
0.41176811986036854
0.51066516950972607
0.48901885262497991
0.45989461477863969
0.51831548129537142
0.4260016701421368
0.50745136147416248
0.62325590658121177
0.48998774357078356
0.53775274525205008
0.47106709155619769
0.49789132897333316
0.017277587977497635
3.2671188573601605e-05
1.9617440660965124e-05
2.4956686346901205e-05
2.5949804318909275e-05
2.4658145459024014e-05
2.7124190302400957e-05
0.51341037404721368
0.57153830162435282
0.47942568604545877
0.52253367357604996
0.52061082303609563
0.49289320748797183
0.47664199871868862
0.49462908166842084
0.56514663394970543
0.44078434598250349
0.54593866298926408
0.48051465783319236
0.52733701017204659
0.4069798948497908
0.4459479304341869
0.4013469666539754
0.559094231428927
0.53699778708143076
0.58395812395953428
0.37698607852752486
0.58462284603504844
0.50270137388396507
0.54599722083468971
0.55703923272810463
0.48964865816488212
0.56451345353250426
0.0085128139918050714
2.7881879153873561e-05
2.1083644263291507e-05
2.9270141250293491e-05
2.6063940956181558e-05
0.54116017807298478
0.46549284572784028
0.47670482996062424
0.49160722995370404
0.53883638860108085
0.47168801450473963
0.45407616624733471
0.51214181738910469
0.5068084898874996
0.47142728336596179
0.52305955847897923
0.55973500948870047
0.53711037142106666
0.53730810992992251
0.43192957818468508
0.42542445858500622
0.55875568858633096
0.49026343659651217
0.44369295941978371
0.52396073043664815
0.50012084785623079
0.52169147188438048
0.52227302253578733
0.45537250754427866
0.38438362989521557
0.44662797608968202
0.55841572612701462
0.46516405117952642
0.58543937532580237
0.45785039635248903
0.51383855151821933
0.48282464443468165
0.48090252194288385
0.64143347194933187
0.52483043816620711
0.55504117134097763
0.48735804333881372
0.47194347190760144
0.45519674619020767
0.49230919807341528
0.54351486769959978
0.52245938995514307
0.4965734599410076
0.48771998835466734
0.54512365452491574
0.47547371088421092
0.5316039250913227
0.3234279569227087
0.45651509067349877
0.46067011582462436
0.45956709317881056
0.52406995730581374
0.48491733626543237
0.45636167440769954
0.47196393973279793
0.45707499511812982
0.48356341089568916
0.44906948467948415
0.53554353176223779
0.49103048741820365
0.47373559111680308
0.4924243424959488
0.5341989386249052
0.607712568659872
0.43629688837405628
0.48071795408765505
0.56491874675313891
0.44514203982051631
0.46271479028892137
0.50845518961792613
0.50098759854032882
0.50349066655236596
0.48664735455889574
0.57948407419828218
0.44360368236313147
0.49114749684899967
0.50338155599881429
0.45187104185162469
0.43363005177702418
0.36645552535350889
0.49021983422544924
0.50329049460031783
0.53701276374910334
0.47025236512067503
0.40194551621578023
0.46595688727478596
0.53191770787753467
0.39632369241584697
0.52333412154106951
0.49235271930485824
0.48398913721147496
0.49809006697678243
0.51657853834047951
0.53313200228363233
0.50140128883942403
0.47825158156042835
0.444073870443987
0.43233785042307321
0.58718162533064888
0.41867448428202586
0.54165893528067377
0.51078071164963201
0.61793315733010445
0.50163659060930454
0.57336481317040422
0.56591384050048132
0.40910629597742343
0.47989130493225385
0.45515159278690087
0.54677169396043368
0.42827726209041644
0.45826676246653986
0.59518937378067271
0.49016373916698602
0.52465981697113251
0.53627046899929554
0.39039894710494755
0.70459815895649358
0.51768102470969735
0.51312667766869613
0.49580200285366904
0.48998098255594935
0.41481652511355627
0.45064121165612414
0.5813302518559188
0.57008151850925792
0.4746175883227024
0.42092190145495589
0.50827646569647633
0.54769887286275032
0.48970252563490907
0.55793569944555776
0.47278443519553875
0.56702348941942837
0.58638669848530034
0.58476001390868837
0.52006093088795591
0.53965324747567534
0.46638716200937647
0.58896737518195896
0.60288681938085609
0.47213434297990808
0.48952807032519136
0.35573233827958617
0.58310999927648244
0.48318253955062646
0.4932338156801227
0.55364258927873655
0.39356203831054276
0.4931078555796396
0.4633938680798349
0.49006084347590645
0.49334932157406547
0.5353687971289488
0.63516769232949644
0.5721241707661372
0.52690708701148925
0.5164154052673281
0.45981382577599528
0.41897605485902062
0.49564761728578355
0.55154900560806053
0.46047859690578796
0.45370052844000153
0.42023429617130559
0.52883430590608238
0.57490018610083871
0.4216022143949848
0.56204165048829979
0.46165537257985156
0.54474438726539198
0.5066263976922476
0.53548411270879959
0.48475757141390485
0.41058614679359712
0.44870902410662733
0.60020572924762861
0.45609180428551199
0.50916981867425137
0.62722143122201657
0.55431304320200114
0.49567016242533463
0.44730278095430143
0.50963141775238474
0.48488622528525038
0.51172045601785143
0.46553501297130578
0.57384522836707186
0.61222947779582226
0.48547863725104051
0.49956597021624394
0.59400445491749199
0.44771906181455906
0.52452924445352045
0.57155769861472716
0.55232797013861368
0.5752099744041933
0.51583740242094567
0.40398090271745596
0.46572553042469861
0.49879577637115924
0.47775709801683386
0.49588740560371086
0.56739175817961052
0.49194593946361193
0.5191176901113651
0.33156051021258959
0.43864498779642103
0.50864346853075038
0.4460065175115635
0.46743000454169248
0.53131685826115238
0.44001599713768885
0.51380639260879923
0.45496318561976024
0.5363879094006111
0.54563348792462008
0.49462759704970088
0.43523599792462375
0.53522436595640044
0.491852796820889
0.37405559745754874
0.48841118435670322
0.51843544588964463
0.4972415594986267
0.43243180518703839
0.54689978280449514
0.52351618386368282
0.52907503318347437
0.48449629735474714
0.54220053381192979
0.413604154886617
0.40436949678818007
0.48165874290348609
0.5319788648842384
0.41745629826374231
0.52009907296793045
0.45032681599901542
0.44521940747400879
0.25906077120492926
0.35371544799601312
0.46097593270578413
0.42884643417640766
0.30170519780475458
0.41943824366824461
0.40010967467774178
0.35291393355719586
0.44409075441855439
0.60423933500978455
0.46338706217007741
0.50651405296888541
0.36821628230730435
0.37449271224967656
0.3379055611877696
0.3748940231918288
0.44018887169030829
0.39005259385007995
0.41435783753630867
0.37810703089673708
0.46946175973866916
0.37934008990052998
0.36908537176758416
0.47347192721009845
0.4537948218217131
0.45545229155234218
0.37259856575852812
0.41275222065754397
0.37814051886185851
0.43563631498864824
0.54647513478535337
0.23597446781833797
0.25804793592537129
0.39194993011345192
0.38624350018968573
0.3650084266446868
0.34226050415369841
0.43516334922243027
0.3720378185274188
0.39390310116411648
0.43563214348213031
0.45932686730427696
0.35910981046769691
0.45444434145023244
0.6680598599041071
0.43360246181775453
0.32190352090034668
0.37626572187644491
0.43427801735930566
0.38866184504794726
0.38484844947771224
0.41530609505679383
0.33714251719917948
0.26896285212557164
0.35952317030302672
0.4848002594814661
0.43823807857415137
0.43956224009807121
0.39841259018402753
0.41933894468097976
0.36588218828453045
0.32774380903266015
0.38542260031352987
0.18245554306644229
0.52028517158013521
0.44671851889431174
0.53690313190718142
0.54205036711544219
0.57104767419217506
0.53573564080904978
0.65193265970570424
0.41234494485401529
0.59112637374077281
0.50155144642649585
0.43834634386655735
0.57482619327471873
0.42178536557969148
0.48470049648997243
0.50410566808599011
0.58623503193864923
0.4862269964512248
0.43933416719098844
0.59089775534894651
0.55236006676533356
0.42995575927614704
0.46516652704864309
0.59601980889274297
0.58201805318888555
0.42058752495427687
0.53891004788048469
0.50495732830056306
0.52690586521763916
0.50170814296701671
0.55644976276204861
0.5282097828468999
0.45275678105820549
0.41856195044107802
0.53466621440232598
0.41218126598839844
0.51212721046458876
0.44642109781136224
0.47759396191293935
0.48510991476921056
0.50449860653608292
0.55191604381342951
0.46194718836344012
0.48479145777545063
0.51321880467224978
0.49500685189990745
0.51526516256629207
0.5041284822360268
0.55924444603405765
0.54889007516063792
0.45746434730741475
0.39005873160766003
0.5755011683262321
0.48818751383886072
0.5614671062201283
0.47073788238889441
0.51753896443742642
0.52014965711351491
0.5653180967570095
0.53976194889420914
0.55819247972134722
0.45263235890168052
0.52001375422536833
0.58509226427798033
0.50827644147060069
0.38600256082289675
0.4177407979311803
0.48159325143709003
0.54807413040149078
0.49381988979054137
0.5524805155761322
0.48984921400615722
0.43260226472694663
0.4774724287224606
0.51933215993012838
0.49114478792263855
0.527613551871562
0.54381955311521546
0.55396998332623637
0.46831079452257951
0.540233546784746
0.53733787171730951
0.48411498307144224
0.5067672756735585
0.55002052353425612
0.45536448691570919
0.5787522925045262
0.4013318177231629
0.47212584882224562
0.48574051822204656
0.48464160054478544
0.52481416183636553
0.54159934937504306
0.51988315894786818
0.54617980206902161
0.50979595896528496
0.3499104629280137
0.3949715340416089
0.49802421613410974
0.49825891842087694
0.45850006795536835
0.53693194568472324
0.51156681321748532
0.52940702550126573
0.64506426754577062
0.40545885628981104
0.51353291415082059
0.51888266959624563
0.53887381555149483
0.52179878647905487
0.4800659435056408
0.51282569388117716
0.43536833651960011
0.42615649796228883
0.54335104978557447
0.5545926796772005
0.41047320802476095
0.38551518341377949
0.49529351886099626
0.38134829150078481
0.45151551556876801
0.45488445667851529
0.57316009235425192
0.46774355384004956
0.5117056749569544
0.50124193347348467
0.47081109643448477
0.42788296018685401
0.40258085508630681
0.52917696441442807
0.49129739134290906
0.52078503375895402
0.52324594831231341
0.48634775879702358
0.50256569079644609
0.53799562040281323
0.5227300513852996
0.41062647433834615
0.5333725293670627
0.47419863432080384
0.39072795632605506
0.60237499455213772
0.37061944423405402
0.50481989580022868
0.53105221070133546
0.55563544154402711
0.49306504059921669
0.49229053265723571
0.50339679557877082
0.50079344441829232
0.45070140766306455
0.55548124229602436
0.45997711661467422
0.54748396490633611
0.44133908713082198
0.45894567010683712
0.49170690761823133
0.43818902405715154
0.43212720857825515
0.48723000618468482
0.43169112961019729
0.52718833107278484
0.39876949122420591
0.49992828434350917
0.47147162174434076
0.48053409623131554
0.42468547179830568
0.46369661455249339
0.56245172363527041
0.52000748217571069
0.42275906310740213
0.48872562401574021
0.46321571755719571
0.45795415643043791
0.44793682715068067
0.44157143355848927
0.51501699086396446
0.59155081018192945
0.44713138645693606
0.39509568422708952
0.58458105159358587
0.56797510147745045
0.45992808143372993
0.53710316364590227
0.41605753253931171
0.53058026167511863
0.48419383251555526
0.60938670809169881
0.52451520905205262
0.54991889138971251
0.44596981377125267
0.48348699810050799
0.36755403880441395
0.33911488924324668
0.50049973529289382
0.51175409776237313
0.56894397720194012
0.50381410256735826
0.55248162879101315
0.51011276775447767
0.57305656331423549
0.49206393933188475
0.50659073556346934
0.35146236155521104
0.43126406959585578
0.55473355521694556
0.47736786186046998
0.43485050067036696
0.4772283207776235
0.50509874193114679
0.55197035158027752
0.47354915555368859
0.5460003143799731
0.48893138986596213
0.43376744974116227
0.43353661530634235
0.51660613987138693
0.52295224908654103
0.49994038171595911
0.52360659189809933
0.49664030469636894
0.49491117526811712
0.43057474833289572
0.56849570337861621
0.36854200607135706
0.34104368194954487
0.41067019167030561
0.48913255233370806
0.45729598332815846
0.5700983217160126
0.48308534736692843
0.5031963305324727
0.59983651347682676
0.52213907700584794
0.53576442271923397
0.49333719638689838
0.556895995387517
0.51109119151820437
0.42850101425344711
0.52484614502944593
0.54024630212629587
0.43665358318090153
0.51417026969154167
0.49788656526467145
0.48098274453281742
0.58947704664953116
0.55421094794085068
0.48886184889420664
0.54288681296040997
0.48970264813968511
0.60503692023880662
0.5671533344717572
0.41872660743941958
0.57092761075871257
0.49216123667021633
0.48435429947918779
0.3979366612498309
0.34305975583436699
0.39484244694950726
0.49082861883009327
0.53936479902489964
0.48150691351063274
0.49342058717508236
0.45182075640161873
0.49026014535358498
0.54587099803409822
0.47829638472455582
0.51635436741429641
0.59793213194782113
0.48785105658883288
0.56618671346272187
0.43287484913529795
0.47430803703195884
0.48396053897414654
0.29242914347269744
0.51724376489476209
0.55854993225993754
0.49947435761886833
0.56011197974071369
0.57793368332871808
0.48732372115129519
0.51400656220093033
0.52714148866997002
0.44429296949723374
0.52900057866012196
0.47930122641263867
0.58992003988380581
0.50459838321157124
0.31020562760834569
0.38683505330390844
0.49287286163425625
0.40487716661037176
0.54435694131494083
0.38043921853450369
0.5494454656590495
0.50656768743381253
0.37709067643249267
0.53795601451325969
0.45638980740310109
0.51818966190148152
0.50592451084069168
0.49014524587087471
0.52399848524214043
0.48691072514502454
0.47179793929450625
0.49474854310184468
0.60101062074461031
0.4840080129195003
0.55810855687700522
0.48175719335404227
0.53076854862369471
0.44834166726794544
0.61870935142293304
0.54780050001873759
0.46949390520906203
0.43925523318835802
0.44636578684809436
0.49367629355865772
0.4701153385905657
0.48367186805906121
0.37648036732886259
0.33653643937037825
0.48967759973537589
0.49220768834139927
0.46295920541932817
0.53721592190584333
0.44271385232734461
0.48535347299338144
0.40934478538457048
0.48052297797563048
0.48916916673491362
0.52554700276996524
0.50681858332383045
0.51345854410148462
0.40408587239375676
0.64482678535600568
0.39464795099741484
0.52379226546191415
0.45556625592498551
0.49845101884183857
0.5196609514685383
0.54506291930424799
0.48496439560976845
0.45607572200568525
0.47867439847092985
0.54192898459111039
0.47824469458808255
0.51649938835340492
0.56103263817661775
0.43860770057998383
0.477742022341827
0.55389163091667537
0.38024180603730484
0.4306242988987225
0.38453814329022451
0.46417289355612534
0.55445203740702576
0.5006191714414967
0.52953986910398487
0.54435770845802378
0.42448882051411108
0.38826283972116515
0.57100588872614488
0.58203011374439351
0.44843679450117413
0.5739395691848167
0.55864746150202105
0.45406497405321528
0.52048969327327066
0.54240995794665015
0.45595695638102918
0.48168710464012487
0.49231245599555773
0.41708439336500536
0.55110185758990704
0.47602695506324083
0.49110969843644936
0.44067951386358606
0.46239938982910378
0.54526528054411949
0.52964761870425758
0.51466096102462811
0.48068796992995999
0.54349695935474995
0.40272262083402272
0.37556184460202663
0.47228807565082814
0.49539639383326295
0.49372313797056289
0.51062417017491746
0.51388331724926484
0.44354427121704348
0.5219641622742589
0.58382906096011045
0.4508883915526754
0.39711123643849772
0.46755589155161603
0.46935949491265566
0.47943271156295941
0.56633975766748046
0.54359817539099053
0.47975891012590899
0.46029949825186389
0.5231874824127084
0.48919036053101855
0.44642107151929966
0.45012380729212076
0.53050812308509732
0.52061329912512533
0.60361551410532865
0.43785076105849835
0.51718283839989665
0.54838239804393818
0.56782501157126741
0.58414066738404902
0.54538188383211139
0.35289470787478083
0.418294181817364
0.55108861561070777
0.44235849415721346
0.51976306013486573
0.55179283304901372
0.52702938012088452
0.50188195697841598
0.53242687240801312
0.49600955821164378
0.53013261144633872
0.53007184844244215
0.45866428099342443
0.50938256458533127
0.47572720714647643
0.42098934270322386
0.47978391322279457
0.50511588874956226
0.44245451948316139
0.51411958978191952
0.47241301729120194
0.53918555496240395
0.47326390046118955
0.43093666749471338
0.44433448820990229
0.50968532993822679
0.50587346078977813
0.47421559457316848
0.50911615272400634
0.58913604576367573
0.51632520366387669
0.65238379485091658
0.38049008431584996
0.40231536093644032
0.45842147814639755
0.56326130150916098
0.5660310768689486
0.51138189472316975
0.47428108165440319
0.55842655697263122
0.46784366843659891
0.4856180566593456
0.50094279888268611
0.52619048366467003
0.51129418521096104
0.51905394259815263
0.0067275646356901317
0.00056078876428976331
0.5012887504855057
0.46924153542157027
0.51294936846800332
0.466975157118456
0.52754907746240387
0.53708356399258494
0.4580024888613185
0.55771652692350737
0.51488575104017653
0.54996049172119754
0.44016188133873413
0.58781729080383704
0.42712708157129087
0.51381115440117198
0.52205048219035388
0.56631030699583307
0.4084895964978052
0.33198764243541734
0.50463691967868696
0.41344966264689836
0.52956304274092869
0.45935934830718833
0.47817542083280962
0.51561472621973947
0.50921970455005583
0.39331783749849902
0.50022802477932138
0.48009330943248951
0.59041687765530682
0.48170048148379968
0.00025160283073250055
7.6217367949904397e-05
0.49129216804151932
0.5266009569782194
0.47756874798412563
0.51331704244120269
0.45680089334827984
0.54022113491787538
0.51984984783422405
0.43236754143449202
0.54686940812678042
0.51015461944667118
0.46269435666574538
0.44892521626533988
0.48472946052179799
0.50462001406056645
0.50038394408366849
0.54486420880169584
0.3439015925346452
0.34749571612433855
0.55079462063808815
0.38556483008962622
0.45652682583300735
0.50426424418551574
0.51018221577242395
0.40545603005970382
0.44200749332323191
0.54427899623484932
0.61336423739501178
0.58998759360535935
0.51966374468018584
0.48610765616425078
0.26718969024418088
2.6201668840288752e-05
2.4028298927052119e-05
0.53652281511547317
0.51463903117405385
0.43448734320907972
0.55574287922707333
0.46991113774247928
0.57469751977815575
0.41087616067444593
0.56204514244254522
0.48742860721917386
0.49300421807080719
0.46682923676977717
0.55183846760340616
0.50155693390623379
0.49657113015521887
0.49488806745142688
0.35119920375544439
0.43210228226686587
0.49596446622190998
0.53483913333703004
0.63202023373998817
0.49673760620009944
0.47640759722978376
0.50123299152450729
0.53506314133984978
0.48537182717034433
0.45905064938965434
0.4689288642303624
0.4751283372067811
0.00017136419937779985
2.3261484275778603e-05
2.5708368629907851e-05
2.1973989775388342e-05
2.1991120352990283e-05
0.36807365784132695
0.57504756066456653
0.54200043249645347
0.51116581066962408
0.40659875462948658
0.57474505129368081
0.48714370724317296
0.49332756745673262
0.46254996423320538
0.49180028939783355
0.59260932358341223
0.47905634133689945
0.37844018267575907
0.45869485916005376
0.41856041972187941
0.42258567927404922
0.52868928043984187
0.44986390248147884
0.53109737401155699
0.53916471545041189
0.50855188224614267
0.42309388103993323
0.55370352846013982
0.52016536854371109
0.55669257434373731
0.41390041872453337
0.48286656184742027
2.325871113356425e-05
2.5187180507123505e-05
2.4016775097998878e-05
2.7498107388333913e-05
2.7145324901613333e-05
2.4116216710217836e-05
0.4678791083067862
0.52734470369925546
0.50249374054035212
0.5018960802310678
0.45595623746244018
0.41559736410967762
0.48401191924425718
0.49066962208782439
0.45650239878115417
0.52784010318488928
0.54344090023347547
0.51361329495157992
0.45288984131994953
0.25621004612713977
0.36434555512403966
0.45246068240390613
0.51256067237500391
0.47703565362937655
0.53384507939935055
0.4899377253026464
0.41826878085460095
0.51401177797815212
0.47446004731408303
0.46025174232428867
0.53555453877996151
0.5877698806697087
2.8862569776363869e-05
2.1773124806602739e-05
2.5006616172404076e-05
2.4362000772864016e-05
2.9765994541822456e-05
2.5192129577333559e-05
0.54536559296964626
0.41569900726195935
0.51661547940444552
0.49197865978800276
0.42723098953092836
0.45788403202092764
0.56192109499514409
0.4848470624822081
0.4861813954253289
0.52386177171928727
0.52678349704043448
0.52410998173160406
0.47299533848617248
0.35163832892555807
0.50014367122886227
0.48874857617750339
0.52391856780798862
0.53773960907866025
0.41444671527274424
0.45333619041030554
0.46670655742860467
0.4444960841298598
0.51172142770183715
0.53713768620568525
0.46490039959125917
0.58341561331629654
2.6190723817932811e-05
2.8059546669485182e-05
2.2482544216000277e-05
2.397274425486384e-05
2.2523547195138272e-05
3.3348637274350979e-05
0.52742060982563688
0.50378942420724826
0.51164275892164113
0.50573586919862512
0.49482684719360714
0.42457800370775162
0.54781793243243848
0.4491940843062161
0.39869363553659742
0.47452579615548846
0.46840462809509426
0.45586891152265535
0.48361415110258993
0.37824092922811375
0.43011770258795373
0.48194207885423518
0.54621274881735338
0.51090654528586776
0.5401190460802815
0.4642595376582343
0.47373529219193039
0.48689119849561335
0.48127001701426486
0.4816302571922168
0.56235714922575786
0.46630845274565502
0.4674125826597158
2.457078362156008e-05
2.4242057230000889e-05
2.1044854624074397e-05
2.633724207627075e-05
0.50032461508108317
0.59813485873680916
0.45591272549368816
0.46629147842233637
0.53775436059351422
0.63152283920819308
0.43309112734716299
0.34948515307528183
0.45449024690570267
0.50549284313558063
0.49163129334889527
0.51111851255406071
0.47185545938111789
0.52886946555806902
0.40768562574801892
0.40520115775669413
0.40146572137148201
0.54633826711386468
0.48733382080204546
0.47356838298557508
0.57266689280952698
0.61573399702931986
0.59497206782117185
0.48903749421909654
0.4676274302970394
0.52712909119364593
0.4356912205185679
0.50937376807355816
0.48551102293553278
0.64582233528246236
0.46375145303133031
0.50660800756111712
0.54678413832775419
0.46904903795827535
0.46917379517683272
0.50488051032745329
0.52932176149756982
0.53338472950876248
0.55232040828773687
0.42516230872253458
0.62720460207504436
0.48193729947006109
0.43354999263151789
0.49311935444807969
0.54816591247146396
0.45305144776338097
0.41580873512169242
0.41784550719221492
0.50044956621368786
0.46605843894503807
0.50758094307478907
0.48085903374344646
0.54352482497594778
0.50212576848998103
0.50763831358995459
0.44401279498302987
0.48188628534861033
0.53633734338371764
0.45160528844707165
0.46940068584965533
0.49420785076926371
0.47657020872851641
0.47573162610987857
0.47771965941429773
0.52649358455688755
0.45181042611707539
0.54675217908521601
0.45105119006013
0.46930696563663132
0.4721394832683195
0.52235741336114072
0.59838879976599191
0.46146152008773894
0.52011351856733645
0.46748202072449813
0.49341037351906553
0.4780442655224062
0.55563114605242658
0.41965710845669391
0.41772757184364667
0.71105173561825485
0.46594633045917283
0.50862339630741149
0.50738560475866845
0.44596425908179027
0.49033280735175616
0.53827459326146321
0.43512162040501212
0.46400143749414335
0.47735948370658088
0.53758917402113471
0.50517945223400806
0.43860778304167425
0.61685373398852161
0.54358148223840563
0.44383463140433072
0.4778765941611533
0.40393778116178575
0.55819649664346116
0.4991831250811658
0.53994372711483407
0.53846616731227459
0.54512790947248557
0.43258975411045358
0.56156658691300165
0.47440973478712412
0.48645238654944728
0.48749432984139157
0.58684730486620984
0.50731554451396277
0.38516699296088824
0.48400773200553437
0.49443783933738411
0.51093032648064662
0.41727603929011448
0.49640481387316387
0.4934915404542779
0.5022358045600307
0.46798754703983919
0.50337588201350592
0.55634897086353918
0.47603084668698337
0.44022013774240409
0.47026178765962889
0.54474205718760005
0.44658230307182273
0.57792961473135385
0.53097476367137064
0.51677161826906914
0.45764617417916181
0.42826193854772665
0.57518008923427733
0.46215656457317034
0.42635113819740711
0.45900210578592815
0.51834220565252442
0.52330078364614396
0.4890953820855678
0.47290555997335681
0.53915589570066147
0.4824689881080626
0.49155377314814347
0.38137111378896416
0.4606429305499431
0.55645153065374964
0.41720051864683211
0.49858455422574094
0.55796428997732095
0.47983986385896021
0.54717673011644929
0.42067882734872192
0.50996141746155743
0.49649356552633528
0.51499176826737925
0.5712284228779313
0.51932856114699788
0.45632333020905991
0.49477794854264684
0.47032999578163226
0.43493242468114629
0.50949615158557193
0.54268820752230829
0.50570909668097486
0.54479100853310714
0.52618914679778228
0.49553952166292731
0.49720687112685574
0.39594934229145212
0.50684463747102559
0.63324068601723338
0.5009460925734579
0.50951912225474283
0.51691800774830132
0.48174453458229249
0.43100982626192985
0.34193571977713583
0.46748799638370825
0.53711436908476384
0.49659059763206875
0.52281064863717908
0.49074045034887159
0.44904174856055395
0.43621121352561154
0.57879984869156753
0.44264845401314723
0.49740747484396852
0.49652480745897953
0.48068369831381363
0.57161659423709743
0.48668775807930159
0.54665471896346629
0.58315183744759935
0.52609085078246187
0.56726952273634079
0.59230866352227651
0.51414905437359804
0.60323899685803639
0.49637492246471737
0.56876487608118831
0.4180330023533344
0.4106374480899645
0.55772848270691522
0.31249905744952078
0.52615349880674389
0.60069837847872676
0.45614498955875576
0.44271364463122181
0.46352324798309086
0.50820580506466073
0.38477581698736313
0.49775181991411976
0.48593160733163782
0.54437655638195881
0.47420069287131594
0.55299282684312878
0.48414351687515467
0.46565984383118941
0.48142576834547701
0.56331891210967766
0.36161385192885209
0.5058321725663415
0.55108949617769365
0.42039937210439832
0.52934550687599968
0.45732945787245538
0.49976425737813257
0.41337067612611561
0.5254830712214591
0.48638198480672656
0.52151696665062641
0.53960963815573459
0.45171515221598763
0.5265306396002859
0.51705496109656124
0.48141843763876141
0.53347630469706231
0.52506185056500509
0.51054280648832595
0.34978128825119498
0.43474776964942624
0.52309380732405908
0.47463996980141299
0.53993081125396825
0.42918163231018358
0.51148940552400846
0.54299874396002668
0.58916195814313421
0.43158174882350109
0.52208826599229263
0.53342330019049089
0.5291097760981216
0.54622764641565258
0.47958621612462071
0.47590115942518912
0.52277814152408653
0.51454631735505629
0.41212263128730903
0.46871200656815742
0.48946310880385863
0.44358501425185831
0.51328617105659113
0.49791386514142705
0.52892083162802195
0.41946323225006432
0.39220471534708096
0.49408518951933339
0.55088892859009342
0.52636701553199083
0.4868775065125443
0.32640649151898227
0.34580863840099751
0.33710849648604979
0.42323207596598028
0.36863834213935975
0.47775721170071828
0.4777385715524376
0.46092875269209632
0.50009566751386592
0.50500003856402598
0.36424525047731876
0.375342371368104
0.40586394857473646
0.6045571559520424
0.42039353525577344
0.34690604379484696
0.44045373096064999
0.41068973049285068
0.40466879255886395
0.39954783501768476
0.40396368031997398
0.34958580582763965
0.38448992696644735
0.52268683224226309
0.41382620792374597
0.35043518128127499
0.457431559680327
0.38984142615460604
0.43256431601080997
0.32916281696487554
0.37079976807893006
0.41024990497857877
0.44636459587685379
0.33008093958316576
0.28088288458924426
0.3909810609985459
0.50470100365008941
0.32898656985726776
0.27967792688988913
0.3740300392692027
0.43401290060619885
0.3801940752620846
0.35277628976855252
0.39868293061210869
0.55235809230074873
0.37113179122086132
0.37967016740386988
0.40647334310987693
0.3290883717478284
0.3739675716564077
0.39002165993199839
0.38453583364896649
0.38986991721375652
0.39722534566413603
0.40762162681605807
0.53699350292532677
0.33535103724065241
0.4185732296324271
0.4112210459082235
0.44208778047629937
0.42415506006768899
0.47077121453839599
0.41874309140733001
0.51345495798459684
0.47869411882038643
0.31267587332922941
0.44615544935224349
0.50966693202102287
0.50881060941902501
0.48023230897166164
0.54647255363353076
0.57306679101168578
0.53488160895453229
0.50996592250419237
0.57275034083738519
0.38126281812699703
0.46584429188586446
0.45188019562762116
0.47446414667642461
0.48042510167244912
0.56726120875095409
0.41110869984543574
0.52906976696094665
0.46308358273575112
0.46973693484776724
0.4374422190270964
0.50454573208836528
0.39454445400678106
0.45861458633717028
0.48177715758818845
0.53730175937917946
0.52127009886211773
0.4749317094410701
0.4252208453610824
0.46203378159645453
0.58466815782919168
0.54240146437478898
0.36197015653819864
0.34006704356181844
0.51541728404849385
0.550690230256345
0.55472128887883931
0.49784646169791452
0.5940652650355166
0.49058010744600039
0.47671767011359611
0.4236117925393762
0.52793683354919496
0.53262188816464484
0.51266616310370428
0.50763352881536006
0.55505896022613732
0.46523368874629234
0.55888199793878046
0.51416148528227246
0.48372250928215516
0.49780010291863147
0.48792503494442457
0.46947469933118274
0.46594238913804542
0.51931960976603697
0.44574315073043463
0.5557984342178619
0.415065925309896
0.54847439200196357
0.48557243189015276
0.44863252734233272
0.54480637101269025
0.41572357851101283
0.44873558681100356
0.43215285003880816
0.47878363969328597
0.6719455570786238
0.53242592209418382
0.48517799709045561
0.45867494013094923
0.42144419757199991
0.46201069375850784
0.42646181648428211
0.50574923173662623
0.4570358381186303
0.38757218984835784
0.34018696590842701
0.48459977761798051
0.61005839184523425
0.48573108561992212
0.46500294389700225
0.49324128155490876
0.5019055179612012
0.52538840168511458
0.48113976948314729
0.49213053022385367
0.47152863639011883
0.42173338830246576
0.43144592965099871
0.47236638742293174
0.45703570682242112
0.44483844466248723
0.59579710993362001
0.52284722471002576
0.49332695799335469
0.47569818351796128
0.41581585363464202
0.45965135386708922
0.50770067925430218
0.49314556907327523
0.4780877427151935
0.42341755552907662
0.52254553482637089
0.49282443041366619
0.52323185214829893
0.52239178708352108
0.53742045652967207
0.55333754143262692
0.54005176203557803
0.38608026062789252
0.51095132303750823
0.54577900174935701
0.51438418413614873
0.48037324886718213
0.52073764699906999
0.47967502471076534
0.40446270366024245
0.53112756092185309
0.521580154240599
0.48758106448683025
0.52863897600150422
0.55257978462628099
0.46034884493854816
0.5114660806598379
0.47099715098838563
0.58913092474984741
0.67061780561870066
0.37183870426527271
0.38210590285217555
0.41316678812872665
0.43372949868854849
0.6242100965763715
0.45028129241127313
0.52026608606251901
0.50788071973522952
0.52569269317569034
0.4697490925421417
0.56321498275394877
0.56222520271818077
0.56379031708219107
0.44323435714491044
0.46390946655637255
0.50118421398690194
0.63427461016238174
0.4421688398321108
0.50306742232714552
0.51391130419462183
0.49261509209234183
0.46762010329851267
0.4556877593528123
0.52901759700165885
0.51141608262125571
0.52702477149551907
0.47743634750671909
0.54195119191167196
0.44756209624513887
0.50729628828978512
0.62257037586438024
0.48291358850336291
0.37715702557307867
0.61656224076139887
0.44453730374605782
0.48465107176241345
0.49135519548571654
0.45536958465802341
0.538690022593458
0.49625026648087189
0.44208984490846553
0.37080059558820466
0.51861662339267633
0.51938199727348078
0.5361416001273217
0.51323395115477832
0.46529672435172209
0.54684002103972718
0.51842601971012836
0.57095011603556856
0.54853044384429139
0.52544090343886796
0.50555570430094843
0.47367568872113769
0.42136566523307156
0.56111668777740997
0.4155998865021886
0.47632930698179754
0.53119985880636922
0.52658614443003637
0.53225964788150915
0.48113695716158045
0.41508772979409603
0.44431275280248039
0.52174308892431787
0.39944989737462033
0.50857360940498753
0.55669737186034007
0.51146029152975281
0.48206750234249746
0.44422486771327718
0.54398010568431721
0.47526047501449109
0.47316272500326995
0.48738161243415606
0.45598494293953901
0.5089927549534331
0.49929664045590699
0.56142708015415255
0.47236023643141001
0.43466026845045169
0.46506245226312493
0.54183363329160494
0.5191098213963069
0.49935006441986668
0.42710006116506305
0.41129450818756152
0.53152047282416126
0.47339526594901338
0.51364244221970512
0.46535646995793645
0.53540826966870558
0.42871852689112322
0.42823251920991157
0.3387263913345116
0.48737026506375369
0.47084766581779375
0.30935937887272447
0.50585645389979716
0.54845898536443893
0.46407317918264168
0.45697085292930639
0.59685275144658845
0.590081776500611
0.48511873077907447
0.46493974070414829
0.36695969399839062
0.4679352578558667
0.53845612387892883
0.51363145075983829
0.4202056216575345
0.4475112532430231
0.54473646018974375
0.49398178989756492
0.44746876465564828
0.45379461553064304
0.49714252963055811
0.50869189567680428
0.48380694716845207
0.49786474618172544
0.52083565508724461
0.44436831643120633
0.59419133161678761
0.46553634054302834
0.51803561778924045
0.50160989322785432
0.62483349528425747
0.56489635739055255
0.39776868345424549
0.38194576996121693
0.52636239909323457
0.49097493220876909
0.46075598622659925
0.59329686339764709
0.55803359570933497
0.40566253887439713
0.51445738889765147
0.53124302270228552
0.48500982275389459
0.52831834431227742
0.50138513813388819
0.41686581860289779
0.48984750031630314
0.39185604717283801
0.543917257650953
0.53857835428229461
0.50037957655633802
0.48857334973339916
0.39568440293570706
0.46555870398472921
0.45992414713372054
0.51134434310905041
0.57842823034129565
0.52509237207186688
0.50563249572203062
0.4654940494055938
0.55141057362994506
0.49689085732046429
0.52104033306204733
0.53046904374024173
0.40852209499507258
0.40933510163421377
0.53977253584772034
0.39738394372225855
0.60431577536763259
0.44888944187723467
0.58588318786185478
0.55229626534952792
0.55007566373719385
0.46762765233752446
0.4437249885584123
0.48392873793022972
0.46196504213079126
0.4639200751840018
0.52295155498128665
0.5080994364012994
0.52337532990514413
0.45276400423712382
0.46987966094713934
0.46290959222894229
0.61496879091194723
0.47367777291973101
0.48419303193964752
0.46794636934255041
0.50474849733117433
0.4716242881872828
0.46904701291732359
0.53690800441298925
0.47111083766046546
0.50833634412010953
0.47774975404874004
0.46794766066909388
0.40517247826354952
0.52221777824384663
0.59321257009024531
0.48778493788493316
0.41839927072059468
0.61703459310284081
0.4951476464311993
0.55262755583717194
0.48458762693982538
0.48112870694143006
0.46811228818815476
0.48104476573634386
0.51536898978358137
0.44712430022784044
0.47613487338243587
0.56934381219342911
0.4689091375018638
0.50502538534249886
0.51273607422925205
0.40719217584550554
0.51029507284642273
0.53922730779493577
0.49732708123320529
0.51331259090556547
0.41007986645822503
0.52587659586137436
0.55480977202860549
0.5056997572134132
0.50150658939751824
0.52065116901109387
0.4908570442583004
0.65544757197637771
0.43290604337157723
0.42208229525159235
0.57323115574310857
0.50004250128785688
0.50870290718022437
0.50580718295592086
0.44864789633897589
0.58183442082015069
0.52681798170666883
0.3476360712041997
0.51589613568542492
0.53642213163722818
0.4391972451580114
0.53393753902233532
0.57841551897946963
0.42301555443033351
0.52520771378821829
0.53721463973782069
0.53028723127969857
0.53897080679365461
0.57484524078724464
0.44511555009131154
0.52457124738953076
0.45922679271155908
0.57371583952887095
0.44403120112104005
0.43313524324373776
0.49637214876957647
0.45425590156768342
0.48212009820126805
0.47612458919605088
0.47844295172970908
0.42133167156045759
0.44936745261281591
0.50926240139162615
0.53846129377021645
0.54486539625237451
0.47569780098605075
0.51411489147372513
0.52324807762804426
0.56055364827770804
0.40492590596728045
0.48018932424932342
0.5413843729242821
0.51522567464590041
0.46794165622859307
0.46706932428770392
0.49604140189317042
0.40987297978140419
0.41494535859842846
0.52757878037276362
0.52904064616885593
0.52865174055970754
0.4949331741976411
0.5088663001046676
0.46219500288353949
0.5589955007510522
0.58557922296533516
0.50267583959297157
0.521232076369468
0.45630730964909927
0.53387591432374182
0.57955495145663993
0.38771079184910401
0.3484701736048888
0.39915258269151588
0.45110554329348573
0.46732518161541065
0.4974497979707625
0.45931757408196372
0.5236619880194513
0.40880112423594273
0.49533300518055168
0.58262856278382225
0.49165452665806292
0.50031835044309469
0.47700313707546582
0.50782519973882545
0.50620831011288847
0.54647273699702148
0.52831691824877935
0.32520068603415719
0.468871914822237
0.50057860381629515
0.51924341725165857
0.45327348244201471
0.42160086942620512
0.48642968994080282
0.50274863110299162
0.48418323250061557
0.55208536155895893
0.33555454775755456
0.55873608345718251
0.54087235737333439
0.52238639703616518
0.39997852386749067
0.36537387787057146
0.33933944649820103
0.54984795795117414
0.51446999437119167
0.4738646083168041
0.49242969944523524
0.55034539722240139
0.50366214057088399
0.51404994562231709
0.51122875433006709
0.39763932185696987
0.48631234852139166
0.37413036389086102
0.47399896528745145
0.50403389297660361
0.55480554746316224
0.49142289199210643
0.57230217979554243
0.44498540875489917
0.53289201009106069
0.54154072511962825
0.52966725083910349
0.54024382342725197
0.485403890804398
0.44913372217929554
0.4710192034006298
0.57593528614343747
0.46111451611179194
0.62958660488253149
0.49974273036231098
0.52252889219185006
0.54189677008341719
0.37579749910428994
0.35663805817658972
0.41205079022614427
0.48545955874485014
0.44599580192083638
0.41101250218351637
0.48119796711025542
0.49829386306602264
0.48472346045878484
0.53864413994817006
0.47964660781905555
0.49283974455282953
0.50578854007091845
0.54341642334783191
0.53094171647667521
0.58127815135218808
0.49587886445470691
0.57622658476233135
0.5282102634325192
0.48539934352397113
0.51229461771030249
0.49193664650120705
0.51834101534579979
0.54531578637298872
0.62503409852769887
0.4507562167001421
0.39683988875503767
0.5158940801826597
0.5115062728394878
0.5246237167296558
0.54511696460727421
0.49917747252700084
0.44084704716423889
0.50687919579937701
0.49384650406316172
0.51768676789800672
0.464101186095771
0.46774193371156919
0.49200833118166454
0.48154927950982018
0.47080160577233782
0.47786804553125706
0.45907243454886298
0.52103128032279278
0.42791446643567582
0.48824515521228595
0.56592886531135844
0.51772897785770278
0.49997273249283125
0.42013953933554393
0.56031932627288827
0.4460877810056576
0.50990720176794679
0.56501148751817953
0.49378989389783268
0.46275449833697679
0.59933855570160899
0.53745695036021313
0.57895520304662085
0.52320258352289217
0.48994652991853721
0.50987393298531314
0.5293739959755176
0.49148022231775307
0.36236926250217605
0.47187233788604588
0.44479418669306242
0.57443446970813294
0.37844500081537918
0.53015789896988907
0.48128139261864039
0.5672299369960444
0.43708510090885389
0.50209887205191805
0.55431811353236704
0.45901392879007258
0.50219572235122356
0.4989780203420961
0.45201718819586734
0.45519610123484394
0.50266032044818321
0.50349624077058674
0.49904639840718779
0.55378335874753637
0.45061994460789062
0.45676995620725253
0.52988297802464568
0.52766812919353756
0.38718671408171501
0.53486355072468372
0.46162330040510624
0.49770361557273374
0.45516061909806754
0.5259142779535757
0.47317449564068664
0.58607068107400562
0.42912356444661648
0.35926309244174998
0.48505850694937691
0.38489348141534313
0.49769761010252639
0.52310004939104482
0.43304824927999219
0.49551348474286422
0.51998895430925796
0.48850347966227198
0.54342752890237778
0.43330614303341392
0.43850051055975797
0.52783429068310328
0.4314455886806835
0.44027910184651214
0.42361951566543554
0.5114314287090076
0.48135415877658178
0.45095330069647616
0.5409350991751104
0.59318770483749139
0.51143838373326922
0.45642979071630452
0.53265986222676809
0.58569150486315602
0.44350010479444596
0.49444930268502957
0.49604182562099797
0.59268189279338657
0.41398681149668415
0.49858692673910254
0.31509535893753937
0.33494923478463196
0.54134286716709856
0.52878647930525713
0.44991778581621783
0.53575567873913421
0.49898379688730082
0.60292342564414014
0.54055724089157953
0.49997219600018183
0.5294156424318559
0.52309174388047486
0.42343286804935548
0.57237468848144812
0.47979595179350226
0.45018240465195608
0.48503079495003265
0.46775838271656078
0.64438350929652544
0.39533830480008175
0.50707932930820998
0.47981506174382582
0.48291948129609091
0.49394876298688339
0.52857764277689734
0.47648196856170122
0.47605050092030676
0.48976141991130501
0.51965669693136407
0.55672070223151815
0.51442899361685934
0.44787894524304933
0.48230077516134695
0.33998035700816753
0.43312793195104166
0.53383751877355823
0.51597483745406503
0.56632715937235112
0.53198670081974653
0.43863429934920983
0.46072358707436123
0.49095560442090413
0.50563475361519594
0.41082503425317402
0.46159763172192025
0.45822134113389568
0.51450675470044738
0.4865873920510646
0.56998719306323919
0.50145727485579938
0.46472951966811654
0.65202250351006763
0.46153488930096459
0.47672622778652884
0.61089123052799599
0.54504265029906684
0.50778664132297746
0.44112105131625445
0.46728069920209397
0.47261253543422654
0.55844095865690346
0.49792808005137706
0.52314734266481744
0.45659002354808165
0.42311403323343538
0.69312937851021827
0.48517388011222812
0.37554984945533004
0.51111668042492309
0.46953108098286805
0.50832458446898177
0.56010730583219637
0.51574426987733324
0.56868758334320468
0.56144137784779491
0.47713530844975272
0.59185746235072745
0.52332466929020582
0.49664196901299112
0.48735913296548633
0.53197105608808848
0.52615742565783108
0.52416315799369995
0.50985038934515825
0.49169823750946645
0.49583508155897843
0.51155457079520006
0.48741339579045001
0.40302784278878212
0.45146574474091444
0.51469502842809933
0.53778764024542314
0.4340742916428621
0.42217348097822738
0.52198918644927483
0.45034415180097015
0.34034979449208008
0.40221178013469822
0.43131218826019752
0.53200918065642733
0.46873123614469103
0.47736667596341964
0.51571913318067331
0.52282456688930146
0.52238659189072001
0.49288318880825294
0.60199266037115695
0.34844173505695619
0.56068630216245763
0.46996244335040605
0.50454725776736709
0.38617006818742117
0.45890160302173177
0.57857310797881356
0.52667409035811341
0.43318166409972414
0.61836628844961028
0.5357747560817927
0.42035443110450416
0.35848119241103077
0.44856234033987064
0.56210448497533694
0.53780264167441005
0.52050991963101434
0.50776601813624223
0.39737770654641313
0.50901134603721854
0.63435276020653752
0.38304346920358057
0.43611289885540377
0.48898927332087722
0.64361623487412578
0.47848592285870861
0.50025452710449769
0.5697130768348736
0.5623787573924357
0.55751973385109355
0.48291723711996143
0.53762615673002601
0.42057877071736971
0.49897797594241039
0.61336161950835866
0.48536387218240779
0.39758237204314384
0.48832330574086735
0.52504477931045035
0.58952246832985633
0.45107745406653332
0.47920671614926208
0.48288203899758758
0.43731769600796905
0.45075431228083218
0.5480294215178324
0.46870517341146894
0.5312740195560941
0.4745300980780307
0.47566577795279757
0.50669826235825266
0.56213861547509991
0.54133116573973783
0.49433809603787898
0.44126104851690034
0.50077399150487323
0.52854426924111408
0.5662635340816583
0.46447022090916096
0.51780511548437458
0.47033537356984367
0.48536153514090785
0.44829753181094584
0.479480289622426
0.50902162169677023
0.47036003389088887
0.51290467749425384
0.60143650368790946
0.56820610661048732
0.54364644710720256
0.45368735046140568
0.55865013152965981
0.45328341834204278
0.58425278604645603
0.49369553678583222
0.51463455914860823
0.52528521631871483
0.4840732201175188
0.55235777344346537
0.5490931135836683
0.51811239281273469
0.51201753162092245
0.46045609451789599
0.48914784072707951
0.5264793253124388
0.40735138936009319
0.35714784687965206
0.52536630383293659
0.46224679111138117
0.462862972943764
0.50036748183427182
0.61947104932378316
0.48523884992582245
0.54372685152523204
0.45040106952987469
0.46626449184528257
0.45318106282778309
0.58370698679902722
0.50399946299058895
0.39299172661528053
0.47747946817235148
0.51947360625659145
0.48019891316268631
0.52699305919068584
0.47417596014208502
0.4963714877971363
0.48940981564042779
0.47884232312584712
0.5421862412965569
0.49282114751783562
0.52898099908452489
0.52021230295951759
0.45648942717814978
0.58637283030906395
0.51193906337599682
0.57207362761907021
0.43950798879375885
0.40828334922796067
0.45128847922440807
0.47592956054561697
0.46130590360559931
0.53686422366219111
0.53345556101409108
0.48764895101046174
0.52492466342548427
0.46349307669298534
0.52181585429239419
0.47464914865963298
0.48708791124137679
0.50795448835411117
0.50249833661934629
0.42581902470100641
0.51203345519144394
0.53860809928092956
0.49952555387947334
0.53427719070634794
0.48519323417511956
0.46347517065090182
0.33926748694879449
0.49482867706870831
0.54628681194662199
0.50545514875538633
0.47499880934855615
0.58789704205565119
0.37577062775946168
0.54988726373387053
0.58312827574592885
0.48390825263377019
0.53913257729464303
0.4519885856021556
0.34127402249362709
0.47861534577984349
0.45595610195591768
0.46585328188525993
0.53895642166505242
0.50091421116532986
0.44502487190234657
0.47581790688332976
0.51555240919957168
0.55802019041281592
0.59663868033511713
0.49009893023434858
0.56157313620566873
0.61375784097622665
0.49959301031463943
0.48510994309035821
0.4520189986151692
0.4731248701172035
0.46123350094554755
0.47523473164378804
0.4542905686074713
0.43880087121464789
0.36463779727729467
0.56974500705992714
0.45750807291701234
0.50125488662473838
0.51827642583429157
0.46539824280309705
0.47098419186594054
0.51047555412992318
0.51311549648105759
0.35069836972807328
0.48400621469153221
0.49228406579941447
0.5344689369076504
0.43957541539695949
0.47199118673387147
0.50572270122719476
0.50919793637179767
0.55256887418043266
0.60517034438480266
0.45879762923046968
0.4969767153056463
0.52483738564513061
0.44359037970232362
0.54047241528700984
0.47973625990816593
0.43748349405901821
0.49030901471130162
0.45306281479960353
0.49078614539143717
0.55271781105314588
0.51713155163494584
0.64925290599875918
0.51594090026437001
0.53906471429341862
0.4473039716974247
0.42153640781322355
0.45499015170244006
0.41923677960490718
0.4787708512439483
0.46797391136107408
0.5133667500511675
0.47194711737045902
0.40447298775143137
0.56939615152772238
0.58386432520761433
0.59282527556243025
0.53337933635888557
0.50399304121525201
0.48987658951806201
0.53260602576086258
0.52195936078922189
0.46278719440667332
0.39468147962841538
0.47160141202647415
0.46574733547753194
0.52301121188516564
0.48826160916859479
0.50871925312186173
0.52715785958362893
0.45949814444789999
0.5515414934219719
0.49748499314772537
0.46461371143321251
0.57729785290503988
0.52158906425815155
0.55789131914906709
0.50337509463633856
0.4960323471335995
0.49482252142303157
0.449050262199434
0.46083486816834995
0.55222836338933112
0.49861054547549827
0.40687496278604701
0.26940325115981234
0.40623971546054616
0.31396220779524442
0.28738216434181307
0.34557774474901098
0.46482989073421249
0.3634618572904022
0.50299282190748063
0.39502169980241619
0.44573491780235486
0.39019577914756975
0.33481282717327421
0.47008902951648435
0.38918291658463705
0.36978447479204568
0.48000813659928215
0.46730026330399932
0.45513275563582384
0.50651051057256469
0.39068732161461039
0.45657784304195487
0.39056285882626357
0.41990896078274725
0.43630566778891072
0.39415855205700345
0.57644773901907642
0.31907952933731087
0.48415684159162403
0.35136721935628579
0.55511495775115494
0.44868206040955649
0.32180983508446787
0.20909297722375109
0.49431872311594754
0.19731238805689075
0.34965792981883653
0.22791788020853665
0.29841531213469213
0.32742885996193266
0.54273451657041294
0.27180039955267626
0.27736845746119798
0.29591216057391012
0.28040428359995956
0.29386200341875729
0.21392365657197804
0.33125930867287523
0.31488021620749096
0.33074741093806043
0.37911184558595046
0.45431807989860601
0.43398360474538444
0.42064434386508476
0.30743007723363791
0.47720737599709162
0.27934147803297837
0.35916103578660702
0.4847085626854285
0.38625684631359536
0.33652799768195474
0.26308092192349175
0.21851055143872936
0.40414970604726136
0.22230172843733964
0.31530267846668492
0.35177699418219288
0.4762004612786559
0.41199538997718604
0.48152153350439997
0.4305590374658344
0.63762263158637633
0.53227090146816725
0.39133839444545521
0.47025588412303221
0.36558539347683033
0.42655705861361404
0.42275959302283028
0.34023139950233638
0.43776311080863967
0.39698297017088857
0.41393324610287485
0.46776401318476374
0.4021378565341216
0.35705736293721596
0.42045460361473425
0.3803281936739169
0.4621662836580166
0.3994560565501431
0.49640993961035257
0.44844785759580086
0.51897817650681077
0.48661461924959676
0.39218036356545682
0.38765552708297457
0.40624505105211273
0.25392181402594788
0.34055954619682538
0.34474770362975454
0.33515760244628634
0.39625654147235939
0.35034391692286038
0.40914810519350336
0.44456033623691588
0.34836048108156642
0.41842987063832865
0.36088842966395007
0.45249519639885133
0.36835622859408834
0.3854225754109154
0.41446008426986808
0.50599678685731841
0.48477821440125968
0.41765589463944697
0.49107070071772352
0.49382925205961747
0.53854321994395127
0.46986154111303291
0.45296554493494845
0.41575807781549301
0.37176398827092672
0.37714117897640653
0.3997143046406032
0.35646007719381306
0.4028298069227762
0.41598805428668223
0.36142110937348809
0.42889492482299035
0.48423787929234863
0.32118746440892154
0.37937362390778656
0.41315927853648682
0.47434810858879539
0.52802703454695188
0.3518382397728918
0.40404877097831815
0.49619547949482862
0.47502722716437168
0.453750033413095
0.43322436462392522
0.50251225811120748
0.51016531447246971
0.40782934133441945
0.40309687122861287
0.47422338911642448
0.43643902705893639
0.36669111171053387
0.37562534155352023
0.36636683630052036
0.49760330485395105
0.38690074043864808
0.35969345212944398
0.34934975929989542
0.32738772252150078
0.42764296564471449
0.41963714060880764
0.39619418153363367
0.41994803575453399
0.36262234754097011
0.3677703994672335
0.3108446575692827
0.37393756212428342
0.42663261611626807
0.33923260839738634
0.34905635581607747
0.43037757731181542
0.41946716619952734
0.29800170021024003
0.42308337813676283
0.39076181029010659
0.37718553798058541
0.46213578555343571
0.43280728464540913
0.44089729441699932
0.42679971805085704
0.43497585104798997
0.34663197824368081
0.50664771663233665
0.52767474317565155
0.37627236893550459
0.39972938812871012
0.41279825410678367
0.33110563805362186
0.43353843975060097
0.42776683915101554
0.33860607490311068
0.40488616755351892
0.46527148846657196
0.59201878266814634
0.42551837525563763
0.38725709023465044
0.44017839633938627
0.16454607550869144
0.24624184288914197
0.39133754782953856
0.4279826593436567
0.31671873642825832
0.39405827244780506
0.4262406249133035
0.50617639012718918
0.32524244431770988
0.39657318292225918
0.41155511923406918
0.32801955698371887
0.3949056545341087
0.33965139470668471
0.37888913056902657
0.44305086236566976
0.40411349213763575
0.48428425007493059
0.39155827340083299
0.38238353137390552
0.3660901204066957
0.40675642573114995
0.33110601538093498
0.4168617068742243
0.41399923911659559
0.3798114968648032
0.3763662104054164
0.38201930426399094
0.44898441801772027
0.37264565842271996
0.39221490535390252
0.43389506242034737
0.34775418814853992
0.29447331481891359
0.48742627006337397
0.36706149361310397
0.44029942278004869
0.47402299500991263
0.42952040489997312
0.42921779084643485
0.47863517061730965
0.37650649782335283
0.37093265785425739
0.26628242031030974
0.39906688971439858
0.34107201082415833
0.57928739908828109
0.45235416220605246
0.34875205991208663
0.34882655224043946
0.41982649534501659
0.34958068414024901
0.44514305060727977
0.31335502770068724
0.4071861757739767
0.35331785809075772
0.43532527330154025
0.36309728408961833
0.34407007887009455
0.5642678756163414
0.39883799976803763
0.66199731886574853
0.48095479202504632
0.43411006235074923
0.37172940579578617
0.55207050775060673
0.37514566665587418
0.46497695806197287
0.39794702402299797
0.32714678403769393
0.40401980528735776
0.37513191540298374
0.57889571349640512
0.42302478362745405
0.40663640230972664
0.4141645548995958
0.41338058165944264
0.40648074220362523
0.40408066483744992
0.38138142525262508
0.51054458288956373
0.49585978376398171
0.34650835022873433
0.45997514599488798
0.3432791166865054
0.36587314821062489
0.42375721274228806
0.63179629711128116
0.33447636929910957
0.34092672169394084
0.46688381052870565
0.44388677544335225
0.51625709871581327
0.6039487641551059
0.38268204216230478
0.35693645178565753
0.28522535242812058
0.38807340993056694
0.54484964388402568
0.32982883331708573
0.5062574457731811
0.39738902019296801
0.4123154852649355
0.36039265693241324
0.39535825202309205
0.4814094522987199
0.38043144656511285
0.36382292454499104
0.36416122149081986
0.41161044862705665
0.41374194150067006
0.41967544432133452
0.32964067583226092
0.47279762326796526
0.36727372384700191
0.34057041288529549
0.52901111106633281
0.37893059275349184
0.40629879245887868
0.49253325943819865
0.40810136937872138
0.38618024484836089
0.43271266685903248
0.35411529515816731
0.41913083589645689
0.39996082665077276
0.32941413736131098
0.34940382833148276
0.25626229416222951
0.30243915123075699
0.46981582415908602
0.37487577957688972
0.6185004459840916
0.46412606544281509
0.5789700675285897
0.42047742726737913
0.38109315975735247
0.3683177984291775
0.47475441836161042
0.4498905412461327
0.49479434301835701
0.38420808760176861
0.38218609131740677
0.40000343144478845
0.45053458050241357
0.35144836260871881
0.37878337656350891
0.387429396859446
0.39597739044490216
0.43787746531357852
0.45933599199217368
0.33970759457744015
0.36080008723836859
0.37220542731426781
0.44637921376636114
0.44296942692460028
0.37650593148966466
0.5545657769580834
0.41316568883110877
0.42695042565856373
0.26867264080303122
0.27960699024003144
0.43063955941709781
0.32542508222553684
0.35473406988202827
0.36038198885895512
0.41595776217292219
0.36530005017277223
0.42824433420357066
0.35925248376171104
0.40208567994569838
0.41716680640284509
0.34805068210468226
0.48099358270782994
0.39542324351099645
0.3256166341640499
0.4450823012771471
0.47793621113750429
0.45238167098991011
0.37881925248866921
0.43696281967148443
0.38523033194126038
0.4897188226163588
0.58620494823498925
0.38448042781752828
0.36917132902816269
0.50963670238058389
0.38982204601401343
0.45900529308631161
0.37180227355171636
0.38026351833004496
0.42137050214474242
0.37874665597566592
0.2389829627960674
0.32009803802026676
0.38267364260508163
0.47531445282350532
0.38615080662996953
0.25535053559040077
0.43798899390264534
0.4044338678678534
0.38102949461038932
0.37383336929818123
0.2835792993770257
0.35776576353567602
0.46232917616828151
0.39177589925623751
0.46381235050162278
0.45836703194007627
0.41366655962869953
0.34721576258444226
0.46003810497551695
0.3547865252916958
0.44310679983407003
0.47985207615284209
0.42568987084940901
0.36560612537469461
0.32308372937311025
0.38354191418585382
0.41045323247975246
0.44514934697214337
0.43356898795977628
0.45715819796523111
0.38859276548203103
0.68179041257874506
0.30663378282792508
0.40074559078846983
0.40711686764385419
0.34135802709729879
0.47318944235068161
0.42687849337800138
0.4201760748300723
0.383654853837402
0.47262681807903051
0.35852851041234779
0.42966951672399206
0.42221005391456212
0.48190679333760772
0.32830877428071903
0.3548542239514636
0.42732988653654674
0.60286182890774098
0.37596500387063214
0.35984982787187986
0.418577869396348
0.46940677140484943
0.39117991913184808
0.35308405846137936
0.45557843916119928
0.42963062071952218
0.37750028725105961
0.38338778739152957
0.36129810324066691
0.44701871113314512
0.45373435996372091
0.36280350822500318
0.2714665148313628
0.31333089393084457
0.41228569271767368
0.39854354090003097
0.3063192678474696
0.35168608868976325
0.35500401772362133
0.38401454097605525
0.34154646240787584
0.40273043915696083
0.31431516168754425
0.41446110795397534
0.39492314229620168
0.31560688407860144
0.42968703175261602
0.38037876427922096
0.43886419051200831
0.39734124819093525
0.48255665072580067
0.33552047636635013
0.42543726713906743
0.76591576456147037
0.41219051768147646
0.30688066267376085
0.49242151967682751
0.43835802384691713
0.43419652150202626
0.44412754282891354
0.44655917362255287
0.36360933228276648
0.41349771590331036
0.44141166412598559
0.27256661112196434
0.26749542920392422
0.37177580653715858
0.37129224816673689
0.39280352002849106
0.3793424076215911
0.46641431533401145
0.35346535985873018
0.44849270588916545
0.4185478046123336
0.44474707319511048
0.42875365421002615
0.47618120960469623
0.3285772635130163
0.4084240314045936
0.41446779249109178
0.39236326136526284
0.41884668871321351
0.39911726636885797
0.49267211135839312
0.42053036169854413
0.41469727626673059
0.37657367435525113
0.42995968374645516
0.33058350718764906
0.35576200515833944
0.34336496539753464
0.31303480769531328
0.45145729336456669
0.40209498202653249
0.32052140768440163
0.41713077947668875
0.29325224755191098
0.32087181859326652
0.37942366223067259
0.37575943838495018
0.63712526816454762
0.39850317795161738
0.51047550361446015
0.39449271391904156
0.6122498578677934
0.40643247766354812
0.37985377716256163
0.39216094735612783
0.41856630439161707
0.40250916992039754
0.39755028763945099
0.33117156261907521
0.40949984546797752
0.35399930243672678
0.36135179675604123
0.37262925698315663
0.39732498032139479
0.31747911677260499
0.43632493705099434
0.46723561034990485
0.42071864761868566
0.38194389411693946
0.47792547164978111
0.52752678616175297
0.42057452192784478
0.39697385647542288
0.33329440771597857
0.45995358241282042
0.37692484937551812
0.36270301580239328
0.39396513686054208
0.37874022289599046
0.35878725669219841
0.53905018271566663
0.38286956292287555
0.39205776094113115
0.41317208849569742
0.48211239448848653
0.44142855440664108
0.34085715621395896
0.34407556358035107
0.30898946151293744
0.41575590830014203
0.39766492805032039
0.45941331594866819
0.41179677890969868
0.2995259972493568
0.36338437700263237
0.38320119798837093
0.34793678842408893
0.30257803301095204
0.35472398756521589
0.39421789938106061
0.38028314256606127
0.38554887644571667
0.31504644689964306
0.31336419808293897
0.42094759224073819
0.45906805743971441
0.4057035455957152
0.31013516344642483
0.33126492944577907
0.44825201885281424
0.41429431901958669
0.39215438172156902
0.36449181801326025
0.52920020039887328
0.39998219858163014
0.44168378843078143
0.37382784289798987
0.44308749983450457
0.40822200074891374
0.3821941893041611
0.39848613529700094
0.36648574420407792
0.37123020688320824
0.32302809337051785
0.37093957437863478
0.43973044116053611
0.42388216650890792
0.41405657689146819
0.34154025903198004
0.39530202326325425
0.41707000577479891
0.37405238360459891
0.45956166456070635
0.42488162213444175
0.43372090079034237
0.45187448955940324
0.4671400389785918
0.4060447811009128
0.37687164857418171
0.29214416165136259
0.28903666889653523
0.49743819546119417
0.46625413074994232
0.45234603439054277
0.45326379358416807
0.44931498963788158
0.48412085066598665
0.40686706469898953
0.4474991990793914
0.42644520304576772
0.33617340500406745
0.37733710365460682
0.36888442854663223
0.36772909243479923
0.48654217127048377
0.31978457338892358
0.33965268254583408
0.39142451135520995
0.47186019209366276
0.53209153342645865
0.47662458680193343
0.36995960630862412
0.32575157496689244
0.40564443366748609
0.39556805508261006
0.39074763727017897
0.3674332251531956
0.38322626252084391
0.41040921303132244
0.39463131835248066
0.39440917536229936
0.39147899284434196
0.35932023461003637
0.37515973477744058
0.43035007496651112
0.42528907183168702
0.38307751449173638
0.34023957812294076
0.49521108936631431
0.40228555157482204
0.35921965931498229
0.38975492062284112
0.34217993239375882
0.44022725331087709
0.36240039807935198
0.39931594834645578
0.36194465487931682
0.37677899364501127
0.33590180729560404
0.40602930525313863
0.34998201374859866
0.3366323643285582
0.41295710680926828
0.40312592778805939
0.43373999013011699
0.481197133320941
0.43596840928445491
0.35862587198647505
0.38994602998313294
0.33529805943068552
0.34212033589853508
0.51507661151029482
0.40756091273530831
0.57265988104461607
0.34007526829959528
0.37855734031483662
0.45303373703284427
0.59059801085545072
0.43461700716875462
0.38789144402564818
0.40362308931860341
0.48852318552416923
0.43172224085299554
0.38398548027633689
0.30235846368965225
0.36047605962042006
0.44555218260403545
0.34982561168755605
0.50837067012422033
0.38051085423607617
0.55851287858256382
0.38740714780870161
0.34698005009022181
0.33266777405270492
0.37306194146240984
0.54989360277933874
0.48628910475144821
0.32549212376196796
0.39719538628259243
0.41643085493377424
0.41175233368005348
0.42477891601461581
0.39399820837937516
0.43738271678781437
0.34482918842860838
0.27155910698403901
0.30784425488499295
0.32451795622770885
0.42613652573247984
0.29080671305020778
0.43593982957976785
0.45217123786173696
0.41607857349477068
0.37255421871130284
0.41284195336596513
0.37835798435541224
0.39592714949200636
0.51589201827096376
0.38202570838731664
0.35110110110277826
0.42576985515725474
0.36681905673547394
0.44326266872117692
0.46162440082772194
0.27219821708254144
0.31168973516676474
0.50876739034165852
0.42733729104866042
0.39584836127827766
0.45836632041262337
0.37215156246973163
0.42255293420855139
0.40023882877477973
0.42542023775282978
0.45084078277256173
0.35362603231562612
0.51024348681158649
0.31812013106745285
0.31617699723635578
0.38437853940746797
0.48640241316372301
0.42347820546415482
0.5178109694529448
0.41629548145129464
0.50045456792091125
0.56657625114836285
0.33798962619516698
0.3593905620821119
0.45584610837735101
0.4333489919337748
0.4730639118071498
0.51941330876564185
0.40180512705335719
0.39575640766815767
0.43366323344786262
0.46694534576500879
0.36797025162284225
0.33660976381262436
0.43378421060704886
0.47672666833635524
0.39704281486984039
0.46638618415288441
0.33338603813197071
0.44435166016455413
0.39380205632618037
0.39503940395148218
0.32706154846500257
0.46097544680695673
0.35794883307148778
0.27847011930489224
0.23079767058418774
0.34118004960092979
0.37585250502622614
0.45012552823262053
0.48328704415513268
0.37311047009904863
0.42981459852250253
0.37813565927910808
0.61779250764597238
0.3994784217830481
0.26477904973910649
0.50317755361788918
0.32749746699247895
0.44598392776836415
0.35424493705420401
0.31488425247054302
0.37314118121828427
0.47532974872661637
0.42269227061072945
0.40567842938627668
0.48375333801606435
0.39484621082616067
0.48933047710699062
0.40907907383254954
0.45980389317462872
0.4179559141462279
0.42948186839935687
0.50686178571152296
0.35543732982023946
0.38171037933153973
0.55009703054368475
0.28886454181794524
0.35961023979929579
0.38607448236437619
0.39957341013580366
0.37497521524305572
0.39437377627514719
0.49967565980712142
0.26342919612124494
0.39652406183215139
0.41976902940277838
0.35943520667897988
0.32164553474177388
0.35149600156625621
0.3863566022020602
0.38244590250856292
0.35917276065607584
0.3478522415963653
0.46839185878580925
0.41103192536556432
0.45563460905578412
0.45853409301853504
0.44014344305079761
0.35710438755109025
0.38514279617564667
0.4135692688789257
0.44847284361021589
0.38502992576875256
0.46407580587834929
0.39924757819280438
0.43841502858389036
0.35224906713945892
0.36852091670274556
0.3391442356765656
0.4141058561890269
0.34220283935613732
0.42508489996556836
0.48777690512990651
0.47483771330640118
0.42090159213145428
0.41237351430664865
0.40861038291083901
0.37097527820020809
0.39972657134923228
0.51546637489472991
0.42909361135701685
0.40162840860396815
0.33775268418022047
0.363619671838111
0.35145766514319843
0.42138492672983302
0.35839363150457787
0.48647860580935509
0.39445205831640567
0.44295407981675489
0.35919017843958689
0.34386945360027582
0.41268395241933903
0.37307854657589296
0.3473036844853542
0.31756599663209883
0.47406503966797697
0.27018483618905031
0.32707765553124651
0.35056125489827128
0.39613111142157997
0.3106369617300363
0.42765346148998118
0.41208925206643016
0.39494822507377014
0.37945916230069443
0.46969249932505491
0.42626599919547764
0.44899764804933606
0.43295787484932052
0.43693596224476461
0.34928423179511309
0.37996136487342919
0.43904767848108994
0.44152824551664882
0.34136423515435388
0.53523091205050233
0.36686726983305901
0.3884245680764169
0.34926610151497717
0.41877553690276503
0.3429642313927565
0.37729589648697381
0.37754705498285857
0.42039376586996102
0.39646456266483376
0.38921027726553292
0.40524488754895444
0.37913050934656067
0.42446591433084457
0.36063557702986543
0.36725203298951364
0.35134243174541635
0.28488562886375651
0.3077204995250854
0.50762649681081684
0.40500837586047445
0.40091846107807128
0.41743743045806975
0.41644900502277521
0.42285073129549205
0.42653842711056833
0.4720686098616535
0.34373410395872755
0.40679935096974057
0.38289450185129764
0.42577662950732037
0.37774673119314595
0.38121789788924526
0.45598220764179265
0.36038361774605998
0.40610433227801268
0.39019023906638711
0.44578266377608317
0.42884017108674688
0.40727909863605516
0.44107222585094708
0.4902302479791994
0.46815797803559134
0.32214193900307603
0.37190565711624779
0.37788694750185992
0.38781344917291888
0.47803107749648149
0.34231957957795661
0.34451353988233369
0.41029180741055565
0.50635658876432754
0.3424725771694116
0.39000280153261002
0.4124565819740979
0.4407967884375526
0.38817551769912628
0.4090619681429436
0.34424652188697685
0.39465945085128962
0.43083754746133801
0.40584616412017466
0.37755786025578991
0.33372873734288938
0.35030902096219652
0.41240818276097302
0.68878300436905548
0.51096918068838459
0.39805301296419243
0.41469560328256122
0.43965842194311355
0.34712153298992027
0.40893107701279691
0.44367407735553732
0.40847040136386181
0.3911486237961575
0.33661481858261483
0.4922075470035977
0.33947750825586637
0.44367650984910451
0.31775761640264744
0.35407384269379216
0.46574027162245069
0.35441046428277467
0.42847798999987935
0.35825320532319221
0.29612823323513821
0.37381959833743605
0.41315052788312301
0.40095806445481252
0.46147655925265907
0.40322188668710529
0.37842152824832631
0.42514243345977776
0.50051028240677586
0.43870914092838431
0.36306690598957297
0.4280647039317349
0.37074503829539052
0.36155346494772228
0.44376048606700014
0.49121353601103068
0.43812828821412636
0.38063315621944294
0.44075263488482153
0.34557734412308827
0.55025664126855367
0.43347878463020373
0.3478272847840379
0.34696778724210775
0.29877483680997974
0.39645837061075756
0.27225184124289048
0.22542768205325681
0.40395476202543296
0.41769954665425185
0.34725920709564301
0.36959465495527161
0.45708443170221391
0.38557777530760806
0.39593737417619601
0.39054029676527274
0.39406212523274398
0.34143835731309985
0.32850728123987366
0.40392961872477146
0.50313995392236854
0.4373236088362884
0.39827955396147047
0.4396082197911626
0.44134813719369076
0.40616136859069113
0.31629096295768211
0.47159863462825907
0.40534401645142498
0.35338390255700713
0.3984339146494485
0.39242864572598818
0.26881668572661327
0.35798604312878085
0.57464700490001619
0.36466434710467099
0.45821432101078796
0.43959860780456139
0.37570876421738986
0.30056402221929102
0.36552900162193219
0.45530171083837673
0.25147192651020717
0.30566400721521669
0.32444197251708617
0.39493891900908518
0.29158921861855658
0.35397607482037663
0.33155633706124954
0.43199628211051877
0.34736655298459335
0.31054640875684159
0.28912614310621609
0.38735980653400826
0.32774112625952062
0.40988454752511105
0.43140040449137823
0.4231330355815025
0.29509844616485309
0.26816513153408245
0.37463381639192866
0.28747787985394901
0.28327254543149138
0.50344631856829525
0.29924733962419103
0.30944575085895154
0.31594700657995772
0.26460309060431375
0.40353707142995943
0.48266485292279609
0.22925329830808361
