768 6
110883544.58169633
0.49719689066561723
0.25885650201289251
0.24823655610255299
0.38584560277705499
0.34974175308430655
0.3907861453183224
0.35831783307212062
0.32537999714347154
0.37489417422350091
0.28311297333866631
0.36687611257298475
0.33639785662655208
0.24749235250957863
0.22918547473031931
0.33750395280887852
0.30669161168966264
0.33337646622477513
0.30644155152549568
0.30414295619382603
0.3751843915981849
0.44145928326450445
0.29806456392434078
0.40984612612281029
0.31627439552520603
0.30421917492771389
0.34182144808060178
0.31793464986659925
0.28265395863084913
0.31512109442323821
0.34428251311587638
0.31997927374975227
0.25720414900237065
0.26197437875181973
0.40361103803705833
0.37708951118546225
0.44284488938276334
0.4336965644852625
0.39059869417809523
0.39784769698525108
0.38001486780040483
0.40513601415514067
0.34531254770897185
0.40686296469956723
0.41825846862245869
0.3798204603216464
0.47300606682113572
0.33437433174959663
0.49312613921273685
0.39111045923920351
0.47482198549370069
0.4016624084963672
0.3995188408900826
0.45212775487782392
0.42450626256064233
0.39867106454783424
0.47496397145602476
0.3068381081201354
0.3907988609863991
0.39618555586465976
0.4371777116524192
0.46576095832388675
0.45695164133991639
0.3608831370195475
0.30760032568676682
0.33928198189394526
0.33094550424944702
0.36131616794375143
0.50226047081070413
0.49730330700920017
0.43154453858968689
0.3698459968446724
0.43982952709137357
0.36967226338059578
0.43800856671101696
0.42128891556323944
0.33588143514366847
0.42168541819873401
0.38171999722283007
0.41206510177143757
0.33219812745282112
0.38017147280380886
0.35278170198900466
0.38017166825414372
0.37961623987437382
0.41397298686068945
0.36915792035244271
0.43715352296222171
0.43681160679344649
0.46310378274701913
0.4165959950869404
0.42410376329551913
0.35228597967739028
0.36923854572656944
0.39527808165209527
0.37948885893326129
0.31973221819489228
0.32815197850419858
0.43314044368939902
0.49318635219072471
0.48441172968031726
0.41728861776908233
0.45413113802992888
0.42421699146085506
0.37858333276644224
0.40460558399357871
0.41887714746723648
0.3868017281291018
0.41870008948867488
0.35836947810396946
0.37402731925988675
0.31974923163838237
0.40386993295059392
0.43713724519245872
0.43493502072679247
0.5897388301420976
0.39348894097895459
0.40918641568283648
0.4886284790721882
0.41237850604355508
0.37504273855829146
0.4670376351635272
0.50731594580646899
0.43099412566198225
0.34091331159783145
0.36725092479963489
0.44798322881190683
0.40364635342769545
0.41693636444945048
0.39421545714181033
0.36207475854986626
0.46467612018111593
0.341921520175828
0.39788890334635674
0.38183930932859284
0.34608480394329927
0.30459991062835789
0.4267932883707079
0.4162237916098494
0.41355221159720457
0.35890722324802726
0.45516426241800223
0.43166928945322625
0.36473682755901893
0.37158043496562726
0.37745571195147887
0.4066951617649544
0.39866416596365489
0.47200747534986093
0.37894124073016655
0.38335237390682236
0.53732782174290106
0.43216551269346387
0.37362678012031203
0.48271679918341082
0.34715455657880567
0.39217985642823233
0.45384619579137975
0.422553626557856
0.34299938894438298
0.32620251403456862
0.46910183487850532
0.3822562977545968
0.4639296105653602
0.48480602547096563
0.37919412644463191
0.49050510041381667
0.41292286544277107
0.52557121248575622
0.37897792157159627
0.40117914767446805
0.39767582099569582
0.50949014441648477
0.42540962916699926
0.43900420247480865
0.42549195640725712
0.39586408209581486
0.38453576566532877
0.49466123594041833
0.40224945441208082
0.35258863733069462
0.29675039113153856
0.46409999868664564
0.47665296070147423
0.47543193903346598
0.55791287297538572
0.36825437020302121
0.3173096670866366
0.3206298521408707
0.38193695174650721
0.29404787367490515
0.39256866132440255
0.3747068342792787
0.35967749281136407
0.38833634574661846
0.40628798588989012
0.38735245137506946
0.35825693116160667
0.35964941693058766
0.38357900495798608
0.46028246995006311
0.30633058899004806
0.45708183738269365
0.41682440728441095
0.44254549742408134
0.41460611550079679
0.38553241516862191
0.55076834651714979
0.42421226986000143
0.39040870420257118
0.42993882091876623
0.33874908249642938
0.39112882978329633
0.42737766427274343
0.39864499517087032
0.39912718468484026
0.36552239670787146
0.3892579118542186
0.45094460441578366
0.35333609696502577
0.39654726721727662
0.321922489854995
0.39080195118731753
0.28549170792254941
0.30496468012385552
0.32954514309554284
0.39823668787920996
0.35189820487737694
0.35493155841819218
0.36582257220305819
0.4222043465636845
0.40050523613678096
0.43975154759770024
0.354864501992949
0.43124932041354319
0.50111611355935137
0.46590895379741587
0.3791797128312599
0.41190009863126542
0.34466589084832383
0.36059430483844929
0.27367767134067517
0.34434253962938416
0.37627244388767778
0.38034615263840643
0.36413999789945345
0.44735852140115678
0.33693648403539078
0.40019044242866519
0.36589250386712174
0.44631064964046824
0.32559730301574458
0.56814442746636418
0.35298209360684202
0.48341222762071978
0.44591498030804716
0.28404111362934958
0.29979343911405743
0.36997356282814325
0.40224710850038098
0.37042886430915922
0.32021797846301148
0.4143064538636721
0.39454286408813422
0.394857238667363
0.27545045067479407
0.47440835021190408
0.35169805158819351
0.34733254097450084
0.27454147292841691
0.36161182921128726
0.37549817546144859
0.4015089228659518
0.41182163069533612
0.40906265555892091
0.3780911814121472
0.46213297784136331
0.50835594046660071
0.45101324579298135
0.31832255266449322
0.3585928336297135
0.44087486467912945
0.34730316294188429
0.43586744650212628
0.41609943731675952
0.36102136794071271
0.39647704498484859
0.42988840980142845
0.36804310145309038
0.48969898380051624
0.31992159453377172
0.48084215717153583
0.40137187230091981
0.3666709594770623
0.37600526653297667
0.39221287092379592
0.37709955588635907
0.38623936446136742
0.53780646939800303
0.48278924574557214
0.33772344420281869
0.39858331500763727
0.30014592939368645
0.40133729677730146
0.45547678958069182
0.36499920622311383
0.54061833078815658
0.3468033243664651
0.26567887560195441
0.33491262233763436
0.39037735698112858
0.29769548294895221
0.41203218450995416
0.37514363426449487
0.37883925683124903
0.41822887826630745
0.61423751032701235
0.37680771858405243
0.37208141819847329
0.38869994695627419
0.33584066450350941
0.30969970351149023
0.33934184782973298
0.51403946750439755
0.45686522069508567
0.43049944125142631
0.39946867831850358
0.32329913245106962
0.42878106996937543
0.36492686087845788
0.3060652795887191
0.4553314778744938
0.42339647854821816
0.37373468734053661
0.36980818624410261
0.36545699264581488
0.42723191764059792
0.41727481394573102
0.44675963351663284
0.47387241038965822
0.37415764836881771
0.3146542560750929
0.3858727044438649
0.50263007844757079
0.45663568678510563
0.29680429540151859
0.4870927509846113
0.39617105738146069
0.34015868894596235
0.39096423944000358
0.34324663644089315
0.32555192963278773
0.30072256495325084
0.34108127105368358
0.48932978761594259
0.39002824017703702
0.408954912125226
0.3873634893887366
0.31663622029053212
0.3893222458878024
0.48887832129307979
0.3478957055260461
0.37591930688457742
0.45476483845614152
0.34465062786125283
0.42438372896071808
0.36215410037535578
0.45640350960277148
0.40701392723490515
0.37830525247987101
0.39262398176608126
0.4029193351308975
0.40092998236258043
0.40420729805857891
0.53406966935961919
0.36797926118771651
0.447855542146403
0.38603263993294468
0.33629558953281574
0.31802449301463803
0.38199759087058299
0.43699631487451901
0.34010815184477017
0.41927833046320262
0.40392163986278379
0.30579096043913906
0.42037401083103026
0.43039297586792558
0.4261370265561607
0.3910809321351103
0.45438570734926642
0.45154108556893635
0.32602031075608029
0.30121981476766974
0.45413014280192021
0.41180879273714821
0.48554038581170356
0.32498792307202717
0.46576358210726254
0.34013768246563336
0.36992669086984609
0.349969271045111
0.39652830209698475
0.39623681296703428
0.55563123484772825
0.41237154112169061
0.45325567048250343
0.45933322551280509
0.53552807872777342
0.31574882783051544
0.43824860716231723
0.38343167155235475
0.39887569855521521
0.48853700276384893
0.34306104790576086
0.45664209074125967
0.29264808407816301
0.31131205190992894
0.27823687187565782
0.44731422020649186
0.37243875693345119
0.38430985432312231
0.31156833104814441
0.34297360462319748
0.43328297851674069
0.38105299630294059
0.41256024966944943
0.35056960732994241
0.43107550444309195
0.37582581095416001
0.44907577347242933
0.42986936290772171
0.32659362175030116
0.39610515674190433
0.47407261751161378
0.40334809370972741
0.4031962109033872
0.42347566045574531
0.43219103584069368
0.39491535277899592
0.40655862703880546
0.54789580312084274
0.36264279937641969
0.38026460774662063
0.36727248388643347
0.57994169978675747
0.37052380870931034
0.33536156879448803
0.37341695541085557
0.35938722999416406
0.38623944456703707
0.38842565694826947
0.3872518966852293
0.37730946314689195
0.4837401954162156
0.48373230596143946
0.4421321223243127
0.41344157071280879
0.43378126730119215
0.41208238826934485
0.4019109658879112
0.33195616674758527
0.33627896429820048
0.34817039799602212
0.38817905886490955
0.41450561102139993
0.34889956299910602
0.39044854730921813
0.52273250398495608
0.36549295548267385
0.40595971064073094
0.46406884707110091
0.35733746342138439
0.4752355607254421
0.39176108292714645
0.51022330992086573
0.48293485459930513
0.4307875287417936
0.40202476541686005
0.34810154855575415
0.36275300388243958
0.3289723046043258
0.38201191551691133
0.34893335928894931
0.39649629090853106
0.40549219418999694
0.34733747933070908
0.3487190035471075
0.41447257937287235
0.41639457817854864
0.38082407512424321
0.38286560991076746
0.36027594474704144
0.31005202494123368
0.38869304973101237
0.435268942998428
0.32260064504149544
0.36549485285924616
0.43816034560534262
0.38425509403477937
0.45168591421924043
0.4576460257954677
0.47276889944494205
0.37662838042060842
0.36371158922648117
0.35338534688123768
0.39319420124172927
0.41085731599193198
0.3884220511093473
0.46562933617358393
0.46480518708595675
0.41164016895113542
0.34844192644658217
0.30284417255892615
0.46328526962407679
0.35782926801725068
0.32841550573003575
0.3928205050120771
0.22238359155315562
0.41303042851011895
0.41038631177216167
0.43007307226232327
0.43206798638449762
0.44623899729489153
0.39508108224987226
0.29789920569549483
0.5420345142851255
0.45145416290776175
0.31270448567043996
0.45287263164736802
0.41802457714232716
0.25810231852338456
0.36480309629179902
0.46257321888030101
0.37542813037828687
0.34308263233079406
0.39857574069819701
0.41243216344989209
0.34946509349781574
0.33621264632155184
0.42504312862099308
0.42456867005353516
0.33861619756801403
0.3591120647438299
0.24098669033277365
0.26815034884874095
0.47841077266652643
0.38498551529064218
0.42711583366225897
0.34279728224191064
0.43001229279457631
0.36617345486905928
0.39256312276486188
0.38021428549895481
0.35850184509432809
0.48045723408703017
0.36744220240123471
0.35034532158379733
0.44913707676658243
0.3714889896125218
0.36766272075273548
0.49962526159334547
0.38483298197162147
0.29273989773621822
0.36363631477554009
0.36255770931522802
0.31035277795203092
0.39207367349777406
0.51186604503242927
0.38908623480185078
0.37265754845534449
0.53394525107734037
0.33007453381303625
0.42862119205242877
0.38858477184245216
0.41235619485902314
0.42483064828962935
0.32491294036934615
0.35318516538704459
0.39371000376871934
0.33527325917117179
0.51605818286699778
0.30721884557756951
0.41142843013675223
0.47972062355643746
0.46312655147459136
0.32849950350761814
0.44134093964133181
0.490199393116445
0.38291008522248104
0.34115526446376643
0.36699094762108847
0.41857418597951074
0.37293164790842109
0.48857149750610596
0.40106544973969632
0.38113698218087655
0.33616324134048525
0.31623620119213364
0.39384858886289059
0.35496417150441589
0.3262467776011449
0.47481629363278594
0.31466151540930437
0.39023097225959591
0.37743514158384478
0.39487741314786001
0.42221774730832734
0.25503847654673345
0.32675314706003461
0.35503232852892319
0.39560465173513598
0.38915230862669165
0.41368890133581421
0.44230666053740086
0.40155607117177539
0.37984674625508297
0.53364572899526885
0.4526414638731861
0.33453964914335932
0.3294434897606931
0.37528598396836066
0.41094399916850316
0.41135919556060235
0.34426509560909491
0.34029904719735382
0.45201372546138791
0.36416367893817519
0.32425861424962604
0.32795665212324254
0.4584297250269963
0.42633727334885346
0.29719699319036419
0.41156486712204515
0.42596443093308722
0.35949920565911231
0.40959558713274763
0.36549074117534508
0.42033014916014794
0.30634209576177085
0.31981635346446657
0.37134539474607259
0.47913084333234379
0.3915980700404762
0.36789904486729358
0.46952509393434616
0.34868710551749904
0.32374864704924783
0.38730618927949967
0.37574849064255966
0.41177518940839503
0.42038015933963852
0.37035605175806879
0.37381762350946557
0.39015935010825542
0.30451909501806523
0.44060685486329232
0.42209288920716248
0.44618908783019096
0.41079945368008852
0.39192628402133389
0.44153255903639999
0.36338507564646388
0.43682198074512413
0.38229695864195262
0.3873860848211586
0.41490791234523422
0.39903766687907594
0.44389281930217889
0.42705406186759759
0.41498567322227375
0.47603408314822643
0.32446984195025491
0.32662168089363197
0.40414573229941519
0.37278414494780859
0.36707728930542721
0.41871236060593897
0.36544654868994608
0.41399286586273815
0.55292447629603947
0.40972785442846787
0.36395685047998444
0.36108963690294604
0.37347206769871721
0.35942499991073001
0.42335501782776108
0.32193357574675291
0.45127350639719582
0.38557252765137451
0.4180022841598463
0.47464825208522549
0.43136136065374858
0.51021368744899598
0.30853091515522341
0.37258412190427248
0.54493753738676964
0.4094088720386499
0.39113647969923043
0.35022159622114413
0.33947566950818381
0.38050112986629903
0.42661629395765804
0.40009423209266687
0.29917654405891347
0.27819431459096411
0.51633119146836837
0.43773197614017278
0.31388217500190091
0.44644016113302037
0.37261445928693321
0.44667811633481108
0.37887201306456436
0.39672021759331977
0.35246994761758704
0.53081085532906913
0.41321630496885625
0.43528454236968206
0.39737345436926863
0.47529235656108731
0.36365933814969181
0.3644061208391392
0.42411640047225513
0.39615911833515799
0.38284126120884182
0.43837179456336939
0.51715206503551547
0.39688279989487923
0.3614848701732869
0.36894423461953924
0.41665129658543065
0.41332026705864278
0.300306495472764
0.37170776866994371
0.40618303767675334
0.4055305045259382
0.28154846189863186
0.34771847491640318
0.42370853871700226
0.49262232177234155
0.4405475870478649
0.39166109443813246
0.3684348509670044
0.43785392363017783
0.36913003509281689
0.39156745224370521
0.40376882247709067
0.312041866276701
0.38638432986256815
0.42345679987179879
0.35728538929780806
0.43924726973888373
0.40343592531238254
0.44603549624123856
0.43527915790962735
0.45550704342607856
0.39667655459492995
0.32650734787566998
0.42168720513807556
0.41054042773708632
0.36050080820834707
0.33267935981330143
0.33445253893071575
0.49950440247475547
0.35704734099579932
0.38379006340179705
0.41078008279281686
0.51041467570007004
0.50347904126637211
0.40400587211355499
0.40234206482525431
0.42542513855121189
0.35407944701842758
0.3020638949526428
0.4123725228436162
0.43168884366763527
0.34710068280709472
0.31606372453802756
0.50466773559913292
0.40409661851003853
0.52858384627361688
0.38076561014813681
0.39003905942958228
0.44380874692872024
0.68462782092918584
0.39819602480029048
0.30829649338506704
0.39486581362341833
0.40590102505255837
0.56875935108431164
0.36732886312181445
0.39998495878479629
0.52166293057909763
0.41358582621777662
0.46623727651953567
0.33582189081605407
0.42700175728989304
0.43423979127422596
0.47172170396100699
0.42129813128868543
0.56413653761750349
0.26981681145692993
0.43295541723114661
0.35197549022608865
0.3962433811863183
0.36458674230564003
0.40139657624414959
0.30167834131689131
0.3708514645657276
0.37415147541006527
0.44721753183750018
0.3867227617213953
0.43972763013849947
0.39459172448436491
0.31972299712533103
0.39334110740011791
0.38531656690490335
0.57621437065584902
0.46912420874118871
0.39256684213992649
0.49165030925118902
0.42350744270790702
0.44747031911029717
0.46677919936595136
0.43890769353079667
0.36076848552854635
0.34234316603031384
0.3840967298536323
0.41368281340965812
0.36569704403344472
0.38470460185892463
0.40345003540244218
0.38573530835049002
0.26629527992100038
0.4551532391992516
0.48603311018087469
0.39575381150094563
0.41468525643421189
0.47445967907636533
0.47525231747373736
0.65890047631000337
0.53189758867769676
0.49056742205917969
0.58605637789149467
0.55356624407226318
0.38181973575372141
0.57707871701654601
0.37581614642889571
0.46118082764834689
0.35332499738299938
0.44442874015228095
0.4335682545985563
0.37321861876927231
0.42058497238313364
0.44481787212881357
0.4339700869873615
0.34608027440724992
0.42207728219016871
0.31996700513805049
0.38490060571138979
0.48652355775739276
0.66455592356280202
0.46090475027185368
0.35840135995605232
0.26517793090845521
0.31541659777816161
0.4367238090698265
0.43980631433037831
0.4536100511210826
0.36399013221725252
0.3812544674705739
0.33612368793788677
0.38503054970971856
0.4229196424969151
0.41206678780938349
0.42315343636207398
0.38112860385863373
0.45154830627239495
0.45248788646376886
0.38248798462327116
0.34424813222260758
0.39684373632806036
0.44071105620552026
0.33717910679029184
0.31003056535522389
0.4424663352684457
0.46551846635082117
0.39497510935323832
0.51326493803413675
0.38146781793347895
0.40454559616645086
0.38717082786212337
0.56931899408017683
0.44632056170888684
0.34012552744212377
0.3367912152792637
0.27248304155642283
0.27027943714686392
0.42607384007791577
0.34590175143922824
0.36713839957093014
0.37653328180968038
0.35144498249521267
0.36384345414026464
0.38847106794147812
0.40118753861389883
0.41489101913021603
0.49880268114875126
0.34222117663145379
0.3036703670842496
0.35133781917306678
0.48311187800077521
0.29912288361264261
0.49403891861581889
0.36983100151050724
0.42966042425656514
0.333865528091359
0.4323841575934716
0.30483494994922183
0.33908238369638133
0.50716920667878462
0.53975536631195931
0.48251492706467708
0.43305873575117082
0.606105493437325
0.43914889033960564
0.38534783859632893
0.40348303400893754
0.4366812560110363
0.30095451832827197
0.4118076896808287
0.43360587328322076
0.3387818014209194
0.36572079477578995
0.38514099428445486
0.3389039213610926
0.44304023423269723
0.41235749193338789
0.38233944889373678
0.46829406657671363
0.44599761835592822
0.41695987619989378
0.39420357144795104
0.38371269104832634
0.43108307217115277
0.38034685443721294
0.44652879114123817
0.3585910585515239
0.33792742127294717
0.48599841310192227
0.31420312527060118
0.38358770169973971
0.40077997275257415
0.55624118412117796
0.40514289139179582
0.66343765381656561
0.36556097648702485
0.43517126305891751
0.35145196871692808
0.49982121644029387
0.29348559699156901
0.32881798779336918
0.32883136212591857
0.53758219307695831
0.42297242235206617
0.43668812048402067
0.61230935288159594
0.41122343994394173
0.35350032368423373
0.36765893766389185
0.36129323351953818
0.4011067560513068
0.54322413403802994
0.40780932017239563
0.36808002728825145
0.4722723296927146
0.45749329274043915
0.41294387301331686
0.32421699963381473
0.2792851107032468
0.38242578137331318
0.35371336013629678
0.41060353175072395
0.42347680599978382
0.40710259019489098
0.43106232428832436
0.3609036670201563
0.31557755758023798
0.41904273515216611
0.37748232604650395
0.41299831361499523
0.36963819673104897
0.27174329681133141
0.21116574558750334
0.30578462978594867
0.41060093085232446
0.38238886949906042
0.37569107142902652
0.2116151868624499
0.28827390570727951
0.25375372942395863
0.49249747684987283
0.40086422541859451
0.3658902426377838
0.29481969690146448
0.24271180890079549
0.3178018061751951
0.3253867762318296
0.34401139458889168
0.30596974872995503
0.49229978234485372
0.32298360017893463
0.23011832315196998
0.30283810827954316
0.21007598282993006
0.3803134695133556
0.27419099524260987
0.34798216708578761
0.3325823087278591
0.23368255878797023
0.32740072203096604
0.41534962651056928
0.3345333535307452
0.19209801969076445
0.23732768022141171
0.40324807335384161
0.3916988172774733
0.55999066311336643
0.41599331385752319
0.38898102155878039
0.56311773755656469
0.34893999802681663
0.3813767709845361
0.40752979339914613
0.39748183225765699
0.37367867008798317
0.38085699675417756
0.55610169983243896
0.39616395065114657
0.52918130067051217
0.34594762486519726
0.32706150071130996
0.38154414784034701
0.47543927858081569
0.38319887090821725
0.36773526192066774
0.37619758620766119
0.41175863149170117
0.34580881673442865
0.34384423272633652
0.39425327284334039
0.4345177875649352
0.3607224018049961
0.36308992285972613
0.411622326265565
0.5607471804035572
0.32523668014272955
0.36759524946328204
0.40681550436268737
0.51541011434694795
0.45613129851505763
0.44493504357535391
0.45818373863388073
0.54328880100402976
0.50964857775931471
0.48502563351690003
0.47284602983203688
0.50159312113456844
0.52656529805221886
0.48659286086940695
0.5926155040203327
0.48792030790347352
0.50712399296369803
0.54176516505917072
0.54831465154236581
0.49014359949630415
0.48655393187421969
0.54816088009750497
0.4408117075299024
0.5309642967955619
0.50954807963232984
0.41439420390257092
0.46251869648365423
0.51841688176998757
0.55789423670658689
0.50941301888120805
0.51800270013885663
0.50132160955402283
0.46334768870452908
0.43733031103160214
0.46732827963785273
0.58361873623079907
0.5446814234878059
0.53690659101947646
0.47553238387199454
0.45342503733674594
0.53326695775097577
0.54917254304677676
0.48867718624594242
0.50854393046513369
0.39385277716237294
0.46401520172799138
0.53690278492819377
0.47479277874503228
0.48940567492796194
0.54355690313577609
0.51663321874395418
0.51693225809004317
0.50434566693367711
0.51100744431875511
0.59217151536914447
0.41039966512938536
0.45648498219525846
0.44606729580141879
0.50869015299600195
0.49490752115898168
0.48839332070654218
0.4859537461847101
0.44684432477497538
0.51632752052195707
0.4895392500720831
0.41709507429594489
0.49828818977627415
0.47803127489105207
0.40797389125009587
0.48260572081127351
0.61064539798089656
0.57266950485562196
0.55249285304477991
0.38723893934059261
0.52888853505327571
0.63759534123942785
0.48931784153916374
0.40850104651253266
0.5222278721673187
0.46197410238894943
0.59806931558856347
0.54219276511882497
0.44620398993316218
0.57150932029674395
0.45757405997609968
0.43795223718924087
0.48669294895503074
0.51974473931713883
0.49749272608290512
0.5483471712802841
0.54016516470389242
0.51894208821429233
0.50947044282325593
0.45685547424581374
0.50852963345946278
0.49197998524752551
0.43082547953449002
0.46512544722142291
0.52601164008536805
0.54041907343162321
0.5320091754870625
0.47413308115257385
0.57536622704621654
0.58584792178460554
0.47666625313841227
0.52953193004642085
0.52049467086581458
0.51514545388078059
0.51762138793156498
0.41168192854999103
0.51933509080955575
0.47128184753422298
0.49354885679961025
0.52222084389099166
0.5033615082476034
0.42607910511933739
0.5636305933904624
0.59037508213717016
0.53090516552453448
0.46828449226084096
0.50953293036383773
0.49187207030733138
0.55885285215562919
0.55197236707870379
0.45609913695130194
0.58213342923963296
0.51561294072057284
0.49396293341816933
0.38283315850498645
0.36883477728591246
0.4625677196285799
0.48872611530345045
0.46513025365570332
0.57534205741347022
0.49674906551041059
0.56788152535820791
0.55591635976690357
0.48825769454684542
0.42886818837130419
0.53111008484836142
0.51471626363579492
0.50402057640199571
0.45706410307724915
0.48495014048960944
0.56269645889251041
0.52272832538241942
0.50650301422555932
0.51854383337503496
0.42411832754470419
0.39631028568102644
0.48132025432475767
0.50104155799125238
0.51007374254793081
0.53228596061354549
0.46451266617573023
0.46097835816983024
0.40657389798357124
0.50440326386779655
0.53419960730274652
0.41279941716402679
0.43368420050219381
0.47477042698280675
0.50486212061532232
0.44716564592263924
0.51677857245696168
0.49401878714380965
0.533508400733822
0.54166207942091671
0.45974060525491217
0.47762225102478545
0.50176847358256804
0.53318719499082912
0.47910049476313077
0.47460157346021009
0.48923295800523053
0.47062688764532024
0.50178570808787504
0.50541925550492861
0.42193285532582658
0.54303258134026222
0.56176279541573093
0.52674522475579155
0.51795890940034228
0.48742116302880423
0.47183879970679204
0.57304519629686679
0.501365517340432
0.52158067342156889
0.47800104644432839
0.51011716031863941
0.55994458706923433
0.48006552781281592
0.41846987574252648
0.39380540100688577
0.48532783785756684
0.59488435572335441
0.55741210862256196
0.49325168497106248
0.45203574154132176
0.53757494779458659
0.44996799800370457
0.43175872515529118
0.49703333163025193
0.57383727915219729
0.48236597451101759
0.48279123142200747
0.5390849285119681
0.43659485914758306
0.46900056791804212
0.47449009535544334
0.5788860137272851
0.51207534770334828
0.49711229979936328
0.46921078240719361
0.55825095186206475
0.54225170654988675
0.43438446430869199
0.47044207369824664
0.57441372023199144
0.47335622606793049
0.49504184996853057
0.4957077896671474
0.51772644442923188
0.50138882885550884
0.40101050058631443
0.39213127829604055
0.49476994084847992
0.52454038782407497
0.44405371026984852
0.48493800798738035
0.51410757800481433
0.63599039422532933
0.48024038125734275
0.44697151180355421
0.39920279583073848
0.47972828834796377
0.46644594406973933
0.49770745516678394
0.40148734214784232
0.53752992443881908
0.56393365399892414
0.5084028228403763
0.55864377202757143
0.46511331136094802
0.45734456244495686
0.52059983106760244
0.52122294842165651
0.51304262474767359
0.46947724804939089
0.55161021754938167
0.33777250228513733
0.47591536633424369
0.49049329386963086
0.4302839393835321
0.4171307749273413
0.48827389101917629
0.2970378191526431
0.43340197418046394
0.56066825062722647
0.45515733463952041
0.48846388506609434
0.48060124413934485
0.49522489473572173
0.43796122084722311
0.45038758392335138
0.53014085595292082
0.50771883825687925
0.63953505287061796
0.59136802932123944
0.59971109808279166
0.52807499828596627
0.37569035360222458
0.46069738373727459
0.51262111309095193
0.43532239295372266
0.48552039293855537
0.43314715020201416
0.48938934360270919
0.47779756066469159
0.49808443169745614
0.48300690438199784
0.55452933227929246
0.49371002085199661
0.4938109635431065
0.47568751813706228
0.55797800074903137
0.45226435984392371
0.43632385761976683
0.37575653399678588
0.40674557651528653
0.45207147431163208
0.48447195429927087
0.54522681251573168
0.53761418022632201
0.43905170323473725
0.60297519970444002
0.43265868697369364
0.40977069662252963
0.50898008266649397
0.48153959630913734
0.49224260125346664
0.56913409357380484
0.52757031099582141
0.50795383655046389
0.43044493792084398
0.52920668730070775
0.5345630809748263
0.43877943304697126
0.51086566038192882
0.50364371611764769
0.55484411754956231
0.47359495620017644
0.4718627268168471
0.40607629927960054
0.47784472705751302
0.38516728430530295
0.5479312706306636
0.57859361179214586
0.52695417634525499
0.59174438257476847
0.45349568751712549
0.47737645103141646
0.49314796931027449
0.54641527171489335
0.52973693509548336
0.54286729453715099
0.4842374167713806
0.42614582067997464
0.54400837694987958
0.50726370847029045
0.54836392250796451
0.4971425042328963
0.46337545372515687
0.54175295654629396
0.52759365417232507
0.51925061960229824
0.52915583043224435
0.44449091413596636
0.61008419814193859
0.51104392322161973
0.55656771292555052
0.46375511890723475
0.47807631528892103
0.4795614243515513
0.45769152281491227
0.54213485379495319
0.51107971965236221
0.50367355028764449
0.53887584823146117
0.47524352227831601
0.58961122518800124
0.5399636182523897
0.32427548189369204
0.45438752393200416
0.44516983951706085
0.53277452354960164
0.5250379581065282
0.47120423682796997
0.45481792968004536
0.4578742823587344
0.49539788659525141
0.54643431160474343
0.58527472225461419
0.45187657300535811
0.4368285470145718
0.50076885955485173
0.4517555268926251
0.50917882354022226
0.32166222293313451
0.48997040965706945
0.42851469955406707
0.44075533352819168
0.52540144135333755
0.48678750120607944
0.53860176914030089
0.62068683330869834
0.42714432319614026
0.41300371632345551
0.52717486798891844
0.48187885630535437
0.39096423867997104
0.51244571482498158
0.46129803909286865
0.45726130165359197
0.42161088179422807
0.41500843471855103
0.44946114167157625
0.46109732771688361
0.57690152002648332
0.42501003286724076
0.49577181507952278
0.4318788259760713
0.41429973108848528
0.47029226816437553
0.52054654853691229
0.53258637296835065
0.52054997435485417
0.39215568660844607
0.49863658458239718
0.44618202296816289
0.48415654671627811
0.47608803671999339
0.44537231739132438
0.51972537534804519
0.42750424975215223
0.5369086589703449
0.49859399608173577
0.50897209754331318
0.43036524819626759
0.50434445298991415
0.5490217120872749
0.5315887016667048
0.5632509047503772
0.46249674805765856
0.50564958369871338
0.5710259796733973
0.41242675253531713
0.49679979777398642
0.40577489744203787
0.56305390503266339
0.45895659448584608
0.54986805294026109
0.46188033526616268
0.50366472179327804
0.53331401203026496
0.56605447751550053
0.38974867716374978
0.52074252472321148
0.49751842922054718
0.56285753609599753
0.5076624338701623
0.45321189418166652
0.48450498244871998
0.52195729687245396
0.46648094749399227
0.59978490227906522
0.48923608533533841
0.4574179804446446
0.56945972606124973
0.46563079986567896
0.54171570729000418
0.55373565412177306
0.47804467917190813
0.48135149394323828
0.44736273596324672
0.49588184026848398
0.48578808315641403
0.56681668518139816
0.37548273359728679
0.34159060572135924
0.50849689292643474
0.45105125584465278
0.61914277761851022
0.49848691380108012
0.5090851546768711
0.49228996330561675
0.43027673621411278
0.51583738387307188
0.54810189450647795
0.41779730749402111
0.47451446851141166
0.49786979858447433
0.52028237218964379
0.48217447557957105
0.48222353580753397
0.45358670919056698
0.48282341588399413
0.4363489656243551
0.49473780314025756
0.46531600817901025
0.55960996235950689
0.51337019702679032
0.57290174302679864
0.44242980627066608
0.60657809882426872
0.50609026959544579
0.36502057058531484
0.54793568587460983
0.4740556279205162
0.47143931175975173
0.35953374579652692
0.36534639396017088
0.45465476088500684
0.47228104184429059
0.47842058990116498
0.4856796834591226
0.49641268752855894
0.46287669407236154
0.4622847114470181
0.52444715343940862
0.52940019537422711
0.52302262907484165
0.55349845382771279
0.45343136915548932
0.5638190767842548
0.44714096856378654
0.4870222244985617
0.49101747433797632
0.53436154748165043
0.55237815980067806
0.43250732361103322
0.53020898329000288
0.55086255088927394
0.58648432100471048
0.42905572683958149
0.48291438656013308
0.50486777581026843
0.52255704271919268
0.43475023842167404
0.61180776456274966
0.46637457135268767
0.46268374722057709
0.35399634432455579
0.37163295560052401
0.49175429273189269
0.46678452839650325
0.48244378482758099
0.39292170632011941
0.47998122636339968
0.54359976009614142
0.50218924360941875
0.53637942643875636
0.46411620866811804
0.46027435497991853
0.53638598683576566
0.53819498500866092
0.51572741203768468
0.50571689370361983
0.45542311546236275
0.51083497980211212
0.51479889239246712
0.44012293538784675
0.48266487405590014
0.43869485083518717
0.53439602759246774
0.44889639396085568
0.5458276051273423
0.43966609718144151
0.56053207824234286
0.46808083526102306
0.48887136582972968
0.56260091524435529
0.40635373722144619
0.5479599473176775
0.36628499970603379
0.36338318789915025
0.43647257164396586
0.42850225523056484
0.45014854183804659
0.48752409319954793
0.51630466730009061
0.51019601822988359
0.47382414497189507
0.47461963154513098
0.48765247018149671
0.48605534346514606
0.51806152259494009
0.48203981400759205
0.55191222615177249
0.57971192121113246
0.5034425756205444
0.68903281966980334
0.53009284851821448
0.5800098189041597
0.4969034265341567
0.57282104211210894
0.53648346425439297
0.57705229872029662
0.55321166201988869
0.49718835259871952
0.48783294714403536
0.53065887840260206
0.49733711827247695
0.43242177972175921
0.51551454058941837
0.4789702404193632
0.33550098973645825
0.37859413292645755
0.40534329789792484
0.54496914169370758
0.54473540889377114
0.47773888951584481
0.52913954825221776
0.46730824858763897
0.53256587457682902
0.38006129713945686
0.53669310653357882
0.4952663912631281
0.5065425632376036
0.53527044559651171
0.52223290033186842
0.54428770019498007
0.44288567273996893
0.54625120048751596
0.55229252010083885
0.48128350465218228
0.61624607765993622
0.31764782744376302
0.4788293648636881
0.48673618891824061
0.54435994590821024
0.47957690253650631
0.50588782097116014
0.59326737097512294
0.42508755040171081
0.51234139618160324
0.56949516673923528
0.4658208129918559
0.34424744446010686
0.42458634632339487
0.47543078504309322
0.56651028866113806
0.61384659921580709
0.51684415593291033
0.52833659728715032
0.56392013895012938
0.5173568775397408
0.44872798464599833
0.39919629021176734
0.49506484812861257
0.46952960414861805
0.38134376220263638
0.5719795230992728
0.59360243693700399
0.48500904155283536
0.47581360097615039
0.49144068266972535
0.51284908778912885
0.53703382785612763
0.44076093105402164
0.42505726202735217
0.48868358798490535
0.49985441446846018
0.42718937293653964
0.51052869723992012
0.50925214329324264
0.45550404599006905
0.50024216050854242
0.53563487229305118
0.50167639005085851
0.38946823563875926
0.32937784684618093
0.49966191763542284
0.52562991339394793
0.51693752922281744
0.46130023814592575
0.45540445040439026
0.54496046043487889
0.48923536876384083
0.47449083834650019
0.54556194785352863
0.52334765370400393
0.53544770658261898
0.50236849909443615
0.50820107241491397
0.40421835581384219
0.51076390798692073
0.53677956301231233
0.5280653496513642
0.42651050042703931
0.54947249305760726
0.57134624258430311
0.42238710630109777
0.53456173483692504
0.47555302544075573
0.37910365450922939
0.31859198275900863
0.5441870847174739
0.52950444763403837
0.56033761424901352
0.54897427768239782
0.49235162751112793
0.41316555461543075
0.42482670752760854
0.5529583907076665
0.4623656358540229
0.49310054515333701
0.41897632251483907
0.48093893889837341
0.53845054732292041
0.5209038270180677
0.49334515751504687
0.50933824223065793
0.45861867186755001
0.46374489965542121
0.48221889166498522
0.45859987856999745
0.44870584666248331
0.4261609627451089
0.55535780594450179
0.44767933731798409
0.5652559256682278
0.51622166044724349
0.54983680496542753
0.4651192567246526
0.47988098740701607
0.41098636847822506
0.44714460251317995
0.44612820866224123
0.41569699436154423
0.50963357489842176
0.44284724423415056
0.4937635514635294
0.57179272342948073
0.37280020320050178
0.34889375323480459
0.52171515945615676
0.43774323701896561
0.52510287427960645
0.47225727599032874
0.52514448689351989
0.52453255557552925
0.44155343161191507
0.45130723338454326
0.51894946853754131
0.51129318026850445
0.47501911489117471
0.4259305671496747
0.57028992949842039
0.49875124971470108
0.47207631716686044
0.53328749759213434
0.38069446247543598
0.48246348722185362
0.34609523703459411
0.62456968040075134
0.32906225617352713
0.50118226015528722
0.48139213313637547
0.532048579220462
0.44264153837340714
0.51408930163257494
0.39921519026191726
0.48526115332234815
0.49130606381325792
0.48074025341099696
0.36277279869410001
0.42883730416839555
0.65146595430384813
0.43521673643385167
0.47686434442343012
0.51062291606149013
0.46197888642292789
0.45863477678804759
0.58158102108806942
0.44747091522831411
0.50654712976533711
0.45079499243872179
0.45667137531830648
0.46110608149187499
0.53850625147079301
0.49005664924412584
0.49933220352493524
0.56098692925462812
0.51152375883733847
0.44527323095378668
0.45810639681272419
0.50920090080463731
0.43028799958845093
0.4722300234475133
0.53220718654215105
0.42232326436362433
0.49647013434538434
0.43162432083499397
0.50274936561740668
0.50925925140563677
0.542720808671451
0.49170789344978383
0.48799427799793343
0.43673405271461108
0.52664084681882406
0.45210435848902591
0.53520087682136064
0.45577310911053853
0.55788401720452718
0.59385599905713893
0.43052943936189253
0.48852683306696754
0.47422772633092519
0.52838621948582332
0.54558434554744362
0.55535820393909341
0.46337660019887517
0.51310998724128554
0.51378905133984509
0.54471338533987046
0.56284922784610569
0.53078085374790829
0.46261201477718916
0.53650372880095032
0.52163500666992768
0.4903716143724291
0.48738340516451439
0.41992592876563872
0.55585947061156871
0.59462221523436465
0.42479363279626015
0.47665946180004598
0.46521221303618354
0.47537728111734806
0.36698644602090386
0.50993033740525451
0.46437439082055371
0.43330216571332625
0.56096854684775743
0.40605753887050844
0.48206329729925435
0.61802830682103405
0.4667109474368924
0.47021964114226428
0.49410093933577226
0.45293991725893845
0.49143972183428597
0.55219567212751253
0.52376772802467686
0.48564688710229437
0.47980749948380297
0.60368828269153718
0.47173791233551249
0.40629851110366078
0.48034327199939209
0.57642824044107133
0.44319838200288098
0.51775361136753872
0.58844463309795081
0.51031507455878944
0.47818524062749673
0.49495800441604626
0.51357499110036253
0.50892015450455064
0.46838382610603402
0.5706568907339411
0.43109738817637144
0.34509382504953207
0.52088332292697304
0.41728064858922514
0.49515730497926685
0.59167211916576823
0.5564145012787185
0.54997261891826288
0.43663342698988644
0.51619369489291012
0.4646864764277478
0.48279510001539883
0.51093741836234563
0.47206271702432379
0.60489572374759892
0.53385917312101816
0.41120239548396953
0.43085139295785929
0.45946899336040148
0.52102009538866434
0.46616807342942179
0.46090756277484474
0.46584657517148298
0.50735103745824317
0.51959379547419515
0.48915637115282534
0.47527946017973843
0.47603972448878401
0.48287635277325336
0.54060029758213823
0.52296956992375043
0.50935819667046289
0.43690967965284511
0.4150985043053439
0.50528798211729209
0.5576908735679994
0.59413283788940818
0.56096246833044106
0.51389348315218286
0.51009936046140403
0.56030503702172429
0.53460361586443828
0.48014930820507745
0.47576440208152393
0.44447578063397825
0.50659721550172554
0.58899464956586312
0.51082473056611755
0.39115756583637878
0.48630084539088303
0.42203876846846217
0.45858975966342319
0.53162209986887721
0.49135004575784841
0.46045937674950838
0.43389549570388247
0.59436086020174894
0.53630826859696579
0.44246587474032084
0.5162831259321814
0.5168727086571947
0.51795367508990375
0.39358721704599792
0.55027897975643159
0.34177370009744579
0.42339217228936127
0.5254956332414874
0.48050123190158534
0.47739400129879161
0.51230818194395678
0.50620277083190579
0.45696933046626725
0.48108011470288625
0.5506815469655566
0.5753370442030693
0.50305174929221508
0.49263347741137054
0.49879418067159809
0.47446492936578649
0.55706676817649792
0.58509803419425421
0.5025673866981416
0.54386277354109391
0.59003684755786412
0.59167222686291032
0.49692478972632625
0.51383661446630224
0.44170486932307668
0.54108608899246213
0.48999035225551762
0.47266357503810358
0.43272108554240407
0.48280690919072727
0.53900743404685281
0.49681190304180778
0.50045980849576654
0.39073943057496047
0.39108938985546771
0.45367196443806573
0.49086668329359429
0.42950572891026639
0.48430982075474532
0.55205376738643785
0.47192491311620144
0.55031461952122929
0.4700934330241856
0.5381083003006637
0.50492738304532836
0.43425502218226025
0.4461805693557378
0.45988956862764707
0.51770274995658205
0.56360772685646743
0.54106461969408914
0.4720274536441732
0.42450691934217322
0.50807661296584916
0.4769845447632281
0.44277184460881341
0.52337766568220312
0.55758923815419981
0.5628468406223841
0.51014636730667884
0.46613381547772637
0.53007811436041363
0.59631790898885262
0.48524608306757899
0.50169472942679005
0.43759238073643086
0.27822172591066074
0.30631503581977831
0.34338404290144936
0.40357074677983429
0.54390734732484769
0.38741949215536264
0.42934034576147773
0.48943475795157321
0.3246158779807381
0.33253133931035805
0.39095801543537378
0.35671622718104445
0.36808774608050893
0.42520627951870754
0.36149452200924737
0.3811505376683344
0.41008940059350324
0.45340968065872372
0.38690378293103511
0.39858266950113308
0.38667328405859552
0.33148395420581572
0.3623917616099257
0.39893830696555244
0.41386578663923945
0.42071384345721041
0.46503329701313562
0.48263685991344196
0.40902285073949896
0.35521334047324166
0.3585049565290635
0.33017808733374149
0.31368610945133291
0.46129027905665815
0.39940853204580706
0.40071243154062286
0.50911048400001502
0.41894222907268425
0.38391235234464183
0.36453431988058516
0.42799797684665708
0.42749726677589484
0.41111324884458184
0.37751974377083625
0.40030673952378892
0.32202860967222069
0.50843521600616992
0.47392508542515804
0.34789586811740575
0.37198913696447466
0.39581483494278136
0.31437562569641231
0.40449466941445705
0.34199463202286712
0.35968722069343773
0.37567311602590381
0.44145132623601002
0.35089446784240458
0.33498754356868565
0.44635694679868676
0.41662199045721915
0.39379187695472195
0.37425032538703529
0.34102792272314103
0.52203481592588297
0.53101667181048218
0.48655539868144232
0.46937665815776664
0.49407624020190305
0.42468777944433256
0.59611356378639602
0.57468748673646319
0.46155666797510431
0.48699478458654311
0.47190915317538185
0.51095263666109247
0.62533295497023111
0.47434527251825931
0.50516513010573183
0.54285739891000862
0.55059265717746275
0.57075660948791318
0.50457971552924641
0.45976905246053762
0.53748630234549089
0.51673166691227501
0.57208668921699102
0.47650829328099531
0.52503413237776653
0.45626065591787074
0.56791488303368953
0.51366719337548605
0.62550093899226644
0.54696468678460985
0.53463589253021793
0.4006590940571676
0.46638770376171823
0.42345049919595412
0.50683414739550614
0.46410599738200031
0.49533041981260756
0.52158608353591474
0.54284975684902781
0.54502919239898495
0.51886866909470031
0.52127645166265613
0.49655288504298462
0.54249953811707363
0.55841258423512208
0.5544614336318322
0.55602023943277923
0.47706651532045069
0.43109962747653519
0.46775206917937284
0.52514179856979026
0.45061576238971851
0.54078435461619456
0.45061700663469473
0.43619357018503813
0.50224767908102019
0.51073318519090294
0.44947140728025192
0.57132008011045066
0.45527494193285523
0.46157114319488701
0.48723014145757415
0.54356027456743661
0.37904200746693179
0.45909636933837999
0.54078233168388501
0.56661460854020518
0.4371192669064729
0.56509654060175052
0.39000863270171182
0.50210030876595446
0.45235849078515855
0.52263499362659005
0.48686460133176335
0.52398767548843883
0.43223810732865892
0.51032339686133255
0.4556399933084827
0.43831036996069073
0.45713943310379312
0.60027385009959711
0.4233376847173585
0.4828586722926988
0.52566917471871633
0.39529746458282222
0.56818349358229492
0.5261086576609928
0.51340791155357846
0.56925169006911025
0.50500392886355316
0.4276172358211548
0.3889880356618915
0.53281207114364715
0.51303242454135989
0.47507417802930352
0.40694904640734036
0.34446771858726244
0.4673641017141909
0.49225195917410275
0.54801723145299297
0.46286143069159424
0.44828806645201047
0.48147788077365489
0.4675792010720955
0.46202012924682623
0.45184936450591828
0.42337343793788351
0.51873504260104453
0.51279746966205986
0.50683883010482911
0.58102575817837243
0.5250432289149306
0.49291055973218262
0.56247453499496214
0.5369139252174725
0.43456223782317505
0.52036130943682701
0.47237856904951492
0.51838202527959787
0.40770161260350168
0.48832648781538063
0.4861208789452755
0.39870499969152801
0.48073882712555321
0.47457036017369036
0.56843891805036839
0.42355628470361478
0.31289674173800425
0.55010745861808619
0.44778488149622481
0.48903516489727539
0.43356186585407797
0.49210849154495817
0.45242384082421239
0.53044095979230488
0.44844485048056659
0.51594984098737662
0.5140384272081403
0.53210311763989837
0.47815373227866431
0.47411057452603822
0.62958022980915118
0.51807703610444578
0.54994187138852746
0.53638243410341302
0.40064898617163791
0.42661966805904389
0.48675028993099917
0.56155445591073694
0.55666610293771313
0.34504001263837042
0.47431603157886809
0.52667161704373766
0.52729051144156447
0.53752171387130065
0.50556256667282984
0.49892827739604856
0.52966503713441293
0.40957928882119299
0.50215374304634264
0.44670082975062547
0.39917528659424817
0.50567574253311054
0.49566117104131779
0.52247141223998261
0.50743308510612151
0.54913614771611174
0.4871248538229494
0.48416624956898507
0.38253173896608816
0.46617075942759273
0.48813702421915012
0.44393230175756099
0.47129966608708201
0.43915134136233841
0.43173158192549155
0.62407087739925848
0.443909374032186
0.54202081221065823
0.51173267640129216
0.52407997885008251
0.50043633606824611
0.47013205205869701
0.39124801746695809
0.45078337740211294
0.4870744013902773
0.53750804311855771
0.67798426962412461
0.49888178147762169
0.54005104994518771
0.46867424910171307
0.33924039376166337
0.42266395151727559
0.44689601821088237
0.47313664504526165
0.52120877898667817
0.46259228231187771
0.56198572902772281
0.48424190062502764
0.5208456233041594
0.53406210617846106
0.5476207792537976
0.56528855228361929
0.53025816483840893
0.54069506629240704
0.48772916281935447
0.49275049670568183
0.51105406538507514
0.58004660918816098
0.57249335825283609
0.49574152176512642
0.47429871671280316
0.54235204697502248
0.46841046608533227
0.48306052518817089
0.48994631859556947
0.50897035787331923
0.50591714566891433
0.49502790544817682
0.43548007231399583
0.42140889165577616
0.59480090592363133
0.47544325669396614
0.46860618289249456
0.34283250562923023
0.44111298294591084
0.50733699598674931
0.4546565391351321
0.5985548238579661
0.50334648319358211
0.50498911261101043
0.5314644656524844
0.52981276440112213
0.42405489033604893
0.49007969885645419
0.58301108263501955
0.57707961915516348
0.53613459236731364
0.52643954767109413
0.45981026015355519
0.53936058256288055
0.4710657845932808
0.4363379676816736
0.52601886278297882
0.48690836475059135
0.46914174478419063
0.40776917244985317
0.47828541136469249
0.54537708590843181
0.61175149386481498
0.47624473762151337
0.45873741076014379
0.5422835537069457
0.42210746410583239
0.49730879657291804
0.45854282725191597
0.4446577608050738
0.52996057255537987
0.50994270292504296
0.44527818223203686
0.39603955286602205
0.50300966531018176
0.51022155497870236
0.48848678190957745
0.43727815711954576
0.50361409719856332
0.50165310160533105
0.44754611888006274
0.51320488678225595
0.38535170226499765
0.51385969727761149
0.43710461939634537
0.63774093526210662
0.41577456066262081
0.4919784312229552
0.53996157488653129
0.58156348470735886
0.50480484101116818
0.52377685577553457
0.55142279980745879
0.52449263967100057
0.43386054106953553
0.50467259400874842
0.56267061524702677
0.45065458397406011
0.46806841988787184
0.4762481888550425
0.41956745668036755
0.35397045974723274
0.49173220069513451
0.4587423206611857
0.51291225377815963
0.48807345778168293
0.5340973249779486
0.48129146133156542
0.50067434623164098
0.49505218604888307
0.49167889430538564
0.49148669492518271
0.53462590626308948
0.5041373755242049
0.56342267592202533
0.51566590607993201
0.51288815164804147
0.40710416189991416
0.5077653650148235
0.53424036096506733
0.47863139693242879
0.47949712297488606
0.51795794948509555
0.47376741462652999
0.53074175443814786
0.55226872331622179
0.50102297288955733
0.55115019103552176
0.45410497872640965
0.46041182275105064
0.46375810535593925
0.45865636560086948
0.39508730191299762
0.3168137313439055
0.49572449031239263
0.51006145736185926
0.55186042903561328
0.50305145521190564
0.44028114054127537
0.52641982234838058
0.55376529898248228
0.52787243126311545
0.5333312205054046
0.53951882455429512
0.47632444678021468
0.47551919011353982
0.53363062168954978
0.46790839438411763
0.50802091582239017
0.34230953582826651
0.52507654696161954
0.42603143358981971
0.57889223222918318
0.50366335706890564
0.58584620618838845
0.41797227568611789
0.49986619887022216
0.37824332200625094
0.40347371486283568
0.56068068329666487
0.48551166118015615
0.50642287028647981
0.4050949444407887
0.49655241704506486
0.39246425065853296
0.47844044478198555
0.55164773960066671
0.41939926850346515
0.52606278806367801
0.49458377185720132
0.52201034972403726
0.50915676147786171
0.54005248330089495
0.49999304226137131
0.49859029034648095
0.42476524999574866
0.45511372145182744
0.4164046277589602
0.51910962397372673
0.5619855176845967
0.52316384892884149
0.48898281329455845
0.51127344695537558
0.50321275044953939
0.5604989148204641
0.51661651486766269
0.59996925114314625
0.53247649006704811
0.48514448382196829
0.50621043277151379
0.55778875116302196
0.55644354464040102
0.47156451467157706
0.48012947653922233
0.55460646025989435
0.55163859072071963
0.42946799918959505
0.6366173487322786
0.54501791239581443
0.48525393227899033
0.54947028824104505
0.374013593310696
0.48822004521230211
0.52366926921150858
0.50885517499887245
0.50640839143013394
0.54366249149366219
0.45411325367145283
0.49816810216048418
0.51311085112922217
0.55374153813900451
0.54375250336303294
0.45372554101431867
0.58734444273557385
0.51103403800175662
0.56514246415974412
0.5061074992200455
0.55123771936770438
0.48098459010282968
0.53191049377796562
0.41347385014415983
0.50626983716784235
0.44949210784838173
0.47994681027636277
0.56880579031152179
0.49616616818179543
0.59790342371139826
0.57605523274283421
0.52524455113133084
0.37349985927665935
0.50876164369114929
0.60691071698140264
0.43666140785184526
0.57869432857564074
0.57382139050084657
0.50872708291794599
0.41538573015936453
0.58593550464966149
0.40442627741318227
0.50745166008612708
0.47204659322049408
0.54883940448553625
0.44966539163827685
0.44601683301604272
0.56414220380971436
0.5290731245637188
0.48823217792845897
0.49927261162650233
0.4620813694194007
0.51968504899714629
0.49045640533877705
0.50051307435410319
0.44000399976748183
0.48711363668148588
0.53232299371213077
0.52151077446394056
0.55284128622405615
0.48965186112597797
0.48763895244363753
0.44508201557133775
0.47101232541309768
0.46751297185384411
0.42061859125746998
0.52972880984119974
0.44836387217631413
0.49273789148458025
0.57445742632949826
0.45013843735007841
0.53393009685856874
0.51414337554987599
0.56145827944963755
0.47978550736655967
0.51083232015387836
0.529290801815824
0.46863975031735716
0.5284944460224783
0.5232516537576466
0.58268366270855743
0.46497478125225283
0.54298772266783379
0.4452478428295345
0.60962086252098635
0.43651423645561621
0.43138100714095262
0.50141756717415331
0.53534840644828452
0.49396386800122155
0.55156990894326874
0.50171916236991121
0.43469272965778427
0.46354232465979439
0.46070893001366015
0.39577709279713857
0.32539525339442466
0.51695535581990038
0.44806849462436826
0.46026694875336849
0.46041492613821688
0.5239867715849631
0.55529822768300063
0.41232654515596356
0.43128225536381892
0.40396798204939544
0.48043788905207907
0.48952447051047365
0.47961478448313849
0.53150587001939964
0.49047395166373697
0.45619637525267709
2.3124906494992006e-05
2.5387965201905498e-05
2.6726654502382089e-05
0.0050895013727159421
0.49363248359565126
0.40879816795219448
0.53382006834857287
0.43698950054211955
0.52088218341231196
0.40732087963033176
0.50206987940577319
0.50964332477513696
0.49823750861684751
0.5046926255516192
0.52944130412486268
0.38573026075594363
0.33460773161609852
0.59181032998593541
0.52022106841403037
0.56404535355896102
0.45310162408105464
0.47836150313629622
0.50726134772420639
0.50676803013516092
0.46599727427801568
0.47002816987411122
0.46968865977630919
0.43559805773228061
0.45786513792975048
0.47557404087574112
0.49908216136761852
2.3894435471055736e-05
2.3824369780313528e-05
2.2006605903057886e-05
2.4277300127643686e-05
2.6226594481702552e-05
0.22031786633137562
0.54196033748387595
0.42858763517423215
0.53145448634113102
0.48729105923047694
0.53856137122054804
0.54553437172524699
0.38207172783649024
0.4232444208749504
0.50484147235863019
0.51581606589644458
0.40770020955460928
0.32224167752118138
0.60408729287087404
0.49711850319256601
0.47981077533562871
0.50795195679687455
0.46923922082861225
0.55061958924962995
0.51227760474578665
0.5079205889494055
0.44666440064631369
0.48689400466010629
0.5557215750022354
0.44899882358754567
0.50218034517622512
0.50579642211877252
2.1866299729202091e-05
1.7033240520613752e-05
2.5161970285392232e-05
2.8164839407643508e-05
2.6355331069452229e-05
2.6509703731704827e-05
0.49439393579970675
0.50725227350076108
0.46643554096581735
0.48017738127234977
0.47563948889693308
0.40429936522587423
0.50628669452851904
0.53198996985463987
0.53721898742857632
0.48374952524660475
0.54296229746557545
0.36080132144886251
0.41886530812836781
0.50569172186424294
0.57520099922739543
0.58631161565724954
0.51898455803393828
0.48867281148847347
0.42691523760698269
0.49878178027312498
0.51236067403647922
0.56964196846806148
0.44635168590764301
0.51693777526193752
0.5280669882730179
0.51374979886852323
2.5581414066225888e-05
2.6538192882751013e-05
3.0402648945829648e-05
2.4792556642447165e-05
2.1210524013819216e-05
2.5885533143347385e-05
0.56788078844845857
0.54389629174700704
0.52170975198049141
0.47288469982327802
0.50310575899224885
0.3941088439407911
0.52688916126027363
0.47380709232751717
0.48556386869422991
0.53819541458908848
0.37932646459137997
0.3440462027082169
0.52543428816441839
0.44045534516187923
0.42832206923373367
0.47232623735046603
0.45938160160108116
0.59408658623239452
0.47379921778035999
0.46742493515415773
0.50315738258686116
0.60994758255733861
0.48275659988569641
0.51093269600759961
0.53713317474648703
0.39905248602513982
5.4573366737671665e-05
2.5566065609996706e-05
2.4378720289586835e-05
2.8502712805304262e-05
2.6568186736383142e-05
0.53333797469153377
0.60920821510343737
0.5481303649148872
0.44182202203026955
0.50541836535684548
0.44362744914119473
0.35314540100685865
0.50605975846588069
0.54462426930648344
0.51217584235950331
0.56975976247892057
0.42171686622016169
0.34688866280997721
0.5290315617776834
0.43471417029245918
0.53975872974560479
0.48937789947999005
0.60589751750375032
0.48719453590764961
0.48226147053815738
0.51195436159996288
0.49566982554776839
0.5583910279546529
0.4937578175993016
0.57143160354406641
0.46816512295851437
0.4823300649205946
0.48299082213761341
0.021090662441563202
2.7704915237219801e-05
2.8059468438217598e-05
0.47989107427583416
0.47178362114295108
0.50474376895622153
0.42106388659626282
0.5237155495887682
0.43413673408282111
0.51467164298385637
0.4711079170667396
0.45072137337774548
0.56178584336911308
0.5069788274049668
0.45266511687361399
0.40704852919849371
0.43960784677512815
0.4842997024208946
0.50590433918786637
0.4211583315775721
0.4743441743732027
0.42074936084983738
0.53176830406495357
0.48867094192651783
0.37763825899220388
0.52520389353322505
0.52554978218434378
0.51058722570480208
0.46129547126016424
0.48919343174262342
0.50383135535021895
0.51342883304388443
0.52192182824833233
0.4266818082448004
0.47319175575871886
0.45559528754832473
0.43213518036840859
0.57732036322660452
0.4786815634776686
0.48065489350627993
0.55884700764088324
0.50056110595495495
0.56888811772639003
0.48614354838960611
0.51790241586967334
0.50969810653093461
0.4593301234707452
0.49097584455721272
0.4641957136103097
0.48561659477590252
0.55232850260938926
0.4955576780701787
0.45792958197655181
0.55038375262541628
0.53660306911377753
0.49021222288236882
0.40389386971108115
0.50284755139273851
0.54195649554551883
0.49019748264275353
0.48026574374629499
0.37617522830297678
0.49091997970926482
0.54363720688109884
0.42454577448323227
0.52174429085180662
0.51207561264041757
0.48118095552060536
0.51121849206589576
0.49278350180999714
0.44227672455445816
0.46050550167909637
0.52273191797433882
0.54031396644280416
0.48225684975425348
0.50935075222883353
0.4892848851025749
0.49854162221225401
0.49945594681937844
0.40749638207711208
0.48246690810978571
0.41730846984685205
0.44960459168711758
0.46468606678029412
0.52488788410800802
0.55022169325272541
0.38239528473174816
0.50412072217567327
0.45281265445631025
0.51257624185604711
0.52217517110898237
0.49209220653948144
0.55828753458935843
0.46550372472001805
0.6202551955947414
0.53961653713283886
0.60905103198193156
0.50483599361290521
0.48401399032000442
0.42240043621466689
0.56653706341252397
0.53936354957828836
0.51205020792599698
0.53029639649171911
0.442623290571452
0.50804799946523727
0.51430210714299329
0.47979229441893173
0.48785295431930426
0.56223945903907857
0.5260169055159184
0.42824855369715764
0.37800106012417106
0.42800929884782452
0.56801793924042421
0.51050931576826941
0.55487506405164233
0.47952853804692597
0.54443741011932323
0.47970256621410007
0.54282099032392062
0.50528551743405714
0.41198096231508058
0.44481203214339571
0.46451674136156157
0.50035068103682223
0.46187426505156282
0.48844959711830338
0.53539652144951089
0.45449986004881204
0.46908744394171231
0.50508344380973458
0.50333780340340173
0.55737974101959553
0.46459427651172713
0.48333022975637835
0.54020964292958018
0.43917131944847371
0.48518723667116215
0.54832458716237065
0.52534489869112
0.44672259967060235
0.45641847658548063
0.45400495505141858
0.43840816505212066
0.43175003557031855
0.52093337703842191
0.45039485836642951
0.45778082418822963
0.5041737692901882
0.50955829603434288
0.55375730724754368
0.50038713757823483
0.4824400489651639
0.41222129080194231
0.46772269226360602
0.53364332848577922
0.485316505780789
0.5004581236076
0.51657773332058432
0.5081829223554396
0.51613905123140513
0.44916060235000421
0.24308230151699856
0.48457633390363747
0.55454812216630589
0.46965996893576334
0.55491943289473389
0.53312103844305958
0.51449073726483252
0.49502453264162016
0.48507140882404587
0.55767161115278419
0.51698046906281736
0.47302111369857897
0.35617526973493929
0.35354790007984249
0.444255453910675
0.50365639286050912
0.56074869704230745
0.47154234792439248
0.49284316250474569
0.41594691541973172
0.48521413316048778
0.55444069896066028
0.49436047626063451
0.52250699336859874
0.37803153020973945
0.51604576928365964
0.56157519269916734
0.56057350797378613
0.36838955111113175
0.54536467280752821
0.5331279521475365
0.51109848981218287
0.53683142230865721
0.49186886250944639
0.54387913755222783
0.55023452500056458
0.53516555043487002
0.54525359135337892
0.47908256344290095
0.39936468995995777
0.67813409903716126
0.49370797807458444
0.55020249974407476
0.51364606409142288
0.41559732272289246
0.45450840255371766
0.5012938026506798
0.54347740572095016
0.41812776524227246
0.5693760146894763
0.51175504738996058
0.49683258564210553
0.55674998923305641
0.56691093611448251
0.57126730535417536
0.47949156495305673
0.4668758414417537
0.56556071016508169
0.47911206213677787
0.55552985470383842
0.44877860813791243
0.54051289127126578
0.5809310362496779
0.397546828776564
0.62258215972510855
0.46709332105478585
0.52404362882682354
0.51085141653959121
0.4262483672384606
0.49334819746737485
0.50943842104446158
0.49330570509125199
0.53399879023394514
0.45597228712715482
0.51006071180812407
0.35230371851015124
0.40317582041664329
0.38371436796418723
0.50619243189402729
0.61622038006819724
0.50532944906685351
0.61762798272625108
0.5287864706863159
0.45988211778393334
0.45384400011390313
0.49631024966077752
0.47429493626982394
0.45642013510859974
0.57092106952968669
0.49136710659862193
0.51232501804585684
0.48026068884968875
0.45447410065777477
0.5602115781433652
0.45146290019290386
0.56307143343303934
0.50395111374047941
0.46596900235924382
0.47030938409640755
0.46853113976077948
0.54350696178561986
0.47313482610879887
0.46846321645151429
0.53631844577172438
0.46794461071287557
0.48152995085496519
0.48448544391463011
0.47047895499565034
0.36926103063825233
0.50114169935196629
0.53884629672162832
0.46057850731356692
0.47237332675239502
0.55769922928023896
0.43352336411284348
0.43290866667537475
0.52510730470665423
0.51396514197090504
0.47588297190793521
0.57574194011345758
0.33519631680988898
0.50799996428931138
0.44933030545639308
0.59788789516696084
0.51003741715616824
0.5602710093393608
0.52222223561403402
0.53028260621511425
0.47119625874087967
0.5296349148732421
0.49185378450691764
0.49778989370402649
0.54155149063766606
0.56453711530329231
0.46000376340247889
0.39264640156767383
0.41078396245702248
0.51552167325259612
0.55334164503772099
0.41545855546565319
0.56758618960118101
0.31659431567097018
0.47494194286502389
0.50657030624232402
0.32413669557744418
0.43617593621515782
0.41904861276815619
0.43866173121705054
0.38995670846969455
0.40716152242895814
0.45734106750314168
0.50832027129270618
0.34159971655582216
0.51681596184802525
0.34861875294812861
0.41935156675298729
0.45087448438894057
0.44326317753778627
0.39165088164999673
0.38852002681075493
0.35876221067922748
0.37121397308170184
0.43516031386992893
0.45856080174559244
0.38949728306562215
0.44322663654049138
0.53719349953994189
0.4057791055092243
0.42984385883199533
0.45107282729232745
0.3461113654859066
0.52157366788452553
0.20370256070699783
0.24832223081587457
0.34494374447029541
0.43298531252396982
0.31995209298790256
0.49190098106953206
0.3743400667460306
0.42836130766167774
0.39622695315368456
0.37273535584592093
0.38392506085300554
0.35877701972247084
0.31313014356396546
0.43321922338259611
0.38163677792735523
0.42191899294149227
0.48345818904567378
0.36636668258207788
0.53757403312540764
0.36115207404524408
0.45859487594906323
0.33999709932187244
0.39821680383739877
0.3699030231117495
0.43939493297705778
0.34497020251631849
0.39456994186502614
0.38928670923884168
0.34149989765115518
0.33652945462734696
0.39700611342072423
0.33004068316983187
0.30191369662679257
0.37875555173044279
0.4639330882274233
0.45711306476289071
0.50479008683262916
0.53477944568005165
0.48135295826128799
0.55729903219657462
0.52972691594038124
0.57932563847669838
0.49353536415926819
0.54239495592212772
0.51893280962900878
0.49137375848881826
0.52547537362337582
0.55289908844430091
0.48480171651708603
0.62047062600637914
0.51860524890599113
0.46313604901337091
0.43788429737782375
0.51365637876271408
0.48286158094086051
0.51136590741574295
0.5102215784804639
0.46230089716892342
0.45929502022089636
0.46818566709104986
0.45991810588894605
0.5049838929688697
0.45135445318164136
0.53319126167715369
0.46058195895342607
0.39065848479089621
0.51994979779392014
0.50702117839275984
0.52104240736562291
0.59561230983206048
0.51747909571272133
0.4602646021729247
0.44806319206098061
0.4916567685869076
0.45874709566751237
0.63437762138430631
0.55589140228991973
0.4567335048889522
0.52130329713597479
0.47162148401713821
0.53453001887380092
0.49067308365122936
0.55236368815602854
0.63637285554606682
0.53550626671084411
0.50236683310242924
0.44416486842851133
0.44336226484137298
0.48633412575274582
0.45182869206125803
0.41237621258467816
0.59712151686364257
0.50484755196195463
0.38725534031853065
0.50642497243737694
0.50594647557413952
0.39316439219063631
0.38205027834803623
0.55549892218389674
0.48801181155467932
0.57839293047661799
0.61950119672462023
0.40908027944498287
0.56093328431445288
0.57850209186248958
0.42381212830676773
0.57507965547041773
0.46695491061826011
0.4466310949949806
0.48432039918866537
0.44484774188363368
0.55763228756480088
0.47541948784396687
0.52308854830596141
0.57140399999570801
0.45883846963889857
0.47524236027789568
0.53494854511882384
0.42373311144465997
0.5412815251424774
0.54641511588633829
0.44871622674012607
0.5000240237576935
0.61279798674749841
0.4209201679583599
0.52042546997222461
0.49571441770842933
0.52360915981923595
0.38269441890758837
0.42801330506224922
0.51624180391837604
0.51777401358389263
0.55928667748611693
0.54026536573743522
0.61950711144600668
0.46890396498117953
0.52269246313055873
0.45853618403724627
0.60792996466730509
0.55411446430377409
0.48570043377158106
0.56623683536866165
0.42871976334846329
0.56531729949463738
0.46231548925102234
0.6409986354089684
0.48206256774727418
0.49616275936646886
0.46306006536090011
0.51012480778831915
0.44529879980404113
0.54632338746140063
0.46693410808251001
0.48776515233400097
0.47848052116343892
0.4487177952749371
0.4473960844081018
0.56898410646838515
0.41713327410954165
0.45412040606988319
0.37429241806249125
0.34119959608041567
0.36094195165349752
0.54172398768140595
0.4425268752776309
0.38898470955604469
0.51681286151480088
0.49178718648614489
0.51825603621495075
0.53459052040856614
0.53850224537251423
0.57713442493558875
0.64546636193152684
0.57382863779848292
0.52897693970046489
0.5209647704403858
0.48115499122676703
0.46332006771912032
0.49070572246266225
0.51555308883600581
0.57459821128718191
0.55155929399384396
0.52257521375038263
0.52648823711142556
0.47596908227244478
0.45122553033428736
0.47551047377396294
0.49173493233745186
0.48290793030514989
0.53613554940531849
0.52848751724328658
0.48162885821967127
0.33410772360357016
0.41816834472679232
0.45678793426872588
0.4881247544840025
0.52570242550764568
0.5682238159943519
0.44137062372382446
0.47752168537736922
0.58324901955128494
0.53070482512799888
0.43851328828583347
0.5808721228507685
0.45291612153386718
0.49807778610574266
0.51957784423250331
0.59019140522943814
0.45909491669596481
0.52286596335635749
0.54608279258070147
0.44556547200701724
0.51914098787530283
0.4058363753398424
0.47160153493965418
0.50413697927376366
0.45373679675225664
0.51557793663771101
0.47018799087746305
0.52329253615908367
0.47965647743319378
0.55121768770331903
0.54987983272962482
0.50704041040859427
0.39513170777265655
0.45377521863172243
0.49617796397028446
0.48164315925820739
0.50141950628839727
0.35717865405283572
0.51754697089350055
0.44827758874986812
0.54657717937890138
0.5482036280207484
0.42509272748180105
0.66859423123814699
0.57500723958322841
0.45802236281209652
0.5080960977645802
0.54732241644623902
0.53896186752341813
0.57227838240971141
0.58976471470292302
0.49866614457941166
0.58198614067323284
0.44663056618807118
0.45736523493382303
0.49834342057139808
0.48198816734106931
0.69316919291556744
0.4274076038245252
0.50527905250623317
0.46564528843280173
0.4727697764537151
0.49596734639986545
0.50324455795400436
0.64854568063358087
0.3963307502622439
0.47722965214276175
0.49316022273993815
0.47300952602499668
0.56021857072062886
0.51294417576241202
0.44703095540566307
0.47396798690960923
0.54313648668150538
0.52521713804468428
0.44414449241003062
0.51432569471497946
0.46297143359481946
0.46130835339372134
0.5671546841291919
0.4438359991170357
0.59382687028574765
0.51387051031940023
0.5131263195992426
0.46645675465207626
0.44165007966772285
0.41075503837205518
0.45118049258401127
0.5989907715899383
0.56380979420630195
0.41399053054956253
0.45812751970892029
0.48335177970648474
0.51179280498088464
0.51330149958812621
0.56014031984946488
0.4561571557563775
0.31477900754425497
0.47610416456546956
0.53809808000494996
0.52137539894144092
0.48080810935311885
0.68755028064934898
0.49069817148743472
0.42117640669845158
0.52820089240031498
0.56988124974049081
0.55578742072455489
0.46718054981866475
0.5349781482509417
0.48461130634037158
0.52869559908162578
0.4706026500400321
0.55687218269316241
0.48164574624600759
0.46901893124642813
0.38421258574549366
0.43473066183169962
0.59125173703246015
0.60828263866030052
0.51357197520421349
0.5434796175645521
0.53677486230901239
0.63628809379912654
0.51434755605331484
0.44011319598639653
0.40738348837013333
0.53281021003664064
0.42745996620584709
0.47030187730751194
0.44115566811870299
0.50244768562315212
0.45901292381293912
0.39011031817214609
0.48329401179347792
0.58294867020732488
0.65534785197427725
0.59261662195362752
0.50539294999968243
0.54579005801273583
0.49478965482482384
0.3576870485560078
0.46270372838792512
0.51394390886639019
0.52409257405023146
0.50316408731587425
0.47712908751311933
0.50608227069002976
0.41952886029640268
0.49440568570428711
0.47652039994184742
0.42219597625398081
0.47393323069556603
0.59941089097662836
0.3981787734325487
0.49574933476898558
0.41962247014152898
0.4981701474042976
0.4934309724547894
0.46707887031445633
0.4213913350630395
0.33065903401989993
0.55360355872153633
0.5104711166105288
0.55201279690503702
0.56252465046545463
0.55300256941004677
0.70319138155617
0.46744745260137993
0.53741140240423069
0.66376950507472254
0.5300325376213163
0.54633382977311407
0.51858031723796194
0.51148581983496444
0.50465987416433855
0.50318969788931933
0.48730652845817946
0.43751141819567801
0.58513627594828366
0.46075611847904285
0.46990198867766841
0.47926727370740457
0.54005233501269856
0.5112919721561221
0.53894465865573871
0.40395662345328487
0.60698074831412097
0.47604110856773241
0.51936403626706285
0.50792986132023366
0.52545085937256697
0.33663291111180993
0.42525235424270896
0.44765616318624135
0.47086134081206205
0.48487598863027637
0.46739961300075133
0.48808089918509001
0.50512237120095738
0.49234896532573491
0.47386157591755595
0.48635285319637733
0.44881836430835648
0.53499988503159179
0.4963198596917619
0.55179752947921568
0.39749743811405402
0.53121560303490656
0.49800537515439852
0.46492018530646206
0.3737195471724209
0.54578159836185991
0.56651927726395213
0.55863244591551486
0.50196742945604977
0.47037995524233372
0.51979151627043074
0.61513588247901363
0.51893687134417565
0.41010244169493598
0.48126614305126242
0.57924950972169964
0.45250676158421516
0.36635931164199143
0.45452985942801694
0.38961230507767569
0.60457063378912024
0.47654229305674828
0.48065781779220906
0.5168745601233049
0.49923055879288364
0.51686588049841653
0.51404346347261842
0.55901627854157465
0.45758793722461966
0.4363324954582824
0.50295613047343812
0.41224940287268708
0.45731416707958672
0.438353240072482
0.46811557131210374
0.52392798824532272
0.45700408241122359
0.52927674489142207
0.50254799472655021
0.50422944582617124
0.48646299486669248
0.57537662827911662
0.46830519928411685
0.48868573754029448
0.40506552643015137
0.43979667385972976
0.52212311746562234
0.50396431828230193
0.41835912051800184
0.4860803822301753
0.37201327295505937
0.51462828628153034
0.52728061532734338
0.51676141763075034
0.4910527175387796
0.49276454273800946
0.50716364752711174
0.52519599063816669
0.56131544793166077
0.48201271624998188
0.52591706469443134
0.53505437791433708
0.4671078572087079
0.50832409866340378
0.50320805786606149
0.43500130081098543
0.47194306897989674
0.47489576225849023
0.42140802461035076
0.45086926107452624
0.43161891798838486
0.54284492190275002
2.3832305604804193e-05
2.3683917301130047e-05
0.00019155440419211644
0.48076585858768661
0.47626360169118581
0.54256664484322181
0.47314048480997928
0.45973783622722142
0.49384796550305099
0.42920556880402472
0.55886688589104738
0.46156648943917977
0.48820711008833467
0.46650488336992829
0.50637557952514045
0.49252838729523257
0.50689796967612522
0.42730805398334626
0.48386153760490391
0.53885975405056086
0.47408078709518098
0.52011910821062612
0.49594837179472689
0.54641869080899685
0.56620976691259939
0.26686016035831422
2.5060115358504816e-05
2.4328491127316656e-05
2.3375194951159886e-05
2.6207274726834331e-05
0.49236272128133624
0.0077205070857185127
2.5385998749294844e-05
2.2728088915225927e-05
2.5017274988747022e-05
0.47450660979977771
0.49690211801041928
0.51016836613547989
0.51183794117866832
0.53094044715059507
0.56649030001794476
0.389004049674191
0.34427944881429989
0.37405425705333306
0.48654685683005305
0.49342685522778429
0.52681676990679505
0.54440435018156752
0.51046214218096764
0.49019000608849184
0.53849594246777643
0.45035805998466932
0.37162912027393169
0.40980855889946899
0.44427050319848643
0.54946884507481986
0.37874616315307158
2.7799331347575367e-05
2.5623995433508454e-05
2.5191038541351598e-05
2.6018339012230307e-05
2.3655892893330938e-05
2.637592168552659e-05
0.49067396333712077
2.3934193093039576e-05
2.4885790724988592e-05
2.6668476792928692e-05
0.4510037801041476
0.46080939853864411
0.58474074509971785
0.47821767386863767
0.54172264412092719
0.44218429320497837
0.43739788587029999
0.32662325476006659
0.45174017028823832
0.52379083640933533
0.51137090812944341
0.48299395686240265
0.51021899771986889
0.53280713044356953
0.47484445584099805
0.55729119817360251
0.56123526278886449
0.57801188822082217
0.56312895641517302
0.54656659813812447
0.546246655326176
2.2577390956576745e-05
2.5050450126832308e-05
2.6586317531332495e-05
2.5448078672571625e-05
2.7335642418140574e-05
2.3362503447843125e-05
2.505619677947745e-05
2.5823197178031081e-05
0.13432847035261478
9.2251550669025185e-05
0.44564107967055144
0.43704317843615664
0.58894718404808777
0.51238070681718706
0.56077105362096658
0.44408668352757857
0.42270726269994974
0.42236795154781742
0.43177705454877041
0.57052656160376214
0.51791607781951321
0.48560720018020637
0.41494443714513268
0.47412068958323761
0.44673035399958955
0.48982415987043476
0.40908938989653498
0.47311797299400266
0.51591776583546511
0.50850283846212574
0.46739197304507746
0.45925954789953932
2.500910283188217e-05
2.4388096791413203e-05
2.4767829910076227e-05
2.7384728824182969e-05
2.81605625895098e-05
2.4725057029095399e-05
2.8099960431441594e-05
2.5431203958992928e-05
0.52861133651144843
0.54082182754266239
0.52941884192029998
0.49473353873278125
0.49060654226946865
0.48786406687129558
0.53370802023079555
0.55054484790118785
0.48565418516540815
0.43268379715192107
0.36481139805135193
0.58209157666978617
0.47669074900507835
0.48754513131789873
0.44028076142917083
0.50180462910389334
0.58199410872196877
0.51524924309565245
0.50790548169804384
0.50221766524843425
0.50187792489435912
0.5226310737028812
0.53796259764531962
0.3768071040349647
2.0254112010420734e-05
2.6309017093695063e-05
2.3361713346601568e-05
2.5383167942059508e-05
2.6514429301436923e-05
2.7992233365744825e-05
2.4656346212064377e-05
2.2982132586436484e-05
0.51004643271772965
0.46090357700625345
0.4928811911364796
0.43625229168642043
0.48526223839614269
0.45721582378042536
0.50550882325980773
0.46126979832394194
0.49789125913818139
0.4078707589373618
0.37374564493256113
0.47535654724343079
0.53485170053114317
0.45636000888003525
0.57463993017119674
0.54030105329664202
0.50533631118821443
0.5026456857700381
0.52909864301068898
0.53328476312189743
0.48654508240099159
0.53655312187948256
0.51060775070795117
0.47018997341836122
2.9794026648733723e-05
2.6634553590551058e-05
2.6920548491918937e-05
2.3261409789774288e-05
2.4171131809948772e-05
2.5894762618337393e-05
2.6736029509866464e-05
0.00029570875197932917
0.43257832480726699
0.49553068861092286
0.4423797314299181
0.56823964106170954
0.5248086556488043
0.47410265914418198
0.47418259055998463
0.5046908753846826
0.44110095421310624
0.51719193153281906
0.48519693548975446
0.60556302413921814
0.56039265500144908
0.57087726203412903
0.51648331284140458
0.47254558550666786
0.5713176075330576
0.46958055827978068
0.42770413931764412
0.53974069937117053
0.51083733080522298
0.47676087041305953
0.5134663347002012
0.42495592738411636
0.43937239032885739
2.784469891595576e-05
2.6644120770786249e-05
2.5119550772872539e-05
2.6928137743257467e-05
2.2818641990440325e-05
2.504434262351017e-05
0.37486088895842029
0.50806876443886673
0.5016346516579866
0.50815357097934055
0.4128992374352764
0.50701749454470413
0.52428122018100831
0.42055180540579878
0.50107687587106464
0.48014637166358387
0.45250915005137515
0.51081433997599046
0.46816484380518714
0.50603020587087777
0.67274016020856453
0.46841735024119768
0.4560213126125825
0.50351471807698567
0.5350249878281953
0.5590905899256885
0.46685939120677938
0.58408483306190762
0.33549022154261993
0.53758660955535642
0.53077167548108106
0.48810028164775482
0.57332947119359312
2.2062189699698661e-05
2.6424610413862184e-05
2.797366525074136e-05
0.00057999294838199391
0.49865716673511851
0.50822706083125191
0.52418852524270132
0.40941104135343431
0.59606770308581947
0.59560044099544374
0.51494785334261628
0.49969738056917373
0.57853668342234776
0.45418319450810912
0.50038472491884667
0.48636647268145239
0.43063852669422709
0.42831909867594659
0.49807049320087032
0.58431937613070417
0.53224979039652076
0.49904301073451257
0.42982128020551269
0.62075734740251787
0.49658153366842006
0.47384156885521828
0.48479054102334623
0.51214451395643257
0.43073697008224038
0.53119235533215525
0.4693351594654937
0.45996400101337526
0.40958582872914362
0.44137462384178044
0.42113711707948887
0.588293915573737
0.49177685454487152
0.46189593661833911
0.34015740976908587
0.49267571800792964
0.44556643305821919
0.60523023016990618
0.498121866616965
0.45165446464796416
0.41847570044860033
0.45605317829412884
0.52775133868104673
0.44425165939509087
0.38911604053332305
0.40600845919016099
0.47166739004013508
0.50074789231147565
0.55498722538030543
0.52351428765705244
0.56474652974891137
0.41180038451761641
0.51230416846161442
0.54521405574842741
0.56342919751058296
0.48953825805254247
0.46521803392294392
0.51201240287108363
0.45384448697364638
0.52630112152629893
0.53115400060902751
0.47890941627111083
0.44312526267651642
0.56376554222053699
0.54779617078542198
0.51320895066175531
0.43539445920166969
0.4417565825732066
0.46341820013423524
0.45783905037143957
0.45204881871849201
0.5851793179742627
0.48318979170829096
0.43650286528482823
0.62365806661682754
0.33843628329125802
0.43464386674819933
0.48509639039011276
0.45885057095430948
0.45679556596504756
0.49715778282006129
0.49169585731498194
0.50574031450758006
0.54660570089616056
0.45009588851437154
0.57284700743271189
0.48543597800285787
0.41727581073173092
0.5083955178455799
0.47184969477528421
0.49803226399954503
0.47802574812148796
0.58649646706206948
0.46477371552365926
0.46981496507999471
0.46321151957522927
0.56564728982327306
0.43147279133939764
0.4357471470646932
0.5043460927207577
0.48833331171884214
0.51521135032390208
0.59317796546168911
0.48092593910899289
0.52460647185637754
0.47723543415717257
0.55722516221485474
0.3789341805102272
0.44863723383287063
0.37112826368172458
0.56684910705904201
0.48143463702926464
0.47495166683065498
0.36072100569345039
0.45419250597657257
0.60209328692075892
0.44930046884401664
0.45343341353624522
0.45643588998874962
0.53526195037178037
0.44224781922259804
0.41511296098922629
0.51308149803634684
0.64122904349072551
0.46899164724002917
0.45945384129247591
0.46615040262355545
0.47336343755453747
0.57026102729119399
0.45082914338760588
0.52660340429592722
0.51574826686632946
0.53959258128990728
0.51494176586536178
0.56058396310170211
0.38826087442194657
0.62337128037596246
0.43122414074631921
0.48482807797873995
0.43509123534098304
0.34281644973512754
0.51010759385880389
0.55950861958495768
0.49290408632891136
0.5286357379472103
0.4668568628809931
0.46071346873691016
0.41872375897125763
0.41607824389151649
0.52662038146589829
0.50019335661775921
0.55968157082831671
0.43716818051556561
0.50321506447249331
0.4563340027734033
0.490094327585957
0.4504580425141308
0.46181739202098476
0.48730428613028043
0.52960587460910269
0.48271474534662057
0.5016338612007023
0.51464220614678746
0.48759357431089623
0.57199030105848747
0.47631234626819502
0.47802591481429668
0.47591673164330878
0.50559459071317026
0.47068526846190606
0.3988376693347942
0.29186160349120222
0.39471316417341518
0.45962782814813319
0.53089880858978566
0.55502718686115193
0.53926679997428362
0.43259863491942457
0.47432239750961241
0.56654851227068326
0.45788207662794883
0.44319784210504581
0.49371879937006474
0.41145928796160219
0.45637807934073438
0.47167230137295157
0.56237086824938831
0.49070216055948135
0.4264554653872677
0.63321020721807808
0.40118241462533077
0.53695889217539439
0.44497798628013402
0.49995966233371186
0.49908844767771032
0.59259490942658433
0.4770162849251009
0.48270331923829157
0.47386186252073559
0.46242705309734738
0.62413839911365765
0.53202770285775358
0.43809039193236943
0.39546027313280568
0.36135365563586402
0.57578885713638273
0.49156086603617566
0.50310547778177894
0.4363666007306527
0.54871581151027427
0.527887900966304
0.56471407706064158
0.54389682882509305
0.46851268933127066
0.54092558113722833
0.48739636113604623
0.45648770654617149
0.45108767306307695
0.49554137934335457
0.55644309662424629
0.4573072736707483
0.59389817653427113
0.46768736515327591
0.50127036188552487
0.49192809031548401
0.55883371522992409
0.46761842555064709
0.5146357069297639
0.5279955444372525
0.47237566354959931
0.44877935136749963
0.57550772976948883
0.50610907109643877
0.54399451783735742
0.53347678076746174
0.3975766460947131
0.42814101632838242
0.524488948576185
0.54138863996362407
0.53332310897994839
0.48976295985196849
0.52579301972997294
0.46570515371841847
0.43730345847088109
0.43764316443659812
0.49592719372438582
0.49547807260362864
0.55146998865623975
0.48462721192917402
0.48005656596576146
0.56998827581681344
0.47177599804988168
0.51523946304699297
0.54827867136981667
0.46079439184341603
0.41179391601606158
0.55712677776068986
0.47698940658019962
0.56769015097209541
0.54358321720094394
0.40789362554354397
0.59889196723014881
0.43302747392287128
0.46274579698773832
0.58376860155517074
0.46899327569510535
0.43622017565081822
0.34877832119769159
0.39998274843154119
0.42825516122278851
0.40836077444455227
0.40368737733168752
0.37127009206411365
0.39316469766674927
0.34760153722746928
0.43279183735160615
0.43510668697986821
0.32919512380660454
0.39942036663172925
0.34798090701511936
0.40606318004424452
0.47494199392075664
0.33475831733851386
0.35211633408196574
0.33733383584475651
0.41692002110031717
0.37470040207487332
0.39346385836407816
0.41554103120096553
0.31980679774873849
0.43153225612030627
0.40146327187621306
0.46295217012985357
0.43906824987277043
0.40126584403629356
0.33943198941184444
0.40877669147572926
0.40294707447849942
0.48694573742943792
0.38873989365375505
0.30043399722438036
0.3573785745737052
0.38115769991306953
0.26687007822659892
0.34670474911378862
0.35541633642776538
0.48216089848133442
0.40097023884805261
0.41369477287080814
0.41880468655525177
0.52800804836744264
0.28769221658659938
0.42133174088606884
0.26675260381350996
0.49259625105174121
0.41100971121205432
0.32705868181595715
0.48975691400612309
0.44363573010015406
0.3854961591873971
0.35613294394004896
0.30010097098446631
0.38527465918749565
0.49032559465656367
0.41806100852018668
0.36952821992763923
0.33926551264781596
0.47882736755472255
0.42957547999762624
0.35403146750603109
0.37353812126276725
0.48620046573302661
0.42666975252691708
0.53380194081827204
0.5192766308688318
0.47813781975134934
0.56995992717226562
0.51678042634522081
0.54129938672642486
0.46233961109429839
0.52648095293783415
0.52425262214259338
0.45410699358671353
0.52980034738940196
0.5214441680478864
0.4565483606793122
0.52191250163089897
0.51412709058180317
0.51442057650075634
0.36269141859101484
0.48424027205874098
0.53883561018255088
0.61994503974459758
0.46453405259228076
0.48660572235119159
0.44652684659637837
0.50311163407421444
0.58451913920719079
0.53236975582382706
0.61808738179816114
0.45913814373459899
0.53234413405112802
0.53874702025123888
0.3227351304400648
0.32215839530713253
0.54127251661760145
0.53719348815530754
0.43337871553125235
0.54791143547373733
0.46156647170833892
0.54358007179391377
0.41425470762106115
0.48200195070839652
0.5050455748440914
0.50781157031452129
0.40505743953343837
0.50614492509490594
0.49903407472503603
0.51310733566177036
0.47798414840779108
0.52333104837525568
0.4521059265424543
0.39704395226222483
0.53908959183547156
0.5490739743944093
0.53187627287606387
0.54313131320418706
0.431807279705063
0.43220809266688776
0.46633217800243082
0.46274116784816971
0.50382117605462762
0.47127192369346527
0.53965436819927348
0.47104881652469904
0.46489595346200563
0.40711832069295062
0.45089165605844078
0.52187790355834596
0.48304554565053281
0.52445760103157169
0.42526194569692993
0.46256672312681757
0.48917671480329317
0.45145134073840132
0.50434007415219473
0.53738664315487139
0.36362882746820874
0.4492684654514581
0.46445726825749806
0.51666760393715916
0.48356363345203135
0.47917495623302575
0.24585860129788728
0.53453361251560183
0.51366222545462181
0.49108315707148864
0.45492047163578986
0.49563985462861793
0.53016934803934557
0.44665824102728402
0.47566435752016756
0.50510711938288178
0.54387437045056675
0.44758708050971518
0.44141163520793364
0.48131162203219524
0.41849086499350274
0.38768552244807392
0.52707848412737401
0.56094287229150419
0.56505881914765133
0.58027946815327347
0.56391754131016769
0.57001071394540892
0.43330348149778058
0.50636859371639831
0.51299725322748391
0.53150198067353405
0.50020771427987532
0.53083447225030689
0.54522922449017286
0.46396666412580423
0.56491828573630498
0.446031748066268
0.54945019176045362
0.48522837479906084
0.47339353924362021
0.47727890604917683
0.52476856431364627
0.51314097109636847
0.48439139328381575
0.48301713498006371
0.40369532268040664
0.52498777173753597
0.45104208406328922
0.45014681565178788
0.47118632395393822
0.46024136441612906
0.35072635815441405
0.39049058614678167
0.51083376447931672
0.54026354464838755
0.46870919840172387
0.52351233457322677
0.53473887350389049
0.51558043295135625
0.50464117107181561
0.50370219452098963
0.43162262351449465
0.51989222182751416
0.46252825496439087
0.48223830603727719
0.51597124480226964
0.49389279067054698
0.44978466083371371
0.45451997414158685
0.52885817887208186
0.52314936360242004
0.4987360554916892
0.48909002743775387
0.51202335312698288
0.44513477539627011
0.48345345120861438
0.61444175229073239
0.55749898207973103
0.48990684741167656
0.42922138667574022
0.48713636403016264
0.53088355144336208
0.43664977302286839
0.40286186596859391
0.48194682588690352
0.51477329108286285
0.50176650921056454
0.54700024432778982
0.4933593270741426
0.54566293424202583
0.52301342835917763
0.50198398446201586
0.4379331781393867
0.54398065133771811
0.49541324412585008
0.49730205776038722
0.52065838953336174
0.47111958639824336
0.49030572550392254
0.46716390946104369
0.46223211931670877
0.54927332257363992
0.44799775623147425
0.48659903365490775
0.40335695200212579
0.48565899499309573
0.42522226639841898
0.48707578854528333
0.49400863869267386
0.58842891736258773
0.45557049001649924
0.52056143084741024
0.52462277228071685
0.53295382097628996
0.46918088035829258
0.40691140700053591
0.33143592374297265
0.50258037535692046
0.45178229484353771
0.59342521596467535
0.53602855393718141
0.42792658348779028
0.42395697654240205
0.44112654356617126
0.40721096998701201
0.54415244213019487
0.58938807031188589
0.47042451378011552
0.48139087248006712
0.53247322445541367
0.51178175304146145
0.48475544289473377
0.49713721999776045
0.58149768798011414
0.54809796324359916
0.54134603873481857
0.57525325403088789
0.51505524532377489
0.44688482826255055
0.41716185339459638
0.64784608902410679
0.55340685482029695
0.60876601990706758
0.48943478049987926
0.46346101529761202
0.39714544421719189
0.51387927025476965
0.47015819396570224
0.46183343188603443
0.53001577242835363
0.47169148386235205
0.52987747274675412
0.47229082643124232
0.4309797643279476
0.5239523913891514
0.45763437304240445
0.43699309410253101
0.48896032329030348
0.4972947074840291
0.46377705408659264
0.47486858787972425
0.51217655945583906
0.48727041928976017
0.59997918541993633
0.43074810024533233
0.542994968287416
0.55390291874979147
0.62325654575855538
0.40271690855495779
0.47715707214475034
0.4337227862883728
0.53764158048387878
0.58684057736196249
0.58915804343272637
0.51536656661800606
0.47479705495617081
0.49985303460488262
0.57484553224533619
0.49443035030096077
0.46736157570855108
0.32942574443505451
0.54436954980591434
0.50684184915935215
0.54674097449073078
0.52159151250025149
0.47073312377055065
0.49935449973964496
0.52802253591169135
0.61679509969875468
0.46779959365883195
0.46452533226288673
0.49004916097326751
0.46335079998577161
0.50157385054227832
0.47565442130384883
0.55146914829510696
0.48437518502866345
0.55642872734813964
0.45839184629362617
0.50505769711983295
0.5210390577999312
0.5121049003214192
0.48149574976230686
0.45941608820508284
0.53090702644531029
0.52575761701487667
0.47804039832566542
0.44552352247133559
0.56217074957130908
0.50831980852284908
0.55175181788886862
0.44530010798793984
0.45291933424719116
0.43127593843017709
0.4167452567825391
0.54720932902107222
0.48321898956979431
0.48937750924928775
0.54674208859062901
0.47203143872557612
0.56455786790808038
0.52792754519517726
0.44205938064569411
0.58497879411764986
0.60903262392495072
0.48267705286022783
0.39582357047473998
0.58153921162645927
0.48775817186277209
0.41503531167632612
0.49029285787267224
0.55129742984033958
0.55224510855875397
0.43912116569668064
0.50722358445386495
0.4730345285378898
0.51140308317977201
0.50572075587340926
0.50464087842229599
0.42946981281285879
0.5003747984935738
0.48911282525445487
0.62763513890013689
0.45061421198580442
0.40290190642484325
0.52914548599095812
0.57065346576241094
0.50093839913062099
0.50837330435938222
0.50617605878002803
0.48398967460865044
0.47528624919105217
0.50378163201526072
0.41402758713124932
0.54792007946470722
0.56295248489463212
0.57600546704817113
0.50095941352729678
0.53777502907263264
0.52478887449366274
0.57622638027336415
0.4883465087678675
0.55506666107412062
0.48173027328860746
0.58529249523734728
0.43135891158387346
0.46930540552665867
0.51764535638205433
0.51261652814493142
0.56638771520204245
0.52144750364470061
0.4981861442502632
0.45781752734634434
0.46192228631511761
0.50825406070222567
0.48249887408289488
0.51841262662071397
0.60495221108771768
0.48957507496957597
0.43061873354151453
0.5016951646961596
0.50954696537578537
0.52148249920787648
0.49978947807090529
0.49290072301270249
0.45537493701639187
0.42827633649163688
0.53243400840646682
0.42320098347886392
0.4591786502524397
0.43080757956720706
0.50487409424612328
0.5172843191653117
0.48322637537175378
0.51366955061198838
0.44710577304564608
0.47005277195049311
0.51293084436857772
0.48917262131558387
0.53493133496735246
0.49351622922739574
0.47461589980841284
0.52378174798592014
0.48765820056794562
0.42498971743434905
0.57171506529936567
0.43609040255864384
0.38443745382411221
0.43821021322214121
0.50901548658168916
0.51667449365565798
0.51570403887584604
0.48612055465506471
0.50398488120929041
0.5117597764057793
0.47429609709090986
0.52304016875185211
0.53411702566935448
0.55740678001851851
0.49297381409282304
0.54271934902393471
0.48773156347987534
0.44330336932496733
0.59576606695762047
0.47195347265906373
0.45439317194900986
0.51262565687332806
0.52950281145033351
0.52182846912251368
2.5899375583657383e-05
2.2626244571945541e-05
2.5954876236411475e-05
2.828411492766856e-05
0.42869696823700809
0.56490227486074063
0.36977549486936401
0.49455938308738862
0.56048357151088313
0.46336878153396988
0.36017371946245624
0.34266048776402347
0.57592940415319505
0.45437705735833245
0.50605317027104812
0.55835278057597948
0.46602513773096055
0.44564026225321951
0.35537524828683459
0.44145928020278835
0.51201010974870786
0.50645744255389513
0.48676030536004855
0.53066502213537314
0.50595959549822489
0.48787779782644003
0.59328859375545917
2.7098649461916122e-05
2.3607265374588599e-05
2.7066858151446813e-05
0.0094061689570447728
0.36831749889800747
2.3687513764489152e-05
2.7376108680871933e-05
2.2942974849609749e-05
2.8537625168023443e-05
2.6977668380420616e-05
0.41928343596148138
0.46781936481373693
0.54497517262840067
0.46406276688535431
0.48933649305565635
0.47844265451228202
0.41609805000049571
0.5489430610718129
0.40893829771370671
0.55891774710320241
0.52656260512798048
0.51908673544523931
0.55303872760162209
0.45748998654940387
0.51089170638047665
0.50525473929003073
0.47723369342518535
0.5575271532079249
0.49504270407470374
0.47605582614143438
0.39903833223159219
2.4779479987505303e-05
2.5108166081199887e-05
2.6235636671476291e-05
2.2086316385435877e-05
2.4262231293841616e-05
2.5394084865274762e-05
2.6537615224998205e-05
2.6070545770204315e-05
2.4308020071863688e-05
2.335288211140183e-05
2.7364885897014419e-05
0.40145209568848073
0.49398872031210472
0.55815835611969955
0.46818452521712339
0.49309868589762357
0.3509973480582943
0.44238398972389897
0.46376302719892015
0.47749164095756991
0.53544840146579842
0.60027046285634611
0.55994868424126176
0.47963998874191188
0.41768641172918625
0.57234476087657793
0.43966065870460891
0.54433783991166118
0.50576893145716251
0.4885701466541883
0.47211727779251217
2.7667563853768307e-05
2.4758731881088143e-05
2.448177419653992e-05
2.5097330834354331e-05
2.9158014735898826e-05
2.4308556965113649e-05
2.768054903266688e-05
2.3411193052688236e-05
2.5634809383983971e-05
2.6435141735816582e-05
2.2344981438981549e-05
2.6281818854310416e-05
0.45509535634319953
0.53117396775841075
0.46463120139373332
0.49544008531571931
0.42061890794509754
0.37114852461450515
0.3330875556075189
0.40625817428727595
0.47639651929131088
0.46972272029120499
0.48698751394141004
0.4916331734660197
0.47519708643479508
0.47110556365737921
0.43844681605120511
0.50803226319596351
0.49619494566896211
0.56145182608115318
0.4501151309316852
2.9254183117057157e-05
2.7158435081436417e-05
2.4394985700992034e-05
2.7231514499396656e-05
2.1842888398341385e-05
2.6179036063278026e-05
2.5935396775624243e-05
2.190287585147315e-05
2.4272081120328463e-05
2.238202979288397e-05
2.5369680247528822e-05
2.678531768114588e-05
2.4722132193100645e-05
0.44158563131604761
0.56353391983090351
0.54487765680584721
0.52887083092016884
0.52033790100498045
0.52833413140660135
0.37707827882015471
0.47987026863942406
0.49583156229190395
0.46367676049021045
0.51191120430381498
0.54464454556773845
0.47251449605239387
0.55759568400209325
0.48142286204077983
0.40834946194505317
0.51543641017378083
0.49632076811510134
0.51836273957413592
2.0333005830356553e-05
2.6312769041046415e-05
2.5319705739894421e-05
2.8110328687553266e-05
2.6378507203258658e-05
2.8025182286146874e-05
2.8056474832944333e-05
2.7091119495235371e-05
2.6374440952457062e-05
1.9821055001029202e-05
2.5363977876829462e-05
2.8535648085112025e-05
0.62189414297101231
0.60505044110670447
0.40880170062819809
0.39214757276652062
0.44866277566744167
0.47772797211612045
0.43001074462167299
0.40006480757124496
0.47387100040963648
0.6160434858036089
0.5254680799967375
0.49795149469226824
0.48707591464571581
0.55587639980986536
0.52833363887844864
0.50728600209201802
0.52885231565436597
0.46891076336012361
0.51209870445224903
0.51875119804936232
2.7386638086649387e-05
2.8208610756292171e-05
2.506787324925358e-05
2.5612613394040769e-05
2.2496712106674645e-05
2.1205365839702087e-05
2.3381389075046441e-05
1.915397418510674e-05
2.6033399840886518e-05
0.23605453441610547
0.40331775162740335
0.52863266787605367
0.44000337678620249
0.45636321036428118
0.42663181708321291
0.44666745417536285
0.541330055379037
0.47821255593823708
0.36621784938794055
0.41731117694507402
0.48621599432569301
0.4949406169499414
0.53162252448092551
0.51077456664366583
0.48421404447018945
0.54800773279362258
0.48918112139268255
0.55139251750474882
0.48150763744484787
0.51009259756252257
0.48622515450138892
0.54337884007028925
0.0003372632277906426
2.415942605822067e-05
2.6765260601980745e-05
2.6042474624462198e-05
2.3260392766323897e-05
2.5098820801927944e-05
1.7914981928212519e-05
2.2830604909589948e-05
2.9600696899600996e-05
0.60697660235590767
0.53933192623164317
0.54167069447565297
0.53112030563380341
0.4366419575952708
0.54547819099411821
0.49795352026056572
0.49536429803277915
0.44698846041876755
0.45789971525943651
0.44094170931443971
0.52486439054681555
0.49679181400673728
0.4219198953306561
0.54255907095300293
0.506901128776721
0.51320142838623539
0.45502917680689442
0.4281058179428226
0.49372136449721615
0.50801524557724376
0.48878280309913752
0.49056864947496864
0.51945537495683414
2.5629674643431995e-05
3.2330218932917352e-05
2.3767705606055967e-05
2.6295426006166783e-05
2.6189947877032906e-05
2.3634223853783205e-05
2.4600033683441298e-05
2.4942266355738842e-05
0.46199614437112724
0.42282238133977723
0.51911513506005325
0.46830241150998836
0.50070792231997863
0.54526931153289937
0.35427316200869874
0.35782167996482084
0.44363815042281207
0.35679247515484297
0.45706374228617952
0.54985380597058764
0.54931489706212655
0.5164499279458471
0.44128751459222787
0.50619047836183007
0.47405748497539457
0.5057188246895824
0.50132621367129038
0.52418481554012153
0.4736815404771646
0.47169393406074656
0.56690573710950165
0.56535879550388968
0.47733380664724556
2.5463610642928153e-05
2.3664531570251513e-05
2.1987830002918718e-05
2.4715663897684464e-05
2.3829054437029579e-05
2.7455402052793589e-05
0.49807082794667329
0.51549004179402791
0.50271374919235512
0.5121915405538271
0.43030870283622608
0.46577257174529879
0.48683587797062333
0.53069542420640825
0.43402470919437769
0.46923471644623554
0.4234995164869772
0.43732905574598063
0.55412989130300072
0.51742167177608611
0.50432576584798183
0.49050145133621692
0.43519793499369536
0.47135719586060926
0.43194613270503202
0.55823962045272568
0.56533381156700102
0.50752810965605066
0.53494697256549406
0.59944362078000046
0.53937050529856301
0.44840815714849347
0.59175694142955271
0.46776193546026124
0.0046347522873222196
0.014342459238791997
0.5814737839406563
0.52739537403157777
0.52874496265468185
0.61217481957227804
0.545589335979899
0.55995687197568678
0.51779335560819073
0.49730698905585874
0.53953658245956648
0.42231832710307166
0.56571749821621009
0.51174703222929396
0.48578243802087601
0.34286704519581718
0.52982836175620784
0.50651814144835927
0.46069425838880318
0.49032369777087298
0.47589990637949964
0.5358115251774116
0.55805367293842856
0.52656602076376546
0.49375812641344818
0.55727054333735127
0.46249595289809092
0.47017225620455627
0.49184682617110553
0.55226717934100977
0.57995983367562565
0.55125146520690682
0.412638861168105
0.46234963525605771
0.54506133987206429
0.53831242128965395
0.52645490859136568
0.45970710157337108
0.46326384310430696
0.47299159940904473
0.45352274614842236
0.48927607513428867
0.4869655858363397
0.49913676453940198
0.49160162109260014
0.48439121353636905
0.44834064598645301
0.38648459031254639
0.49661387815049002
0.4837491418183239
0.5459448274744747
0.51137181678347443
0.4960634839198601
0.55202764291320505
0.45578163951556822
0.58454086826704388
0.4462777951301396
0.52403112438884147
0.36175771005272672
0.50683843565229914
0.52672594291741559
0.45175425314052314
0.52338241454863665
0.43707141952868961
0.4573846959004671
0.51749121397386277
0.52507568637600477
0.50326429300111331
0.47865064517083605
0.46533243370974486
0.47176524388355745
0.46318212271911807
0.40016631697393384
0.50587203219229371
0.48529070165222521
0.54427510863442841
0.42575272164311273
0.4084105547724638
0.35413342882191745
0.37359144304511843
0.38999009629392473
0.450543610643096
0.46843673730404811
0.78117115384032576
0.39383799210352921
0.51852949354397382
0.34843750240676946
0.53926027874586058
0.48752539872841155
0.46992199929745226
0.60369968501054616
0.52870545421628545
0.45226820703854426
0.49867257568487577
0.49689094950468554
0.51035072494913103
0.59179997682627283
0.41285503184442318
0.52139778866309072
0.50966784234246565
0.42210483140526583
0.55649486062384312
0.35288711840436437
0.50675499185789108
0.41302593977251162
0.54343414888312591
0.41072345263300714
0.54394903150969842
0.48358182418490586
0.43860613251718994
0.4585038551285206
0.39204050076797381
0.5143904391042381
0.49646417959173189
0.52574410383690995
0.51402185883910789
0.48935574096818435
0.59862892301988735
0.58706603074872798
0.57473310091027119
0.56120769705988482
0.4775554681667914
0.59034663543527355
0.59177192833875425
0.50830675261281977
0.42635432878642981
0.50647304660258197
0.57028499004130306
0.52695556771765295
0.51853461405754098
0.45021578409815455
0.46414546189189432
0.44740965602976146
0.40355703647217295
0.51425395876089874
0.45639780819973041
0.53563399704340009
0.52337232477063689
0.46424322332662699
0.48637395429715696
0.55998922351909375
0.49977567050715815
0.40186299664135838
0.53174096628007106
0.51886109486941101
0.43915111792414546
0.44383223604205063
0.42298107873244939
0.59037565276847637
0.50443884685656915
0.45381886822936163
0.44913891260515154
0.52145667677114782
0.51397991770796325
0.49337887029228633
0.59632442531634056
0.48017851862653427
0.46878819984114406
0.52515977541803849
0.49311529335248233
0.49708453529521113
0.45886746382049615
0.5606142551161869
0.50371211953974904
0.50817951205609635
0.54857351997422499
0.55581588025867179
0.45614181949920546
0.48288987921052023
0.52763458173108413
0.61090140126833792
0.58991247730939345
0.56866674608059853
0.4978558841662008
0.43089339217808448
0.46188833706575078
0.4811344396911405
0.42816283612569511
0.55128647509512296
0.4436945494822831
0.4892528784437889
0.43058758647419593
0.50248676885765819
0.58424740506827588
0.53401945876762869
0.56404536214982914
0.53996446815084087
0.50960917588597354
0.45793164272792164
0.47012310147080472
0.47398497361446235
0.56007413030961239
0.46302740274884457
0.51747151948064996
0.55097839165666462
0.53608959011280777
0.40923460626876373
0.47471923917616693
0.50517927552540798
0.54964301461876997
0.48769134789005497
0.55151012495968477
0.50010122243944466
0.44848118758861372
0.51774045967443938
0.52183137064930973
0.36902565996027814
0.41347989540323093
0.48972188041914266
0.54618390800627725
0.51487630238206061
0.45335837902427872
0.46484698862402357
0.45878791735420338
0.50419946564626583
0.47222386101810937
0.49547017807476557
0.4861416781467725
0.54757848859350799
0.50561690552468164
0.58963037839330601
0.46527172668479166
0.57367821347140258
0.50028417340277465
0.45317872410955101
0.50714790474640892
0.49423232626948677
0.45798392514552272
0.46431793644491037
0.55849995121212104
0.53949016729223787
0.47159634557421048
0.42469664075104901
0.52578696684276727
0.597220204002189
0.53277710573455961
0.51309628379176264
0.44519033671493119
0.31754931425919231
0.52399568002243602
0.3189013339339985
0.37297350201925
0.44062171078915607
0.32558809338834432
0.51552074979487428
0.41077521943638867
0.45090919848250133
0.40999367745115511
0.31821258039568934
0.37629718460565581
0.44332463739284261
0.3714094742850319
0.37102264590440437
0.41209357644215489
0.42229697739985428
0.34918597424232262
0.35788721346140656
0.43077578031374147
0.27569992313599473
0.42811440078664531
0.38753346616059331
0.40325424002734944
0.52645441592704545
0.43211637576829182
0.4311457328531334
0.49042113451075831
0.36747291887398192
0.36936262913857787
0.40318696534673876
0.37830995141919699
0.40209374981799928
0.2874977920937159
0.35566310547137181
0.38276565141144231
0.42488187851353348
0.50582898836673529
0.4169505094581018
0.42753474936454067
0.37144630783678434
0.40100885329322622
0.4094052114294694
0.39483396067555848
0.5273750782367409
0.3259441790025453
0.47515671757750988
0.38772801288979947
0.4245203360473081
0.48448266781110105
0.40372871401554816
0.4145711574739922
0.4831270196864077
0.37523205935628628
0.40743847726130217
0.40807080930267514
0.52575353095062349
0.52787959008846597
0.29770265662553985
0.31546046743022954
0.5061545334865245
0.42623769393128785
0.29832897501613059
0.52600812406892228
0.23136326800259271
0.44361945606405206
0.46258572254702407
0.48573297739910282
0.48377134041249925
0.59106042391383917
0.48327179407785964
0.47780300099353379
0.48716325112391085
0.52119417719281347
0.48205337568912393
0.52204374949270249
0.48588206566543346
0.41899490295746772
0.481596949212095
0.52758905864550154
0.54447725046524598
0.40226861175823747
0.5839817598870094
0.4384114139380389
0.45574556971771218
0.55201922589179009
0.57931075428182566
0.4750799655218006
0.55290637189901093
0.38599537507363008
0.5008964925121101
0.45009292225158365
0.45340599239473173
0.58150326910192274
0.44533858898174122
0.4794784553493705
0.32089697055691058
0.3359430895078277
0.53127632248622569
0.52548872233828048
0.5111035346794609
0.50603184798601142
0.54158985588902808
0.55720741795295126
0.58570022540579936
0.4873777858745667
0.49339613988733
0.47271173099755481
0.52060418032266143
0.42078357878931538
0.53540492782854732
0.61131555528589632
0.49794435772393209
0.53534286507318529
0.54359342101206809
0.55151306558496394
0.45111926314196571
0.48991361161117652
0.46713937092075886
0.45944460294125994
0.55410624057044133
0.44852884069582155
0.53833903706730135
0.44009729348087095
0.47688868862012679
0.48574821546517155
0.54610090058666239
0.3967027513206039
0.43489824590425269
0.54026133360362416
0.50837273822440054
0.42625893808952031
0.51215077987849766
0.52231910229397482
0.53145343841409065
0.41987222966583743
0.52078461982326663
0.43573729918900495
0.50907119042964488
0.53636025739512472
0.5100502287225035
0.45378289509883357
0.49997513994004533
0.42193018479412875
0.46015094638200005
0.52440243738855408
0.54489015963304754
0.49274455028565139
0.47537870421399353
0.35975531343925321
0.53069385900135346
0.5081318446619002
0.56078452067830498
0.51168373356992525
0.47295190879421783
0.48380827560481826
0.53265611220126119
0.43023590234654252
0.49721780986135539
0.60671864422495003
0.43979827721780113
0.49737914427245433
0.48975442548815801
0.42672787454068561
0.55306176603772905
0.57429385930026999
0.48256449467742313
0.4761836177941523
0.48328282206125578
0.51744397560881039
0.55320682989556236
0.54471886982277495
0.51756244514071992
0.57704442002929024
0.49041645703256298
0.54027534913627917
0.4871577412941317
0.48676593633754911
0.51953964406408748
0.55009557687830934
0.4536248797824225
0.44980515551034533
0.46228263709226908
0.47962581032527529
0.59314926162874149
0.42274356201246982
0.46736524057040385
0.48866692088410751
0.48822506343321592
0.42433027792180755
0.54963154664549718
0.463169908251023
0.41889382376801865
0.46238841030170436
0.49906785741632675
0.62936482419230144
0.48863575317674435
0.44477876438731379
0.51426760743224031
0.53675892160722216
0.54702671468871356
0.50508970100921324
0.52123951550232683
0.47719398141211333
0.53354863259428165
0.55344336352901724
0.62149103950819429
0.54616835811065345
0.51814249701804216
0.59232628222613515
0.50714122592791455
0.44032140711045681
0.47788940969583649
0.48959094672982784
0.4683949973626359
0.46531689340880372
0.55209952557790187
0.46824807265223956
0.44967139746760765
0.60743735988208736
0.51999031689469055
0.43865708013532728
0.52433046320810339
0.5669814682148353
0.33307674262845594
0.33229353881562118
0.51467524205179882
0.54333824088477767
0.50728096493656405
0.45957299019369113
0.50858016374144288
0.53088131930006843
0.49307226526572295
0.39985499991842727
0.50757419183017094
0.42832590613706673
0.59235563381260614
0.46072918856946743
0.49140128851305348
0.43305005759329113
0.44733417292046468
0.57306690776728197
0.51795274065920283
0.50228820286673403
0.53524951751611838
0.42901781380811055
0.48068985401043479
0.48632694989409991
0.55287779628226663
0.50251149283965779
0.56818421646850614
0.45643294619490377
0.50884486829485631
0.52694194131037508
0.52412732656890182
0.54555454911032253
0.57356909244852183
0.4280560276705529
0.46427785135550925
0.46794944580343395
0.4838170170944664
0.582830551343412
0.6045811594342807
0.44022978709543609
0.44166021355718738
0.46972884971399542
0.48057332611174597
0.3980275091973306
0.46809201349443647
0.47773255189941599
0.49869572015413299
0.4796005634933404
0.48603880332514077
0.47754793370169407
0.46554793723068594
0.52330757486616919
0.46851308704074307
0.60811899505096689
0.41816435849079908
0.47216463869718139
0.50098455456690894
0.58779513848083464
0.49310192717637041
0.46116776510590768
0.47876569513447809
0.48802413722249327
0.44872088445899144
0.51270501476997798
0.30564556981923852
0.30135441927196222
0.49620139591357459
0.43837500849670302
0.48412069110034422
0.45667960396159474
0.52130147874148303
0.51712400624649113
0.49948962493217963
0.46791592559687978
0.49077338224597628
0.34431840799464669
0.50498001938096759
0.41363946030601439
0.50509953315975065
0.52702528322682518
0.64444143265132015
0.46562800248113806
0.44842048488147024
0.49767609892409764
0.62530492421452577
0.44585962570322124
0.46911905084655098
0.41401615617746312
0.51250049735039327
0.56004046765869364
0.44596039110508212
0.44622379229436104
0.48727045149859982
0.47519366346224756
0.57172327085969066
0.62643737744953853
0.43463088289116997
0.43677553914243528
0.45941664251544584
0.44510458975159767
0.56059260822053358
0.50694637258054187
0.48487615882243723
0.52379659912787124
0.47416883431634271
0.56462266066398348
0.53311331526642824
0.58633878335624967
0.47829044478658467
0.41543107428717951
0.52931998311271844
0.55594127867345944
0.49939351048875968
0.49421068855764355
0.49310859393208184
0.49701196248609347
0.47723419668076539
0.53158112478824637
0.44605613995749854
0.52829688305683509
0.47876470076954225
0.51231187404172751
0.50735078402239275
0.53600143728473959
0.47808411185731381
0.55100895047544007
0.53232179073828401
0.52313819034014797
0.43596123978859574
0.3805272698473085
0.48959879615016477
0.46270825839666857
0.49275875150347281
0.4720524843737901
0.4344165508781811
0.46106415865081968
0.52791613768674239
0.47577927582701696
0.56999898844062569
0.461783113362635
0.50921050105133503
0.50089536101924526
0.61544734883928853
0.53597512790477531
0.49443100380178795
0.44737372909990469
0.5354029129205784
0.50924447254796024
0.48070870056610904
0.49627680025245824
0.44968016376694953
0.54978705261964067
0.49399721815465858
0.52729688156853871
0.47610449110590275
0.45723730016747388
0.47019298969814843
0.55838485823650275
0.51529455304917715
0.49531532190529537
0.36615252497089756
0.3688772898981541
0.52673932621338349
0.54540102752845177
0.51999274160625808
0.49429859314456892
0.54359538392161233
0.56768341068895734
0.48318066579833013
0.45663528507173301
0.51645489236831044
0.4777727008484654
0.50407691169933755
0.41935234855931708
0.42915503295658902
0.54723061721369837
0.44896507025850757
0.54689561352705451
0.38846585854282251
0.59794696282682369
0.42379251297072146
0.59448952719977977
0.49632413336673809
0.46567133948987655
0.41046750828147854
0.49262466935337235
0.50720712951008384
0.42925530635165315
0.47694248716219112
0.55091326932116202
0.48684776256978562
0.47688874316458535
0.42566565733709016
0.31533132032743183
0.48883612710651392
0.48353471787760149
0.5209489000906129
0.56104443255799985
0.43338874742137823
0.4275363108956039
0.49320229960178114
0.54992222062495222
0.41647269464416808
0.52460656725322308
0.41214540060683319
0.46898927727947265
0.53479598548177043
0.47418987570128779
0.43279171366660407
0.51243310311980073
0.48511385597612117
0.50751483959870525
0.44701955710071589
0.52640916297126794
0.47519894335268825
2.674020081776422e-05
2.7021357043608906e-05
2.6341841984698479e-05
0.4238606815169923
0.54794629312472065
0.47348215998621063
0.45496431726788977
0.5313512036281951
0.4836496318979856
0.37354932275484937
0.42968624090358837
0.50210438196657137
0.48072330336609159
0.49390189446773974
0.54848066529398865
0.5129387818984158
0.3905243610430742
0.45207310582733773
0.43707329209384693
0.4593877737342219
0.40903975150123495
0.4934648702040984
0.48914337988500811
0.53664494525656392
0.52392681212836623
0.44191332477226702
0.45684101134802058
0.62818556153980365
0.47762542451858231
0.61096289006378346
0.00046260971686023892
2.7317277942349426e-05
2.2106610650666522e-05
2.4605733492006925e-05
2.3985025498660693e-05
2.5887639755086229e-05
0.48428852272213074
0.5122399544434002
0.42839576232390114
0.49461204419437826
0.51767743467850258
0.37362466222257201
0.39917055913039656
0.49232497115007617
0.54031666852703319
0.49136351618706964
0.43791065949584695
0.47191534668814822
0.44036447145818858
0.48699343573554321
0.49374044604631528
0.50524526002155634
0.50565135866091204
0.35129812464105747
0.4524268190553607
0.43988505609165052
0.53489242643291346
2.5290611276260414e-05
2.5147233256825884e-05
2.3074740343752971e-05
2.834144247104906e-05
2.3040485749344607e-05
2.8357380909935795e-05
2.6883007713402406e-05
2.2268514233036142e-05
2.8072977373644442e-05
2.2487438735580391e-05
2.5442552112993302e-05
2.6468562306868929e-05
0.46344755928758929
0.61524370320672228
0.51020556484464397
0.44546078741194994
0.4642484584477588
0.53938338144165654
0.48442528468908858
0.46730417555702808
0.51259179333538984
0.57247066040867334
0.47613663824596442
0.37567702461067026
0.48121647801244244
0.4534146503594142
0.43283088331281905
0.48262587856420314
0.43918975581238107
0.50982148892816415
0.4755250938207925
2.1816066407109486e-05
2.0894850572933335e-05
2.6096326550705115e-05
2.1920640294830791e-05
2.6927458297035818e-05
2.5423366536903108e-05
2.4373636268267628e-05
2.692767367260889e-05
2.4350536497112969e-05
2.4661555701822638e-05
2.8612624276008342e-05
2.4641748579174115e-05
2.3972884910001629e-05
0.51842969404923855
0.45948489152717137
0.53406658333022128
0.41520181499218412
0.42190927183991989
0.33238825572433012
0.53693449778008684
0.44889585215982253
0.568040503527528
0.48384320220964883
0.50416006250985923
0.44875862864771654
0.52118501162136233
0.51863535192787302
0.50842766296912711
0.53021648649923037
0.48012927220072044
0.50780306616817672
2.2142370794610303e-05
2.2713917374840027e-05
2.6158776936377002e-05
2.393130504692368e-05
2.8927662770905445e-05
2.7004140329886221e-05
2.5091253154230039e-05
2.6984710681587562e-05
2.7987999424873886e-05
2.2264971081919397e-05
2.403600543299907e-05
2.5543378669293708e-05
2.4909924791367801e-05
2.6346305748808848e-05
0.46382772088659957
0.50762959166712518
0.43827748450627313
0.48503824860191003
0.37855416895585214
0.38792778365273145
0.52275798659380146
0.56117160181805703
0.51665193009685451
0.50501389132866592
0.44691290335273026
0.47171316246548328
0.52825727751237239
0.56016710277055926
0.54074592607221184
0.57443500439868889
0.48637782595841716
0.45910672702222127
2.7885901580405091e-05
2.2804307388315153e-05
2.5653165482164047e-05
2.6160397935125346e-05
2.4189696274540463e-05
2.3203665725753642e-05
2.4398075111812528e-05
2.8236689734501547e-05
2.7012331009759531e-05
2.3918102518194756e-05
2.516388360654206e-05
2.7537071577228151e-05
2.6508102577517174e-05
2.9663608554479867e-05
0.49436112682405764
0.43947027645401804
0.60585980186725141
0.44933103218741022
0.36760995042314826
0.41506025111333761
0.54167573152895399
0.52448357199007656
0.54419750239088616
0.49904449416397073
0.49709166424763729
0.56303319646848027
0.58591964930948515
0.57589662186217738
0.55699125729167964
0.54208231020649233
0.5339794800419384
0.51156225812784317
2.4722418140741509e-05
2.4852513419824161e-05
2.7299857033883837e-05
2.2738909170245851e-05
2.2684627258114626e-05
2.7760193706430841e-05
2.4113255603630137e-05
2.4542789129267411e-05
2.710769061030441e-05
2.4406283643531531e-05
2.2512839230525653e-05
2.7179372467022287e-05
2.4288705024959768e-05
0.49265739101657324
0.5737042565330317
0.55319265522883831
0.49365993259109858
0.55232791619473165
0.35491652916932659
0.37561815747215849
0.50696311537573946
0.46637730510945585
0.4315519042114272
0.50197920987326661
0.54819826174890629
0.45030534668244704
0.4635707671358002
0.49874772477623902
0.56388350393838771
0.48025018498471622
0.39913919248556451
0.49904853436246815
2.4977509086812197e-05
3.0118184400624333e-05
2.4821263110516981e-05
2.9836384023106179e-05
2.3514348559215371e-05
2.4525340009722291e-05
2.2393114017095699e-05
2.5095816802609899e-05
2.2260455166558209e-05
2.71169879497661e-05
0.5044743366309985
0.41680361334257376
0.48565064496984151
0.46814664257620592
0.49479486405785511
0.53106314175738223
0.55951071639993011
0.4897227728812456
0.37942885033025298
0.41875682425921235
0.52290007102155511
0.43272591759068013
0.58716664934776797
0.46297267286388677
0.49706811762006525
0.21772112223106047
0.5073308984916034
0.49286478978083426
0.51736108215096122
0.54665827455924976
0.48505941549193743
0.52132763696050866
2.0405994960283042e-05
2.4046360385573238e-05
2.8338029337450843e-05
2.4714025814354649e-05
2.1737840866610166e-05
2.6342622964794103e-05
2.4382375137176864e-05
2.5727067674685781e-05
2.7525399663555724e-05
2.7859801881692478e-05
0.48239354892398467
0.48858784252324478
0.54116244596089158
0.49706853375887311
0.4897011266861015
0.50829669074591577
0.39903659735834685
0.44000146170291382
0.43069595946417627
0.40058436515644097
0.55379656374062669
0.5163368374376065
0.46789766717200665
0.51771560868803157
0.44932812888018003
0.44031358333466825
0.42466047000439644
0.5401624215343872
0.42505105183302727
0.53608977152962567
0.55355685653144338
0.47278435995579099
0.16919220272706062
2.5469729841697257e-05
2.560170510242361e-05
2.8780857985477501e-05
2.1283003358284905e-05
2.588715505284079e-05
2.6924643561906818e-05
2.8699240685104528e-05
2.3552200866173342e-05
0.61229874547641683
0.48952685746528229
0.51172895702377064
0.48036707605903928
0.58028167967556377
0.45111848351025324
0.52454589644801153
0.46209302226070831
0.58211884953802695
0.36893255076562442
0.38806797757306205
0.59680585961082999
0.49782248853647498
0.53039260231391738
0.47797699059569887
0.50276312779999655
0.57873478596167005
0.45357778607717802
0.46470728556510377
0.50429628024539541
0.49391532455596049
0.47726457149250112
0.47201371511578849
0.44323036987570691
2.289191453997473e-05
2.5877976845598181e-05
2.2329398494709838e-05
2.1370864709251841e-05
2.5903279265052783e-05
2.783160068688211e-05
2.0503603674778887e-05
0.45705418168173451
0.52898766786906493
0.55724527171107463
0.44261825360157531
0.48789057191357565
0.48572679956712417
0.47401079345914054
0.43778348160773112
0.45730742348200581
0.46434831532246568
0.34546273782280024
0.37439051985601179
0.53692169649122379
0.57670069924024836
0.43924817022956286
0.59601421595385917
0.4740897452220455
0.60693071180677671
0.53412225383881673
0.53287140923505194
0.46988095688473003
0.51240669382092674
0.50896259847140768
0.56429095574451993
0.54309467828704616
0.47375086876914246
0.5106294713549997
2.3892589251368034e-05
2.5502274646224363e-05
2.5475949113467411e-05
2.6493684409762078e-05
0.53486336685959435
0.48099708468517866
0.5975546882484124
0.46742917726304067
0.54015167420440935
0.53326842953227138
0.51214349921722491
0.51185360877630526
0.46558577443301102
0.51638277575176039
0.51569580149145222
0.4893770581731603
0.35800630470971823
0.42908793707061943
0.45566225818263772
0.45172248803821186
0.6348598813160069
0.50002925117162078
0.5855993045908503
0.52593302835514599
0.55531109306917681
0.46159046475222504
0.54044077680481506
0.54152512437792655
0.42609631211915172
0.4792071409575156
0.64217181776788868
0.49129771022997443
0.4731440761713297
0.52917311995015615
0.4943217031666326
0.44387623634523843
0.50086464560278299
0.55195867895657358
0.47140004164394139
0.44695359028461118
0.37551092669226921
0.57120681255178596
0.50041263881133258
0.54210667590221717
0.54675746367936229
0.52682993287461166
0.55054132687210378
0.45283053276056373
0.33428434091239773
0.5301818901930917
0.46255689657578469
0.48436542213601158
0.44002686679564929
0.55149768082686745
0.44880597873936284
0.46859243907872145
0.49889857304520557
0.50941499204075702
0.4490665542272847
0.57016535363105414
0.48916562536728148
0.48695513457065648
0.59781725182813483
0.56538118979957119
0.51155258300660722
0.54668856229393092
0.40856952955262871
0.56021570024703671
0.47407249585552935
0.5382932649262977
0.5694535915309038
0.55547134334795611
0.48694835212583182
0.50370906932575488
0.5207795362234009
0.5098814372227799
0.52846359089886175
0.55466397355623165
0.65728436513220467
0.39629846834947147
0.41971821820297261
0.47547612581875487
0.56594740371966146
0.56333839021333987
0.55497423874010932
0.50226711961953729
0.46383979933328034
0.62154355827954411
0.57098775565164428
0.50909293231834007
0.48372073339064514
0.51701824997984924
0.49334342241249057
0.41838209827535261
0.50950323186015389
0.60060582408425356
0.60302431685761337
0.4121929811620289
0.5477520216408055
0.45475870941275387
0.42062740950002242
0.39847660854824418
0.52424328744403426
0.44971587428469117
0.47564115201278656
0.54402726135319757
0.51950790152484982
0.54166673467387239
0.46301170114388851
0.52003973939375003
0.53079468013916686
0.37646259941279292
0.42492784395257288
0.55568714931085916
0.54348429228692152
0.42210437153002456
0.42315925183995473
0.44402373604671702
0.50065091070390566
0.54163383972615808
0.54893964367865267
0.49975972626144854
0.57601987652710995
0.5230496374749376
0.59249877762689951
0.49736255457114226
0.48983378638887409
0.43787374414040453
0.51994146537742192
0.46688415164881625
0.50607010275751285
0.48529521326654179
0.45023755307112401
0.55498322227084784
0.52018232059911707
0.51521062062036294
0.58489044744716501
0.41676898899217651
0.51872959428756671
0.46383085142234604
0.5172091961066837
0.56814254547843168
0.60543956831594636
0.48941823599778345
0.47940628619350045
0.43688515050457732
0.50051098367585023
0.50013277386627542
0.43505675951928818
0.48506520237178719
0.47695605788072765
0.51879326313548979
0.54469139297762892
0.5314812658675
0.4703669023633319
0.46345993362191201
0.53130082942415424
0.45724083250536457
0.56185163749416256
0.51242057264680607
0.49230217300053369
0.48288759766992051
0.54251191215818828
0.45993168303123888
0.44141924307826125
0.58378273713739581
0.51051253489871962
0.57514542102317257
0.38909021686299938
0.4132751679061179
0.35584758972791897
0.44173853134719554
0.51404800388699123
0.51176065516963509
0.36986618620384981
0.41031836645550818
0.35144176998066057
0.49052808025076122
0.42275199766064347
0.45861313530161757
0.50324330387217897
0.4564249328854772
0.52248189236502796
0.5614302042774062
0.47122270081618439
0.41164327218952929
0.5241381818335541
0.52851666819580578
0.52936893293233511
0.58150595361327584
0.48822955402743007
0.48170055556137675
0.37606441162848847
0.38776443896111373
0.50641749822682602
0.44284170472856726
0.51132350726874631
0.51173323614738853
0.49430864355962006
0.51623265709911303
0.45342494636938174
0.42221139365012761
0.50517747997719098
0.47308575227057764
0.53768611870215455
0.67885643937382767
0.52287109606668358
0.53368992629098988
0.40682745466614295
0.47351798580340049
0.49762515119485617
0.56275268632395836
0.44824190983335999
0.52050951277535151
0.46902065086141337
0.46729230551556733
0.52190726130333631
0.48913261659621826
0.4997692047305155
0.48831883563230155
0.53791560364680024
0.52288024490108798
0.47402094639712006
0.54906344849947275
0.54293741080520885
0.49054818607352774
0.61112295691839402
0.47580641131052936
0.36250155531306144
0.48850136070226496
0.48245580802663873
0.55906326971172793
0.47296584775514156
0.52501969353717759
0.4514078703256123
0.54510722159363989
0.62066283548682777
0.46616837339513545
0.43168304168145444
0.66422568928407544
0.37190216791706526
0.38025566943847561
0.43270583964903031
0.34028624550669234
0.38679512991112969
0.3797017360639478
0.44065601665049042
0.40007873304472813
0.44759232043393915
0.41729613805384569
0.38917636015153056
0.46085076588151253
0.41862920618979421
0.3756800372785925
0.43083867205607423
0.32798433190584653
0.59370534037994749
0.49113243336664886
0.43137443497104294
0.35340484784776771
0.44021253818914485
0.30828059206749481
0.49376475206441306
0.26866093377619799
0.35042830072206094
0.43756330429338347
0.49424296662576356
0.42379962297102008
0.43391292574852913
0.35718563746807708
0.42522347076125233
0.3247498021570035
0.26372195819551586
0.42546072480838903
0.38378371062382582
0.37375121361001529
0.41820363736125049
0.408513847579075
0.39490849662151734
0.39442661753949249
0.40925267918470687
0.38263880118479265
0.38889871662098896
0.4369878992532556
0.3482893123214254
0.39598543940749459
0.33457305316128111
0.44190818121315967
0.47010866301432802
0.40356890312192528
0.37469249925366799
0.42725838817977108
0.47089313093272506
0.4042084426125126
0.41628027668011341
0.42619168055812601
0.36384435218167144
0.41255853013143412
0.40469454602158766
0.53458102023771148
0.40421173332228205
0.31711340582362318
0.50623466569424547
0.33531286407227229
0.42821865379937479
0.5506727562390199
0.39919383354271437
0.45038781470171579
0.52066544950277016
0.43175830030161066
0.53007736815594719
0.52088744359302819
0.53757096203017218
0.54495918354666251
0.50614941215206521
0.59071713777105361
0.47010100567682855
0.42648467496342102
0.53441868638398382
0.51178004524023912
0.54727169314102997
0.42778884035086839
0.44708397925202703
0.53952287766688534
0.39234589649396079
0.58447196702409343
0.42366443170442025
0.39759417422979909
0.50400539895266638
0.47976611236534994
0.37891958557681471
0.4726133607058256
0.52853371380073744
0.49070362665612749
0.44492698084077481
0.43094856823703631
0.40876009682980813
0.46444725511258061
0.44120049629979702
0.51366787893978061
0.44445276663381156
0.46519573813667275
0.46230060782572274
0.49509817106532139
0.59881417105074097
0.41254940668817164
0.52980511001199071
0.550467696466719
0.44426499727119156
0.5572399283817886
0.52227967624250882
0.56450701470567577
0.45475494215942142
0.4537243780468625
0.53913120638237444
0.4447015471260769
0.50358777926855192
0.45901642292305989
0.46571345303989925
0.57075908659052044
0.54509359985995753
0.6078185792406291
0.51005003361492507
0.46476666181037024
0.52348979913440885
0.5577079112206037
0.60454038476653582
0.31833448054454194
0.34535676809509791
0.45351542193249517
0.45110716496954506
0.45213368428811757
0.48113039651300638
0.47275740498830465
0.503524445343836
0.56330337641512429
0.5089723579768749
0.4967347662004426
0.46914941844257202
0.36174552435073926
0.52685422818934324
0.49539335476034291
0.48717900718757168
0.48583029099314701
0.56027557878668099
0.49680639399414145
0.56215047369214688
0.43198936785846914
0.48780639254728159
0.49678207009480807
0.44331138804406317
0.55066732834651555
0.47301280627130687
0.51535653681046556
0.5015351305708724
0.45154202195765447
0.43702280651846376
0.46944265232032062
0.44391078767802411
0.45862153173500253
0.45438889537401289
0.59358228681663494
0.5114540125232544
0.4161874685490754
0.45670698420004879
0.53726075361637959
0.46950414717043815
0.4471699192946812
0.43631700757933928
0.57426078999842978
0.53989637007247071
0.56199235552304172
0.39176613395990606
0.41856559272837418
0.43369935996662595
0.52196397740439215
0.62911917971001841
0.47282841693263261
0.4126872716779893
0.49334410929695932
0.51158450951255019
0.49599206429828119
0.44355819442161043
0.46352409474019901
0.52002849616898184
0.5506476163988232
0.51022419438357425
0.45023784684069929
0.41659684580964523
0.5902005547980318
0.50179622934300527
0.3605670101120399
0.49578746523158324
0.55733688807246229
0.33052939829140499
0.53593727480347042
0.49621593500355388
0.48413964452320885
0.50853372879500047
0.62561938084075663
0.47489984485373998
0.45415366066676099
0.55498628873980183
0.46022511551933198
0.46037622758852054
0.42098543486416701
0.53559142649446623
0.36672294959392049
0.49212232185463761
0.55454929885892867
0.52246201576397866
0.50826818448907629
0.47111253849426926
0.49755700655505658
0.50667741139722566
0.41081146768496607
0.54278772409690301
0.50063253745589931
0.50143709881774512
0.43368274538341123
0.50897551297321098
0.45778500262438482
0.56313688434189135
0.3877489422378963
0.37468884617936371
0.45245780797222795
0.56563705560082289
0.52561766451983694
0.48293643126806118
0.50562486596929723
0.41474987795461415
0.38446422635533101
0.52393786956279476
0.49837437253129074
0.42361405611369346
0.51440805972243231
0.52184744688930962
0.4248344376043422
0.55438174417526098
0.39268309163637666
0.51686816825804316
0.51705834892090186
0.4449424431013741
0.57140639826397532
0.48305455642955308
0.49090452592271244
0.49326934174815684
0.48634492847977984
0.43953399482856997
0.48059879093385943
0.5248210560734784
0.54338462344816663
0.51414798377091497
0.45542399457184635
0.6109583380323188
0.38809301399632429
0.41923201071269878
0.5059742790563202
0.51647783260852087
0.51788866776595677
0.44888443733056183
0.51149422899879393
0.47208546375878513
0.51307471844737362
0.46112141773838777
0.48758255861355382
0.48056640065370865
0.46261897089992304
0.46520882198344055
0.48513392696967333
0.52877832119472123
0.47237610029404037
0.42856714493491022
0.50791106931618091
0.42819919622572239
0.47422389827211908
0.55998829168371878
0.50807666955197295
0.54351880969885424
0.5061624340102685
0.5158431682081781
0.46717698926394691
0.53069771650504349
0.48931350114175631
0.4571200844592278
0.50270805328498003
0.51548843601478045
0.38998695137031353
0.42090213088932876
0.56728337072779855
0.48646662467685703
0.49212419922475525
0.59794563634167752
0.50544824363115459
0.57940011961739468
0.56301605573458324
0.49031762932046302
0.51397762797078872
0.47863619437335519
0.50122072689548947
0.47827384952065133
0.47501342296477406
0.44538085680033901
0.5718620973978884
0.51098399166189767
0.49434591185839133
0.46558925237901239
0.52872898241408461
0.45888858664161536
0.51541834301711387
0.40521346334728381
0.51473856400803297
0.4956632478656105
0.52568950876222842
0.47243773819408025
0.53164507255234073
0.37979172464944949
0.49055272198553945
0.47089303554331563
0.41988744292359553
0.40939527910363133
0.46070244979362829
0.53013104007843226
0.50050791233221026
0.4375186614384487
0.5507363197587497
0.60938847017237197
0.4506072803643007
0.45097024450884238
0.54211134898396307
0.51311804412690531
0.46004242312026894
0.5089234584580784
0.58438320448031023
0.48592485501562871
0.50394060640314731
0.55631084904475614
0.51828411400599639
0.5253930029475129
0.49594956266500706
0.50053425568791921
0.59638465488839021
0.36022201607930632
0.43467514249502914
0.46662359137612147
0.47670150701935626
0.52820340923572662
0.45981940603774807
0.53376761931575345
0.46276832312437449
0.48624960546187201
0.31281277363286381
0.38725182804943786
0.48879619912799899
0.54817118934018572
0.48109719298728443
0.4966236492997802
0.60849634713354661
0.46713331239627565
0.5064852891744468
0.39723162994632594
0.53427676328887352
0.56377404551549204
0.62207671366883599
0.44358478230524101
0.59865215013005657
0.52711552757429936
0.49433257039044465
0.49960153488199111
0.51955405410352062
0.45007949782648365
0.40810051408801917
0.50416552110573642
0.56621878004616855
0.64184043571084237
0.45400094549368802
0.56003348475032722
0.5105392391036595
0.52526059254370472
0.47594538123132063
0.55701314597938045
0.47100254552522525
0.57427328611794837
0.47912295542552907
0.36820677620095932
0.51585840992126342
0.55571652246720804
0.47629736453235405
0.52721835607770162
0.51442573805593461
0.59642102994206203
0.44276198071349199
0.51667127089106635
0.51170647988523821
0.4464568753036996
0.42778828781187311
0.50477037773909217
0.51563286749562776
0.4770443794399854
0.46634551341779329
0.4510851246582146
0.41742036795643767
0.43702216809002076
0.50859024842401457
0.52057263831946987
0.50199764821209747
0.50771312623394693
0.52503426678919651
0.49845688275746824
0.50059167316452602
0.42093481471744598
0.45484893855918551
0.52951343367645676
0.45928077495949365
0.48627735285505352
0.45727891123261688
0.47527518419204784
0.5211500101764992
0.52957703764342468
0.4808103173268099
0.49082005995195449
0.47768901886839399
0.42075611225084292
0.45513520055036277
0.57454132255871038
0.50536839025945435
0.42438642064323068
0.47193653219832771
0.51153543233870258
0.52973571472695291
0.43331681226615132
0.51015417852163969
0.45041093945898697
0.47801307073144234
0.50859739485930566
0.38970469028101601
0.45938086392926086
2.4006068255722909e-05
2.6809805628855352e-05
2.4365617654008141e-05
2.6054661221491882e-05
0.0040987214518069673
0.48958000166539162
0.48203597825606403
0.42623797804419522
0.55691949021400022
0.60567357578786363
0.49904307990988533
0.38395842052800944
0.52244323483268751
0.60798398162280209
0.49307243729160816
0.46151587348354023
0.45107658755539004
0.41076794829477525
0.47393672943665305
0.40345897421568283
0.50047715845099383
0.5264868258205897
0.50310507540692817
0.56289169543792661
0.50765196750110142
0.5130360274367427
0.42898430411774324
0.46708121872200775
0.5737733819935531
0.58429473513082097
0.46453406857274865
2.7534108471285015e-05
2.6096853598115543e-05
2.5887267523830889e-05
2.3342510058927743e-05
2.6883374175473032e-05
2.2942415709130217e-05
0.00075175219025335296
0.40000647530472017
0.54382337510144396
0.38934071901504114
0.47246602571146584
0.43955256576946722
0.41547649045024482
0.41074520042398494
0.5376777912628542
0.51419814242651907
0.39485104462569687
0.4917569766981128
0.45545727493837473
0.51812852804117704
0.50253086313895656
0.46697536331621148
0.51412719444256838
0.47106660476815104
0.56829055563394648
0.52589695269926406
0.42340719742640481
2.2015272860160636e-05
2.6464782338987341e-05
2.3506485690941185e-05
2.6755904867855402e-05
2.6700843716091575e-05
2.6221375270188027e-05
2.3887409956326417e-05
2.3245441170750761e-05
2.3978560697486748e-05
2.5910127606559712e-05
2.8944369561106339e-05
2.2980587879779335e-05
0.47055654212405768
0.57654605707950624
0.46643419852889428
0.59488914028008799
0.37495884421258718
0.45128867559707464
0.41037754758781558
0.55041446858981924
0.4672046054017352
0.5072017737693667
0.43263676705484111
0.55863050949357007
0.43715540076243481
0.55030795466163662
0.49698685012851018
0.6178019338093409
0.54666916526269749
0.49992881071264444
0.45855708440641052
2.6286181715941789e-05
2.5257619408351455e-05
2.4416397741414966e-05
2.2819446968889661e-05
2.1706527735279784e-05
2.2415718342070995e-05
2.4619311572462399e-05
2.2526571937155789e-05
2.4929216389351758e-05
2.7013509242244629e-05
2.9749351778915865e-05
2.1928055641159917e-05
2.4478957549674082e-05
0.56406749916204357
0.50377923775683786
0.46275046309090456
0.57912149682192282
0.44172794916044955
0.38312918772576415
0.45639411797967117
0.49799918203186888
0.54804595501079345
0.42127212528091146
0.58144884202549207
0.52911264308183326
0.57214180558047223
0.49774606236627672
0.59625897920779902
0.58006953030391928
0.54861149316896285
0.44361146667719936
2.3920711028460456e-05
2.8171500041796993e-05
2.500045944777668e-05
2.3615537525901509e-05
2.7114632173761356e-05
2.5910544142378103e-05
2.3129110841204055e-05
2.5384415607114648e-05
2.383946291783818e-05
2.2866995416994062e-05
2.4316141821036291e-05
2.6056561099617875e-05
2.632755031712459e-05
2.9364840128259402e-05
0.45947346621513052
0.5566885472604185
0.59314064982609394
0.49865514943727929
0.35693353377865927
0.40795149222899058
0.49655836727113084
0.48566388860446158
0.53602305788823501
0.45996287242041239
0.39346455164543293
0.41306599427133006
0.51341916091655349
0.49170447093529812
0.46492195747524395
0.53489308525275259
0.49496019153709858
0.48408629699718264
2.4938195862232307e-05
2.6576269450229928e-05
2.5704448398472246e-05
2.3545275337472652e-05
2.4840951355966048e-05
2.6598101663469864e-05
2.474885161672894e-05
2.5675803262842933e-05
2.3129266047995956e-05
2.2398213949569308e-05
2.2485666701783938e-05
2.3389826541861053e-05
2.6678724683265949e-05
2.1327466814241414e-05
0.53589857318010969
0.50624986575848063
0.52604132246479662
0.43794460776326882
0.50072866848292197
0.34872598602570926
0.54256838826216314
0.48428355811893486
0.43791156160676398
0.53729184411881226
0.45317631573800482
0.53728034712109107
0.45817368592078417
0.56985614881055846
0.51295127127961637
0.42015385939710481
0.49254870987219773
0.49349290475599422
2.3484157733425107e-05
2.7480495605542036e-05
2.7822665986157399e-05
2.3495599739010639e-05
2.2068410818057628e-05
2.5804606585400438e-05
2.3624275809413099e-05
2.4025125112267857e-05
2.2624903191733127e-05
2.5576237142017795e-05
2.6653272242076874e-05
2.3204239127612534e-05
2.5902061843891784e-05
0.44940106746122971
0.52362390927379832
0.54716474109657687
0.53159423003269113
0.48864660924437342
0.42007758599084954
0.41610153185460219
0.5071050806964128
0.54091170098684238
0.47733790218665478
0.47459081238727086
0.51462405278711443
0.56940966610413446
0.46840156478866407
0.44088326473420436
0.49856685925827993
0.50495445422500307
0.55608564062018173
0.52941011585498354
2.706973406161322e-05
2.2535158019346692e-05
2.5247677731503141e-05
2.0995096340096953e-05
2.6971058979960957e-05
2.7912445565287716e-05
2.7926680878817259e-05
2.582052714150787e-05
2.4016296117054551e-05
2.6627868199827892e-05
2.57831947311155e-05
0.00010409878744278943
0.50294506277414286
0.49516550560529982
0.41987687456812883
0.42714736169844764
0.52377388250983137
0.4621370763397224
0.46708160863220072
0.44868061838791584
0.55154382706832394
0.51712769682140736
0.58304320023917655
0.51634326463406854
0.43494602863920795
0.50682088706871775
0.45167406909798069
0.45365805803106285
0.4650097781416575
0.5987317861911734
0.428932519352342
0.4720428665242028
2.0731286017113075e-05
2.4132238655472689e-05
2.2243754619639766e-05
2.6224918799979663e-05
2.3413773330732565e-05
2.6848464781927691e-05
2.6037935764225796e-05
2.6876590581841913e-05
2.5004521066334855e-05
2.1577896187070673e-05
0.4281242739040067
0.49249251201028299
0.5091740656342959
0.50736901398776668
0.55687260645251302
0.53356747998863285
0.47718707078770339
0.41146075778118901
0.47060743017277373
0.41740177353103591
0.5518978567077103
0.55317696573780384
0.46586295944934591
0.52401877955919474
0.46024974913048616
0.47822343563242048
0.52322533056008513
0.53571948325107455
0.46756719168012301
0.48884782883630523
0.44007920137307799
0.49732481819891028
2.4805608990347714e-05
2.8623567228408321e-05
2.5465366873325042e-05
2.5655914647410437e-05
2.7772452324474728e-05
2.6936969986437015e-05
2.6515569700371252e-05
2.1549347859995095e-05
2.5611876267752399e-05
0.51483909474004785
0.5113160482071889
0.55576363058564349
0.46077924679753524
0.49472716300165304
0.46155276746897067
0.52307102374549208
0.47795028582674581
0.5490049029215649
0.45031737474404343
0.42303254804914375
0.58647770330241822
0.52188170162980674
0.53499609372022461
0.52775988123673434
0.49020591905861993
0.51809232995296794
0.426967815376395
0.40646939974211282
0.50898830317473642
0.47017056478558722
0.54351163300568972
0.5160873733513498
0.49418779559130249
2.533029594226828e-05
2.5553727028566711e-05
2.4166146403728772e-05
2.6144176520970657e-05
2.0932457398418866e-05
2.171248185046684e-05
2.1977593509593841e-05
2.2149307120107175e-05
0.51168566675989458
0.56647001200377844
0.42864698990140765
0.52293065004912309
0.50859552828545374
0.50799843275990875
0.47535544609251029
0.50150857452958419
0.44107451866909181
0.35107699516340524
0.39010406802668962
0.47759192936613981
0.3924118446424939
0.51340128070894564
0.53808293622640258
0.48249062276791138
0.49760508868731729
0.47783015816965374
0.50625088134812801
0.53828920239752942
0.65098162495848488
0.51246309537179813
0.55829223839097419
0.49015211202300207
0.56273803574249825
0.00040852921707619543
2.7343881166358469e-05
2.4680942871829272e-05
2.2738359985546128e-05
2.5581150092900979e-05
0.54803897530559498
0.53765026733712884
0.46878857928116868
0.54405421332916082
0.52387050398415325
0.49593109404376245
0.49722352275734016
0.44317308262045668
0.57451766658109926
0.49201285453903981
0.47720131443989683
0.38416771115769471
0.60590024568783363
0.50270907088112105
0.4880749349885769
0.44519686411036857
0.47494329367065391
0.45984714220473955
0.56371736934733108
0.45706597575490282
0.46108882417542935
0.52465898899953356
0.49320968527885983
0.44601394344718526
0.4639402865602163
0.51209908927919601
0.45696808927212657
0.52097372153856036
0.49522877027966572
0.41400672121354609
0.50910273135101036
0.56666060534918428
0.56643182419010318
0.50498481251361216
0.51519492329099903
0.56143882334270734
0.49046819693636956
0.44848344741688806
0.52462950823419729
0.50170933436385479
0.48807371210413836
0.33685994880043679
0.38517783665093602
0.45006160571802878
0.36050305051332621
0.40745635387910306
0.50496369958721798
0.55623717661826333
0.48859334000555388
0.42808737158386562
0.45424510186696404
0.58172150106162457
0.51309797912530375
0.49878990368121795
0.5565279966436395
0.60927846308893507
0.44507069686089984
0.47470686649022303
0.40794317286887272
0.5213211546380826
0.53303486339752859
0.47204739193713596
0.52918210824891121
0.56838555899282905
0.39251321428923674
0.52209666267251642
0.46936411975161291
0.52212825831347542
0.51218390714945561
0.50719165101305619
0.52923863006386784
0.53301153773804399
0.47915694435716549
0.46247197977092858
0.46690952702685634
0.38404187685396185
0.40311476792599077
0.50526570200189813
0.57564648499454396
0.54410295995375202
0.5091039314554604
0.58046241679236854
0.47234823004844928
0.51465632415125129
0.55712173855544522
0.48613213075163436
0.57695057303695174
0.57030103677800781
0.44428504070732139
0.48438349722366281
0.58115917981459286
0.52254276654282727
0.51850838122051912
0.49463675588140243
0.47597170851739495
0.50854621487777174
0.48661319922980129
0.52107477734669772
0.5393678532197429
0.52673545773763419
0.56984140372659176
0.47338518812066133
0.52371533598380449
0.40282271897616917
0.41022603005742364
0.52239904756148725
0.35418486764955748
0.41740354133054902
0.40647355990236722
0.49759020299805884
0.40817317308763917
0.46781397304569139
0.44693240997038924
0.45843331318449637
0.57510913039574929
0.46598500942424664
0.54152884224143616
0.43598445174157557
0.45903500187881613
0.4789604180429588
0.51746003400812568
0.46642404883789057
0.50388492356363634
0.518559115491949
0.53815240340232195
0.48500807762934528
0.42088193659272621
0.5356418030365806
0.57172269407835496
0.55838353068894397
0.44845091957406463
0.51679475929563057
0.59520536260490942
0.46325804632495077
0.51076773301468614
0.54979995581720598
0.48898140154082964
0.52489998923797332
0.49024398658561724
0.53059737047071964
0.35491008478858288
0.51114179690431649
0.38367963984889203
0.46549525259482527
0.53910375048135384
0.49220369203834569
0.52163413922424795
0.49894809938551854
0.60563768948257424
0.49573011376271864
0.46716624034047965
0.50398860842445226
0.45530079906861937
0.473437725485022
0.51251972282109204
0.50041244436107368
0.49813980105302802
0.47296478585654894
0.49921951847349444
0.41380017448632933
0.45756511342073664
0.48174432174395998
0.47844240720090619
0.49563147937010815
0.47414436063055126
0.47127016955842765
0.53211755240421643
0.49752151244973403
0.67312188853885624
0.47591960254926013
0.51696175690701651
0.3811201040979233
0.35069271319901985
0.62789414980326641
0.5611349660863818
0.49455426646539813
0.47908322812486326
0.49844621482072216
0.54377754347536211
0.44804385673073172
0.46802632500842001
0.46814550869784333
0.48436535975053296
0.53831750098833797
0.66123256853971546
0.4708593775202019
0.41784426547980258
0.51468661622983103
0.50500046640354712
0.5895174558925067
0.48311908622614574
0.53830676553409995
0.45229221828645549
0.44268663715952788
0.4865889576499815
0.53124727548163064
0.49475740772220267
0.49974805759216634
0.58375659850194395
0.48405847745485148
0.49394453208579564
0.39340827969087505
0.53039523137743905
0.39144959255467948
0.5026150405859614
0.52246244884770832
0.43081427023480418
0.54575065336593942
0.54350949333507026
0.36651200086784991
0.48861669995370982
0.51161396645353774
0.48424821170427085
0.41630718484157075
0.54590967635125953
0.45966070023702787
0.48052404421541206
0.43439788058366863
0.51027897036054226
0.52006351542588725
0.45091338815660986
0.52104518293590552
0.58548614728564452
0.51082594654387314
0.4835570237530627
0.46311614060483908
0.47551815047499663
0.56934767532974895
0.51725036980170014
0.4780705757481894
0.46578323801832749
0.49139009142577073
0.49820125957148964
0.50718500043852566
0.4368952696546668
0.43893684671609157
0.34945363584319417
0.49895345842867866
0.34435020861269905
0.40022970439781191
0.3333213783273048
0.41537272043879325
0.32047300428311071
0.39539033194715811
0.39229309562207032
0.40964866703541969
0.43892793964098215
0.38163331319991523
0.34789615862234591
0.37949477396703196
0.37642401141796639
0.39963309574483913
0.43418177113498058
0.41784538152290207
0.35909763103031433
0.35841769104205973
0.37284294949238167
0.36330448109783042
0.40944578317008673
0.3854462779420984
0.38616735870111668
0.36105058001380291
0.36750550744121996
0.42492247199197664
0.43191876147619335
0.34493571822361835
0.4486488839433917
0.43917430883933894
0.32245779487629539
0.389518760292208
0.45095716045932616
0.46246550771425582
0.41756090982250155
0.39519752288684196
0.34607356507086867
0.37120473393132641
0.37836877417017678
0.63504546425148412
0.4146683769651589
0.29043708576628974
0.68853482457064452
0.39250990971075173
0.35533926391791254
0.37812649543518284
0.45975913651016892
0.34420397902564187
0.50526446162568339
0.36265853097384648
0.50534867580545029
0.40419076459706632
0.44083190460435345
0.31890837270922456
0.39413879753879993
0.32843127164055969
0.47042165040075462
0.31138786136282964
0.38700687940402606
0.40365636131206184
0.36900102308822652
0.28258703222892739
0.34351267766238031
0.48961781377282487
0.42607168427614145
0.5489835775425338
0.47784121842753052
0.37468898996119432
0.53873885629358975
0.55433383079369625
0.44276921360707222
0.49761692745115887
0.40440712378040633
0.48725853763892668
0.48604987354436718
0.50843505899553565
0.55523882246549883
0.52439344588813408
0.45529908984652118
0.51094806672629611
0.48903029393129421
0.55797394871054484
0.48380372713398323
0.56407112616051014
0.5299070369622576
0.48902648225783568
0.48315702223640739
0.58221129509242631
0.44085897069805607
0.58842741586733849
0.4738673574247802
0.58102368460971976
0.53789521405970409
0.45951465668735247
0.4519252223566364
0.46481852433112786
0.46707497965255468
0.49691951015559149
0.48903848328373384
0.48286023690593682
0.44462554093512763
0.57101959234783894
0.44802197553361689
0.42578148627171047
0.54592718472355006
0.43984502131913633
0.49534703984288259
0.48592521761682522
0.42690712011547727
0.50693890365109151
0.45847896677037192
0.53272824854500189
0.47853918413937835
0.50054125392155357
0.52457779519053627
0.51647413123669728
0.48040692293480891
0.46691448194945939
0.47889859468042278
0.4334138215594936
0.4133386420974039
0.58746188810852629
0.45734282407447069
0.54744078122203299
0.48431613193416545
0.55442936279211996
0.48960569311732516
0.5261264034550942
0.38626346626234503
0.51087802366205048
0.44952200900011996
0.56579477681629575
0.43610485258625653
0.51932419151665887
0.46745554100423087
0.53454557599608821
0.48442517374246863
0.55998245956116155
0.51317573390793425
0.57342331026037785
0.50245866720413701
0.54154538785028472
0.54977508652214757
0.47848184321646298
0.49956042103646697
0.56663029879715798
0.44514675554174782
0.44026439053691818
0.55317936388483757
0.50645329713307341
0.44475892680893464
0.54139441186961712
0.49924319814130075
0.55572713678473229
0.54361493114138293
0.43471070749351481
0.47202559271261735
0.43594984755159172
0.51897926127833571
0.42078165984392352
0.46305158570295679
0.35792426954393369
0.53555833614535142
0.56823504179611295
0.46600972098194643
0.44367862975816075
0.60410630229450391
0.54384220773793601
0.4186385433825569
0.5025033399022325
0.4376067198998862
0.44927858578486318
0.55364977051131936
0.55068142379589458
0.50720734804688794
0.55633248369909249
0.4705350990248221
0.54302756927354612
0.52203226129429436
0.55182346937803228
0.58190742991629574
0.46842782687371953
0.48550297523254055
0.48996864387329259
0.52719738623141865
0.57287969656322346
0.47038009507540235
0.52128000384366802
0.47773890952215631
0.47934290875698493
0.50396083633471944
0.40161709955295605
0.42051304567015074
0.51603134686523844
0.3987257204557712
0.44233697248940329
0.45159535826728009
0.51754983187620862
0.53335321971737992
0.43601404914064729
0.52598597905158573
0.44130415792242539
0.53117750380396767
0.4931526730333865
0.45021344770929367
0.60339330904175503
0.45090756461872861
0.54545848973936883
0.49813699806390066
0.54844150093897592
0.54186556607622771
0.55260065060028518
0.55536293116992486
0.46596725287136653
0.45968827677901797
0.49160992208417864
0.39991644988174946
0.40480401973693281
0.41590985848092121
0.44916961035440084
0.53010900097465219
0.36042100691682649
0.38702720873718355
0.45122933323415731
0.5596824808149915
0.52029056899760273
0.51404846907268908
0.53148732317183478
0.53758256349268774
0.58510102249258245
0.46818933176872779
0.46846664202286381
0.40081532449322482
0.53184005647390953
0.49493254523516428
0.52938193279599055
0.49704184895242837
0.47583647542270324
0.5209658398707282
0.47012738491656614
0.58178549490172959
0.46858271472893026
0.52264684550410634
0.4478165210467967
0.52235969929764059
0.44709869365969163
0.47806018883591062
0.51067184921240993
0.5633877282356311
0.5442961435676883
0.40788157591337804
0.50416256026163764
0.50859307850295354
0.494013720273905
0.46912671767550107
0.51832257700117479
0.46111237567671431
0.52056778563742923
0.46404738533384832
0.49724167681658293
0.50380002368805943
0.53137777216904503
0.49493553976558841
0.5349755949265329
0.48952044007979667
0.46021419536648805
0.52425603816587085
0.4572324493287766
0.42554075662565649
0.46706523999765137
0.47087091940037928
0.52236217017423237
0.47628754690246028
0.60764840576680679
0.52129385650505611
0.57562441292814637
0.61914023975251109
0.47604328944345259
0.42383652292922497
0.49842259549875334
0.47718580944658001
0.50127936156662012
0.49769761857272476
0.54750148343337213
0.49680461747145621
0.42240622622953217
0.46996605374585265
0.48566252820994876
0.50532295709786601
0.47113478357778366
0.52454602006122053
0.46909055629563201
0.43154564962606357
0.50327888141273691
0.50445173886411665
0.44743461889011965
0.50634208199462727
0.54652931415799122
0.57516990896092401
0.50702863202801884
0.53041626200431757
0.54699116329014652
0.56590681413887911
0.49429359466023354
0.53971550628191078
0.49625589903779027
0.56700998391090851
0.46974170427495654
0.57649073101214177
0.54665603390013717
0.55909400998466574
0.52063048096916797
0.5220706617339147
0.46225075548407052
0.5530479740511367
0.45059835576704094
0.48402400281374386
0.4139719997962456
0.28034386607439027
0.49112968311371047
0.46150107415503772
0.56329463837873561
0.49391818943778776
0.47090172545554737
0.51066317612817624
0.54126238805646143
0.52674285197603565
0.5476753635721674
0.43379085737029344
0.43381311083882779
0.46174995007633041
0.44980106149628579
0.48448237646716158
0.38988122701700645
0.50882927819271251
0.45270981240374614
0.55291698603440576
0.58647709709364282
0.52372021899156695
0.46235458035535049
0.60738725889319811
0.53117703671909999
0.47614849349813509
0.43289604247572061
0.46046520618974607
0.55703184590883403
0.5192277298248249
0.45148772245471641
0.55255850672922568
0.44255403954270151
0.39488558035614607
0.50481564262694834
0.47154815587290366
0.53543986013181422
0.45539731231713698
0.47378749275911225
0.56550423927137528
0.4775212671013182
0.50038882902917725
0.50187496914974439
0.55823130557320877
0.39782558554636105
0.60108536499849197
0.54213533339790121
0.49943730463013364
0.52640018177033898
0.51404003087506644
0.56171538456789816
0.42912898050947168
0.48516894477689609
0.54281686069749757
0.40644524969129397
0.53826673356607313
0.56004061419387885
0.5125155222833947
0.46612446670531438
0.54733679561029747
0.48227941588019413
0.42318291040510858
0.49241212475487572
0.51890113231046786
0.43161016595554402
0.49801912185284569
0.58783866199130153
0.44762125372530642
0.40688739527812173
0.49059868801393836
0.55009996874081524
0.4763823493576182
0.47474911243607509
0.51560604220141892
0.45353573110880557
0.38150400017067176
0.53938381778248135
0.42416595045599897
0.50837734164749437
0.54661344084671581
0.5955963208732229
0.46310441633471366
0.47844545700702984
0.55511583668242115
0.38071897651183229
0.45993422437359827
0.52792764945007076
0.52075057626572396
0.52019250124068317
0.52143468273462645
0.57974201878134402
0.49129093555605419
0.52892052952637836
0.50506619416615217
0.41271536688856775
0.42347782550570684
0.38079743580752257
0.50125491181553627
0.49784819858792023
0.4677238829465723
0.46023025986023508
0.46136896111380371
0.5107809138732391
0.50120512917786542
0.47506754496121861
0.48548802966299276
0.5161247207988866
0.53132201496467524
0.53597575465832548
0.51721050493334664
0.54686784781235231
0.55256033987379272
0.48112233448844671
0.53189822242621176
0.49255432004663946
0.39311516053442902
0.56097829472300897
0.4186502722126918
2.3418193435262415e-05
2.7312289017485992e-05
2.152396719398205e-05
2.6316633857765802e-05
0.007898908680752206
0.40352261999031136
0.55884553763723488
0.48039469892428183
0.4321822157914923
0.5752328549136011
0.40384711919521404
0.38994343264764453
0.49454479460805645
0.37060676842361728
0.47713282209443209
0.47558951298861735
0.43099666551796445
0.54484745673279633
0.50618363838591585
0.53053533401044595
0.49685063848684696
0.48838377509335723
0.51483971761844927
0.55020968474543241
0.59354997612218885
0.51826858911502371
0.40468051681399769
0.4531749407239703
0.52512076852070277
0.51809664985699888
0.49302402045853289
2.3928565640589369e-05
3.0428322250518351e-05
1.9146135637972855e-05
2.4382516662110293e-05
2.4118076291906659e-05
2.378268635365443e-05
0.00044938214046040087
0.5421043087680556
0.52390899442488525
0.46689803794684942
0.54428809470120887
0.36248286175532257
0.37557756129154862
0.53124469436115695
0.41065957955041144
0.52834307613022879
0.57114401624547173
0.47185904117476213
0.43999459822956055
0.40255706802952446
0.53099215024657698
0.59704842902070465
0.46831203009399824
0.5199429139476216
0.5404040151064945
0.39089799424468213
0.40835502150140979
2.5591866212562635e-05
2.13014286557362e-05
2.3263369750961203e-05
2.144112657011157e-05
2.6381829090412627e-05
2.6628701363372968e-05
2.2283434541835379e-05
2.369518692943988e-05
2.9169072265654203e-05
2.7529999339792711e-05
2.5468937366516205e-05
2.2477413659474979e-05
0.5140163117143085
0.46634069177486764
0.54568927125985534
0.55334586749825521
0.56809547788186587
0.55486387677718096
0.49847504819732424
0.51313851223281315
0.61872210394704863
0.47728454826751504
0.49875899616706965
0.45066228270744968
0.51711345430257716
0.47014077123347825
0.4551619515797608
0.43692862566978302
0.46183818585829794
0.54696460158846316
0.49073491154513649
2.8712227397469895e-05
2.5513001177300354e-05
2.2297339068359188e-05
2.6848242206735575e-05
2.6122871140228579e-05
2.6039319243207095e-05
2.3348012616004379e-05
2.2910814931732558e-05
2.1015645985727517e-05
2.775832759493856e-05
2.8935528358229706e-05
2.3227921290070786e-05
2.1237331164134723e-05
0.39837047050642471
0.47201683218903517
0.43667571145048167
0.44829138152775427
0.39497498377897344
0.39172869206687611
0.56914549853004048
0.48758425738825362
0.49220426189728178
0.5083348637206565
0.58727692066820403
0.52371519115312148
0.48330308649171638
0.55163000276930196
0.53196651919836035
0.54730597657652613
0.49761046290609784
0.63124765044944864
2.6082287592803805e-05
2.6906504998047143e-05
2.7682466481261981e-05
2.4773071367637729e-05
2.2621456374236036e-05
2.1096014514923645e-05
2.4345695516540833e-05
2.3913027183697319e-05
2.1627707358374953e-05
2.5092596203460248e-05
2.2364927316066794e-05
2.7509974174045119e-05
2.5597416466800918e-05
2.3022556417674489e-05
0.41715914170170432
0.50106669655434155
0.48825129310700166
0.43152304618359993
0.48872853876753436
0.47723191135187154
0.45459293302752318
0.42070272244555618
0.54595326993701976
0.50594805940597143
0.56234719137748101
0.49854215800445595
0.53233808554311257
0.48338897719473339
0.40100447477125106
0.46101005451466742
0.53436411037302978
0.48014377961286586
2.5386061779192656e-05
2.5312443157044851e-05
2.5557086934572499e-05
2.1598458445563882e-05
2.5446579642702153e-05
2.551208222335281e-05
2.8221579954355898e-05
2.4862461124298756e-05
2.4665870596015616e-05
2.7108428272898372e-05
2.5591663078379238e-05
2.6575994788188519e-05
2.5826258026808341e-05
2.3676325774940602e-05
0.50157865404589708
0.45167770101434873
0.4382015134853024
0.55122242133921762
0.48237689743253337
0.44042297251576545
0.44654845611057919
0.54006240483007995
0.57822667793732285
0.49546949931459161
0.47199025972920622
0.5050406251623113
0.53213349607065741
0.51746073250851865
0.49825214125191647
0.48711303566962422
0.53044951923992778
0.33436870353270454
2.2317761555513174e-05
2.6131795021467697e-05
2.5052961917219282e-05
2.5671041576384505e-05
2.7500125679899414e-05
2.6662735011833335e-05
2.906998467102352e-05
2.4083327413617051e-05
2.4297068929032144e-05
2.5489230723336195e-05
2.5273292999618515e-05
2.4175625184332446e-05
2.4571576537026561e-05
0.53292352215762218
0.53761267728709405
0.493008239345885
0.55143818424806068
0.50605543366269612
0.48076056926853744
0.40446851468607331
0.55141916767894517
0.50723094075475672
0.51365438010666498
0.61921633026347367
0.49401693256467016
0.58957008897192553
0.42921926009739853
0.4971307616635729
0.51639741509112691
0.48734231894658919
0.4582160551454767
0.48889729699485235
2.5732484779442924e-05
2.3885206228045619e-05
2.5940004253874707e-05
2.1287131949159974e-05
2.4555235864931906e-05
2.5044640538516063e-05
2.7519636920058275e-05
2.5271004844892058e-05
2.2929283578330191e-05
2.6813441275655748e-05
2.5035710447249638e-05
3.1320168034013094e-05
0.45643717865892242
0.51695076484740254
0.51168193726261468
0.53313066505431717
0.49905569994453669
0.53752695643514448
0.53810151422275476
0.39679377730360677
0.47281421247177452
0.51150737429672033
0.51832670534227387
0.5306264022416054
0.49052971984656191
0.51181403112445067
0.47519089717161928
0.56078550411640271
0.57687654451098791
0.52647673909621839
0.55991120477515921
0.4799759382719358
2.2649544678143723e-05
2.3818799085394603e-05
2.3055108151529496e-05
2.6258045168612104e-05
2.4806750801290337e-05
2.354670569699157e-05
3.0485435550498615e-05
2.6081117909678399e-05
2.2485221942949945e-05
2.5360374201159294e-05
0.58548347060187755
0.48606497029340379
0.45112124761255107
0.52917252645249324
0.49972221222039559
0.49226951584394046
0.54707546455437939
0.49700649862868496
0.41061102053760984
0.37693505462097354
0.54080180250363807
0.40106813649135203
0.48188900482761143
0.48750347164004681
0.47522053702683509
0.45763053549325872
0.51684327779166206
0.55436682200735665
0.56922156070472374
0.53298589947308428
0.44401210642651262
0.50164300348217794
2.1071669489535206e-05
2.3454416853136576e-05
2.3173265962220793e-05
2.7621511592734961e-05
2.4418063695324892e-05
2.8757783006573912e-05
2.4108381405050362e-05
2.6510363108674441e-05
2.6837408010661892e-05
0.51278737394006413
0.48439067078312326
0.47207184351242326
0.42225678945070477
0.57089167772884264
0.51463098816341302
0.42437049983159958
0.55789784955061583
0.51402406599922879
0.44533177919296674
0.43160009171914898
0.39275609946894091
0.49642106832406718
0.52474913065867679
0.46056811406552656
0.47346087385320307
0.52495527328965463
0.52855817371414526
0.51626068242378709
0.51163838944431994
0.3878398399340075
0.57569222112969143
0.50572806097464384
0.46597085794840026
2.667830783278889e-05
2.261441114384249e-05
2.7043556461579162e-05
2.1143537310144525e-05
2.4474241752653666e-05
2.5381820015028722e-05
2.2705264489098632e-05
0.00010002122545533929
0.55936647081886304
0.54391122977038953
0.49071120788726419
0.40537109744865402
0.54485051902074533
0.48008168953820168
0.53863933183149937
0.46104630052559759
0.50460837725753604
0.39114422819598449
0.4250833227437959
0.49169841919351243
0.4390762654273333
0.55188082387695991
0.4134147820835003
0.46660071870503839
0.53424349099475155
0.54122392252580287
0.42334115114732884
0.51642400352105022
0.5159742032913176
0.54293973187269462
0.54355415199069745
0.48114964419341216
0.54462095267510457
0.010514584158696936
2.2828098979202532e-05
2.1572645986820049e-05
3.0825633262733603e-05
2.3774756744876316e-05
0.4920356104491666
0.44868101411861189
0.41072706160954137
0.50430406694292373
0.50134467695785478
0.55023008382311689
0.45222340029681901
0.51263544844192266
0.41596597769227273
0.48501832763435759
0.48080317098474751
0.44470270369747306
0.38067886314454291
0.41593416279701456
0.43176926766393781
0.52391553281861236
0.52246339994221935
0.53805438443262732
0.39209433398397564
0.4983036116912356
0.58120881443516881
0.55994286169922436
0.58718894168770586
0.52562248540117662
0.45384439483783384
0.55876498480725911
0.56009289404352458
0.52125528180424086
0.51032889921560087
0.58626294740668861
0.47929236254509766
0.44550687759296836
0.47791001466425231
0.61011920670399
0.52847395280076226
0.51545812887856224
0.51427980084220326
0.41371628346664907
0.45537445747030625
0.50802388882962868
0.53360211833877802
0.45993100014331262
0.55274405512411307
0.46118967262167571
0.3613591993370952
0.62635386495440393
0.22177295793137769
0.41550551154650356
0.50240244815100754
0.48457465299546154
0.50570288355258242
0.53447049310090899
0.498804687167339
0.42233259959024305
0.5099275990279456
0.39533412752055136
0.57292670179226635
0.58681399294246339
0.4874975776325508
0.50099795895099153
0.55989901763704419
0.52514739793090759
0.49429689748306427
0.53675804586829556
0.55728573760972822
0.6237988018540751
0.48169805393291504
0.49863868741701589
0.51260420705380694
0.62266303014021407
0.3953191914692703
0.51356355656768771
0.54301393827747824
0.56776141492268795
0.52797169088321971
0.306733153844859
0.36941677432433345
0.51152563982145915
0.42043020198221387
0.47007382925029084
0.57763611002149817
0.35243916069410097
0.44157884232237815
0.44756973879293305
0.53062445878763487
0.47038684971339179
0.41671199787462687
0.54965576056483811
0.54395145041563808
0.46336071330030798
0.38568255266937723
0.57050008393031348
0.41720153205864979
0.50856467199835276
0.39553234086450345
0.48773021258076221
0.50837852619028767
0.58924058949848745
0.4413754177993941
0.51017336616518016
0.51817113578297491
0.50687062661529125
0.44348408307086712
0.4615583947446571
0.45995308849126254
0.40499888895947794
0.54393966084074397
0.34928136002424759
0.40865237554161926
0.50533202414339962
0.54666710212054193
0.45402894882834727
0.47105225789805472
0.45472299006974815
0.50027606279900783
0.44094102906577931
0.49790752880941769
0.51945318872145929
0.58095458233034791
0.57813147952775257
0.53911949401044956
0.52239403564275022
0.47493439553134043
0.46206803157836535
0.40377723588632269
0.50376160573319162
0.5575531717129607
0.53523033138449383
0.48282484005206011
0.53120879402386045
0.47232278773198411
0.5170994574787231
0.50116014135409426
0.45437202641454966
0.51245134776675905
0.67195869351789017
0.5198159201937772
0.44453085330556041
0.46182231105575228
0.3991620776772441
0.48586348049782807
0.4859407839041282
0.57867096783025429
0.50190330971615371
0.64472112442975937
0.73549798998369176
0.54668859436780104
0.4838441388739611
0.46916119981436899
0.48061147361624418
0.48090431676876283
0.54183571308462319
0.47186730006662886
0.5476315235800685
0.58154904100799965
0.57085622048150675
0.42634661357383108
0.53662865640535351
0.58162545286788636
0.49437109647388294
0.56604834189894004
0.53999649166955055
0.48323141787943763
0.50304637294668819
0.53417862645937664
0.57086372478488534
0.53703629627392946
0.49696894228605987
0.43476487035356243
0.39774217510335924
0.58926774847495045
0.36959744558912844
0.49212110271668413
0.50111175444173817
0.41497850763722233
0.51153500725862022
0.44388653216825252
0.42258720833190982
0.50496334026819767
0.4017997437643735
0.53701713150907338
0.54498751633383025
0.51898600789767635
0.50627275804634331
0.49752906798310675
0.43925317447741663
0.54257217412077874
0.49341558835571453
0.5401308969109776
0.36229637867388087
0.46038663643737121
0.54687306546965231
0.5456582964460529
0.58158449785680744
0.58849302033390194
0.49426191608368991
0.52753611499771258
0.51535988613550365
0.55102390637293985
0.45186114791341819
0.55592104281798471
0.51532647432747758
0.54036376851973511
0.36165919399891761
0.34747743283595695
0.36585021327954437
0.59422033332055968
0.45216049296372285
0.53540401980752339
0.55606019708925114
0.49266825959430421
0.48053102901149014
0.49809529012811837
0.53733801885214916
0.43030892289130745
0.50862527356925125
0.45994651649758211
0.50691090449391507
0.45822784323446258
0.47165287536740047
0.46462888674299413
0.50562612946502539
0.49288971733529985
0.44711150170941338
0.52631888246972369
0.43393063351172628
0.51979035954684749
0.49218702324878771
0.55545376418255377
0.48347952695370278
0.55608885722851475
0.41511593302090927
0.46665430219338794
0.47840536438960457
0.54280961478183598
0.46952858225285432
0.30040388668568835
0.36251640748958197
0.38842431790520782
0.45439949585301131
0.45465052512525567
0.4274938192861007
0.44221684491404184
0.29952100529317421
0.27653223600569526
0.59710363204031636
0.36705033596615361
0.50826493816472307
0.40291512602499646
0.40211137264704827
0.38449672456391198
0.47446212955728423
0.42429750261252297
0.33066285939957796
0.35003147021587044
0.41004481449682817
0.35105308536041779
0.46411707941234848
0.39107034870977558
0.45168387271262539
0.39467901335342631
0.41345935947731727
0.39984363352300395
0.37850557986689848
0.50074382680629315
0.46331535738545132
0.46508707588755038
0.3948414514555626
0.28440804640738498
0.39936580462295523
0.40214512267258068
0.42786510092527713
0.52826508483792411
0.42067394339753073
0.34624091987413208
0.34541171923926245
0.40318463320585662
0.31670513991619931
0.31896556688418537
0.42330271185888746
0.45958499386603829
0.4821882140384845
0.3248219671393342
0.47028307904262112
0.38442700328889517
0.40259655109222281
0.34018436003364977
0.47532255596353973
0.39940653134114207
0.37636903058984988
0.4589929509580925
0.38308488563529458
0.45728622760578297
0.40848812449059768
0.43179818561498029
0.34894558277080151
0.32577863553872316
0.42959046782260046
0.35449470356222973
0.26788491459371866
0.3843560650378704
0.53085167249174026
0.4897594699515545
0.53467250755406215
0.49055377956774032
0.50206127495516806
0.42718752502114843
0.45457096193413687
0.54215131667177463
0.5578467702534301
0.50459468504261895
0.52081149166548779
0.5080682410585633
0.59483544711176406
0.56712845290824143
0.49576233991264129
0.48897241049227769
0.44692941907890399
0.58443781124752392
0.45127972408472006
0.62735803991534234
0.51354368870512412
0.42199693291420748
0.42245899790875102
0.51531541417967686
0.48397063330779971
0.56468894079775789
0.52090038200093514
0.50629496114501193
0.57065135921547094
0.4486776118816963
0.40133586942211547
0.3751875216511163
0.42749228536629169
0.44881430668228267
0.52437941272925714
0.57546640429481322
0.43078189298369729
0.43450772093127976
0.56063418457726255
0.55516939570677826
0.51616923000684567
0.46508264943953526
0.47422567845326458
0.51716122131224385
0.56575115100648954
0.50204893059370737
0.45098328290032941
0.4584247830677734
0.49861976632534549
0.49179650579159956
0.41657389304375841
0.40635970378554093
0.45370884516802351
0.41693035322151289
0.56823996105628383
0.52204144660798413
0.54134951799970243
0.55977495855649095
0.61598909797485113
0.53748579307284583
0.54043484440959444
0.56552590963502714
0.54964307319027006
0.46757214748989645
0.55114211459331175
0.55108468716755343
0.47393810220198102
0.51879833280818266
0.49134786525708929
0.48142346474553871
0.53480041958275804
0.487580366970362
0.49290196678217335
0.57628685980676075
0.46038948850435812
0.50749286829502926
0.56565971418029659
0.52945442730497339
0.50383489238170343
0.6012769834739069
0.48777433720102564
0.4301214862487886
0.42310606368687176
0.4937145128086301
0.39833836867883876
0.43096408222604032
0.43167206768943722
0.45839007915407376
0.50811536606367225
0.55962693942336572
0.5064847503017369
0.44416767782007294
0.45042289817710274
0.47066326691901189
0.51654624296151042
0.35890918884730244
0.33726310340255478
0.4880204297171854
0.5055897919250204
0.46241799771638475
0.52483726834954925
0.48070715245449253
0.46182898785637078
0.52454636681700395
0.43969846427990139
0.512410271309513
0.55316070726695454
0.5286026935466237
0.51252676919678508
0.49334525060151335
0.51024399395150544
0.48838386304479803
0.51016799355406828
0.49531117388184948
0.40332448820894168
0.55013505257679773
0.48252081676244213
0.43544660869520913
0.51414914820594138
0.45011428025864136
0.45323011765372756
0.43257557569690835
0.4793871106825614
0.45479297000340879
0.46670761718635478
0.47619700299138173
0.35928897435809076
0.42215792504161564
0.4906830986588594
0.41148407983061164
0.43851827967213391
0.50388770332395083
0.51400933763425627
0.56873636674357853
0.54568672295239984
0.44289363796062031
0.48447003415348461
0.45440374312060072
0.55774230276001446
0.58012479243775594
0.44173119749278406
0.4691734941297892
0.54262906976232439
0.43498388236690283
0.52870522429749789
0.49626346588131837
0.48065833844698663
0.55545862056387496
0.47740374352385967
0.50309206912676696
0.53855362045239885
0.466494045951659
0.48698357711307727
0.45506073556163168
0.47415463311463446
0.55718920449955722
0.492899661439758
0.55690557676763663
0.27661628273302319
0.46602933289999021
0.50282508647361468
0.48850302992142036
0.5201828866435827
0.51528874429963689
0.54494227931048689
0.41878559751998445
0.46585704419600565
0.58470741751705091
0.49037006196622612
0.49369665056067952
0.45237897818798523
0.46973998758261104
0.5437407932410343
0.46492636362786421
0.44217756442715311
0.44649328297933166
0.52727013247463239
0.49615034526372709
0.50238345524700523
0.46166696959469328
0.49769555389799147
0.42485630686067416
0.50486866485440562
0.5265975340814274
0.47405978360886758
0.50568176715688573
0.40987960263469186
0.52208835916998553
0.45629226343115759
0.56577435237897467
0.33486569157402835
0.42082953999540507
0.47874089485202137
0.44307853447756573
0.45927890795595966
0.52584393408740826
0.5153128202656857
0.55399737327953202
0.53385802335096455
0.4989065788147054
0.42397374292030809
0.49234450118449147
0.47605289585557248
0.55995578108454047
0.5395753858827379
0.47733505132304815
0.46562577186882376
0.46224958999661697
0.48548814824332676
0.47640595337718039
0.52473150461471318
0.52701146349666483
0.45537349203195032
0.43178202642658736
0.48527803188939866
0.57837334261082285
0.54978639373293392
0.47985207764866789
0.50576156654186077
0.48938730247779083
0.481383775907541
0.48965987025921065
0.49638469904853189
0.40715622373313376
0.50128381323561055
0.49499805615899123
0.60923917237137726
0.51011362732106202
0.52180207828746783
0.46433441893247479
0.43788821864846034
0.45012918960084397
0.44849926018714814
0.57747934708758719
0.49087522380968651
0.53089078384299082
0.50509347846403996
0.5146570665666601
0.46508592198107046
0.50625732227876119
0.66476871888094036
0.5662153280007477
0.50595517901807285
0.5922687538396908
0.56121757384039994
0.42942536960476535
0.5429567782679604
0.53084439050808774
0.58675073323509752
0.4913487992323427
0.46032982934220712
0.59946052181465781
0.52008312109955124
0.47947050595458812
0.44446428823873191
0.39751839972080338
0.52729210161479367
0.59022173310828652
0.50124348435730159
0.47927521402479156
0.38439328656157618
0.55348857380232264
0.41799152763531489
0.46846992516634212
0.49422398840273513
0.5097740492845344
0.52667913540309141
0.49924804013227753
0.58255484274899971
0.50864695593795173
0.46992999088257997
0.30377412851714408
0.5297351930615134
0.46642369897609604
0.5571515759232889
0.51203368827218232
0.51948198405888568
0.50355705233958281
0.48265976850727138
0.47449552052931265
0.50993925406303897
0.57531322335887503
0.49978320982051999
0.47008684283097818
0.43083153657919726
0.50402059089713114
0.44689723432173123
0.49902835925011546
0.48368131429458849
0.54819672759045057
0.47594257892678055
0.50882814661095077
0.45242568669608774
0.57863908433066569
0.55624639755158412
0.50296888876482859
0.47726689104494924
0.41588159908076755
0.5198803976522014
0.49029183055828079
0.49229511846360435
0.56000096869784721
0.49591683194821801
0.51948645754336265
0.47943017273346472
0.42568036583010527
0.41800956738721912
0.38225595184247863
0.42786203018887864
0.50219004831389513
0.5037929578079563
0.53053773142004579
0.54035035003189258
0.4866162574493092
0.52173226375849102
0.52957926890415663
0.45799580476296919
0.56418404141340495
0.50697531942955443
0.39999136801123858
0.5340838066372835
0.44548720853897866
0.558355567726317
0.50526543559715265
0.43008860814781635
0.47864760224958958
0.47872252939091603
0.57634464023880505
0.52690494995290527
0.5686256066398554
0.49098053491417959
0.500365054601702
0.49642123478643407
0.47701608425396391
0.51252748328895215
0.43360236183093398
0.47007736094581831
0.52594540080221308
0.46400943992906429
0.45603384013662274
0.44166687957965406
0.48074264526966176
0.49140355336865449
0.45552186907174619
0.51092157874841759
0.49850268837571343
0.49888223131345327
0.52614308339330629
0.5463923981943416
0.51299909448187853
0.41426203842241532
0.45551660292579749
0.50542392056475216
0.42489765391669621
0.47820192317742072
0.54517820759845081
0.41434497867471864
0.46613022232536072
0.51026683102941583
0.46550449300935348
0.49142489361718672
0.47314779232198373
0.54081972242324694
0.46813067586723067
0.46021836019868728
0.51771848918391916
0.52459555486702358
0.44519457201674301
0.61069216232360579
0.48430023127608507
0.49204041629559947
0.46342133348970627
0.30771860382990923
2.7612751224021407e-05
2.8783564726459232e-05
2.2562857028785516e-05
0.48843707429169125
0.55286392031309339
0.39358900932740204
0.4801652637533067
0.43804565473300239
0.47214696807559664
0.33453450228328063
0.29739570869592313
0.43611717378429654
0.50843797929306755
0.48478540308577694
0.39418118921059264
0.40888417342720684
0.45343102508104532
0.44567130675550487
0.43382357030594043
0.5201631228913669
0.60767949441108249
0.51631539711425845
0.58887230710675686
0.56888427817073406
0.48500867020241134
0.46439276108400712
0.43104957806757022
0.43344266659868008
0.50995851048628815
0.47509431968792254
2.6953279818285185e-05
2.7240071604387496e-05
2.6400616730093289e-05
2.6973379777995406e-05
2.2218044403394718e-05
2.7193076288073862e-05
0.40502394508689205
0.44531567910695985
0.59040518285516341
0.48446246352766575
0.44710050284675046
0.29999478682903963
0.4318949850421403
0.50935310300514458
0.42093256024829317
0.56728573179260977
0.51741041520144104
0.49924626498774544
0.48725375577991725
0.43277262953402695
0.50506012340446815
0.49895035898487794
0.49325065785711653
0.48345915916867938
0.46943718279459418
0.42895683499292542
0.48343680074595496
0.0069120068059366959
2.6708020932208921e-05
2.5202125501602529e-05
2.2726763666076226e-05
2.2063496858125971e-05
2.5551243555318213e-05
2.6550102801123291e-05
2.6668848701552724e-05
2.4006131284238526e-05
2.6046505198725567e-05
2.3706327747877238e-05
2.718889430016501e-05
0.53285331537476688
0.47801773552884724
0.41734455125443848
0.46101082619336092
0.48459628709552577
0.49455008752475432
0.42325306416492464
0.48422518052809432
0.53530782711177172
0.53751012539374898
0.55646381544187073
0.49752796139170774
0.51602985833885007
0.52626331499448553
0.49856701916518398
0.48747477687032226
0.4866545571213578
0.42582578907036506
0.59569346052265137
2.3665443930672839e-05
2.649573277801453e-05
2.52255348857537e-05
2.5132760362595111e-05
2.4657034420886735e-05
2.4572549206852916e-05
2.5389463702446944e-05
2.722575081349096e-05
2.2448281497215636e-05
2.1892778369951944e-05
2.9612845505923688e-05
2.566775917925333e-05
2.4137874533134768e-05
0.46716449774500579
0.47440261916535215
0.58382161198689653
0.54468954571100636
0.36615315734102249
0.42079936441017252
0.5569557795899337
0.61478934749795389
0.45734048750515693
0.43815060148422552
0.53745793444973045
0.48485258944197257
0.52600710835665831
0.46025387787981403
0.50857477712687515
0.48896035624597151
0.57328869915670688
0.54491511195463282
0.0079817893190342413
2.786195749611183e-05
2.8371159713454135e-05
2.5546028688235248e-05
2.7796772535133588e-05
2.0688878388616532e-05
2.802020707610699e-05
2.5555970214188664e-05
2.7919384851960221e-05
2.1840052603160225e-05
2.46496355708113e-05
2.9692722551884125e-05
2.1727977750629684e-05
2.7208570703304467e-05
0.47386581026321412
0.54207340988224817
0.53788927969273437
0.47840851730471906
0.45795979430192385
0.45671162805294779
0.41101831057068283
0.50307920175469556
0.54313859143094678
0.47975632324786083
0.4802936479694177
0.51735052135534476
0.50913760582963652
0.46031564633986422
0.47922415959243347
0.56635919772528098
0.43623653762737052
0.51061949348016533
2.7650607528746116e-05
2.5020530310427927e-05
2.596090075565194e-05
2.6804274415701428e-05
2.9750441798836719e-05
1.8157764559480382e-05
2.5465881202735887e-05
2.4418832011065074e-05
2.3657584864492436e-05
2.4648758007865198e-05
2.4020966328320219e-05
2.385538158207785e-05
2.6133138072886995e-05
2.7333470880129038e-05
0.49393468644944005
0.48445324662487149
0.46297613175096014
0.49710295364505114
0.53952673126607054
0.35550876160579914
0.45688270141424042
0.50170703453390986
0.52040955657277632
0.46994385376046927
0.53035519662534991
0.50222924414278425
0.55597442473289882
0.47858505778499133
0.4427284864447108
0.47629481115600703
0.45946061453368081
0.3641464950570994
1.8838774064279137e-05
2.4133033625137943e-05
2.3977141824235343e-05
2.8026173925800363e-05
2.24391903506626e-05
2.786113638006725e-05
2.6012097240975676e-05
2.6753300386347841e-05
2.5341966941762811e-05
2.6622416410664302e-05
2.5220345521178525e-05
2.2044979814021677e-05
2.327568653369711e-05
0.48637353698522229
0.39523910985478328
0.59285988000182666
0.47314454237351844
0.40339519205811508
0.34916749107226741
0.40301823859389652
0.50022835271394661
0.47471825905408116
0.57890206697305358
0.56257902841260243
0.54904531385349553
0.40978193673380292
0.54291381296992891
0.48983281281373681
0.49656777377146705
0.4872799502158468
0.46273878607194163
0.50257060858673197
2.4665890967424311e-05
2.2651572482926601e-05
2.5615916546081437e-05
2.2419219266166689e-05
2.5037326198818629e-05
2.0747996773854953e-05
2.1628663693295021e-05
2.5316428616473927e-05
2.5646249103419957e-05
2.8448408123025741e-05
0.005582755363713365
0.41727966912112635
0.57554195018714294
0.5706175940616145
0.31613586069465188
0.43913058428288415
0.63651001022412401
0.45383992628202308
0.36809896376064682
0.52442227611752934
0.45905967905271799
0.41806822289327478
0.59695289818919706
0.49577681977077109
0.53542347735665452
0.5395217236400528
0.50621465687207468
0.44610890258658037
0.44053485293310118
0.59857943099300559
0.44238387675791913
0.54295902316461786
2.2719093026317034e-05
2.711355279787522e-05
2.397124488728921e-05
2.3750233359211113e-05
2.6457382456704694e-05
2.7107590735305585e-05
2.5314661199271253e-05
2.7666696609987897e-05
2.3210033859059324e-05
0.00028938808328488812
0.41308392883131434
0.46988522018353529
0.50797988581312392
0.50711948669341445
0.50700664839683207
0.51999473713512201
0.50225833873246983
0.37589670673570652
0.35879554600883068
0.41681941043373383
0.52127202193267574
0.5946173839661496
0.50287109720313128
0.43819179414157544
0.47818707948638256
0.59392187267449226
0.55011186226178954
0.57081527593993309
0.55907694736791436
0.46514291029563259
0.48530870979976926
0.55382786555813945
0.56151146765826654
2.1139492533319968e-05
2.1058797630654197e-05
2.2718625593689074e-05
2.6378816447575593e-05
2.48979821903245e-05
2.6981032635248177e-05
2.3273120947857533e-05
2.4583999449945515e-05
0.50475649406556
0.39556822904776279
0.50817131006169902
0.51636058329538859
0.55063750958336111
0.45962025374488269
0.48228868333724517
0.46163194574746846
0.49150465858962084
0.41143077178746817
0.40111499523727651
0.5223552298736579
0.51786474448003417
0.56922577300936339
0.4470646452528067
0.52040967118784009
0.50602932374197562
0.49419222913934568
0.50862243962184261
0.58757080833889752
0.65277066928230343
0.49780309931673533
0.59500406517049098
0.53701897657646924
0.00063288714199019006
2.7724723560146146e-05
2.6827644718068048e-05
2.7834683428460696e-05
2.1863488588681328e-05
2.4437954370162085e-05
2.5511018779362617e-05
0.53576114235698868
0.54943969217128674
0.45388067731589848
0.40928675225860089
0.62576564591218431
0.53067730359339593
0.52700728683465303
0.54252967950630648
0.48276191800900092
0.47755836210407343
0.32830913634709563
0.45448906375706055
0.5582654610907859
0.49889388265306744
0.41100075716810969
0.54442465160062181
0.46383728853895922
0.50127443631993662
0.39774834608245574
0.484593965357486
0.47188203504113335
0.45597737083056272
0.5686390548962893
0.46590169343410992
0.56675797923090854
0.54782740716597034
0.50504912114104317
2.5270061331896413e-05
2.0870925981148873e-05
2.7244020698256055e-05
0.00036316539862043027
0.4496463889998229
0.47634108473855064
0.40229103003705202
0.47053578153397191
0.5809436273745574
0.55730551125926608
0.45719274709896102
0.5736664643803504
0.48067680345649488
0.63820572960473665
0.58125138842000279
0.46139586373278085
0.45463911695776449
0.49370110175277132
0.40133948326811725
0.65512472896388196
0.58262291302417146
0.45681784006546267
0.53444632058586206
0.388427386860413
0.42957071596202084
0.49434135190174466
0.44600252964048942
0.47177715290075783
0.50939466936769573
0.34759492593215563
0.50327070693780662
0.43372604770326573
0.42062357005236778
0.51407177507351365
0.49897115713300433
0.60747613871372774
0.50370462877114841
0.45733913700512624
0.48215587082934136
0.46366289048573395
0.47461745219621482
0.47355277275888763
0.45888531087380752
0.52573359159030697
0.61007945796310503
0.49498455790612489
0.42205344583270227
0.36476478818306879
0.46630401833764201
0.57793739238185526
0.51488869122191994
0.54575016263372023
0.47285018218368002
0.44262911775429209
0.53772411004653287
0.51275270827119424
0.38673062479388742
0.59463855420575329
0.47442558420477982
0.44416905544821811
0.52302376624718783
0.49130759342990366
0.46458608385691225
0.50650033366335379
0.48007162740903969
0.54376215117859739
0.40937217031935486
0.3843938158631619
0.57628701489122391
0.54511606885417763
0.5758502785514602
0.5044770442267732
0.48291891517101554
0.54507084414117435
0.49159846746674979
0.52688151649673443
0.3852514329645681
0.4598908903771019
0.51828710540324685
0.46534012898962007
0.320216492266162
0.50396339952395108
0.43106016075428899
0.46472128222913195
0.56413045000093065
0.49080495850113914
0.47291538409645789
0.51574628670022105
0.37451948653056533
0.64085803932971253
0.58639215496749431
0.57094484595775719
0.4136131581309449
0.5350605460708
0.54626172257286232
0.44549924866800233
0.49571801172423507
0.46245709770553312
0.45531051195407901
0.5409346425106597
0.50131826023601966
0.50790921371977849
0.47326457202495548
0.52816578196119846
0.49963690525224258
0.52345712945994449
0.50498307278922128
0.41217729296246225
0.47410497432835635
0.52247817593624479
0.49290261952044695
0.48795535584601424
0.43636502572262986
0.41849575116203885
0.54582341217454644
0.4400728488996779
0.49879028542323656
0.4976735046645116
0.45604205788387758
0.52311118150389058
0.52437353762451477
0.46408279961049131
0.55533121325418999
0.30049272700473212
0.47569404098588186
0.38051537578510275
0.45707237027476849
0.47357586265829693
0.5693891373118587
0.53496996266916275
0.48060364443313258
0.54607048352137599
0.57073923772599988
0.49745671941586833
0.48152225741063887
0.44786677385455453
0.48965506796313618
0.51312723973162122
0.55531494358600764
0.48177668454315342
0.55440225986006098
0.46929920663259672
0.56372623409275946
0.4922788996471032
0.38531016678828583
0.50300391438256931
0.4659760469757962
0.55285237632763484
0.51974917298149048
0.48462814041572372
0.52237518613115863
0.46780380735044508
0.4814981610673173
0.43692802124548691
0.57334947494531074
0.45597292627092056
0.48425063472459845
0.43489924618480513
0.53577635338097573
0.59139731864755651
0.58332327122152228
0.39308089249729211
0.58948136786368543
0.48307898254716963
0.46084448602438904
0.52541245022490835
0.48550901184125933
0.42148399392387759
0.52084865136687852
0.54036261358298232
0.58332869251665387
0.54181324082344118
0.53440094011822703
0.5499506121656873
0.417525709479802
0.43824805039962589
0.31400406111167634
0.50254674213954265
0.42789586052149609
0.44106838687153405
0.53853149213648166
0.50954551593849129
0.55216455443730239
0.51372062197260104
0.44385814523633171
0.48721583178296463
0.501567059611429
0.52241966876805535
0.52245893876527438
0.53852465588666776
0.56359330588058787
0.45168806140235906
0.52431516124851674
0.52604235314086067
0.50930263994601299
0.55302067419922374
0.48992076759012576
0.55119931354043306
0.51313729909825623
0.46006368084067351
0.47010696269780683
0.4888669532742751
0.58511537439788652
0.51572170955594643
0.51681191256140202
0.54988739427419708
0.48902917675571123
0.38698683194809375
0.33849913055292191
0.40959238892998606
0.5281732276036134
0.50891424659639162
0.52692239517718575
0.52961892929462462
0.48525286501472636
0.41633030170340979
0.57404724953766684
0.47012139300434408
0.45970938491678798
0.47532540041440702
0.46278845353151932
0.49764270813645561
0.50128139386238213
0.44356678553784679
0.45800792250667693
0.5300760016418582
0.53049999046927554
0.54640907930570315
0.49685580024705828
0.43090685857581723
0.49192816031519715
0.48019736702485227
0.57461136869712481
0.49653622862229357
0.42890593251906883
0.6271540898641258
0.48403957963509409
0.54331883959661309
0.46384242907366696
0.4192711601024689
0.48014207284597976
0.40159643787833532
0.52755730378550825
0.33430211759627754
0.42823015463538994
0.46744167347991877
0.32613361026662047
0.36645504974082505
0.39555890099639784
0.33910901213340094
0.31060226994401247
0.48554975121357014
0.41457044184242209
0.34173017234026543
0.41100322084531876
0.44105013051558389
0.32092594275498848
0.44356207367518424
0.31684608327984265
0.38383446657825315
0.3244776960216802
0.38021298110150775
0.34234086026734795
0.35309855600956558
0.48286783932102112
0.42564921927158728
0.31380483011486188
0.42383536121330334
0.45316159592147592
0.38257171962139974
0.42513912957369532
0.30298744248600951
0.2466765366920885
0.42225373004473082
0.53445756705095049
0.4128279516990917
0.50889733490324429
0.49751795071376331
0.38824837861769335
0.37303373527327283
0.35747741289691154
0.26882761693530599
0.50247346793677261
0.40923424654865465
0.46722219412290311
0.38053120556378395
0.41500080098824493
0.37793385286474329
0.38511631460293311
0.50554121864513157
0.5231352331806931
0.55369261429846828
0.41742009164079991
0.43402505561049048
0.47113365236511462
0.37346860207025961
0.43788315743062206
0.46825755273667069
0.33500065837937143
0.35934524254855982
0.31000697428230589
0.37859842715380043
0.34613385071842218
0.30897334366634077
0.36469840972934492
0.45763052921483255
0.55821454556722305
0.52108778531822131
0.48289132720658695
0.61687046475687346
0.49922391763118507
0.48190480107820044
0.53742422729916639
0.46219380196073861
0.55223025150330185
0.45051538474209707
0.49998316814414534
0.47866514152488931
0.57037475038529983
0.53424648526675134
0.56108035253156185
0.49113056172097913
0.5831354473764303
0.49353469383752668
0.52112741371319049
0.5367482028358399
0.5553104690413565
0.52125183016428811
0.44905070204300346
0.45406738778593059
0.53660705665841957
0.43661225417033672
0.45148679595587216
0.51620131690740401
0.50892582279228227
0.38812300915683956
0.52422710385438442
0.43328317242840897
0.55715940456714885
0.45275156474447137
0.49106616742574749
0.47627475895686777
0.54160357540837023
0.47455516908047729
0.45510693402046909
0.4627056650159016
0.49850677060911097
0.508330278254021
0.425688094496043
0.46276413080784651
0.48957061595125362
0.50585193342189028
0.44459238494307357
0.49459107514005474
0.45963655564427114
0.54968093003814544
0.49588926034514746
0.54530478108558345
0.48788222084312294
0.52561561372358789
0.60586045671505162
0.51931538469654071
0.50983453441050564
0.58970408347587755
0.44222906120600852
0.55567368043324905
0.47522690756492081
0.25562936460525498
0.37106455332516652
0.59255763098754055
0.50462372685120127
0.43591249336675508
0.42777416743579755
0.47288855338435237
0.51749422979678406
0.47876569242513206
0.4457613284646792
0.53833452647385838
0.5117885430114415
0.47285100056353097
0.56447427323790955
0.41694143974365322
0.55498583550968827
0.53291075769631113
0.48547223108042931
0.5835509921391252
0.41790066189808595
0.59928344190865412
0.48222307714608154
0.52359273405926055
0.61677112432271619
0.41299714278937089
0.42882869439010513
0.56928922800707249
0.54584944966638005
0.47519998353249798
0.57612078293509728
0.5578140145812186
0.56922003568833124
0.37434454692318836
0.56931451200455985
0.5255338066356422
0.5017354816462064
0.45531977059715995
0.56507613795279255
0.41556404187565371
0.45756913153677142
0.4882629223213778
0.53511497560348364
0.57114027106121179
0.44003958730759346
0.54996220340937596
0.52412090390750887
0.37077037198430324
0.44758304839958862
0.43590947188658846
0.40659013843119785
0.45049062178041838
0.50992321457508227
0.50130855860159385
0.51299895256166184
0.56291402199872853
0.52474646202916209
0.49754169626608569
0.47221975543387673
0.53771783048836885
0.48747504546362147
0.60165369058316043
0.53067995906769849
0.51765420573098253
0.4980609084549148
0.3756980553236115
0.43684646386130394
0.49881150587252066
0.54367553523025247
0.58756550335297208
0.49279008649335188
0.47894620491232204
0.55857076584094822
0.4776094935795826
0.39710487520720522
0.49413349199480661
0.49995410007500363
0.51612818678500361
0.45449498515138437
0.60025969545649149
0.49412541481969185
0.49689998324719603
0.52185492788336174
0.47287743172554486
0.49508603841715326
0.50459869669940782
0.52531042279960671
0.50416131507566642
0.51806221768114213
0.54502078681699062
0.55417558392437793
0.49281638713214398
0.4923894043967631
0.53449977662380777
0.51697401917727881
0.48442962934048833
0.48748296372737449
0.41105750549967629
0.36495471041759625
0.50190159532185696
0.4824275586398642
0.51049723760633836
0.44039267474428451
0.52837607296352695
0.46170886902812819
0.49185026461944731
0.48279681126895163
0.46588758196050362
0.49529974819674699
0.46196778747674788
0.53320525564232812
0.55502641452909096
0.51320917061914706
0.41277164498923885
0.50141393897556752
0.56320901018741143
0.54896690707749751
0.39587359776368025
0.40901200562339118
0.56231483406901084
0.47729724647937882
0.46834291421710006
0.56300753277519211
0.46894703555639572
0.53243006292682327
0.48529870614330461
0.53797043851020587
0.48879279709972628
0.46942557593261591
0.46392393258408032
0.31827795842579504
0.5073548676170192
0.54568904687617048
0.47040681327976436
0.37695264562209441
0.48193627008401302
0.43869211523363033
0.51579132439923259
0.48862711864162922
0.42720681153695039
0.40812469892799558
0.43328380796510596
0.56660318246599861
0.54159367328499586
0.57146454345423092
0.53203063135738404
0.55828417425302379
0.4625208561679795
0.49669065035787985
0.50575900385464545
0.52283257455960885
0.57045144999005093
0.46692525944458735
0.49967142054214314
0.48457891024377198
0.4416617014266257
0.5045240442971991
0.48224119018096862
0.44165815729886093
0.51675474503864338
0.52516085821066172
0.40290761522695695
0.45953828379638023
0.47758436095858986
0.51841577635589597
0.5110320698775096
0.63957960039044115
0.48025231465286489
0.50065254076526955
0.53380573807665732
0.50414343079331869
0.50451556047081569
0.48414430182200147
0.46117581890199283
0.49343789779535085
0.50462283255847928
0.48224958017979108
0.47581300816902938
0.51482619710399713
0.52450126136576791
0.52906112069847089
0.50526857377448309
0.55493514746489081
0.54566999202317179
0.49023032991760407
0.49881744820625362
0.46798083774806049
0.44848588942741474
0.49270302837952418
0.48279248054470753
0.49848561976865691
0.53210786736280646
0.47570666666682682
0.40459674320770805
0.40041386607198509
0.50709040660417615
0.54971970013491278
0.5257305323854673
0.51504642032143955
0.44769206356091529
0.41268939555187983
0.46073050029193552
0.49139895519689686
0.51372632160966714
0.54158941507607405
0.43508222756352027
0.50300586010453485
0.46007016086710317
0.54813588787774248
0.44593243773510327
0.60633856294525856
0.57173814936965528
0.58309220259318184
0.45056178850232392
0.51657628107531106
0.59772392204794178
0.22339255636590044
0.53916611829653249
0.52483541386705101
0.46457429540370088
0.50740470052784192
0.4184600512783278
0.58742929864272042
0.53922189996410896
0.49516853164044755
0.38929727329661101
0.42726770825523402
0.51989473514401108
0.46562583636535415
0.55505333615684238
0.53332987333507775
0.45716379316032479
0.48357596605748332
0.48727309614606967
0.52209320817333515
0.50562962904969422
0.44753389502232049
0.42916173962725995
0.5061773389500277
0.40545523749178181
0.47078159248282253
0.60674595586077495
0.48001887817555711
0.42370734205036142
0.51731964065578007
0.55286396953523165
0.48429429069632113
0.5568790927816738
0.48596064137631473
0.49555168201108313
0.51677016857822811
0.40697032092829166
0.49814935450365394
0.5041744556053116
0.55732090242680221
0.48519937876181518
0.53382451519015406
0.59936716782845223
0.40376879120699366
0.39635105928642445
0.46537799040820382
0.44510283918464966
0.51862553235134168
0.4598715529305899
0.49636366818279781
0.51608260100174952
0.51415481256896889
0.57564529103584883
0.48981689472252282
0.50250311703908246
0.60088092677446081
0.49010317859680663
0.47699319922479894
0.54725350384414861
0.46772996505687559
0.50981512984669031
0.41420825318054649
0.54021958712613416
0.58386684703513259
0.53477241495969174
0.47297342813096765
0.57459173646731965
0.46082749299585957
0.47405883054366238
0.58726544388710633
0.55624741079227147
0.50848633404717569
0.53294163190849331
0.50109532536663748
0.42405606162285175
0.42370881095117963
0.43772980183578236
0.40841856998881026
0.45615156410497654
0.46722878276887536
0.52664356944892299
0.40157017445661769
0.42216156989645698
0.46628464665219516
0.4798927532376247
0.5437412450452318
0.54981380039414529
0.44848059648307326
0.47765823190251366
0.56371380018200135
0.5177874658208278
0.45634982821873388
0.51321856560249668
0.44831651269296496
0.57594170084248264
0.4989953766648822
0.45061507090086778
0.47886744964411615
0.40868829005833079
0.48732836441203164
0.50650518486380303
0.44710201343235623
0.55888529681381882
0.59642672142596076
0.57448526028149427
0.46243241489767212
0.40164971317161857
0.38392364501816906
0.45091269687331503
0.54783198008987077
0.59999255787996864
0.45271472857370509
0.45513574548783658
0.50566952762895745
0.41976285540147784
0.5287222791431414
0.5154289074311269
0.49488892529367351
0.48617086847606672
0.54307124190377498
0.49109837428636505
0.49521736536196426
0.50649351536244869
0.44810332995515939
0.4308144722938726
0.50013826410465878
0.53090213220644278
0.52095795156808322
2.702490924803364e-05
2.0921097789121373e-05
2.4221512587179368e-05
2.4347931847622349e-05
0.010037621638474362
0.54363372266590482
0.53053896561150049
0.47204388390745666
0.52838104577278322
0.47970388622203375
0.35282071160801953
0.46374836063632341
0.47850873342447392
0.4626450277466419
0.51312954438534397
0.41986369788709133
0.44917709848089193
0.56653064585126334
0.48832421253855779
0.5198612883224677
0.50258432173084744
0.52427259690025763
0.5378023871291433
0.53101300245373528
0.53007386411371815
0.46300100598546801
0.5715813393328959
0.40725506984142129
2.4026406639060511e-05
2.4808791062512032e-05
0.534966266166919
4.5948647713251199e-05
1.8057866891093855e-05
2.2626616658054498e-05
2.9285680292974495e-05
2.8085803360553838e-05
2.5203048496852827e-05
0.52848913750470694
0.53331613119941823
0.45616567740518005
0.47367397595884281
0.49890653652081635
0.3563062154116301
0.41341773510272095
0.52218021728618713
0.47843629138485827
0.54192985751134726
0.54278183414216374
0.45620952271617643
0.5052815883715448
0.45380975358238229
0.53165854075497987
0.57321191025386853
0.49637648465505618
0.50410967263621498
0.42016707244700591
0.53965659340953342
0.52272678623168545
2.439540309116321e-05
2.4813368394770941e-05
2.7470358907894317e-05
2.3978565559612952e-05
2.4851411478015499e-05
2.4273149803571396e-05
2.5396986383463836e-05
2.8065833182537757e-05
2.8354484820509907e-05
2.1614300943827807e-05
2.554931835872697e-05
0.37217104668164963
0.48683031897406448
0.53496832566080643
0.42414632280568337
0.4811540428300714
0.52866230981374518
0.39098392331849935
0.49352451810523945
0.40610058600757842
0.3847204649595225
0.46344457825111418
0.46910811541175879
0.56264306480889703
0.57069993153935372
0.53105753759278185
0.54637273959280497
0.49142569584803197
0.46522106971777283
0.45029485794251417
0.56014323064476201
2.3690869967077437e-05
2.4974751569293347e-05
2.3660811997013533e-05
2.7776847737205324e-05
2.4235098917182704e-05
2.5146341784728686e-05
2.6515037119695202e-05
3.1557184400432318e-05
2.6825188793748706e-05
2.6083948963895146e-05
2.9962320711428899e-05
2.5140018851495844e-05
0.46018151465293439
0.5322987062299056
0.46492274259776661
0.49906672743739106
0.4590973681355785
0.45091702338247397
0.4110947293584778
0.36919475098203536
0.56023378942603652
0.56575787645858888
0.38660251535839468
0.51053182350673143
0.44502953649433069
0.43023347469915468
0.4776920294612903
0.51911979153221377
0.46372140349387825
0.54230589459366296
0.5199895162757675
0.34583279202859535
2.6479986422453568e-05
2.7481486814175448e-05
2.3700134773890524e-05
2.6731257011360059e-05
2.4434998515314876e-05
2.5556309047057978e-05
2.2937671978186251e-05
2.6272436674495488e-05
2.6651973859766157e-05
2.7833325947079819e-05
2.2745894368554812e-05
2.3984109382383823e-05
0.52810374990468789
0.49654031769428614
0.45794924524995639
0.49316225369166505
0.52503605811134846
0.34453563010163751
0.37342886928604391
0.54574319073279076
0.50877362470543996
0.53596411577760084
0.52849123799564612
0.45731989630712705
0.53954848631269237
0.5167670784811611
0.43863653935354552
0.55005252242716418
0.49316426282034231
0.43749352461933466
0.45440644526659202
2.5639796545841079e-05
2.7828436910846381e-05
2.265194032770867e-05
2.6668355646320529e-05
2.1382975768006156e-05
2.5855493514155105e-05
2.6006544572353325e-05
2.3986814785658844e-05
2.6927415142620487e-05
1.7927044056274335e-05
2.5373300604033028e-05
2.551725668882555e-05
0.503503418421821
0.46734058678413065
0.46696795603524827
0.49263408683496418
0.50947926747597105
0.47947933099779116
0.38153167402003885
0.44614863028453033
0.51865990871383416
0.45788364182156671
0.46461744238606545
0.4635882132417003
0.41439165075728046
0.56453115451787461
0.51248394673707109
0.61621980541389587
0.48189825211345588
0.54117413315191076
0.44714566789236565
0.44998499557606242
2.5019440622177696e-05
2.5489765413148728e-05
2.8627073309195898e-05
2.6687085324080921e-05
2.576612389524508e-05
2.4788592127651097e-05
2.7310885801015011e-05
2.6266704792973131e-05
2.4576948843077256e-05
0.48028252457496207
0.43198126964908129
0.548088148453026
0.49990045450266657
0.48254441562612421
0.49663021864727885
0.48707518665302169
0.54260634933257001
0.51806819900479373
0.3584958919898647
0.53823575817394975
0.46583926013868415
0.51930020896110973
0.42876694330156628
0.4574772409442851
0.47880718339826656
0.5002830909765964
0.55272095956914558
0.61667287244533198
0.55249283679027161
0.51949308457022247
0.51618812291401683
0.46673426276540769
0.51365328681562827
2.443726111461457e-05
2.5720257316238935e-05
2.5888621245964716e-05
2.6922152575875512e-05
2.6096756324461693e-05
2.480867959898968e-05
2.5344275839071978e-05
2.5516011559500218e-05
0.5190602613854205
0.48956436958082877
0.53674927770353253
0.49773966468631892
0.4865911548275752
0.48882846743054503
0.63361755467880287
0.55930668640058756
0.51420745355341502
0.35804463043153001
0.42325525670418573
0.44177986301021999
0.53617164401847628
0.5555864283973575
0.57686001652423313
0.49385587260477237
0.58201897262196534
0.52522208808269999
0.51536969144940692
0.4237573536107031
0.49227672718617049
0.45801010254853791
0.53421342515004921
0.53711103066232779
2.5173111462766776e-05
2.5102395288132177e-05
2.341142436079324e-05
2.7232437608719545e-05
2.4164939139512106e-05
2.4059144734545405e-05
2.1702539348567422e-05
0.0014641995177998202
0.51457320867784795
0.36455591193238995
0.55488934046874416
0.58341735202637934
0.56219672870049597
0.50201855775520776
0.43531604823008702
0.46177103674737269
0.44084570910777482
0.28610968389255359
0.34553302692024157
0.44893100345204934
0.48601061636609927
0.46549611681683745
0.44087447234528288
0.51456875707482008
0.50030102519202813
0.45351436266633549
0.51815146214591434
0.54540904809569224
0.50756494784303807
0.4497108814063781
0.54401563104775397
0.51497405473315361
0.52504972481462231
2.3596330150385054e-05
2.5245006303427791e-05
2.4457356829924461e-05
2.2772208165832385e-05
2.2898054438374412e-05
0.00031076182457427366
0.41539116864564768
0.44833692962489502
0.48059636298632191
0.4925484706817807
0.43845204684966227
0.39183295851195371
0.46774843274448963
0.54944573001988894
0.55637976480589657
0.50765248593344159
0.44328589704220334
0.41255018937874677
0.550966502501266
0.47587558307408756
0.57339886947001839
0.42755993898367428
0.43195800764832687
0.54676796146044504
0.46146981847173368
0.43623289102859958
0.41712225786602036
0.54707080681383136
0.51119998284109458
0.54393079619480988
0.48684674218698948
0.47139117471436393
0.49637326032754853
0.55109300259041227
0.51814998989049421
0.47916975651318672
0.50766079215437254
0.51047672584623482
0.55506222459648102
0.5244830931273764
0.51463157594916231
0.52134311751010776
0.48804614239384703
0.44556348108645388
0.4534481354715007
0.46667551553367798
0.52459695827950159
0.59890176642238913
0.36579173898498263
0.37565494349116724
0.58186570074966937
0.3830858861218186
0.54528124529223665
0.57651134722352304
0.54687657772101461
0.51433074010009128
0.56695164276900745
0.57222394856656467
0.55579245123956333
0.58512906157805944
0.47653305734338031
0.51351344196051807
0.68231673788143765
0.50044594228527273
0.49673571392502369
0.44982595796633784
0.49840173593924808
0.57259052005545541
0.47292556968638738
0.50410027356892551
0.45176524438064625
0.48957873183312878
0.50309949341832116
0.46175197846227939
0.47013152087267712
0.48983374562795362
0.49832812621566069
0.51716299354347084
0.50683498573494123
0.41847621386536454
0.49744277689929994
0.41495368354175971
0.44490841524673674
0.4504468719039661
0.4762814596848628
0.52233565008968996
0.63726052475577999
0.53451778986920817
0.4664109509933983
0.53045913229044683
0.55154822700557216
0.57800134549550231
0.54636306325906858
0.54842797150088385
0.51795805047158183
0.46053483417357882
0.55851338631072522
0.53671742787351784
0.50312151906028957
0.53697521276906268
0.49383440491962116
0.4745818854789518
0.43749152838729605
0.49376408301465974
0.47325826503199891
0.4873500425783196
0.54365972474767554
0.51135731908210036
0.54931013776180393
0.68067850162125121
0.49308269000849764
0.5014748798455988
0.41772426865348034
0.41454363736240168
0.50728424877139633
0.49875674419121396
0.43715777132693134
0.46016095587190919
0.5223581251682814
0.5321149521376779
0.50874692015055745
0.38528626966658019
0.46476682302882671
0.547199522160153
0.3443568708833023
0.5729174285089681
0.56078925056287821
0.45296864393023201
0.54950700850776324
0.4525431013567805
0.45003992508277724
0.4654519476539114
0.47536623833037117
0.39373053843611699
0.61966680974468769
0.51958244456200342
0.42651807048664497
0.51019958027817491
0.45294343213193672
0.49368302324479946
0.44520539547198745
0.58238061382226758
0.53158564338788594
0.50129684485470605
0.42956921114984664
0.43879374223924339
0.56280322481628031
0.53235766625113501
0.45475124720364829
0.57750659735736531
0.55393056643436855
0.5045889795508739
0.46489431071367032
0.54325487490363344
0.49944338234664093
0.50833851264135022
0.47027272859287833
0.53176475898303432
0.47563020924580279
0.47838021714906354
0.54186981030750436
0.51288288906457602
0.49160317943060311
0.49189145233321013
0.50445227548788463
0.50611372284226885
0.40678215333937345
0.54188636569373427
0.46837997247043262
0.44561960775889736
0.47579339829841671
0.52920254863574701
0.5587176303455994
0.50998663387498666
0.5193506401218253
0.50646498174452237
0.39325325849439025
0.37816455853147363
0.59801737464119376
0.47114253355596331
0.5362238883449375
0.51276809522955979
0.45851385415808366
0.45903654093059304
0.48843710344579877
0.52050380171925681
0.49921356322917348
0.49440415757257922
0.48298847285953267
0.50854084883526485
0.52031969530033473
0.51747709085555871
0.46886155127824924
0.46111829045809849
0.47426910186062127
0.46944181127655349
0.53700228644529835
0.53951801543285249
0.49320653549999427
0.52640938728758091
0.39212818238246688
0.47217701553303815
0.46543394288841433
0.43103546194214704
0.59476985356630019
0.37038210280857059
0.52935838353798215
0.69879324383632135
0.48095809259025391
0.51490861003657884
0.4269276820558448
0.53458741029608292
0.50747039650883008
0.49915231746933458
0.56234612735332279
0.48044538149525629
0.54795740533433601
0.51910789143786373
0.46976661875949494
0.57018164003129168
0.46309590243861803
0.43461401411480988
0.52291807266781576
0.52654270446365092
0.42420602885798209
0.52798298564619872
0.55664288516129268
0.46527112086953365
0.39345330363475661
0.57408474517792474
0.5410365882541962
0.4707849996222902
0.5169869230970825
0.49278878278881455
0.50875899735150987
0.5384566172855314
0.50045605642627911
0.43251819407203018
0.53793248626085544
0.48472982606651777
0.45133978527006335
0.50172164193683499
0.52685555505144466
0.49692139650962708
0.50389914180822126
0.45319238080338847
0.44562170215889929
0.5178704153187077
0.39363430149398221
0.38950693823918764
0.47167099001567153
0.48742791792883788
0.49047328224284159
0.48725240658543101
0.51116838752972771
0.45378687849438476
0.60503031956169795
0.45353589289438279
0.48797922456423054
0.58283892533694526
0.54209492126862768
0.58430761746160997
0.41117900836478904
0.50025091396953136
0.51437638921474294
0.54391811995002359
0.5972188394509248
0.42235443788200738
0.61358233506856696
0.58336412178588304
0.53441612578227693
0.45815941195600896
0.37274516016402659
0.42395068014463899
0.38340873168616552
0.39365351506199359
0.38315218639834164
0.41138443332377356
0.43259335235468666
0.52204957102078897
0.35722385639811621
0.37151109683539379
0.42425913127727088
0.41604554652159442
0.36778570374244562
0.42670609515449059
0.35312528379669356
0.4406356704847581
0.52563113295343911
0.41494987025871649
0.43082329530300856
0.45649881023337729
0.36315384008196483
0.49590867226433188
0.41347283475220858
0.35735069944198505
0.36110993700404248
0.34848943349719763
0.37827333374053795
0.4098617171276458
0.36376314295392298
0.4145306479108905
0.43912135694815307
0.38529820204084403
0.33901768427381113
0.34618406099175009
0.50054724609111134
0.56988972635034929
0.57023601912196031
0.44329136448185547
0.42102697939970829
0.5063756160779771
0.41838684484925082
0.35448985314155768
0.36279751955878625
0.37991376826669548
0.44668377215488059
0.3863524247714511
0.38142600820707134
0.45818909610324088
0.47722415469220952
0.50545663925437556
0.49299683378719511
0.45256066542645762
0.40200479842268422
0.43324851160338046
0.46154777132791569
0.39051814677742125
0.46095273255764513
0.37942178265888676
0.34232998663604824
0.380648758855338
0.37368285248440747
0.35514991370711313
0.39280696527008951
0.39872864352146969
0.37058311222617074
0.42639178039108788
0.4858668718983033
0.44454815461627051
0.53726496016277636
0.46923133344863438
0.32220158521457887
0.50540650424895694
0.55830186576229157
0.4682320505042914
0.43278916624886737
0.5537195547331849
0.46528819297700469
0.53245237494424258
0.44531440304176056
0.53765232564590404
0.5220297849896357
0.50867985569235918
0.53466093610056775
0.51460247994097241
0.60444640111171877
0.45234798732742726
0.52395709226076692
0.51136044742913978
0.48234658423905674
0.49198018362160212
0.5835628010526327
0.52134344014994705
0.51358436023506659
0.52669954926789753
0.45192309185639928
0.49981923743148576
0.43316165567653231
0.34617805649124683
0.50531962554480536
0.59527563113816817
0.50686436401955881
0.50780769365845169
0.52921893081256499
0.59525157469565859
0.50641730441502053
0.38856385366997959
0.42770299468839612
0.48717743724023305
0.48985236177201791
0.40803738629851749
0.50029308780441928
0.51607503288305401
0.57482199156020164
0.53188160152612629
0.4944337447606787
0.49940746161083455
0.50613827695318725
0.46295146774423102
0.43696169921525541
0.50608987136013706
0.57936458177324579
0.5237085312060793
0.43947927331405917
0.57196340738020424
0.46483801060140534
0.6057440364082638
0.53772131133590795
0.36085560569607961
0.45274746644725811
0.38659468703047128
0.519760062400208
0.55108755453638358
0.48998473643635954
0.59007928408300903
0.48070716634349192
0.5316835435708005
0.47237985161655544
0.50567676252412874
0.5252605881489788
0.57415965840708771
0.61087631446166724
0.49242373936360323
0.55791570068150698
0.39438139713651782
0.52891464752052419
0.52853076478879057
0.51856017194632653
0.55755380838813917
0.49406521877858611
0.53166464295430138
0.47082221991603196
0.50949666355921697
0.49803543895690949
0.4965366766895809
0.50344316275242129
0.46831088549241612
0.47667780881008898
0.41646369597176175
0.55746108825707696
0.56173171072118466
0.41619411119967159
0.52561483904564354
0.47626200407504554
0.46975364535683189
0.45259087617014609
0.45976447040280494
0.47090914058933125
0.5136308554164315
0.46383086992359862
0.40726233733453054
0.42925426008951573
0.42357476718438281
0.48384161854831031
0.49498495690816857
0.49212246583783237
0.51407446478150065
0.54669374501238843
0.46446237398414048
0.58502983037218514
0.44828151775739339
0.48704329316368183
0.55620173343386792
0.54355528289018484
0.60570738782139144
0.64164417306743504
0.49919300776914377
0.42848951707898519
0.47546907795578558
0.58261337651655509
0.51439954964244761
0.44186588123786374
0.58196534127877175
0.39714760431868462
0.45156216588461501
0.5432162023371544
0.35898024351439589
0.48626328470286834
0.54487733704365482
0.4985050916621625
0.46667893482620904
0.50386186864282667
0.49361004975973216
0.49868768909112143
0.46843708430236891
0.34842818306950307
0.48065863525180719
0.59702317009315931
0.44932332802420705
0.54374251111698002
0.49145726561043063
0.47648342841981561
0.51504714257097006
0.4620917918227756
0.48210462341657989
0.4342258615579811
0.45635974932616391
0.59011433885527154
0.48723512251513557
0.51391429683170886
0.44791926054368225
0.50084447524858833
0.45155808870746855
0.43252630926400165
0.4633169445890844
0.34972895347415955
0.39679005523788963
0.480790755730996
0.52965107884674678
0.49823365916816303
0.40219582674786986
0.51319573611196434
0.45748529111148595
0.63717298474593986
0.52571994341000639
0.52424437346289388
0.50024680723766446
0.42625591486575926
0.51099362435017115
0.4671886451504369
0.49317466075836186
0.65767838725450201
0.43965632779813008
0.48330470692605293
0.52687467620562112
0.47504809050346547
0.54524358092214009
0.49754918383655683
0.53660326295353722
0.41638324477599503
0.44613602141144393
0.53244745817372618
0.51861107725816002
0.50198937999209126
0.48213954448743923
0.46837810236223903
0.42705927707147823
0.45750205069670552
0.29607910456969055
0.44986429001784567
0.45631927579113274
0.45994535260039898
0.56244345786081795
0.58584084754722554
0.55657429304637884
0.48788451094801843
0.47390921942293202
0.50334415641577634
0.49721669987301381
0.50820594251688933
0.40373130523626455
0.45979848412421981
0.47629747062743921
0.532881880129217
0.4487349470000277
0.39277781505665355
0.37104582156565752
0.49879414183051396
0.46185738673705612
0.61209974055115413
0.43466116622298501
0.5626793109466236
0.50880951120068696
0.54000278776429778
0.50983258985036317
0.42020489247339871
0.50113171187165328
0.61668276242327802
0.48016970981266066
0.40358076061162107
0.44011862912431016
0.53992358234593585
0.52947359841228958
0.40480435000154558
0.51207724659296483
0.53636903804801528
0.45215656859788211
0.48314713698661071
0.69606368590515799
0.47782757156733519
0.50497596292896629
0.52255130450687859
0.51285099838570158
0.44107168867129037
0.50950737553339021
0.49790146667034407
0.45577844182906135
0.49819663136680742
0.50556499937553667
0.54840613150943174
0.5078495041192842
0.51382421088719099
0.41100385461401739
0.56912794669380706
0.57103222198578363
0.48308350699640928
0.53288634998253648
0.51290314617427057
0.49525762786546013
0.45246033203934144
0.5135747718244088
0.372813113792345
0.37615179604561405
0.43079794317396103
0.50574117977664801
0.4664814536481125
0.53230004675279752
0.50585092880395155
0.60735321722839386
0.42008347709530264
0.45902597644571275
0.53937591505161386
0.52285551315941448
0.59145912508127219
0.53997598549548109
0.52123729648453199
0.5398059272271527
0.46006647329203776
0.54914766483479127
0.47411235468200152
0.49155823209599725
0.48343834988918888
0.58018557932685455
0.52485435067884934
0.52640953904691901
0.51187149797662723
0.56885766662969561
0.54143938522174273
0.53483173932857297
0.54752811599555562
0.52984392207229247
0.47942541294449387
0.54666700559608761
0.49878848945589216
0.39836270493571863
0.46311700928136512
0.49881667840622212
0.49661786565851451
0.52872419113113689
0.50621114027974778
0.57123766833284928
0.54639061203242012
0.56844002297665552
0.58028569310291322
0.51904730384113706
0.49034621285791991
0.41575838667052095
0.52500550977810889
0.50550913042527879
0.40163866281003352
0.45463977411607714
0.47075353920972768
0.35827732233054443
0.48794408836256548
0.63304676435370033
0.44648917297743679
0.53887202594169226
0.53267131483630648
0.50534808135277909
0.54144145149814915
0.50447400955877486
0.46235184449451827
0.54489661168613412
0.53404426088334112
0.46450674769708949
0.45073984909706694
0.42615251007997534
0.54136300970205409
0.47975157286112985
0.56944528392479732
0.50568563842277126
0.41537168975363625
0.51331960112218722
0.49905408628992848
0.54599698913976158
0.5207205992731867
0.44602504876426691
0.39271903637233474
0.49140846254071907
0.51557953204620466
0.52619604054914226
0.41327383799639894
0.5361699268851553
0.50362066485611401
0.4970496732868801
0.53049950505685806
0.46229617995937539
0.42951476908484643
0.41507005540018754
0.50618392290181324
0.52627678645514697
0.41551077033823441
0.54120755458727809
0.46347944717661188
0.46304297609196793
0.45132705162195325
0.53505220809886
0.34643367370191869
0.42370021324118157
0.5105954793166213
0.41326818927854025
0.48229504931574141
0.47907030292466884
0.43785190906006
0.61859480574461079
0.4801682111202743
0.57651222376782241
0.51788205124677622
0.52053980793351962
0.49527736185064658
0.53203611677605089
0.48597443290893566
0.51304663833469921
0.59776831054957613
0.53328065865654506
0.53674352377698731
0.36338044240558198
0.50661197436710548
0.47672024495354287
0.51900302994547165
0.4075879709224085
0.5382073872654628
0.56628641290075132
0.5824015926079068
0.49816015267047509
0.5631968314053416
0.53876323760120437
0.60100591525947267
0.55979965377091256
0.38488437998423625
0.44952126627206956
0.50212371204756145
0.46768039846190101
0.51618198641294866
0.51583951225439462
0.46400904786929997
0.51193526575766934
0.42154804627040898
0.50623449577560209
0.43477467269167941
0.41242899013045087
0.39992013552860028
0.57578169402042212
0.39514210227942836
0.48445757783133236
0.49143414717920497
0.52394084973197108
0.59879757940772604
0.54519216085032562
0.48710450673407851
0.51620477087705474
0.52572045491008301
0.43419884305710099
0.46651667822045945
0.49652946928748748
0.4399888088634023
0.50890580939972396
0.41878414424389249
0.49253490384230697
0.47525776373061224
0.42394115028776241
0.54599083521382608
0.43321955699310283
0.57605748485882458
0.54028620387355775
0.52568611548742994
0.46607666608060694
0.57511046029197865
0.47444123691889045
0.48277628650303228
0.61581825128611556
0.52103790446023834
0.51025788095328772
0.48267904237679526
0.39526174335378494
0.51479652093263761
0.51519577780301939
0.39832893643955447
0.47904809326782538
0.56402807553216905
0.53257121466232438
0.53807381316427993
0.46963252836082131
0.45540804292756737
2.4267437564700358e-05
2.510585026798964e-05
2.6479921114749736e-05
0.39309619922778671
0.44233625544051508
0.47901145881247703
0.50973412846918775
0.55301182154849016
0.50622217732932084
0.50475035313977612
0.39939776812716588
0.35837573267004369
0.48489940642747031
0.62492752659172157
0.49419708199366813
0.55276395088928576
0.49220847143180585
0.49514497933702606
0.53993486301434268
0.43234633732066752
0.43590845556005642
0.49133043186735303
0.57688895004905327
0.41375457719055936
0.6660422964036905
0.58886468198676656
2.3879085676284334e-05
2.6444962558399153e-05
2.679967871944968e-05
0.013157314190406078
0.45287325491991026
2.4139342394419339e-05
2.7125756255253013e-05
2.5236336621646255e-05
2.7439112445155586e-05
0.45922499691917218
0.42539636345787724
0.43473755185460844
0.50455270583931822
0.42462869207969628
0.42060200407555393
0.39549421917788963
0.34020989500019327
0.49556331773015133
0.45012029181230323
0.49616391142912675
0.55224578980676098
0.49884682980416406
0.56764358989434227
0.53971374575115594
0.50154524885386365
0.46767938547275884
0.48807676245127091
0.54205787663413019
0.42478076971778672
0.48206483347248175
0.59132878862933125
2.4051691103301737e-05
2.3409370211987086e-05
2.7007940342112364e-05
2.4029531432907527e-05
2.2012831863682825e-05
2.5007500779501207e-05
0.00012418416658140782
2.4789483309964399e-05
2.3418699627717151e-05
2.4373337737583335e-05
0.40712860138128992
0.52683313366881668
0.43727352468716396
0.4069212114000979
0.49371753862834866
0.51820170978318847
0.42622075115841312
0.56013820251366186
0.50802332827277397
0.46667476258951401
0.60641575030077099
0.46263471096681413
0.53077157041918799
0.52638248358818474
0.4960266149381341
0.48263156927614087
0.54427178931959963
0.564998994327921
0.45443788744198849
0.46880831082833596
0.54280478536255716
2.0761063475034195e-05
2.4791639534005001e-05
2.5875027714247677e-05
2.3489993896599995e-05
2.3705670707487963e-05
2.6033478343968845e-05
2.3152669528365916e-05
0.48339474626650464
2.9029930159189976e-05
2.1832758982016738e-05
0.023443163778459567
0.52702629352633967
0.54426117212250913
0.5181935046107824
0.51136623791494884
0.4794729399112615
0.52594634711065946
0.33795477545839941
0.39473947954530597
0.47152900667737563
0.48113844524893279
0.52639320055018124
0.51419423412209608
0.40683274077870618
0.54170880381418463
0.61351925061581636
0.41538378673409282
0.48208844616237617
0.51089372312147041
0.50344062876439288
0.47900848326354561
0.49756551724553316
2.8315789074019442e-05
2.2362653483381025e-05
2.1321613438675099e-05
2.1338803565898532e-05
2.4251245044356194e-05
2.2400700674656458e-05
2.7531528260227572e-05
3.8295872415981435e-05
0.50139284547492258
0.37519991199473474
0.43351694978579458
0.5020209995145597
0.51749826030366608
0.48819079772422197
0.43531342073018731
0.50924386441727287
0.49432093155655038
0.46841886425893359
0.45831668570249656
0.45440224052774403
0.50346943638479513
0.46184553393221484
0.50592130145284642
0.39101622791748381
0.43008721971816255
0.29689577156391517
0.5255280821990258
0.49388186180295124
0.46887136217769781
0.56712419595217178
0.53580644524189314
0.51077733510197421
2.7277989012059735e-05
2.4417128209468721e-05
2.408197943936836e-05
2.1983503446957198e-05
2.2734116508878733e-05
2.5808511228700487e-05
2.4682339943078595e-05
0.00040647806714375865
0.48734490982034651
0.43543722389033629
0.36730182825016683
0.47118769563488705
0.50071542301536121
0.458576035702359
0.45714021455460752
0.51817150636580489
0.46242514962626768
0.40252934408573188
0.49569706173994876
0.56679749844346139
0.49081745405927657
0.43530400251311446
0.51346178423504341
0.52109955708993094
0.4389385020613748
0.6034649483169483
0.37771237937432883
0.47908044196822774
0.52146630030334384
0.47103671427712457
0.57015935432641263
0.53521169362649756
0.0010177624465420138
2.767073053949826e-05
2.8862657058151559e-05
2.26729415134836e-05
3.0781901252692853e-05
2.5402757517033921e-05
2.5370713760729089e-05
0.42655899589696011
0.51714246571580191
0.52617294138459547
0.55282008385059311
0.47131581015190532
0.52396329940114239
0.54097530663829729
0.45026646246245977
0.51864132385260264
0.48699490784970134
0.52733127166256755
0.50483011718990722
0.47167727678971161
0.49135523582117002
0.52706882825288481
0.48797665839186855
0.53669151422892181
0.49587947390871445
0.45399007147961334
0.49804313116656107
0.55765846062870428
0.39392205178536865
0.46474383679001635
0.51726285371901604
0.46265669928885217
0.51587986526624896
2.2477407963432549e-05
2.5419961823062217e-05
2.159908504205318e-05
2.6239551682501654e-05
2.3529995008520992e-05
0.0047430076985318613
0.49777803614540284
0.4504050508208024
0.50355882140369312
0.53573923669077528
0.43610464783818742
0.41520910094232344
0.45460092637397026
0.53050702530538763
0.44680829521472126
0.44097318431793925
0.33063731865558604
0.52646722561485704
0.44595868452190413
0.47581356584109913
0.61200393104723994
0.48715213004958935
0.51045805885927797
0.49689632085268032
0.57122210923984984
0.45368983415994757
0.54734568939868655
0.463649539549645
0.52870963637465596
0.45529298273438379
0.58716418498581979
0.47535370167273733
0.55089151538200809
0.54212383829346722
3.9865655584417237e-05
0.00041358950390613081
0.4735826445318122
0.53660894659922376
0.57185113997465742
0.51566600660982997
0.52492205200884989
0.43445348053857757
0.40755822852924428
0.55845521005397392
0.52793984815688066
0.58353492789712946
0.5231198170808703
0.56846245236393367
0.38334906769832644
0.42837180397247782
0.50065555051403265
0.3931759264344642
0.50777009815862484
0.46756695423352845
0.49162120434380385
0.56334000917110283
0.50739489033970919
0.56675169594716712
0.52484949351021626
0.44435991952384374
0.46932311882654726
0.4584636081785175
0.43215927197717485
0.4751764059707721
0.54916360607155223
0.50434670377435009
0.55960200140523408
0.48035880096457362
0.43936040866060755
0.58761986312200687
0.5815620061443354
0.50883413679310296
0.4314533871570313
0.51429743421183161
0.59152901381616141
0.56441939124338436
0.47786572236225661
0.50676269035411381
0.57594363776135471
0.48549430646464664
0.39428727339548214
0.38111719283955264
0.56280588867462644
0.44942712357519587
0.58601038372007475
0.46671287739569189
0.44347149236178901
0.5184627758240371
0.52864277389346748
0.49333405495288823
0.546137100467047
0.41433138561301636
0.4952158523901411
0.43891025919642451
0.55837732165490839
0.47274644029026464
0.49971671602947421
0.50727919385196008
0.47172853114756164
0.45734574665789218
0.54429763778679441
0.49512042387503097
0.46024137583392177
0.55243498163262839
0.52333642760428911
0.50068399916493689
0.51054660289870668
0.474803340784269
0.50871732878009546
0.56039303555937259
0.5486835691042633
0.58415369500747916
0.57791335119264231
0.46436808976101068
0.59234963873630297
0.54881313246233032
0.48057595360525696
0.56727736478751101
0.54550969631131396
0.45110566459603352
0.48334705320351351
0.47614278626806816
0.53488797110252939
0.53760135902708872
0.40042536660061934
0.54037224985942811
0.50410464075006789
0.44333441115925371
0.40948140622929996
0.53440073105353225
0.45457013058983531
0.5371908995810043
0.46266634143293606
0.45238950586919291
0.49418341901232277
0.50400982034874275
0.5882114466290731
0.5269394121914549
0.56578792427919411
0.59316152329088001
0.56321921903062566
0.52138807839875556
0.46386410294527192
0.57618804697560744
0.36734602902478508
0.37989372701983498
0.45277577350240966
0.53842169792356598
0.4762533201939349
0.48991035013000206
0.48244569009865568
0.47429731045515572
0.43915135657022614
0.47239551028227772
0.55568667945937444
0.56361315798870526
0.50988272998628537
0.49212905534071527
0.4924691056071332
0.521485651512263
0.550011415112996
0.52438540451633509
0.43888937823684093
0.50557486557201226
0.44366514742703789
0.47186932734615172
0.53433347047131297
0.49854695857131537
0.53514781519006149
0.54264513229883449
0.47809512458794134
0.42161574820453129
0.35956423431227813
0.56765104884516671
0.47548367443158812
0.45878274704141236
0.29098088435237202
0.44690129061520129
0.51167239664393094
0.52645769054568847
0.49622731640386925
0.54530929667346917
0.32063235001802348
0.5185535338386994
0.5264079553436275
0.41146061615177426
0.64844034651249693
0.5746096961007795
0.45709776633982774
0.43035266508292813
0.49704214355568482
0.55407656993613763
0.46382586767563794
0.47034295805673493
0.45085289840420328
0.51113301024238145
0.51343331218170596
0.50209788628282792
0.45711622387766071
0.47020229506513878
0.4460834288019177
0.53225231737895284
0.5801225317861799
0.51943057187897546
0.4361403568485861
0.48816394055655438
0.51481529430027573
0.4780060650511897
0.52625230297438907
0.43684142046394314
0.56741557720202584
0.55965780954785038
0.47076742278483108
0.55518857336668959
0.50008318472145874
0.55172014317617768
0.44983173007604371
0.47784151141585696
0.57078763433366309
0.53196293740414946
0.47025548537653505
0.5719089669868791
0.53597638015803151
0.46708449901893584
0.54379053463235327
0.50328578967396698
0.54920717854561929
0.48341478177267744
0.51340378424480193
0.51921148328707201
0.47709784631611019
0.52308659670826441
0.50465863127276722
0.42644125810700884
0.52538633014580505
0.50588475217953488
0.48765443738027009
0.5650830544648876
0.50133112558628012
0.59749149090679854
0.36918273705937837
0.35921850227680163
0.45301132297505059
0.4958887935953496
0.49754960832463274
0.55437877068798025
0.46337067562391454
0.45973755186237281
0.51729972026056004
0.46865419359729243
0.53618617443693461
0.5141461003636838
0.52871765272690741
0.49765186213046125
0.46339035112016469
0.45879003603639279
0.46204348724899291
0.44012471451981861
0.54020204492713575
0.47619229268072744
0.43043939227529121
0.48270387308425317
0.48157848682507981
0.5045978364830338
0.45458057518359285
0.38884748791532747
0.49939836710571212
0.41005360565328502
0.57052148291222948
0.49922770817145123
0.45872074759231751
0.44334696555592734
0.45451913915555242
0.4288096801356881
0.57629923206792633
0.49529387139004016
0.49487729126376312
0.45476233783831155
0.49262970122925281
0.52879034894623267
0.56302454382205314
0.47518159611173744
0.52066742799940879
0.50915342947016717
0.53080508517817637
0.51095968799853397
0.51603301105970778
0.37134462891920245
0.3729781296363715
0.56259505860904291
0.59533620702572532
0.3936193529401476
0.52878031272300219
0.54376408048632574
0.45653237506436728
0.43224242253840323
0.51818791946769494
0.55920662138314925
0.59258138025667073
0.54118992892652329
0.46431857307126434
0.5153192711318958
0.57909324370516257
0.37829912360362294
0.50123546571051836
0.4704533018265003
0.36908807178982567
0.29400974714625805
0.48554831918798363
0.46473804918243972
0.34002478566330818
0.372918204797277
0.34906581212488247
0.32533040262739277
0.45901024034939708
0.39065089224998301
0.4276230362954262
0.43405608800623319
0.33346303244293274
0.33252301610497753
0.36253141730904509
0.37038178747992723
0.37914364274401979
0.41248583370271324
0.36061112520808963
0.37735377268952219
0.38564981605677279
0.49738512855810879
0.31365189941057392
0.36421348442898405
0.34912499218319626
0.44906920049083077
0.54405191898627747
0.3154918164901212
0.42700379160344171
0.37951060406575216
0.33522929388786377
0.43288998266083772
0.43313835954545549
0.38595211454383765
0.49565061999584387
0.46412986996169242
0.34267186706891223
0.50071413347508398
0.38116865579940357
0.44713953115637084
0.34644028766816637
0.52124106507523593
0.4111172813008136
0.41883262013181893
0.41660141546462626
0.40347707262631616
0.35527370836573108
0.49252214861286531
0.38912211696785076
0.42342013688919955
0.46064766142646374
0.35319714130860508
0.39444754358676226
0.3853980586669904
0.40273395969421022
0.42818270006817694
0.45642186807798268
0.39153951004750198
0.41601043248269376
0.48839114164957786
0.38649796044154788
0.52938158416976777
0.38861273276706254
0.40505330776640186
0.48654059124454752
0.51433036956705824
0.51629562979462829
0.46574503989304872
0.50711113683902542
0.4829275773565172
0.5672574404831292
0.52362258311034737
0.48913132580678165
0.48661566733276934
0.46874615519686563
0.50851292547638371
0.53294708773523436
0.44858434094653404
0.41503833982757871
0.51199553108021645
0.51250301215694272
0.52459507410148187
0.53890117112158409
0.55438415448282796
0.4936454257186963
0.51937794004444149
0.52359608350494891
0.47566911262420508
0.45067966910607526
0.60473010367013524
0.50033798550918851
0.52706440597284976
0.47753267232220642
0.52392608516202577
0.42865593678586728
0.36951348136514545
0.58350647997845062
0.50232550337210879
0.48471295920638297
0.55824267807843986
0.69870501679258901
0.48128697691430328
0.48448036832182467
0.4275701616329069
0.41569786563254779
0.47773837105067402
0.45066047576710694
0.60404727761290289
0.51612434613200087
0.47165293456064711
0.43138051785319298
0.49045226929736319
0.4826589506842498
0.45730304523446635
0.48435932060493564
0.52508674346714068
0.45238018531242324
0.5320912376728526
0.47140683454761029
0.65695073054455744
0.48760844555663946
0.5000447503971861
0.5155465331534056
0.46281976847302497
0.48414001893501879
0.60059704319496388
0.40538602987975608
0.45488630962223192
0.50648002527211389
0.52205170820325741
0.51463640303828306
0.47588148166605876
0.51100551937861627
0.50974138803956481
0.47251248975146903
0.55836297112565103
0.4605262847315354
0.4816896653907522
0.51076685402048916
0.48098642319949581
0.48545486015248818
0.48707968700520454
0.56065604186824658
0.53431189800405154
0.53805199193925857
0.53790440981302434
0.4975119116169251
0.61102632464286477
0.45016591551072949
0.44790347680702264
0.53740967542378848
0.51795274080768483
0.42827266895547489
0.55078612599247145
0.47612293264815353
0.45205032810429224
0.57033860196001585
0.57516561698970625
0.42469065274121054
0.42312181989609504
0.40971504336962239
0.40459995566551821
0.50066135421472679
0.60147719158299429
0.44570702616888175
0.54342285235643684
0.50621180539808353
0.49953526491011607
0.58125103186521465
0.46767879667871337
0.51656454544463859
0.43715888319849744
0.53800252445728314
0.39102167062862586
0.45425357398507904
0.47277918851678802
0.44745027859478104
0.53304442914513317
0.49187495181653978
0.57222063179311999
0.43850187262050971
0.38885871009995154
0.47373786554983172
0.46929763431670635
0.49270786299694269
0.43626476345666843
0.54113315699623921
0.37324485423233172
0.50751109963075203
0.554808870590209
0.39003246690620152
0.33762269209920048
0.47079575502793469
0.52917551544946817
0.48228283922568677
0.50692189253768349
0.43201894602408231
0.51368225654531507
0.41583805221885189
0.44829114194310127
0.54529075523753712
0.48721581500061184
0.50802588262170856
0.43679019846342765
0.4559451834252044
0.54432900361413894
0.4849628401779395
0.40934794172923578
0.48036755714137341
0.47633251933737997
0.49137843332109349
0.51813773089368209
0.59992274040661431
0.50324499647954457
0.50019712645997405
0.4803175158258699
0.50887350226274353
0.43050394031906997
0.47581111239314644
0.59015644995358507
0.46099643143004249
0.53325554223112925
0.45110560187664978
0.50341672547956717
0.52528170948503716
0.48823190603544731
0.49568815365246371
0.49072301362778287
0.49776054638094003
0.45658977526856892
0.43087895745030663
0.52192919064464249
0.54133778542521083
0.50367580699274994
0.56710505531036093
0.47251101687316055
0.50926910049237128
0.50468656737956685
0.4604366243816348
0.47150723714319381
0.59984477776613743
0.41697575748198201
0.50972973315092895
0.56242863886456773
0.48296048734492703
0.4614641226932511
0.48167213917557272
0.52925996521477803
0.4694864952391668
0.40572069980635089
0.55097499476436818
0.54056357504894992
0.45846640471299227
0.51450743462588122
0.43888236873158115
0.45159357578222509
0.48060380702261096
0.52519666427090062
0.50530615122765266
0.51906071082742644
0.43354806686853836
0.48977929564892053
0.51376873850235183
0.46493170079674273
0.53424773769896616
0.53255680472374178
0.48244274452444524
0.51662437966997987
0.52469409472613171
0.54830623285114954
0.50086041241805324
0.48574631597328449
0.48653607131053317
0.51691846761724169
0.64797733882031272
0.51509545606986762
0.52280264096461393
0.53497474759061159
0.54182437501439606
0.52720423448205289
0.58819782387772157
0.52083740839644654
0.45898150000722399
0.42199691822940694
0.42257293263711104
0.46057347470495968
0.35891805122698439
0.39608928653909359
0.47286241701779691
0.48628698279888893
0.48686548849945199
0.44294523447658352
0.59851551296995786
0.5625361940673177
0.44337541313868878
0.52550980806434588
0.47604045235942527
0.53215520119170767
0.50580849406890471
0.56067690095325284
0.50535567566323125
0.47801320805026642
0.50302408850012492
0.52242199581845583
0.54229457065884712
0.59174475229409329
0.47374120281415216
0.53005859652793674
0.46078104439907458
0.47638137829032995
0.55620987917747189
0.47663734878985892
0.45391472953661427
0.53455884585193725
0.45596360935457658
0.52220645180953174
0.38544218095183308
0.52939873548901706
0.40469568282115426
0.38811574288207457
0.54903501140430444
0.50569188905254059
0.45034929703576571
0.44887848595112345
0.50826154375142429
0.51926890570550954
0.44777918491370344
0.33519154730444461
0.5080008782322073
0.49965898569543976
0.47447480433468536
0.57853916498605373
0.49325886063995394
0.53340822061878446
0.47806422626057266
0.54640132575554989
0.58338405579063568
0.48052443084155022
0.38253924286282437
0.52799080292665324
0.50957051127797581
0.47365375131116899
0.46291545277347174
0.42722253591295428
0.50503840479501438
0.51173920370715831
0.56476880434089605
0.47003984739552707
0.40945502626241703
0.53285202649032926
0.43764438508804471
0.415862073727022
0.46003294275733025
0.49442771658888968
0.44967546347159459
0.55002455324505539
0.4861738387785412
0.56211324728869061
0.52618428474912748
0.45883145569364486
0.53283052239948658
0.41640379304509723
0.50763639200037747
0.34238906571333955
0.57548693788592664
0.50077307717835617
0.50089404332986454
0.48905731916963935
0.49981322176930976
0.54081878100591696
0.39048090711677635
0.51394404262972604
0.38568953917906695
0.5153337066892687
0.55414800392222929
0.5799057999282643
0.52870475143278295
0.47406716143653516
0.45475668804212743
0.55606609463631285
0.4964983497241553
0.52556740904536481
0.4561142156997583
0.3982129468503936
0.4804652300743808
0.47265793564892977
0.5726074305629878
0.49418480002851778
0.46532057073657696
0.58873969605507415
0.51326842620473001
0.44392715324663812
0.5660123166556863
0.51002128151396531
0.60901728708280234
0.56569914166953406
0.52774321854181794
0.50925238805037754
0.56820615140551844
0.46022297470103113
0.5205057813718218
0.51340164888502848
0.56261604465874071
0.51419257701131005
0.52117030908181883
0.50308183400447704
0.47647866591858146
0.54154900678027218
0.44125330277860081
0.50817306167928933
0.56639010975715631
0.49597230104323642
0.46454414575130876
0.53793228637862911
0.36063039948618725
0.30234399558270131
0.47651133812151897
0.44767824459443822
0.49552195199086807
0.39364048743176089
0.45345751292396796
0.51145814266189649
0.45460804092043317
0.5302599162605458
0.48251485611958606
0.51444641856294904
0.47177655688828835
0.46910747247880497
0.53973154517869426
0.50525917661598385
0.49429470857842545
0.49720828920780735
0.51689926811610742
0.48916935691516372
0.47291143369322486
0.54336028286965765
0.41800075388590469
0.52744770404780772
0.49688832254008397
0.52977344834185836
0.52132015106547969
0.49369793406221896
0.50882976055222184
0.52102880568456877
0.69275197200757832
0.48533521325265883
0.44053672245740427
0.31925933856017896
0.50993933439914962
0.59404883144064879
0.50379020129379937
0.62027008696804298
0.51316084745209012
0.50754134226779168
0.52692576964983429
0.43989251275864516
0.52051528107220502
0.4931551942791304
0.4143260713124246
0.45209541196067848
0.50764701799014922
0.51643264579390025
0.52079758061816173
0.48260570406659475
0.49552177795184466
0.50752439860258747
0.58131084367650931
0.5129594872482014
0.51720605429615496
0.43107758581538297
0.44452840221611511
0.47274235956487959
0.45296366346294437
0.51403148986741209
0.49411637981706363
0.47119136659767907
0.49464554652741244
0.49626104217271994
0.36130584563651852
0.42730538099944415
0.43760536481451023
0.47942772573643594
0.53291470255800144
0.54123824485371885
0.5428905048280066
0.54904139689628773
0.56789925701791544
0.53088277169712594
0.52184600452173824
0.4343041405270221
0.50278040738767282
0.62832565101151472
0.48267725271180539
0.59829048433383536
0.48751513093715199
0.48866871763295056
0.46134694641881091
0.58637601506355486
0.54164491828296535
0.42781866435423771
0.51354148695567747
0.53742379040211141
0.56491452223603156
0.53043548169716859
0.46481379028237579
0.54652567450803935
0.46541067007936676
0.52870807162558708
0.54336000120438732
0.52075038429051301
0.36949694771324892
0.34721442763445937
0.51338670709447221
0.54981546185926533
0.56214868949398566
0.51210298529290721
0.51248074367616203
0.34926241459624413
0.54826036390401056
0.51936156006140644
0.50009304596173898
0.54538610246359231
0.49831927306113016
0.46730561502541706
0.42202238901066469
0.45240766746847877
0.55503523087050566
0.60214248730988562
0.48015509696076991
0.46472393295789299
0.47764964818775724
0.4444389955324462
0.54276430859474278
0.54031663360202697
0.45870360721595294
0.48676072732240538
0.57929629441328334
0.5281051629313146
0.57203848198027862
0.47308545653529027
0.52453789086164859
0.56906125657451379
0.51123973177454174
0.37885988641857943
0.52775656550768169
0.5296864065669501
0.45567517786820405
0.56928048097955908
0.49158490921767539
0.51894471070958981
0.47252250340392055
0.52036252382810422
0.52819521733104069
0.42423910568006556
0.51914009834069164
0.49606349374491071
0.49992040312165381
0.51417178821337239
0.55506366827211706
0.53393208038957751
0.27308058236187616
0.35716403861858975
0.55170292642035956
0.47238422519764972
0.48434607932451135
0.4782429540225947
0.46210650671781184
0.45187115951925816
0.51672808962137917
0.50388805461438713
0.65070678522901393
0.61278744247711359
0.40126223409624051
0.52985119753206444
0.37031798634318186
0.44300633205542017
0.4557290923446296
0.52046634687891558
0.44978447659005127
0.53112481818243373
0.46900061164691381
0.42507930208970385
0.48306083873960226
0.56485815035762121
0.5508088189610284
0.52208358468332938
0.4535740547692626
0.52108398174873438
0.45857255550529419
0.53123541522052931
0.49504357561702739
2.5452579651272649e-05
2.3996696186473733e-05
2.3301072694288153e-05
2.6632263531820103e-05
0.53374156541522733
0.53850992460569069
0.46963720817482374
0.58810084520707728
0.49990967603843323
0.46163016865368123
0.48643600722737101
0.49863839961060935
0.46169978997662919
0.50898149600785947
0.5934481324881431
0.3407073266762366
0.41094875536935216
0.45788920388190746
0.48216831828816481
0.48075488378537407
0.49225738444324452
0.52541081935189127
0.48077287664368384
0.47877227817406076
0.45768186174888037
0.4334070511094183
0.42466913681057317
0.51777951462419325
0.49317749737066802
0.4976342479196581
0.43526476338343967
0.014276575367430759
2.3275199658960155e-05
2.4973100347556991e-05
2.4592977561353227e-05
2.0831448456410036e-05
0.4995180930027458
0.5316761516759575
0.51436161026842386
0.49838948430331592
0.52037182947901717
0.52336226393338481
0.38021020273891437
0.48526821091851502
0.49417758961106223
0.41489461846373726
0.56951983281787855
0.38443767686632935
0.41015911815941364
0.55203445500080761
0.58408524424401109
0.5613886891542812
0.44677193892635769
0.56844224429765611
0.59616481823382206
0.52915433878717899
0.48950567112927451
0.51796894494578116
0.52015090395634567
0.52132663873422092
0.46200866277651104
0.45573067941713785
0.48990392578650388
0.24938533954882949
2.2506815200590247e-05
2.9585045458581397e-05
2.2306591586351327e-05
2.8554413461833528e-05
0.52028556582160257
0.59456268754603059
0.56071513372224557
0.50121534352068298
0.462017627331748
0.53555440207060268
0.52816459026914375
0.49315414595121465
0.51684027157133183
0.38959075880106347
0.54066282843616364
0.57301539372398014
0.57350330942822814
0.52238598170336481
0.5659928627677665
0.46084876898642313
0.65260401620773689
0.49778632064846023
0.52861678097366749
0.4873883955585141
0.55676225568824123
0.50921796565707911
0.59719298343031013
0.50036937091460654
0.39444773617459011
0.44580259518290632
0.40677285596615359
0.49698052956294897
2.5651143161375497e-05
2.8744976313406735e-05
2.7978628402645683e-05
0.0018183825008540766
0.49262431179643473
0.47925707183239585
0.53822509184149847
0.58587779799866024
0.45040525058779562
0.37315310143255614
0.51533933500039864
0.48201571333957977
0.41329627983919681
0.50163910382276455
0.54851369216080759
0.42322022897119616
0.3895700105710414
0.55892834548176751
0.49630427391540483
0.49352359094962833
0.56907027371406838
0.5523364961928684
0.50217128380488374
0.51744677574546105
0.51228135087309501
0.4133656947607568
0.47149086867435264
0.49222538761213747
0.51768555955133644
0.35156767276077672
0.46641334823484332
0.4445704325205157
0.38119695857487584
0.42376072268629894
0.67155180460102482
0.48925699124386929
0.5655788967098222
0.42143441832827833
0.48827677746124865
0.54578921047789475
0.48106383672154784
0.48973616962435101
0.45143516841754316
0.62605093966207037
0.54745922509816614
0.5398473648451485
0.44616139214313422
0.55384324778352312
0.41216577223536754
0.47095775455297173
0.43287853251974595
0.45091820359391821
0.60668061505765469
0.46835457716291379
0.46780774058805175
0.4428774964285046
0.54316209901622348
0.50849966398479118
0.47792182313283466
0.52061381930643225
0.40328609838027818
0.47575380660514038
0.44962611399296581
0.58442114658666866
0.38363463627500144
0.49880149299555609
0.51812819452533143
0.46072156028912947
0.43152797613904625
0.53485248236384653
0.47051660202565354
0.44905350565366298
0.55414372041767113
0.51751987349378326
0.4958214315055367
0.4119021898562541
0.49461585802112895
0.46411492610975252
0.49373221283742763
0.34560740773296611
0.43035341870104804
0.44298912001417379
0.51043412072422456
0.39446016640127451
0.4535125250986638
0.42643578168302221
0.51139219559291438
0.46851859929066236
0.44235943780088827
0.51493973779646984
0.48219421863345319
0.42786414681672535
0.47359371503495651
0.44741499994755474
0.42228684283784312
0.51665226873470627
0.46547868541647036
0.53493684587323054
0.50902201763258426
0.55311552478351445
0.42628202854676478
0.41563702728151247
0.51985003415863551
0.52604225836846252
0.51814995350282711
0.43030430289036342
0.46209919894628881
0.54108636553067346
0.41876407513838043
0.49614092948285915
0.46615783011716283
0.54392701221789819
0.36942193791445582
0.44579069098822793
0.39573310458555605
0.47902433572334835
0.66709991218624032
0.54564776627018063
0.49294984828945726
0.52389828997846988
0.48120685918782979
0.48929354000954567
0.53212856090702343
0.48880607163465734
0.51494351021003348
0.41248317983178945
0.48166271477593059
0.45335663453583713
0.50052292440009682
0.56052124705945705
0.47033651975661772
0.46970046834575524
0.49786928254326535
0.52163606349838809
0.46894962129351264
0.5070041858702341
0.50484596804616133
0.56898715862198235
0.46585948987675702
0.49925465959821108
0.51990732608320311
0.52575471531194029
0.53317582625101589
0.33811174256866627
0.3964174627302578
0.56554732718791711
0.50447550267370911
0.51595770035939081
0.46616702424935402
0.49694479600949559
0.49163662040673484
0.52486842788551791
0.49664137757349203
0.5253482936548316
0.57431562575206829
0.53816666983955785
0.54561423729472536
0.48299442158111483
0.43794535127116979
0.46360692638857148
0.47171855657467671
0.49226944698179048
0.60051941201972359
0.43252576786356151
0.46067610143509613
0.53414364725939478
0.57153616739098345
0.55462844802037847
0.47758498146162076
0.45099683520699341
0.47552519135149551
0.63926974641295398
0.52245649710689734
0.44351636905195663
0.58100157375401884
0.41723547758212232
0.42288520905247928
0.50121853742268274
0.51974305984529945
0.49756446636662327
0.47676819435041545
0.55720742298742598
0.48096954718926532
0.50513250095023832
0.51275701184195077
0.52920438090819444
0.45080624107362544
0.47314020773505222
0.46755345222922279
0.53200887245805051
0.59080049702899484
0.46648947489868353
0.380329376806046
0.5036846796817932
0.55331857787554428
0.49498159944865283
0.50651769356270004
0.51482114846520588
0.5268469606787558
0.53426501345840527
0.51135759857801055
0.48831403162246806
0.45390437327451943
0.53460467180085003
0.58133685504051635
0.50170418400573857
0.53406522244776211
0.43774863323492569
0.31446883559518202
0.45223487124806411
0.53730295105972825
0.52924749971098428
0.42984399633107062
0.46177059598565223
0.53094037114738601
0.43884710748809624
0.46739175749590811
0.52940671425164187
0.49865187678139339
0.44596860346720252
0.53299357538314784
0.579207649469482
0.43146238954531918
0.39932208344969117
0.48973283068909007
0.45841152926455425
0.49628420400190038
0.50631880152936226
0.53351136821089173
0.55043895233246376
0.4468285881047081
0.52185853996541776
0.57045151291553653
0.53479379951619055
0.54012118110510254
0.45165636865135478
0.57573601283164733
0.44437279931453311
0.46542082996630019
0.31065213993931678
0.38867605161971197
0.42955035605984121
0.54175078840668422
0.48207011106987419
0.51721718884384682
0.4820387915195547
0.58531695135636697
0.51823518635683741
0.49986053199488817
0.51302384243806687
0.44803132070156709
0.50308957595714265
0.52610303694849203
0.50177150030475792
0.5377476763418142
0.43748535412787132
0.50154507600544529
0.41881437584497022
0.55607984100025309
0.46210604086997265
0.49736169982832679
0.46681778668170676
0.60138526852475738
0.52883860782356051
0.50678688776866354
0.56114288523062306
0.54594059245528881
0.53207443075256278
0.5060534104393053
0.47659291949444971
0.49628433229711466
0.4102342517452009
0.38354317174502145
0.50717534182142732
0.48812756996887591
0.39352342216885106
0.49496607047485852
0.50964322544970675
0.5791549285961769
0.43923454928141581
0.50519692768510238
0.54828893544893309
0.44211321408943061
0.55110927127446141
0.5059298899235114
0.4212834319373614
0.41154982113617133
0.59839055494136129
0.50724844726056817
0.55949275949559285
0.50080308295623455
0.54465873230269168
0.42041531988215863
0.43576602573321044
0.47252205640771799
0.49854269417713626
0.48518482341732427
0.59532920441512627
0.52570327822696006
0.58429447867495166
0.4541726542948642
0.54568808673312685
0.40732927110114758
0.49245446977603469
0.29526324883851734
0.5272257750903524
0.5538776796200604
0.53892142903065188
0.55439608322573108
0.58178878889489194
0.53907695206053918
0.40950433701092198
0.4915376208028886
0.55353844863115498
0.47419342101289852
0.51544247495905893
0.52217991303350986
0.46449212511757676
0.49669646930061073
0.49721433230071999
0.42193123236470942
0.54571001606695579
0.47766379915329199
0.43573105326723893
0.53682562431417735
0.58145863893208272
0.5264898588301441
0.47332024078649654
0.40526249295433381
0.49287067625861958
0.54528331294119159
0.49737109820911979
0.51056674875207253
0.51449531636059898
0.52553089999685509
0.37563552926376131
0.42878935148464981
0.31959805084795456
0.35736496767004838
0.3654165776982522
0.5172747683542378
0.5191975580080086
0.3850157011376526
0.38627590385723021
0.42682990769786555
0.31265766142203033
0.40668036397378104
0.39702734313687993
0.45497431258660942
0.36455312510168375
0.36204125726461645
0.41037686830432546
0.36322530847092088
0.40322900431666647
0.45606029375139218
0.42183662550448081
0.41663480729304903
0.38341038339408556
0.3576452598315385
0.5979822283658488
0.50079386241873958
0.47322949545678694
0.33336892965977205
0.31474495971873873
0.37979040700243077
0.41182522349461093
0.37736993709864852
0.40706302245358228
0.26956009841376299
0.50184275022719682
0.59744183323893973
0.3621495547402595
0.36665496517799112
0.41129493764747188
0.44349757980749011
0.43397684857228175
0.35592149611470297
0.36621103868721966
0.26820314822423857
0.30954113225340835
0.52070349818144235
0.49703217229883206
0.36220863578975193
0.45567116759145493
0.42222104575910974
0.35162786118971551
0.38204735449437471
0.58574658349156195
0.34188303658083791
0.3746997316678593
0.42593929307814804
0.35241215443687485
0.37714554817608781
0.57865546351571695
0.42367667163763201
0.44488190237937481
0.51866459016066169
0.43010562311937411
0.59329477547698162
0.38945670362866325
0.30452477455248034
0.50498678086590987
0.48616678860348278
0.48862479245408114
0.4588395491217519
0.52075213776985896
0.51442987697391729
0.42454524881771477
0.61665858657509465
0.50457836233258535
0.56491601967354921
0.50986379676752902
0.520413780113401
0.48228684710293451
0.4668278879993964
0.52028534615133726
0.50834028047594293
0.54168366294036252
0.44771046109258722
0.51675784844185624
0.53186045353844502
0.47081788590871038
0.48037467927056343
0.47466968519131075
0.55812753230303302
0.49075412727765461
0.40027335867748554
0.56294734098511867
0.55533059401493912
0.44490032222018155
0.54174622981435272
0.30607205831490958
0.38193908779607871
0.46980420026298292
0.51948601829673768
0.39532376643246303
0.53664390772226778
0.5127355996316395
0.45751788373867608
0.44665475574587837
0.51386804813694653
0.51727977099537836
0.5252003449672964
0.4355903415081902
0.53899911966913439
0.51251586503012847
0.51812914143873012
0.45480241295366747
0.50697757248068176
0.49774252813492886
0.48382407524226528
0.53027680790990805
0.54870333174269514
0.45831015755802751
0.55622339357523987
0.50703771838905543
0.64554613376233416
0.46066998924300367
0.43208889915583376
0.50066362695956002
0.51476375308548439
0.45191070885025664
0.47792378522003159
0.36512675678498613
0.42765183394535566
0.47152143277976921
0.43264286332849577
0.55525805271276618
0.55964670796208504
0.54640416241677114
0.51981787147063596
0.50366612498160568
0.53707953889065074
0.46999754165740554
0.44423570007869678
0.52761174530635413
0.47625325686090919
0.56981884351605405
0.57513763563342113
0.42513181198712302
0.45767691722705417
0.46920251892445197
0.4334832148602597
0.52037381805596672
0.52610409401209224
0.52610170079910601
0.54539453037008723
0.44627662852740263
0.47565513104537421
0.46170724164839977
0.55579275077342516
0.52847577792312339
0.51806551988450089
0.49854806673524377
0.49231101504994224
0.38141298123728956
0.40430895779446435
0.46769032786289311
0.50829462372786871
0.61933388969192393
0.54769307641813136
0.4990564408361684
0.45790305120566882
0.46252849225906051
0.50138689105792678
0.4761447131654527
0.52328925742151078
0.50113465696033521
0.47490770334821308
0.54883667273945047
0.52411944456435422
0.55773084035248111
0.61463661852191431
0.46059184551150112
0.45052013194858326
0.49795515877455221
0.49445226691414762
0.41099529098571824
0.46723114466562166
0.49103363373353776
0.49092900021188501
0.45715264004408945
0.54031331903582169
0.48694269792936395
0.53314428131824754
0.52749562493308899
0.45398634280416439
0.36422349672934162
0.46303172905416451
0.53830151771118562
0.53700251173338809
0.46900724069403549
0.56053718261610974
0.50187730661918639
0.4473739878742562
0.50545102913936568
0.48915990376319302
0.43594389392274185
0.47217335784277581
0.44312708294792041
0.51390307445135308
0.5458769210691079
0.4560736450801755
0.43083725507286863
0.56719053032212874
0.50858872082471529
0.41637084991845741
0.4407330056352648
0.4747302417176687
0.54496424734525573
0.41539371048795193
0.5099246089227728
0.49165299206924284
0.42447284825505421
0.57059618269168766
0.47290024387878704
0.59114708201468302
0.45490165973568142
0.4780047926022255
0.42308230327921248
0.38451833528185864
0.51809711916741596
0.45172657271705369
0.51937144442995653
0.43968904560985594
0.5058779594863847
0.43661509283651317
0.50311185433818395
0.52249028789998286
0.43361340082014549
0.52182019873258678
0.52701010531148151
0.50910672096384257
0.4936852822598804
0.51604966919577155
0.52344581823847813
0.47174982454371855
0.49715676401903952
0.46122555702092743
0.46808369727273863
0.52837914709323874
0.4019621004640036
0.46313515067945593
0.47640792222235562
0.58339089071569039
0.53514497432247676
0.4673605947856897
0.48052414601881333
0.44198346863169208
0.60964277697825398
0.50328384939909387
0.50816217851454026
0.41099213920647149
0.518367522483835
0.46604625423028423
0.48371530662160839
0.41170886569399123
0.45480304157457968
0.49964802449357582
0.50491783062513385
0.56541054940838265
0.50176621299414126
0.47123473067005683
0.46553864251957428
0.44416172910758273
0.45881311844836725
0.51397086969058359
0.58458313413710294
0.58466565364872281
0.4345356479213926
0.50589541453537523
0.50098878033541805
0.52126660764630717
0.45777540780925247
0.45002405906047577
0.45888724054651148
0.52930546876540652
0.46887363133999427
0.56561198050469963
0.4926464726586941
0.52009427579984524
0.50720746529939775
0.53815440983501017
0.39965233561497271
0.4392739813377583
0.43994221459780547
0.53593030054892277
0.51671293472255408
0.52195889960540942
0.4706354812368565
0.48531017586125175
0.58784329523700052
0.49693421128424009
0.54443448589541776
0.44518670760499263
0.52265751355198098
0.6159111958529353
0.48035664491410635
0.52682944195663983
0.50467496362241837
0.60654278154285535
0.41372116479776616
0.4476995008886962
0.45533422298477799
0.54268212135712068
0.48832445800698088
0.58595810355644429
0.54322339825555532
0.54753768824547133
0.50770013070343978
0.54457007624630738
0.50914300727812001
0.44856017362612005
0.42570776565585683
0.50932350897309708
0.46771454230577975
0.40360505495333288
0.45638250254615692
0.60397419719420109
0.43548681983781273
0.51230791924821562
0.59265877319324667
0.57715437521416302
0.5176524823048243
0.41607916437955744
0.5526507560627717
0.41017731759557274
0.54725311192403281
0.49326049299190305
0.51995306637193961
0.54524320757513334
0.46670351070603378
0.48440606115377349
0.47349591533400087
0.46806571765547378
0.45637743254184548
0.46937176251319007
0.59256975924793631
0.58983151654821375
0.51584126802049657
0.49277215399017588
0.50929578541656617
0.57720632213899037
0.47082525428149624
0.66737289591567472
0.552000191728236
0.5320934675693042
0.35614591011785496
0.29576348678598219
0.45979161664635204
0.48378135201941697
0.45420120627700217
0.47036389683341107
0.42124070302434397
0.51001279364659369
0.47381930887550833
0.50727323061588048
0.51410672728382467
0.48842886046009421
0.53846635012510491
0.54158421672478585
0.48943709608548103
0.49890543562188661
0.44678234243991544
0.58851136351816757
0.50200535053053119
0.48224981582906545
0.42132703930110382
0.50985811856856
0.50731989579593251
0.50191459882003941
0.50965975894935567
0.41395730047200624
0.53169003221726729
0.5182015858982657
0.35769317819513335
0.41063083645693943
0.55925955294527663
0.4339917316966152
0.45006564659370951
0.33968916392691034
0.49091748634474835
0.47760105778435569
0.43984987463167485
0.51360801017122315
0.49108614947895018
0.52142534903739179
0.53713615385907265
0.46309791235084086
0.53227651084700589
0.44866429048436751
0.58311601341923125
0.55446507803043221
0.44725436913665251
0.46432658353657169
0.45318516669520964
0.46269343410900654
0.47916572553233089
0.41361211134699344
0.53159309506847718
0.50948953319345003
0.51254996399479613
0.48325881207530402
0.58369935419961549
0.50464726708010421
0.47565261554143551
0.53475221928582151
0.40120847727132308
0.49896054911781507
0.56606334706274131
0.51480966865677669
0.55950520695060191
0.5102780492729182
0.58491887247715479
0.40362775641646115
0.47801837247450629
0.51935932730502177
0.50505101653633766
0.5231738652353547
0.45313192622222653
0.46225904503304005
0.51574753690625996
0.51992853052783361
0.52909123243608291
0.41231580280383689
0.44189876663286853
0.46536904836135812
0.54547994763509555
0.43077519410451093
0.40443955376253338
0.60454029806031673
0.5317103005880085
0.55028912687859732
0.62859909854035279
0.49457410746232749
0.47084632763378109
0.55237895807391413
0.52572336094343441
0.48088525360081386
0.48608152755150552
0.50368915715013252
0.53675638534926395
0.59193138301842785
0.64086111419960223
0.3243006843345641
0.47102702029231991
0.53797208568618404
0.44501650561062756
0.51514430565635794
0.5870720486580826
0.494166843067466
0.55245760130286869
0.51846178295510015
0.51317994677772416
0.55960154910617133
0.61583207865552647
0.53035576239445625
0.49183165219047503
0.53051590270367421
0.49503471802123322
0.48732130868277668
0.57080882292582047
0.51784296108472516
0.51563630327652243
0.44764976589436906
0.53211843557049043
0.53806497704147527
0.55328822501391084
0.48557433421869406
0.50544727464317263
0.47294269816508655
0.53211169724685459
0.49805179634891611
0.41103438111623475
0.52565385650323015
0.42909563317910432
0.52083229756541227
0.51058899595382101
0.50385927104519801
0.45268889077344976
0.56664118322000601
0.48961264459129161
0.52472544675633481
0.43702445874933732
0.43218382454964788
0.43426870900639486
0.52109038310905931
0.52570914640417465
0.54620616014704149
0.48709642031311923
0.63087649263039569
0.54532124358108047
0.51074658490856562
0.46514141605339127
0.49663010139272878
0.46936183299773593
0.4763443857385502
0.47661637787904182
0.51531677959333921
0.47409083677454483
0.5810352679201265
0.5556876778596872
0.5073663531542657
0.53070909054199444
0.48873168953820251
0.44967435282210583
0.47597474203762957
0.44331713531517208
0.50704954382864931
0.51651385982403952
0.49817384351970889
0.49035781473427342
0.51776610293037195
0.47540346187164911
0.54133591020653271
0.5335706977870992
0.43400063703633113
0.59692396095853861
0.59195090081091739
0.49860463959881607
0.52461004836867187
0.57349715375313748
0.44087529463893121
0.47395169341016807
0.43175258178947234
0.50319516340268367
0.54695103857650385
0.47426127198719525
0.39909003981051888
0.44670641542625372
0.48357036551378052
0.50507827642041292
0.46547170514790287
0.53929151275832843
0.42065917243180245
0.47791337270637402
0.51639455935599055
0.4363847688820931
0.46413124128374483
0.54272367280703926
0.45215818793267781
0.55109294301470335
0.50807717733799962
0.54896281635410793
0.534253490006798
0.46906539209165821
0.47114211509662557
0.36896144086665716
0.43633106893449003
0.54352783037938979
0.4602664630316346
0.50775737784224295
0.46795489517683941
0.42067691520645306
0.50037150638832328
0.47611920238317462
0.52182844127586703
0.50441182130633322
0.45917472278322213
0.64346710137360075
0.48772974285040249
0.55914196757270196
0.45101300179472564
0.49115019144602995
0.55619981252574879
0.55648356089588691
0.39876519923154824
0.5397486600342335
0.54773225463382524
0.51647573520745982
0.54613959973567805
0.41902904157055104
0.34691723046758499
0.46281004130636988
0.42054189440887901
0.48377327726286973
0.51708645806955189
0.45752925617787704
0.55067891754925946
0.49694368875083983
0.49483569647819914
0.53009822977135135
0.52805331316428972
0.50549788732105805
0.46514503089959253
0.53656789354657408
0.52616573757199603
0.56048703103658548
0.48354553774525411
0.46279067578437988
0.47502511915675028
0.50761465641654913
0.46367545284612111
0.49204278823308056
0.48769428563605899
0.50919218796075694
0.53689065174463002
0.45678428681674521
0.46358794436322037
0.49849268515555267
0.46404583950139955
0.51763870580535265
0.51687458398611075
0.33963257802835234
0.43420317721821744
0.54889552989291157
0.49545985790799169
0.55954460735820488
0.49411308410676008
0.5098987206629344
0.5919278674205084
0.6149347255064852
0.49807898262735717
0.43023553239753165
0.50831694757105117
0.52554473084904707
0.5337329247245437
0.45601934512256992
0.40143768017596149
0.52244861606276227
0.5009161212862232
0.55944695294105906
0.57250311548657939
0.53751339685274169
0.64083367871590946
0.47524049395785967
0.48867375388334677
0.4326302691272495
0.56286495789150115
0.57562044737029783
0.45208074007056109
0.51066550297813185
0.48045474048365067
0.42362017564954929
0.46823691357156538
0.30520187548370792
0.45264322795142736
0.54255018893662821
0.48932057673284624
0.50520690462360707
0.34580241005541495
0.51070466982494001
0.5172855639572036
0.46545321780124527
0.53392423309551307
0.48063359448902326
0.55489832203965517
0.46997246243186336
0.53452143680349673
0.56464916711357704
0.46013632946412986
0.47064458247873064
0.57645303791246694
0.4577513625300198
0.4652298528564115
0.44079308160254538
0.46894756618197359
0.44460283215983887
0.48648272829792838
0.45254883140105223
0.5468929420934413
0.49304051353298961
0.61246998120474372
0.57241252673450016
0.48557890714460927
0.51692706975290392
0.50674841399811332
0.40179017046297971
0.40740592949553767
0.48416412806475567
0.53323658564238963
0.54514008821730209
0.46690235573358907
0.54733530884209447
0.48047872971349931
0.53551821637310271
0.50185213936802719
0.54964794993857802
0.60428436804597185
0.4393100444874577
0.52566918893754766
0.54452868626285955
0.42661983960379968
0.5142028649904713
0.5496855140765009
0.47701418631620318
0.55125937680223291
0.44609383375438905
0.55514095312659573
0.54508348268848372
0.45496335945148036
0.44327909528507753
0.50335159815742903
0.49713630720035035
0.53134651787214338
0.39037603590673309
0.54831125070389675
0.54260291977549391
0.49998078374158977
0.36086620707988187
0.33536399438942166
0.45479099869444239
0.48755108037124084
0.49428832496698472
0.51720999369095777
0.44492971505996837
0.62019651398911202
0.50340286635395426
0.52252350328486441
0.41992056244758558
0.50088561740756521
0.47833076708235317
0.4566622465435643
0.55207462316562728
0.47171799580563278
0.49212082956446024
0.50814868588401441
0.52924155699279218
0.43702434200062679
0.52708238648253181
0.55076955460501298
0.49635718853568866
0.57603557543343986
0.49074148688035518
0.52025414823508898
0.55551070034765904
0.47592874444287009
0.49194612820343991
0.50433990839537146
0.44479773642504944
0.52642209610928759
0.38591791885788657
0.35891786771583989
0.51474472188293974
0.49493931964681093
0.47500117444991863
0.49418750673172013
0.49068543705636075
0.55692786342445477
0.4624170149778643
0.49051946192315959
0.54386642918197359
0.59145333303268388
0.5398625016227897
0.51692367643041304
0.45250928387737754
0.43553168668313791
0.59135937182744702
0.50129687913752463
0.51333181042206832
0.45201805618975616
0.45273178592756536
0.45652674630377033
0.60249489721777183
0.50130560825471515
0.43151617926938451
0.4859690631281337
0.42684032922955484
0.51615076767779855
0.44607537112355461
0.46537388396075585
0.53358989887764141
0.43878098844114338
0.39545903641340757
0.35437811699376975
0.52242613612983846
0.41515030573709111
0.53969577916467382
0.54890371212641731
0.48983260511482557
0.44292121101385029
0.46977994862523476
0.58859736856672207
0.50150072691608238
0.630878857709543
0.55611379746065248
0.51563141327539319
0.46557121941335244
0.50234867686349449
0.36679947792866674
0.61233911394654761
0.48885713835023481
0.49177385375066729
0.49850847882473059
0.4951891542160799
0.53332265885283026
0.57970836515569213
0.47707106403026772
0.58194346793975171
0.53760257586644855
0.48990397987638407
0.61289901479555609
0.50410569637756697
0.57377457958115796
0.45355761187388877
0.37149693685031354
0.41153766258807883
0.46731229496810428
0.54041257107561969
0.57441857132636176
0.52865943664016934
0.50785768858777292
0.5829352099876447
0.57459527760968265
0.49660237084845249
0.47266217652721665
0.52368841616447848
0.41227605728877365
0.51659912343718895
0.61575131177812203
0.47005493727468406
0.52493934344284898
0.4735833608442106
0.50400466997701787
0.50506961405735951
0.52401584999500395
0.45278008390546326
0.47757840903460541
0.46314787738909186
0.4741747104563015
0.4581015005490241
0.45113584626433506
0.45082666975141322
0.4330628849688396
0.52938976518798109
0.5694774967540468
0.50896424829544529
0.28924676883250622
0.3929837697823701
0.49405171418416494
0.60369828553535743
0.61350126727129217
0.49475185448036418
0.45026037727447971
0.50922355968041777
0.49783762035503254
0.51549935697536431
0.48998238156576501
0.46879314742019351
0.47883153086669222
0.54674680392105945
0.47610521838855557
0.49949176121036726
0.54657258589172486
0.57758485358460432
0.4602834337150431
0.52737075106072118
0.54201884531271527
0.52637863594889245
0.49698349679448545
0.52954589088222348
0.52975880860176594
0.46233161962849323
0.56733795011753052
0.52434362664156731
0.46076013372546354
0.55323791829680458
0.52968891357336312
0.6587119885155176
0.39065898971055218
0.44492551495991051
0.48575064091491243
0.50164857418314401
0.48433876800479791
0.42682665494371586
0.48400216805017771
0.52123502408050049
0.49446260628952987
0.54010250095791901
0.42150749595500886
0.53725908776449227
0.45476038706677968
0.55340708748359457
0.43742795405520429
0.51620216196081226
0.43084116604552991
0.55035286709454856
0.54546169663148691
0.435710486250725
0.42753843813669468
0.48199166094459617
0.55506585151810395
0.50031468785874933
0.49425188155888378
0.50324492885526551
0.51509169234530672
0.47967605677629183
0.41767030605517619
0.57490626745711593
0.52968312559181674
0.56483527398978051
0.3768926886175436
0.46209817211765697
0.44691971309997269
0.44446687348594999
0.32002411733807934
0.51949329083210671
0.59124112547255014
0.52518368185319464
0.64511077403490469
0.57320810504264308
0.50073776990591523
0.50900757128832164
0.56173290771514395
0.46375569775480163
0.41862868426052563
0.50560368158840208
0.47295054754981003
0.45064507971726453
0.49084685655764165
0.54760397517661197
0.532982239204703
0.51218194500166037
0.56585251159396743
0.54215663570384742
0.52547532485501625
0.54128476465618935
0.50195536141555064
0.48597293966361244
0.43454515672531113
0.74667174062182107
0.49172270486897796
0.43804359590670677
0.40703430977757715
0.42883853009807532
0.51405011493728159
0.50531031067974219
0.48208293596855728
0.46584419283971223
0.54286175453586527
0.44032573707600886
0.55277184316193517
0.47689677943368802
0.47388813356438264
0.53257791057276427
0.49978316471554868
0.45991021649817004
0.4438571606193677
0.50668538269781904
0.54308679146073691
0.49421567845743242
0.41542596543095528
0.39606404384979133
0.49749609365869224
0.54660140134049917
0.40424459602927676
0.53265387382398155
0.5287451968048904
0.66252491614353104
0.55768279148922939
0.52445446848136767
0.59971935456430614
0.45099735193646079
0.42605571898230277
0.54734513501277038
0.48592969757509863
0.36048109211548041
0.42027470243955817
0.46872135410123689
0.49778944290004629
0.56868403262007572
0.50320817282419961
0.46077389524338724
0.61430403037519876
0.47845002011837656
0.53665868070195055
0.50368242399086893
0.43397917639141043
0.51070649904296461
0.45661061890121701
0.45858175195081902
0.49411600988643867
0.49942588614262384
0.53060446640841508
0.48395645172800172
0.58192655542902871
0.53367825623844922
0.46354308444297959
0.49317189748598811
0.47608483353031988
0.48717557843030301
0.55362493408615121
0.47468533638197641
0.56084372600017329
0.56171156478603534
0.56489539366074115
0.42266112591827243
0.41728641740223593
0.5230866435909024
0.54570720419848218
0.43308196055613346
0.57212661843451873
0.5011525190245002
0.42280296920932448
0.57024165908427027
0.44270483056066512
0.55291969225147219
0.44495988465268738
0.58514035006110476
0.46574518618020405
0.46381794293414358
0.51910647553643485
0.50235564129723187
0.59366109655227206
0.46657131805617758
0.50346963431777625
0.50310926153103208
0.40284922607743506
0.43069535336843295
0.43951067232846708
0.45018431769211442
0.48093400403726089
0.50100647738996473
0.48788300226842535
0.44940994233108139
0.49133711640021038
0.47245456546412612
0.51871254559326019
0.522193108991441
0.38746275858933682
0.38281855933362369
0.48901561652895809
0.40467040502253582
0.35351108883648413
0.52881028806117969
0.33574185859343003
0.34923825357030591
0.37314879109873517
0.34242470188400681
0.49368543513616947
0.44696142113174325
0.31587565166720483
0.3837269695598271
0.37206626751259902
0.4257105668886087
0.27831457047035685
0.31438844651952313
0.37795567004166275
0.44855062752631875
0.40588095939011126
0.45161510218858869
0.33090985522211114
0.56446220909315548
0.37701972145379459
0.36922581368674406
0.42934518883616607
0.43374241462513369
0.43189446564359923
0.376514215445232
0.44212062567534977
0.43081883326507653
0.32119707602434894
0.277136059077286
0.60290147313024267
0.51585522892701485
0.5193956720093208
0.41942410612874126
0.42565741103143218
0.36988902449209005
0.43348609622840334
0.42814426402306527
0.45553364478549185
0.4511235721412053
0.36729510441105612
0.37601429687003746
0.3901455313891582
0.43060682699858754
0.3306909715096838
0.37456870651213864
0.43741731510704895
0.41251613109913643
0.43076320105872129
0.45685948749738653
0.45231654319411563
0.41871081140899313
0.32971717439536158
0.39674388350839407
0.4448445164529336
0.44359176322850064
0.52181457623442051
0.4273100348595355
0.50676608661205835
0.37730801089380828
0.30411493987545002
0.52772974715672416
0.57703029362226776
0.50573030880107062
0.5482291039302144
0.59088277200855432
0.44857786610014183
0.51375620070484063
0.49838605208162995
0.51184002028857767
0.54759265894726772
0.4511252944443479
0.48871551135975239
0.47850186957615376
0.5194134728915305
0.56252569671824648
0.46332548867892798
0.46716643494428139
0.49535336510204797
0.49454161063057228
0.43690818229379874
0.51735346972810181
0.50365546614109702
0.56754453071984878
0.48595348424744234
0.42252520672736876
0.55594836872841225
0.49675366128804277
0.43134818149243259
0.53865455458014577
0.53311160346554953
0.51722990461818363
0.37922259675897418
0.34885347033632491
0.41380623168210834
0.43082646289351589
0.44985592660559998
0.53460940390850331
0.495140465962147
0.59356471044990422
0.45514753089558996
0.47633553810574997
0.43207112004377779
0.51905229596997415
0.57506884333872077
0.53896318405613763
0.48505970262275089
0.53870252701440291
0.60358716266359458
0.52998715914767103
0.41973209772053233
0.39016847537985283
0.57815641211065183
0.38143779762211566
0.43414385540538386
0.47105366201686433
0.56228776842166228
0.54727488937945035
0.43637507386277113
0.47213066912646928
0.57470620860155341
0.56155929893507228
0.4256918110961273
0.53287124774251526
0.49606784840947238
0.45682045948561628
0.4832243912158995
0.48071179442351647
0.47782308446113381
0.48930753993615833
0.52000448066922322
0.50861041552150266
0.42454419082802586
0.40677828032184127
0.51114551659224106
0.31301930382131649
0.46590865790179842
0.48283768705251728
0.53244835517523825
0.42352950024007596
0.48316886141426674
0.43210176556468227
0.45821230425385606
0.52079236660266681
0.50672580728879923
0.57684352097369762
0.46351889543790503
0.4361776936916863
0.55321901179642341
0.57514933634361387
0.45643942128264064
0.44709846064850567
0.4694670229304545
0.37882547152626139
0.46774617253038714
0.45714529337211479
0.41086730169761826
0.39264010614680267
0.46623670350543772
0.56629688836411396
0.4952062737151442
0.59047852141613222
0.56702029997622583
0.57523118755382363
0.54665902677520994
0.49710708565864553
0.51866156268411978
0.53538271503641588
0.46188377983400447
0.57142034711885004
0.52659133252797108
0.6038052102827276
0.45580136130911358
0.5006767685887995
0.49928373196288756
0.45754017430612615
0.49946019534059644
0.48185586637829853
0.55354357638673846
0.51263457545654234
0.47205714716280806
0.5924620882659728
0.47692307123395317
0.54257994844262625
0.46348128678413952
0.4682446250584309
0.49775375657403403
0.43215918684714705
0.54159077231589492
0.32070112288117214
0.47913206108042933
0.47820976771972257
0.51194409645020633
0.4916390735804213
0.55166175104497728
0.60101025968053901
0.40073237165702635
0.46154954168068141
0.63526829409222196
0.51373339132546081
0.49488666830190836
0.4685162984791108
0.5580396643416603
0.48545667820388866
0.58312297697691085
0.4939039497944846
0.52084633664768187
0.41025560639870873
0.49187108550669262
0.54279339739261101
0.48299132896324493
0.54323016951518732
0.51965664465732664
0.47516696450738782
0.48910041073725097
0.50756624371114556
0.47190455496771849
0.44484926979080625
0.48431194730488242
0.47145011250145707
0.29118504033379716
0.43727845353104311
0.50358925447250746
0.53155808918805503
0.45056068854715747
0.53933202644288503
0.54455576517513027
0.44776679780761858
0.42612279017357324
0.63539586716709451
0.48893028398828542
0.45348348345083433
0.51927497871402573
0.45403621506065472
0.4156117930203807
0.43192615052711997
0.45393913291532123
0.43678760253995674
0.51499002323739529
0.44164441404895682
0.50425163900771808
0.53445351651670059
0.47919462903844473
0.45859361594644049
0.5581095097080464
0.50346136603760316
0.4797389519179831
0.54178620550664269
0.45767749855692114
0.50131391176207218
0.45289766832696465
0.43406478688100358
0.48642078122994609
0.39708884650873882
0.470262878442536
0.47313787281555314
0.45891401841653851
0.50273320096541363
0.4722762064175301
0.53636064440282882
0.44412413338181544
0.46057943709019655
0.42970148844754269
0.50947683211248851
0.52728812093396682
0.50935010329619013
0.49797770336752134
0.49796212750906044
0.53181155836592298
0.46332292872606828
0.47975441947961939
0.43968350484714819
0.50592891305956456
0.52546718028952966
0.53007416102180305
0.47252435471488935
0.4261819194223736
0.46603489667379538
0.4647490605422635
0.52054476558809193
0.43363536451281831
0.49575125760280503
0.47717739875120818
0.59635889506151774
0.43099718065689624
0.43212724939847302
0.51595122095688473
0.48168072578567106
0.53201675883954636
0.45987949145724094
0.56252189311473622
0.49267948079394375
0.48503023503927017
0.46024860900207104
0.54167506052044045
0.55454600216612027
0.48741045889082191
0.49695896004422974
0.47359141760092571
0.62621634102202839
0.52696682782538629
0.52318560876343745
0.50580475741043396
0.54108636092450857
0.46097496148872158
0.51316366961732685
0.43429836897373136
0.51964383821642357
0.54423690446429829
0.48777074210549376
0.54595983160745587
0.53753443097342801
0.48697847681316475
0.46389948194619279
0.50146171220309377
0.54546029928883666
0.40474550185754699
0.30866737473185429
0.464167061815146
0.51404986808354958
0.54170112504715007
0.40180064588108128
0.48262406609633252
0.53242076896462576
0.59592329794890875
0.47504021642746297
0.4141818684746485
0.47095157489501877
0.53922444323310692
0.51743936714090222
0.48277426779661703
0.47054691356904255
0.48637204402996631
0.51200858148103034
0.53062706647080804
0.49712925531168567
0.49578076195258347
0.52163846363289834
0.56689352851847385
0.51207465156061927
0.43038786306960064
0.4943701190681003
0.37776984285545717
0.48647676394008726
0.57906971646840133
0.50305703644746791
0.49971999818630863
0.51034853046563933
0.41457553664299496
0.47830512816399684
0.48725364407803184
0.51896011266305619
0.52021894212366604
0.45892452919367099
0.5239660321294467
0.37526423752752935
0.55869292585742814
0.42901154247284495
0.51611011149831376
0.4887249394494827
0.50417627752925154
0.52886252479176477
0.50914363610398783
0.47282045011746193
0.5366632276786627
0.49853322069117362
0.5004699278140976
0.49975550534707625
0.47804825767666648
0.47967249502146847
0.50127344119445938
0.53276014963470253
0.47612421039266239
0.55277172346717784
0.50536271243128095
0.41458875264991213
0.41303246023123519
0.4321101988042651
0.43326053892094535
0.51308167637161606
0.38133338419702995
0.4033944964516949
0.48047635555724344
0.5544225966316132
0.45810804314604203
0.48510907894650424
0.38619418711416575
0.43775301252057203
0.45556935465134279
0.47538754081469548
0.51037149834958795
0.49020662082888611
0.50813733440742748
0.50326622641303009
0.45535176535935756
0.61981564556242597
0.6357556937604667
0.39942248112439471
0.51610394231804169
0.48934879488033484
0.56572092491888248
0.59596319746872983
0.45040637079308155
0.56636934785449189
0.51190423190620626
0.44975406125242029
0.42756020071507372
0.51407408510272712
0.45649845368973213
0.56593812100244745
0.44030530697278658
0.52458851355332403
0.39521545163386496
0.48825648884932127
0.50684033437689502
0.51074034138294577
0.56602570879877756
0.56736631950552785
0.5129093665499086
0.50093602395796788
0.41510766429665136
0.59155803585436795
0.53875077610596822
0.48682712618755247
0.50480513092648915
0.45031524367510578
0.5925118994278018
0.50101567355090126
0.43954545329551725
0.50408782038079836
0.46694328520740458
0.49395110914760965
0.51764825796500014
0.45669458740329416
0.50338124892613612
0.48129147204750911
0.44835144699407636
0.42484678757406841
0.53602379501632313
0.51181419801013051
0.40523950936932351
0.56187833265020204
0.46295417052244903
0.54359114177773493
0.34728362500733473
0.47707653719738075
0.5699614655305969
0.46339193530437534
0.48938433482174187
0.55208462448563078
0.46406216523914284
0.63110061849065235
0.46170595996050029
0.52268381365437455
0.48393980414505816
0.60322258482365754
0.4645797942138683
0.54114561301103092
0.45005071968069382
0.56771541598236808
0.45662921914909516
0.47082213153457098
0.37046325105684469
0.59385415436192956
0.46277776081061128
0.4640962679792221
0.43704638833587484
0.45284399806509551
0.53405756233504753
0.52622002549301328
0.46528096658079487
0.52861793373659982
0.47188026576085879
0.49148539049111439
0.42515190529584229
0.58344179302979671
0.42389497326893211
0.31309681915476195
0.50020716052229386
0.51462004000051753
0.50126030901786878
0.55445001224161128
0.56233931598189058
0.38712149941306878
0.53889095869969217
0.48969797735694842
0.45922801577534045
0.39718612382153556
0.52452598898170566
0.5050975005872953
0.60162459231939003
0.36566630784635779
0.50772816353101702
0.54488791334526454
0.46166862623825611
0.48483091922322752
0.52173649648245213
0.60371768658400815
0.55691119542616185
0.38024518413864961
0.44786337715812657
0.57460180476959977
0.57983049619880911
0.39525602294707951
0.50692470552963365
0.43165897092220801
0.54971837296196957
0.45107680720186777
0.41234121111842642
0.47993527978347739
0.462508439140494
0.50926658635414002
0.51924018089406199
0.60703887038014714
0.53819473644796378
0.44344680987655627
0.53606949848482077
0.46575000278019729
0.46624557128961913
0.38149621125755578
0.55251068285047433
0.42070191810667218
0.48983351388417551
0.45101005217852408
0.47968255144967309
0.49376495558373507
0.57872353888205541
0.44664815671121277
0.5239494798002674
0.54246940166342628
0.46693798375314161
0.51291772858967166
0.52820925673346186
0.48212216118214291
0.42209499300436853
0.46980811480000906
0.44788707012542206
0.43569770949569114
0.47496235637245143
0.50446507155523479
0.40654655567368742
0.42632694450490127
0.57211325627576626
0.43875335068413202
0.5223543133510169
0.40271691140339577
0.49036283388523566
0.59154767243519535
0.49205728927714981
0.568675215566394
0.52227996426170242
0.48365971658684537
0.47620154181817553
0.44284523355272104
0.59119452813181439
0.45448599026800546
0.48486290920652164
0.56952605860508954
0.51073046924215015
0.52977740101742132
0.48232572476878482
0.50495840485695609
0.44514987752315299
0.46534390573757584
0.55709456458175688
0.50298835712977374
0.45748620251444966
0.43740410731489882
0.51271878001073345
0.51816905385395995
0.49901285225564762
0.50040416336369065
0.30425164441709179
0.41647483504353339
0.49824625894318886
0.48552806151356082
0.52522736548178073
0.52497868370254741
0.51085833521279111
0.42929399737390278
0.45930422463591503
0.49116385890607356
0.27619856341243954
0.47543768378841972
0.47289314602166876
0.39954482979532041
0.43508227740213873
0.55306255790838776
0.45769505995967447
0.518182521358864
0.44492565836027165
0.48809761853297251
0.41277676219257003
0.47330354122453761
0.59612373479082081
0.4671798450073516
0.49803017458624954
0.59007518272588666
0.52899968078786508
0.52622829219288381
0.41733515324222648
0.49119621445854189
0.55066130668633917
0.44839782362397168
0.38990399078323762
0.46681245796364473
0.4699828192899716
0.56662144796251412
0.47438970077277653
0.42402098799645915
0.52426458633487905
0.4882473135389801
0.42244033646723284
0.6062653069884083
0.50348367746371203
0.48868055063515303
0.54370096341194651
0.50377179244628745
0.51765569852044913
0.52195962273523078
0.53332885858238788
0.49538293612231171
0.50901834470275542
0.49075548024975785
0.49431924273405969
0.5209641428354479
0.52491580061526877
0.54492511873446314
0.48740360510291619
0.48987099449868504
0.48493799756417888
0.43865725496611696
0.46339925351349265
0.50552162094882946
0.58709732977255813
0.51373806020274182
0.30356617638393607
0.37925097034373301
0.48945339034669388
0.52985629804827439
0.51450982287161373
0.49425976103468822
0.499642382757637
0.48361539502802281
0.4842231871567278
0.52003116591424747
0.54151638267716795
0.53695610015344442
0.50275332710744736
0.51494411942773843
0.49346489184204245
0.46599317320384476
0.48634666976247942
0.4157884179734882
0.46252174531390877
0.59366189960623272
0.51741264319281655
0.55558243213094638
0.57400326217994402
0.52247117924660191
0.47186510988478664
0.51572476391577216
0.5265839848016366
0.53778135629320734
0.50055972963875439
0.43406314623652165
0.49472068481470294
0.54105817229891917
0.38624375789631965
0.47799178946472048
0.52079212851887136
0.54704568112704588
0.49522039921269018
0.53801537444823444
0.47881234253672322
0.54450413328323999
0.51135205195182953
0.48304380371607425
0.456442538414988
0.45523907200403257
0.51404092453904737
0.42663637276451472
0.44718354168291519
0.59926452802764363
0.44917051090767401
0.59051541104085836
0.44845096138921703
0.4483444020340146
0.49793823408960647
0.50498981042696967
0.53883036542376794
0.48375966910562235
0.53334436929802298
0.41683039494890178
0.51987349844117281
0.43629163271309163
0.46896159277102234
0.41077384591800548
0.51460152237469969
0.4162408983892662
0.4963212480077599
0.41047865073266032
0.49616349144989114
0.47297740192412963
0.50099851918879967
0.50596858849517767
0.49731457946997187
0.57118398263146897
0.43652605704055869
0.43368360494968011
0.49703334521893372
0.51579009772013573
0.54174619192119366
0.47891407173194278
0.4141269009476844
0.49432506413436073
0.48871865221699751
0.50243660202389218
0.5330751527705645
0.47333477212818514
0.45811452349093007
0.53193282483703819
0.53675931902252583
0.49135959315125621
0.44694050707841299
0.59921132882730133
0.4793205134329212
0.50794921045617047
0.46209840721266371
0.55267046713668355
0.60566796125520483
0.40834367144938022
0.4652657106830636
0.40620094133760937
0.55038016215638363
0.48167201787825664
0.43723386192404551
0.48765229203966781
0.49392759373130141
0.4995932226769233
0.49300477703423473
0.43685973282373558
0.47317454109127183
0.53785327888881462
0.50638191020682188
0.45787529729397708
0.57690811931934705
0.55500090728946394
0.42864866847076405
0.43763886749413811
0.52689552046584609
0.50004346113950315
0.4426364019480179
0.5279970953563301
0.48645380994552068
0.51086782001491937
0.53614942951279043
0.50432504121422395
0.6040802052326153
0.41704314904454992
0.4885718868707058
0.48844203121978252
0.38976808103178695
0.59433972417197245
0.33164511447826112
0.40019581770966395
0.47043973853643994
0.42448151126275013
0.57418115296505168
0.49520854706268813
0.45641357574730013
0.44740356163209027
0.54122130225923615
0.53586178663207129
0.46033619036438866
0.5799373964785639
0.57922964622192752
0.47451193498046901
0.52508452655379989
0.46205418607648879
0.49156944269108188
0.55120962786916028
0.47440244268315784
0.56378078067785775
0.57524636804482254
0.40523033440471851
0.45355240608044706
0.50910677949266614
0.49047852175291218
0.56791106728087726
0.45188064152184371
0.44107753989102527
0.53787227515589309
0.59187047320977859
0.50715068571213906
0.53276243809215951
0.42448717128154573
0.39821180135167844
0.45136812668361304
0.4605321125512713
0.44897423709844586
0.49146668606916033
0.60111863016327161
0.49143209552191475
0.44888316538077472
0.41994610475959432
0.38657765109354297
0.41851712079024317
0.53509140559248336
0.48888943970754961
0.49362781788708082
0.51560481953730897
0.47407086172718027
0.62630934453846498
0.58490635090907761
0.53899210984286827
0.43627013963226158
0.48441727835031229
0.41389584326628526
0.55335562565842178
0.5458555520350532
0.5002767886216295
0.49168253245606974
0.54878385574826827
0.4010338538938662
0.48897198101026473
0.55499317121322322
0.49334316488415147
0.36335284130959761
0.35120608058271507
0.46665456503842095
0.50466601640242659
0.42616493003366329
0.58909979104894394
0.48972890776624423
0.454294595861995
0.43710724226587327
0.52266204816011941
0.51162604776546161
0.43719969284749555
0.49261659088994697
0.45314156553125839
0.59390150420899612
0.40529147645364233
0.452531325026724
0.49867117035452174
0.49041151902439473
0.54741781087239083
0.48187206131950949
0.48409802391358325
0.51695786921825804
0.49471052034849555
0.49885893083626137
0.51218441833962303
0.49652458622346879
0.48850501089564102
0.49621249963641789
0.46575949554227003
0.54354573073179402
0.470848567742778
0.44580784361419018
0.49046042441664006
0.50403408106649661
0.47651587137104184
0.45412283415740295
0.54120066093835073
0.4594110152279216
0.46015559228882608
0.58795679906916543
0.60284184905128446
0.63664342380439076
0.47272820038746827
0.48233129016607179
0.56299751602983972
0.57040195848523934
0.41725575757094197
0.53786966212260701
0.44099506032055569
0.45325235757926918
0.48236976965000566
0.52430104524735188
0.44535311716764525
0.55668732325482251
0.49220007493170242
0.48913254713804549
0.47711470749122104
0.47118842759353713
0.51386502083039598
0.5063189534975312
0.4938278665153647
0.52337101301271094
0.40680585423401849
0.45482815972088442
0.33015381510941
0.56092169022009719
0.52351039094513596
0.53540761257160563
0.45138316498775588
0.56514468190820877
0.49883186156763837
0.4924246511025534
0.54361519823199045
0.55878174874999886
0.50818685201639513
0.42145561422330657
0.52959291542386067
0.56252461355454253
0.51956661264103676
0.4329370631232316
0.48768263110156934
0.47756671750323482
0.44701342310501585
0.46040591412312021
0.55322514057846506
0.50413177220738625
0.50527543408430431
0.44659223371708762
0.51397357443148739
0.48695996285983295
0.46601432844562585
0.49386682720211672
0.49748974233133236
0.41351223834642659
0.53567027968228265
0.38321787532376561
0.38231701691118553
0.48538893565582447
0.51466849841214146
0.54650688859278829
0.44821105393070987
0.59084860363827862
0.48980837404804234
0.52054452770892801
0.5161159498838217
0.57692983608302872
0.4942560054832692
0.47112268471422386
0.6254882341164536
0.50778775519116115
0.48196904396487955
0.54428164824949399
0.56795276543423912
0.44864309029562177
0.50863135773010448
0.52061944221759027
0.36949630142798079
0.53287495546972385
0.49139814820195593
0.48218191919991149
0.47366882094525953
0.54904870766056713
0.41370082575493233
0.53224194876145481
0.45889973178338961
0.46887230320334283
0.44641322483907242
0.49801576123640723
0.36888799944032796
0.47085630604801709
0.5876366591076988
0.4769351992673948
0.49924792703840593
0.42899466221429283
0.47730670252554819
0.5269328514981344
0.48151367232071696
0.48624366100183525
0.53612216323169726
0.47402827772432221
0.56823263166752891
0.55967770478716816
0.47062892413293783
0.47661708170726558
0.55626373103127102
0.46708527552793139
0.46731048718852142
0.50755210219773605
0.49624395835194945
0.51093856486020672
0.43635893406715148
0.5456525680779345
0.54791475014859359
0.43831043324652058
0.46872695924824609
0.56844959000676432
0.46655014494671559
0.5153713610909435
0.38398662175941722
0.44657019640142703
0.4067051410567023
0.45702763476300823
0.46419317047204245
0.52561224068888024
0.41995209682021545
0.48860029683445777
0.51780266423908106
0.45773417429755436
0.52493504596459617
0.57975272764429142
0.38259009214157375
0.48333928191852271
0.47624369228894381
0.46170224485441036
0.43316363057833468
0.581849216060636
0.45295929662704276
0.54328194472181657
0.32996768880113814
0.48285819387677453
0.39409806670434078
0.53875038039975232
0.61378568620466911
0.44554435375771728
0.44065176992272925
0.58193235227964968
0.45889863987878277
0.47989320883460784
0.44071658387625406
0.47685574075899212
0.52500161861730732
0.48556737588588544
0.3811779231606176
0.39661834307709265
0.47068666037625717
0.41181150262993399
0.41422498989679696
0.43319738177176248
0.44170295876921351
0.35277847257664796
0.37155756276007357
0.55804063099921986
0.35790818502409888
0.38659155582648458
0.37243324851917359
0.33307720267520335
0.36183790200269522
0.37145954338997994
0.27552931411768611
0.42924795690267364
0.41167793669728325
0.49536541485187913
0.47943033785743289
0.49630793881615326
0.44480886051035462
0.43410146338124844
0.46488991838702043
0.37553160408054087
0.39511276136922019
0.46878562326627637
0.38376906953214379
0.44934434390333816
0.40784441462416066
0.36443777911633024
0.45529691232283631
0.39397219411947743
0.42751695173363646
0.37723823885431174
0.39300341305306458
0.54197009000797025
0.29901167873250728
0.45738607593761887
0.40415540432174568
0.37775531892488373
0.38129180494495879
0.41848521106473441
0.47298119038843667
0.40795443781313356
0.40392847778680213
0.35327341369376208
0.42803660434712459
0.59773906016590628
0.41714611235853616
0.3563222384658366
0.54100021597431291
0.48316553586775973
0.47645050032660918
0.35362795978896661
0.40713888185502545
0.48527886727046365
0.40851242060464682
0.48418434594690996
0.33926900214161237
0.42305715141696892
0.34045875246792773
0.29782371998046547
0.43511943465319691
0.53184150781992068
0.59883447189177019
0.37630291633218832
0.454233998618436
0.52795806498703091
0.53208747274337009
0.46523360934011304
0.47814686926623923
0.41898310760834412
0.42590008505604976
0.48747104608682806
0.51101309744251344
0.48440691743712511
0.52437851364064358
0.4209133430022951
0.50680851783110725
0.42107940473028094
0.52540483037580366
0.43509844465824915
0.51381422132167465
0.46306009886955218
0.44607318198233814
0.47971828422213542
0.49078898719912251
0.5648632702743045
0.48387122553566975
0.48206374124395518
0.45649924109286627
0.53814607934539471
0.49197273873877589
0.3594526471327632
0.42207342780674401
0.57662518807440111
0.52940599355496154
0.48689910569210448
0.54566672021650575
0.64231109462496727
0.58231422810803102
0.42774987333872133
0.52284391166700606
0.42523469016373028
0.45113893703113267
0.44744991397827016
0.52092514446569549
0.43269215575760334
0.45478160571085963
0.50799655089505946
0.51089479586129027
0.63426357008705492
0.48309472734523845
0.48765181287994203
0.49844938720828535
0.48394534529386912
0.48217571869476067
0.45461481279503207
0.47577566068323401
0.45001479188989202
0.5332538825985369
0.45879659247481791
0.45139002986610655
0.5206976033581413
0.44163116968347549
0.34242581421307117
0.50137975656716383
0.5538524616805508
0.57511734312280882
0.41591017116754653
0.39107642676574916
0.49341991116925482
0.51059952467629521
0.39632772339241645
0.60360305906032419
0.44490692814157062
0.51904294146686114
0.61715898629623778
0.46918749518232677
0.54516634561346755
0.45801289469655254
0.56030401306391886
0.42817415098244976
0.4720919679131334
0.52531449597904767
0.57962324964712753
0.52631552539948878
0.44573607255406483
0.52461886462102203
0.50535295125014035
0.55310908614715348
0.52669278293517119
0.45896766000263628
0.45027101868018621
0.56482484115367892
0.47329109214174536
0.52943398807096254
0.33517531057869415
0.41908468950381333
0.50285565452408054
0.54978444616168909
0.55562040111436484
0.51582795758608724
0.47752434444810449
0.55351692911872508
0.47663479924613883
0.46600879253197219
0.52612988265428973
0.47727579457385111
0.51634512908722885
0.55387235161837278
0.55429181794026583
0.40604432107119331
0.47001443956067307
0.50979277292372949
0.50892296444645391
0.54676401604521874
0.51025240652595816
0.52889494100475754
0.44859377748098517
0.52771382097797837
0.46892457856549408
0.49530511499687901
0.57020729634420064
0.53896519614054628
0.42312174984182177
0.44633457046707642
0.52830560417630867
0.50974653044453633
0.52306826200306955
0.43420042124196012
0.52452350284799154
0.53092259134196196
0.47260563980528969
0.48578291263345275
0.45449066395536386
0.44654664820040568
0.55506336269405454
0.47262555207370577
0.39613618631297964
0.43152159132694273
0.53660334553449662
0.40307330958213972
0.5052289426533102
0.50720749041212387
0.39651668967750509
0.4968019589854526
0.58126578681436158
0.49477933818533282
0.50392946202060285
0.56177877838030155
0.50385296718749084
0.47496889136810544
0.45901917170813988
0.48701558554805263
0.47133514373580676
0.4781606938850757
0.51485908759347243
0.53465225353525847
0.43233150835564338
0.49395534202903085
0.40613701436520366
0.47487863904364741
0.54933971012830884
0.46398166435679133
0.45376497994584331
0.44449191789477543
0.47031622985098182
0.52471748119497919
0.55623860164747474
0.52459011795207544
0.5214316368579347
0.52343145185245421
0.5506277958456034
0.57365821898699687
0.48353239211885374
0.48919449352886635
0.48979255479347805
0.55984501703691891
0.55364520116685401
0.50302861943096921
0.52367179658887708
0.50333524235859084
0.47194700617454355
0.54252665285301482
0.4714931069835806
0.45355981471904139
0.57884726921453211
0.45994114043651096
0.56466078846124457
0.54473600345277373
0.66885680955506865
0.51208504542032629
0.51810775177427537
0.48636555740827908
0.4895674966732626
0.46051886500375555
0.48610467336679031
0.48232485738229874
0.55023592002529664
0.47945939112503244
0.50761330327656717
0.49418211532159056
0.51836274450919384
0.47371876287699555
0.51238415641774593
0.47099579396911617
0.60343934689826662
0.4698602957513483
0.64319040889835988
0.48671109500944315
0.5118982190844289
0.46021627434135082
0.52262104965787914
0.45001570068779023
0.56474393368153342
0.52712585906205445
0.43661493741464463
0.53330192580123792
0.39963460640187703
0.50667092699281635
0.50919965704694514
0.49676879656648065
0.45504492276058645
0.52643094412924329
0.3614888555271053
0.55177207785804916
0.62412532437288604
0.49907058691764317
0.4565084107772554
0.46778761297205279
0.43032818142408907
0.47884836783338164
0.46303631459751349
0.4751968973029263
0.51481786619896208
0.5398395232394575
0.50692025845619704
0.64218840537803912
0.58207316728876757
0.50026258769005583
0.40943804534593792
0.56306748682913654
0.5057061532226067
0.50800082132754176
0.46193183261156451
0.48116235600005186
0.55956031753393853
0.39375606662985602
0.5947463689537551
0.4764907957703256
0.49837734091114294
0.50829885014799148
0.43108106755932973
0.52610611639423321
0.53350226142544221
0.43224828594088793
0.42774977193046315
0.54074284531535111
0.44759220994768778
0.54212500123740948
0.58342359643272457
0.5264224673042095
0.5038266012032333
0.50280549490411719
0.54645170715026858
0.40505184609439671
0.47399470547144529
0.49955649505241845
0.44340250204401016
0.53419608240183736
0.51031623407865778
0.43542334741244854
0.55216580479163202
0.64798083457933275
0.54655242864054365
0.54127199375006174
0.40835761679311616
0.51314264044760527
0.53542266530717519
0.54169932994689518
0.51606894466178665
0.45928587160297996
0.47141898860009718
0.6321875407719163
0.58913806989801998
0.42702638182950736
0.47155276551890807
0.47594708150768261
0.37505008881355612
0.28978504444121828
0.52611081390928793
0.45752892926660493
0.48901491268036851
0.46344523558155359
0.44057678386822813
0.54804611119012914
0.60327860638409014
0.53260525230821043
0.42268256865179687
0.55020444629243337
0.38088812517772741
0.47703933704271539
0.4074257555883915
0.50913582319738204
0.50885408008446564
0.4498246530868158
0.49400375041936301
0.49317682875092472
0.41172815325725864
0.54336708030161907
0.61380680631056306
0.46816725121232772
0.50497145753397576
0.50784350981103332
0.53451349296227835
0.49356438309005241
0.31995476016954921
0.51204414964853551
0.57916683406963398
0.48111395087459063
0.49759277299826798
0.37930008445531427
0.5747145975201946
0.52697741810430732
0.50912781448235178
0.58132869518382302
0.47409679583891573
0.46531256198315762
0.50577997561281129
0.45333146716788891
0.36222765872313167
0.5020009943157443
0.52099046666793425
0.52608121345271586
0.46218099585662004
0.44210235062609238
0.47418311095864063
0.44724241331087572
0.52184882741059901
0.51842080739697949
0.50217771684772028
0.46780887192399112
0.56785426699946562
0.48751349408186107
0.44986061169610841
0.56282765961257264
0.53698428348038241
0.51985565030132153
0.52059641273796842
0.45540728229511196
0.51911198673122949
0.47174080999270407
0.4707118353036493
0.31612485729468515
0.5183198980700624
0.55042188062529751
0.45996789032340363
0.56595982505817888
0.44438418956241366
0.43967923318216845
0.46485345866570488
0.51583851124897273
0.49871370044993107
0.46718354509327914
0.61537286238433042
0.5268787503848007
0.49551302069009973
0.51173594800043676
0.58964226639290718
0.46281410026001718
0.43751331702466723
0.57249466578250774
0.48802854235795634
0.44937943090848814
0.46625297496125845
0.59939761354098353
0.31895497174202936
0.48172615120912182
0.47791573294421125
0.44275342052352734
0.54491121820509902
0.44457132138835637
0.50841075008093173
0.48040931089147304
0.41075884146415037
0.4461771922265052
0.43157718955473551
0.49302419065738179
0.49029733994311153
0.48410312886184903
0.43992569641584595
0.53035464001427812
0.37814346327553
0.47983263255323755
0.58158648484017705
0.59984468017157366
0.51663546500704782
0.38619727977881069
0.54914275628817422
0.48872021288891315
0.51261443893212577
0.54726188474937498
0.4798061678389543
0.48511368232840502
0.45639916933879032
0.50996982673938263
0.46976658399098137
0.54576236169396564
0.54810781894880867
0.52807867852278789
0.47394796562449804
0.61231421209550441
0.45798424008429273
0.48641494256668688
0.46807620169057107
0.42965733633989683
0.40000257742112849
0.43070171721185313
0.50024248962782902
0.52367882150084422
0.52457852115371817
0.48253953929108756
0.48187083625530291
0.5650586712932375
0.63948312762942383
0.48115235624008812
0.44489470397338299
0.44832224919797964
0.4812818984191482
0.47342949557502467
0.57850184516992542
0.52382923118828373
0.49084611310262133
0.48327107948511927
0.52432835063902228
0.45105920301260977
0.54581704861329639
0.34191445290267891
0.492046723876996
0.48552961060369859
0.46397745595667045
0.49755561078213378
0.48667321502602229
0.53943131071971939
0.46416414136535511
0.52768735378979326
0.49227469623545461
0.48958638324201853
0.41613386650440265
0.42924976982801022
0.56938570381973319
0.5095781631438403
0.372777143770115
0.5587498010975801
0.48823138861065052
0.49194721309028833
0.49339313810512753
0.46766211040397393
0.52621140745824069
0.47398525863799162
0.49746285873366375
0.50738385232653116
0.54713241791570955
0.5732245554042904
0.47126316999939438
0.62299904676433948
0.53528841585017928
0.4917330953427444
0.54376432881346448
0.45477817087708228
0.40811626772506321
0.53026456530245691
0.58172209268164488
0.58800422219087478
0.45016171307068964
0.50102030548555831
0.49837268639408483
0.51052552566999609
0.34463513465297413
0.44755988250695539
0.43973211833251824
0.4159567302959894
0.52851945629523656
0.47550845441699191
0.48539011456117498
0.43114406042245301
0.53137977396243141
0.43253100857296184
0.59686383158761058
0.49612005854411545
0.49979042793492923
0.53788743598165112
0.52454615765732171
0.53565300447249076
0.54357853122317112
0.55083954665897528
0.46726660076832721
0.55011025854867435
0.58451449255774524
0.5218566097292755
0.52441378657809112
0.42609747247482005
0.50915553086438103
0.52124987719620319
0.46217950615377895
0.49300633480876466
0.42366287298762967
0.4928824919548454
0.51681590144723
0.55151202809149835
0.59050947150948419
0.51856430410221355
0.32374186816636319
0.47794515058117343
0.49383401190316167
0.50844156633035664
0.54441550158648966
0.53843787069855686
0.49290775503237944
0.41957414339190463
0.5080661658082225
0.50420335816430328
0.51155819225462851
0.56534870210497035
0.54919223074584633
0.55830647060443539
0.51689028193611353
0.5156185017769267
0.53106883381112469
0.53891627488401772
0.3913047201239051
0.47630336953733399
0.50986881335855205
0.45745257492327668
0.51752770304697948
0.58121758352891351
0.60079903088658348
0.44615723416728725
0.44555914931613189
0.59721251976106338
0.51301283534419062
0.51928414888522056
0.53132992518390332
0.48085950096704
0.34964238039104562
0.41547237735947812
0.46059883537255908
0.58972774606834599
0.53735653382638071
0.48138065061785529
0.54043786357408197
0.4554447386526585
0.49060994441814049
0.48033713304689524
0.4880666700967331
0.47599271905517659
0.4535877372711094
0.49378318260751997
0.48325314345314008
0.43724597112985686
0.53826131475773487
0.52137144664832258
0.43038845779903717
0.51879355663219662
0.49996119352172569
0.50420372856602236
0.48553177921286006
0.57115689991836815
0.57039513413608378
0.49705988569945975
0.56672558034413112
0.55343177946607636
0.57024385412960443
0.44458050195915066
0.45782909394693688
0.47633647507873844
0.39945579966175226
0.43891857349935937
0.52001379217088872
0.48299893294136409
0.59699243714694228
0.57892112601985513
0.50000448149928234
0.5241670469294083
0.46022485236168115
0.473680748265351
0.47571413309340183
0.49530765847383074
0.36911881858481732
0.54576592791981604
0.465658109898058
0.51442522990111661
0.49940744274835458
0.51519901856487349
0.54375951858885552
0.50192382271557534
0.54862159753067441
0.37637148847909191
0.546432405499792
0.53934007292342756
0.58854152589020547
0.52711395510093562
0.52318679818812253
0.5190273408157503
0.56327824996705544
0.5742757622168686
0.45098337407279004
0.51515253284094598
0.37151353458158359
0.40501818309903503
0.51184632782909667
0.48423240360476216
0.54942966304469754
0.56599992492875961
0.49662269464808817
0.47253160059862503
0.4975815969788277
0.4713901713311574
0.49381161724021555
0.48358431888601905
0.45711011064856344
0.54533540759566246
0.51612238661998433
0.47607332629002314
0.52626143185728602
0.41715668806445871
0.57654599361191838
0.53728571696978267
0.52528587598990761
0.47264721027840589
0.52373869816918595
0.52715864990813854
0.47068787827282177
0.48085061520313988
0.57142012743772685
0.53480524595732015
0.59762082553859464
0.40130933307182259
0.43161710083337584
0.47830173198354498
0.57353630830468527
0.4263896510992537
0.5386812684636989
0.39617870139290612
0.49189195069160824
0.49484831833504878
0.41081627805648352
0.46462577313122944
0.54648364423704521
0.41481293388004392
0.5642138829367046
0.49524749073666707
0.52866893982662599
0.50775554242358922
0.51067970508768279
0.45415834164893731
0.50366023012279248
0.47575807215410348
0.60583130727740642
0.49686331992643518
0.40617904159843266
0.44634862184587742
0.51366965467255421
0.48646173439792495
0.4741763781980558
0.5108039073012095
0.46117034677796315
0.46050098090166597
0.53913173057293395
0.39317959627568244
0.43222020261493449
0.46466398364558903
0.43602926460410851
0.35524370552349971
0.46325497551740458
0.55056755731500484
0.44989260055243618
0.49417473345470736
0.49878659441163697
0.41125401096847641
0.50832020979592796
0.53482919152028485
0.56175389414991328
0.47302433964046819
0.60183855152079224
0.46556964183833949
0.43678981948490797
0.57341325594456871
0.52826107760079355
0.51047978254563775
0.49306326803754374
0.48893938839458717
0.58063880448087346
0.45705227344471411
0.61067312835316245
0.53665589788760371
0.5258619988181813
0.51526259746498482
0.50147036168737913
0.52931804985271425
0.60740180427874546
0.5116712715393561
0.46208592473912879
0.52759517214362972
0.36448989345950544
0.46924563159466814
0.55850510420170263
0.54115132323159776
0.52978161700315907
0.50813456941159241
0.58706720644151877
0.38263878016519809
0.56853324494700741
0.55456806232251776
0.41116847340145413
0.46557392532498798
0.45080434390369056
0.46123406642557879
0.41772648430527126
0.52438859487982614
0.56439770794719024
0.51593757771664461
0.48512924402489493
0.57128203960719903
0.50835924889497841
0.41546057179706269
0.58143197405784608
0.39496407024046959
0.5990998393459942
0.45179819876802313
0.52440757568689778
0.47976169010376618
0.42875231630640614
0.51722616503600571
0.35895070970226378
0.4505190939943175
0.40736845395254179
0.3359643692133506
0.48034438007682373
0.46776892719679264
0.50922100503321788
0.46191126117512632
0.54020685649000788
0.51617745299019602
0.50204552520223378
0.47396322922011708
0.49379290428808098
0.63933324597042474
0.5218094406923578
0.46056493247517472
0.54294940672979985
0.47318289021328508
0.47417682400154432
0.47980172290683393
0.44585521519708698
0.53215883461914171
0.4465779610708186
0.52866154463364079
0.51079026927741333
0.50247252762082051
0.40908040472329232
0.41322652262560899
0.497948087286819
0.51258871602046097
0.45821576447485884
0.50833791721922994
0.46581380840182712
0.46802813947373118
0.35539672593395238
0.32185835250957107
0.50548055281458804
0.42107455589155968
0.54332877939657453
0.50113244074268548
0.47709208713126577
0.61494880469501656
0.52173402142850778
0.50241487342816915
0.53476317868082013
0.50753828401265766
0.51370214930061631
0.47129336067038169
0.50843961413218031
0.43666854100196673
0.47140054045550916
0.49872081690223163
0.47612017604972717
0.4864540821198961
0.499386989845718
0.50113871604723781
0.55621326922834935
0.49871157089772827
0.50772420534553842
0.54343647379037185
0.42857106251381466
0.46235426063219431
0.5234156729438425
0.54684583525686326
0.49659278503842169
0.48177721295103915
0.4928495080071556
0.39640598898101453
0.48072784112200989
0.51614707969797269
0.46130923606921209
0.50963653326473635
0.48074702700548583
0.55613498739205292
0.53291143695806653
0.45736364393882811
0.48031360008421392
0.34566376348259459
0.44841365941902311
0.47596296860126475
0.56464022151355409
0.55736416065880501
0.4855095610831453
0.52194596724418263
0.4358963573995896
0.51050833206311397
0.52095049936350668
0.61020342529193672
0.49700395414770321
0.52410325604441355
0.49284745669037239
0.54361140536830688
0.50886308828857152
0.56546247541829242
0.48051859680648706
0.48158232999982886
0.52284933170387082
0.51166721536830528
0.47889255890628973
0.47264586489726257
0.58746169629769551
0.46878301787159415
0.51536658407477909
0.54193479733595651
0.51844057354130457
0.58064393762846045
0.50363168256095969
0.42659304525825587
0.48928344689863118
0.51490203083570818
0.57754191635916363
0.52171900680240857
0.41877576584707366
0.5090871830705811
0.42349987435504449
0.6066436235274455
0.42863821865852714
0.50176496161280093
0.50635855619801584
0.47230323572088462
0.50284536799222213
0.53769796844967921
0.45844262081271098
0.49458958037357514
0.38584147815848407
0.5159998716600358
0.45153472993763144
0.45756219516762531
0.53712772530272679
0.52178649163868351
0.30901071277654585
0.37306424797776916
0.48747528951918634
0.58107268468153661
0.54291875429070358
0.35538478514695498
0.43463536600129432
0.50348988596025057
0.45143420776391657
0.43972988986974026
0.53506301444770765
0.45782035483015743
0.57098786784950073
0.50288591277919059
0.48910462748606248
0.49641483654840407
0.50128584110330443
0.54632754105048675
0.47514351011550204
0.51671144286552428
0.51260965128805525
0.54348539548459929
0.43978653689638425
0.45563599699268414
0.47996354534611985
0.46451420227731111
0.49365415790880735
0.5489073460482129
0.47529946228332098
0.43309870136778722
0.52756671746050909
0.545506518504844
0.35711956820627883
0.33796272896388979
0.44316061122434725
0.4545748717852045
0.59171054896691111
0.45196401794852759
0.50040167084004739
0.45172271440876322
0.42901449160397798
0.4287091235605574
0.45456645393354517
0.52316937523812745
0.50111428887493148
0.56472642075557311
0.52703915908009591
0.46402138218602135
0.51666194399099441
0.48385216844074408
0.43888583741615567
0.48926100718827198
0.48755762180843371
0.53644917733280872
0.61933210919746529
0.48959653685734034
0.57266516985526295
0.4604327342949055
0.42466762889684961
0.55205970496650358
0.5462937226710527
0.56600405664147513
0.45968328622545312
0.52028421686637483
0.40672915774442947
0.41724655832026469
0.51757284063961717
0.48300811621463713
0.50121045110535056
0.52840541252404671
0.48352019770612764
0.51167407106594454
0.55849692662848704
0.53137880162565365
0.54311887744664056
0.55280941245226556
0.51508447286565995
0.48646240651021228
0.48286412735513351
0.55241551159510749
0.50964914353880497
0.57917494757269261
0.49056508519358044
0.457880376312919
0.45507204752511771
0.56897288701777604
0.44832521551788079
0.54580465741281392
0.51522561278637935
0.5510713135254891
0.5475128061210095
0.45985194340720503
0.50500083755722414
0.40152989209184431
0.45843250118416268
0.42159640577371371
0.31866477135771432
0.29081679600531918
0.39005001889450358
0.42049871674369821
0.31859725897132191
0.44336066383225686
0.36729902898737093
0.42767343346743625
0.45447189198768878
0.47654639807158289
0.35843419462857184
0.39888945221016053
0.36552928129014811
0.37933743309177326
0.59472693478653293
0.43459455717138229
0.45066214924708536
0.43941825784022287
0.35139104842800095
0.4111728377175799
0.44650530536857996
0.34300992257588298
0.37475611086272032
0.48879129250445025
0.44870232885046457
0.35771823285141474
0.5422282433768989
0.53897824393763927
0.33288346508880828
0.40499254355473335
0.42203452946212278
0.44570767558465318
0.2949329434116964
0.32939992985483629
0.35804171540023677
0.43051208931607077
0.41549867703673743
0.38010776887274744
0.35405178381328173
0.46196060516765491
0.38610000457985361
0.32668705626387085
0.44528197959517773
0.47875334869096758
0.33824591633460233
0.39025840145483998
0.35757099966085576
0.37679490546497146
0.42550578461407274
0.34653989682237785
0.48057627886047399
0.46747987970929467
0.45514734291182668
0.40130912930050905
0.43241245739943152
0.39617105752774895
0.38451260266305287
0.41167683707790031
0.42356323422009934
0.38861461610654036
0.40843765923422026
0.35747783157808427
0.45073875008624009
0.34897914683764264
0.32673405516292753
0.39242846102754841
0.48739498874325127
0.5374695842324545
0.52461442912041389
0.64759316044035564
0.53068352569280763
0.46774791030943391
0.5323256947992242
0.51696196655050486
0.52788493580473683
0.47832787339327371
0.407356638264737
0.52971328132442497
0.4452694436444386
0.40982592197439527
0.53531278393517656
0.57467398342330211
0.57394511278060856
0.5201091352242122
0.52833885888492726
0.51861404872571759
0.49119656171292025
0.44253108294679172
0.55210316214618449
0.44179490949332589
0.48058133465693881
0.43653605894697689
0.44902391731176283
0.51836764218992426
0.46433541666420231
0.49401312240270334
0.42475127086329362
0.47526006444967228
0.58687546678299285
0.60573048451966272
0.5252605270176991
0.55141289763405288
0.49477745102688114
0.45093104690930153
0.48914306711402855
0.47485418000595137
0.48353262203163466
0.54573783710351409
0.52589921243228122
0.58113189345278271
0.51073631073104753
0.49475410583034141
0.46063907110800528
0.45609428564846793
0.57025778924774062
0.50406626208813299
0.48882960265638509
0.53094389349875992
0.52798365625846522
0.54225783960842111
0.51287014209081494
0.58977455135378976
0.51477032144074619
0.48633022580974938
0.64251219870668796
0.53010981788913847
0.56587679634599741
0.5009935363255853
0.39926228063847091
0.52436080286007181
0.4799381516041204
0.54244751921854173
0.54652932402792331
0.57605983718396425
0.48835774952933625
0.50130133012941203
0.51327169838764963
0.46229747477340938
0.46423063967317757
0.56576469846788091
0.47580822026070818
0.4704520862843205
0.5634116338470021
0.48220210869525215
0.46105852230785743
0.50420726528620319
0.50940196521118419
0.43658576788295522
0.44145361818266915
0.49895456339130573
0.41896003587186559
0.54101345670635381
0.49235475453409611
0.52359995293485362
0.55001638079442361
0.46324142655087774
0.47907274939696526
0.47954686249740336
0.47255767091475537
0.49111899325245884
0.35532660964262308
0.41490273869273225
0.45259554302637628
0.52267220546883197
0.51269516334200471
0.51265770134113497
0.5559308598519821
0.45757273898873796
0.54622314111476344
0.52091001003074378
0.52491453981318448
0.58052393615040454
0.47618618675312946
0.47301735968276831
0.59017736018216638
0.50488803883931743
0.49038523160138525
0.47149290237347519
0.51052876498826072
0.43488411347886224
0.50795399360356674
0.44849340289911305
0.38990044107292032
0.6064336818314755
0.55712866674875805
0.43536941673076379
0.41087221990758188
0.53890564998053669
0.49055698030539208
0.46357915905617481
0.38048658214310305
0.52776726492564574
0.37063085611508606
0.39896262340325311
0.4893674611794655
0.45979568922709807
0.40459308637070129
0.45111956872868764
0.42768829030467859
0.46583810168005568
0.54889673051462284
0.50802212299479221
0.51549542762166978
0.49022438870479257
0.39715186047354595
0.52259910285846112
0.48223691642478089
0.56803332074097235
0.48549161696666993
0.52270286250480202
0.37641713668528143
0.47785453368767405
0.52616055316848742
0.5076004647244029
0.49568728012335994
0.51869078979372119
0.5487932127014159
0.45567967087235972
0.49157880188089087
0.52091993244930113
0.49364881672006328
0.44951455033181675
0.51826781945089084
0.43211016250835299
0.40071408261783692
0.49164893272788279
0.4915709258976465
0.54009188441450962
0.46186642820816676
0.52131923671439617
0.49198490021534386
0.53220878745223088
0.44887049285760633
0.54189279253808009
0.46032258630260225
0.50986701872575002
0.51369058659776901
0.49272724081799635
0.44897460972074593
0.51537746792272676
0.55817083291121072
0.58515804886924372
0.48842280393809967
0.55627576206190221
0.5281217187871724
0.47863794800728887
0.57292467363473165
0.41299662446921132
0.51384125134061154
0.63944846144684431
0.5591063030661535
0.40321646089854296
0.42859375532989014
0.54631161060879663
0.54421984977208626
0.45797172742206738
0.31759689353641368
0.45278472667211972
0.55155430006513839
0.45747680707370275
0.47481968197490432
0.54198773571178205
0.49795627644412976
0.4743787606696982
0.51435526169578039
0.4743917212093528
0.64999769378457972
0.46968694166991504
0.55300804520732871
0.58491369382217173
0.48896574193980386
0.53948704472243902
0.41531923659143283
0.56070387550504885
0.44240369424989484
0.54545590804796085
0.44701485806781588
0.49268353693651451
0.46000936766268774
0.56482758359834184
0.56576950011582605
0.47661897750378829
0.49362556954394732
0.46772228403550148
0.4801160985397076
0.47459276036240589
0.41129559837478213
0.38850916904489324
0.42678836292257855
0.49574263249720057
0.58102617465584505
0.50420044018331633
0.41610388135479259
0.50606395913656776
0.4871402915215684
0.53866204949474372
0.50066537875386163
0.51055907515868737
0.52421620212365183
0.58671570415542151
0.42440703361498289
0.46927208942978521
0.39579375157297225
0.52674369903606078
0.47772969279823252
0.45972001327226764
0.50752159826912835
0.46986990539218382
0.464593397704471
0.50697990828899386
0.53763080100246163
0.53904702732876852
0.38785905913731089
0.50930299303416049
0.51147374998501327
0.6151627368903837
0.4250300424732717
0.44190481771193912
0.51784010380256562
0.48474853229268583
0.50516015470954634
0.48725140032235731
0.45809299773873968
0.53569371002640842
0.47096453849648456
0.52211906735833269
0.49350803762329559
0.52785328547138155
0.5157779068503493
0.50738860519203899
0.58493797174568085
0.51266986471912301
0.54649619190764143
0.51493404796071995
0.55024484098630866
0.54906147926741511
0.67021065335978436
0.44423044315669008
0.46678239573638874
0.47363408271246971
0.51477575223588312
0.44620487983421941
0.52650931494675723
0.38530435079812664
0.52184796016317492
0.48125775436913953
0.51920142882053355
0.49161114826986652
0.56100886940119543
0.54575286830345215
0.4393312646651148
0.4523528853846559
0.58646906314802671
0.45856416594062749
0.49617179206083484
0.51655129570568981
0.48838261080313677
0.45983903283223981
0.57457919876726327
0.45386612313441982
0.53785547270055989
0.41090011232008533
0.55069052807087893
0.44730196392136057
0.46720340147981743
0.51636363606110047
0.54000821485167882
0.53809554678763183
0.4840872854298589
0.52749365166367579
0.51622329970156333
0.52412018921142056
0.42683339278684057
0.47383916649850816
0.5627989106512441
0.5854120984247585
0.5035339521471609
0.47408748793405242
0.52567170522434059
0.48343443458578989
0.54812150351531053
0.44221548214369288
0.47328284335772458
0.50698809572288261
0.58472618017907585
0.36141012323419053
0.42777708142432475
0.44454972571600881
0.53774508584565617
0.50974601711080203
0.43854973525784813
0.52607178525052978
0.480944022135468
0.60348877711542248
0.42252337137825269
0.51303529987675311
0.57487010057827004
0.47017917118430996
0.49233363828441651
0.59260923438231816
0.44316379855326909
0.47701603817244687
0.52922403025475795
0.46205853520200002
0.48237309839326853
0.57844127890604335
0.43676343059683365
0.43774891751580713
0.39013972102899885
0.33828580533166758
0.54139701447554944
0.45549511822072025
0.51707854866705449
0.52259445171191865
0.43323151477063526
0.51373697483122838
0.40549512510537333
0.40391037827586085
0.487987995602508
0.53261663616725086
0.58918585498535592
0.52923377254948123
0.55641326657580314
0.4638903288969482
0.42077667048630496
0.44980974059364986
0.51584260247635794
0.52581509487746592
0.55316280247793859
0.50365688084998228
0.39368442046818247
0.44600029106600303
0.49742180420226345
0.3680921599968357
0.45160412014727686
0.49759950020525107
0.50296043296177073
0.42520929797866974
0.52324805734354418
0.56980024254782335
0.4982644439701237
0.46492698469865024
0.46148443022564734
0.49409224607740104
0.57249558751300333
0.49586169352287618
0.52293549016675689
0.51269337248688585
0.40788133340718968
0.29403713712557294
0.4326791406937362
0.44261815142053468
0.48709155444186431
0.50344273012682095
0.51489616507328162
0.52793534023299249
0.4889507011659171
0.51083390032842679
0.45630391612145277
0.5301646475443621
0.57822649027432504
0.45212695587381591
0.43292814195906487
0.52720762760680318
0.53617053131143833
0.43696464810562413
0.51287483996893879
0.46950658216828212
0.43031195249026838
0.47628625612634951
0.51641646481001657
0.46318272061784055
0.46951965696527426
0.47705408376518599
0.50651318336466622
0.49264132438791863
0.42223820855248345
0.44881755216191571
0.47160766381068131
0.46075275592065906
0.35584654907635266
0.42202147190239453
0.30595270023387011
0.47127989820451727
0.49046412014941276
0.50025694602667425
0.46660973068577444
0.46785043519827496
0.51444897763097319
0.54848371427006315
0.50597511859857891
0.5465681135850271
0.41329830164087206
0.40468826436985339
0.63097927724894265
0.49277159961813721
0.50591132922173221
0.56849212748893663
0.46803302089250209
0.43516615225712285
0.47520090133541087
0.55633324737529311
0.48114533771444162
0.54816179615448724
0.44800080656929753
0.40038047520834752
0.48909460252559073
0.54970418826179879
0.45690233329733687
0.47932177436758094
0.47561290331890843
0.55250802112652864
0.381371723210088
0.33647003218314026
0.5113720620210136
0.51010632071687501
0.46506257499228815
0.54457446613649751
0.50259528489883143
0.41457757849232846
0.46356870200513028
0.54578583206697184
0.51029965011120659
0.57290673200150999
0.47187672529108449
0.57105219760683845
0.53038798310284552
0.46790070340332979
0.47642727744795971
0.52801131566373227
0.47737854553047043
0.51762728709525618
0.49688618487985942
0.5104563860641661
0.4555495644899214
0.46408211698658092
0.49392595329740435
0.48530104415454628
0.53618755568023291
0.45157867823799458
0.54080411784199733
0.46825707711541004
0.40434930232921273
0.46608972662760034
0.35710513901324586
0.29071406505734732
0.49828210225790343
0.54491286468980671
0.4625395477091056
0.52011691159341544
0.44275420000922433
0.44861482667155061
0.46040805484175434
0.49353773584445321
0.49113932175670766
0.50018364122166481
0.52192096568870727
0.4774068980552702
0.55815978441920833
0.54712311694235982
0.51679320966547915
0.41691055047952225
0.5152923800339968
0.48026943798629085
0.54207632863733179
0.27773216803478984
0.58030644313008972
0.56469285350464371
0.43872583181526531
0.56218091563202433
0.55755157656286292
0.53782680918717118
0.41036660511095485
0.56793310906081318
0.55019365033017587
0.52507736384227777
0.35481394036518216
0.37994150950261746
0.57378590197158363
0.54053093064723479
0.60327128162104682
0.46729174114787086
0.45505859738187221
0.49130923018892492
0.54646136425641623
0.50524428552192913
0.52665896073261176
0.5145718377982933
0.49039190981942471
0.4966608427800796
0.32373410117933243
0.58505654325706891
0.48855540439071521
0.51011308741292383
0.48331763895919178
0.49848581847227436
0.47243099382485881
0.56512832841422556
0.56922580175475546
0.53178067028279352
0.45059840671185869
0.5490246142869124
0.50328581229409664
0.50052896228216293
0.54193273056008384
0.36632444514746526
0.54865465127037294
0.48372918537660931
0.37168430980850675
0.41645751032253131
0.44854874686995666
0.45862386791707355
0.43473443491034031
0.52637442709713256
0.44690911565606145
0.44911541086714568
0.54048844929899409
0.48526563898598579
0.47411979220148881
0.60459988050828073
0.53500148744830933
0.45570790207159284
0.52366166051113239
0.49228072001920892
0.47178757001390981
0.52163920611944758
0.46308371015448907
0.44065843724725245
0.51159240925988037
0.47241160531092036
0.5241099640340745
0.44344701517336149
0.41289074289857597
0.50737783337158804
0.49677999672985435
0.50462396350631133
0.43519419435478945
0.53805902177751463
0.40793195353150691
0.52158479244944556
0.29462424365030104
0.40127258155411105
0.4692475051908585
0.54645265530547515
0.53218613908534473
0.47027432524824853
0.46609429907183764
0.49098283894056588
0.38250992432856862
0.55519162723310245
0.49820593913139921
0.54124072098463738
0.49726674865694637
0.47156166223094681
0.53124089033882593
0.44079968660850838
0.53057393512014772
0.59297585332968739
0.58698798005154873
0.44681612500111789
0.53594204248037491
0.49759127995610863
0.48511800675026784
0.51192100021943321
0.52805380019213011
0.41689212082337823
0.50405030435438292
0.47834935670448381
0.50988111840277139
0.51251314720806274
0.49042704584991292
0.50633550484586065
0.39285130840004134
0.42256606773892536
0.49601287112163583
0.48574602892089108
0.43467409627073894
0.44930802253554669
0.51154785793771806
0.40106572698524445
0.52163228359922031
0.49044004464619922
0.52849502953455552
0.47805679483238861
0.51185996189495941
0.58035991760879801
0.4614500960522232
0.54887969597043973
0.57840266799850948
0.40849432393533242
0.5253778525860483
0.51489462727437807
0.54593809299394291
0.52266546666217728
0.47700266035722061
0.43910098656092977
0.51706783837920112
0.47504002052323502
0.51868055525134282
0.47450577643418268
0.46343683446438966
0.52210446534581101
0.49545453974149772
0.49940244909252546
0.45454358322212179
0.44218727298289195
0.51650289950451489
0.49368854234418613
0.44664113204111167
0.48682064684993437
0.51690281499641288
0.56009555019153601
0.54878892897919163
0.49739946514573891
0.57229444274119246
0.49892424970555921
0.47374056757945915
0.45118098654393746
0.55053435040747045
0.48374858040581004
0.45641421206757721
0.53084954132963624
0.42505760649969554
0.48955636081045095
0.42415905086705996
0.54342401385306471
0.51699559996595479
0.55372563436410005
0.41314335873622904
0.51527152496663964
0.55461817110054334
0.57427946291355148
0.56348916150562667
0.61439651038060716
0.50968414412735286
0.550474467492445
0.46929220662762428
0.31018341967666896
0.42729226988311242
0.5406826879791341
0.50703036016879843
0.51490679701981246
0.51598613786067915
0.52761186481997224
0.47719513715233985
0.54464482361950006
0.55164204044080667
0.56469309619803976
0.52223480981950887
0.41963672859650331
0.43777720377673257
0.54629533294308974
0.54841227377075608
0.38605448388722446
0.52562544565883396
0.50332663751803441
0.47718097755036853
0.47104630264756836
0.44458699375269001
0.5226574597663195
0.46716845945549235
0.51664288949006465
0.53694964714602367
0.57084647499355623
0.4882885373348167
0.50186621854106372
0.43241424288733826
0.52026372794771758
0.36441385054590059
0.41170336521346584
0.51466558560238307
0.51807373894806885
0.49188822579074754
0.4550347864496968
0.47597038079456638
0.48376933871302885
0.54334157760315105
0.57380041991650832
0.43666656339743132
0.47459696420616154
0.51312697090811066
0.53565798235779949
0.590892659070958
0.55763847596859895
0.55015199548070615
0.55452577720110841
0.46864587376716121
0.40875271421533138
0.47819210370090132
0.54585321655526664
0.57410031257979366
0.50815608467258877
0.46092182638922358
0.53291258391914154
0.48739754084105286
0.52509022380989301
0.38555778614282143
0.47329641243988163
0.51604607465463881
0.46446091610869733
0.3700420317529296
0.31054825902626093
0.43463055021180258
0.54192037756877598
0.39194731251430731
0.54012615767406069
0.51188214836474166
0.55973179310602983
0.46517919887060416
0.40812665677201793
0.46457671955802043
0.52710489459260434
0.57827843942734714
0.48236160298617625
0.5749862257288838
0.57298713710346039
0.57018561009549829
0.44119800174409518
0.56611987848371659
0.52814395739325259
0.52960309623349056
0.56120319784430506
0.43433000224792739
0.51632525748336888
0.48718778420593423
0.46317080428552587
0.51139392934415717
0.65527198502916417
0.49121946831255348
0.54888872945795464
0.50928180679924906
0.48830937103663891
0.33897866890040851
0.38080486026019922
0.48922439843723725
0.49225421968661803
0.59421083315327827
0.51473984412039098
0.44103480833941444
0.56005428037967353
0.51734401538788244
0.47735742208762943
0.4811432169346116
0.50256680971066481
0.43360874587573556
0.52688279780384206
0.43641841917469448
0.42403648831883284
0.4936162117109425
0.54257192964402978
0.40174342259595397
0.54171666601735657
0.53312258892860853
0.47881906429914495
0.51126223339786914
0.5078878638090939
0.50037902501217146
0.46464869066672021
0.55022967659735289
0.47076925135062303
0.4674145816330762
0.42720500331944072
0.51738169488214991
0.51609627435478822
0.50752544793435828
0.51245484518461359
0.49605777503132825
0.41498976735193227
0.49936444676345459
0.53005654688962656
0.46621130974202407
0.47166390573143235
0.54639456171770262
0.47327854972461925
0.52538389207766556
0.49724099435980573
0.4743338652405954
0.55969151713355347
0.49667603546630973
0.52179026385748006
0.4856384410121049
0.49916567535758194
0.49359832330138492
0.50050505730514683
0.45685711831724268
0.47918859373108386
0.53768371778878066
0.5425060335434847
0.45303747335579747
0.46261141349442952
0.53935946359917974
0.50166011677944822
0.53975546293744459
0.45897135707268166
0.62105020469062866
0.5080207813233456
0.46210154589186431
0.3473126206469162
0.54088966365375646
0.48139805607109093
0.45423451227132028
0.48051784273978759
0.45213268928231914
0.48949201901103107
0.48576249491614926
0.51457920227973575
0.45850494123103375
0.4596092563494335
0.57417138057619899
0.51860104246942307
0.50414603423287196
0.38236194236222443
0.46988364552032263
0.49081362508687432
0.56018248615648591
0.50324461469256598
0.58082272249597766
0.58417635863871964
0.41485916021139635
0.4902719280474348
0.56136269677613837
0.56461984479237692
0.53902800170895271
0.45397397670564343
0.55533770971090968
0.61030460596256919
0.54259714027113659
0.52430365404996004
0.3442076477966915
0.37651423124507577
0.52995626610034552
0.5379258342045945
0.48965630812186073
0.50561900039896512
0.41488359559496535
0.51398966877160956
0.44818798006231908
0.4990605928754695
0.4709229813874537
0.4687455816789019
0.54228739890218391
0.43621639092738396
0.43090528379083781
0.50304058002948282
0.53229484247408909
0.52769588995376093
0.57699310620922561
0.53592706023290038
0.49533563103258915
0.4601796161705724
0.52695941718697392
0.5291840846210335
0.57892886645299046
0.49184644017282997
0.54075169813778257
0.36591760533262768
0.53373646245932183
0.46926549572938897
0.48135895190896028
0.51989753320810295
0.36183470828828845
0.47146410611365536
0.50160713146545921
0.4865602245502752
0.48245658004506575
0.5208429316212303
0.55662212243095055
0.50575027467921596
0.41236569762643877
0.49797832231579336
0.45310603433562679
0.5474290711345372
0.59223707065665787
0.5112742907336586
0.505129082097173
0.4979428528848977
0.43796064544349356
0.44054800001597116
0.5341729264656927
0.43726888111193662
0.54447557200508823
0.45037203908171014
0.47668045985678542
0.45565611449776905
0.54344343626300118
0.52456954232708053
0.4478731929555827
0.48815867530640233
0.43301519232442776
0.52061830288850808
0.51046579827649341
0.57559618387905331
0.39441043887892413
0.37491364207884992
0.52207734054722676
0.54907783546633637
0.42861216023173487
0.526107872229573
0.57038239270062874
0.55008762015457924
0.5490078501399428
0.4901065258082023
0.47694396135866912
0.50901926113997309
0.50655502872292346
0.52598636712264379
0.51525462424847235
0.5181751513326649
0.37068345456633828
0.48585232209589807
0.50682658841773165
0.46005511391583931
0.48514441730180419
0.45282757958602321
0.4799967847079411
0.54418329851635672
0.4999456839356618
0.41470823246566307
0.45658599315146808
0.63369618248310378
0.4952873337488769
0.53534583444801009
0.49670185524823407
0.51836301934804618
0.48975761903197046
0.3675241388523014
0.45227689908285162
0.43344831367200648
0.38894992194029476
0.31522892626436272
0.34402571626103601
0.35810813995710411
0.46698209134822277
0.40428085919600798
0.35156603536599262
0.35137579403366792
0.3284729260211578
0.39974933847854399
0.40533608621669415
0.34218145918380716
0.39144712088001005
0.37141653701097493
0.31586148807208875
0.375767551717402
0.51453825504174755
0.54461969820132083
0.41471709642977539
0.54272439157398134
0.446411906567168
0.37821817804723729
0.33342653141375106
0.47527439413818695
0.39588937085199366
0.45756810208497128
0.44252099419541258
0.43260391546697602
0.27967321178566618
0.57061847044078329
0.33698461282781134
0.33007519763769672
0.41111531230296372
0.38378622542389301
0.31487714944660433
0.37352694722694296
0.3926864908158621
0.51014016241470816
0.60237788967581574
0.42769501947478261
0.36358074904634308
0.64601248583518267
0.36356822590742188
0.37523943763264556
0.38491775456656213
0.36081771982412991
0.30322198565646646
0.35020652222128579
0.28628305613051308
0.3721918178636987
0.35938983203304287
0.37971907182003778
0.54867468882856762
0.50351515950906767
0.41741744188020319
0.38908197101925351
0.35283739524356983
0.506162544331483
0.3526737698486655
0.49643828339611651
0.31875832117305081
0.40649657907923065
0.46435448561529363
0.48040552485957483
0.54473312362738513
0.53610106404214131
0.45893571848526976
0.49205598785308552
0.54545131936083735
0.54756711002915281
0.49089562855105667
0.44307018275337501
0.50772058641719287
0.46735658014558129
0.5479131907292476
0.49960914153013591
0.47478490896110537
0.47295822471192706
0.48254564927580063
0.44022943015115301
0.43032636732978524
0.54902231704324078
0.55619938397424962
0.39139680213414019
0.60032726885954613
0.55484692698274696
0.50059009716886205
0.42005894238162766
0.51937628297298721
0.51163629352706519
0.49866358307891678
0.55109051609629511
0.55014219361677641
0.28475119390210107
0.45771147077909347
0.4124124735298853
0.47824157790500044
0.46826805506601549
0.39630236585004208
0.46157029838993985
0.58437278117842228
0.53820133119372771
0.52582402423068375
0.51615156610898305
0.47829286893126177
0.57980007814467649
0.55219943397885007
0.48750110941886993
0.44111309421073369
0.5205679467607961
0.52813438855535344
0.56306362972683333
0.51375088438758598
0.41342091524277397
0.49681304801850029
0.5583166235710747
0.46918861242900517
0.46449397556680383
0.42957739656360266
0.39110023225924889
0.47573748065160026
0.45648485993111088
0.52929629737327233
0.49947583297712494
0.3898886593920256
0.47196415661561331
0.47668215873617331
0.45898017400540847
0.50410212917102126
0.45080594541365865
0.53228909874676844
0.47762103704874731
0.5801066770840243
0.43104076128109947
0.61831499949775837
0.47252136052753635
0.55937043049823854
0.58825100515937412
0.48583994697818556
0.40623801313705976
0.50620785251318301
0.40621420812578263
0.51306062265120189
0.57439294358838111
0.45727857114680343
0.50553351878801533
0.56251820965829047
0.51361394747843303
0.52858434987711989
0.56694132377399153
0.51216657791509324
0.47790561356957534
0.43948483937587279
0.46965250117487695
0.44497935387575066
0.46828111869330807
0.35327626868925005
0.40396002767005051
0.38737533285401549
0.4914883489698284
0.46879243608737176
0.49617595143995591
0.41649456609272939
0.41241362639696594
0.46641334495256115
0.45020187042431586
0.56422116649735077
0.55294860052776351
0.4985472950983697
0.46249300633323925
0.51037720436199563
0.53678415290270587
0.51374643672411402
0.5063060491306256
0.35492481099515111
0.46609744264794845
0.49774966681806077
0.53366320634347131
0.46224215853351763
0.45496801916844154
0.43223256292760859
0.53027299843483844
0.62947537852276936
0.50287811669264137
0.58329773376783756
0.49906625826373396
0.5543184148493987
0.51036531445130284
0.53616830651104186
0.38613634541766345
0.40426572369350849
0.4237593901978694
0.48008992383974558
0.49426981056504171
0.47535242331097527
0.59665283856345053
0.4382736842870335
0.49887488910783917
0.51786452253624993
0.50270668388873307
0.42838473904991503
0.42781043427890125
0.49418896628582215
0.47145724164296071
0.63211623733426492
0.51310243308336678
0.44937263655976739
0.42017542004196295
0.47731269596955767
0.48095871270058699
0.43540853164719084
0.42556651207726071
0.49462038706552758
0.52875534662903156
0.52429511530662298
0.50622873915964728
0.49166547045864561
0.51979829046696469
0.57126451032799086
0.52958882098716598
0.44119396973177361
0.3154148423697028
0.52030616291702292
0.4945567985417007
0.49798960996390451
0.39418415615078956
0.51821393405639338
0.5016979573093423
0.51715773613848404
0.52750273100507794
0.53404692673879439
0.52854400031906679
0.46773213503741229
0.53598706225202841
0.51494043510727472
0.51912229753485917
0.37600583650520614
0.54587398066601522
0.46109476213171424
0.54135065806493032
0.49491145557760541
0.52946995656423812
0.52772741003014412
0.53159095126782052
0.55645313293793786
0.49274245441958786
0.3536905500350403
0.47871636068987689
0.4943130273018928
0.53035734234642928
0.5555300200886214
0.48832832632615863
0.44080199166247885
0.37976347705446034
0.54427752350905423
0.38509756488365793
0.44549819242104866
0.48030448571285905
0.51660107352707219
0.56646025788917687
0.53369954666511954
0.50214973823298992
0.40263359381872338
0.50740524973433609
0.52623712271055401
0.47773058513659278
0.44778429604651454
0.52398676234395258
0.4593993201869479
0.48403363440165936
0.48923088305335449
0.39451170107314648
0.48744994775222444
0.44336605545623076
0.49872834926200438
0.55931038716752302
0.54189198973160724
0.52148398552041741
0.50811827396311215
0.54711714494339203
0.43610173053603923
0.5235720468375078
0.5317711131488696
0.56438207847154398
0.32055458256333857
0.39235510246153643
0.57511814958255658
0.55181398916419744
0.51565147581533421
0.53599991771939015
0.45682126115945654
0.46080439457975175
0.37775638167298431
0.53030366720592004
0.61190749487487661
0.50197541841445503
0.44410318837527946
0.42880944450056752
0.45918996530551931
0.52391219108593889
0.53533152539757189
0.45080392911034084
0.50886530878677028
0.50068249645547602
0.48003763769929564
0.38824311818339802
0.56360712000354507
0.53615412456859612
0.48933875932390725
0.50303493087357398
0.52665135490022064
0.43880342776321807
0.58094393359802654
0.5274509713696236
0.60359156483911003
0.48899780485993211
0.40798983802079469
0.36129967892522319
0.54377778216980022
0.49132793049940943
0.44958540804039981
0.53075425784336561
0.53385485770671604
0.46647084270100908
0.58963939885367855
0.52436663967010455
0.51045287067586087
0.45316719877239559
0.47011707508612771
0.48630812645224886
0.50313168256091678
0.61453670302449315
0.51380211291834688
0.49766565033894616
0.53658781483490547
0.48601122218135673
0.51741771962738425
0.53104454312127958
0.49057633526711697
0.41661343599222306
0.52476476654699633
0.47586730653806897
0.56319997656258403
0.42222245805608949
0.54128392350171173
0.51378661633506983
0.47287977040366586
0.54272289701015919
0.4998803980716513
0.34194789665429531
0.51637661506491317
0.53352624145396588
0.5102122601177399
0.47129020820271428
0.50199117054457765
0.52884297490411492
0.45912898296535898
0.45661924495787143
0.56796596837280588
0.50896850798200588
0.52192694457846667
0.49717834396737465
0.51769988465390704
0.41485182531192305
0.49142303750466498
0.48694173938642571
0.51111168209495217
0.57127978453947614
0.46818909212637266
0.45670986068378305
0.51259640303862208
0.50464388190801079
0.44058262630619577
0.43815451967204111
0.48814416406232142
0.47597878690004614
0.49297460308028274
0.54318243965611512
0.51697152551884551
0.51506454048149219
0.34358310629481637
0.43586275508883621
0.4984999200305073
0.44217088486036893
0.5310376677218458
0.45423260730461645
0.52603188395016642
0.5747469370033591
0.57796735637506225
0.51470435004879034
0.59915181827020592
0.49472159401041982
0.54221946272799026
0.41168924301439247
0.47251767543263168
0.42204164411139317
0.56733606977694517
0.44017940170853065
0.50702061161841705
0.5210821374529544
0.52952435348882942
0.48815985208978402
0.61439501569915655
0.53330736300657056
0.53500522070652701
0.45696143700325015
0.43175574662902971
0.45144486864860478
0.4644226068172137
0.46951983196188685
0.47786002581521425
0.55250290293893856
0.45115075122854809
0.42361214069843023
0.41847751467948863
0.51840910169423426
0.50550983421366302
0.46490159971112688
0.40316742283084656
0.48631568371355532
0.61531706544175435
0.39344751277924378
0.56376076869965785
0.52570580397359956
0.50407975651201342
0.51217214254640497
0.55273412018265189
0.4990099498466799
0.46986371117220793
0.44631662185437632
0.40087462858571687
0.40885609725912897
0.47225681479506176
0.48165752982399573
0.48280814914822151
0.4657034733729688
0.45527016560733363
0.53610353522240495
0.51395793938057321
0.56218490457865722
0.55723794281746519
0.46290861875225675
0.45670159658845655
0.48982953902385007
0.38289305202807145
0.47951243040570524
0.47727288082910985
0.43671485330951293
0.50865262329458871
0.54713083725368217
0.47176870850892055
0.44713599290949135
0.56190217435421197
0.44782343586637136
0.43472675248624032
0.49152681007551879
0.49015037251214033
0.42115328703406107
0.46376358837358711
0.53386036456165831
0.50060470925808254
0.49035780285151115
0.57501859111245768
0.52215035414910604
0.46361093232976747
0.48267457669573904
0.46694497146846214
0.47541642700319336
0.44367544881393695
0.48538468779072708
0.40417949312711449
0.46128983295815168
0.51577187993477369
0.45249307589111787
0.36591886065262508
0.49268813890209268
0.41313148432065311
0.43375451513328256
0.55550934131836627
0.44600573171478541
0.48183459121473665
0.4084130971499712
0.46632688679055562
0.42771006546183321
0.56140308676760742
0.50780493293983409
0.55968815041284925
0.55614291425067619
0.52516565207354227
0.54913044400747801
0.54471393441861049
0.48006879265669167
0.54048976139229143
0.44917016016922195
0.46687753117833808
0.51222381950129814
0.61494686139297849
0.42403497897343562
0.58260556018231335
0.47391930230827428
0.44683447750057076
0.47474541242900015
0.51385873975344054
0.46768998379799925
0.48833226745963798
0.52940113142988088
0.45323423079200009
0.57564208561691765
0.47987234634427689
0.35821261947403882
0.53576594440102632
0.50457398662338726
0.44340328616379232
0.54149579230791689
0.40732726522214141
0.42102035679030153
0.52722486354641462
0.427704602924323
0.48795976487086401
0.56538144520282663
0.53140841643497072
0.58696695482721839
0.46928705953442934
0.57255221912753862
0.39092117537179788
0.50571050177409593
0.46154492180045337
0.51979212134864905
0.49033532869127655
0.47528014628160697
0.47702932142664328
0.47043000874406721
0.49419047090191637
0.49528243258827209
0.39430065591303592
0.46965412436468063
0.53108545524497863
0.49373211790182869
0.51183284796012574
0.49471065318624341
0.44816143852244755
0.38944194438824931
0.54487484034676836
0.55776274848374163
0.50381791053206915
0.45646330648873801
0.66041215079870541
0.47295297563890665
0.46059321974660844
0.44217177512604378
0.48172957218040391
0.49994170950981343
0.43457570387805328
0.47401951666494679
0.44804071724486194
0.65790390862527137
0.44619182325318119
0.40208275116377523
0.44710330424987793
0.46865296008552465
0.53289906940889131
0.50491928893220261
0.52154731028793055
0.69465227307783028
0.46000292172767854
0.45666236058611559
0.51624835541707226
0.49890269163522433
0.457057736908974
0.41069985317210478
0.51311024782571302
0.50274037861602816
0.48902712799464276
0.51408279560725545
0.50825375353733038
0.50970966780733673
0.57259631085200724
0.56401037098662044
0.64902505895896145
0.45141269172338938
0.38654154612268221
0.54450287746380832
0.46289279344392126
0.53787877339471113
0.47311050639020646
0.51987264260761612
0.47609478596815269
0.49820605304971038
0.52072511285918832
0.53739311248782784
0.50228615342637328
0.39661680835127094
0.42169272749377523
0.61495711521336782
0.47418601326942506
0.49349489715330064
0.53833648140452439
0.41834587586979488
0.41708890160657319
0.5502874677810603
0.4767460071311882
0.53460004670112726
0.49111271486440444
0.5017621197816351
0.29879196774698719
0.3833559378957041
0.52729676693981276
0.45748483779029053
0.52741462182586152
0.51486244857100116
0.48160434972976451
0.45464387461058281
0.48380361398906113
0.51689963054513843
0.51923259460872806
0.50323064737276457
0.46916507203365132
0.59157847846235634
0.52026085977307512
0.54128397243121906
0.47623216641580418
0.49481972527055007
0.49310929423889194
0.58852874117315601
0.42610554821778007
0.51322296851181959
0.46264481044185929
0.48038494358832767
0.48247823754118546
0.5648836199972378
0.5208722108778443
0.43916499859081137
0.49556308518246267
0.46315362308374197
0.42885263647249949
0.49536834418187214
0.41958592103109205
0.37926695397555305
0.48505314402453403
0.54648272310063739
0.52812777297308522
0.48323902692587206
0.5363739249461954
0.49424288430926916
0.51021766506899402
0.37143292931428706
0.49191506778805932
0.49364102514504254
0.49337725158860363
0.54366546065423083
0.46972235143305724
0.48956533841983596
0.43270253625749805
0.44444026123759989
0.47838726091325945
0.45219961841410716
0.55009067721011751
0.56309553147127911
0.42571284974685919
0.45819111861516498
0.58865069407729353
0.41521015002145278
0.49207748201253132
0.50566196804345842
0.50592519750571285
0.5060353826207824
0.50540450114593582
0.52433020737547509
0.49778821355116876
0.36058652672476993
0.47011635930089746
0.51934387877141197
0.56376162590260137
0.4645694500836704
0.46598579917203647
0.32813061393398135
0.52736844836188845
0.46897765808221153
0.62275285076412423
0.47121575616556138
0.46428399952748461
0.4441975320591996
0.46360581369143511
0.5022506444058612
0.57561786471013621
0.44768682405750204
0.51852806197147994
0.53375502757399329
0.45422753722920201
0.48723440081642821
0.44648039694060676
0.40868112010766278
0.5006299274749425
0.50327680915664674
0.44965283679652029
0.42350737861193188
0.50088522028386318
0.51615000133889544
0.50543250366449299
0.48076525991235569
0.37257058559620937
0.28181639259083663
0.54818699178903296
0.49469157777011141
0.54171067221336988
0.48735549827820152
0.51408439951125695
0.44044743704916989
0.54245344344821422
0.46470850454320106
0.45983123652141961
0.49898282734064126
0.49697537766708022
0.49858637147346974
0.48257608528163631
0.52286502879909946
0.44686577398467719
0.55750223705414292
0.46073004895209202
0.40149050755158272
0.44290499207462058
0.43773635104434205
0.53737084397020829
0.48839698844364066
0.39542485011879541
0.45481659856276824
0.54606935481237273
0.49965165975170861
0.49496847115890075
0.56342237002192075
0.53704809370739981
0.46745398132712696
0.33123323538342797
0.40020746453459483
0.43133297205323329
0.47730947051857819
0.50751871949325189
0.45015323890535508
0.46159870196681002
0.43401057294820578
0.40360004277045552
0.43767693048069395
0.48299040874919141
0.50343070788822808
0.47850538702221795
0.51808175295122139
0.54757971044925347
0.53986746007004938
0.42096268534937964
0.53586974781075702
0.5632677712249915
0.435981272743521
0.56726706794446746
0.50543496190836501
0.48001920119890079
0.57573157510444783
0.55758195230089991
0.49381880473766249
0.36028564495274373
0.52749877821817859
0.48153166654485452
0.44995335287046889
0.47566773149311747
0.45760524551554826
0.46953087424946105
0.38911868032650437
0.54515868895044495
0.45167545086488126
0.50970741942144648
0.44988576642214623
0.57160263716190252
0.51844818812897964
0.52378910638153231
0.55623098083956535
0.51645514189725161
0.48864238517585629
0.5061243562706651
0.48817721443033357
0.48999902967684394
0.50608208340730487
0.53070984904223961
0.48136957030147681
0.50225228212614759
0.49254241675498123
0.48023378009215306
0.39227320303687518
0.56202026578049136
0.46336589079688345
0.65616059781648328
0.47933573264356982
0.45330274816848865
0.50388573281091575
0.58060741368421565
0.50628450210140308
0.51672777511100676
0.53765920715750237
0.34666881116785775
0.34021661975814377
0.47464067084701955
0.57305725887389247
0.42390579289469876
0.49847225862548444
0.43197658917274995
0.48409745389121228
0.52813367469581973
0.48153452488153087
0.46816075798302759
0.49371267501831845
0.51828272094638483
0.52434401875380443
0.43808124023870132
0.50851952362585318
0.58461879506589909
0.42271475807467873
0.49974470813403543
0.55066897781528401
0.527496289903713
0.48675596926694092
0.55545653907323511
0.48050931547443892
0.44439314774955524
0.53097470841534178
0.6206830458939101
0.42531909769789633
0.44350094751213087
0.50562516703115579
0.5369842358376995
0.47304642965058541
0.50680669179445592
0.35087770172742261
0.47331435919035814
0.51531161662926983
0.53290630919856385
0.56388625764850264
0.4906562688534688
0.46608210699019559
0.4997759824227434
0.52772397977060881
0.54111806326176093
0.56208849872650868
0.47950796203553764
0.51206748246880118
0.54656635732368031
0.52475975681058584
0.52527565020673839
0.43387706748292026
0.46063725454572013
0.48732020406144794
0.52086991333048882
0.55029492512270173
0.5264792541496075
0.53171780070831665
0.46975599158904124
0.53599645813379437
0.49878462545391716
0.4671735023855918
0.40661410894407379
0.49987001421698296
0.38764930317598595
0.48175797645387408
0.5047055763633429
0.36775585692590462
0.47220250914941869
0.49927192689871469
0.53309895736831825
0.41091671056235979
0.54974824244191234
0.45708522179075317
0.49533375356932174
0.53951666624111427
0.52789431785781127
0.5837266739632635
0.54463448272874082
0.51405322758805827
0.48751151761142508
0.53317717622973304
0.4691236034909399
0.4608671663671533
0.48912106460880078
0.51895986554220719
0.52913622583364239
0.573107666829614
0.45796675345542109
0.35453663414409531
0.48539055309056439
0.53286126711827353
0.51651547466052483
0.53285938708881764
0.5408138303468718
0.52669345769297327
0.42267037061966362
0.53515477973605319
0.33311911651540943
0.3844183472358641
0.48949105361862444
0.4814071818265841
0.44214726453347408
0.5167907652306919
0.44579834725392037
0.45147363953480263
0.48569541541540134
0.53712933028669985
0.41873601373907254
0.53672477786348538
0.53167708455551721
0.38994649631105466
0.54341841339173236
0.63086675086841171
0.45054641793240074
0.48989354743844582
0.39372520454158377
0.43654017526567096
0.47176011593176215
0.45376780059064958
0.56082458506291633
0.55688565506919097
0.46402122902416454
0.45315851209564856
0.47023255854960938
0.48460777051312631
0.5280456995827808
0.40004279185538422
0.47019849477992126
0.52643545147924653
0.39067157831860821
0.58568051848949532
0.50040850501498824
0.48803605075316986
0.53476923495445461
0.46728859979252313
0.57021294302797099
0.55759830858491344
0.51900559918696254
0.5578753949102977
0.51450860153558164
0.44182483449011822
0.47021130018455187
0.55897020985589585
0.57119663745412619
0.49388723272887136
0.49571899188516277
0.42338151130176699
0.49080049822906852
0.41711428848447157
0.5548828648074241
0.46481274196083217
0.55378208395125816
0.45432641802904561
0.40690984478227671
0.51386925830609287
0.52699738969363663
0.45690904975175162
0.45201872223006617
0.50575743673489026
0.43852918744636277
0.57494940824598473
0.40370921591676656
0.39117744930457427
0.57288085528297628
0.48919827941782068
0.52917124414132422
0.41037468115795461
0.49665887683135362
0.48365535357892975
0.55189536861597233
0.53821575603369265
0.50974915162527079
0.57571580038400005
0.53751886758411827
0.4701279036149576
0.47138270182406122
0.53421020527918373
0.46385171235166189
0.59866007257923792
0.37512311454680247
0.46468870938311096
0.39156849533136012
0.48370750082541469
0.50321919967449058
0.55548742996382816
0.41578351148182263
0.50635370751862219
0.59215279054444869
0.52028057497088065
0.49280361365607134
0.35355667109323724
0.55063375428888606
0.39621376620108734
0.44963082135221033
0.38653061752070411
0.42658840191873731
0.44622380509607418
0.4309548178173736
0.60474370775566955
0.4727278161038127
0.52226842706165177
0.45707662383226499
0.49254473635936513
0.52131419149510838
0.56382083499542135
0.54753886841334998
0.50332650992478034
0.63224269222229112
0.51477112091978316
0.54836636887969537
0.43925091852979919
0.4813813881707642
0.59136556898816328
0.54408122767092248
0.58831851433956683
0.48162879994741675
0.43149049036692738
0.43441531388494437
0.49421909940741826
0.48404190498963695
0.50080407829052198
0.39020497276256316
0.56140847910135805
0.47533806493505054
0.53165716190379531
0.4528699786138628
0.34900210625621386
0.33563833026759954
0.28155891585962917
0.33911309421366137
0.46163899442020273
0.4694125586392689
0.46192097734906579
0.5819943196731906
0.4010685709136293
0.41344327614001475
0.30770765952263779
0.67861911348236825
0.32252285615791043
0.31672087614875999
0.42156904675553314
0.41871393797321349
0.39639554963809814
0.38576915718612081
0.45521461402481112
0.4992323506535179
0.46856810226014267
0.42273484232956315
0.38054057598111646
0.35382984414118929
0.44022172410589677
0.44724052935206493
0.3829036903404941
0.39926703037319911
0.42043590026136402
0.44652433250715995
0.35868505414075325
0.38001829050540842
0.31919901523324296
0.34874990605166983
0.37977554688856813
0.34853803749389067
0.44217377814670134
0.45796804075690012
0.46195927672738779
0.51202565006556022
0.41637279136591315
0.40073575621436652
0.55279831370812793
0.49728484461588429
0.31322950087173101
0.35400442891516853
0.45281890227513605
0.48227566592956517
0.34094415365773328
0.41827913497859953
0.39634169718177858
0.50145462687830189
0.3644945559477587
0.31939015364770024
0.41474863412864177
0.41265451412032006
0.39847177442443349
0.47301655403521092
0.31825986553003172
0.39523619186454839
0.37991806698803449
0.40632233890791669
0.40306106585915752
0.33439923765426399
0.43979580435745419
0.53234570728448172
0.49932408586577187
0.52291377874070322
0.46629674859010745
0.53596777409356355
0.62912050656370511
0.49300722333363406
0.47317192300353106
0.56257649107799945
0.43644157824546143
0.50639276121280319
0.46519806518713153
0.56955365170282035
0.47605224792807088
0.52076173909528167
0.55283108734519293
0.40946936974102982
0.50872003900435292
0.44201612945889068
0.50476518460752151
0.47503536803386903
0.51862900843837367
0.51260198055602224
0.50470225409951341
0.44410085420282674
0.5893717233026502
0.61579789603419877
0.56362675797959849
0.54614622217924869
0.54685017649956136
0.37591779939876901
0.48456869228625221
0.430820887439194
0.49992668775463212
0.45715773245702052
0.51002683837446061
0.4892549448518948
0.50657827848301451
0.47703622186685368
0.44284802599501971
0.49116012544544124
0.48041344541492659
0.56973775807482208
0.49108386736631759
0.57404992588156623
0.3752104072038196
0.59651324152595175
0.47287677402056438
0.39920848799214004
0.51517077989132687
0.49335346565185056
0.4448791155915563
0.46497692129516921
0.46203425702922873
0.54936498975943016
0.45308667440911143
0.59509104289296999
0.5320822945956637
0.51728067858769822
0.58651934493946356
0.49199539032267742
0.49908279450678311
0.33362270131807159
0.51312255022565245
0.57171566595964662
0.47975808257909064
0.37638514552032654
0.53501576232558412
0.60379829562080922
0.48674487017398743
0.55728525611990576
0.49735741777355919
0.47183557077759219
0.50549404703154854
0.48897938451471701
0.53638260863609066
0.48320390467395347
0.53347881372895689
0.50507031176525907
0.43256984754952099
0.60703917724874534
0.47347221196714168
0.47101855334347736
0.54273080449923361
0.49917845004257366
0.59510271040226193
0.60253432729119616
0.50340626482918471
0.5698611655446113
0.44732211433185193
0.51136897695840455
0.49856437098270251
0.63558532646786181
0.64796825454626572
0.4354869458542901
0.30295314759587577
0.5101301363821964
0.43256918796075394
0.45290155381631325
0.42127130817620367
0.45736998965589964
0.55432834681242604
0.57868545433214613
0.60702944445353402
0.61697229702687995
0.55620955952140427
0.58657913192041511
0.60100785941111123
0.47910065653239026
0.48272223298629285
0.52876532259495668
0.54423605122152241
0.46964155842277105
0.4392491896669013
0.471193671967716
0.52093919592916005
0.51266980462638556
0.50857441555857419
0.46671517028023624
0.55330606179019914
0.50741238191333415
0.38615839857494089
0.53126499695771168
0.52047882912442056
0.46891820197359002
0.4976196131342564
0.38892153597526891
0.35692962233465886
0.51658653538829324
0.47934766788731958
0.58284539664619328
0.53732930157806091
0.48868219569725541
0.49645801078321572
0.52019414336227798
0.45681253030836455
0.49108568851619433
0.53003146933829115
0.52114794479079551
0.48355323526171828
0.48428850696454617
0.53477366522257863
0.552364625676807
0.54626172486581848
0.52984866446045964
0.52368668018219877
0.48752597564768296
0.50279935109574792
0.5832688726933779
0.47524162791100544
0.65310677787223737
0.53826682611163801
0.56386970675704418
0.51070379125031418
0.48557905175787081
0.4713198178829221
0.50557021913258304
0.48628303406265494
0.44993424319895253
0.42095555197329299
0.4722276294657558
0.45901216463945393
0.45285968912078056
0.5229388345290843
0.58683214357494073
0.50002102756793121
0.47919520067180771
0.53254931103950209
0.5288768280216779
0.4760844503043426
0.52711980707095951
0.55030505047168576
0.48735425198114918
0.50759199619683415
0.4300829350021812
0.45818029715451219
0.53550176210819389
0.46702197681714669
0.58912022296586197
0.49345594018251343
0.48978900373188022
0.62329229745464765
0.45668438956658852
0.51683357534932917
0.53950103544926931
0.43735296103104238
0.46927889903006825
0.54173843722115389
0.41101004278056108
0.56469615496268366
0.40069790781217846
0.4088114114993095
0.44555559662136018
0.46555211915767714
0.39396723056660765
0.52105762130138622
0.54683825058807334
0.45238051350946973
0.51765131805437858
0.48450908528832837
0.43363671485117561
0.56417919361086011
0.49411749310434661
0.4627017795695984
0.57203447911503547
0.53748468888138023
0.53411687992982071
0.47302954443313022
0.52859600471855972
0.51489129303352232
0.5024385673033025
0.45758972709238127
0.48746948278749774
0.51195692765031808
0.46267939835981403
0.419851041736575
0.49466126419724243
0.44282597461701234
0.50231322142270318
0.52367610807768983
0.46450441569418582
0.46087600108095639
0.33753681730706447
0.44902159673716185
0.51500956230974604
0.46994554645087067
0.50863634922052225
0.55378563721118368
0.48955386082719721
0.53355033956935061
0.41077905223379874
0.41490772706530771
0.52320431200058548
0.53610975414434281
0.46636280242482597
0.53121419065560316
0.45033270781359974
0.43809609277583139
0.43800525669844559
0.54014962254133991
0.51420977024544778
0.54016196084240253
0.5151192908928024
0.47190666108560397
0.61100739234814594
0.47684398829535019
0.55773245954235739
0.53923610084644691
0.48112251898172825
0.36372995047824586
0.49993269732129975
0.57689870535670607
0.43653109832077158
0.50725865577039875
0.44444418894684901
0.30471534513053278
0.46980134582900318
0.48019734222082988
0.50422749904635711
0.51000993707165265
0.55561873178927534
0.50466346651046556
0.55761569789445875
0.45044948492053688
0.55165754136215994
0.57802345935470534
0.52948354801086395
0.43826597881043194
0.49894482688011654
0.51442529332659181
0.50834827342210698
0.531159356940474
0.48734807246719131
0.53512814313972923
0.49796669790527559
0.55101041377109972
0.52411583371493986
0.54597959476038849
0.47133315237910633
0.4694992335598569
0.552190447457933
0.5092913181549662
0.4593322409511808
0.46905993334171192
0.64072332255253495
0.51062667900111247
0.39069979982244524
0.40646699542831782
0.48833797390207218
0.53170297622454987
0.53343131220368356
0.45787412060873584
0.5324743918935172
0.45281560327250425
0.57115179144641459
0.59597144117526202
0.52342080083719134
0.46637186403623476
0.4099061942551514
0.48744146832816032
0.51830017633641101
0.53458400588964661
0.54198952184051385
0.470716854487365
0.52287047708610801
0.49549811997799981
0.58340063821194277
0.40303362958900391
0.49109726963406214
0.55937083142325761
0.46698284418163133
0.45970478542981219
0.43216167453271637
0.48304354472821154
0.52439454665645213
0.61330553505519458
0.53626121601524235
0.47276756554209304
0.4272322816182077
0.40405785721204002
0.50130948712951906
0.46662002679046177
0.59878253986709962
0.52043737411022606
0.49957117402990331
0.424854094784689
0.52464278334068337
0.48162183356795929
0.47783031158485251
0.50174030324473962
0.59562058443792143
0.42889108684082339
0.54301348515143955
0.52160049863776459
0.54177244251057366
0.41597906890346414
0.37097773306432025
0.51230505930368531
0.55763683356672844
0.53384420305350244
0.57584657692167818
0.54884311777438288
0.49732591920959907
0.45706504545593041
0.46496407806517004
0.46271548635316317
0.52473530364901688
0.51897999919520621
0.51817294882438303
0.5620929152044184
0.35720701582128966
0.50359705492094509
0.44205058565599381
0.52950142010733403
0.56024640198989384
0.50930149171936434
0.54888050650326481
0.49402115481106523
0.45077160858680182
0.46445508330056701
0.57003601322060649
0.62841520868296941
0.54019827462419701
0.53118210342808569
0.45327644772140113
0.44758222203012865
0.47602255246717523
0.47003949678654738
0.48815662582341157
0.52046084146088434
0.5103333681306802
0.52373756270322125
0.55770895727215664
0.56236142292928348
0.49326634593404955
0.4612025990921399
0.47289543610278922
0.51160172660119352
0.50297082012423278
0.53757719455979303
0.64779630342580363
0.54598567105297013
0.40002024676254799
0.40320670035575829
0.52622883102505014
0.48020520018477048
0.56833824324829063
0.522611388504025
0.51142804100062733
0.51778691770053986
0.45237172637709777
0.47494573358567599
0.45995410449923552
0.5367735527650358
0.48071407698373614
0.43138690432876037
0.49166141998111657
0.49031670810211975
0.49192023633624282
0.58207235397744572
0.55672947372500037
0.53279272924019816
0.49376524117472603
0.59971947614286725
0.50917688607670097
0.55192013248232041
0.52831781506847231
0.50169202092863197
0.41327966496524748
0.51308231133196547
0.49401661681211867
0.56632392617220773
0.47665217529861409
0.43413704476274262
0.41021382592096317
0.39402210113112929
0.49784654385837801
0.43027761279992255
0.45759650978838151
0.32376319247711349
0.56541341972654557
0.40718186924815064
0.50988039782200356
0.5266254185992717
0.47081851562852395
0.45238325854674871
0.51334431573824746
0.31827395312363593
0.42695320661735831
0.53287905399860602
0.45362142979559461
0.53178107088865456
0.54730886434792037
0.56198628307022447
0.42844385235195537
0.40811880574749543
0.55906028761267468
0.54837443671705599
0.49048943949192547
0.48791780777388927
0.50778931478214839
0.45528998768590168
0.47533529986306194
0.48115535819156702
0.49950001002828476
0.5294556690261556
0.36244498531882896
0.36518950546599138
0.47675082789376905
0.47512496710481028
0.45801182305101201
0.54933134061960909
0.46690205384645467
0.60218099620084675
0.53120886954413127
0.56032214735757357
0.4556789822949841
0.4784805204092149
0.4598181573777903
0.51222678553804601
0.48791851625994803
0.53637647936096577
0.58920352271720755
0.45208113476689576
0.46075952690403327
0.50293121143559549
0.47818950276734967
0.47652987535892977
0.60166579306325108
0.57753137239082153
0.48531064894188558
0.49407976653383667
0.5100010927274109
0.55400246569551825
0.5947355208155366
0.39042146689475199
0.48624687056964316
0.55910806459869866
0.40164161553966488
0.46606477588477424
0.50001477523544946
0.47372432825755023
0.46531225226106437
0.57921460382912271
0.52678021865167368
0.53640084092371876
0.54340743673321579
0.49644569087590334
0.46114774132519937
0.50834689167746261
0.41766261833434298
0.50465169764265627
0.50642555043647253
0.46820548371330312
0.5556664347705722
0.47131267296214369
0.50281281682897683
0.47783564003551954
0.46602454409774208
0.5331022181170153
0.44508743250674887
0.49554129582894091
0.5048894035247885
0.35974165069799324
0.48982392079364628
0.54179542246739998
0.41774739266687649
0.53027276301087722
0.57851597510565556
0.51383435407810929
0.58985579280769174
0.3562708710012521
0.47679736172440351
0.44709663466724908
0.52700255436416243
0.44114334442837938
0.53265793438022424
0.80359394588937616
0.50356938564945175
0.54240932373019513
0.45999786441586971
0.51847019184971932
0.55611601126456411
0.49536877982799149
0.52959392037580488
0.5721326160307646
0.41935261839593585
0.50125360677247432
0.48337109971813447
0.42794652524049404
0.61970351553956704
0.53402783440722124
0.41949356692485595
0.50984159978065591
0.48048778932779673
0.57290792641269039
0.49919169504995325
0.43161035651256618
0.48069654190150618
0.49968168048568129
0.41878064297914613
0.49480774015447082
0.44122090311638562
0.37795380808226442
0.42323212096628332
0.43866320957287647
0.4543594975498072
0.56085863892300736
0.4228830315681783
0.59237538999356554
0.60466102666880028
0.54154125553358967
0.5028813676056233
0.52843977720542912
0.49271273391793563
0.49775850057465515
0.4581508392403828
0.44738678768545076
0.51080946174084285
0.40464652047552802
0.5274867007513
0.56943794073508947
0.53365675178096816
0.44848454147344702
0.5248950363147652
0.56828178040291699
0.46707783153868299
0.53380053718363385
0.59556884369758212
0.51269234722855039
0.47087176349968352
0.53628855725315638
0.550529826885648
0.51518632816729903
0.40508420064611717
0.3647504984245114
0.53906917450398761
0.57220502784355209
0.50615153828531934
0.51235425881649788
0.53392376284298082
0.43646204967172092
0.46795476748244624
0.40820293211107556
0.48405874456323511
0.49513135415149528
0.61652073277621078
0.5191907309885323
0.64961735603416582
0.53565734415138266
0.55781404604628226
0.44719082259929793
0.44323333523148273
0.50728134247375267
0.39156467071572515
0.57777504694305271
0.55529629415163795
0.43037379068226445
0.48243664102633055
0.54590507002995614
0.54123447151681425
0.40033548227399085
0.42354177519143099
0.5411154645363766
0.52404108352039735
0.6014024159836282
0.43996220458841323
0.42782624115745921
0.54586697761617253
0.50522280468540026
0.36069300846479496
0.4770326221897479
0.46518955995354178
0.4859138694939929
0.57270988745985385
0.59487129844706021
0.50210484240952613
0.51298283645804799
0.39841276561432026
0.46095967119427811
0.5408389935083574
0.5269631410619261
0.44498806580133632
0.46340792699662137
0.50872672204658587
0.52061589272032116
0.42526042648364482
0.46668262279512729
0.45172099499585583
0.52774062838938818
0.52944050002373777
0.42375422824086029
0.50003266308213945
0.5055635091929318
0.44136564455339378
0.49502767783582674
0.56852640218317385
0.52763417445052863
0.3559604761087124
0.39962026341820467
0.39564372922426944
0.4895258441338009
0.49725426093918873
0.51760197579433243
0.44330016713316972
0.46490255671950131
0.51561404205497363
0.54292471931764874
0.51306299538981615
0.47886260223713539
0.45360973217378259
0.50774137214826198
0.5419351842048068
0.46785983811018278
0.48522619202652961
0.54819803403341716
0.61933458906696714
0.45428749184146711
0.46520059557772231
0.50609725105322567
0.51786339320876196
0.46527330582515464
0.49225766668567517
0.40057139323720581
0.53341606729584645
0.50667518955219271
0.45715595188741626
0.55469526625674725
0.51365275397750043
0.56220168443209639
0.40999396106374464
0.35805608494636781
0.56640431955087178
0.36975855346313358
0.49898508246591189
0.5148598645456075
0.49134198377453941
0.53626694347284698
0.48249365286573964
0.48306470938508089
0.46178720219893848
0.46134621031852019
0.40472535592723929
0.47964410937120627
0.52079282236667424
0.51772157978485667
0.52408995213165455
0.45855675169946247
0.51863174431302483
0.53459500471476085
0.51228808039045359
0.42448869236377706
0.55277091342135043
0.52333538647585087
0.48637227585957421
0.46617855659007257
0.56189138262268856
0.50017619072788799
0.59765045254044424
0.56275481012695705
0.40431876034852693
0.51180516814496768
0.44686835085572291
0.53341620143428869
0.53462737173908803
0.51900595939573169
0.61821966831149666
0.48745057517470719
0.45095070192867936
0.43155186521572891
0.43201447573909679
0.46827980154877186
0.47913197377440553
0.58542593005887222
0.50386873296221235
0.50618388421238036
0.46271962061946958
0.57966268615867156
0.41349055648680383
0.57789972601923922
0.52737363045044583
0.51021847199592241
0.51591030771943269
0.47859393731242844
0.51978597571983198
0.56047133699827956
0.46090319294998799
0.47966079363183861
0.54305614892370968
0.42793161089070403
0.45836723314841032
0.34458038620649978
0.39101731361806641
0.44477367204462825
0.3590175566812922
0.39177200217331531
0.468254228949601
0.50929954639016095
0.53041102111585881
0.41237242052501533
0.5010873377362759
0.54088510685625102
0.47643818966812651
0.54341055789473247
0.49286873628265337
0.57741947408500782
0.50449146965717095
0.55016885438521568
0.46568966403641943
0.47559907216142056
0.54435383826820827
0.5302365570147326
0.42281693290688793
0.45768705678442784
0.39104965162697797
0.47383119811995605
0.53243782586551491
0.41138538058716723
0.51346402987104267
0.53566937124163028
0.52151024986461358
0.56210588623821589
0.44272950364895791
0.47055249747764732
0.49505277941594295
0.56641728138079273
0.39108709102043343
0.36314734051893577
0.46927186910814261
0.47157908099287815
0.49852681460131909
0.35913673398984081
0.55677374605865215
0.48848284901764089
0.5465852303248353
0.55479753018859568
0.56408109375577453
0.59256216997417777
0.49867694336820567
0.44761692267587716
0.46155092149712307
0.50816121683278725
0.49220841367998452
0.5003041164317219
0.4983326389851313
0.50570637939165364
0.53531031500709214
0.55448379730098363
0.46084586662704596
0.43489293811884172
0.50361310150356842
0.45774828385322802
0.5329656585487782
0.48019475356130675
0.49872756008870917
0.44748126401925947
0.45620552944668619
0.5265443854282299
0.44718383387996635
0.380291175796653
0.46003990234498099
0.54782183135454066
0.48001277959734756
0.51800907880065383
0.52042024654018137
0.43957190061597878
0.63016311313034601
0.54735225593328396
0.55509694134802312
0.51734054626882231
0.28223339760870558
0.49721517870173587
0.42517330316056806
0.50547741698878201
0.60799697267421682
0.48402816832045426
0.53177475146682052
0.49856795625923594
0.49267770152362389
0.57490572993391709
0.4968396863573657
0.53530910169058821
0.4614183360062008
0.48732278557942665
0.48707562194319243
0.50195224717497977
0.50674634808763519
0.46338598567449718
0.43258901690585794
0.52844399895245409
0.38601640882471683
0.4548181567631322
0.53595464939122006
0.49144355413411134
0.50399553399800612
0.4964033062339222
0.44431436519589462
0.47741691794172486
0.52149312741739418
0.48642854239822708
0.51347856834080807
0.49734486254809745
0.49478993371203855
0.43245989807865332
0.43851644190197531
0.48972081287894687
0.54286449914330748
0.54718423576078912
0.50519748729388869
0.46368341141342956
0.44177269810467318
0.45684642444744211
0.52719218594245398
0.54285936918102251
0.55825767216744804
0.50365360411678395
0.52577841614026066
0.5335675086517303
0.5460529486107295
0.51512092431758516
0.50890734560291251
0.465497168958661
0.4268341047249839
0.40982279134663829
0.55504275093227762
0.52425737033601649
0.50704865587291259
0.42426155826427009
0.55026044781534189
0.44722737006255919
0.49992187263571791
0.48903271830991651
0.51529211567288236
0.50259182599905572
0.50585251776469009
0.47534857017049559
0.55522457169803485
0.49022868719436885
0.56654798546331608
0.53486555648784584
0.44087827969517723
0.60179896979065628
0.45596080996706623
0.58199876363356573
0.46446804555515359
0.58075223971412782
0.50145883445124961
0.42636805621408613
0.50690602000350427
0.48051118070301158
0.50718814095503162
0.54207195698172406
0.46505004440158981
0.48232678556703357
0.42869194378523801
0.31608057286666269
0.51942522354974652
0.56891902316825227
0.47925787512795859
0.57223973746410717
0.5088286801898938
0.36090252873488865
0.51911665073672508
0.51559228091233511
0.4739676112983871
0.484357641254759
0.50131974612938301
0.57237260373345955
0.60966780329106884
0.4755949283464837
0.49318973313938497
0.53963341500930528
0.49864369357764959
0.42298927569854317
0.51650379583366801
0.42296743586689267
0.54364780267595425
0.50698260074291934
0.49651245469737365
0.49222713325611145
0.51036619707159681
0.55227557371536617
0.4578333960448403
0.45984057995439415
0.65712853961349216
0.51225898715135554
0.37627755172221566
0.37759159556552047
0.4904193041183838
0.37864099094837422
0.48131900155316731
0.4829574638077952
0.58387516482148827
0.51238070380124756
0.48025070050330187
0.49849336293323343
0.49585485972352927
0.52336189366135832
0.47954936468306281
0.52718505785072312
0.48760403676099084
0.54561015849564876
0.5314159322922668
0.50564317299090467
0.49910896808952382
0.48029981537155669
0.47841829855076379
0.42594751185291951
0.38565575697731519
0.48825790184383872
0.4776908497086968
0.47278072997273224
0.47414295079162899
0.45078726209201386
0.5798466195898605
0.63412924308725449
0.48119459829473493
0.59260688077156243
0.49455290816955028
0.2854909254236328
0.44836895044575881
0.4780788134477611
0.4433657010166358
0.43771869973712335
0.41786655204076006
0.34564731638508372
0.4879717990695065
0.37939160084838952
0.35780134147021647
0.45048566141941737
0.44491920944566993
0.35910442789306113
0.41478719343255194
0.39780230544579048
0.41045891290700848
0.3568989622299637
0.38628211026752968
0.41583959396897152
0.47561390916686253
0.44780227344318502
0.37406905119965528
0.4016267871297482
0.36227919954454074
0.41583720333668722
0.43876321878208174
0.39871648476912103
0.34082089320772779
0.3786067947916929
0.46773167334921367
0.4854573124717308
0.32546204049876554
0.33336818647415617
0.64798102875395402
0.39404033379625275
0.45575038100712384
0.43329790027989223
0.35273102002007789
0.34150393168647786
0.45563685613504218
0.48304889019515451
0.39424921924724937
0.48647722700620244
0.47222307742166542
0.39987042761798053
0.3666403448100925
0.44193684187049259
0.3723412168927972
0.43019031099430238
0.50876031338073802
0.50886458641919075
0.35818526607681406
0.37771309494855315
0.39854439369726358
0.37283346869906758
0.42076424883885361
0.3750597799806839
0.3728447269291395
0.4172176309925501
0.40308713876250929
0.4351227308836601
0.46154426619837147
0.34104502674556003
0.3014047649439523
0.42779795559634815
0.45922865507567512
0.48485881006905507
0.44304901286506138
0.5221057852666835
0.47294819928625204
0.45803304971044811
0.50919822369647549
0.49239343524089446
0.43236802681281711
0.51064480783542021
0.49111405502582317
0.44939147787450362
0.33276513681175529
0.54999751448730183
0.56292831648915553
0.616531785996699
0.56569709799535151
0.45028840002365439
0.53284456698405569
0.62401244533822986
0.49318331552383049
0.47683635129306423
0.44413259689778495
0.50262180437787518
0.47932256955930952
0.4702949939186038
0.47252517466750027
0.55402645938488437
0.512087745989947
0.46478163579036158
0.41308473621189873
0.4546326341756553
0.5262574489411932
0.46299806435942142
0.52653742443784579
0.60138277388367978
0.49627094453847548
0.56393899407074366
0.47854053837328553
0.52375872185098649
0.61164960970667148
0.56641211134733904
0.49525413367775739
0.49564261348438493
0.52783044300659754
0.53618299928174062
0.46946708861470005
0.45055833380012145
0.51229340428137771
0.45222688718036774
0.44680843615218835
0.44529259620930495
0.56146872959263516
0.52531418034277622
0.53985695851725035
0.36578226428999799
0.4463247395115158
0.49677484768131541
0.48609812897765448
0.61060144950257278
0.52823149491199939
0.55982228844437276
0.50092342693749359
0.36284133449794742
0.53119792442413671
0.45385250126210552
0.41679855962979528
0.5459099866731012
0.46971657494525582
0.60265762461714123
0.50210737212180767
0.33292507012355332
0.5334222099037329
0.50225655480451237
0.48005262407922045
0.48819103616992182
0.48818005061996478
0.47438765818687506
0.56037947658016884
0.55382183639912319
0.53430876749934297
0.44670563255102352
0.45839844217686937
0.48453529592472938
0.50344221812329282
0.54594354606576267
0.48709511065623917
0.68550023176210684
0.41810608040299146
0.55722043049300352
0.51082157976994902
0.50792223053347363
0.4960509335268648
0.53330927882341028
0.39034336081450477
0.40009840968439153
0.51625107703345785
0.50862554390071557
0.46292549208173189
0.47759563438306546
0.56524184414852152
0.523303549746305
0.48964489734014616
0.52495546330896592
0.5415133547296368
0.41884117046481495
0.45342156397416711
0.47313907573416897
0.47212906315794984
0.45044725765403199
0.48422964424127019
0.50770752670825725
0.53723549835638795
0.44895096809510449
0.45507459996878791
0.43375609208699395
0.54627289720955652
0.54562724077136981
0.54369827495520495
0.44904354849844658
0.46147842293052166
0.49011174698623383
0.54705509514944883
0.61730144211437277
0.52090877870331032
0.41479725558123254
0.48424526474425278
0.29696252984660609
0.53955669903164916
0.48798572653589256
0.49042276881001279
0.46240938755637984
0.57823395814922984
0.4044564879020548
0.44965890282746379
0.54135079368553329
0.45540056262361633
0.49831349849670142
0.59207137836946877
0.50302406191942206
0.39625614404806675
0.46836491053267154
0.60983092456700871
0.4667479494372298
0.53631169860754668
0.46760236875999156
0.51673428142625943
0.51465867474986382
0.51507702679295087
0.46573946231646363
0.57161468718551289
0.54519398807105535
0.51573439236908492
0.54467108763541838
0.45619778103299619
0.50096638863818543
0.53463563369283018
0.47314019897435966
0.3833071637364146
0.35643908881332953
0.46634940127722591
0.53508567008437369
0.54678121368985777
0.49548048932367972
0.47844788910788616
0.54357010317002308
0.54104491029107638
0.45284130287256313
0.41314903839455663
0.36094337494452799
0.5080144221195052
0.521297452354474
0.53249936467124681
0.46194580755867098
0.50248137817077021
0.58753368362915315
0.43651890572346047
0.52777018181976454
0.50068660963998413
0.47343338977406796
0.50727374040089901
0.45506948754377519
0.4674156266616537
0.46795073599966075
0.48331403122564576
0.48584089700048294
0.52255883578888573
0.5519769149353374
0.54354064698408722
0.51027493534750956
0.33932550520460997
0.39584562578400245
0.50036205767984399
0.56944687664867233
0.50496039460233777
0.46286879207213005
0.51673197995135656
0.52118528897704863
0.45454557461291384
0.56152050543146137
0.48468236548300292
0.48215168160124683
0.51558393060811902
0.51190940651535322
0.53847435228251928
0.49650617342328834
0.43711163220697236
0.38077512696399196
0.57881325298161612
0.5286827047174022
0.53708796181476692
0.47577978669372828
0.44207839553442774
0.55042092776511264
0.56895084125482731
0.50422565555373522
0.61886947425254613
0.52328806477189627
0.48944928135231247
0.51091748260561309
0.4718119860128116
0.44436607549583768
0.39629719780156547
0.46364540464603088
0.52177447082924588
0.44590623309078359
0.5181962811242854
0.45018022732881025
0.48313488879422462
0.47528781856122082
0.49730030977874379
0.49785389945852143
0.51961017666130405
0.46169747185650095
0.50383257310399876
0.47927277565874754
0.56458268190258654
0.43518216591384379
0.44219959962434258
0.52100840617157163
0.53343703697418721
0.56783531960410705
0.47835500129990494
0.47498957599670755
0.4863083349065826
0.60676358638413841
0.4463238223601928
0.52914981134618022
0.4962318824148812
0.37301333647188945
0.56478327139225104
0.41235429887444586
0.45283003219287843
0.49764310782046411
0.38431972036032208
0.36906939663760835
0.44727555471611719
0.53514775466775677
0.54923287511279084
0.48192811692446447
0.47467891213889563
0.46994687447578271
0.5302293922685104
0.5274098286147364
0.52645236566591824
0.48707487955481593
0.51826825046853342
0.49251346424409881
0.45330068582432692
0.54323598246254012
0.5311614111686852
0.52114213850374347
0.47373924183825444
0.55416602028194384
0.49119815274887418
0.48858254831770115
0.51806070678839755
0.47555136098294165
0.52145292044820746
0.55416080765521913
0.56403004500273157
0.50377581940364613
0.41478998809481443
0.46502710795976476
0.42180824192224053
0.51500220591196699
0.35847657711385794
0.40790973210064152
0.50729403640001181
0.46091642728202631
0.4840748279779673
0.5663206263854268
0.39598206901278921
0.59053824617910311
0.48906408543309959
0.53436422161671093
0.47045561560184668
0.50605716149837343
0.45175058434922155
0.4374099099461099
0.46012613519418544
0.4779923065122787
0.47714447565210943
0.58346289574878574
0.53181649596247083
0.47701871650665939
0.53475032831744396
0.49650608788665951
0.46637473163765975
0.47312321339802593
0.4891613860364219
0.58173615052162331
0.51294940566345759
0.48605857989839019
0.46212017376063536
0.4283959574496673
0.46380105672236421
0.47208581626890728
0.38983880259810588
0.4852432072624483
0.49744938529703314
0.56269761907730331
0.50572057181372188
0.49743787969264408
0.47124367121045435
0.50463242296050514
0.41307011261396903
0.55467008604307633
0.49608658604349443
0.51312639660471959
0.44495328546767271
0.46319662906475528
0.52801758806743404
0.5684806782844658
0.55746954158187501
0.60662233456992476
0.57672320241536279
0.38932183225738631
0.46530548749005302
0.43268085176758397
0.47020256950940814
0.52283347323678664
0.45272242194363238
0.52671102247021184
0.51939004734616334
0.58993541041040154
0.51472957177448597
0.39746493215906892
0.52286403006964643
0.47207807270343927
0.45908170966663975
0.32085681693003271
0.49107302489813914
0.56144396744283454
0.45989041160045885
0.49622076984795355
0.5131661591308142
0.44626885271495847
0.58245913790967618
0.48587868177626914
0.49497355443091201
0.49386502102740082
0.48009428513187286
0.50659206911589472
0.52157752485083353
0.49729476936875516
0.51021429710169042
0.51097812972715051
0.46355664870597851
0.44064292046648412
0.54150612278606614
0.59414900085553513
0.40960256183036264
0.42421692588421173
0.52301773294334075
0.54108703889088616
0.48836363983418651
0.49863514553486399
0.60173521503212646
0.55111695209951639
0.46683087164600168
0.45926622822014923
0.40935289577469036
0.42701436180995295
0.4827203656874644
0.55758805390335442
0.47197819064812802
0.50579059949022998
0.47659907821511216
0.49849977947841151
0.61293904247576114
0.50146446466497285
0.42450118624796856
0.52788060652680291
0.52232245335266569
0.4580586391363673
0.47565454695018866
0.44708829349822848
0.45057828173073472
0.50435748257009039
0.5248867363823847
0.5180706493030196
0.52977244764454345
0.45007804200744767
0.46580154739412311
0.43577159363392981
0.49512300875915227
0.44114201607183529
0.46837827911999935
0.55165093603056969
0.58562500549071694
0.50701796390423215
0.43228492868903601
0.56999760859358817
0.40553289466005454
0.44994472719776091
0.55466865961909284
0.52104417833365113
0.49692281363953089
0.42936497343172786
0.4494443506924693
0.43628435535079002
0.56092599321249703
0.44440932305350356
0.50264626894578435
0.54599851582167414
0.45455785019818723
0.46937993238785186
0.48922537976709241
0.45975696686415879
0.49704418938274647
0.44283870773356843
0.51871066775875396
0.52893044489142738
0.66798852030662537
0.54345667687442778
0.51312942072553669
0.57772756182135032
0.51171757656393879
0.50868019902509298
0.56775809966711732
0.50108765586781245
0.51079492214903133
0.48025153329984754
0.50640188026845223
0.51614374496064075
0.36264603167351961
0.42213002979182929
0.48534123851912681
0.47496055006316518
0.53830287626114803
0.4895137454254847
0.68860548483442796
0.51241245755701736
0.54365853403480124
0.51763319770721872
0.58962862805866778
0.49289704811263513
0.50441650745912359
0.39278933928566889
0.44365358529440613
0.67042807060293352
0.56426027921763877
0.48908114435531358
0.54405830330640159
0.50805521628500883
0.58521851982418738
0.48025129388307886
0.5305302769362108
0.56061580171062209
0.44066225963554562
0.46824483659030303
0.56108036334112255
0.60849249019697071
0.53604862965142319
0.54015833235173227
0.47628094096028589
0.49404230472863941
0.48887956192001536
0.43038308018386279
0.50648928649318459
0.50814868506019018
0.44103773062175539
0.51504914489338238
0.50870234418324045
0.52940459495921699
0.46937601196074324
0.41967165510930082
0.45116567951813813
0.52926191212661744
0.53493930732275274
0.5112199685896236
0.50279657830266244
0.49313984499683439
0.51336193944373254
0.51228818284289968
0.46002632483767431
0.48244269561346348
0.39066820515977585
0.4344132723566595
0.47175813079953416
0.56657571933313644
0.47982771319623774
0.57706694078084853
0.4074256872573781
0.54809459939683791
0.49859657574161231
0.55968284659501022
0.50800414919328674
0.40737961931667077
0.3714959776266738
0.27305737652334428
0.48946685689435876
0.48410746983176894
0.47299466932713946
0.63866107703669339
0.60002143766802518
0.55536618588470432
0.4027760740490644
0.53810239644924862
0.44260159038542318
0.48809759898267169
0.49922725598724493
0.35438310689356889
0.38707854329494995
0.60242356289968335
0.51154631913364068
0.52000995645797299
0.54163036637025741
0.46237629327449103
0.47153421214374669
0.53709882327930958
0.52821647730266197
0.60488016962736302
0.54244179079780863
0.40146497867021824
0.53353720975141183
0.48104326713474266
0.53294463238356937
0.5381159231242485
0.42912700938247178
0.5843854462899517
0.32969083761882328
0.49134629360533416
0.46489650300283725
0.52070045929399189
0.4722087532019128
0.60858015948724042
0.40542092725111517
0.43455765516508865
0.56045978362087223
0.5812774641393047
0.47818054001369503
0.52915887638392067
0.52196256049452494
0.44738528563913504
0.50617683311810868
0.469468905814866
0.45651585184549903
0.52605999899271483
0.4911311173438086
0.47213892400029051
0.47510384910853048
0.56752332560412877
0.54457904178992944
0.50334587738452774
0.45768516056015118
0.51712328002019525
0.48704049924217768
0.51581013136429277
0.54297074311910776
0.4708384977855713
0.46285229314922716
0.41787190507178779
0.39604747481010116
0.51552869647805155
0.45564881296845
0.53435855472218508
0.53661368395704678
0.39749093593488211
0.50601348634857302
0.54181257134376015
0.4947544270533723
0.41793055352425218
0.58171112788478185
0.46363166742056344
0.51418819369055047
0.41965979963645733
0.49688909814107179
0.52119385116574779
0.46695447576915455
0.48598223636662341
0.52619451215732671
0.47565899900102498
0.54302002833771446
0.463199304564477
0.40315739202467782
0.43825511758509367
0.41243230957131399
0.51243734636772886
0.60922114833556007
0.45168466599004858
0.32206798364889339
0.50026449390864947
0.47852842746559271
0.52117693602515902
0.34973248500728982
0.42982678980381622
0.53437146680186465
0.47503943453608394
0.41419607527903518
0.41853499571408931
0.45487214249968616
0.44352840703403523
0.51928550199433021
0.55729136476860663
0.44800501779236135
0.56656222858488847
0.46524637658859314
0.58713933277673858
0.55580326692355964
0.46728362791562694
0.53621289513091985
0.45975845110600316
0.483151154072122
0.47455514523212872
0.45764347798668165
0.53067753638106208
0.53199111006529487
0.48631386729365406
0.43345989098183441
0.52045173847571813
0.43831671896956576
0.46016014047071357
0.52575474333035543
0.59251454787979452
0.52340781922266877
0.49895747245523692
0.36602019858582174
0.48923739180500203
0.39505889324718352
0.46801115418579398
0.49212478653036423
0.38085557356642963
0.48672951856873198
0.45364353558927867
0.53709390470546448
0.48122492328312283
0.48807349671169836
0.51151264308684141
0.42003281100027945
0.55380288667581745
0.49058823391206335
0.41851702594952911
0.46932689423550233
0.4800908838549291
0.52768225316568118
0.53252776452285777
0.51117304906102801
0.49330838425262025
0.52063283545136874
0.49087838383110893
0.43995289935263038
0.57426803235683876
0.54263855621195378
0.45303074692388068
0.53598264735331302
0.34457050540009149
0.55387675214164889
0.50720150143825726
0.40766261861200986
0.42207838194027747
0.5447183187946224
0.50427655095638424
0.48428276714316343
0.41057026879532565
0.45214145977873926
0.42299196701489794
0.51023118289577529
0.45049328591182369
0.49688163197681839
0.44704238689956211
0.44168250760491384
0.38801457721823096
0.47131272233135912
0.51153100438803845
0.53006333042938369
0.47504528764441972
0.52421317387613564
0.50922086136254852
0.3927844698433407
0.43467197341224262
0.61676335581829256
0.52811984582210114
0.52302970682413319
0.44208486829126037
0.5762806999078548
0.4519863014170834
0.57244911100093498
0.57178591212184682
0.60584755916383692
0.51471625131952026
0.41552454450441906
0.39610956881029552
0.47181990939899077
0.43647861068650157
0.45114434925410563
0.4980264302033397
0.61864042962896337
0.37148489461751955
0.45806731995539518
0.51776295604499012
0.5327610559574969
0.46593342689197675
0.45819194537932206
0.51874260622876167
0.50978818476392762
0.53121382149620144
0.52075203391675073
0.46000904136342402
0.4767581020312292
0.39684978120558123
0.45377675955439556
0.5248831748952798
0.58815450881011888
0.52002823154167455
0.51067505207825914
0.50133231305952519
0.66723166482790008
0.52788625176245485
0.46194308758095209
0.52701952003367258
0.50240294523798545
0.49595557859611489
0.41808896806572682
0.38438254229062802
0.582408033973702
0.556485533354936
0.59779864135943994
0.51384617760825224
0.5451343356547812
0.60814889529119276
0.51444302904757011
0.44471811150588664
0.48589851739149764
0.45248906754244544
0.50258471974084107
0.49556294532111933
0.46110665094500719
0.38931373112868178
0.49857992409117824
0.46392571333202925
0.50208627533916195
0.49294753789591172
0.52665451529836282
0.6055931380714662
0.5473996998591194
0.49723496149639562
0.51138446046643238
0.5549612204376283
0.51781355300327425
0.47453203872779304
0.46305176659855468
0.49702653621917298
0.50051977294646133
0.49261376022346098
0.3526649695642195
0.40065346192659701
0.51972369706828014
0.45918334021613277
0.4959625058393124
0.53344321178507248
0.45186811468681193
0.49179386364209676
0.48882387827949608
0.4891196107180189
0.62031238644915754
0.48667699755289984
0.463023414530286
0.47109990670538415
0.55061223332375908
0.48744614709123707
0.49451665249288673
0.50486994198913626
0.53470379341687102
0.49437356240695468
0.42435772446052605
0.51274676877604797
0.51418806728232758
0.50779919553893793
0.44454307055085474
0.45861958891442645
0.55360926018359402
0.549409523337272
0.58045282375232687
0.47241660715888556
0.4759507467657817
0.45629902348928059
0.43921084813703903
0.32406800161070415
0.51468670860074783
0.45702643590509551
0.52707509543373199
0.53417985957268943
0.50533936593097639
0.49165476148482035
0.4902025125308207
0.4934223648092142
0.51582486051556087
0.48514457693374979
0.45316918788124622
0.48557889840991603
0.53309604387100551
0.50752626476728413
0.47664579658935746
0.4880771556804131
0.38954412822369772
0.39734162333497924
0.42879071791122969
0.6002217521062716
0.47695203112169698
0.52351521992001415
0.38617192711666981
0.54805323225049973
0.56300830433909577
0.52807044422263105
0.49219213409390367
0.51764427749853947
0.56195761721490856
0.50872798188327095
0.42527516166927432
0.44235865106606176
0.44420069650007804
0.57793491405131703
0.49664653690377325
0.51565180611503036
0.66206949754505895
0.54325707995709127
0.49931447310577109
0.53360746709088824
0.51171701163685179
0.48172352298540622
0.49245565531149904
0.50722779245895677
0.52940936120372972
0.51518110961022223
0.54787476338237484
0.48678133164120863
0.51916170885112312
0.4563298799139629
0.47323896142935656
0.44535933410285217
0.48579886337068445
0.5626792811650061
0.55051231338034667
0.49519431008398307
0.54323636655404983
0.44223653549936959
0.4273450936087424
0.51547829480292306
0.47421240840074186
0.46334470831433877
0.36042559480152753
0.44466542748595811
0.49186451069192
0.51692988886556113
0.55444443474525673
0.4850027731413844
0.57651302537452176
0.45834645987005573
0.3758706798706028
0.4360893999294857
0.49814132787168036
0.40837834949400509
0.47209689301264002
0.59402383692366256
0.50357323767042339
0.42679402176972492
0.49561044210911015
0.4236210803115365
0.51249844770122832
0.49413326402819502
0.46924397747102392
0.46656107782567796
0.44230202453733403
0.47444055370667682
0.40613749802176458
0.47020110047237729
0.42746563109511426
0.52547539677402522
0.49675656345249047
0.47021818872206433
0.41005454695632948
0.54388793350733555
0.39393315174577836
0.42938217837703785
0.44970390259902515
0.52931923685224436
0.38985263811740672
0.37288331815406495
0.51931099995377195
0.52695216883189455
0.47415818551526517
0.49646110382990005
0.49480140225780572
0.50715218796042205
0.51497637244948569
0.4666862077235725
0.4639744707613927
0.5137300124688815
0.48839495567635649
0.47965883906239748
0.51458801233686746
0.42435674782829619
0.51714064868306397
0.51008483811616345
0.41374338488220991
0.42942366999052317
0.57485411464935454
0.53467844749502691
0.48988097166709776
0.5528544983881678
0.44677954682339954
0.49111496263536597
0.49075150742425427
0.4327871870827783
0.43959852393729637
0.34401452894121604
0.36702900573469077
0.60607576190809853
0.41038403054520473
0.63080170868647278
0.56009674581843538
0.53281717318352151
0.51671915206564334
0.48124780252094906
0.59545603802996072
0.55802673978262185
0.48188575080608675
0.44864610064364957
0.47753977963472877
0.65546295681442601
0.51200116890751668
0.53012011736815279
0.45719929250074032
0.44550342769197543
0.5034202725103224
0.53492164627184879
0.52905527063245672
0.44304300405019403
0.5278611403597474
0.50337393903796568
0.53190706557835143
0.62651833271067903
0.44766665709966424
0.52359635645395608
0.43948508868811165
0.45582115992019073
0.37884991337800544
0.41348881690595379
0.41233302403203492
0.38593860600214591
0.3216083420316096
0.46713153156159876
0.48567520717275064
0.43858980685344501
0.52185258192622697
0.53254862052284702
0.53310545312495727
0.55701730857870824
0.34397647083600458
0.54196683329223749
0.41735695018663344
0.29552916103081917
0.44948579447897774
0.45044673138030583
0.4547403404396313
0.39318254714484535
0.36076304784746471
0.3418553455767333
0.35447630061536828
0.40907365234386978
0.45092982477344418
0.39375644874744886
0.37467765995883601
0.51866991408212149
0.38512744693752354
0.43503692270402944
0.40120998319148127
0.39257980646822832
0.28821899984949206
0.42530122326189135
0.34561184064230432
0.52514856466283399
0.3925454791676411
0.43583226547792414
0.36111979422218926
0.43441721023945018
0.4045929322656639
0.47264315804947288
0.37165030431912754
0.41803899860105431
0.39854803542659684
0.45053707250423564
0.37814554747163831
0.41982158137200815
0.39146555288419593
0.40370440010433778
0.48730838913857255
0.44892151971261207
0.36823281249418222
0.38084051634370675
0.40356214032269344
0.34232947392567131
0.46812347081576511
0.35112355056866912
0.34372778298023965
0.4905152508855779
0.42106782546026622
0.38151333480752891
0.39556224090904346
0.31251374585478747
0.28996152935129182
0.47909648862260701
0.44441555218871986
0.48939388765374575
0.45876764037018525
0.44639325617249059
0.49934338984523668
0.49199566296592145
0.4793220255722459
0.47170918591024907
0.55420756934810511
0.59078614084307834
0.53130492615222191
0.40476843651702116
0.54321377098853096
0.54203295923487216
0.55544605332508701
0.51077880556891286
0.48737362877315121
0.54724513183183232
0.51141203307462735
0.50153332569667697
0.54046492629149367
0.47353837677328692
0.4959200519669808
0.48495063496442486
0.56074814430085773
0.50242583400076313
0.5732746641408516
0.50244247042259416
0.57217084502601079
0.37381290011118085
0.35935557877478069
0.45502885910998286
0.59106049496792612
0.47449819571731161
0.46083816059166588
0.4615429487701741
0.51004271893957021
0.52115792047191289
0.46002732619265907
0.47860623998866048
0.490434723744398
0.50470435308457628
0.54631743251509302
0.6037456020004669
0.50206507199200023
0.52865139161161689
0.45608197697312775
0.60241574339762893
0.41878558790422926
0.45900145419989474
0.46316586720877678
0.40351660604306638
0.53425882011465908
0.44682884800940914
0.45150238678376414
0.49810208541521211
0.52405354760449996
0.484257980226312
0.50516499282469041
0.51894471257193642
0.44305188007933982
0.52962275850615104
0.40483903290091999
0.52633249584759456
0.4810399097948026
0.46186692374441274
0.54937559040166994
0.50940550774099402
0.47901943602054248
0.50397869825127317
0.47582877600750989
0.40814306325726357
0.57860789801933177
0.43499147243854003
0.5747821787538786
0.54072073121429576
0.4643454481260883
0.48496244770444885
0.45223385559102447
0.53335467221777655
0.41907042321994059
0.50874207123818183
0.5031411663862625
0.55331649787719994
0.57325878292091514
0.51671357801563289
0.55385171036370306
0.50344177030458881
0.52182929184660332
0.5299169116909207
0.50770529897557881
0.45453883322849964
0.45272745600382724
0.48791346997816309
0.32995610490128258
0.43937337922440189
0.48237382192625633
0.45310873842807559
0.45900883016817917
0.55108304213548143
0.55387000827643518
0.49398504749162159
0.48880383229219471
0.51127343497792921
0.48130825253880916
0.5266062343469492
0.54876798795936621
0.51139966366192069
0.47212621622950851
0.51778667298189618
0.54381786428955825
0.50666934828281185
0.59591837279654647
0.52730831648114918
0.56494764394997898
0.46301088730089496
0.51772254667994166
0.48899931284438425
0.40058008894024744
0.43718416608618116
0.48948310818663371
0.53905927765632899
0.43936667696318193
0.51008474587954955
0.4987101952857696
0.47029839614089819
0.38141220674645343
0.46626933528111708
0.53943327707502076
0.56540082424362736
0.49366905988320425
0.4638050550600602
0.54007157383145021
0.49625627897332714
0.44973418055569048
0.46377621330247759
0.52586766495697634
0.53211858178138483
0.44529218172979829
0.51954632754737362
0.47674433023012452
0.55146097010142769
0.53031027154824761
0.54854442431699479
0.47604396873359539
0.48956017509315264
0.46062266204269509
0.54933890502381344
0.46429404938775715
0.5259300727979912
0.51500934810477095
0.5103147730392692
0.49129980595464073
0.54645462603572947
0.48712741760424921
0.38233517307762138
0.51256239318298391
0.5324192190987328
0.45093730348207256
0.44458479418127539
0.49278943329935337
0.47425143714956414
0.50974657178224436
0.56827703509489602
0.43137925625888018
0.37178805552234334
0.48201740502807117
0.35059544548490812
0.43157985051868708
0.50991414747366459
0.46294601681972758
0.56345094509964599
0.46403114333518969
0.4828740029256402
0.57623244909264226
0.50477751019749229
0.37212763150463091
0.52899411396400875
0.51021333871380281
0.43480369033501542
0.49145743682236509
0.49260482164670277
0.48189517857909947
0.41995594476617409
0.51123721907236719
0.51972668068657524
0.54512860091545412
0.55908649211070782
0.52530825644330836
0.52840147718731734
0.31934769081634112
0.33722785734679561
0.4109741339870423
0.51212310888939983
0.45710803783104836
0.54222667172825778
0.48005311506237502
0.43358312652524239
0.44373020684256126
0.57022533992034397
0.43654128828646865
0.47214206566174421
0.43690984262800331
0.44924348355303595
0.46533124560618122
0.55862472565009647
0.47911299684304831
0.48463324268612396
0.52384806249568627
0.51650982536425971
0.53144243592452955
0.44691177869920756
0.54815480064327926
0.54923399151413377
0.56342110126628642
0.45884857201965301
0.54014007185204505
0.47601216728790374
0.50116991062646643
0.39464740786823066
0.46059101325131174
0.5168172673919027
0.41570074754858521
0.33436153313575362
0.52860703986061863
0.57662829872661303
0.48157124046782879
0.54227367671056192
0.42961720336544262
0.50867048604840326
0.51916772156957181
0.47401268866555496
0.47531144174554329
0.51333465048382632
0.47695952962738725
0.49685761602952833
0.5170350200187479
0.43359471464668931
0.5653550382868554
0.43312429079260206
0.52183866276016677
0.52140728826754712
0.42595104915269538
0.42667128920256664
0.54668386695759685
0.56474738689441739
0.54631746880161969
0.47504683172205053
0.51892095634151747
0.413898228519338
0.46095660833281443
0.61462664014145096
0.4920237069494553
0.62271549299215634
0.35164099539501237
0.34673421114628838
0.48387624096725523
0.50003692263054811
0.42911402336533894
0.53752013703489065
0.45874805750000242
0.51850062043293943
0.46939936877576466
0.52021625782853154
0.4407747642891891
0.50222272159208348
0.47761736327911147
0.51095004016450662
0.49339822604698325
0.508014194792206
0.51625422538875843
0.51687700581414953
0.50936696958149097
0.43705634660869391
0.53835328036020058
0.4393013237356741
0.56714689554613229
0.47149911969442887
0.43385490562634965
0.49879469217392869
0.48242307632362785
0.51971873830196336
0.52311771287908326
0.40140545133254679
0.442448007391119
0.39454170330937099
0.45025455469452563
0.34094276240852806
0.49667040827571524
0.49828548659462724
0.56254989178249959
0.49686435483824393
0.56510792626168993
0.52675617852308554
0.40030417303708205
0.44844408875463004
0.47134874383483888
0.33259954463624219
0.56616196788316175
0.54028848273610053
0.35909364853574116
0.50708695297827988
0.38160285006202849
0.55682831180292591
0.51947745006942059
0.51000914475810455
0.4506893378778325
0.55331484696306699
0.57117765957385547
0.56728365257086033
0.57125607946255141
0.46209540579565966
0.52602187191730054
0.52094261982012124
0.48620314916933566
0.54780349140126128
0.46980136015247675
0.50924404507556287
0.4544509064737422
0.47918912532347779
0.50010940791033542
0.5001614270774849
0.54586085171237875
0.47229713951914493
0.45419855816953164
0.52968694900603641
0.56291129370068127
0.37763000038482814
0.47502743906878425
0.51815258364380157
0.50244526376244225
0.56690940822048252
0.49568679670428628
0.54442708766651104
0.63963627716633298
0.51581142323247897
0.43913899158031572
0.4899744669311763
0.52943945245749813
0.55887309480021519
0.59824556616970925
0.49455790979794895
0.47514288949239991
0.51408834507991219
0.49088955500184844
0.53286605653534502
0.50128596083731369
0.43727159856505859
0.55160482239616893
0.515244772589736
0.38333259933796943
0.30083602895543332
0.49084578931261991
0.44023033903400671
0.5429844699393952
0.59051354930836175
0.53581466722968574
0.55214570224726145
0.5512317078673391
0.48569877826080937
0.41111629471500172
0.50816625456537667
0.44198217403178941
0.4173011894017537
0.48056209572367753
0.47131957607168851
0.46326005106251178
0.51186817863281586
0.55144754044484168
0.49656325866384832
0.50309240872515015
0.43052348451320455
0.47622512614733808
0.45399569649843624
0.48543077694627196
0.52436387753449576
0.47246446612881354
0.56839693971576
0.47999239812847544
0.518695452818139
0.49503485864544544
0.45830037638062038
0.39343308301970142
0.48037074389810119
0.56005174304163563
0.44879436941414041
0.5017759807892701
0.55986292521044134
0.49340311226406597
0.52332415596814197
0.48200454206756815
0.38810893852602163
0.52284261398867771
0.53604045993663141
0.40813871298184196
0.50621481350421704
0.49911488982271279
0.44147481643109027
0.48326870865641475
0.52033700483496992
0.488494186533113
0.58152094761459616
0.49864977569301944
0.54798417197474203
0.61674750148475854
0.48543308451407241
0.50376667651447549
0.48181474482535791
0.47014804234820179
0.5357678526775268
0.47319502605924607
0.51177154660686031
0.52184397713467956
0.49038143011831142
0.3362466695593147
0.36981703220170009
0.48012312649613093
0.3924909477368248
0.4937233443932435
0.47279492600880413
0.50032205392440177
0.47028731828513398
0.54919363127323229
0.51500168942134927
0.47150710961821957
0.54844321805312146
0.48421225403605894
0.45970673162004339
0.51044063776375037
0.5055744649455477
0.52572467087062247
0.46927401827687476
0.45167283343400627
0.51741664019879574
0.5630330104331206
0.49798313222734464
0.53312652217949286
0.43254618010056878
0.54441909742986172
0.45647115268845195
0.36780914686608474
0.50628882037367295
0.53590203899392197
0.4899383345388007
0.54041595772736495
0.58140643051007057
0.50382499318972795
0.42474199320765615
0.44147708910298239
0.32646724797578863
0.53920100378312519
0.47937944715158537
0.56684938446494915
0.55147771323909656
0.52784839194621003
0.4854947129717736
0.52078167628279615
0.46168416571493337
0.65648674119005901
0.43381607189425497
0.48075328698616898
0.44299173461114816
0.51485772640542582
0.65325508893315243
0.49477402196224429
0.49689473125256456
0.51250581280212304
0.48267022881129695
0.56391593841707166
0.48123287384605967
0.50155643127610761
0.42955466439423051
0.43980541871046014
0.46926720868540878
0.48157119176825686
0.41015184145585398
0.52999830509042367
0.50978469188766962
0.45213210806839849
0.34313804862399216
0.43510807165650284
0.49430745828782813
0.4986109962695302
0.52377224959833035
0.50842915328685589
0.53816279282888946
0.4933984090362093
0.47678852527545734
0.4703272242790747
0.31281109351764863
0.49292912912744224
0.45119713700039371
0.54400468941065661
0.382090254655166
0.53630659813893033
0.64091006666989569
0.42549717409440257
0.45889786617428691
0.55709790559012895
0.52832681850530583
0.52837046755518846
0.40600646794225709
0.36970451816735539
0.43750276161537416
0.58120169563131108
0.49250480164285548
0.49014350467758316
0.48095187457389543
0.38919003189818741
0.51821021327805494
0.33899572011143286
0.42594060310593451
0.47053690319386232
0.50291844195180557
0.48298044822546354
0.58215450534674718
0.55868486251272542
0.5092224857126797
0.4752327938859563
0.5821343152390156
0.54005596187470983
0.46658147349424983
0.53600209776259278
0.52048939084626133
0.42341875975727539
0.50290924065001386
0.48657514123841394
0.63797644197252845
0.4670855091083409
0.45949828104942569
0.57395957384402374
0.52461505600348446
0.57545808490470496
0.48368661181063088
0.40163129195489283
0.54601922897481558
0.54414274830026577
0.43393426288128006
0.48677483063512528
0.48683253981470437
0.49725110897560709
0.52463927160673729
0.35518413415796679
0.33421168854189109
0.53037876890525315
0.70650958665921049
0.52041353971806581
0.55063499496694168
0.4937486060684283
0.54555638570821541
0.50390558765437388
0.49353331309939674
0.51217274566175575
0.52482911834171431
0.45314927424541068
0.5572930408472494
0.46094166124359026
0.46875692270896097
0.51260055711551256
0.52769738005919298
0.37127782486022093
0.49686124547121963
0.52037036249765445
0.47936522523561309
0.51299075540294647
0.4716464155561309
0.45814532866947438
0.47735693088525627
0.52501989693490647
0.54991316459669104
0.4834894481807494
0.44818058340113637
0.45642596816784498
0.50584165255937508
0.51474279390465483
0.4262591240652675
0.53024377608726858
0.48275005556919043
0.50775951085076643
0.54458670957397248
0.43264898550268205
0.51839693028763967
0.52749270391710423
0.54908933491889411
0.50409803770683204
0.53132408486172955
0.60348081462322911
0.52247964083554954
0.49920342840221232
0.43903303129671861
0.5202288836890383
0.45633264949640095
0.51987463893902608
0.47474534611682578
0.47352709013788774
0.53425197511775135
0.60932065817419412
0.39698037211670595
0.44635981080156573
0.54827312345758372
0.51909489457251101
0.54561753791094392
0.39951544214759332
0.48868888718357989
0.38890136270615921
0.52083477128020328
0.37916813542810435
0.59835083727257188
0.47098650495332606
0.49608818120119336
0.54568551826835143
0.52217053177881789
0.4954791439058
0.53771002883992169
0.47870060694282573
0.45498005546053677
0.46486913316504902
0.45474812583542273
0.57465326858204835
0.57221651608659374
0.50028904406111441
0.49308454871357954
0.45470696323260601
0.61823851842728283
0.60798823107559974
0.45970812182774373
0.48278476528688308
0.58629861096973945
0.49913229037259027
0.49605324278542789
0.51670142353696058
0.56641288108453314
0.54166279161588227
0.54742887516009719
0.49408517833680082
0.48878189322986187
0.50920807600488349
0.47457031438407871
0.3113693018214288
0.42086099946784911
0.55770080889288765
0.52303076292366135
0.48877839147026186
0.44155637928232183
0.49716855530629084
0.45009739159747247
0.46488340093591984
0.59183882958856171
0.45003715308404046
0.51150116761753284
0.54256465569910128
0.54741328912904275
0.49061213680638383
0.51375440090610414
0.46931234629193302
0.52923527407922577
0.5613243134795064
0.52771766129991593
0.48748018331600274
0.50606037897933187
0.47613856937607452
0.47156345812470929
0.5620025837591448
0.43528556449285444
0.3636503840550489
0.49985096310015759
0.55680211191446372
0.48845412780957914
0.44754701333358815
0.58285473747474603
0.36385128172915204
0.44640177658659003
0.61949677889857502
0.40920958433323529
0.47676976823849521
0.49180256744136613
0.47966937367045825
0.53812070974114246
0.51991582594427843
0.51486044481776871
0.47259247513051539
0.5072768230478284
0.50169555697169421
0.38606530689390856
0.4934939049248202
0.50890701765207402
0.42060133034646807
0.49048893770391933
0.49358190983051203
0.40596306101378205
0.47478663080695804
0.48943093206926624
0.59206978124693066
0.45813824854812879
0.53675648840579437
0.55171230945343641
0.4313854401508207
0.49420986760114699
0.58816073689351733
0.53543274393887375
0.48907569926814076
0.50331447453094313
0.6061152329787296
0.46984362045727801
0.38532891908156774
0.46622267243585558
0.4197000816970553
0.41184904993489851
0.55784498493970536
0.52037659336739939
0.52825448461684255
0.40835344226118125
0.54033916681315663
0.66356314439186648
0.4745740300887985
0.52130107842945761
0.46084633969943906
0.50289280024669525
0.44841638818457491
0.58808238814045954
0.53300252493039868
0.53595548611865818
0.487898466533775
0.38203970022624301
0.53670928009596142
0.47674897079109918
0.48324821166933035
0.57591382215303166
0.56284754533557069
0.51224050624251261
0.50291327721594936
0.42410475794801383
0.36499304622876866
0.39501629005567079
0.46362383146410424
0.34556075786700724
0.59971165754488498
0.52333775693835083
0.46048162054218855
0.50507495906535738
0.50344099261985442
0.53040149892287269
0.34666471319348657
0.53493974529964994
0.50953934418819702
0.45175525505718206
0.54951409930334372
0.51008099992451761
0.48528809432614761
0.50115281621908292
0.49389818128687796
0.50547585449639265
0.53636089702452183
0.613997186168321
0.53084070023935381
0.42858805909101766
0.51024255143334152
0.51022337531670758
0.4840248707808979
0.48118692417228254
0.49647718955082848
0.54079805877514764
0.51057303056689118
0.55051230924830341
0.54990036343681858
0.53667103688107787
0.47212358729825554
0.4302423948095872
0.52924853994175458
0.50609982533233211
0.47424509188674913
0.47823172518066998
0.57782658983037627
0.48861504947889844
0.50679296487845971
0.46410106295735049
0.5010719638245249
0.41616784495462111
0.4688306897110317
0.51886490918300721
0.45848168498780112
0.53070307055064936
0.43002527249899453
0.53200343314555798
0.5199616327478277
0.50621846626848033
0.58714778869164397
0.50703593402534852
0.43860731284633009
0.48537445137078233
0.45712997047841908
0.4495022986610559
0.58259509001295939
0.4259972112474118
0.58858261113657095
0.48658979268521724
0.49306911039837248
0.43278916105000875
0.33578603343712882
0.30403123857889552
0.56823774610997613
0.54567221165973612
0.48051228017060871
0.52563886616367794
0.46482093325216206
0.52326475502341563
0.54047487438995101
0.5014882231725114
0.51860649039950202
0.4354199201541834
0.54311793429447197
0.51229571602833113
0.51144978764944105
0.55629412005296863
0.52042814289854655
0.58455081746595938
0.52618085572392237
0.56644466313202357
0.50676102769954356
0.42535766788685092
0.49270190260130103
0.49853804880183272
0.43986989661079429
0.47248794678696626
0.44152059555559903
0.48471146240429369
0.49394026359406096
0.508141173629306
0.48020346258281027
0.49052153634961948
0.33598274050197141
0.36205153791456895
0.52792368363119413
0.5175304974805327
0.44216657077299787
0.5308554145497365
0.49452526395548779
0.47695272650579612
0.51051225658406663
0.48113414375660468
0.52796411952871947
0.5828945700879149
0.47522369610891441
0.51441852867173044
0.51864507058944531
0.56292738548428223
0.46792040462829942
0.43999600789600973
0.57911689860705251
0.4926104261521112
0.4727222487531812
0.57461972031688824
0.56367402376396991
0.49840670634092904
0.52010394244984792
0.48327256623437437
0.46098019890874292
0.4610056121820818
0.44521037778750677
0.54082412595129226
0.52491751406477627
0.4078425596074513
0.37997417395494082
0.40236226509503853
0.49601097650735165
0.44813363886074231
0.48415391074658165
0.44925934677885548
0.45522015685154266
0.51566204554876793
0.56230564852662568
0.65647534507395189
0.48960935384460808
0.45329319313467153
0.49230229080697008
0.50206478307407876
0.46274964331797935
0.45047132425913367
0.49267132930996571
0.4967829995033135
0.66560365116190257
0.5209312428393752
0.59688822809544539
0.48595382929143344
0.45855816369962132
0.59445000597252251
0.49715847643030436
0.54638453169291434
0.46856853627687284
0.45983316006688013
0.51216096736016192
0.44164702478801676
0.45868129745979774
0.46162628200769301
0.42830389746238984
0.36826240667640275
0.50910274835167157
0.3610252530739933
0.50102634441048921
0.59529653535225069
0.53172988789858289
0.52593407644230661
0.46919681158378101
0.60229083361941638
0.5171585837023831
0.52653152162132566
0.45368461806177995
0.46782081279581572
0.49069606700894119
0.48360673088879869
0.47867759433982709
0.48400652204099925
0.55927072583182569
0.52514584101059913
0.46211421779589068
0.47744546466059823
0.52038619911301498
0.55272057632394034
0.55003788132724851
0.50779382548233132
0.5124384299760214
0.48411069077464275
0.45123503539871357
0.47039324004743005
0.49262335418733894
0.71896223468372067
0.33062796765130154
0.38680207046904547
0.48774680633400674
0.50179022475371271
0.54961507225346162
0.49969569112834128
0.46089870507720609
0.51951065026756582
0.47552281629343573
0.47334163308669375
0.51953581139465532
0.48635546684333808
0.50353869063869328
0.49900976375413914
0.59950753635178378
0.5299709281727738
0.53427945327878823
0.56481985841519755
0.50214849363408665
0.49471883293474339
0.50292091815500739
0.4465053547972771
0.43631395650168014
0.51240570866458568
0.56403213741433145
0.56473511549013777
0.51587980075937201
0.51853981436809438
0.58633855852095651
0.4544997786040158
0.43367091460359392
0.53308975941564574
0.35836820651028151
0.33143855809375783
0.37286230190594094
0.38303132463159478
0.5981646222858138
0.30320594836742704
0.48715086515472039
0.32726669784023948
0.36487577917809694
0.45307811580264634
0.46222711542090822
0.40607873266843486
0.3344934894638481
0.41268927204563172
0.4150478975567316
0.34009587329862023
0.38517558661503221
0.34927913513743192
0.42568420257447981
0.46258146142744094
0.36076341051639799
0.42746561462940647
0.42612579557304497
0.42665713820306994
0.36215881075384621
0.4781214645767573
0.44548768683554585
0.41473621976582925
0.49939757174706662
0.39759332792874968
0.46954226102922469
0.31902138243156003
0.58228821120151097
0.51873985300621483
0.40890951676105347
0.31245380490011254
0.37347357998060193
0.39837362270109611
0.35153212409425294
0.31989472030719257
0.44404349045752123
0.33577822586636569
0.43709110478719776
0.31843640889086744
0.4351616949614654
0.37847832362344663
0.42557548154898139
0.39879034606754626
0.36874517170537929
0.46751158534545728
0.35348113997847452
0.4110191490197494
0.43897742119617256
0.27407355328417843
0.48099280654847554
0.56128047951226034
0.42177380390564495
0.40398667043952846
0.44538844456951587
0.42094167594175391
0.40038003814793766
0.36322930912939494
0.4016698668351954
0.38985386308642772
0.25630897949155196
0.39349753845202556
0.59887182437968545
0.49443462049213743
0.47698332246991204
0.51078204998269572
0.60389682273419576
0.50399241638717229
0.48940226614861249
0.58890628206031193
0.56568967022166705
0.53231852509175925
0.54557870697895394
0.61207362121646558
0.46014798719047989
0.49655172259572461
0.54213134985215605
0.43852880244289905
0.43951251349598963
0.5216497500050693
0.52034353563485858
0.61973790902632442
0.44882666631434548
0.5117321617585161
0.48210096776949501
0.48439299441584288
0.42198673150853133
0.47317926956944867
0.5155376088691328
0.46630045454758234
0.50499730191497227
0.46238463014027897
0.36460037527403499
0.308812215470258
0.45907872140071371
0.49890111776048185
0.46667748620650396
0.51496441801824155
0.53565739891199804
0.48054607597382193
0.54557204131622616
0.49375791186813078
0.38296766761346873
0.52281930027152779
0.49000801382760056
0.44661997331274716
0.50393602234720147
0.67406927184432808
0.50382270101082693
0.55711880206809528
0.5572089055506414
0.44743712206944153
0.54003318107883447
0.47044884160846284
0.45867619171118762
0.54679283131779011
0.46973066697108479
0.52374082943829692
0.47317567207457967
0.56593705854788834
0.5505330085271456
0.54932405738199519
0.48752101156516986
0.60405013627391069
0.4472610496657059
0.40968487066172887
0.50716045224579775
0.32231256492869875
0.45460347891229125
0.40725153074649995
0.55645935847270889
0.47568979275238782
0.42076160950426467
0.56970367595181226
0.47623376921005167
0.49530339807790985
0.54140364756357273
0.58225039036716897
0.55345780350907103
0.43829573399138855
0.58051024004271801
0.5508691797788885
0.4947095683089166
0.50863613690792653
0.44460051247060284
0.45926171499943486
0.4860793674631908
0.47386567255845552
0.55360056197409546
0.51492020902447333
0.46944685657966867
0.48346819909974259
0.42055886386770841
0.37553398038373392
0.46879999815902523
0.45261331751216893
0.34371582652708582
0.39949132783632535
0.47136311194328817
0.42709533605575822
0.35933744786620714
0.40208983762155648
0.45002498687245818
0.57661311003316251
0.46445488479596181
0.48462567867993117
0.51042181778928208
0.53085978108834164
0.51860681671247577
0.55714052278055493
0.52126384473577481
0.488580069203853
0.52042950877365068
0.36871593349190257
0.5095466908338725
0.50975752538824093
0.5132834065255989
0.62036861274265731
0.587133335408077
0.58723870895748609
0.48276781239494126
0.39131224286924821
0.50933211424549196
0.47120530437665797
0.58657397326884675
0.54694341166433558
0.51964356533170464
0.51001532432692309
0.41788103332197735
0.49238316974386742
0.41990513043075273
0.49343833305325574
0.48558132230123874
0.49254246701732896
0.55083010945115862
0.50315412687529792
0.53067032649815415
0.34291578888364355
0.42872776466732027
0.53932291146723554
0.48366041535351439
0.47785029077595514
0.48898082877105375
0.50394752406949439
0.56332943643847688
0.53904534807036819
0.46825322826497251
0.52662544291953661
0.48199648452619159
0.44269982919204254
0.49594197294510184
0.40279601766857981
0.44250740302938707
0.48499089395915579
0.50381781965104422
0.5514588338077594
0.47356229518511028
0.47912696365008417
0.46671400269559893
0.40687998501862116
0.50534991492975079
0.38388262019645802
0.40945253352817795
0.45464779696427066
0.46837093530442248
0.46079269449486276
0.53794765886186835
0.55260017571696074
0.48020531833057822
0.35792655446436389
0.56659404476377928
0.5551134769952385
0.46945252725280351
0.50703077304966304
0.48299314285700434
0.55190699644213503
0.45603645230461576
0.56789580489141278
0.47999838628437169
0.52787704669229052
0.5005628977841855
0.4269154932809538
0.54164896706412424
0.47483450189061449
0.55667284409125917
0.42397788520473123
0.5324272266336314
0.53818780995703508
0.69046226111885689
0.38910431217730129
0.50780547750393268
0.43410159907871315
0.42444359619505895
0.36737141472764251
0.53091757943212492
0.42361830614921508
0.57878054032898729
0.39090767857029529
0.63202833737372133
0.50684351611583112
0.50527549489121604
0.43324168577603028
0.56084610234028798
0.48574034569689051
0.44542306096813877
0.52131908602051225
0.45703352703578315
0.44708840496605035
0.5499380209429422
0.51213309300557153
0.47909450585290381
0.54288070600171667
0.48635982939714351
0.59280968872663342
0.32159437819273723
0.52282736290372289
0.52586498108481539
0.4787213186393135
0.51233674287570796
0.4344677277448199
0.38556909167444647
0.51805660022969968
0.55627075070926912
0.45214695675667954
0.42319910839923308
0.35262731311127482
0.519432585068068
0.4418136258550206
0.51541944799218742
0.56012618272783232
0.52210358371533805
0.37745836364382968
0.53268497873625509
0.54598270304984997
0.33864225257056846
0.43804020640422348
0.55484635945449279
0.46863856973588525
0.5345361092846288
0.40140991319179803
0.46291697408289434
0.51641636069725538
0.56719009829049383
0.59621861875784732
0.43997103444501184
0.47482565139961558
0.46989401666438024
0.50165079578477423
0.49187149833131616
0.55324970637399862
0.42398112808462241
0.47656974426755244
0.5073773625941671
0.4900837828292216
0.51995512114515785
0.47423691330310708
0.34516685818806775
0.38022735762712412
0.52717871173141184
0.49982002296703221
0.55067370131812654
0.50748652385042192
0.37722379527606315
0.52604589751645237
0.48852538088444925
0.47990948601862293
0.62310780657484022
0.4910241009857475
0.57371876305271308
0.50383510472166881
0.514084700980591
0.54732622542731579
0.51690254752807141
0.50744425745535737
0.49473522259850633
0.51436233730246883
0.44979833747518283
0.44591416514011206
0.50464202198364816
0.54950120997017449
0.48943797667937389
0.5253779175137594
0.5071771565323594
0.55200026361106092
0.44007480850930492
0.4048287156287203
0.54214950149611862
0.46537247481142652
0.39229018358251105
0.36414989633800693
0.51863034546747699
0.39666263607556262
0.52968124451956644
0.51062135417708776
0.48668501176437673
0.48467978293641789
0.64037492597482903
0.41902680582130697
0.43509325931389298
0.54617145210928086
0.48498329417210168
0.49608232330172441
0.52585698205212583
0.50527425442326346
0.57475123077012691
0.54322906749800981
0.48092538060085538
0.45743712077509885
0.50187729311133433
0.45624725753385231
0.4984016619197148
0.51693994818411493
0.54780468113580816
0.47136136177286292
0.60252954127553515
0.5410637581062504
0.47099482064738346
0.4066951331266262
0.48755892298007014
0.57415889329649095
0.56343770401049531
0.39868291835740582
0.42093714649787439
0.49607241064745805
0.51258961573156991
0.45779898069215985
0.52075132099143229
0.49600198500236609
0.48959191413836867
0.41724707606425737
0.47388865315759426
0.47266162128316525
0.54366562752765468
0.31968445427882142
0.53222547587888003
0.5664830128429843
0.49838131802415769
0.48861305608982125
0.4923949993711888
0.47903911788963177
0.54116720811420915
0.5424892438914426
0.47255833995015106
0.58221500444374352
0.5145464639210281
0.5336056413011534
0.55502510362415436
0.60340314983702004
0.45140897263787066
0.4421762735761946
0.48125516564241244
0.50579839696406059
0.38381752341871139
0.38789304545958647
0.46184279447073651
0.48746981314364229
0.56933071031942495
0.44643995085186189
0.47767037617682434
0.49705234683614774
0.36928018443428756
0.50790945022974954
0.39052272487753009
0.34049313244988078
0.47676346826130733
0.42342633850953332
0.5686890714995535
0.48538227407278195
0.45663775197615175
0.50217113715697459
0.54687648307375447
0.42012521222899085
0.50206829615679838
0.46589887493613835
0.47513029381126703
0.47301715863803923
0.51078290718644503
0.48653080158123957
0.50685983968687653
0.53498687488011665
0.49547754374361919
0.47144404207135859
0.46814878804427773
0.4949141456391703
0.40589796659443428
0.44306689713397274
0.46786738523125099
0.61510166598899052
0.45620116137370315
0.46749966579412577
0.49254853279779282
0.52706748806495929
0.42074293395703155
0.4737848416773412
0.56050787367489463
0.62603590550438981
0.55070467893458008
0.55246384390047776
0.5186284427713862
0.61237313107531588
0.43845027990575092
0.53765123827129124
0.48181404902469227
0.47923606035660565
0.42181844429066534
0.51363470098098052
0.43695888408671624
0.55703593865170942
0.50228656868329624
0.47609877423839519
0.50512819344108295
0.5646890735255683
0.4576138028847182
0.6416135128319812
0.41963382801639337
0.43044426702738292
0.37996016159281704
0.31504235947405473
0.45520637250270241
0.479610643036603
0.45466654944494389
0.56207004169624009
0.52156165765598028
0.45154841430960302
0.52023969438658557
0.52395223414832681
0.50440558158450088
0.54213436640237644
0.5022836166454151
0.52712880128258321
0.4894297450667312
0.51297739370082607
0.51163045628252724
0.51556608497844525
0.44589332767153611
0.44943154388759182
0.5261892214391074
0.49156282709014509
0.51489941345643453
0.51560090712362749
0.60145424796794089
0.43955662108007221
0.61882946581661336
0.49460472106913794
0.39198424211409166
0.41913821842626142
0.555157366290148
0.44194747339782903
0.39227916303142685
0.36188211266900594
0.43518618267465564
0.4885592771493632
0.51703208608159701
0.50400449366620825
0.47305621525420088
0.54805215564601839
0.56256698094363133
0.56360108484766491
0.49236580030921651
0.42388961169904188
0.40027439988539515
0.38327695700973019
0.4870523131486586
0.50745923328420617
0.43390804449001041
0.5431584895728615
0.48866980740327554
0.42994052419459289
0.47574352609692466
0.4909395434859779
0.54001433689610034
0.49817152862728847
0.51590805375796822
0.53954136647654816
0.59774680731154184
0.45327616361636874
0.49740384148232486
0.4914876937626273
0.51157086523876438
0.46312787025663388
0.39644796205610361
0.38765873119562
0.55593868986418082
0.50325530193220214
0.50234416445678842
0.49997002473912605
0.47815409451154584
0.48387989230522538
0.5302930898147632
0.4009112783824777
0.47651110192136531
0.55149682286320523
0.45705733044982799
0.46601772003971093
0.49322804902723605
0.53392744067560061
0.45953445761094946
0.52968045908540284
0.46151347613226912
0.56571258546310843
0.58806134451993919
0.41652941382815639
0.4382435871963386
0.52288369587027617
0.44613945466760291
0.4798570295320308
0.52032387333974239
0.53874072768104542
0.57847088432077798
0.46747579808906886
0.61645106168357366
0.55040159715076331
0.44585734800976812
0.37833270868357505
0.48401343480281739
0.48521560160851251
0.4902545535913273
0.4093225284458647
0.49964900764187103
0.56897666412933212
0.50387922625317749
0.5293065977803737
0.4173787973835309
0.48713957761887955
0.52335194848594957
0.47015027293981282
0.44515704074025531
0.57011927883901048
0.50904733276863856
0.38971447009499427
0.53850335541415095
0.41969927344625946
0.55372956914360327
0.52388388572083222
0.544412843254649
0.44367997037705104
0.51324668943526841
0.51430471558813562
0.62566355722080336
0.5206994123808264
0.45167386194879322
0.49744125637118231
0.45396315644897745
0.54515014532832573
0.37229008450298912
0.34153316896936131
0.51242677808294768
0.52969461941123919
0.46182318638222286
0.46941623275396815
0.47571802335265373
0.51307984118396233
0.48072612055076519
0.52077453932026629
0.51388639144427817
0.65841730623643901
0.44105569208382484
0.46780487867960374
0.48565204715353549
0.43444969963117736
0.51924489863929046
0.4923577423321544
0.53455564319655191
0.46483847690982455
0.56827928964971697
0.50478491360515332
0.50241304724428226
0.43882085715359875
0.48274008360819254
0.42453876625824566
0.44423778821284648
0.44744546823756814
0.50268086741575035
0.55570897175367073
0.48442500823228934
0.52230248154171799
0.49347903725044012
0.36687705976809676
0.4013021623168046
0.46398581995155785
0.53203427407487047
0.47734765439834853
0.4909429979727073
0.4875742689269188
0.40872948961263877
0.44920897849930685
0.55036619627577033
0.54324020636711257
0.557759323931593
0.51457624712013428
0.51799225278284633
0.48610042753811333
0.49913644991783995
0.46349723289451811
0.51507488435661164
0.45324069777732112
0.46437235195038001
0.45228635356210345
0.50164616047956878
0.48498493046195362
0.51196088892702185
0.49220127706248734
0.44293581705418422
0.49056266600268122
0.53000977101724733
0.4821942253886034
0.52010425494748402
0.51301098108878729
0.3334564072964038
0.43316648764620608
0.51820481966455156
0.48675391397493939
0.52650913573684832
0.48721552456117512
0.58247802356533451
0.59444945497468893
0.53923026278257691
0.5088306240670224
0.48882289868972773
0.49144920604896608
0.50921224339955784
0.46975339774637015
0.5960906380368749
0.37814972484399711
0.57153837205407565
0.58749224713821213
0.50308120820462099
0.37802229183040043
0.37305814979963736
0.5956627698856356
0.46638665470810858
0.50894117882811163
0.4444921885123404
0.50089702792935409
0.51566680273227772
0.4885574255391778
0.58867068294115987
0.48411478188900403
0.47327911285504853
0.43828134457421053
0.45926521482235816
0.34445060867302613
0.53789178810211935
0.4494663711599996
0.5074800772368212
0.50518848466655442
0.41984635306602386
0.54375338827727959
0.53077292271378229
0.46422236712012699
0.56021256148090959
0.47163443825501011
0.55421875526515585
0.53295565255447597
0.44113955041411923
0.41862896391282428
0.41885598589422574
0.52448667535990245
0.52652774517290113
0.47126813751012192
0.62521994748403165
0.36852477919019261
0.52018459812018392
0.4225983915498272
0.44994715985652811
0.54222426155996506
0.52978225061079032
0.51713026087669012
0.52984889888123965
0.61622401458062182
0.48497738769317483
0.54905106631273626
0.43549584708313427
0.34329159544006888
0.51501079788593473
0.47602398984522171
0.55140408870315893
0.56151799669538927
0.5621581384917671
0.49821816178690936
0.53980284986431604
0.40880167950299234
0.55342624334841151
0.53569770576974807
0.43161411748332618
0.4853409627852418
0.45706519363230408
0.51475513785910376
0.52933910306678811
0.45791160111018703
0.48887418055000043
0.55811129327982212
0.53403793500589447
0.50702119836015502
0.45828105977519451
0.43649917146628398
0.48038154173717418
0.43886265186766421
0.61059101354945611
0.51002585721693228
0.45827620080436687
0.36323491611903919
0.50332856047042218
0.49199361833925848
0.40602177785384974
0.44401029276455356
0.50169728268347979
0.49810240509605291
0.57184408013963528
0.42946769417786673
0.52950147798639158
0.52777282938619197
0.48891558559103576
0.48890875162418951
0.52774689181873002
0.45698801792797211
0.57148307839863999
0.48487300717205906
0.50920329719688373
0.48910204004098223
0.4701251788262642
0.42229772905357182
0.5402493844344296
0.47845311301846349
0.33969651740141776
0.54313525886141301
0.52575913959273801
0.56700310394876563
0.51360331545202498
0.50604183137486802
0.46092210482273471
0.45939408566426715
0.47568912359189952
0.53725407504408895
0.4874193717935818
0.61728980141338197
0.51940418443886771
0.29524652421667513
0.47878489089767351
0.59476420993906032
0.60516572735012419
0.53417052399761489
0.54932454121238139
0.46498667309323172
0.46552313432332226
0.48863461824898735
0.6878962406371768
0.41662290294587556
0.47749147614794485
0.52975459462824981
0.48154852524368658
0.49580830948135063
0.51753526573786446
0.50860733710182249
0.44944499515751418
0.46967812820745813
0.48728765697365761
0.49522812111608705
0.4612582966257493
0.45040427651458026
0.48023001697802414
0.50667021388088807
0.57145611554420428
0.53071546525851354
0.56598454914058582
0.47146404429589212
0.52791634372551788
0.56902590241579154
0.37944486171675962
0.37479241125487855
0.52205443153094178
0.45327862665770491
0.56551060107831608
0.53004780871487422
0.42823449084477566
0.46216573124428018
0.39205483456146012
0.4880578386814135
0.49765395700846515
0.44968472230746348
0.41788055053566608
0.55602927511757361
0.41385742191031583
0.50635010483699738
0.31776492523822014
0.47826398397671499
0.55344128238331669
0.46084469163374575
0.50543034833286604
0.53726947378877332
0.49513269683370553
0.57592233792918257
0.52829507821760024
0.51531985655518109
0.36845307278162198
0.495968572279949
0.48107170158548235
0.47626074634867538
0.49434154250739598
0.54567171397703917
0.37460207168913245
0.44076586616213309
0.38755217493751276
0.48364975142150329
0.56945308599259037
0.51018832997925545
0.54020409021598093
0.46574015174271832
0.55595841619965569
0.36953075198346286
0.37897288197397161
0.43973133823456317
0.42323013601174769
0.5778227371887833
0.54495783258765174
0.45056325678932396
0.44423161167329367
0.57674546278295702
0.36665422770190204
0.50205897707614677
0.54983500699835375
0.46504762419537055
0.6049276287878258
0.51014100140932439
0.45329483625671146
0.52898215613166244
0.57523921370913056
0.56382149217070843
0.54054561027475934
0.46705565170176477
0.52814038538493835
0.50068626430551588
0.42495788080549235
0.38353414105341177
0.42998354975515474
0.39441992156849259
0.42125968213697801
0.47693316718467899
0.42913999609388254
0.53381754776110701
0.3765671926728828
0.56758019942028892
0.56173486367610148
0.53031276189596188
0.53065384768151902
0.51271965119919127
0.46805704415822352
0.54549044298075644
0.45099688596097215
0.49411686028744106
0.59052002586533869
0.537446538099699
0.52723319276527114
0.50593167818053431
0.44143972713188873
0.51517198710344547
0.51050148550483143
0.53571531419169827
0.42797923626972312
0.28549727590337881
0.5139813735937836
0.48589797925958644
0.39598757335840656
0.5576296558427587
0.42141136839259846
0.42502728867773637
0.49959082933455934
0.49319007350282701
0.56910635572467849
0.50977029973585031
0.56910304709589221
0.54474261485656927
0.45383498501016517
0.4811033779733403
0.5358190545375443
0.64309077544908466
0.49759324544004718
0.53043192592636401
0.53148296507902981
0.45314604168722805
0.43463998088577072
0.49594780481164191
0.4463561492966035
0.61579557357003045
0.52358215887444359
0.45241016314525723
0.50766825429803875
0.51424684502305207
0.57113193020425557
0.49087381010946629
0.47687238455272718
0.55835579904246924
0.5605126271482932
0.55809565355528556
0.57232012518922282
0.53966398769024604
0.45397989004927486
0.4644199089461542
0.55268538490410668
0.4940854202961138
0.55023253812616502
0.47143489946530198
0.49354183076938885
0.6216686025158602
0.50965178542062972
0.44578551244250081
0.53099741283730173
0.48516179552481631
0.51817127684643616
0.39247220997306231
0.51005705542096647
0.49046792388235261
0.46925720052283004
0.48240886379059356
0.61367129296376233
0.396869637850705
0.56912743015432621
0.51719832773046071
0.54582415323787947
0.45089608446479124
0.42213586028941613
0.48193786100340696
0.44735226977952725
0.50897509233721561
0.44060513926125028
0.50545443848635851
0.46287207051738422
0.55141316693419029
0.41304462844807699
0.32397304047910752
0.46169042395614984
0.57802250385504761
0.56130768763463024
0.54651583369508983
0.49267237392777757
0.48796058636193557
0.46279662429043844
0.45702908309999474
0.52228787549624633
0.46602545738834333
0.62254745695315117
0.53449609870375581
0.49503350533106349
0.44642117537862269
0.52704625948973893
0.53251389679245065
0.49824605185983473
0.41464709373284753
0.45279112300307212
0.43775511289571295
0.50072036661407837
0.52307457157096982
0.49224026606438748
0.49039548816718659
0.50968710865731492
0.46868669845754657
0.48717377722045546
0.46788115790315743
0.50620554291737174
0.46130663264534849
0.50172186809658548
0.19915697095356749
0.49191048596919945
0.51654310218130395
0.52494537158722776
0.38876260964002968
0.5614822629991183
0.45358481801190159
0.49834908799574995
0.31601173777088698
0.36041239666008407
0.44291303987557989
0.48531847881938867
0.43583453436796377
0.3758017332603017
0.45356734610103533
0.32296694007665239
0.42471469376919019
0.47159725297518734
0.32088935167838184
0.34189534305387348
0.3781165110686755
0.40016971625873404
0.42188514438964686
0.41247562390390835
0.39197324582200666
0.47061330402885115
0.40579808360330694
0.42066972966769228
0.41788255504032318
0.41966448171322607
0.53805641429256057
0.36100080210825097
0.31806172036185421
0.37411893878242941
0.51921986645610374
0.38025885152965977
0.46471858678626704
0.44232178372382391
0.56288262493468799
0.52218856013727522
0.43775596612303663
0.27947420409917406
0.31847703578747322
0.5035058747320571
0.49854883526070665
0.43832100268566648
0.32273637837882352
0.47968838379633261
0.4764022570114077
0.54390054341220706
0.30113351557740903
0.39100483469766678
0.42773894271796353
0.40515804406628447
0.51314431929096238
0.354812370919037
0.44456136723223988
0.38932987919168766
0.44285861668071674
0.32860813148226747
0.30734366964822152
0.45215128153013268
0.32874660799887562
0.3947783398421959
0.4693702065144727
0.49868891375350821
0.51230239768169561
0.50265655114328633
0.51520136575772035
0.55054135799375847
0.42539260605462137
0.45036099053258871
0.58710175334020764
0.51604223370468616
0.54981936606794468
0.49852785125272364
0.49517117246639858
0.41807910661706216
0.60288746606937438
0.47582986351280127
0.4976455838319534
0.54119104799544338
0.53270299260295495
0.51611284314317674
0.52085800202837196
0.48433451970472441
0.47499246043079602
0.4699093073454047
0.51284550024065678
0.54132397083501016
0.47013377329217926
0.49186602889955239
0.52560237248192709
0.53837086983561955
0.5478491443664687
0.39576373745246141
0.37986835056583512
0.55092505408189962
0.49630056328475347
0.41869515451893524
0.51742481259347739
0.46932214635666136
0.55246317449437177
0.56767777300922573
0.48768583617427519
0.43521992735850912
0.44981273959777585
0.47257843368121116
0.45904601601048556
0.53297787808348784
0.4954996714414508
0.55583992685745032
0.47835714846449995
0.54247525811981234
0.47896645821755601
0.54021336105183437
0.50065365644616766
0.5599474398125508
0.5489624359080989
0.44440210259211577
0.67568194386003988
0.48642892400022236
0.45552455280770482
0.48287052840395689
0.53447294543084867
0.48330848188675563
0.5151608097136765
0.44612250871467096
0.3423658132461555
0.51529201147384662
0.49090863774016869
0.5010030734090245
0.56729734892015271
0.47814933428639628
0.71063591731985998
0.47713729703792135
0.52985401224903794
0.46939920287363368
0.51681946053544403
0.47436755765320143
0.71750834029618726
0.51540669480598811
0.43021471085381219
0.43245583330086751
0.46159392147079753
0.45566563235066643
0.59491934431961357
0.51528751203954481
0.44622480630814837
0.4855543384361099
0.52446453624147915
0.4907667544292747
0.5098094265572477
0.33730260034683096
0.53465706655295187
0.48633612058623021
0.45268167181791774
0.58192632465656979
0.37428876482920015
0.42233119872027081
0.42552424319979271
0.4281555288603065
0.48713611764111864
0.47632962013030394
0.51208488284952081
0.59436167289558484
0.39696212838401457
0.56364536381527786
0.49456054398534527
0.63141403789202943
0.53502919466467558
0.56004228951173385
0.49424022014333385
0.54523555824081738
0.51897191365458684
0.5128535945110414
0.4781621316018424
0.55382160181435458
0.55721075513608498
0.43246909413626961
0.44876686406835892
0.51340453067258751
0.50788538282380857
0.49544723941919266
0.37795743564869422
0.42832834381077511
0.49156223874875704
0.5353057091239215
0.47776936194652037
0.41092580144363577
0.52188122732835285
0.44384040142249154
0.38490236060270494
0.52869366216332025
0.44831186658713923
0.51912637058736144
0.48905471147943291
0.52452992282098443
0.34225240355005243
0.58414786586114475
0.46213192765754385
0.47435618480942943
0.45684299241611082
0.54960621164385204
0.58890658221099934
0.50519594031546922
0.50206116021508185
0.5122812887831999
0.44152039549096661
0.52133420389279728
0.46746270177766602
0.51381171025695993
0.66610362317001992
0.55514731054633193
0.66647935197532004
0.44091399609114812
0.55023889395728176
0.48368602390308324
0.52539971616242886
0.5620307436965476
0.48860160647348033
0.53759082434161576
0.51263097333691832
0.37480783222891745
0.36462229276749425
0.44376331031672672
0.48829113486588943
0.48430742601182514
0.47601604941290715
0.47173665647937141
0.53775366945846415
0.52900759120024432
0.48341321068044307
0.47526327156574627
0.51615370676588224
0.48489440627644276
0.49632406212094765
0.57321166355555209
0.50891576162727847
0.47421455190760692
0.50592450796412702
0.36679881085458971
0.46209195101607847
0.50080569414031051
0.5368658780488631
0.5706490711818003
0.45262777332582477
0.54186697550226248
0.49058845857034133
0.47984477237175349
0.55307249180372375
0.53537341643314806
0.52587746631512422
0.54041822754856672
0.54651871454378187
0.42521617151809771
0.31086200559685667
0.53808574633720907
0.43631160406930847
0.51907331245887567
0.52541977992301792
0.53018364235068494
0.47562787280979529
0.49239952940420872
0.46683897212015685
0.60990661070547658
0.5336668295219783
0.49964837642917459
0.53016570823639564
0.4906395981810856
0.48963037841737972
0.44003404115139938
0.52910069557512529
0.46656479647387045
0.541632362297918
0.44805608339319269
0.45676650314970402
0.44491201270977865
0.46517622219816085
0.52651424988071649
0.51833823041098448
0.43903677053114631
0.47939974219881265
0.44496870691009266
0.48282591618977333
0.48254104197214193
0.4823942898905858
0.4693385061322744
0.33723829306549385
0.56746986852104253
0.51721745548096032
0.41258960860955651
0.3541559892514477
0.43913469645014236
0.41628645218425686
0.51574926095170737
0.47076964556212186
0.48334725539368595
0.51904691318869411
0.56451499044739117
0.47333077530817497
0.49101474862400957
0.50910562640085621
0.56132960358279416
0.50571098809703086
0.47279830335742035
0.39483869809214456
0.41217059788856142
0.49607973318234072
0.52804216440316265
0.50061002975744939
0.49310944733682233
0.42776435087710457
0.53930315561056197
0.52252783271837533
0.51871054213909884
0.51772060516914553
0.60153224354274515
0.42139995387229823
0.47773894591205529
0.45524360186863666
0.48500581117037572
0.49000617021087478
0.50654085027245699
0.48173190225415818
0.47236319568429824
0.60108793456536691
0.42625097087615876
0.45465765822795368
0.48804834257675167
0.45414619090638758
0.53719908500396651
0.48550891950410041
0.41975370251127814
0.5375835053078879
0.56386070655023401
0.42912069960376192
0.41130972399254401
0.55051467999524673
0.50897624321393709
0.51765424266191462
0.49208971323058948
0.60611376911927695
0.5460309530428471
0.52376635834157526
0.49913388018263577
0.44588558363303099
0.53794382022865184
0.51884770584953521
0.48148797622309297
0.44181055832847688
0.46688622184381939
0.33510817661254372
0.53327465133507013
0.41636871954704829
0.45324046916221034
0.47430886289790353
0.57347400400751125
0.49248442492366568
0.53052030080942336
0.48640875998682886
0.51950312749132532
0.38659006914052452
0.49671734799701284
0.45412028026935902
0.61586401303672178
0.53501272399649746
0.46681458242586393
0.58315409822096931
0.5517212931142168
0.53485911896012728
0.57319463551306116
0.48144620695618229
0.50660959915164516
0.53631897263716344
0.42376052989426322
0.54142551673483874
0.49193848772964283
0.57119237696454228
0.52095184927400551
0.43143075423787536
0.55215001330651536
0.53894447436218806
0.32578612231791637
0.3662616244774452
0.53863597832511789
0.60199453679089399
0.50612032085721448
0.53342355531657493
0.50255280680655967
0.52786022800254562
0.38695998051391733
0.46269220828825247
0.41612913981452843
0.43678709219372436
0.50347990743820259
0.56736374589045413
0.53225445080195566
0.51416784466793075
0.47936510372861785
0.50580238246948961
0.42956931939426141
0.51255110323945896
0.45393752005578275
0.49296521045597252
0.46104546938114216
0.28351386939082035
0.50042509915760269
0.4691478652200648
0.52150510575444897
0.49621833596624548
0.47184910663778923
0.52869999049839278
0.4593826465742471
0.50952674802036402
0.39156288438836001
0.39644683213703658
0.55779081185605084
0.52482272601939428
0.47141980524156302
0.48146966852184453
0.54727570543314141
0.41815281195104603
0.60631574293149881
0.59864720431823781
0.49032188481347982
0.42497877037201259
0.45885868789000228
0.42128917649133912
0.44272786922983015
0.49043238538315054
0.47424521139658604
0.46022313037792251
0.48215394847811172
0.45474393398809715
0.45573238133426131
0.51593207924415008
0.60985887117002968
0.63216227177662465
0.38614405045578493
0.39944628669227006
0.45124799220300382
0.55138308748092968
0.55053110373428793
0.45151485649482903
0.55049108636843713
0.50169060933897192
0.32819213161828797
0.42340449330676394
0.49295784870139792
0.44094267748161226
0.47400731080161368
0.44962636558532271
0.45110516974300396
0.55076643905584288
0.56350326836748998
0.52718123629659641
0.49398375949643875
0.55650711409848397
0.54725930964942981
0.43392904895134382
0.50721828306824845
0.46772853420350768
0.54269388357071291
0.54478561640210243
0.49414942596610062
0.54673377399520728
0.53024760971041973
0.52493185411158783
0.48998820270143001
0.4439338576277887
0.53728335430563556
0.52500343424625373
0.53162800240885677
0.48802769746972802
0.54086618644840034
0.53939558046522529
0.63161185982931778
0.51913504093448071
0.3588657028799998
0.34555382012069846
0.50466307029429025
0.45205423887611029
0.46401842445797725
0.48714816080509382
0.51762681949892675
0.46343382716913889
0.48121908719889461
0.44869733300282388
0.49092451972472129
0.46848703468591735
0.56222575794098484
0.4687594522535819
0.50894879661991244
0.48890177800315765
0.48841859031296719
0.48700784712364026
0.51256749821292313
0.51921447388310304
0.45743721364874101
0.54480190055334898
0.5411370208586912
0.47318495456307635
0.57010113510832849
0.53950240044601649
0.47084319915434819
0.39146580810102377
0.55965751326697422
0.37578344147452625
0.46431852560810177
0.44476465672975096
0.3667160326810936
0.44527176629761844
0.50986229542856498
0.52035894098312907
0.53056940161031652
0.44378787039698253
0.48251370315046399
0.48637679709569076
0.51319294798270176
0.42350855042246177
0.52953060999069079
0.47152387837631538
0.3941284425470063
0.51017280378620944
0.48809364363671764
0.48873242698339209
0.50050685329810241
0.46210955073575144
0.49103291099311142
0.5627196598049431
0.53459517971378945
0.49973477391470911
0.46922524319194731
0.56428017235333128
0.52887052838691295
0.52113206929264244
0.48668275413186657
0.46766794068105239
0.4825765148334602
0.52930711391409135
0.44539634533747097
0.52883358723552309
0.3083683829592897
0.33451324603283755
0.48152024435285729
0.40271801350184844
0.57941911709058991
0.43146902939199222
0.44239419774987609
0.64491667086008786
0.59407485706594532
0.46042704794253847
0.44588779412878771
0.50110910444178225
0.42544856362840211
0.45217797761043932
0.52020404904122985
0.49180914767157996
0.45233681594239322
0.43260014276488046
0.50412751558645563
0.46959792041271237
0.45088859119853997
0.46356062926986835
0.48849761361645111
0.47149964751109358
0.47892060227023114
0.55427088294290894
0.48883443290461115
0.5254395080678923
0.43009124714306085
0.49861023340469979
0.46430584701424515
0.46621427273483979
0.44923479447733072
0.46960565258831777
0.40328942496457887
0.47441838587064139
0.47517547002454419
0.46233214974975045
0.4576219125628771
0.49161110984455209
0.4528849089616433
0.55400743820412024
0.54646752751099059
0.60997409755778853
0.54757590905128795
0.58797583950397092
0.44828542146965134
0.42083348133398768
0.51539181181673399
0.53337281874922282
0.55195085954445489
0.44732224376192098
0.36334467003843501
0.56079262531131568
0.4471669112707784
0.54145403228741062
0.43663830909389267
0.36727078120222573
0.48957275727046068
0.47856827486452669
0.47474855009195394
0.53768846517878366
0.52638565088023015
0.50124347391313107
0.37224803155660191
0.37737528292760247
0.4468384239070346
0.51601302996406795
0.42037069700556362
0.37814232079876337
0.48054150023461134
0.47614596063732129
0.44712122560054418
0.42700788290259856
0.44981458958819148
0.50243899650649204
0.45152025489345982
0.5488617440698107
0.4450155668723732
0.51522635158487295
0.57639960454261652
0.50975081941389
0.43905670915752415
0.47254624417667324
0.51372346505766164
0.54423446663265496
0.44564248410192897
0.52419659740480151
0.44987715663256928
0.50742440775153663
0.60052495263372785
0.52617500846176057
0.4953876551084313
0.50552780161420929
0.40345735226807194
0.53205275306703759
0.39632867583340331
0.54219302122633961
0.46184869794928013
0.52358373743768316
0.52973285614421495
0.47503439934891417
0.45672017958536743
0.53673407860500555
0.53470865212985597
0.47840079437576966
0.50048160501371419
0.4804221262920968
0.504908885667958
0.53206435477355907
0.51882146745855084
0.4704266147138445
0.38695248567582807
0.39849566346466975
0.53377375984193121
0.48460110727249572
0.61356823612287437
0.47106578271015154
0.48635180204755296
0.49711933435501443
0.43107390083024322
0.39419243383171626
0.4573144034108515
0.58408337668426402
0.46723239494013358
0.57574258568422676
0.53346089416827247
0.52538252798443752
0.52642114514624505
0.50129977405647574
0.57937638629217802
0.54915769477884258
0.48255995710524469
0.52826596987718855
0.44153174391526079
0.52260547453125061
0.52604960529189293
0.44201578472672393
0.47973512795888062
0.5065905779364982
0.58395908433937627
0.515176534809897
0.51631324633720488
0.5650670617475454
0.55125323775291635
0.51379938070136077
0.5004697565277425
0.42247959937897506
0.43507842257812751
0.5412681168293082
0.51211424845018827
0.42606029024565384
0.60046298490631966
0.4924927261104125
0.54654216858226767
0.53673934846407412
0.39573507977207978
0.42680789140144632
0.49053866070149771
0.52639853236601908
0.39963369278371935
0.50788854171603226
0.50105621739622419
0.49640696752489671
0.54652448105002294
0.47380476810113431
0.5020389279400056
0.51830647713662947
0.54229057350761567
0.52352115355452655
0.51215334256400469
0.41867141797277768
0.53331784578325603
0.58850270255103232
0.59199879353779772
0.38431777627451724
0.53127350176376875
0.46212330320608058
0.51487902138884367
0.51250357352323772
0.57451796025347768
0.52011787695204703
0.56394036467318598
0.56539963337208066
0.49263392054528132
0.54954157132860015
0.48870652015129301
0.55583679823752996
0.48460445373648686
0.53331829226870653
0.45369146773732666
0.46164433545703604
0.38388783348140121
0.40802694520661875
0.46804840324041969
0.53602493928142558
0.52112809427695861
0.47794516207811083
0.48145226360897048
0.43795686757315827
0.49609726768216889
0.5282586098611749
0.53574967204233703
0.53484631563478979
0.4727748674405548
0.47555643724835539
0.44138250869138135
0.56313453031947314
0.47747861645197143
0.51900142788454617
0.5408199511106726
0.49242909787508865
0.43367460009044717
0.54300134210690809
0.51165690883201609
0.45804363753447669
0.48144218188284305
0.47510855368769034
0.51952740505325901
0.50535536777774348
0.50636724894501006
0.53185840321541544
0.55879207200402214
0.46509845677397588
0.53423321908508592
0.4483671636639513
0.4661144932540075
0.50515088978225131
0.49245297922008535
0.4403983279268151
0.49124255092855401
0.49629792558724567
0.5348674130515072
0.46018563848449529
0.51298226845944273
0.6090519534930412
0.4644331435143656
0.44792575490272035
0.44451504206967896
0.51467997723107684
0.59308734733955659
0.49411794751876359
0.53133101862095689
0.42647395029694996
0.45612869216254615
0.54138383394506717
0.45509828778103834
0.4889770915162045
0.48408627941416454
0.47765443504913813
0.52538980152246628
0.47702789509923971
0.56478278028731932
0.54124562196361192
0.5207918920010991
0.4822742988555721
0.44624530834163234
0.34542001227636548
0.54826195451714976
0.50988182053348508
0.44254347634529351
0.49470405571419357
0.51358924764381986
0.51940091499106322
0.47413948252291399
0.48105999794745291
0.4914492719297574
0.41531703508564272
0.54739237915483374
0.49776649735668688
0.46040920570764526
0.52183525556623778
0.52061508258743494
0.47071636051938603
0.51111700328335585
0.37193168716826175
0.50979506353087034
0.43399202172375895
0.49040768209305879
0.54632868989684269
0.49844911312584722
0.6337377745762538
0.59858731108096264
0.56572609302468546
0.37077193951816911
0.51538600566809267
0.54241394031729961
0.54517114816634882
0.47024415296589839
0.41256382814595743
0.46961081163827112
0.43153060788187464
0.54247353865053527
0.31742634090214977
0.48710115854515534
0.59640016773872628
0.62433488383814395
0.4259243380744967
0.45018983653848876
0.5450424399222098
0.39882547702647209
0.42653969368417322
0.51764116611262656
0.45878558088565297
0.55323565144019904
0.45452016808578771
0.46722288048452182
0.54099972492362802
0.55455591577475882
0.45915468719276681
0.42849388343200834
0.44668845391386564
0.48614752849149095
0.49080159377895599
0.55028190309497937
0.58750584753895363
0.56814378515272801
0.46089355681751709
0.53305783627138714
0.53298263509591526
0.3118057226508627
0.27676588493624443
0.48111929706134882
0.47646822810517181
0.51882395187189867
0.48636975739457289
0.54512358281702911
0.52225163224096605
0.50765926269130457
0.49895142308618534
0.49510041796496446
0.48402449633941125
0.51916869769098095
0.53644687304797234
0.48118532020609445
0.43671427756545717
0.44404096511725277
0.51511448478916189
0.52055450731911901
0.48312667216487487
0.54227348299837008
0.54771671085847384
0.40283676333555701
0.48015245290036707
0.47588920363054921
0.47129748686685424
0.41129186112262245
0.48970485953327997
0.5371876335319431
0.48277497394540558
0.55055187625090962
0.43579749188828731
0.29428762904103201
0.38790478645911602
0.59606030947837185
0.50669052781421553
0.48691383319919246
0.57209622694739137
0.503619971623124
0.49637624305517042
0.36861000474079486
0.51792167689790103
0.50473371312154636
0.46419797287557479
0.55530682625409178
0.55479898095965097
0.4922968443534162
0.63940660982713793
0.48648420894284355
0.58120122750334324
0.5536464167902716
0.50412239452877505
0.57029708687129299
0.52796668093742782
0.49977874591283777
0.39684841773169682
0.49507456670267203
0.47640046289707644
0.52058109349000226
0.54177035092153947
0.5467897697053854
0.59820846340714884
0.49581719065347518
0.57899132606093939
0.38967916937691688
0.31797260673280919
0.43247085045253653
0.45655941785111309
0.48773506747748002
0.54972264459972953
0.50249287092991168
0.5724335598459106
0.40650957539670352
0.52039593079424318
0.47268836581305007
0.57628114280526244
0.50675524207771772
0.54781816668010275
0.51973434629483761
0.51833447898280294
0.562733477810755
0.49366554466689982
0.4770894516753072
0.46691950855450198
0.4712123964781722
0.50757253393937452
0.44653489096576426
0.52226478881490979
0.51581533226496656
0.45403608263591372
0.41407289642712308
0.45328747583661833
0.48536046133405802
0.52470131934506137
0.49283780460361243
0.56919274669335673
0.48068002576428592
0.33729768454867837
0.49107731255085052
0.47744668494934178
0.4440391696136487
0.47394687807306296
0.55022310869373925
0.37952082754276523
0.58028008500926076
0.51857574299550302
0.50364333085411139
0.53386945174203981
0.58297379875974864
0.48672790600974891
0.54089304070031607
0.55524521408898531
0.39410083386866701
0.51845186414686206
0.48573534091203024
0.45205833141212076
0.53301679450307682
0.5224240009610408
0.5111631576649085
0.44515927939837086
0.56704954068912183
0.49921477252961505
0.57289497814858026
0.4478330210578389
0.50056450112322692
0.4745473954454375
0.56409241694502499
0.47170535949996889
0.35256847257331159
0.35804005032358988
0.55717997928358842
0.42135038484455833
0.46204493357929616
0.47237006138239573
0.39154378688112368
0.54474935149680181
0.60561943322333889
0.48750423538027876
0.46506361850820638
0.42872691033877985
0.52245989682254002
0.55927230283867368
0.52442700756248528
0.50434712445957386
0.51441129968507848
0.51471482056337847
0.54144567933242693
0.52247109728024566
0.49863806238126918
0.52369842904034658
0.48191181885191259
0.40821342096158858
0.45165247437246769
0.50425720546449926
0.4850756832655887
0.65517675681673637
0.54993901391663547
0.47617871493705849
0.567036146325268
0.4466604662897305
0.26259194202262737
0.33425240156227171
0.43436024155464681
0.4052209511573846
0.37345507457840366
0.57626093515306542
0.47310779613963255
0.38553192933522762
0.3674505779472646
0.38136914696894031
0.60147641078583258
0.40397184923792778
0.36661258950957393
0.40707987182157823
0.4378037717967328
0.36697223227167375
0.36804159287703403
0.41195684114153586
0.28166082103268747
0.38336721848265598
0.32495978642027096
0.42858978837909423
0.36339432779818415
0.45406270012309996
0.41671559190925289
0.37514045527323281
0.54851716725206379
0.40885203053116648
0.45417113866591297
0.38087176278368795
0.35242944453057856
0.4113472912390429
0.39679484741389304
0.28103233286383478
0.35698032044360062
0.30629949120740768
0.36893450079060847
0.40832437362532908
0.32663703564282714
0.30543447575210869
0.38032038030402165
0.48081486256629385
0.43412679895533529
0.40714361790308878
0.47969913437811229
0.3971321275668615
0.40423899747275449
0.27723381251043977
0.35047517118714855
0.39120898441271801
0.42508372661294291
0.38059843402732457
0.39124159402950281
0.47876267679399415
0.35877182232661031
0.50489407093714622
0.3173684232533211
0.43138923293388165
0.3544468362520527
0.31142200693755506
0.39803655945170002
0.40932618798357956
0.46759797991581814
0.50291774486798202
0.27480417584853467
0.41809826091649299
0.53262718470065917
0.44248367679387424
0.51821220017916481
0.51159514240332971
0.59693924542038379
0.44977909646523162
0.4822966113592817
0.51600451196788522
0.63165543894022114
0.4417476724173896
0.46155568137258096
0.47019710128155556
0.48966786679104857
0.49668680942891302
0.44303343211497026
0.4854976495527964
0.4951750204074532
0.48874004171758467
0.52212954328328109
0.45189658253907078
0.49636980515061113
0.37194143461141904
0.47674207459186502
0.49376430236922103
0.55174870351353411
0.43441990124209506
0.51875689482483234
0.46471781351069263
0.52400220650570761
0.48894617373430171
0.37366675039897768
0.46797979556761143
0.46907697857455094
0.58312825740450347
0.50207106283091973
0.45772947450692164
0.51131248956378905
0.46977671457120918
0.540062229328656
0.52973737918577857
0.46974523948865399
0.45725407316095135
0.57485782274915254
0.42629985876943843
0.43868987946713328
0.56257251928204366
0.46820375720889695
0.50660304026206626
0.49815591101095386
0.48109328363850018
0.53915432394640272
0.45406553951916256
0.50946204702454378
0.59638373189426797
0.42534596699847405
0.47421006053792603
0.43108255092307646
0.46115143605620268
0.54350804183582213
0.58164102609967283
0.47344545579637271
0.42376529751548858
0.41604420278088045
0.35302590374379095
0.5277152898795745
0.51017012734288036
0.4387057889796192
0.49716007635181464
0.43893746214470081
0.54194468108436078
0.46221218292886701
0.47189660546216128
0.54746396837013978
0.48457930889694845
0.48789831275321216
0.46578543821918578
0.52115962420599571
0.45632806954902161
0.54863272842090793
0.50346789548025583
0.52360253497059128
0.45954047174601004
0.43205701919983247
0.52909483703876081
0.52288972452175209
0.46777800419619009
0.48897497203151924
0.46812353331688417
0.5032648330977495
0.52091819607825629
0.49690732324745762
0.43954815818433574
0.59840631066625394
0.47189802139688808
0.3726986281181035
0.62751400023013038
0.62905694831411518
0.52360080864850622
0.51466232654863597
0.54397236544323291
0.52903548279415469
0.5519312066380162
0.40167170552525971
0.41207299693558175
0.52901829238286857
0.39869457845591499
0.50933474497559805
0.54712445167043799
0.53731601096620529
0.47461948386281122
0.49931115733485637
0.47203879819302785
0.47618316838074803
0.47704241223173793
0.4428655810046585
0.50928644353935859
0.50134618725291646
0.5975957485301171
0.41360068079071888
0.50058906624183708
0.50987017037658711
0.5380318347116092
0.47133685818598148
0.49156212091856033
0.60948617386880255
0.5716466509008602
0.41781364925367193
0.4307133797576187
0.49473506291401498
0.43225039756085382
0.45449655140644629
0.48180372893208206
0.53697139809158778
0.46643524307717715
0.45182557785915167
0.55082886921149277
0.52254775130959596
0.48113826681854099
0.52100454268116758
0.46623350213331699
0.56082289374038574
0.46563540870430975
0.56227901029237215
0.49819812393420854
0.58294448226871032
0.52528026697057928
0.54000145005710654
0.5625447510094066
0.46458546466445322
0.53266748772980888
0.4627648326234749
0.46626808830991412
0.47070218139908987
0.53109949248727883
0.51610813107903142
0.40851791821612926
0.47648877014682389
0.59246894677123929
0.35184366293350616
0.42767284632951641
0.50577403320158432
0.40752059845216337
0.49220341019541874
0.58314182917793456
0.47170083235211718
0.56168737948286229
0.46268815773887279
0.53549082519138069
0.45216910046096592
0.53169827448303042
0.56270157022087686
0.54955674215748263
0.53733613453103546
0.57717387089217076
0.53927803276084973
0.49196068009922711
0.57115018164789821
0.45411157701309202
0.53586806514319341
0.46037225822251271
0.48439295298070523
0.45182318174500213
0.45881319935676174
0.43659963768052806
0.5092132530801694
0.50722456065924848
0.54783118265780928
0.46172506492068693
0.49835789249408868
0.55542521603831985
0.44998779387828985
0.40746640782296184
0.42269285491891734
0.47499161989567545
0.50423231805624957
0.5231743573567802
0.51045306460726081
0.45652825350329751
0.46615052408062063
0.48237495263657154
0.47556221688418121
0.5306508929466448
0.50655715735504381
0.51067843702755689
0.39416180041879362
0.48062551068800063
0.53771740601924711
0.5569664191263004
0.51771303392639823
0.52186829432499715
0.47785428225976073
0.55193473366153145
0.48208338794097327
0.5075120031850161
0.54731101327720455
0.56358910377246485
0.49846965397361354
0.5088786172609927
0.52415798893012533
0.46631759786019988
0.49680617738200078
0.3915289898269933
0.33954603125361515
0.43198119383769606
0.51498836802352943
0.40708842773465292
0.55746923258786563
0.40286629882972791
0.51317556948575915
0.47827944462352506
0.48219165258804453
0.5304384803567479
0.50609709941516801
0.50734554813328325
0.52226786283401561
0.51255510498097667
0.52621880316015091
0.53655561865933443
0.53994703442377645
0.40934553531983814
0.54593789592275865
0.54722226959082987
0.51645152929334359
0.53804844899725435
0.54203095324466033
0.46521670471258081
0.5915842975282436
0.49795291700934058
0.5972797166569741
0.49904155184730148
0.55861397046067662
0.48502385139675808
0.47747464569731785
0.47533828899647546
0.46612055850133982
0.43358114651834612
0.50367778684715114
0.5013526678479594
0.46976135321702334
0.52765078993438563
0.5401887423267494
0.40805773288978386
0.53503196438191691
0.48703025552589646
0.48263524949419334
0.54787239880786087
0.54367736487510632
0.49698724126705629
0.48364769867080243
0.53291033101790419
0.42477570518191549
0.4801826638892962
0.54370655123048972
0.39091389310629537
0.54760345800899457
0.47076252403322499
0.4622540721426267
0.49029493569891458
0.54637367835696471
0.38814822675991228
0.46733464423034593
0.504385101055009
0.47292436156374557
0.56572787454188855
0.450188441303918
0.52294039748478971
0.3471077184072961
0.37208131452819954
0.57885738385762586
0.55645457095853657
0.54235056681785199
0.43569647589293242
0.59310702772658197
0.51025581618805715
0.47907102820458969
0.46517555389648979
0.46020581213223921
0.46259838512102347
0.54118178750917822
0.41570291498308859
0.46851396716329108
0.49535395567926088
0.50346742098822672
0.46223292851711512
0.49597968662589342
0.51674231182117458
0.46347755897750731
0.50267109522334708
0.63060630640379112
0.52010174442062107
0.37825229270448818
0.45178193217117119
0.42272636198516073
0.56767474334290224
0.44360875183850784
0.52984150374431227
0.42164190127250001
0.49376548934301784
0.39742388885657737
0.39918427533827094
0.59494567549866484
0.50276610603400651
0.46922404407570134
0.49778237526590441
0.48754300974742004
0.48946945442666356
0.48266778029928237
0.50433597289041776
0.64922661068894816
0.45617661482525657
0.50706918944014756
0.35199753376962251
0.4780415378424373
0.49735680570169633
0.43501613456313687
0.44679440147472166
0.54570811194390301
0.52701344611437617
0.48313802328164462
0.68319692784491037
0.51641553955143404
0.63751475333011765
0.56811672493436072
0.47361758305077056
0.44743666403669707
0.36288412890563665
0.36242075321081157
0.53064381224476387
0.49531696397357344
0.50975195465404111
0.33928375851989762
0.36823004496816453
0.52615694323218121
0.50782646638663698
0.48346518285286583
0.39948944960467619
0.57455031192398376
0.46633182655434263
0.5987488867253008
0.52998499547730094
0.46361023623959774
0.47954882496483081
0.50123294484876302
0.44422448600144199
0.49271631073960059
0.5111408935670666
0.45540379683044963
0.42183253083003169
0.4890125043029257
0.60306125020641077
0.55606472371447446
0.48215771867618767
0.52307200438994528
0.50518058813890687
0.46236702670577767
0.50879990817214515
0.51647885045553921
0.43268156104621586
0.45508178698846008
0.53546482689129538
0.49236031183067364
0.48187408006003907
0.49103871142582783
0.42735262196889684
0.59174488260410185
0.47367151784254641
0.43767358851652105
0.45680362249682094
0.54647176545388776
0.48590465444769571
0.51251131189977939
0.46079361807009295
0.49412870431626371
0.48561417952717351
0.5305308368621694
0.56926128025563971
0.46864456884367578
0.46520624132058047
0.48331464096257737
0.48769938203574981
0.5276333752165242
0.45402414269900659
0.47533417469198574
0.50602848387979549
0.52051907591319746
0.46029192338539993
0.43155774250211532
0.60080572892664641
0.56042139589191275
0.50910231655681004
0.47846971660512511
0.49446749058456141
0.42742830229895284
0.41330940202411354
0.30639996689367544
0.52451997624500502
0.47307271321376593
0.58558780783358622
0.49526766055830601
0.5957873642845033
0.52677865801263501
0.51402716622442146
0.49683553634071076
0.51834039311589608
0.49671410683092487
0.57668584908181342
0.49045785534042541
0.48936877414764135
0.50704275418474953
0.57214982028171224
0.54929465250944576
0.53177637022145086
0.48577355562874847
0.53669068406170606
0.49315544922018173
0.46100802714523081
0.54889714093025765
0.5115230104798294
0.49137206870524386
0.45929571811829462
0.46126503851800449
0.50521103309120752
0.5698672704970148
0.46820266393608423
0.45593978068229113
0.45498832337990813
0.39040697405188113
0.39255856802069583
0.47020164028893235
0.48100453084160788
0.46432384599860427
0.44492999108483011
0.46283248435992308
0.44520177944401218
0.51294460583622992
0.58470633371741521
0.5577285260762479
0.59724445354811173
0.58476226940296683
0.44435318467758556
0.54689158030794116
0.41784541338473541
0.49177491388694378
0.51548913247514005
0.56227908812336636
0.52313329653255092
0.44325608811728184
0.45708580900242446
0.58845275753360027
0.53115999739538944
0.43667428614805542
0.58289736190208263
0.53836827342688587
0.51816337915173338
0.56006081472744085
0.52567530890596803
0.53573574537149993
0.43465953596004914
0.43957124059089464
0.53774265529064103
0.56078374546474929
0.58634310934176814
0.45041249164797964
0.58128538490571291
0.58648624766988677
0.60739475762994077
0.57974570088198518
0.40715085326358469
0.55016165207040679
0.46064779664684902
0.52503349160129853
0.45540313753717532
0.54111495701842616
0.46622638990845094
0.474161455940036
0.51200240228293237
0.57559822559180818
0.42169853804315482
0.57850188487824372
0.48100506509858587
0.55833645948542876
0.46132951130169514
0.52797435684596694
0.50034988139252135
0.40793640451822788
0.44821406894619142
0.42102019747994995
0.56867552972069624
0.46034498526064299
0.50487370943863652
0.43476702829063263
0.39910922266127125
0.44940338766862648
0.58353744510581118
0.60150488779068179
0.54328210871490823
0.5535638538248463
0.45737576237156208
0.45025752916732725
0.65102941497205147
0.48843325516049796
0.54085591592602555
0.52476674912323151
0.51649101338912706
0.49318599814888064
0.38106363786240799
0.45142090688818765
0.55343181914687645
0.473174892776279
0.45223103346256599
0.44297762428766702
0.50267379208735186
0.44939317683310859
0.50012872310369927
0.44368195744748412
0.45121135137699098
0.54525161216597262
0.51275174306971516
0.48718851293849791
0.5154529881935076
0.52342970202317796
0.42415769006166348
0.35992529368531589
0.35590129244468349
0.46979398742165057
0.45963851831563068
0.48520076432258769
0.48419080254322733
0.48429329561229606
0.47989380207042565
0.5015738103681503
0.48314684077720882
0.48925313022094652
0.46329611313824126
0.49804147925447984
0.51222189522041739
0.54345943489314852
0.59181779463372364
0.5576335938569883
0.48183633620156113
0.56722923756560129
0.49146127580437704
0.49746548895462411
0.54911669077995051
0.50097217170250596
0.59126606512045143
0.30800754375836653
0.53171360022195002
0.47222284419094807
0.61080628536799697
0.56622581819706508
0.54576431711154227
0.49856027475548392
0.43553888576046446
0.39438375218603866
0.36910118364139083
0.53437287930123722
0.50469195092365071
0.48688048166614478
0.530161798199699
0.46258682294313347
0.46137587071816111
0.46761034885675268
0.50962803400767798
0.41505100349387147
0.51528710184580573
0.53765650468120441
0.44835277506576343
0.47132038342502658
0.55223972885728623
0.5222850571788733
0.4275555771169019
0.53790482892522884
0.47653880813048
0.48644355337202799
0.5061475544991163
0.47274654581186204
0.451799602078235
0.47335860750285547
0.48206973097411254
0.45190120892126012
0.53767023450081475
0.50099851731142508
0.47891009269626839
0.40970031421769104
0.46739867942892155
0.36529539258054844
0.49445920671190363
0.5685271038175701
0.49978996384968061
0.51082011256329563
0.45042997708789484
0.65143628965669909
0.55612238239289979
0.50340725112970885
0.52199452563191728
0.44812435353771624
0.52705388459734903
0.41939005282790581
0.51113670894675367
0.49550102939398089
0.46796592564796691
0.5166245315631518
0.46356467753968578
0.52975013859279807
0.60332907493966226
0.60350340813772962
0.42152000649956106
0.45803848947428838
0.56933280055388147
0.48712998789203837
0.43397065839062871
0.50788532746941173
0.52736720895647982
0.38667246225697094
0.45083225670259963
0.52180572913310386
0.38524205278669654
0.4707557681366995
0.34658060021191245
0.60915845500841759
0.48489557996469479
0.52642354848938266
0.47517158079026367
0.5157576272707054
0.46578687502035399
0.48894435141761572
0.42566597715773064
0.4634298633229203
0.47523545421651003
0.51480878878798864
0.46917838914510007
0.61108348273703461
0.40269138871192467
0.43628833695294744
0.5616924536967387
0.5767195913371399
0.3536829298066187
0.48382311163841785
0.53095925127912591
0.55276207104707242
0.53158870427508309
0.4914275370910331
0.49323516221432739
0.52806296536200037
0.4053119795139592
0.43521012158077343
0.42538863323999399
0.54526844445713141
0.49843025085799791
0.37464900365386816
0.54923235494986677
0.40696464827064471
0.5777242717115425
0.49438171921142021
0.44127675572911063
0.49350974821788002
0.43404786022414249
0.51010310778330592
0.56181029487122136
0.42544156341178696
0.57207392342662944
0.46994846233875032
0.53262118877037634
0.48684887016600303
0.4570951920923329
0.50373541659644894
0.57549264683648305
0.5212883752728501
0.4669418166278359
0.51512106405631508
0.39262228647346686
0.40145779319614205
0.44808431703264262
0.56284746680211994
0.53269579688192237
0.41933209543594596
0.4603650977700206
0.51439080554996341
0.49672116118727327
0.48621468330420131
0.39571898145818124
0.48107532772050665
0.28445408153132168
0.53173498501653271
0.46411347329481639
0.53266891214856293
0.49472937147204438
0.49168993051351045
0.52761457897530539
0.48392509969540271
0.54524985104437007
0.44596210031726352
0.5223323930163134
0.60134882438331139
0.52413602934545189
0.56445447334337151
0.45846003947613562
0.6264171064263685
0.38816101686575849
0.47824972380016767
0.4573383385434161
0.52313350484891852
0.46446966626902958
0.50371259121584655
0.53275759716533255
0.4727334855992873
0.52281856306890606
0.52000692379913049
0.45611373072312372
0.49464920212350266
0.50870139758535793
0.47990523604412255
0.42575517866438878
0.40083323173095314
0.36909152826482089
0.46870733153382726
0.4968465875444798
0.46216601896869414
0.46470732677894627
0.39101174952756723
0.57235688775563143
0.50437523844787091
0.40623089522609224
0.6414562456106554
0.56715578989138782
0.39196096607695791
0.51802256191978269
0.42224363726608749
0.59237508645025827
0.42971225542674701
0.48779159541763256
0.47761611975718798
0.51602412710968582
0.50141351889151053
0.62960747162474306
0.45347026524221212
0.52723423879686049
0.59844600448713536
0.53289290681706514
0.45939541264807032
0.4882420287723635
0.53130945181345102
0.45124190164922623
0.5069067382796576
0.40618823700763546
0.49764479566746977
0.38416019252002415
0.52405781464548451
0.52539718235212751
0.49247376497477779
0.48406979066062145
0.39676893494395765
0.39376710656928515
0.50245948265287554
0.57919666159077887
0.49137459414100165
0.48395933376125533
0.50071298944377129
0.52652637477837749
0.38009173726635559
0.49103161440075832
0.57626483660603434
0.5183592918629043
0.45723502949538586
0.52245215466172368
0.50403572143362896
0.46675703778607697
0.44843532272569786
0.49884231708401428
0.47002659062395624
0.53353061971725269
0.57541206632535558
0.47913033301587626
0.40334641011454603
0.45935912049749611
0.46312047707201703
0.58516828792271569
0.35905544064312983
0.4648155470382524
0.59036511369602351
0.52441926552172213
0.48973627520845198
0.52512063995081648
0.47333862332223753
0.52372581537103147
0.50705488566059609
0.54323934141260422
0.46084383812163604
0.47663950060601701
0.53075672813788266
0.54793418407592054
0.53888400919458646
0.47132611945832359
0.53094915409891308
0.45163701279228641
0.47960854006451825
0.57526289400158914
0.54412802916841008
0.52343221661492512
0.46497606978471501
0.48302895772738103
0.46160902733171572
0.46703555727789675
0.52042591172244257
0.50351721081198353
0.58034053965718058
0.52826825839975944
0.51849915243125233
0.49861516478375389
0.34710071149437294
0.37505876061251098
0.56756479197496235
0.4960522076987065
0.43555607969320542
0.48440313909447119
0.49345715492947551
0.46108445767307576
0.5000417359475845
0.49072258706465643
0.48648340144707619
0.49913725087558675
0.4857794089488876
0.48872303401402895
0.54057195386786916
0.50721641268467066
0.58636280165236432
0.42821434386547941
0.43390244199513028
0.57626365194424012
0.50063542662418903
0.50863338125801605
0.41797691784524627
0.50676948711429337
0.48555970368098234
0.44100297989053844
0.50309719368417249
0.54711729931049446
0.5275979655020604
0.5949014714445825
0.4051742277679114
0.53154736173082673
0.37659166420663476
0.49197195667384519
0.48189008253786481
0.52500881600786919
0.46452679858275742
0.51887420642302229
0.56005034793433794
0.52866438297396767
0.56454192079749066
0.48239108568299655
0.4638109265172824
0.4492470618085832
0.49643204182376677
0.56894800519142674
0.4713877732071528
0.4494472464228495
0.40152696314492664
0.47202980736420441
0.51528954890768353
0.6042824463877311
0.57605732564338685
0.56388183034331929
0.55301961804265598
0.48949362906550825
0.47138901484204415
0.50676835183645574
0.51387775503946143
0.51331893864976341
0.48987328654669621
0.45679593825883158
0.49188928930332282
0.50701837266864469
0.42619348713124822
0.36026618707483077
0.50959955605935714
0.54380231847823668
0.47660551890274888
0.44111570814436313
0.60923327580555109
0.53490811531806304
0.50904706522850762
0.49812943413178584
0.51376649514859685
0.50730049353951767
0.55216714829098335
0.45699695924864936
0.47304794805294181
0.52103267945383891
0.51792072858262406
0.52461301159102181
0.48813763459982673
0.49954627504550458
0.4565139195966893
0.47307263781902259
0.53269674013007173
0.51092411161733664
0.51515967429086784
0.50548405216957693
0.47912981478992001
0.42513082714922662
0.46981616822105426
0.47782197479108979
0.44857952513248101
0.54128880771651344
0.43834942674509059
0.37687560156082839
0.49931244690980808
0.58235115446786689
0.41649815205979246
0.5185731374478193
0.42783487106877627
0.4175592604087125
0.68202708741672646
0.48050196184197813
0.50946734686157524
0.53732795011640344
0.47710979919712077
0.46056425727862055
0.49612777224322657
0.53989247872064938
0.468081516624688
0.5380556997433662
0.44998080556768477
0.46570509246519759
0.48086847727240473
0.55740134053643231
0.495583576240615
0.53536515425086528
0.49182251363766755
0.48476223701472304
0.49768025506937752
0.60426271274812238
0.46338602832294828
0.32806959701267824
0.45572968309635187
0.48576524038522712
0.43540236240269475
0.49242570230221383
0.38041083750585591
0.46064772226480544
0.48585275965472713
0.40823200195230341
0.38351629416542732
0.38403523920632149
0.42873385168044847
0.41396582587728498
0.39053218148742863
0.36468349847750842
0.45102700205214014
0.34144775460874127
0.43391792273683055
0.45773118383858191
0.48159155977670798
0.35927567394378906
0.48891506945221186
0.37873814984615206
0.364807946888906
0.42035556115466149
0.41286537936147266
0.43764741407664043
0.35303310933543697
0.49957482638050327
0.34022005063744937
0.47552305765496217
0.38568317727795698
0.34410284112209233
0.43337932749383579
0.41257855600220816
0.28203251939109819
0.42388833823075195
0.43844146625574087
0.43670470664102523
0.28095906275666666
0.40434237862804451
0.3725328566362579
0.38415332968925353
0.34359970992782835
0.44847060958002033
0.38353990680567618
0.37980320640188447
0.37351786630321893
0.37779013549619755
0.4239931705720944
0.36067027599598633
0.41795572183164059
0.43728046356187056
0.40300913078560235
0.34487063267944124
0.3937714531012797
0.53483177706065921
0.42401320576321339
0.37885193648385962
0.42236309267652777
0.3307689479719515
0.48350434632911921
0.44040542304664215
0.38488872874127883
0.47613869250782159
0.42529335410881192
0.32676571575482999
0.24193338989680496
0.3504338404393571
0.53800226001727514
0.61833418752331193
0.57799217774624434
0.52445406345618661
0.52606534023132168
0.49213199087018905
0.50836894476738881
0.50763926661068659
0.52187009785621463
0.5055424414521047
0.55175096102040044
0.50284368622231268
0.57010985667283531
0.48518671867171936
0.44376716765746044
0.47109372309394609
0.46918307195305042
0.51641112362406161
0.54764518842411136
0.43199309083169662
0.4191787772218642
0.39510236991256231
0.51602728609263027
0.51953216139321701
0.5709217751570087
0.54533463027978146
0.44845353790797127
0.44191803990682682
0.51460296031433062
0.50205576846784838
0.42155290706352855
0.35752482420385395
0.56648917810950838
0.5448397965302848
0.48457905136958523
0.50419242234426642
0.47922882007713408
0.44394085812619971
0.49649876480955024
0.40810428025951445
0.40348834306126646
0.55860910408690545
0.55249947723278248
0.4850555557974956
0.53914606822269373
0.5441352762335796
0.46299423049159838
0.46279910965803683
0.47434672487670548
0.48071946416347067
0.51322033822812541
0.43329575278654869
0.5905530941881183
0.43277874877384381
0.5539359759741429
0.47835724578776578
0.50454249598830658
0.54391789465336493
0.55618894852810552
0.43518276266501316
0.47864545565125938
0.40973798367208086
0.33826582735764454
0.37608967184788766
0.56914783962791426
0.46607833755356276
0.48362965080577991
0.44544384999079911
0.5131499972026955
0.47996828046698359
0.38677040431678766
0.593216837436217
0.45933801005632469
0.52028695194841201
0.5833365391076295
0.41798494533265951
0.44435199784385759
0.53418861847660637
0.49756488790068926
0.47991874120750999
0.45346831462960613
0.47798109947221634
0.46975541724667191
0.49214767577899438
0.51561593820762586
0.51728087696852221
0.54799547777175162
0.55988414331251757
0.42497418454899877
0.47621427552164158
0.49125192679838176
0.42855160527976538
0.52567589228840994
0.52938567925178559
0.37562689826895995
0.38913653728211778
0.38325062894486728
0.54509849705142399
0.47314417278995236
0.45725380642871755
0.55295093221720926
0.49233849041103472
0.6311337365609313
0.45814955376177985
0.45128344735306913
0.53654136657573215
0.5367429663407699
0.50470436699332666
0.55317079315698814
0.55681409367100698
0.49180358287953901
0.53801591815368655
0.50338580617809947
0.60482453924833635
0.47754470199091353
0.48653578629167982
0.5533446794121879
0.53546160358505934
0.46962642871476745
0.56632345511638793
0.46631624811595873
0.56698922074589442
0.48957798841732736
0.46673932352526259
0.60035495226268598
0.54997420615028669
0.30292511436209096
0.38328258658721787
0.47474826175319085
0.50717912393913411
0.45615418588986656
0.49389309158959105
0.47166076768351223
0.48848992301827698
0.50812450939087783
0.53431495818180519
0.48893867892241094
0.55543818256561839
0.51942966235503074
0.4523620773863159
0.48247164119676239
0.49343769778261204
0.47833631010646993
0.50057547413377024
0.48707487865364091
0.4354500969390917
0.56140384780327923
0.49232030693328538
0.57644222184776528
0.47162377998261934
0.59010402927623273
0.49244573622648324
0.50410471776462529
0.52387477655825299
0.39019111518983413
0.48133552391238804
0.51495810602886471
0.5351126030552199
0.35436667934099297
0.48044813662476438
0.58369889235285133
0.44866840082305121
0.4784096694589442
0.51970983469822729
0.47759617603842497
0.58351600144531812
0.55771659897071191
0.51015691623563686
0.49245213343533278
0.43434238416170867
0.41170087136383632
0.49888400320296789
0.45236207532092693
0.46367260603920823
0.59363926873438677
0.47491473264815276
0.45372765509414759
0.49269520547767515
0.57307736690016842
0.5061361860772785
0.5251170997899709
0.45902413851098661
0.54484590906742425
0.56845891602429355
0.38141379775147682
0.49614486790286272
0.50544680937198794
0.48207891056664565
0.55122323549277263
0.44672121116372149
0.32269995841350257
0.40835082036451625
0.46734994006508551
0.55079725644667565
0.52699394904409924
0.54316023506121547
0.6346415999222097
0.41939642563450452
0.48599582481317494
0.45217253519095635
0.473649599152759
0.49595999472604274
0.47855405374812793
0.52858983949823446
0.52615134148713316
0.55675196041393615
0.46326145056998247
0.48245716717890647
0.54961873744675915
0.48353342508970076
0.46321848727965154
0.44321780253674331
0.4643052979444886
0.43125840861888576
0.54737332776046987
0.58378547421937377
0.47346232445705749
0.458327168099257
0.54698500634338287
0.39602675345837951
0.47329054028785444
0.4615028827734059
0.44419072215239819
0.39472092748024828
0.54779005934275793
0.58931097695518997
0.5210987779324987
0.46732417974786883
0.48592234857236943
0.57889483782042572
0.44156684332406682
0.41556671744602713
0.45330029921400677
0.55274487258364646
0.49884368570534193
0.5210917982086376
0.49694582683732208
0.47611310085769648
0.45416783325450777
0.53817348811319277
0.44850769298677129
0.53060943505464453
0.5493188636126658
0.50395423932897943
0.65702705740976475
0.56538086939688759
0.52945006372009951
0.54368461852084926
0.52052403661150115
0.48474502778725498
0.46410875726726863
0.59867153333753864
0.42282253514649393
0.58318666560236465
0.40383715023973216
0.40237879975277513
0.51010253872688804
0.43486333248125919
0.48652232427503617
0.45358795834480764
0.59586850393139745
0.53194957930097675
0.46288422977230709
0.49908920339909457
0.48861649547639829
0.48405793929650831
0.51758943691590309
0.61616106537002435
0.5565491710696352
0.52696684040165032
0.50546751038342774
0.51730119439954547
0.58225108474932175
0.57334532772936597
0.47323039926964416
0.57250044048834303
0.47337965912277141
0.44341008332189141
0.56629323431508005
0.53220400979203031
0.45780858018069409
0.53085097369237577
0.47977444839540911
0.48953105711190725
0.56952397622467743
0.43928595902834561
0.3888738934435666
0.43061302760351033
0.44305444795288024
0.48511604642580797
0.46165457890773653
0.38886268570006294
0.63711969753556574
0.50096197032435541
0.52712701295537467
0.42576951176283384
0.46686562611638399
0.56017575942873477
0.57241448992010324
0.51325848969786625
0.57540491562455576
0.57102884522774144
0.46794003119990207
0.4805364698334878
0.48788570971067979
0.54184621528459564
0.53135188601031702
0.48779377453802669
0.45417228872332377
0.4951088890126073
0.56204463073494038
0.60421793876806718
0.44794543093806338
0.43819993737283996
0.39867513865609233
0.46813249825389314
0.46179435323399598
0.57972457834824132
0.3383648790232911
0.33968415683547304
0.55188606876358326
0.48672371406662779
0.46876435482093415
0.50358527788606866
0.53749185781475117
0.53630035637490348
0.50149753388657137
0.5050998207445998
0.51083039759753357
0.44844230467600404
0.45600716394626489
0.49346127253524719
0.42337555947528743
0.53130222647699754
0.48438263610667986
0.47286957392027845
0.51233141242227354
0.5934629221077663
0.47793767222379824
0.54696814535898552
0.52951698603687036
0.49561905981951837
0.50796107454013839
0.48822059243241012
0.4852904523363899
0.51133271399054026
0.56702552159017994
0.56469739014864828
0.48834246294132938
0.58806352293600139
0.38349680637690248
0.37532281950257673
0.55468218994324625
0.46749600670072539
0.44755764424503824
0.46105034623205809
0.54949252461041231
0.5958764205066216
0.48459602143667979
0.498258381449948
0.38790380255672302
0.42268936108987848
0.5517033346737048
0.55000811279416606
0.49661744537894159
0.4806544777740151
0.45861918758029557
0.55304665904374617
0.56981686549050481
0.3904006518293176
0.38564882941477546
0.4867608484583642
0.48632023172093242
0.48551784493704908
0.5346136817398347
0.51667123405144866
0.54555013488937665
0.49977581949083827
0.56304132834603648
0.54381715503237893
0.4760710440868624
0.55151554456083696
0.54313098655355152
0.32896660981891557
0.58561271075906063
0.53121642381655165
0.60510931726949313
0.46002513524749894
0.49167149292934548
0.52689813232753469
0.48818758236531107
0.47851674065925071
0.45276511897877464
0.45722104006462977
0.50520558277091598
0.48700461484705304
0.47084613086120974
0.49828391251858689
0.41859743146232331
0.46489436232248488
0.3420016135702984
0.50783972475365313
0.49138534667287204
0.42552951928801824
0.50529764539205901
0.51792779223334662
0.5398648908615723
0.48677103799286314
0.49244418740219498
0.54073889558167176
0.55032837519915567
0.39425348307216773
0.4856046729341667
0.55907649798285441
0.34302863854480448
0.32399574389506003
0.5164099763786657
0.50754898657509806
0.56445340282442813
0.48316692816214535
0.48459521514250448
0.50393611396918903
0.55796226562134676
0.5975360385434566
0.51690746564264445
0.47680750937280236
0.54074177135277957
0.42701091632727861
0.4262602556613091
0.57176866784387725
0.48149451534441279
0.59324711783249207
0.44584760335146956
0.54250097782763684
0.49645929387017512
0.47724549643215869
0.45761517927310469
0.50749778562580183
0.50598111769407805
0.45066268001696147
0.5410629886664533
0.55712724654421519
0.49650858853534807
0.49946890548335304
0.48263502855406393
0.50104875658385617
0.49826412923035268
0.4686492733809392
0.51435724536351068
0.35654846977505489
0.51422226014061367
0.49303786594763094
0.44376994901667555
0.50097838885565893
0.48181196515333224
0.51409875679474737
0.48965995651916344
0.53357315987373666
0.50317556354998594
0.44516575940353531
0.53111059667665617
0.47736042454437272
0.43478778336276108
0.46235731450921341
0.53597480352302085
0.55202322008746441
0.51963314382875292
0.54586150641887421
0.48358995530255866
0.50960287338880728
0.4980343735562075
0.47908692415513054
0.57384762224880026
0.53543090768987345
0.45434621079669019
0.57516280900821559
0.46805195589213827
0.49619969003584874
0.43159661195094795
0.48260538994820168
0.49599012331000969
0.46248168233748427
0.44136003299726845
0.48054659612335709
0.46208574093825772
0.47805092838602292
0.53720643892562048
0.45239896158893678
0.51735913203930861
0.44951310132655226
0.56245140933914151
0.57311198216883885
0.47494866080314435
0.49560074198236315
0.53784819320229083
0.52739056664678408
0.55089834910435731
0.35864983111650761
0.5749344176018929
0.45239078511185815
0.46782684124594487
0.47260780515313183
0.54814878797051891
0.48501437991451318
0.52156312718620912
0.53998871631454359
0.57444438377952789
0.47603155474684677
0.56603046386431499
0.58583218369996792
0.36503253587654177
0.37270326436386403
0.498361003387639
0.51312475597369889
0.43910829421608999
0.46942075635529895
0.52039668419872653
0.47592314936236479
0.52064674977712788
0.52464179010654
0.47673599071800948
0.48284077349702381
0.49510044899158906
0.55816553084003673
0.51162746748691734
0.4258836705845474
0.45102649760056956
0.50825015484297908
0.477621971051858
0.46127792831497177
0.5251496520772222
0.55003565902812701
0.50984328698199699
0.54117494468306626
0.42807072910871519
0.4908701237173681
0.42328714765452236
0.53912006488412267
0.54434517448729181
0.56232015095262711
0.54844662063676208
0.59218244208664483
0.43062351130815535
0.3946630003481662
0.53668608642824778
0.47992149267603773
0.55541350824754621
0.46310500053977027
0.41682312243239195
0.511204080106057
0.45667393780571391
0.52281089739683106
0.46193572924943443
0.47684855130127091
0.57176731478409326
0.46746117590376907
0.54411690238997334
0.40908134964714016
0.51299657241247443
0.48708634407295448
0.50797759507646723
0.50345808565592864
0.52627090219963268
0.52766578554243504
0.42238161369595373
0.58964405683479315
0.50829403272550089
0.45602462203314265
0.41542079407078902
0.37290883142689163
0.52024413838766392
0.56275750991067108
0.51221692538378572
0.48452858662988346
0.32997024064125713
0.4016468019672661
0.51344752962573703
0.48230972298167329
0.58996232599780518
0.57281265049332042
0.50405189382602855
0.5039669378024938
0.52809039228469146
0.54081573011576722
0.50356236677760702
0.58050156292900623
0.46208010681349093
0.48891455467399236
0.49261906822756624
0.50528824491273561
0.54664632107046529
0.56638350962872563
0.56757303938653392
0.46036554805369206
0.46126760122627519
0.54368875696697483
0.46169680038615918
0.49644751057883385
0.48708097150278157
0.56764075597799735
0.4775292285172561
0.42042583263410005
0.48267957943643164
0.50655654813912776
0.6145515723121423
0.52051131840717635
0.4037564396530976
0.31182066715301865
0.40116294375327355
0.55954254226297262
0.6748768759351641
0.49689973711282914
0.39428000599916185
0.53127726489840144
0.54316606267393186
0.55495355363714738
0.47559900147640011
0.52022331273322031
0.53072200308082118
0.51501129447327954
0.52150261289990574
0.51412697471338575
0.58931027233296895
0.65194178045721352
0.5230940092067039
0.50493386532754581
0.48295680482882275
0.56036666015983749
0.47436829615116122
0.43965884176349468
0.47391368599623862
0.44348623416849881
0.50856926819083936
0.47978771952043031
0.505129239014519
0.50402577295697581
0.50371662645587523
0.49407012257675897
0.44939475057559397
0.34630318650669661
0.42781655657201412
0.500377734667521
0.52964807997209595
0.56767878413416006
0.55187054955476678
0.52975548745487078
0.4653606480560884
0.5208752731129529
0.4600110810530848
0.47717982405870651
0.48512572594977493
0.458804521504388
0.59844657030040538
0.54570660306533803
0.47878565133414513
0.56770267887529235
0.51898024732350423
0.43282681424385755
0.55525407364601154
0.52996734837278625
0.46795376777518172
0.5266349242006293
0.58174846750076015
0.57436469620406827
0.44778563535637489
0.5165968645933563
0.60362654500175639
0.4803619753540907
0.46892515817960551
0.5227949541585053
0.62348884230506896
0.35649132361222313
0.56437664615714778
0.47927087341584446
0.46932909700244246
0.51829177064199305
0.46901544451502114
0.49467187379828897
0.5218107684742882
0.4847991684230189
0.48291597478986908
0.42511366836816311
0.38951792517201728
0.52143836019184675
0.48722758847119602
0.52615696241429699
0.53462511002756707
0.56796365287174555
0.52293563654015662
0.44305768971573606
0.56984866344771379
0.59708999055035406
0.4997763763273127
0.46424681416702868
0.5201137417386319
0.5307574458663501
0.60166164375275288
0.49771986377702365
0.53392628796503849
0.63100273493221126
0.47711075632062644
0.43032510428799098
0.33140048534783445
0.35100705372966901
0.48094541683084752
0.56095687200466404
0.54613633822862107
0.58231691467821933
0.48772302578893834
0.462798567846607
0.35481895856210571
0.45507684410573657
0.43582314374938308
0.49877559353383732
0.50025525667935922
0.55413456659572036
0.49572599555399066
0.46505399690696225
0.53259119300084889
0.38827490913384544
0.47844203035199329
0.46072875542083158
0.54668653572553016
0.51141262075154947
0.50792456394821384
0.57377921603868709
0.53011762434471044
0.6397504810908452
0.50316328472773342
0.57203731039379757
0.54148342794255466
0.4021448187497505
0.6543679180406835
0.46183924424433181
0.39197040270336109
0.29231399124574908
0.47955506723652463
0.45405091326607294
0.53464569029669329
0.56186975063286526
0.4922751608410289
0.46657001510047924
0.53366191147393438
0.44462558087147258
0.49800713506499283
0.57933313090526151
0.57143648535068836
0.47737416144481359
0.60139733596881917
0.4832093349369726
0.55111549991867748
0.50946925370973506
0.4807529684888171
0.5205350923080142
0.53256424776802169
0.5670074699707105
0.65164904554943315
0.46855469272635347
0.55772838575924055
0.52235240169718333
0.51611151815538525
0.48309821382065421
0.46274841871277889
0.54430720262750298
0.49391094838338301
0.48811221745846523
0.31633244986092346
0.4645301363346846
0.53133132546531547
0.5502880477130867
0.52813606512358269
0.4856517558317669
0.49948218717343768
0.4968922982835815
0.55622546084717461
0.4567682724031788
0.52949327178010219
0.45322223581817567
0.4613509898419873
0.51128502473778858
0.48798763132875284
0.47990291085869735
0.50350408997460505
0.49831138338574149
0.593489197665792
0.44252566042068231
0.46714504585255529
0.49232550312426548
0.54887122649582254
0.4406065750064927
0.51029888993097872
0.60167670921550953
0.44743591912595621
0.51420851881835217
0.46008158451672271
0.56009351379818584
0.52050803390303468
0.44936168792544023
0.44695371540990464
0.45050977007882631
0.56591060266518134
0.51430153673468004
0.51084865115021405
0.57290913026048895
0.55899910591855628
0.52404657190348602
0.48034418430256892
0.45746064337638903
0.56137422201598997
0.57678166764565209
0.50653839196254169
0.56567390072194157
0.44922089303259216
0.51019688806443597
0.53612976071666363
0.41352606786999613
0.52165330794258524
0.56750872676897635
0.5167197682319965
0.49018012140791156
0.56423557938548163
0.48912175858271717
0.60382905556935929
0.47379340951174809
0.57624693769896207
0.57935929824394694
0.42793372288170589
0.51092213405386744
0.48630689445171654
0.42716455056002922
0.39761702052744352
0.42238913039063863
0.51863897063860864
0.41345530749206816
0.46220890729554137
0.40852546232016401
0.47682213654204469
0.44418497680497465
0.6322335165100702
0.51656708409593532
0.46115306930252048
0.46874440401353318
0.49910090153268694
0.51972761043509541
0.44026523964823883
0.4732692491189871
0.46026661648913675
0.47230045103948515
0.50668651489652072
0.47583430731919207
0.55433083848788001
0.47695426897900806
0.46016324747167531
0.50841710950029384
0.47674811969119318
0.37121349010910126
0.50810634570886504
0.53520131587850595
0.44474241398487552
0.48400774390042722
0.46669438213490305
0.50886464743189808
0.40652958871269046
0.34055933279236861
0.48952571982175574
0.44521343605067626
0.48188352316636146
0.4588329182895674
0.45128559066711654
0.62935112103033608
0.49676317291848748
0.54448115085187787
0.49837560362714944
0.52281685770865427
0.41394705496219625
0.47760066410107538
0.44055353237663397
0.50765492690869851
0.46276590950519597
0.50422168507853971
0.4944736277006565
0.42273952081358701
0.50406146590772494
0.53216246301485659
0.57433672098286193
0.50002722523810628
0.50861229983751877
0.56801377099576533
0.49979827935741067
0.5040707390029131
0.5202082041168552
0.49165240844641606
0.52816726447622819
0.50533255127302723
0.493789952374111
0.41128591455019975
0.49719477592363159
0.46178560317117795
0.47270494686717945
0.57785791445653822
0.50572124824125153
0.43396096639657233
0.48813978357869597
0.43423388752402681
0.50523002874411349
0.66399046727097732
0.48822032934608284
0.57105368616821439
0.5880878239084476
0.44894833909102683
0.45208518797047409
0.50338864128961724
0.53700963318821215
0.46918063614188699
0.46234973976949256
0.50334229930660823
0.48183337762660622
0.52332771147864476
0.57291433299421235
0.53541444663716165
0.48874252989363531
0.45135515252282471
0.57699582865177323
0.47662238125544804
0.53844223383165513
0.44792823063163861
0.35914538953066782
0.44939162252820941
0.43759669185899636
0.45365168101701026
0.4885203967087674
0.45726581701309066
0.53281082203813523
0.58460011321763983
0.52698586514335866
0.54765215581331383
0.5388322744509183
0.4816128058861201
0.47579358213416967
0.51517495036700156
0.45877366857641527
0.51624517061290631
0.51363743077918456
0.5354440800803808
0.48286629694452943
0.4860465898399452
0.4369652543651209
0.5058507292516139
0.46353887799785243
0.48765922494064745
0.46473816063290357
0.57696891714347098
0.47116925079721661
0.5177595049533471
0.49114697534496826
0.47177069488775719
0.42349703891149182
0.50670906255356973
0.30773719311615777
0.38074164150876783
0.31327694876303896
0.45087607537200108
0.39085117985362966
0.46969242215025331
0.42705727976757007
0.32005192020941475
0.52724909808503839
0.43956136773358478
0.3030649612197322
0.36668219864409857
0.35983430123861743
0.40576495896516107
0.51269158289524785
0.42733796908195376
0.53213245301665557
0.39194893118015445
0.48974183721117914
0.44461604620986195
0.3892723632028236
0.35571846707828464
0.37191700298322944
0.40606764991222105
0.42729340824825129
0.42972076882362603
0.45955093115668511
0.37226191839344269
0.34278320596668033
0.44634048559300421
0.57150222967027919
0.47673001698817263
0.28986003975585389
0.34110872579173512
0.6537782975346208
0.38873828486716544
0.48768652715577621
0.466766167771273
0.34934633389659375
0.37520583520531964
0.41438373429496006
0.43559075158956001
0.27474748140304012
0.3704024961952242
0.39584318669076041
0.58617986725069215
0.40275891789132201
0.38197069520224169
0.52934381948147524
0.48775595533316907
0.38850311842348811
0.39734472886343397
0.4970745497673229
0.3877097312978241
0.3588776185615285
0.34964537705570647
0.43731858039746857
0.45312201679224556
0.43699200212107259
0.41624954325182706
0.47043383105824638
0.38547996481045926
0.45811896488675724
0.40083291432182683
0.3727695104504325
0.3921781548896332
0.54394842614053485
0.49366986553588277
0.51445564453078085
0.50394254525489657
0.52047780447028547
0.51532453953529678
0.53922210878753341
0.48965994314929673
0.54248894054933872
0.50067185766872235
0.60463433983120707
0.48433790818099998
0.53605773247116306
0.48932222624115795
0.55679897768661868
0.56847098324901724
0.49934576071940706
0.48878249326588324
0.45408297416798599
0.58473813140606556
0.44045828040583129
0.4902295140065
0.51464996988485745
0.43988120857769258
0.50404986931981077
0.4973283357238204
0.51174959835903011
0.41646058563387661
0.60797633527898931
0.46324818733377554
0.37728644122245558
0.42762449581416534
0.46086703407466667
0.54217196192994055
0.5862183726576542
0.58213293738291083
0.54316195917210608
0.49291582658326971
0.48377909887701098
0.46573340104315641
0.46010374013299465
0.43497503558763562
0.50247318365268134
0.5861211301348539
0.41322677774191274
0.41482685476109538
0.51844852243099182
0.56026359076317644
0.47482714850655305
0.47952028796708984
0.41628337788190084
0.49396150021866014
0.42129087594640002
0.50609277777796757
0.51992594039553097
0.54803616359239404
0.54511587224642966
0.4673619258734617
0.48157366390693412
0.51631315401042432
0.44083348187893795
0.45079773531611089
0.38185595225440638
0.29979894679038888
0.51300500539676064
0.48589443848946257
0.43975605858452127
0.54716579644703844
0.52150012487540576
0.47636855371145759
0.5018548927847889
0.52242829132752755
0.47325840359081306
0.54632460033675945
0.45381806214650067
0.61396263056081013
0.45497894551079754
0.52828581294869736
0.53111698825362896
0.52261072656687091
0.51872420873693592
0.52892451914632532
0.57792737544443884
0.49138608101461756
0.45743146383250261
0.414309145777711
0.48338952499708121
0.47987423832615533
0.51057001290984261
0.56539506740280387
0.45336492359764646
0.41555877441005218
0.52729852597029048
0.58276053822564866
0.4895737356845079
0.48459983369183007
0.55364826409053491
0.603927437699323
0.52247822196393956
0.5277863851246718
0.48851304029840154
0.461007966444346
0.53613739060042775
0.50828409028169652
0.54942344171247937
0.56740010900455218
0.55597541815697871
0.53163583060584174
0.61754404605222046
0.55117919177552599
0.5195612070435971
0.46724827736440039
0.55802469914913289
0.50902802307794659
0.47519641765409892
0.51975520774159378
0.444039698572125
0.50397869225254566
0.44489094450878824
0.51211843450093497
0.58545749937560987
0.52897722870257058
0.56681248455440547
0.39539300359556545
0.47965193026382802
0.60829153586930618
0.4118835554513855
0.40753089769893291
0.58684557241593471
0.42017708781681901
0.47254370256686107
0.53515974309253356
0.45025235769538946
0.46137395814744708
0.44230680482492007
0.54442438524547221
0.54906416610321152
0.51433843656124867
0.43279242023352882
0.45286559954995192
0.51707144764785085
0.4761126960633833
0.48101972138181748
0.51736950950564708
0.50995165937957476
0.45036229488328927
0.40860390580143829
0.50959715927892479
0.53763230428914566
0.47696425380953694
0.54812522946409603
0.54913957472396091
0.52367663217747573
0.40181251053605738
0.42349173990864808
0.53799868216202895
0.39266749803621331
0.49888809283668906
0.42423428269660279
0.43046043918666316
0.39395225584744847
0.44000046984879565
0.47769590961868208
0.54934214759774092
0.55576004025804682
0.48896949455959865
0.58273366109995384
0.52271933883147514
0.58364623893111267
0.40330453730984833
0.46688328584069594
0.51600854072028934
0.46821779591278778
0.39314546324586519
0.52896287278025411
0.55685011713998001
0.55083628436552701
0.53096503215403579
0.51828775049729336
0.47494461770208724
0.53904192510254656
0.54493761675951902
0.50299240489022279
0.47331367614291286
0.42395483629459646
0.53418946636601683
0.55327772780200934
0.50468707941744817
0.43783192269906407
0.43558504928031933
0.393926885738065
0.40906916279775557
0.44747281843351855
0.4750084798146838
0.52027698486310847
0.44921062702012488
0.42929253752867474
0.52938620194510266
0.49924796057301318
0.53332490251922549
0.48405562559360593
0.45774234830090671
0.51327204903952039
0.49989132588689045
0.47676378424531052
0.52493546572353134
0.50004550805970593
0.58672377898005312
0.56856558324566908
0.5578800050622077
0.59868238771564042
0.46247693909342352
0.50491264561017746
0.51743076151098566
0.56927724621310205
0.45191091226958269
0.53474818316937955
0.45698601002760381
0.48273156013483381
0.44656626326384163
0.43655110459517038
0.53448731155179152
0.38030506738319647
0.43101133397341912
0.53350077250929362
0.47668550515301478
0.46660930506817511
0.61147461405405201
0.51413702339162692
0.53160639718700942
0.55522240357677288
0.56726175497081455
0.4397340342618305
0.51000981718309224
0.49192258329523231
0.48255143283563068
0.52005501024126433
0.45131474011574552
0.51537256200590964
0.45780794387351614
0.33843456599495286
0.52674172970242894
0.49101865129444039
0.53876485706454347
0.5050027916656874
0.38295661937342407
0.536394947305875
0.42906779986828003
0.49834283841639654
0.46795875905345086
0.4654636959299765
0.51418472476094113
0.52873042363034917
0.51529441068412141
0.37024970860732848
0.36871474524553122
0.49487342406471352
0.52289300522220183
0.47480016524308449
0.55685138037319548
0.5108348384098228
0.45979869313623545
0.56746585536857141
0.39893087712285302
0.54856911896735694
0.54639302319181338
0.44927161387181125
0.44565773990208524
0.45015568785281262
0.49474670791092051
0.55278481400763246
0.54602425414430122
0.48910773830767251
0.46864115420450914
0.50270841313499381
0.52934123433252867
0.48213258849739266
0.52431197300877941
0.38837940925958525
0.53404023376675236
0.55244100004929997
0.48383318745517051
0.50484195794413378
0.50710282788676619
0.4955196962141899
0.51385221290577077
0.40274365659404537
0.35100067028373927
0.46161086549985586
0.49426373665572487
0.59490306406659632
0.42290087584100433
0.46275248770386285
0.52161858721429077
0.52317643709578709
0.4628862579159842
0.47011236866904904
0.55200699161623512
0.51521088726648168
0.49111174025074117
0.54870185092548018
0.55989650078919606
0.45990560338909531
0.57607218309322539
0.55780710348679885
0.52750531226326558
0.60922298000726993
0.4511736537254315
0.40760246026305519
0.53922302599006022
0.48921155212407758
0.49415888966463961
0.49451143378144818
0.5148232026077767
0.48519437653446629
0.48724733970291667
0.47897797366153788
0.50500840133845148
0.48271303555902556
0.57324181280676001
0.49700688522446174
0.47370294993817069
0.48745947900473613
0.48714901410180761
0.52568002243357859
0.55006265708102597
0.46636184677626275
0.60578895453620196
0.48967081211406427
0.5559630530821178
0.50613342500098502
0.47784061137817424
0.51239650931255476
0.47465089432842739
0.53778085365884243
0.48942219728565084
0.48753103523272356
0.52042350377528868
0.48399589718886071
0.57269498647649153
0.5299614782918457
0.56379982421224473
0.48612460343188957
0.49389959446051979
0.48551197983523764
0.45277252674454954
0.51582384272006387
0.50798318185072255
0.47879657266838777
0.46870783892512236
0.3783867241515409
0.3805789256945023
0.52855083272649639
0.52508304788181104
0.49616722527807083
0.52373543574700443
0.50171486151218814
0.44263497914138539
0.47690502334187818
0.48823464286785173
0.54718471587934037
0.52622017745725524
0.56515319112477724
0.51029405288912522
0.51366420717031802
0.4753845977972217
0.40702276673784188
0.55190198224575859
0.46615681345668736
0.47174177216617047
0.45347042934749687
0.50779546483622784
0.58930935691943986
0.4629818620525582
0.4424073369734472
0.5258067567364656
0.51767582750519148
0.58235682141646117
0.46083134390235336
0.49088849813117719
0.49490418808069553
0.49686372010458479
0.41267512233206394
0.49843736414747841
0.48366442521989844
0.48100388001779776
0.62074791328785595
0.58380540555743332
0.49514298864455764
0.4138707688433011
0.41507493304277299
0.51964104835072888
0.47307403563354733
0.50822883686353448
0.51205224257159898
0.48844366934512323
0.46842829350166904
0.54162179366868946
0.49079201337523598
0.4182457168598242
0.43019272221143368
0.4924419394589879
0.56460007054389705
0.43725640614320122
0.46736903195448209
0.46147076507733903
0.5087451348185803
0.51706893089921391
0.57731216377245553
0.46518355102669418
0.57284440617463817
0.56130444897213572
0.4290425985383039
0.52928300249829652
0.44044774134477455
0.41400338462917391
0.50304055144832704
0.45914415033594408
0.49885592115466149
0.45042910516569368
0.56505808302035221
0.52876350215663581
0.48096815533219733
0.36972771784421232
0.51147168191590886
0.58431712258931412
0.5258893526585372
0.54521127630775279
0.4403142884994633
0.50630633796599989
0.49116860161349873
0.59862967244566889
0.48937869557602909
0.57810655936888877
0.4429423326608401
0.53412669858187767
0.54761546329129951
0.48786627120296938
0.5359499915142707
0.38319214443838961
0.4997193861172573
0.52833750176344074
0.5738515255680694
0.47223967370491698
0.49812989151817355
0.54765730779255839
0.4505676639395324
0.33149349136137046
0.43095073027687203
0.43122129919441915
0.51268973035856813
0.46822262767283318
0.63468213766797021
0.49178104506337506
0.53335045594833996
0.47817427274273139
0.43071537350498834
0.49382086480453502
0.5104604794301778
0.53940163025273324
0.55722749146475659
0.61245489871538927
0.50743497774208024
0.45098707538669663
0.50321210511232528
0.51803702812521024
0.59793102036673029
0.52776243196201744
0.49399003204893005
0.45024088163214421
0.50447902520548704
0.52998185750541682
0.45359744752901027
0.51664655262702819
0.45482079439353051
0.51511222527115341
0.51441481057317007
0.46909271916484246
0.37223064396285738
0.49084197072838048
0.59501396862021017
0.45703939647290859
0.57048001791971037
0.48552820472137559
0.50245379133807644
0.50527873944485535
0.55825842131054126
0.47050122972849101
0.55010389791806835
0.50663109754536373
0.45689861299866397
0.59444115936715269
0.4925422061958516
0.45988620643888062
0.53778355285269541
0.53709096336652951
0.49286186761217016
0.52096863979011943
0.57402748013359295
0.57140841799669007
0.48816835696049715
0.50098425318403461
0.45206347854584833
0.53144733121245913
0.61004699863701606
0.39557663108103586
0.50687080463624756
0.55555077325620239
0.48018362767507278
0.50917212775099452
0.28582703472701104
0.4465543083932268
0.49375854629952726
0.49174983183227461
0.54563964109850593
0.52396097916819429
0.48099640443327524
0.4403299482487093
0.68344663733745414
0.46740520700636062
0.47236037230094285
0.39836327828418472
0.45038528789472365
0.50263821194019997
0.47643364443076941
0.474938524202978
0.48694165638810971
0.44539513942895143
0.43428926538277529
0.45877937413913017
0.42213732035171175
0.48428204884284171
0.52695524098934199
0.47225775310907275
0.42999426851925882
0.54847918802965789
0.54151256432272887
0.46547383983234836
0.40630528842162078
0.50741022579407846
0.54875066521840021
0.55062061366158865
0.41462267172301576
0.34804189255132123
0.51482486117755399
0.43373640361622323
0.54098534494653217
0.54095939922038494
0.50666145928982309
0.47117870722699617
0.44132341860326629
0.46025245423215849
0.50632192027723966
0.57071680233901323
0.41532700229924802
0.57092914337478196
0.55086343220136258
0.48580583603502964
0.58031546059560568
0.50880403758662163
0.53547006307621736
0.51624712216066371
0.48147771476738455
0.46027491875069854
0.54943767727346526
0.55133920414102633
0.47995171712774171
0.41155082099215101
0.39486844341409211
0.61999239246824933
0.48916971693167871
0.60078874190240894
0.43994329011649597
0.5446318835947358
0.43241079108696495
0.40558018453946787
0.40898307688973767
0.59180457498059746
0.4845749849564312
0.51310053240798537
0.50986073656378739
0.51514542933079988
0.46781403951688749
0.50160328622762129
0.63737024228992134
0.49237386844465125
0.46930463624778823
0.60834138119259717
0.5321855503735774
0.50269381061482077
0.46320323552294784
0.44925728590147285
0.5265028598923126
0.48130754984136154
0.49434660510396394
0.53383340435045212
0.3971498053035008
0.49256882269568741
0.50461246329834353
0.4449979802288383
0.51183243714272775
0.51134446069657491
0.44260394590313912
0.47988039911779462
0.54050316404428655
0.53986663556733128
0.42386574681179434
0.34819560893623663
0.49381417815023348
0.6553464133343766
0.52020653415259543
0.44422083126650502
0.49955302902402077
0.46502709684701965
0.49698873697112783
0.48099450864600402
0.52647431354585839
0.45171745195894181
0.42681257768067082
0.55186184276786809
0.49573875912111737
0.49292160727186257
0.42690980736283046
0.46193250697138971
0.44998480895575232
0.45245955775853258
0.6004238793109804
0.41109328196347822
0.52761507614391456
0.53416378970610778
0.52862193920959499
0.5458460057157859
0.49478294235386816
0.48629068546437465
0.54685964458477576
0.56972795512980923
0.46704559300762594
0.5519845658503153
0.38169329681637226
0.50335223734440648
0.54338471332769867
0.51701200245880785
0.55557223283621604
0.54131126388397222
0.4712189481086525
0.50363182925825845
0.55264238488600981
0.5294026959734347
0.64265820318177602
0.5436722816329993
0.53129852382535903
0.45974940664590053
0.48531316321502388
0.41649459749937856
0.58507634315178048
0.50172581147802497
0.41491888723243436
0.50353365178743004
0.51082639830986332
0.52895292178078535
0.48915354673892658
0.48945544993895468
0.46398120975783397
0.56977720896310191
0.45842577325441591
0.55080388917081569
0.53817683166931429
0.56455091183644257
0.49081384954453178
0.53043249217659749
0.3814225356204366
0.40007050672787553
0.52072235865911309
0.45898423094386698
0.50865603132369319
0.52507705906885915
0.51339729636728593
0.43637347903336798
0.49459745649255327
0.48808569890736392
0.39528615299612752
0.46411795379422932
0.49035233851462801
0.55855667741791937
0.58696136833056933
0.56795211093610021
0.41060491125749882
0.59183739495328713
0.46830284546024237
0.49317116506357822
0.52661424717927319
0.5470045621829136
0.47456358325486819
0.44946229077444921
0.48219349795479183
0.35255518049124457
0.49709938265060544
0.43928761148059597
0.58874407378157012
0.46271651697729504
0.43767756358609683
0.48889058907883864
0.44286579872166371
0.36615135004661375
0.49119281391596464
0.48962853955781177
0.55267067394210423
0.44891017982194648
0.45663855966343347
0.49075105965220128
0.47151365909544363
0.49153327256006479
0.45356017900978279
0.53048270675559861
0.49517757584439509
0.50527266494805256
0.43943088921692286
0.52075111983036682
0.47914765827157868
0.60123242607580718
0.59519752026104089
0.46103107064617582
0.45610047773855694
0.47805384673046503
0.52707972008717441
0.47785785347607673
0.46043574959008859
0.46526694691507375
0.55230169511168792
0.45094218877909131
0.45267750989409961
0.51411867743566919
0.46165462778983468
0.48943294067114324
0.57739154351731403
0.31240019967588695
0.52268421295695799
0.45473500686345852
0.51140519652037852
0.47331036810652261
0.55184630415703062
0.50752975618665064
0.4983048032018112
0.53435747777858456
0.44035720858855976
0.46792341952827649
0.50145961325758415
0.52106271452004294
0.55537052716654056
0.55004574173513054
0.41924482983682554
0.49470270974902886
0.50973077667740962
0.52407955652421845
0.58417183411019269
0.59192945940830799
0.42768113293647864
0.56017352309884261
0.50156571668293726
0.4723164003209438
0.44790849845259195
0.54093036881355472
0.54141590351096969
0.4838262963283399
0.49280077215941465
0.45791293625421625
0.51641780665974557
0.36263469388194908
0.49110623620433985
0.50232211822747708
0.41289001993457602
0.49109839766613772
0.5278706890597421
0.46582504169750888
0.51141458942728801
0.51060103833566184
0.57657761064228841
0.47877306388577212
0.47667709230292549
0.47850864324584169
0.45918402172848982
0.55983609218782771
0.49380608036879625
0.55274158304349341
0.52889962173685734
0.45527776750013704
0.56248880017157443
0.45860845256660993
0.47036217676487135
0.55518315497373694
0.4912154680487259
0.39409177197754924
0.44290484805254243
0.54546916609494556
0.56458528601086821
0.41778808428639436
0.45994684576905637
0.56518293599067215
0.51993597535440406
0.3658327584775054
0.56746212345965596
0.43149416979893879
0.5078760064366582
0.45107902747093842
0.45522337253219364
0.42639878631842182
0.52817701564717712
0.45000589918965062
0.52558859011256998
0.46621146770680766
0.43832154564317433
0.47370400817741892
0.40486568221715646
0.53564019364105475
0.5197032652874225
0.50735288980720106
0.50187565662476397
0.55297927530429092
0.50200237632395506
0.47167702559352653
0.54436454481099428
0.49938109211501608
0.51765239556518816
0.5441351333158666
0.55851731650085923
0.59115830883920828
0.5035017991538091
0.52112998776043185
0.51017982027974174
0.52817840480430145
0.3220773337284672
0.42454732233376052
0.59265975200952037
0.52196991645837665
0.51367169297131643
0.47971934328705762
0.50328919444281717
0.55032879458264583
0.53989337180929464
0.55368148174364773
0.37671109245725326
0.44987593368244083
0.49064939285751041
0.50473031356419551
0.41797894862588875
0.53583126142605741
0.45295241115807156
0.49762360133422567
0.4753810975580019
0.54026381820030911
0.51217886858249451
0.47518066130251801
0.485288783021187
0.42060856088989806
0.48378605654093837
0.59870586928290304
0.489256616465858
0.46780494852204196
0.48687334792770876
0.51611170660059347
0.55093100729267119
0.51195954429689849
0.54168545208501995
0.37925713915707127
0.39453028874805168
0.44949535984012945
0.46725483833100778
0.59399717969316645
0.44142146699807844
0.54509159587578171
0.68493216305155635
0.4546593956450462
0.44133602052218651
0.58773754404412648
0.46891864263015159
0.53414409642561367
0.56549193227736083
0.48546137266507777
0.43753371179659534
0.47478644353438909
0.47791731107765312
0.40882938820275189
0.54304373871699663
0.54499440415377498
0.39145744120933301
0.46467455547074649
0.49346829013479149
0.49790473476829322
0.53971551749802871
0.5451392019892477
0.51928320683242168
0.44729357879074716
0.50766722427036781
0.51061193712568709
0.32519977947561884
0.38788021422658431
0.39849159411920754
0.51748807514346096
0.55100380360295187
0.45660506332314577
0.57508923381041666
0.54623664651372117
0.52845533472767414
0.4789898414596952
0.58982963490473017
0.52742044037539859
0.53309278456031406
0.55865058735518947
0.53569272193259199
0.47332136867031704
0.46303389627477509
0.54681099107508913
0.47425331234529916
0.51149077545776056
0.51146563667291112
0.51664932701870081
0.48137657023222491
0.45662228210811284
0.44820147809391647
0.56404297407253301
0.50528583247148817
0.53161092096923912
0.51247046453866152
0.48649515995111237
0.5339886267723033
0.54147302460553237
0.45735839093108721
0.38288305522525878
0.51291989847758612
0.4967290583961439
0.516522439888499
0.46965718382906896
0.44690670838557706
0.50360430506904652
0.47780381288752016
0.54486240238636086
0.54368902896822724
0.51928329994711109
0.40326573746378641
0.53058681863989809
0.43473505046866812
0.46756392251440226
0.48948998907336289
0.52407813077414445
0.46752690551757886
0.49245051376256083
0.53149225072087813
0.44727005775187612
0.54530114491852366
0.44643243787313991
0.47462509530289859
0.459569591693197
0.41967756386086785
0.50625366600512978
0.53160141003259564
0.59926465124969597
0.52981980063803469
0.47209926222586945
0.34299125194741875
0.67225149121285599
0.2976550863491258
0.44058426274724355
0.42753413549297214
0.42416348781484525
0.35425685121272849
0.39733384412770067
0.45242266976395662
0.39794266659170308
0.43439251032220827
0.37610215048698675
0.37206954823093086
0.43978802606592693
0.48902111088084022
0.36486995746251077
0.45363860726987204
0.34464942678868604
0.35372984375036065
0.43879117520288113
0.42038141617192221
0.42248615571284781
0.41406021717009245
0.36990397087902671
0.42122450025828229
0.42756399004362722
0.47309648423916184
0.36432926491963541
0.31991603977351601
0.44353093617719691
0.36010359896050886
0.38521103852928523
0.34741417882507525
0.36539893241330479
0.33597955938227841
0.4177972819113091
0.465543360941021
0.41923002069747684
0.39802693336912215
0.43695639613741438
0.54331864372425465
0.37237488777629207
0.54976437630422592
0.37214233471453623
0.4049649611320254
0.41516336834572576
0.41830186574621708
0.3801904521164885
0.45363571819570991
0.45652796919132782
0.32970291291604065
0.44145499722506132
0.42152944824761496
0.42583791708613089
0.34469320862183706
0.43399530475029363
0.28809372188279397
0.36343746138732153
0.39974510531274887
0.56706012061246935
0.40787454000951234
0.39306969095056715
0.47452408227897336
0.46540526006758914
0.31424572487516211
0.38624145677414568
0.52334895289718675
0.45837906935964373
0.52720508331506799
0.51102641923642533
0.45198475622843776
0.46388355702034528
0.54511372372282263
0.52668098834149102
0.45201868003602397
0.41133483767815704
0.46807056154337273
0.54339408631646424
0.48611344336050261
0.47055684043819274
0.55413231844559985
0.63189463616131147
0.5174256985044533
0.58217781413244785
0.50974743989189442
0.45660107576127695
0.49577763011730031
0.43813162789862142
0.48718911619481187
0.56315860110427907
0.48016077127387158
0.51971528286424429
0.47271744737738469
0.44906621376850941
0.50223945699744432
0.51417278718935422
0.33184946033095847
0.4227698941446193
0.47491487981875308
0.51268869430581143
0.54729987069816488
0.43412913358196825
0.51415347688812141
0.51721065712450121
0.38752942219877251
0.43062177387945222
0.45541023002123826
0.50667300907705581
0.51066093937595747
0.3894850028876512
0.4350459125656046
0.54501579519204313
0.52270739690808887
0.40263627807669383
0.57516186698284399
0.556187099810867
0.46516156418137666
0.52170105337861838
0.5344853550544586
0.44503784664075929
0.53245213924299972
0.43801247446890562
0.5283961165490042
0.47922843830845174
0.48612372526439013
0.53691585505576422
0.39221607367856165
0.48304221763803817
0.35540701355696563
0.38115861856562605
0.35381275813114643
0.46022603805589279
0.51755989096003918
0.53366266387479377
0.55371135916508119
0.53653473212635061
0.53807127206622785
0.60352818162462274
0.41511030860220177
0.54719379038681992
0.52202951331548753
0.49502873907522343
0.51310639111934564
0.45837369364542141
0.45474937594235459
0.43306368618322999
0.54450736794129129
0.54949797956269242
0.61152736153109677
0.4721205318022893
0.47920330757916896
0.52024447758133718
0.50365075244169599
0.46033186736141102
0.4964430130102282
0.51137746015479701
0.49703150314125233
0.51148088408953662
0.59375703831852789
0.4958215434788702
0.3677135298021334
0.38651350242332089
0.49082560212356996
0.57819347743221527
0.56856538744041074
0.43095647904592238
0.47057588921340826
0.53585887187990489
0.47465972756833541
0.46202010794884124
0.44420653850365072
0.43624991320695811
0.47437530772173442
0.45121639599135877
0.50113190917256445
0.56983279502104134
0.47598532115352266
0.4627718678567973
0.60259293499870104
0.46337286856887172
0.44606925504807277
0.53943604098282083
0.4800713333359708
0.46182012255754329
0.47816832939099413
0.49347555100685403
0.51160888742846755
0.42214409208553388
0.49903169845565154
0.47798876701184262
0.52058253203375338
0.42811730828107564
0.33920608869884644
0.36635533476628945
0.60389288826730725
0.58928954916931542
0.54433864528066866
0.46445835093974364
0.48490679447250296
0.45702988120279281
0.496521736652973
0.4457909367619548
0.47325834660207533
0.45440884374975077
0.52576424265745014
0.56571935834559606
0.55199489313853434
0.51235296832207367
0.47523180355738565
0.51115448476722114
0.43889513553273712
0.49509115845243812
0.50545857407504724
0.52612406342018558
0.49736724064746546
0.45369919530185521
0.48776164614605327
0.51219635690525267
0.38914093926527088
0.54153055344131429
0.56861649015509175
0.6321998421796392
0.49404160516415818
0.49285931191485149
0.40832934309863411
0.47001043320654312
0.58860624459858402
0.39771082423330206
0.44362102080146043
0.5354266727951269
0.55753472762268064
0.40009866543204403
0.39598447261940983
0.55500165103476984
0.55115162118172212
0.48313082208011437
0.50891263843802459
0.54704013843406152
0.45490330580399652
0.56770857193831559
0.55146634243851622
0.5739095224665568
0.48208650025039784
0.43413274453519063
0.51292703757256286
0.4806262003875228
0.54345413117762409
0.45230453755141908
0.59027057185432108
0.48441794531500942
0.52185997313693144
0.49487243911798828
0.56622629315958517
0.60521818559201324
0.52155921024414986
0.50663445171454335
0.29221918297105948
0.37151209801890622
0.4584771168496321
0.48437580147544246
0.50691237195480865
0.53549216433585567
0.50175000764439193
0.45945813646019756
0.46313175425002928
0.52359366385017148
0.50774576976708852
0.53176611842028276
0.42407212641668601
0.40834393838622729
0.57379268237602288
0.48631177105867024
0.47190406965688542
0.60856170837232659
0.53986760977670045
0.53504797278308525
0.50759000255501874
0.59310186187708958
0.50110183879907122
0.52031153848208633
0.45948525863502065
0.47033852917251745
0.56771963912579759
0.46391760144347033
0.5358985036112468
0.46971454138375884
0.59603125347180153
0.50434336348858777
0.43490686633967873
0.42258912493870848
0.63994236337984722
0.47712227041418742
0.45903404824753036
0.49350908492183676
0.51175296516697588
0.47333661535665394
0.53582061766709788
0.54182402941438879
0.56644423347812178
0.46476002176123887
0.55480847203841888
0.56204926416451761
0.47783339972007155
0.44438631395361539
0.51181639394529832
0.50814790515101393
0.47591341205665522
0.56941492110081049
0.43656993144070255
0.55582761084979826
0.44741999672704852
0.57365011309184555
0.47138610754396909
0.51024010750404991
0.45368392911186051
0.49514679703666814
0.4389097913348014
0.52474208568471414
0.569918416580525
0.51433022049552313
0.34663495664504257
0.39097953973463467
0.45944840276271209
0.52242577462266893
0.45727096874575196
0.54009642223413945
0.46914757606810492
0.4821385361710287
0.50370815511075828
0.55973437780468649
0.41036301138929709
0.55406153998550445
0.4378076476463969
0.55088724944638656
0.52339169442178579
0.52802312511402794
0.48547369568551813
0.55940054039562126
0.48959202317217526
0.48226374903837904
0.52723771014895437
0.54858911342969408
0.46754194348749012
0.47496310669431807
0.5616133615272717
0.46016831761450122
0.58375036329732255
0.44829368320503765
0.50248137153158956
0.50700592303550485
0.44461557528057194
0.50254863937482863
0.44623129673434231
0.50981578636405411
0.42547485481796909
0.46217642209752602
0.53321321188456217
0.45515111685261445
0.44234276493283053
0.48081332215548411
0.44368478252364646
0.54583027789423755
0.4743594241322901
0.39040073752964588
0.53869118962874307
0.45332396626107652
0.49311190073230027
0.42610945051308236
0.47711393437988453
0.55082455109601947
0.46187295619492175
0.58100944380965514
0.46356282847157693
0.53933617957514779
0.49033489993486268
0.5399581594015761
0.49411107757164885
0.43373056738585736
0.49742815795920131
0.4992850606124879
0.51495168124905155
0.49591084646585465
0.47634375142323826
0.51760116930792188
0.39311345636301254
0.45581579168707242
0.51702589518029407
0.49866267683026205
0.49411116734488447
0.51305681765838007
0.3998054452103002
0.49577221461878596
0.52578663572596451
0.40935007769474407
0.55365149188742369
0.50248837769254195
0.49219353667280763
0.50078745129542135
0.5011288224142374
0.44676593555775018
0.50084924107662521
0.43539664901536335
0.5486918222894952
0.58496611827346312
0.59753364521304586
0.51054567949751728
0.55179174493147953
0.51614754536634344
0.48082841332613757
0.48877730371101175
0.38839660745979437
0.49212496309422055
0.49921004473713709
0.52876436063924803
0.57228187559033883
0.48767529303022372
0.36991412512312721
0.42376069239792791
0.49646482428970312
0.52132050932467067
0.54550827634702348
0.50195968906012089
0.54555601089434214
0.51737308454646402
0.53200990183833519
0.50451727388834366
0.46938358483805759
0.53911031951874433
0.49770215479860341
0.44529834073256064
0.51510906661447831
0.42881425469346307
0.51209462711069309
0.47239896465767345
0.53272348378328627
0.48179345255241152
0.49692629498929608
0.574621378986517
0.502759466439193
0.52118123594908672
0.55198198144682653
0.56917892194390762
0.54352365232546562
0.40153026906862904
0.5144972378944257
0.45545820722965563
0.55670259933949429
0.52961027665873839
0.47372554098112263
0.36438525127319576
0.50450655152589075
0.53790273205568895
0.48433416734091062
0.45268615015890895
0.45428887601175694
0.61489280823181203
0.46258339257119946
0.42266817146339947
0.48756671364574261
0.4979026034461676
0.52019254359335465
0.49704248635677684
0.45246920517223754
0.52327411103318566
0.53837802407939517
0.66452678128033338
0.46809275516179172
0.49571301224537717
0.52040906572636347
0.4586670199207008
0.50989317086563091
0.49788493148054003
0.55857228790268121
0.44239760029231273
0.54850254101383489
0.50149187866475309
0.5477390144131622
0.48560015650773858
0.50991014032756798
0.48014068331270088
0.38538390120248428
0.31138661075997665
0.43672026933839153
0.52697314607559043
0.5193024886487565
0.54655549530821257
0.52780472861528804
0.55739260823153169
0.45631429408752466
0.61295406299535982
0.52307760630393874
0.58155193400742489
0.5435308149847925
0.56046175908073204
0.54337954792504051
0.58513058277581764
0.50225817239393167
0.54475727983662747
0.61431572408104995
0.45110984454949682
0.43883017552371734
0.44540459612459388
0.43928630860391438
0.45077660740829678
0.50478672890967369
0.47236739681365891
0.52861442958172022
0.54493593158579368
0.46988786975000807
0.53569858763570344
0.47578337011883021
0.60160573734332057
0.48379527940080186
0.40407791156723277
0.44963724832386648
0.46316122141046839
0.55976657800863383
0.60156157589896497
0.50481943942768537
0.43001262008266777
0.49105790803298571
0.50003597449645598
0.50307875914131339
0.49134520105465929
0.53431262774924593
0.43926547710809027
0.52397348857270953
0.50379097982413013
0.40962517421406414
0.51359797903371718
0.47754041705137468
0.54676431582158203
0.44170255054626545
0.5184062941333214
0.47313961691159956
0.55711285176382064
0.47731325027307575
0.52138522254949926
0.54953694554798826
0.5545911164161299
0.48432021235944389
0.51176787620415054
0.4938310555918034
0.55607183671293525
0.37815813224189354
0.39747133112224226
0.59658841862118417
0.57178143285558125
0.39015812950827294
0.58687086518538423
0.4230990468786755
0.59038943042076086
0.57313707549301163
0.5383949554821732
0.52528104351774629
0.48026819036356816
0.511022607593416
0.49948691713792764
0.52027000478832519
0.5531703157557023
0.41462379009820199
0.51078190559709324
0.5727661033987359
0.45439598245585816
0.49666813307413121
0.54735266247057401
0.52618290852777139
0.50838720800469261
0.43400484023908553
0.42787089409408935
0.42276423089996829
0.51328803088022279
0.56979323661264325
0.50243403340686998
0.55564304302888434
0.53979722462223545
0.4531034907202498
0.40358403714741703
0.48407935081722825
0.41922326721850128
0.47407682469597318
0.4789853325225466
0.44738200346717727
0.46938089432134977
0.52209875740771616
0.49996734947484783
0.51868070265656063
0.43942073117047431
0.49940663436158839
0.57141472122028947
0.47114628178059209
0.52468491952584351
0.48646513736863994
0.51899744195227859
0.54363800064286916
0.48925135222318256
0.49433813571241175
0.46231951721841075
0.53613236426527655
0.49991757778099488
0.42440718793901472
0.60012466284173094
0.47765064767478255
0.4846685051408251
0.5489058007395915
0.50730947292108231
0.49169211526657952
0.45941338506422341
0.4603634607629829
0.47894329612440845
0.49371993850958362
0.48691957582047785
0.64669934726819289
0.52175668529402941
0.48387583752485858
0.44002118307970195
0.50402214653646316
0.54528894959118923
0.4985737495189031
0.51429276083149544
0.45837166955520736
0.44405221734240619
0.47279388275307943
0.56727155241486382
0.4767797150592597
0.48488321549532631
0.43711877505989699
0.50970678922403656
0.50591121718833865
0.4801044916393955
0.49359444750770831
0.50180324007904709
0.57344280075001741
0.51594624066960715
0.49527350121257513
0.55948008451034348
0.52139850563700108
0.46601231675037191
0.43225233623555964
0.49672971032643148
0.38683180161508313
0.40612250845243614
0.47166041098742617
0.4785638196433864
0.46002918000409876
0.55359322332829664
0.57989497459491168
0.46642125992120742
0.48182250487019157
0.42220739310807498
0.48860107169608752
0.4572773489250172
0.41811740273293729
0.55151189228322106
0.5248767811795565
0.44438285359078405
0.5829712481597692
0.53448276649342008
0.44689712523068215
0.567682972676405
0.46098940380198589
0.47770455679169888
0.55598928956787608
0.52866441430787481
0.50466445135003291
0.50579979115314366
0.42168489767811607
0.46666632582391787
0.48682734410083245
0.46576511887660188
0.46745096435499089
0.45289023807297685
0.39266443696451464
0.42039483602057492
0.53570103166045346
0.52583549357595605
0.42461680461519136
0.48905192304249701
0.54387790525133572
0.53883635913313532
0.42251013958641476
0.56108895374424028
0.51938908454979893
0.50310937663735589
0.59571816074786765
0.58181284859756932
0.41727140281747971
0.35664008746120895
0.34060017076414961
0.49858194084352919
0.62213882978116875
0.5261776500740154
0.38389313403641789
0.50751218629577999
0.45410169000962697
0.5162118359147887
0.5478291462856425
0.44307701787042236
0.63103671865478417
0.5294381818395022
0.48605957223375484
0.48494689201358976
0.50160388487181951
0.46276672630484844
0.37809427517001881
0.42311806327183921
0.52412472606445293
0.48621328977332595
0.50358695093496986
0.45776604038670959
0.4851384116422735
0.50703609757639612
0.43589199950375468
0.49638496233440127
0.51957795815040075
0.44026871865049605
0.45539761073952106
0.55182088584999844
0.53370138867008388
0.48995481166460703
0.47330961438521396
0.5055871716325594
0.6437160801098708
0.52528003826602709
0.46290388577824826
0.42229174777732847
0.49262026722962415
0.55172074419690442
0.519689751830546
0.59573011249567731
0.47136399500785897
0.4321015139589135
0.45003561413121751
0.46511151824863417
0.54155492817982209
0.53668234869789566
0.35966143607244183
0.51175741257895646
0.46506961363889188
0.42701954238294815
0.45191549904514999
0.47205174746848405
0.47281823982754762
0.45761146873417308
0.48810570022231614
0.55148180229750388
0.55340558154534114
0.48602492717419971
0.53467624771388156
0.50365301496711268
0.53411219829283463
0.45628693036063195
0.50841239083968082
0.49267800861832683
0.62909673543060762
0.48566185828580044
0.51506523492732481
0.56997769053718106
0.38501584039479531
0.41951016135905889
0.48711521514878592
0.53719890850276319
0.48432099794885436
0.47575150603088434
0.56943189573865283
0.51211347161002307
0.44268606804391819
0.54567624572287876
0.39572835269793788
0.47540186133017764
0.42486009391100021
0.47762012521410269
0.57070148236391316
0.45481702157533049
0.59935110971278982
0.53377541317633903
0.56246352648617337
0.44058927076363513
0.5285261584807982
0.46880296072410665
0.50580341832601305
0.51401816096207531
0.48635587954328724
0.55575314910243112
0.47376720236788877
0.55651893177480893
0.50268646049217558
0.56575099354310954
0.50867730741978701
0.49196740320778565
0.5494157761241556
0.60224359469730238
0.45473832415845328
0.59192507382928705
0.4644569553275385
0.53564369521684052
0.47672440313746889
0.51956974763863062
0.57488412223494478
0.45471760005028838
0.44684482050194413
0.41055031057446278
0.48492521494775609
0.61429381394070337
0.52801087523036161
0.52472683645057638
0.49058744913971647
0.41628053826868461
0.53110171749521107
0.49543996896854497
0.45071819533901214
0.47894428949184531
0.50606873112013284
0.4795448943835709
0.52284504599865522
0.47238123076303995
0.48576914079883277
0.39805737811120684
0.54615812894915705
0.59511036695205477
0.51861966959702077
0.566999817238656
0.54650280995636136
0.46887978234595257
0.55204489687981106
0.54393631067866377
0.59724504831736036
0.45742036555047971
0.56881271401231182
0.46076655068725403
0.4633247072958025
0.47683584235800536
0.43560231847170983
0.36385139029596891
0.55753115363690076
0.49121685470535004
0.51578935660139635
0.4612563784231406
0.4673070393434467
0.50941108964079995
0.49033130420131193
0.37815816488154252
0.4983889767488765
0.61316083841677926
0.41811211414473465
0.52797507768323271
0.54726547256990243
0.45692033575590124
0.53258647232861811
0.55959645197681218
0.40011872929173209
0.45228167922995033
0.53151520463775448
0.54696164330167518
0.4978006197825357
0.46415303228104482
0.49809683556571316
0.56750659287034144
0.48233739415667354
0.44429269204173188
0.57218872643671659
0.46185471316970456
0.5580262907754806
0.50003141084214131
0.47676451803745068
0.50652633910561151
0.46068154803989475
0.45619444039890267
0.47712635248964597
0.46020280299848726
0.43531318611131625
0.50329574706780844
0.61644974042781653
0.49368542912691776
0.47179399081663032
0.48729179617183493
0.44764352626455783
0.3836995187990595
0.44305300213246385
0.57127991397480282
0.4598844323763529
0.44367069046620122
0.43163590607576091
0.57223188853547069
0.51461580716097077
0.46091893288381236
0.48673770069935329
0.45934987068442434
0.53584868857519719
0.57274494854165037
0.47794909087475401
0.41640609755866009
0.49944247778872719
0.45824479280276753
0.46840274245475216
0.46258208435073472
0.3964835594540404
0.59420581655531146
0.48068117373308034
0.50847190440388212
0.43660040848223214
0.52048233434722224
0.46137268128051373
0.5096553864097958
0.50368868256596777
0.60382679628592062
0.44312266874693734
0.57419869125731271
0.52662156801825399
0.49868520884524142
0.5194243032836442
0.4701999645768124
0.46577561141596285
0.53379191057022668
0.44651880328094207
0.52416565441214835
0.50712186174113427
0.49535131856915227
0.48550934225560505
0.59314271487022652
0.53105032399350038
0.54657497929722199
0.50854314628924435
0.50529251885124915
0.46302898399477904
0.45094370059745392
0.58120752267202525
0.50450847772409102
0.52852865498857604
0.37484125592151879
0.52758567400878342
0.50138020700521357
0.4939002444380417
0.46623971933799652
0.42029461652984113
0.44900671944759213
0.46042603899030765
0.41835463917051041
0.48050712923641692
0.49367736863980594
0.45076111679978376
0.48370717290290932
0.63019920418914832
0.47364455331795097
0.43981086629770261
0.42833748702433777
0.54852312804130909
0.60351836992200236
0.45921706370423132
0.47705173084646457
0.52181445386045211
0.59351449885711904
0.52100732819334183
0.5144334746767032
0.48616106956279981
0.54607444042082032
0.51332334237469868
0.43567454358466962
0.48679426302189854
0.46189822514571832
0.41809925435100675
0.49855046246625112
0.46984198574474334
0.44075542093843501
0.56200079955792803
0.46113893144598228
0.57045108930301225
0.61722402835362278
0.49011188069486117
0.52163509187221269
0.38776099676843306
0.44603791982970264
0.52036572906865564
0.50459250178318471
0.52872202466891383
0.59518115741124111
0.39456244463352785
0.42659009678971344
0.40366216907971181
0.3832993666154903
0.48032957523534919
0.62283935393937895
0.49108555806639859
0.50455954491211552
0.5036532348719408
0.51537113391044587
0.51038536890845776
0.45833780166130572
0.53434785534638929
0.57629907799340052
0.52436227474872166
0.41138936101104029
0.38277723499782934
0.29408174546807647
0.50837443680507155
0.46863128741533583
0.40930279701326344
0.54212118041257673
0.42107551236509527
0.44648279642572547
0.39784828959295043
0.45929291843653258
0.58314750028471596
0.54562139298556001
0.54166875283967708
0.53549231934226771
0.54481875118086276
0.5025547486450076
0.53329260666189193
0.49642819703420338
0.47151727807090238
0.52488137615545638
0.42084649189347972
0.44325039864797983
0.47066765752035472
0.4988450718801144
0.43566383818701704
0.45374982367044703
0.403155519030859
0.47865186225036788
0.48503090448584046
0.50091416598322358
0.52260611502693566
0.54142562198886512
0.36349114574030861
0.39627455498901309
0.44002307501177473
0.49292653748628024
0.44097132189347071
0.33841817824327447
0.50001809721353629
0.34795775495572007
0.47071512796117598
0.56480318255457229
0.42304501849807213
0.30131209119432112
0.35891324608001463
0.37140343671466508
0.3938240002662316
0.51256295846722066
0.33667496102663041
0.40016888477860529
0.35167988305247294
0.37853456768303662
0.39902640918026422
0.39171912093206451
0.36440716987178146
0.40411210565771438
0.42810704986201453
0.37278510621265432
0.43639839611057152
0.40911996242685444
0.5516215603639385
0.43946055625490965
0.37206377607943181
0.30895286303756375
0.31113977088493661
0.32890272865873582
0.30984338274211415
0.43335505850958894
0.33698795128654824
0.35604657025183739
0.39413208478200806
0.2641241699846234
0.47204814153917035
0.38757784626916264
0.30860078624805709
0.36319452308711586
0.44992502844366106
0.32484455400313605
0.40774335838149417
0.44477843962075114
0.34892668411693667
0.40757175434971538
0.35996998755168236
0.38910143379599427
0.4098358928594204
0.41680851444107803
0.37882092717549948
0.55483854127783161
0.23986938966649271
0.39118697529424978
0.42893196075656875
0.41026855070607882
0.53722961146073434
0.34021854078497449
0.37904741690807164
0.32447696295293849
0.47168460223360215
0.39556782878975433
0.47884592680583321
0.54662025697239058
0.33143006939998021
0.53276614904635633
0.51154477539041188
0.52202499967764648
0.47102203734250014
0.47903643057091244
0.55739828253482215
0.44867572077683143
0.5038464772260457
0.58477020213346609
0.48746264861882999
0.42117695920429266
0.52711275155352089
0.56504408347502877
0.62524817663479426
0.43672369713189585
0.50436519398838286
0.39570020898701991
0.52985428676268953
0.53369322672134178
0.54834315040138171
0.50054038179897387
0.48925543959553763
0.44300539633614661
0.50044489601081033
0.46192898849728364
0.45476449104161859
0.57109548819077394
0.40748346679952718
0.38694045659611137
0.47329610139646966
0.51247230004927991
0.51069150336844471
0.43121281232102637
0.50719622587107838
0.55045167565552622
0.5551601133154852
0.51383708476081935
0.44977873765245652
0.46096502566086156
0.36262558826762381
0.50724199869631881
0.53613321108678347
0.51049746876229096
0.57317160520683741
0.44065180719487607
0.50111917930513461
0.50622609183521228
0.48948201600040175
0.53890659763322024
0.50997650089778968
0.58320254717500553
0.59517197675855071
0.54100786263336798
0.56532669704733851
0.51450469896551954
0.50568975460724719
0.41004042933589746
0.4360277154608318
0.49802110732972837
0.43338400653139791
0.36597386723069336
0.57141980012673776
0.52855912952561201
0.52854080258037273
0.51783176601965109
0.4708511328251499
0.51332945269150099
0.45431543787616657
0.53154483912397432
0.45531573315183077
0.51244420729049689
0.51204236664118008
0.55835849852260167
0.50046557050524443
0.56057717073447988
0.50315302667157091
0.54021563233845116
0.50562841169472172
0.52680317078716754
0.61486078012189771
0.41435351786302876
0.54075547444789251
0.53084247837624032
0.4264647130912555
0.55573354170803835
0.55957663340029407
0.47132160923522626
0.40556481362918517
0.49327329050243846
0.50386976777970838
0.51232433325148563
0.3802587687048174
0.4275520325002774
0.61185919211708606
0.51824546137757554
0.55266122896396763
0.48931563156840857
0.39447003043051426
0.50975539215185628
0.46145097231932608
0.564467243342056
0.62885882407048099
0.45291512985778792
0.49853292684632106
0.61255795316152772
0.47611830863169596
0.55330857841477166
0.49899414019400207
0.51658940638077677
0.51432667343522454
0.5178827831332814
0.51634212243188338
0.41422671405134531
0.50263584651367732
0.44458568402929044
0.50859032004977289
0.46892823298997638
0.4117499576563009
0.47901190902559276
0.41376714823421851
0.5106850909321583
0.40875887438244168
0.57691810521287201
0.4820052404495867
0.29925662150015425
0.4752833610170028
0.53354272875963793
0.56921491192391105
0.52636640060408513
0.47204817404703858
0.53582480150228817
0.4990211173680254
0.4551963997044649
0.49322789132449485
0.46491227699421578
0.48042084569652993
0.42586813990020778
0.48385207145219178
0.52373549528217012
0.36915268169372417
0.56910995442489176
0.49318143299095257
0.56294474314061793
0.46396737361850021
0.41628146968911778
0.45742034639403661
0.54266611489207794
0.45262796669909866
0.54550933132308921
0.55445236398489017
0.53789246448217676
0.51421621926471039
0.44690194490230339
0.5488901700371146
0.44070241283201766
0.43197913772017066
0.35845136781115988
0.53116386667578641
0.5279438191763538
0.44730907879924431
0.45281826412091497
0.46223332678801604
0.4979563151892048
0.53092011280230855
0.44851754195039267
0.47730284006755586
0.50834455830782477
0.50509779507001284
0.47804663711191742
0.46925215606077164
0.497620936011482
0.49604870044845945
0.47042206275295029
0.43128799489774011
0.5330443585177993
0.50842084069799109
0.43819486152068715
0.42419430392890511
0.5105600132630147
0.50344511602313036
0.55171641002965888
0.55951534618465659
0.51930554672219065
0.45203403438229256
0.54759494879272175
0.58748877556996215
0.51288385471226827
0.32406392922265165
0.4017168819560919
0.43164948080239413
0.46302449208244939
0.66684799819145701
0.56000487895885365
0.5527861216726393
0.48515834325652329
0.44112886828466841
0.41860267136283086
0.48252938045855959
0.46561285666105812
0.53722210303485929
0.49889007854632567
0.3967335182845908
0.49825115336143999
0.48186221435035248
0.49013556932606106
0.50419705685244598
0.47509522217592992
0.43231718975314287
0.5807880561020754
0.53246146791386539
0.4270499377997668
0.47760661131288945
0.50487424507999179
0.58940069267341677
0.49130415755261619
0.5298853544748573
0.53374935954193536
0.43785228801197507
0.43354348295676798
0.46816519908050236
0.36859809731691739
0.49157766851384205
0.5032248490010226
0.56678832100064924
0.42270951516451843
0.37823319823244733
0.49245227098532435
0.48157530059997344
0.46602395423231358
0.53476150114674004
0.46733930976121768
0.53158218004480084
0.39442208128755252
0.48288363571280302
0.55063930577775644
0.48087896736844671
0.5279202652503171
0.55441198880124209
0.46567083847524432
0.47107068949469028
0.51080463129071274
0.27456161234946974
0.40157747645160935
0.40222963680435209
0.51583512457108616
0.54010863107003193
0.54508253332167378
0.47975642385063449
0.4681550174951985
0.49368173667121401
0.50783756539431635
0.45522325463813867
0.36541790227892268
0.5210274982181331
0.52715718634379283
0.50865642878445405
0.43549488154366761
0.46980318528944465
0.46986097082334172
0.45489538743941843
0.58965610497401089
0.51685773782839128
0.50459137529459708
0.50963112580378755
0.49736031443044565
0.53572668961303316
0.59044280484626321
0.53841330858076875
0.47355576874534921
0.49374797925331526
0.49398538247481749
0.50793749308737968
0.49037963502099646
0.54526545781992364
0.45121167961736725
0.56094289408135389
0.52191714435605485
0.52275334106190752
0.57870559988559755
0.51348556040021354
0.44121078726329183
0.57143801580010067
0.51963439592718119
0.3618934415764552
0.3630137800919
0.44414407748105028
0.46131442242888165
0.40844098377481264
0.40232776612438492
0.48225426770372121
0.47868371071398252
0.52934918881528314
0.48312631022429386
0.487531011743981
0.51756692179865882
0.53043081863553498
0.44726465933443554
0.47861489433626742
0.47384201523548297
0.49438933004438879
0.50093407213869534
0.50337419355523072
0.43307326163331489
0.53196206864977691
0.51224979555599781
0.44490130443387443
0.47234070764779279
0.47499958143202159
0.46731170286717427
0.50830964549761304
0.51070446412955384
0.44566643620644553
0.55997894804816806
0.51565929989400849
0.54352992804439249
0.51867122327954474
0.39061783468531991
0.49302996284750905
0.53153399917617139
0.47582171096702197
0.5240565878829504
0.48407017679027264
0.43435942590586796
0.4600296331342999
0.51524233685002907
0.56468415902611768
0.58358098375598111
0.41751901525352858
0.51452682295887175
0.54202711103087697
0.5713045449052897
0.47887977456187764
0.48863205005491794
0.45399981923635363
0.49465901593134243
0.49419074474659741
0.49389202610723593
0.4490196979015374
0.54828372640850709
0.54576055262197287
0.48667412821599421
0.51971952099604501
0.49594413671850501
0.53264114694647902
0.52356730257653017
0.47842995227546609
0.52761369974439232
0.44814523843790643
0.32658371835923511
0.52127228603231546
0.53586948105816967
0.53879194843665779
0.57628430583412715
0.47467088939985008
0.49207116177660049
0.53175689358595146
0.47025404070782206
0.49646812759247783
0.50189143014345106
0.46880385892020621
0.48400746889067953
0.47325815095945334
0.57453460694746217
0.44930321915313337
0.55981976610738171
0.52892438048188795
0.44943936987187549
0.47725928127720707
0.54161424699933425
0.43367655418746676
0.4917974602418187
0.46121038068310588
0.5212305918129303
0.44341197080519074
0.57494263567983317
0.43597518353101422
0.48641642994346107
0.5402892322708116
0.50251889918877812
0.28297473141205048
0.41526554672912419
0.59124348964424578
0.49485404869672345
0.45774470835830383
0.47278832217746364
0.39415787017175968
0.55419870898791357
0.48430850170698508
0.49021495378053692
0.49284143345519482
0.51468679690623698
0.44356182492765184
0.50039768674098317
0.50110663824945778
0.4804580541845046
0.53335803886173105
0.56865152980009692
0.52340306952537463
0.49611481235711202
0.53656078984047584
0.58080656287564314
0.51729429704411323
0.5398881865792825
0.49666219529776767
0.52960451780601714
0.45265273050958088
0.52893645903150188
0.51480640918710863
0.55059019835893641
0.54419337247216826
0.42620810084206007
0.41135740411452387
0.37597431254693142
0.51135153902215147
0.45924826000384583
0.45525865487266332
0.56810384648313472
0.36203623817289099
0.59103383327660597
0.48196608439039684
0.53698170467638129
0.49939446216313338
0.51929085025565525
0.50159563283564879
0.45748470195608554
0.43750987825000259
0.48077198381872027
0.38695017819073663
0.54559160161442621
0.43631891863496364
0.45086344280628055
0.53175129628109885
0.43131595309999249
0.50633704162354465
0.58773144057032178
0.45681107263469523
0.45604073952937058
0.47929166865619266
0.5070729480385312
0.46068532254805888
0.60772078613631564
0.48654595674214018
0.43504651667800698
0.40387530378611619
0.32518505319323449
0.58955949204633973
0.48927544458168115
0.41275076925371801
0.43478358334111278
0.56314225885075042
0.45211299461275517
0.49963906935716274
0.41754495815993398
0.41688374217249746
0.35747612680459734
0.45309523082456032
0.53024265645219759
0.40848684307639843
0.56304437238181815
0.48236814072840672
0.43804961689197375
0.47085945022620979
0.4942892655022601
0.47528651780968029
0.47159342580488389
0.46874613110494762
0.48299157875105925
0.44784202469777795
0.50956531109807301
0.53819437522278901
0.49400015359038352
0.54671920915050309
0.46133407259199716
0.48548850597655469
0.53340604572329486
0.32314053675689958
0.40606353758643676
0.52049822799396317
0.49655851175322147
0.49023385779875778
0.4640609059737329
0.48984525224907216
0.48888897837011241
0.39738977850893803
0.56513795933044852
0.50334340376994047
0.48752788565733357
0.54652173103476387
0.45189763292582402
0.50423950160429376
0.5496165802769144
0.57555437178511681
0.47456388131146654
0.462982785467702
0.49870065805435831
0.43671867393418329
0.46926309525263604
0.55470822935068109
0.51860007797271845
0.42294586208404183
0.48025835670435124
0.59704027009218041
0.51730046758163784
0.43298637139849172
0.46031802312200476
0.49399714956278745
0.47192563008351668
0.34521276770353565
0.51393450500734461
0.60351742075383685
0.51797260715119942
0.49304111346117596
0.57455155444263273
0.45619183112017958
0.45368666302904437
0.53786656932234678
0.4941894084844296
0.52991096274308358
0.48775165863244124
0.53700668815506492
0.43521878052182134
0.50456183458532033
0.5463782117964544
0.32802517571896062
0.51178216737410898
0.5233241016624044
0.58203211647880126
0.49780207829255196
0.46104397708153838
0.5851323821492973
0.43454633503656015
0.49091774199398019
0.56397316225631888
0.48994292259685618
0.54591281296123917
0.47103253510327958
0.44956598333243164
0.46532656758728824
0.51797502025477737
0.38774954650135607
0.45328676180020666
0.56162801902567927
0.53798768619233117
0.5502073726461908
0.49611629447409805
0.44027764218291821
0.49679068366245405
0.50151691126826703
0.51258500639058568
0.53419262094023978
0.47118508862688008
0.53757339060642173
0.49534746741669278
0.41948205140719219
0.49749487312938762
0.51139238729625314
0.56658835793841822
0.49241450290707367
0.45988140022506863
0.48431410532143943
0.4247364858840621
0.50058633036008315
0.52675349254357062
0.38984715906628825
0.52171435779033937
0.47953721780688058
0.50082537311701913
0.46225071966410969
0.52492555157236798
0.5032968798584383
0.45833111627999135
0.47126084502897869
0.39060677811680899
0.53301568851915304
0.54440536615118695
0.50516655705059721
0.46316033627909142
0.56344765746813485
0.5441960053711602
0.4072222805242357
0.51150740955362928
0.47281513706837652
0.55403704484372329
0.53257530870936753
0.61815704545720629
0.55644930739224585
0.50415459871967261
0.49180493612516224
0.49152824987758975
0.37219312149778677
0.51971005513117952
0.48742704343068055
0.40362529056211915
0.4604213388279319
0.56109315993567799
0.42630575318674513
0.5348992684009809
0.55460102924314092
0.48040945314971456
0.4944787415143802
0.50126358862209586
0.51610697041091835
0.42415548424071498
0.38045538095474785
0.53465549790227407
0.45762840305225932
0.52172060610339244
0.46107891477529167
0.55799450676481543
0.54196658871420533
0.46182198532410551
0.51719921907458954
0.37423833448740329
0.5076398811155215
0.51541378970982077
0.49835454895260889
0.50362173156268553
0.51724944866568945
0.52569129038456441
0.475676893177437
0.52175303599004008
0.46113924853401522
0.57631693350412072
0.46393459362803113
0.45547380012108007
0.51473952620137808
0.50637441819882412
0.45968587317416493
0.43663544663811205
0.53011833357348137
0.53187758756473968
0.52601888550764353
0.49543075423038202
0.53173245083490683
0.53812239590980393
0.5262208745539646
0.39103599829144253
0.45561723582127461
0.57546039948735683
0.48039218130207384
0.51957577310043745
0.48006048263671897
0.50814598068690353
0.49151096318528537
0.43385838202082905
0.53622682839714797
0.41241512632106364
0.57857096798853047
0.43898965940355772
0.48057271836906018
0.48364438401165416
0.43183476153614836
0.43142009094372435
0.34019541716090562
0.48170132654342313
0.48969249671961357
0.48809105378232726
0.46679694537810612
0.61217315978083486
0.48641611658327832
0.5327337867590215
0.54593121128540956
0.60746596852346724
0.51193076965469086
0.55537046368857701
0.53492357428062032
0.4397508574654711
0.39794023063216294
0.52532876157239361
0.49545489523934966
0.49238626799027657
0.44667490964188244
0.43514183785314831
0.50427212314934233
0.51314212744834264
0.44806468165825247
0.42369229531428104
0.44213335378998186
0.59068890186587564
0.49102529843674841
0.42825708880699015
0.49643226573176713
0.51945013034353615
0.51856000518929279
0.45223219069885334
0.45782823621818686
0.52301776163143709
0.45354803214757572
0.52551023721812828
0.53947035309479063
0.54016661490770368
0.6366948467505551
0.46606374212375462
0.50961701617863697
0.31471543970261368
0.44865745749846947
0.64030429093449148
0.44968033524064099
0.55029623332899791
0.48486093332960623
0.41406259328477807
0.44770637552228143
0.47770716158596571
0.52082272119221462
0.45378447326887122
0.54312543035353111
0.53779791863190129
0.45938650668764275
0.42465249563638674
0.4387856056259401
0.42520718587137679
0.45329780087356286
0.48960961746704529
0.55452192820268442
0.56985441649346458
0.46735370897023543
0.52803582278620653
0.47497941009525907
0.47897064233740921
0.48387652010884469
0.57148529228553691
0.55056697382218589
0.47893763235019443
0.56887544197106188
0.55343382446154565
0.51119147488315697
0.54846544497668792
0.50457151007881051
0.44226967706578502
0.50075599780635327
0.52148954909549827
0.41020016053525471
0.43275262012643945
0.4466488982644421
0.38921655160203777
0.55830777925066488
0.48157215908813733
0.48881486590887541
0.49687916063867882
0.45725878085633259
0.47665794367912051
0.52288917724901796
0.46763312268470447
0.53661276101947875
0.45781859755971871
0.52829894363882957
0.57311667816737377
0.50182505001437172
0.50211188052195221
0.52741023100176809
0.52993440207621734
0.45709104871575906
0.46436401538516286
0.49251670623596477
0.479596397977953
0.41944231388525471
0.50895353996661696
0.56953232407112819
0.56318030089126891
0.51321983311668617
0.50542789431171942
0.57666283000421448
0.48026984250847171
0.31915827797545165
0.40736804446032771
0.48017385275316915
0.43140698029455049
0.47356669997745721
0.4968159568653045
0.51859904676579338
0.48083136790427844
0.46820598462655105
0.56717188766448501
0.48216710606244217
0.4803347413005663
0.48098236849983328
0.56375487001537483
0.55980044697587406
0.52322829549267103
0.58681786711222939
0.55274137735381423
0.44651209235011818
0.52980586254060147
0.45295108810144552
0.51192405017349785
0.47561244855821289
0.51409727203118438
0.47938014968533871
0.50959708758919486
0.59300096611076558
0.46827170281502034
0.4726617953217816
0.42741614627124708
0.5569954276444975
0.49403328250883222
0.3853367566361568
0.3866811375291207
0.51529595168469633
0.47893306644909883
0.47644493050383369
0.4526806983505649
0.50515167801369365
0.52605700843250458
0.46607626734675917
0.38435395546917428
0.50169791876360637
0.47723547568984914
0.47538010941961972
0.49580756047921104
0.4617075713005388
0.55179124388139766
0.46237656823320428
0.48460708936201297
0.42677283927091986
0.48848114774316942
0.53885704079904451
0.43138938289744605
0.44295479298614693
0.42336789964068477
0.4662298144501742
0.5272472025458862
0.44628043630009728
0.55265822849981461
0.56217812241378839
0.51457683704151747
0.5778680648713389
0.52740445137528735
0.44170049722157906
0.4614040159741703
0.53015215022143414
0.51637699744569654
0.46308138641884744
0.54806953293309257
0.53730904459731765
0.4886653710880457
0.55441698150488816
0.44743314853358873
0.45027019609448965
0.54229405508297568
0.51327103357554582
0.45019614072503344
0.48783902880385094
0.47374223610628424
0.49881824263696151
0.45534044690087278
0.56463336746530346
0.43829974658664617
0.58387922999820485
0.46865140338272526
0.50840154633758727
0.55787340191861712
0.49560876467133069
0.5303240979710484
0.453228345568503
0.4824921265184996
0.47828884301575159
0.46435811857449294
0.3957048446151949
0.53973279780513406
0.38169814321592649
0.33788445670751815
0.49361447004381837
0.52403592451243286
0.55388740396699199
0.50279930113109339
0.47749638306781594
0.47349308311596805
0.59156683465159476
0.5585139120626218
0.5329092228964164
0.45352147341221394
0.48302599546596003
0.52514608487868597
0.59249132953946138
0.52777063327141671
0.50110077010335907
0.49778458080824145
0.48778072684392898
0.50860646632679396
0.42976008275330052
0.5069666861324309
0.5681818540789767
0.42743493345963401
0.50555181974533714
0.48264795835011609
0.4551998847389831
0.41739352234620608
0.48937286855383977
0.49671538105191587
0.53778240427957924
0.55483161484990773
0.45001704700971007
0.40187284532418749
0.46011155109080187
0.48566534068122907
0.50012132416766297
0.38795247746561029
0.50095918062722244
0.4946792442129514
0.45756733912079467
0.59011370178482891
0.44890627286443413
0.48695877951345012
0.52107016919709803
0.51452079330355383
0.61091974076896793
0.5369839361189187
0.55821214145645603
0.4446148910290989
0.54644679333347923
0.42734264631430319
0.56278384095821676
0.55782890457739676
0.429853656720594
0.54269961579687453
0.47227955017416529
0.59255405213666912
0.45885225931454543
0.539040995186439
0.44468326624483817
0.48821146890921424
0.51252646262742374
0.51231557147615536
0.43626022697224814
0.55207248976457113
0.52971011831419423
0.44423247352745571
0.67095581729102793
0.48725312143560895
0.45512689599804423
0.4297238043764407
0.49484624845747732
0.56687863679694861
0.42423846937537224
0.47800926568169855
0.54656102468993695
0.46391006543063312
0.47542170174935949
0.43069774051097132
0.4344184711355083
0.40571422592855955
0.50383330575505669
0.53554787961334216
0.54984753716498458
0.56457795598953975
0.44930849406232293
0.49883786368315147
0.42791798129819397
0.52573551350462466
0.53470101357544242
0.4810851079329404
0.52066226309660413
0.59958547370394844
0.54037301483438149
0.456368781935101
0.43257147906202648
0.34216366285335981
0.33105474871431328
0.35438175678726519
0.41313164175108597
0.41499365269576172
0.35056679202731206
0.39854026919141355
0.40311807726976234
0.39472794229274244
0.40847120499593731
0.35831636821943569
0.42488543518324973
0.40817140132879648
0.40558926770206982
0.37237638210659163
0.35527683882929517
0.31652953776369425
0.31138954207455088
0.37102225733833477
0.3135856530096115
0.36740788801984614
0.32334674875919445
0.47033141805442824
0.3728293834265754
0.37402850373338314
0.31256084743346357
0.34785953064949826
0.42678167204955814
0.52246254816890092
0.33727457746707584
0.43610220995707571
0.34371486569224574
0.35289080191470806
0.34232905934498653
0.55777710330710806
0.46409707955326246
0.40529542155638415
0.45746686328619696
0.42131313148633032
0.39395379865271568
0.39219800657120119
0.50013320599337852
0.44973716818422249
0.52839036760560965
0.38700683415284359
0.441257093284118
0.47459332888825972
0.43436391517460421
0.28510787240266688
0.43029711097929468
0.45432420786449934
0.33558335756026986
0.44053681993619831
0.4508928759656643
0.45392856310233987
0.36074367630055137
0.35450010650683467
0.50147279743121331
0.4012417774519913
0.44095623524909688
0.40700794163794579
0.50200162307994378
0.36428724623899422
0.35474707582828052
0.49159137724463048
0.49944333661893203
0.5668443834572453
0.40323465451921647
0.52995470402525502
0.46003533986384504
0.5274989071100884
0.43669748188410668
0.58933604748651458
0.4753215512029067
0.58850795471157324
0.44361666778242115
0.46888154480413619
0.47072635675545177
0.49919115082422311
0.50159773851356282
0.53101760009472443
0.53056753754593999
0.49663891197985893
0.47845865787166481
0.57768093728003012
0.51001349313679734
0.48313101064400177
0.42799097304611877
0.51694680749999566
0.47646003114834534
0.43112028891624954
0.52565713356627575
0.54817306651500564
0.57400055876948952
0.54714151405459244
0.35989869532997143
0.49484115189849498
0.47382071382208313
0.53253840192650292
0.53120395333863191
0.50238239085212588
0.52515384751567762
0.4839126248318838
0.5314226171420009
0.54202987764048949
0.48061500126242213
0.50752433193998092
0.47115778719048856
0.51569560883685051
0.53799796166310776
0.52681970966182068
0.47173049802569772
0.5510109668602553
0.55098703522640979
0.52095210161230887
0.44527623082805523
0.53058825155363787
0.43889722615505833
0.40354028541100617
0.45357210433331269
0.45324590594190522
0.52991508105123342
0.46533524630213013
0.47098741820009937
0.51634526368672873
0.45574304176956165
0.49606728187463661
0.30892698765373122
0.54357013227972018
0.43275534678068367
0.54614343738698456
0.48700445665281888
0.47594793540085356
0.5545120809488886
0.53171379239620187
0.54103067407347871
0.4991866817068667
0.47626937093801158
0.45009902112726652
0.50173846345206108
0.57306431969491201
0.45157405044733495
0.52121943042717145
0.54977860326870787
0.509631421447859
0.50191189783061063
0.44678758221558534
0.49399508172978218
0.50994215310466262
0.57688885624529163
0.40515634409216783
0.52194896672877633
0.51762529022986992
0.54089949649485436
0.46708286854936298
0.4681877102019722
0.48324428083691839
0.53598482958790017
0.56671802661397452
0.40557768460133303
0.41250907224914479
0.51940046783577443
0.50840952601142841
0.42424957516407391
0.49086996564799207
0.48137287996728129
0.52995959479736232
0.51388325004451596
0.51782869619621674
0.4654502062708657
0.59004732147893602
0.46801913592064975
0.62690619520767288
0.41125298262489579
0.48403447912698616
0.3747523732695201
0.47521198721217572
0.56478802765028935
0.4495354217411785
0.60384132024078629
0.52926749097806669
0.46473949304525697
0.5304325418896636
0.43735742799776872
0.50503484881794036
0.52710806732984095
0.47932624269348872
0.59648565062946235
0.59282917122432111
0.51010303028317627
0.48095872681572077
0.47399027467210847
0.47797560621637197
0.50962828638870772
0.49372097992718716
0.5127635390708184
0.47259136012228065
0.52500346651832253
0.43280609441962992
0.45297172528978841
0.49589256606053167
0.48882869809789725
0.58103286611273419
0.48122472625488943
0.50667649594304764
0.47183538293222599
0.52737551173164088
0.47750838045467736
0.4376809478122396
0.50602813338878627
0.45592676568146845
0.47464860419343835
0.43675308536022506
0.53575330118065345
0.4428615200901877
0.51454449228555432
0.46430115069574396
0.49431880777137177
0.41504643262931135
0.42037408060459275
0.53597516175116511
0.53726207060019138
0.53168225159589011
0.36085004340511695
0.33625576648406386
0.52420800780650356
0.36438241718227737
0.45529902204220934
0.4911479629010837
0.51987748576149762
0.54138576878175992
0.50300609066169755
0.47490885478316641
0.4812835834657414
0.52457227715938914
0.47312633256778924
0.41262930993416447
0.47285156252281302
0.48047121876596566
0.49962084498051501
0.52596741557011184
0.44240336833803962
0.49132068358400777
0.55774291586332603
0.51588410168259224
0.49106132237685157
0.50847935077243533
0.43440889927310045
0.39851259115901122
0.56265419385154036
0.53657198949383578
0.50540874019459636
0.50940711727387078
0.50264773817121966
0.56737717230860085
0.46291985367397592
0.35995118326225339
0.51204139790604353
0.56340142427694018
0.50605103316618394
0.48009069441417812
0.48288653703919987
0.55559761767083071
0.46195547119414632
0.43980544965526719
0.47431336897312504
0.54160841988909503
0.47146836884513954
0.48632522959174596
0.49277702196459527
0.59357207345038465
0.41194732334093115
0.48116732790000255
0.51687208697606857
0.50355283553331942
0.48775104451171813
0.50352209229890654
0.48526713180286346
0.50693988602239093
0.59423789027942009
0.40040331706695798
0.5557130159413638
0.50617277583898213
0.47854907810641101
0.58351188212223315
0.41226438331552873
0.55098287772802268
0.39265791730622202
0.28971020740841696
0.44249583086349403
0.54969944938732862
0.57751753715685483
0.36926216833224629
0.51898531981787877
0.57905523710193585
0.45501924655094989
0.48894355260059114
0.51327977569527705
0.44758831186678028
0.49768491586604718
0.62044771179845459
0.48997343176068497
0.56679788796863662
0.41070790759783654
0.38391277775825267
0.5587886468283747
0.50939871740075826
0.41621062317981716
0.4899818648679064
0.48619754835782802
0.52247541678164222
0.54046182260096243
0.54337052012686105
0.506948627766307
0.53961463148398148
0.50167849839737666
0.60634502665367318
0.59382081385199659
0.46592968929042533
0.38919451803261346
0.41037497942933693
0.55096833074730556
0.47730305837435894
0.51104211867225025
0.6115643777300287
0.55242528350189812
0.5514547874925364
0.52510619411700143
0.41931670824971307
0.47820608002054044
0.38987126702721409
0.4203976769422168
0.50795366498449379
0.46103999563427656
0.47029310257036128
0.49351198068110136
0.50532767074815454
0.54840537971566838
0.52201334448050674
0.4597887228858063
0.50635820176228108
0.52428662218629429
0.51016813704481112
0.46081785415658999
0.47181512557148259
0.35173276561037708
0.56150542888959076
0.45523277337818374
0.41712200294905988
0.5613333141332465
0.43621729837348105
0.38524678298267856
0.38731427158569681
0.52362762495371229
0.4474948117226617
0.44726582859326836
0.53295911959101883
0.43325660046939074
0.49363625267117001
0.49166834790534153
0.41153893524281604
0.560284591459842
0.50477001150535716
0.47562996085379844
0.48422962506603079
0.60168931695013295
0.40732447897025825
0.52717177786395841
0.48113370737550049
0.57919384964177345
0.41753289996981208
0.47242968416902442
0.47550993665683966
0.57046055328495138
0.57276903220417752
0.58128800524820101
0.5217625631849061
0.43288034251841556
0.5721378439095347
0.48961068299258487
0.46200925780767621
0.59447533088725324
0.61521502141792328
0.37952338140565928
0.36198623078016218
0.51475680503070864
0.42585019419996745
0.54918564695052496
0.39550232742657448
0.53486055413796874
0.49238845908857354
0.50064024600524226
0.54241630109168815
0.51874288959863524
0.45367329418869612
0.57406101596957204
0.50761113885676079
0.57515568473920153
0.53638668902433062
0.53236594615662713
0.51970954316503093
0.48506285774496272
0.55968525783117173
0.48898105901225847
0.52347552190071911
0.50243888182007101
0.48058735119771917
0.55996630460764185
0.56046256842367381
0.46988918471102975
0.43096250222501348
0.43972222741646777
0.51755197147436471
0.56674810511955565
0.46954666789266808
0.36753796214934198
0.38337931438604955
0.64103914744427659
0.55925077481298613
0.3891167624793947
0.50968704611846594
0.50810254461117388
0.53027166738869147
0.53881504770010002
0.51918555260151567
0.4491105659481644
0.48272471314557264
0.52648033677518447
0.62720934741493028
0.49104896779880569
0.54777925124096893
0.45398697039733354
0.60726224324261846
0.48433450145138646
0.44398351284012544
0.50881123918215765
0.51781255373114987
0.54939287684979432
0.55512714737080338
0.47538167550964805
0.51721983647215974
0.52066895979469574
0.45469571383865093
0.49841296931193374
0.52979406249423633
0.47023199172559926
0.51134529340448087
0.44262378248864792
0.4498468656306181
0.46966851171704205
0.49921512659185696
0.51871515530717749
0.41838408158471685
0.41395849848018407
0.53681696626283504
0.55037819173484892
0.48035797056322793
0.4995938044647964
0.58730197380095905
0.53438968340254833
0.46291847072902498
0.50749307606349336
0.40649314501956735
0.49180983596483158
0.57203436887720571
0.55094748793706128
0.49960050990048066
0.45020054328460407
0.40922265240911193
0.46217670230754165
0.50682531477844073
0.4819444843314678
0.4561281607667968
0.48328453753630735
0.48195566800150141
0.49950170028084773
0.52618358320762304
0.4753560605379295
0.46547447558010335
0.43603741152395692
0.50805809055877849
0.49736021922500173
0.48387439612492394
0.48218243389413573
0.49522552969964417
0.44017208303146454
0.6078947306186776
0.51473530376327892
0.53782172803196093
0.50382103321899441
0.51347655949310822
0.51901348333916286
0.47164042264668288
0.52083572843845116
0.40375083729267414
0.42818512766185679
0.49571045570777961
0.44850131794306808
0.51455092185711304
0.52708617145921466
0.57045249979440948
0.50603422603130543
0.57727722293909989
0.50836108247329681
0.59359848520867786
0.51590696076557196
0.42915967140539185
0.40944231834283712
0.47388635998609541
0.62824179103287658
0.50390193694668373
0.46377622226695037
0.4501519671770195
0.52097445031596445
0.50137621942608979
0.49756176197207624
0.50232493116830323
0.47510426445463944
0.55562527920990867
0.65099154460341024
0.58387190172573722
0.48839414919925545
0.56491469815884499
0.48538148128260339
0.52602275303335577
0.56270873862273474
0.47278222817188537
0.53040670194174799
0.37672476676555566
0.52529208801533755
0.52789067933028577
0.48067709202912745
0.48776231396534642
0.43329274389579303
0.43714956954558465
0.55999108750431636
0.53577020991299784
0.4802500666018889
0.40347381550422273
0.52637681127754055
0.52207682186745863
0.54061581336278497
0.57113514308470581
0.40823771903247097
0.32558650469600159
0.48030971700707403
0.55593817718052907
0.53636753258418224
0.53253165074455289
0.49356870598307179
0.50820794905731403
0.48818842064013029
0.50131112578247694
0.48325968592119056
0.44020742786357353
0.49632982181656604
0.55214117005130525
0.55290185987847396
0.42864770331239427
0.49653325947714499
0.51564496235487534
0.48018828767710653
0.50259267257519014
0.48815461426165174
0.50980272742340205
0.46213697371847307
0.50921926761568914
0.44787669858919371
0.54649324883736161
0.55746458495677098
0.60834168563325541
0.47417290569900922
0.46784470429928127
0.54659489746664813
0.49111754141255898
0.42853115920493146
0.68034781967141922
0.54089755660770633
0.56987013959554833
0.48705204219259751
0.57581192859089902
0.54148914067703324
0.43033571394384407
0.54584091280321811
0.51794758707429822
0.48410186457704873
0.46776344714324147
0.47979612474269229
0.47385883988382765
0.50001627825489936
0.50066087299945683
0.49453681868335997
0.44792781230138246
0.4465310421053314
0.46518914901534114
0.51287713562406156
0.47665709293391029
0.42458530842729642
0.50228044400295879
0.53435778582469506
0.5106045911019047
0.42611861438047882
0.44964064618740851
0.49210607621545222
0.49705361130793496
0.46241288479622089
0.47792160930322936
0.38108928725535784
0.44755514076045433
0.55805792873020554
0.43842415428479942
0.33073515306683576
0.48230450028601402
0.51906490973412955
0.54895411202904798
0.54328598539055484
0.45822215110205511
0.43073282714054006
0.57217552628189783
0.44364685391035891
0.47334528941918846
0.49101659354283805
0.53910859357831131
0.55164374635413094
0.55514230368118278
0.47614803127289917
0.44460366184258832
0.45523463950913423
0.55923733537223919
0.56012101568490902
0.53769271918757111
0.44746899866281481
0.52661153122719107
0.60730233754830232
0.5978862243091827
0.57011134636403749
0.52435004504739091
0.55231062604936954
0.46365775393689135
0.46211060922540759
0.4604911244946891
0.47892219392858937
0.42153576372938928
0.36804801797865339
0.44922615483944101
0.5326807691330554
0.40379092243438225
0.43260267242088185
0.63893265723530668
0.62654859799223117
0.47871969745697374
0.47983461608693667
0.64748462065664747
0.47637000363473037
0.48063898770642355
0.4766936658199924
0.49526824166885425
0.48299759597484654
0.54271877117605982
0.47431297242314863
0.49590087770818558
0.39255579844136534
0.6234038783004261
0.43731473125047982
0.4934807270681677
0.50540982169326121
0.44267934724812397
0.4846304265365729
0.43893290612450325
0.56369599652384172
0.50003659958582813
0.30452040398990526
0.3580589580829649
0.61746802162863046
0.47037780949379127
0.50553257737185486
0.5350558443326966
0.45941401152657302
0.4293594396782473
0.49147780899573162
0.50533389532999495
0.56256903976979244
0.41728631753579748
0.48143739689831166
0.49962162079238004
0.50303534788342841
0.48784038699088234
0.50239831185919537
0.54091517286877722
0.5796072299123427
0.48553282701044126
0.52063415330571572
0.49039557974856141
0.49198248900025443
0.51053721863834889
0.57677551767953483
0.5932662286144883
0.45592387908109067
0.48806423272759331
0.55998719156462629
0.45454763799691661
0.56015192017708515
0.54101843896292645
0.30663583110916159
0.42118719527864451
0.53398000101116583
0.50328415220017875
0.54650839360851011
0.51837893317769324
0.4871129774095837
0.44931294161460095
0.57888311927286118
0.54345998670482853
0.49728437133471137
0.56790119995439436
0.52930557807907597
0.48637482125447223
0.57339977522374008
0.55131749327940738
0.54420846006549028
0.4771771711094388
0.44830231690872802
0.5780530886323757
0.5271942408640673
0.51763651327640081
0.44506852524344614
0.53564026835209977
0.48514204432693392
0.55444848529526181
0.51582378564992615
0.53143139776120518
0.54759464815055114
0.54898895943948911
0.38624241708875828
0.41780618953548865
0.40944540556690728
0.41206492680526163
0.42045560795899384
0.53170068078438415
0.47176699662052457
0.5549395118584789
0.54721692238561559
0.48237222835515831
0.44441344588728338
0.55941332957681877
0.53709499961046114
0.64188994393003829
0.5137463709856197
0.42712298679401917
0.48076905160721123
0.458673856454896
0.52808122091390575
0.53515375348794403
0.41271330753880453
0.53814735719204365
0.44265042009510924
0.47869294244478311
0.48675999405803733
0.52503536773991744
0.47322533540890194
0.53527038395432092
0.51673344415685318
0.5079758054948168
0.52194535230066685
0.56655325953437241
0.47704593529732053
0.51761351763430918
0.44568221467089442
0.394791943013036
0.51609375351791931
0.49328508896323459
0.5273083788519195
0.54617357076322148
0.55133247015776565
0.46087851089369469
0.48512931007559457
0.49310440127141503
0.52892623292781671
0.4625151284543767
0.45482015917197666
0.52320643262860089
0.55308594671949141
0.43906210046489569
0.48171981090385252
0.47764375146657179
0.57151865819435932
0.37950062460119072
0.52172314510701412
0.4984869818591669
0.50979522419628165
0.52608507032449758
0.54049147504521367
0.57404658968881639
0.54707156573673676
0.52221282164722516
0.43376011132324505
0.49050514060173861
0.48099435026846393
0.44077266477635507
0.4070616212521519
0.40245976578290521
0.46710391397645967
0.52035188566357549
0.49088023809911674
0.48380316021779179
0.52387183179816899
0.45596638815723711
0.52413506885071182
0.58719433908977314
0.48491930787867304
0.46363410337751232
0.47308362273225896
0.54383017717531346
0.40935187337747675
0.54170651262321068
0.59220393581854491
0.53216102795128306
0.40375237221172228
0.43981211851526264
0.44914351591622625
0.46896215457652474
0.45000853253426548
0.56318008963920185
0.54266424222816412
0.52374299822064474
0.47950511308519012
0.38193785394020241
0.44200891765309752
0.57926144124500922
0.62965564062799928
0.57525001961404021
0.39762218850698383
0.42144236452453077
0.46270111969921784
0.54884020119037258
0.54055661989501735
0.55930092644585261
0.40816936166713058
0.51771546643472244
0.4998241353274161
0.49761891554552107
0.51436924062819567
0.58775917874270656
0.51588956830058008
0.56300239211484926
0.58834466725141865
0.52963852937327005
0.47124578923791738
0.51351545856849123
0.49159280140371175
0.54189054925692881
0.60752658279509553
0.6232067286476537
0.45302711416170188
0.50642072122824
0.4431152680864639
0.47776968420019295
0.58870618115195394
0.53626948663373331
0.51972704110408563
0.47663236236948486
0.53036967208648278
0.52428448721755927
0.46049748149660308
0.45058291388746841
0.60118923530384716
0.48352987471589137
0.53763714408780738
0.46294582835332199
0.57344657566710056
0.54179641177488358
0.50591588045656188
0.55723562658108172
0.45818086968842392
0.48450808193997552
0.53115057577382618
0.50876556607170365
0.44388796705854844
0.55210885352934347
0.51767876060613016
0.49889385740651893
0.43645090181295276
0.52653240388066258
0.49770243640125889
0.53122899841478177
0.54430108562128743
0.55517629915626299
0.4811816363423787
0.57562960103119598
0.55019978309018536
0.48457066991571124
0.55208019228967664
0.4939326250976343
0.49768839709529278
0.39479438231768477
0.41931400812559083
0.40781499301391594
0.46470254189371968
0.5353930350826851
0.49174203679906608
0.49413642469593622
0.45644121966727169
0.40000160147819214
0.48582023166051158
0.53562332228390064
0.4499020235016743
0.42023190652669884
0.47897938788051109
0.4779119024084878
0.5210777746955414
0.49165714449432829
0.59508202766158158
0.56033276636843954
0.57923598759792894
0.50511597711478151
0.56839985800026926
0.56620557895469259
0.50388431720899352
0.57798437151105075
0.41069470693208954
0.44567099657103704
0.47195231165868184
0.5032335750569501
0.54286948474059415
0.42710870358559971
0.42878678218561983
0.5029537208005046
0.3782012502843824
0.3663935866367104
0.45781425235095707
0.57569037592104821
0.54277335019835882
0.50732498381752111
0.54827491946867513
0.45253286717431751
0.43634570517451737
0.40125715773466858
0.46151578098816687
0.5022496132137112
0.44515086798393916
0.48183113978382563
0.55969152231631525
0.52386105607608979
0.48007929340254213
0.44616836387271591
0.38293824568456492
0.58241274436055868
0.50368065175822341
0.49701613930622529
0.51789252797508589
0.44354953239179684
0.43862423821692686
0.51396523332672328
0.47233180973476913
0.56408475088129895
0.49173813155779067
0.51602808414564472
0.39747148873065863
0.5112279882658437
0.44833891594191372
0.3692297677109726
0.48072516789167474
0.57350927101079863
0.49413988117922591
0.52321401441680149
0.46337806611071319
0.61424384758106154
0.48599307609457765
0.51899894286815074
0.53162049731421968
0.43853708662710428
0.4913292532724815
0.47023025829985077
0.51762589052640584
0.51465960069517669
0.55172950813349231
0.50790823719487399
0.49782658063484131
0.48204749195805946
0.47648901616138162
0.48222401211037791
0.51060627032567496
0.54359834132361395
0.48536163768976687
0.52696487905895439
0.49781939446519374
0.52001606374717924
0.51341560610154902
0.49022312287109648
0.4863340130082775
0.47975887664715633
0.32613472559657625
0.39004828442143696
0.49422032419287149
0.52075911020735388
0.52124586918262583
0.58309434519054792
0.50198192659799612
0.57065559816292988
0.57457454876351344
0.50350964903641737
0.5176616523118327
0.52343247510702973
0.43118054965207842
0.33957010261828813
0.55435634182028282
0.49164380252444023
0.47778506889402311
0.45970245677011529
0.48527550799414693
0.49424726136677005
0.51916812701121773
0.50493370215332167
0.52594690564164226
0.40036804740932924
0.4858414811226423
0.45951405980555193
0.49322457530146435
0.50568467920086091
0.45501927718667295
0.46526724976816197
0.53201492003496809
0.51268998809211053
0.42471183271788382
0.26369169252579344
0.38497991117204605
0.41716405368865156
0.3403277967884038
0.46986194963881628
0.38232197455750366
0.26750568226073657
0.35462589619687074
0.43162001323736437
0.40878342577422139
0.37926896557954748
0.40825562739528604
0.39300778993176949
0.40104045141090899
0.49131654793332213
0.44438722025227601
0.39917777609834526
0.30868094611735158
0.37469182448765231
0.45908806419121367
0.36181566620204958
0.45121139216357459
0.45664148767391433
0.35891285462787237
0.3983820546811761
0.3642303523142551
0.49516428645833105
0.44891972114639372
0.41551353494009829
0.39189924753432726
0.40903513442526113
0.37074729952408386
0.35230277607646815
0.34443661368103312
0.37790461515510038
0.42140762028836692
0.34080942205196918
0.38429340949122781
0.3657393703835265
0.38351403573194315
0.40038813461331746
0.39609346490221931
0.55341137995515943
0.41973684949490458
0.35152284481953577
0.35661293728503635
0.39753071475257867
0.44685910553227176
0.41778343101879478
0.45440034992271688
0.34639345653876247
0.37695931481442863
0.4216181300797982
0.55218305126503942
0.31992774467563684
0.37942180125140801
0.43627533686875203
0.33259149146744516
0.44627875032701375
0.41785023087519785
0.44216855236597813
0.39429469785800508
0.47457626884984744
0.28554711286216733
0.4421317455671922
0.48350569875025484
0.49007282292536553
0.58473571386481116
0.52416994656454297
0.56025849470807554
0.46146236292511894
0.40650157750639837
0.4568656224098856
0.47229113782689403
0.53526548859001433
0.50583379409873863
0.53530206657028867
0.47361685707324752
0.44492061023904195
0.5420919087668401
0.52239027556007822
0.53491302160459853
0.47679630076966567
0.47766408525095505
0.37137975318004024
0.47184727262373011
0.50216968422962871
0.44803746301186259
0.36754263067478671
0.54709837281380158
0.53727934563855229
0.53307174781516475
0.48304816125794703
0.46317938810243747
0.48075536402243452
0.48769046002703131
0.39969247487349902
0.4146216484066666
0.50197746673834509
0.37967667009169714
0.4459279164906545
0.55442400943334147
0.53048613152022905
0.45755993361982672
0.46919824530269266
0.51321954050070684
0.49006054198830323
0.48790983859059961
0.46341240703745101
0.48736897173473559
0.49975025895240044
0.39965442407965818
0.51472563237873692
0.39257309147403746
0.45760761393715976
0.43640214082178991
0.45413330749317715
0.51065875309280695
0.52554741256837512
0.52007207116393128
0.45992577142364988
0.4956626119614343
0.54254099777393838
0.45701955672351097
0.54008041175236132
0.47478717802775772
0.47421903138993832
0.34339614928575762
0.46203632599065453
0.61225467670114109
0.51178102192370667
0.46749608888367555
0.54339836399926233
0.48851008173928506
0.55394070439833931
0.43186384475037159
0.45294919095363423
0.46933090402231736
0.51019872913259456
0.49196164570254824
0.31938898203592891
0.46563148937301968
0.56868383479882278
0.58867175256914073
0.48005921252783651
0.58143970922511723
0.51487217950094688
0.47148942649842518
0.52493821866361856
0.54581903734506565
0.48215200083223586
0.43709470795988165
0.49666374353795512
0.4500624965380009
0.51401399813422799
0.42278044600359477
0.50292432944183463
0.51395492517246744
0.51106389199411861
0.42133656900198446
0.43151612348872515
0.50872907232224707
0.47509193680527401
0.39534290102592962
0.49449801444405622
0.46644111342048
0.47691960318331467
0.51333395292798523
0.48370539368276738
0.51925019685536999
0.55399839259081263
0.59347634388581783
0.47682747693728655
0.54090292830638409
0.51347719572717021
0.41018366017617786
0.48868148034886094
0.54429341260759889
0.59145611744368776
0.54946464812583284
0.51478378271242919
0.53643779614891485
0.549404471862036
0.32243379429277219
0.45326307236835156
0.55061890289838122
0.48086412803688161
0.55520343312817921
0.54819827340768512
0.55286779140633968
0.4935913445063897
0.3417889477299994
0.39580555395760758
0.46903470133567582
0.54779355474752944
0.42501402425534429
0.50377813010496586
0.47290415022075466
0.46984613304850786
0.62455262563521863
0.46289057331406491
0.39437071197184626
0.50012351344948269
0.46605181937251511
0.51728243307315991
0.5633248189034924
0.40456507995508195
0.59157888210073151
0.48843709218025766
0.51940241323579961
0.47313251082228047
0.39047983929606805
0.50938372015600464
0.59163499566549171
0.50990700927185406
0.53180474552924584
0.47888576932901317
0.60892175817414806
0.5480051333999737
0.40158193511243795
0.5147643876474719
0.46218405858103517
0.5845604033301296
0.39688638556848549
0.41788094561899619
0.52403856461436182
0.55656282980220761
0.51161856704563857
0.4697620099481899
0.65540225828525889
0.55057674231711295
0.53968947822951963
0.4597302912618938
0.4028299194582915
0.45733462611562248
0.46284802752495874
0.54355075763003002
0.56599979888779783
0.51109770072261929
0.55048106165451971
0.44471166779873095
0.50484042429398857
0.54948434005209257
0.55925695435367373
0.48789694950766721
0.50782781405033417
0.50032368057071219
0.44152138193953766
0.53980321826103761
0.50877697644222186
0.49553705784275498
0.53239468045194838
0.57514608531741429
0.46839578600898241
0.62083652900777409
0.47617877474362408
0.40509492053459234
0.49301889104439733
0.52636499315310448
0.49642482239325331
0.53274009663229405
0.47103004002244359
0.52645418654062726
0.39708843594718868
0.49130228481323396
0.56818687433728721
0.55032408493207241
0.5701479421982335
0.4882449469722463
0.52622351499562892
0.48677087269333957
0.46392681373454364
0.46774258267769198
0.47457361891883948
0.44602144285205408
0.58904286105910408
0.36831591698116656
0.4524435459389155
0.53464901968241096
0.56334337953344393
0.44634919452029165
0.58867969764589922
0.55254665954371585
0.36787222566329086
0.52300248421131246
0.52680241098580916
0.49576654653669044
0.35901207938436031
0.35648407542204785
0.52636725921803262
0.49742848458361483
0.44690731155835123
0.48904783146387337
0.48989577198940215
0.40880511816771836
0.57763184015888269
0.45342665821990014
0.5109487309608497
0.47044411369699424
0.46831491444430806
0.50149740724251568
0.6006198690328387
0.48404684054391478
0.69808881095983433
0.52913927702817365
0.52844179277310954
0.36180172716154307
0.5527025386519705
0.53482165044777374
0.54712341055121405
0.40137140686972728
0.5077744130681402
0.51316462788352057
0.52280969695163226
0.50443017047969751
0.47611562992514134
0.46076876203676209
0.35313472455539663
0.50700120358846223
0.36389441154052643
0.32213670816616019
0.38016689323669134
0.5434668136827524
0.50369618062225285
0.54620888669167444
0.5208069744704894
0.44951560692896159
0.5175530875760872
0.44788210141569279
0.51345629975655027
0.35325772538742994
0.41356707446671565
0.478357522779643
0.47450258953039381
0.49647862573556928
0.51653500415084364
0.52830153589244933
0.55817429321262901
0.46603499368002121
0.50397366650680564
0.5104382786220244
0.46277672221614419
0.59849372181906346
0.45124520124206602
0.53229225097061561
0.51913088360542647
0.49408848960494978
0.42606490211425013
0.49327905981179138
0.54671644623044924
0.56066044328567011
0.46024462134609695
0.37714892649623061
0.5319633396403769
0.51792217853773437
0.39347769790207171
0.5285698826024422
0.55213647096036511
0.48251965671536495
0.48028938550026168
0.4343839880947864
0.49034659140793846
0.46546370420032179
0.50981872493118863
0.53243950855950084
0.49473387382696921
0.50755124903456705
0.49265919512788064
0.44630597682832746
0.41537989378978157
0.48494578799971882
0.48882078004903307
0.50496282919713498
0.48875458816016509
0.49539339691392653
0.49787474956943323
0.58142751196449505
0.40550794329250073
0.5547433748566355
0.50182178333659333
0.6117400941856237
0.55360847978040706
0.49842469829559877
0.42240696146942269
0.35968062130602085
0.52306660554358164
0.42610783897892657
0.58270733662404139
0.36506424502494272
0.50446965039742653
0.49494835994486758
0.54912688815093991
0.56911308357031776
0.55221586410636592
0.53588700240736165
0.62388526576734382
0.55704943744526103
0.53012792328239411
0.51595025233642322
0.51467414708479831
0.53601234816585652
0.50020567555557638
0.43819305743524239
0.56313408308002733
0.53021833128349682
0.42836454445849947
0.36796555709042922
0.43715686489406003
0.53182224385814958
0.45341903144686296
0.48472609291473728
0.52190207261550403
0.48607940291264645
0.70344386906786405
0.5198423095831215
0.4354978085631801
0.46364991728453425
0.48483524608502176
0.469147253880422
0.48501690088241878
0.49120707587516865
0.47568993987822605
0.52065556647425804
0.43670226414386659
0.51342080713691451
0.55792131122220223
0.54584581692623924
0.50177513897100923
0.42563072336411278
0.39498585154763177
0.4401719966617435
0.44954689702123873
0.56006140707671292
0.49360453968082452
0.59290575290519754
0.51584106094765081
0.47222406380959747
0.51037756423368519
0.48990874481062496
0.46288701860189235
0.52856812474040549
0.55203920211884683
0.43721265698060313
0.48880910281727319
0.58536397398528195
0.53645101357539038
0.6008030780133683
0.36060099458706318
0.41717864767002949
0.47745814496478473
0.50047333017371576
0.50968720684574043
0.40975659568602779
0.44930967778586012
0.42926233935720182
0.52952464974216751
0.4538566579216986
0.46392213658248843
0.49768407744300924
0.46115740407056133
0.57022912221715394
0.49953367836134832
0.52309846956197048
0.53624617691926135
0.52844676057255169
0.45410905538161062
0.52992171475695371
0.49979198736504304
0.55576552048096317
0.49981406597733979
0.43172592869745341
0.60279464565038787
0.41874932198980924
0.50707382055473127
0.59582935260057057
0.52731393466789389
0.5611053186883993
0.46011633429311544
0.46140735563888818
0.36920119032401155
0.34178819171355157
0.57417535470085845
0.53421658503191738
0.67151667963505279
0.6075753825369069
0.47900176540492084
0.4179326399095839
0.43987806098289584
0.48570259163211243
0.50091324224332456
0.50900570949795299
0.45499129048695913
0.46458923601875679
0.55259919883546915
0.59785570758829309
0.53345038326370942
0.53497687429372787
0.56560861408632135
0.46484772920720935
0.42945913581176304
0.4950079485362352
0.51348116651488551
0.48734401447120579
0.46431675206306572
0.55408029554600524
0.57523872661037767
0.52099000916716531
0.47220325233629934
0.47224490452357604
0.40847101012208209
0.49135918176756083
0.46504051645372746
0.52617882582437447
0.52235288124694634
0.48838791561429529
0.45565237760031385
0.52694099644211212
0.54928433502709828
0.47990771701896573
0.40543667512360188
0.52487677824152001
0.42097748385316597
0.55075224476029505
0.41007510798676378
0.4722951830505373
0.44412959554219267
0.49006237672377811
0.42663900602373123
0.4943075948652626
0.52314820456598832
0.51611638484248601
0.55544357249068732
0.47376798004081122
0.50209031923247061
0.53406461985427267
0.45039742142932726
0.50955354890299276
0.53011486409738995
0.39933728065401092
0.45794656720246679
0.52873800629405088
0.53581763297826179
0.5381657144236226
0.33421253078861823
0.515545645053885
0.4977353392492147
0.44853076888284488
0.45787077544393612
0.494428463756306
0.51278362709665481
0.52359638484071092
0.52340294168623269
0.59088884935107322
0.50915009656495713
0.55746575411309629
0.50343947353939422
0.40757981659255899
0.54563325152492281
0.43960864594094062
0.51893231842555643
0.53921959217421378
0.49518246710207264
0.44590145857751345
0.50767227206338816
0.56829002096594805
0.44342081700146319
0.60256656185335344
0.37140408862598495
0.53022832811725895
0.47241683536394841
0.47796690635156797
0.42897912695781015
0.53014729526043836
0.54154749708736349
0.52598632081921304
0.46907615751638765
0.44870206140048013
0.53445051897489404
0.45169540830687266
0.55156956242600874
0.46572034493929809
0.56191010124123197
0.44404212834973722
0.42902281715988572
0.49450479662633939
0.54406628250191513
0.42418528404726463
0.49817577794494133
0.47351867697876526
0.51947038488242336
0.46746432639177082
0.48230349458281413
0.44182543905928734
0.41280358630748804
0.56019402829770082
0.51183167576176825
0.53576845249854688
0.43054016349304897
0.46621973350235812
0.52395649880149209
0.51629898908266958
0.56438137736092553
0.52899744717728103
0.42096526007222862
0.55574527537492824
0.40609321835293405
0.52759739350671142
0.35405999092183477
0.34297861931144852
0.53086808748334213
0.44832660180435668
0.48487937740016929
0.52794308818126734
0.49027809470973044
0.44160516266717853
0.46647832433962816
0.43433484362597546
0.53352893492574116
0.5077583337859608
0.45870069687606735
0.51366676573771397
0.49971824511091251
0.50523232672691476
0.60571789561078526
0.48106906755371598
0.45137089562693605
0.44655062900216758
0.57263626888331554
0.51566658326176773
0.48568575026722544
0.52573147775644868
0.51934346815433952
0.46947731120260772
0.54310088673208112
0.47173118808264658
0.52053870233162769
0.58387212455557425
0.50351049049635654
0.46531247112703239
0.36575215067234323
0.51476718420181267
0.47048936424953686
0.51107150816651359
0.43469698737958368
0.54488694135255711
0.44732265332368121
0.63696094747543786
0.48723051172462267
0.5371564351744067
0.52962636460897328
0.46988699995046457
0.50773549621071223
0.53250775850821097
0.52349068173171942
0.3994919507773439
0.37199030147473044
0.52200028786545893
0.48002939142837303
0.52832432619639647
0.39373669957776486
0.46685984837625405
0.39377550998452177
0.54027929915950001
0.4690877139793807
0.4859806285362312
0.3999425844631368
0.48359695414555626
0.53198885446146205
0.43071411347652
0.54931864901674898
0.54900373078352793
0.38744621943848179
0.43435970036494542
0.44613552733056311
0.4690272674907785
0.47681684825013126
0.52530734066310025
0.46915411942187263
0.50334416314416408
0.50630702239738123
0.49558847813331608
0.55587357591785658
0.39547439550829766
0.44210934687205811
0.47920068332598337
0.52534356435025931
0.50932009874183881
0.57463985466269873
0.55752489036501973
0.53588207903955154
0.46214602393833326
0.49828112346184034
0.50331319574473898
0.57250252478311692
0.54334460207491142
0.48753709477791718
0.44389459589808017
0.48652273584039185
0.51901010639955136
0.44561485797210187
0.52339139534683887
0.41062568858176296
0.5517869770452406
0.38248297838440071
0.41371329234699994
0.48278589775711717
0.53717657727253565
0.51094857107128611
0.40876054972958636
0.51771788569752197
0.47464828023459998
0.42835797348721955
0.46652414347878035
0.42293490408141388
0.53866377717859482
0.51844936469960456
0.5260422241077336
0.51889986431740154
0.5294520710315006
0.4702830730023253
0.54344939762948985
0.52925936400090257
0.50936312863638977
0.48838995141576413
0.49417429744701291
0.560251907805976
0.45697767047159271
0.48107199807358553
0.47703561951344292
0.45625542624961979
0.54015765008006933
0.49320683951624189
0.48081299252169513
0.52547727254806142
0.53655722270803086
0.37499567059167355
0.43378132945256587
0.45343592962237578
0.55703181669635915
0.49459642372800439
0.48878140367898909
0.44536959876707632
0.52672476264624535
0.35018528784691894
0.45220364872282226
0.38840636425308106
0.48905912912181831
0.5401111948018722
0.44042145653644188
0.45002852435462132
0.48841912577905577
0.48071746187006242
0.57219066716710332
0.57388671369423128
0.51166619217575859
0.4945774433068405
0.40798980813839403
0.45164423484283894
0.51657773956364506
0.53067128036518207
0.44683757337985175
0.55767683430807224
0.46311257889309237
0.56604295920370662
0.49575271299253565
0.45277100576054446
0.50689587747652631
0.44026376199417011
0.42669406161370566
0.4420403345283061
0.48907529063385669
0.51904384456894737
0.57890714978238422
0.52111422010217212
0.58131142422943194
0.52271572334581862
0.56173862155349485
0.45541972032146821
0.46448062263184209
0.52640321421539771
0.47003644014546775
0.49390111866319447
0.48257763045190782
0.50350891487665383
0.54185572593607922
0.49644050941695667
0.45822416346257938
0.57471951586453141
0.47130547467992034
0.56789815151843281
0.49089448715582662
0.50591523557152784
0.48987547495600564
0.46289582985957078
0.46773922440525623
0.56062917042059579
0.41177447058930905
0.54496497500855878
0.52841605496212418
0.36444428853468985
0.4086621599322377
0.49918784140451605
0.50852224880506558
0.44035107325286083
0.50812441873308278
0.45982910906066332
0.48986622113363226
0.61394534335562578
0.48099892611891426
0.50937732811720482
0.41309749231570864
0.52330087266658887
0.48668763464023135
0.47491234506687258
0.54713391974194248
0.40697119781537139
0.52999243652477768
0.51810634922569765
0.37608566872377019
0.46605395665466809
0.35892124711604773
0.44239146527721057
0.53431422230947978
0.50076147883078337
0.43550462913759169
0.46907247057705242
0.41854885898415312
0.54438230026153167
0.56753389306550173
0.41527537107082207
0.48763506290268105
0.38755075664603217
0.36500964972895766
0.47607348731173671
0.52947882009693104
0.45477402585559606
0.42064650471476128
0.33199170651802923
0.52226985693880923
0.53808269137737386
0.54572846720968826
0.53871249722777759
0.46817793238968469
0.45076604034596668
0.61778411825840973
0.53259097822081602
0.48109424652722987
0.48394044570865685
0.45638140232991842
0.5157782070156206
0.50944859135141718
0.49553969519642049
0.52300982102091542
0.42630951590306754
0.47157038078082819
0.46165695400527351
0.64756292031240914
0.42955986664558249
0.45001392377299432
0.4325646347264594
0.51188660433011013
0.47754170185852951
0.53814530516987158
0.38367020157594123
0.55751539723710031
0.55611896385214876
0.42228612741606875
0.51102530181450523
0.43851952558716817
0.44487343178253352
0.53156049983468956
0.51977993222765151
0.5287433901838019
0.48166053541007414
0.42444023340880926
0.51830382815064768
0.49039457192168595
0.52667929951771963
0.52810734173940121
0.53760403854905348
0.55490406061490472
0.52347569593270105
0.5349953403366503
0.51011236151731698
0.49071986777202148
0.40834267930904738
0.5231768780190662
0.49707221473872848
0.44704929973971502
0.45709775538178338
0.50243093894602442
0.45306380291204934
0.59301315903072382
0.36718997890900634
0.50940900588721949
0.43948530723028162
0.36625420353745874
0.56438258305064615
0.45653078207622172
0.5201619939254879
0.54194681909662512
0.52013131441027827
0.49978503577565753
0.49114885287532167
0.50786685869905446
0.47693445415974622
0.56531377267170757
0.580970096626516
0.38789814257007182
0.52191228922037536
0.51850243157815923
0.48883567692326241
0.43942727371667806
0.52924779520055321
0.54535762547130828
0.45962673458982606
0.51509497099197477
0.58053999367012099
0.50262582471904271
0.54216439440287856
0.46951475273478999
0.60772791720817632
0.48786493411067994
0.60156677431806571
0.56575015397608297
0.55993244647908724
0.5511140537203072
0.34200021743590886
0.46688832208786735
0.45775628935341972
0.46127692739840553
0.43381866280710274
0.47979120649764062
0.51710190916877863
0.54287130747923629
0.52461507521619755
0.403388789587798
0.5342216959827949
0.54130774603045617
0.55560741757316412
0.41110561961152514
0.52844485204066671
0.44309919599189246
0.53899703741703331
0.47439920005636343
0.51690644933105201
0.56749274125079574
0.51075873017526452
0.56444729322169007
0.48271391169527528
0.54619441862607121
0.43451573921210102
0.49466466822624
0.47292986925877994
0.46842586557839505
0.54298400166227978
0.50142182270994828
0.47919622402886608
0.52616223918810556
0.35943774303733039
0.39428294176997214
0.48886634829109177
0.57320758820464079
0.48640874390624389
0.50121898562504441
0.4253164868442097
0.53246700676417147
0.44779632780379169
0.48315989144495236
0.53002000824360385
0.47566708273049363
0.52462351570224897
0.3877908175425655
0.56520836673208719
0.58918976739095785
0.4943709019845996
0.43093475060456499
0.52268152705093707
0.45552988327154575
0.41967500666055302
0.60094777901355234
0.48572436187862184
0.4449121368617831
0.47801693715892452
0.51975661824225039
0.50058984401575124
0.50554109416507309
0.41831413686481361
0.47610700926860622
0.52149850569823153
0.48023774115982332
0.44715200589095555
0.36467250068488261
0.55663313898273314
0.46670972654514004
0.54748381359682952
0.50014190120229118
0.53283190099178002
0.48484051478305801
0.48888097860731833
0.48379590806688427
0.58217991116822443
0.53124713379001343
0.48423072447831267
0.53048725856011658
0.53693423934551487
0.48092586264862935
0.49850367822107572
0.39756481494637297
0.4364922959917808
0.47733385444923099
0.43835801430892712
0.51023152830709295
0.39449920517292286
0.50216547723807425
0.55884858195480014
0.56752922515864956
0.60135359464572269
0.34075144684048259
0.4530977155983601
0.53767994741313685
0.45122805329705495
0.49463735156364119
0.40699508447617261
0.30981414979614436
0.46259629875311969
0.40446958434572117
0.43611716661199812
0.38165503465650102
0.40898760337144802
0.4356230189181628
0.45864810455416194
0.34431687878356509
0.42024989748644631
0.45204523419784881
0.47909979626638494
0.36277219147026563
0.37884160071353268
0.39750546563863004
0.41252881574235623
0.51047840290844715
0.3801485985814414
0.49240691791777175
0.35256262162973401
0.37052539389416733
0.38107763507628672
0.46586868636109152
0.40925144309889883
0.37950088339351773
0.32257615591170191
0.47586838665844083
0.38703127475499866
0.35717273733738225
0.4132542063923369
0.3611766577268814
0.30231056032625808
0.27256068582605708
0.26096768122726705
0.3342507458924473
0.45205099952334205
0.3401894328314693
0.297239207755568
0.37883470746021602
0.46839120006651663
0.35438151165091036
0.42312997690970366
0.38720754566551102
0.48724266905138985
0.46596329744212944
0.44748809473923828
0.38928988956306743
0.41129570700009843
0.33654427146346222
0.39709806749238274
0.41851719800837206
0.35455653759210221
0.55061169840806878
0.33048587962049814
0.31698553698338294
0.43661252670567441
0.34452428707603844
0.33179888645265343
0.327158451184629
0.44743090367636074
0.37031705327799996
0.56148199008558186
0.3691840859626101
0.25562367235248606
0.33465071414874609
0.51396220693207062
0.38731393943328346
0.45316530772901947
0.46305367565806121
0.47179722657868167
0.48068107526720433
0.6152143229196011
0.34817588424487678
0.47442830956767168
0.53025941573297264
0.48498554962623364
0.44125784355259529
0.46935880436208199
0.40791757351146996
0.56352615678868156
0.47060200092717047
0.53335104971091718
0.52624816839815014
0.51091200028782946
0.5097907087788307
0.56540144540167769
0.42868625366767926
0.48733971858281155
0.534947690151925
0.55626064210425596
0.44005690633144018
0.41853504116396389
0.553810307970104
0.51444272857876783
0.49663378004950637
0.35242942599854743
0.36154339100028909
0.63339943120284459
0.50426935221705871
0.61060440109971537
0.53479747737059358
0.53006643157037348
0.47339625442770156
0.60286016748465943
0.54784766826404596
0.63543682043800831
0.51616916366465038
0.49386262636110112
0.59931488480005368
0.43604439492125668
0.46595569602057735
0.46672265449959771
0.47238714878913335
0.53433442669373199
0.55318454074846557
0.48675158360840709
0.46644531790620092
0.48114206869670861
0.4987525549232189
0.28431292611269576
0.61458335356021077
0.47124381980811719
0.50000986945682291
0.4780808779978824
0.423629288906958
0.52482385334296233
0.55892431393309616
0.33631840364989074
0.40670021012364815
0.57070264373458635
0.39053893505677756
0.47292564566011586
0.4403592674444507
0.51720664083763135
0.4909993685621592
0.51858116015228084
0.50001325604533742
0.44709388174700382
0.53226748827943382
0.50024501107157415
0.51700416690775663
0.57033662544879649
0.55320278109050813
0.4639744059711795
0.55353341831946468
0.51960019077833774
0.46884740452305362
0.56048955092155861
0.51275228658243244
0.49190429021280002
0.47884413104429169
0.50786564398690992
0.51221298317338859
0.31162285847632565
0.55152858437618668
0.47050787836585245
0.47016690125928007
0.56939635379164266
0.55104836087757603
0.40953655507924558
0.35173475040525154
0.47312718969095768
0.49885204573405317
0.50986697795609237
0.53088483644829876
0.57620513736778689
0.4842597836196566
0.51168109690520136
0.46070243902937685
0.51145848433658725
0.47637550737467038
0.52125951094497369
0.39589611288134258
0.5448800717352047
0.4263634729812697
0.47845731435851269
0.52499270959828015
0.5377618732312841
0.50173505350921588
0.49746151817725703
0.50612745280018234
0.5357214413054453
0.42176614395388029
0.47740845062120968
0.50742288286025983
0.48673523231044458
0.49397685440624606
0.41020300972887203
0.41853575043530578
0.58183235363457608
0.47835659330665975
0.39249993865077815
0.34964967359529325
0.47232336699825656
0.49865968796864552
0.58866869480263806
0.55519897002677421
0.40609519899396512
0.54148176730577602
0.41034862118902887
0.45857598596513832
0.5136761750193356
0.54913211650817928
0.40360873117539209
0.57150334119837487
0.46410512338466592
0.61039873929731669
0.54994023566407613
0.46041786077609481
0.54815658026546354
0.46221551391811999
0.47086752111962688
0.48662354488551657
0.50800102868711561
0.48420688584423938
0.46141356400932032
0.40887086196367067
0.48718500393605424
0.46805908385250083
0.49153861359007583
0.57470241720754822
0.5215659066665923
0.46964866685276385
0.35053927522420436
0.33803603302873397
0.50642868604013824
0.4744513226778535
0.50927305363482844
0.56761814778092157
0.52231370428604984
0.4688922853528702
0.46675031459752891
0.52188543162657453
0.50336353313931259
0.47789196527958383
0.52125399167268305
0.52007372301909682
0.44580093403916793
0.52451601857865193
0.56016444286424039
0.45857525900650553
0.58641123962758757
0.56814897502198047
0.52576166963159898
0.53075117413986717
0.55464025575740716
0.56798839576453908
0.46990722021523224
0.53088082774880507
0.47973013716095436
0.40667190185390595
0.48946942878995703
0.49608193962239666
0.46641664140285083
0.53154559288876413
0.32601684814822224
0.43989405350242511
0.4061656314438149
0.4606274107148941
0.52304006789810309
0.48422019258848081
0.52024006283938884
0.45246537283169708
0.50554007150653424
0.57222464212270707
0.58191538595070069
0.50597594316060945
0.55755663156865909
0.50271781595139498
0.46486725431642206
0.50378826570326829
0.51940641927047004
0.48290691166286226
0.5966552206518404
0.4968087762417045
0.50831311917606925
0.50280458210330614
0.52512360553326731
0.57311623220612395
0.51864737192920352
0.51569942359770649
0.46823918085982547
0.42473286768671836
0.55498008186451331
0.47440827608900132
0.51580110287971082
0.53110450707916124
0.33877214097866598
0.43495290557026445
0.49215364274201684
0.4715212105005554
0.41673780809787214
0.45574363945958674
0.45607878858213224
0.47677999309187896
0.60668518872009114
0.53196183811268027
0.44373044236678089
0.46511910041657656
0.46331390933720706
0.42187820166977941
0.51915130745491733
0.4018113314425108
0.44721035869631642
0.53471013102040243
0.54783888504605693
0.68937135639144143
0.50982894590290651
0.51904774935740894
0.43574482779772483
0.51395837605881722
0.47753137344563729
0.49873894138945835
0.45497952038986511
0.34639325039758362
0.47791511430322703
0.55367114972932363
0.52716742531077054
0.51227842778744492
0.38949439215550069
0.39973608504627833
0.48683044261544661
0.4015215713744133
0.51828370530553247
0.47172790061396158
0.51425126252529307
0.49132951965495142
0.43232937904536589
0.50349109443605466
0.45811412263606616
0.4169128476875536
0.44300410631235299
0.4890335656308879
0.54246319133835097
0.45754730053805087
0.43155342063686358
0.49253088485953384
0.49437575565847458
0.48177088336728924
0.3728049060285496
0.55077379953376893
0.52508296533102095
0.4512862431386685
0.49993140358419574
0.49637246223103798
0.40572961527928503
0.56537876548830235
0.47679382678035326
0.51521703891505521
0.54186531707742491
0.50846008949446986
0.36479132756660415
0.41427081751430872
0.47669086763253837
0.53162398552304702
0.44240517182641859
0.51865737113022181
0.45483657966387464
0.61051091069897012
0.48097622075490792
0.48990932011077781
0.53600251009747391
0.50154752295579996
0.48760021896716582
0.47827008290619877
0.46995335668010541
0.38330692695567681
0.4863211981495148
0.43564803841139615
0.47119068510007589
0.418208315517553
0.49828821563350412
0.5012396940120869
0.42519585620090156
0.53257420474857509
0.48802091938190256
0.50113704442903306
0.45056596990550468
0.56084227586572377
0.65360874596405771
0.5569898093461938
0.49757804890817869
0.49895863504212118
0.32524829659793686
0.45184088230702851
0.54386501590283187
0.49772095953843581
0.4750857355452015
0.50961055606480743
0.50930798150464152
0.55368269576091522
0.48710362094542969
0.51172515037581612
0.53142469548254911
0.50585287757840713
0.43296762974580422
0.48272825938637925
0.53157628336490648
0.45784541511860616
0.55671617734571555
0.4940300787059167
0.41508924098119337
0.53560090900709112
0.43017929115161868
0.55286760122490541
0.49646290107662167
0.43728541497680412
0.46651964535983165
0.49377191746591059
0.50001045376179942
0.51715506950153745
0.4985559603384343
0.46800339454071466
0.48366198123816567
0.45122743541154553
0.38965594437131212
0.34545061011497585
0.60659454284502246
0.47726761177869287
0.52322341305662312
0.55039345269919904
0.51983770746306546
0.52776608071118303
0.5599545110198153
0.37582708842837953
0.48255192650275558
0.48982599921051084
0.56814833219740968
0.54368606760656601
0.52679939935022524
0.52025831223746544
0.52694394805419476
0.49183817332018837
0.48827772026870775
0.48367609598951583
0.50563231806473763
0.49314530649773253
0.67685898270199885
0.54094884635778617
0.49007383329271414
0.49570721638542509
0.513525139805874
0.47186239277985603
0.49430088329533328
0.52200622266794117
0.48546581435525005
0.4901553895951653
0.44039956581951362
0.35505053858410307
0.55962357794792217
0.51596254808866115
0.41128374964124426
0.59428342176562621
0.5145149043603473
0.54915343771154423
0.56813279968560448
0.43026585137060069
0.46698209737377289
0.44160652108853776
0.40108929622453476
0.47711854454146319
0.5124244076383655
0.58979521449336869
0.48542148471724839
0.457410571149096
0.5295506134483261
0.54614882253380004
0.44239040089129145
0.59705505262552805
0.54004071067804316
0.52984211838034756
0.55840471171164419
0.47020370166968084
0.46452619803099759
0.4360297513812611
0.53155040127022535
0.51242387680132606
0.52864264323448429
0.49061527422001483
0.31031086386721018
0.39234890022232632
0.4272599456356368
0.53394684225460975
0.46985878015813309
0.49139788977256355
0.49024801630533188
0.49815072129167631
0.49418755010287851
0.53958489248123487
0.49449061111666853
0.48190616534058639
0.40735114006174894
0.45438579867088558
0.5237087526358003
0.49286413015429237
0.53081424560348545
0.57883226309094804
0.53551316833523221
0.50167498049381576
0.50018315708231142
0.44578946712674417
0.51510162056722442
0.45289582384807942
0.45382066335369747
0.46938529762620051
0.58951334824756996
0.52079226433007564
0.50900062717684258
0.47933065771787314
0.45924770640217966
0.57295318898815972
0.30952286210999208
0.34155187820530153
0.45659980034505898
0.56659560879003712
0.56903977964072416
0.55483770064487381
0.47697437898121542
0.54661857228527067
0.40481385419028171
0.56032234850442519
0.5307180969021208
0.51226371028328155
0.43305402188323711
0.49984646676808375
0.41021122159586454
0.44217238557991845
0.50626935480454383
0.50187360311225737
0.59610406272751049
0.48645542925731561
0.47011514908325419
0.49173867046127612
0.6399833966945554
0.63688079511564399
0.44768309061021955
0.55388065921150875
0.4792799972793178
0.55469502678387494
0.44769802987265278
0.42660446947119918
0.42295425177537765
0.50938048644375877
0.48780884833937338
0.43151580051029648
0.55617518895565554
0.51423348229903343
0.4929561256966592
0.47057926706260544
0.4830196739606733
0.47768739015044154
0.58872468507521136
0.42337954975666936
0.44212239036991996
0.51952623417893984
0.50715107806700721
0.36773624430334378
0.49243169936977771
0.4988822967833097
0.55475134007167315
0.48187536634606182
0.46359814880346406
0.49860748957676543
0.44815789336005213
0.46183844183179451
0.48250744684587671
0.54374868691291633
0.42504199343345511
0.51706057491171975
0.4993278597726028
0.52028520554227553
0.49590899061157045
0.45211073537336682
0.4968170743676163
0.41003770266497153
0.43887235660952945
0.40029882197801592
0.43676968580670461
0.58395371652833228
0.38470935409515877
0.52679381785216284
0.54443284583538465
0.4624209216064587
0.52357529263112701
0.46229514920769682
0.5654612769600923
0.44586417441584264
0.46100435932339345
0.43791681513756181
0.51451429961811179
0.5129824975791577
0.46194474837729249
0.46654666766536268
0.48692878762529651
0.52276721028808393
0.56678237849941837
0.5067457653346138
0.49390130653028408
0.48555751725614077
0.52781712460113139
0.39536981657803161
0.49188777971915404
0.61050253546254007
0.52916296789815631
0.52406397070262711
0.53232992930406375
0.57373197482874638
0.30959625886049608
0.33325836840051892
0.44606335376628459
0.49473522282700411
0.55316499465744906
0.55944185428395876
0.49875319052623451
0.48351342518856522
0.50237723676605273
0.52327582918072602
0.50761603078500683
0.4264466442285772
0.57374763476099
0.47042038793179403
0.60571649284535178
0.53363403550724509
0.47710239033123958
0.48573365815914399
0.51014519972168337
0.53992069315155322
0.56559462432286411
0.45145335430370337
0.45790845963207105
0.4944701077858985
0.49176676731349794
0.53940848431222266
0.46673886066448317
0.51743265907803448
0.60137466829772412
0.52891326576944275
0.5494219023796586
0.4193944775281343
0.32589471133314718
0.43124551377630849
0.55610006863234285
0.47801698794245367
0.5924076658745262
0.52645594476589119
0.51550014290347479
0.48802749090224395
0.54125932835821899
0.50366361616486033
0.54029034614339611
0.52742242560508634
0.52027042241316435
0.59595919880069226
0.47979119694705685
0.50669250331044435
0.60155726219931938
0.43233974044893381
0.51013150480262559
0.56865798140116486
0.600791376326409
0.54341077074672883
0.45634511382347526
0.4195332702804464
0.51170642167698477
0.54249216963421631
0.53674925169584042
0.50912740463937189
0.56560723321139672
0.46918387457050015
0.53453431294174902
0.62959744330110956
0.36917070910132821
0.35544065448880618
0.60714096705596143
0.47321563963555718
0.53801434471979526
0.52576065042546016
0.4519477972506139
0.50050675545574375
0.52547710888588905
0.54456517920934522
0.45106573154313878
0.53182734136160281
0.44240641833625727
0.53493171529772143
0.44523919884791907
0.48470441186748542
0.50895596194447212
0.5304589593774498
0.39358427617358016
0.57472267610444006
0.4559101928675458
0.56054593596166891
0.48268951066196325
0.46884683601158272
0.48355132817423579
0.50334800000471835
0.573378687109102
0.42479229066034457
0.55199120966520177
0.47210411951634496
0.51431486288771056
0.58246750262206881
0.36943462008279698
0.47092756454776669
0.4326145484518773
0.45439432935041313
0.47738293153712635
0.50546759941990504
0.68161338026396179
0.44197854420634231
0.50541954922036214
0.5235062244376032
0.4865350574950284
0.53061326521618124
0.5707008021252723
0.51012895555352167
0.56355840275931901
0.49407240913714012
0.4897176846973233
0.53790602316959968
0.3652811808200323
0.48529953477852666
0.52305600915107198
0.51508850211401525
0.46343394303615143
0.49856397463601426
0.4915138519724796
0.55461086160898576
0.56753033977173062
0.50576226049004191
0.39657973182076833
0.49557200781940369
0.5494442138875647
0.55019197074875792
0.3551107091022388
0.35829323627019216
0.40692154758731763
0.65572066597748802
0.44423064296731268
0.49070446579127541
0.51726530682240945
0.44646168876136372
0.56890461225123501
0.48709647809516599
0.49431788015281347
0.45951535143988498
0.46925848243876883
0.55926704125945892
0.50237631379893277
0.48993212722800344
0.46690424045504503
0.49831166854242703
0.51848641081709135
0.59377317499671178
0.49550364580379025
0.53491397527263795
0.56471182894568872
0.51368488120605316
0.53754118279391638
0.53936895109437522
0.44324116468058233
0.49475323261455317
0.46555064586183381
0.42858920674517093
0.49667349068448563
0.40899329176148802
0.49472278840096123
0.46873905666308996
0.43815007345113471
0.50182344366029408
0.31023131285217886
0.50539061019023168
0.46451938677290489
0.51057998228218471
0.50221005761319182
0.51653959714098796
0.4440712285666743
0.5838831695225416
0.46917025390684952
0.5102975891518633
0.46868241722821302
0.52209164699258104
0.44569479856917066
0.45773803578725186
0.44096566936789655
0.48322120595936091
0.49294813375559471
0.49685821390410984
0.46919920332241294
0.47156625461292434
0.48951909937526139
0.46550697624012782
0.48175280602200032
0.46347476118115438
0.52004144822516618
0.42148208654984237
0.51621879722374986
0.56209154305469022
0.2861372617510724
0.39510105269696055
0.51576129695730477
0.47515471678260113
0.45785655589362712
0.50557385058101711
0.56904616351371007
0.52162582668826241
0.52016047565162715
0.50464460669130806
0.51934916771033535
0.6014041575298249
0.40964852113075201
0.48127168466313519
0.47877160595877982
0.50750430698538362
0.59884918607576387
0.57755843942346419
0.59947914019000126
0.54202605693216277
0.53149242207751035
0.4898862771601431
0.61349179493381045
0.50877331746444399
0.50738559033415909
0.47730669313747492
0.46022596409392097
0.4268189115392057
0.61104949524515739
0.45274151498302456
0.4928101120789557
0.46756926364277596
0.36953035698088782
0.40228376553644574
0.5413306951775223
0.48539511796505541
0.49735406684983413
0.52684183034029242
0.4968441212067578
0.48241250330544233
0.42953779735857389
0.52377526432963351
0.45179467402083884
0.49665993510885437
0.5150229874615595
0.52506803669870783
0.53548056858120818
0.48976450740993149
0.43843514602612849
0.49200584438891187
0.46360196388793312
0.53788075739311958
0.46638672936684417
0.47566106499924615
0.61251003306223006
0.5189824240425176
0.49369604145673635
0.52279375794042471
0.43299758626798418
0.53041738151546003
0.51332049881270803
0.51661886970795035
0.49160183408534192
0.53640339389046576
0.42688915139580452
0.41810927566299466
0.49934425022635698
0.52565076506805508
0.47339300505591569
0.47531411087744674
0.48924963186591941
0.49659224176278183
0.485441687020565
0.48657376270840064
0.51954658162788092
0.41270845699403563
0.47493782167032372
0.52525983863837522
0.49146623466106837
0.47308211743873679
0.4346245421563833
0.49789537254389471
0.46989328791366419
0.46466552935861422
0.60039732073881469
0.56334974444364638
0.47723371675579002
0.50883962072130795
0.47848741680247475
0.45680383172281214
0.48374056354764372
0.46212849211727564
0.50794807376238726
0.47192041463196854
0.49323385774875722
0.46364081166987131
0.38500410715282551
0.35672571206321729
0.47281178978025029
0.47723246769348254
0.49936989709277602
0.47722757809137523
0.49926352333054347
0.52901786609195034
0.43725046121082412
0.50203911240132426
0.4611848572243657
0.53517646891620241
0.45949750754900726
0.544776752542522
0.41463014895208761
0.45673794135660289
0.51318453559630561
0.45405528723729949
0.48413847495526224
0.48791789096763022
0.47315975253698273
0.47249515290905392
0.47333277893566239
0.52289536579094553
0.47350980648984026
0.58697253109609138
0.38479139743278573
0.5297142654150494
0.67710162945964325
0.47409012116470461
0.52021974834189377
0.51205823763341085
0.36851375089679117
0.3359876212852328
0.44860489176060203
0.36390252570815973
0.53834049102556036
0.59779049870425982
0.51890480823555973
0.48654200444213286
0.56472288577141228
0.44079649732871373
0.47264850775415923
0.48206827418694603
0.42302972795304289
0.49264077352027025
0.60653907386284744
0.54196046196221848
0.51060192065913423
0.41915628318222503
0.52999094175637351
0.52869653172981057
0.42800778365209663
0.44525998055439031
0.51631578224306729
0.47467045786494028
0.40978449779535431
0.48799204505065369
0.49214485293969173
0.45754074892270474
0.48207854522115506
0.3716984226743959
0.52505866326105277
0.49313839380267394
0.46934378397556531
0.33835101275880419
0.59780103427208109
0.42126214347753194
0.49529569152528785
0.48570491752567585
0.53196596941734786
0.5868582557916342
0.42573619811800628
0.53084043438191653
0.66132008199953574
0.46534345856563181
0.48617443791076903
0.51699957356643544
0.55965919493701499
0.48958600254372503
0.60831656036156589
0.53881965587747915
0.57807854143077564
0.45479795554304386
0.4248745634804057
0.49000648737208813
0.51896822408416066
0.54261647428407955
0.45973931577401644
0.55014329002374673
0.50624558315554502
0.45350792492714542
0.45721164123101254
0.48400215489865039
0.46328455839793525
0.48222097597922514
0.46026574340408444
0.32187050625224839
0.4677475637878406
0.50831510377251066
0.54916546398612731
0.48471985422769448
0.54394006131119321
0.50760489151649146
0.50420794188548923
0.52721562910756758
0.50075284280049859
0.47382155691990019
0.55235151731149568
0.36426453001460851
0.50931711035650595
0.52965345444859269
0.5098530759162424
0.42466880949228231
0.50607843436734157
0.53277430040817764
0.50500691057496305
0.50983389527374157
0.45133050739014913
0.53685287690789807
0.48420876441708172
0.51938903675567938
0.47124657798619518
0.51491320951328123
0.58185486040380296
0.59266883105938051
0.44860556640269289
0.45059483644760545
0.40003990602451028
0.46036839254917244
0.41084913871640477
0.43664703016163603
0.32669238166409209
0.4037604373480928
0.42456007178072269
0.48014218028304728
0.38732511159571431
0.46992295612919283
0.3132118286197253
0.4088921069489676
0.43204910927199486
0.41155619723164949
0.28011315510679335
0.41015137544290164
0.54439815649770695
0.37050981809869121
0.4107130100862042
0.36719570718577038
0.39029754025878549
0.38661734425236066
0.43868023041490267
0.32424027350785756
0.40368262827869661
0.38710712866314589
0.43135368172046967
0.43894985382211049
0.62904736521016835
0.51136461737215633
0.40237104778633032
0.38672574905878881
0.47000122891982465
0.29330023691190771
0.40486062997014571
0.33117102184015379
0.40944359845696809
0.40309912924608593
0.37442177006765998
0.38455218388906132
0.43728428574707745
0.37139454209711642
0.31766985053853874
0.38946801281710985
0.42606658751289145
0.41993305915359225
0.4476535415502757
0.34406585768628944
0.3953173744139159
0.43530790758590832
0.40319739212101574
0.41958020609580859
0.376366723136628
0.39502811054208037
0.45987841235766952
0.3936340229857993
0.50213225845411247
0.35910225693468506
0.38740129939361012
0.45577044919730464
0.48362975307334072
0.415082657595015
0.38322845467472583
0.46430475512680675
0.27209091782389222
0.38032653134486349
0.59101067068341251
0.45954460083573434
0.53156373542666602
0.4977346872506791
0.50540424386042693
0.49849585660272266
0.52464885856132193
0.46294719103743881
0.51352739584578333
0.52657932098968829
0.53347129908998547
0.45685823349117949
0.54891442575381122
0.5113943995262854
0.54453682024285943
0.47350966996992827
0.47209451980830025
0.44025440752698208
0.44179851090672129
0.40861663876562981
0.50366066357267603
0.50919211109897189
0.56751854406978575
0.51722889996540244
0.60599706224278771
0.42459983401761303
0.53880724278017422
0.5099155136516349
0.48190313578461302
0.4316586020180459
0.43866239840258076
0.51206142089719453
0.58544627853268127
0.55422659398029028
0.51893381186704801
0.48139222724632075
0.54708665992585126
0.48296511738343612
0.54589293562406582
0.4322995756348198
0.54288812408837539
0.55498708743577951
0.54746979044957889
0.52094256967744212
0.43821104194115157
0.42385087513962899
0.39070683580936877
0.47012777844230036
0.50550509504006746
0.47349383673114759
0.58954264719477756
0.54053478704771607
0.47756717417089817
0.50148505180814795
0.58990106226450711
0.50645961579004939
0.46943660679380145
0.51284616095777058
0.45823243670991726
0.53787935533945075
0.49426495247434932
0.49774096555600089
0.35486595849765395
0.39007498975983579
0.5292501237959899
0.51164767677200573
0.51369156842370389
0.50010178129722938
0.4795982612232258
0.42103443536421425
0.47028350465385677
0.50080018411618332
0.53264708529239002
0.52629108225718246
0.45217693129827624
0.47222810499305629
0.52441346508539244
0.52043194823738637
0.51531650494369041
0.50399567247832466
0.40440088153284182
0.48678636638688172
0.57245386277302335
0.41073190833533912
0.58016031542437241
0.4704160439436002
0.44335937007206044
0.52594290595595605
0.44536941668299851
0.46204246522086395
0.48856650338972146
0.50338166187713962
0.58778811197260727
0.51292048654305278
0.43662051692240894
0.51323332211670469
0.47427643441248069
0.49280436931428706
0.5348670481012382
0.55784670415547355
0.38944982021047436
0.47203948255723027
0.49597155449958386
0.49286944392936788
0.55772148823625256
0.47088090631173068
0.45799608089590255
0.48422102253181176
0.56884666119786353
0.53451202881587745
0.54629479917807422
0.54305602487389693
0.49967353962598116
0.64762919001664854
0.48023559936163562
0.50611067858927472
0.4466235258125924
0.38660690428747335
0.49574363323441623
0.45480273421716177
0.54791610079009434
0.38636129867890751
0.51945770137404734
0.64261707352452213
0.47533361716753481
0.49828115051728233
0.47377456050137406
0.46058055642278262
0.55439713877900365
0.50471542367132594
0.49571937600636423
0.46579824146115734
0.55589548412898582
0.52906883623401701
0.5145627826213014
0.43628651841203547
0.55789973535358584
0.50894925623009424
0.54236402604572376
0.45273715671618769
0.4774427423011573
0.44431966268438461
0.45357174693327446
0.55375500768233854
0.42839024222376842
0.53723745486348928
0.51654199785174282
0.57399197063793483
0.47812993834449879
0.4732686416751925
0.47420552447313891
0.5779664112057602
0.49130645156891894
0.48102969611155255
0.54819651982250117
0.57411418737750741
0.42547640531959097
0.5170433422572428
0.44120348942635645
0.4176840937259178
0.48218793170288088
0.4868151247275509
0.48531367097339007
0.48915850082655926
0.48598755192020027
0.51519479638597165
0.48933204428453991
0.48796994713822839
0.56593025156079635
0.49139666432025009
0.47156111668993433
0.49516027641424576
0.56717857028007834
0.46236707383901843
0.61955349921456027
0.51192837176786166
0.52189132288646689
0.44342377645843262
0.48714831346918108
0.5206678179983657
0.55155095125031184
0.46995064999383751
0.51412291463264437
0.42146275915600862
0.41491195529631136
0.43395380500037239
0.53407395712655792
0.54222757356142959
0.54172393482063019
0.46473513661269406
0.41166760824538673
0.40476884377266514
0.53843138373353439
0.63816281797697949
0.51460782761391799
0.51378953667644445
0.54519689189106746
0.46661334200971544
0.51429162460377953
0.52482786192685538
0.45677850095327283
0.50386757180457953
0.45856552710645648
0.59990701643752031
0.42244004509268451
0.5447618341027205
0.42769091991181646
0.38736636073249137
0.52325857104695905
0.46567714627396317
0.4580931593832685
0.43970247028362386
0.54386198148663267
0.47267868390106055
0.51835095029473688
0.54236438444968205
0.59466129053981964
0.52288733697562317
0.43798454464623954
0.51538323521584861
0.50603702177363752
0.52462822104068585
0.34176550229289082
0.46851592943699599
0.57006448886304739
0.53924259652986384
0.44958020163588236
0.4984559830818372
0.50288673185513477
0.43212619178789752
0.59598694279609421
0.5217750056508409
0.56413369160853322
0.51841785315949829
0.4323212672877132
0.50086809513444319
0.51523857878324431
0.52143064028759933
0.55003673420731247
0.48000213611061976
0.57735979909361357
0.56005374802258012
0.51279912039299347
0.39840455895679072
0.56039131429485189
0.55608761127923412
0.53245276844835132
0.56804991787962422
0.52128832553408233
0.45689949193644463
0.44392355153866148
0.50664167227399082
0.4350245517850671
0.46648039505972927
0.35460584872359274
0.35205589364092799
0.55840446287843459
0.46487027195886893
0.46963010046657166
0.48119298636741442
0.43175156763236128
0.54884538673023109
0.5703968949919902
0.48151376917715777
0.50958657453581413
0.5146560090023331
0.44170560508466544
0.47788765069278955
0.50407396327909748
0.41323087848157997
0.51632456993057418
0.4578621739458355
0.48404363409304518
0.48137908687745906
0.57988772981981029
0.5573745990656066
0.55612369105000636
0.50585895221320343
0.3534278321115395
0.45212330975456011
0.47957930332294829
0.48057890403899189
0.47910331495073566
0.4403530605125634
0.52868239906632297
0.47797187773794658
0.34504556596245101
0.44146911338364114
0.49174007743482157
0.5247967912907574
0.53648041405057245
0.60904130766230702
0.55176952287976511
0.56213474338172364
0.53470061641871602
0.47106374075184981
0.51833045053427007
0.48012740994618264
0.47027479439103398
0.52117380037673244
0.48648340149684649
0.49523451225685822
0.46521811692997306
0.62760721570376177
0.50234213805890149
0.53522250836802709
0.51515927231809633
0.51315181937304
0.47769677897776264
0.47775323311539059
0.51400531029932084
0.52893696035300475
0.45942489036216616
0.49654032468684589
0.51476087657083447
0.45355837088742162
0.54966243657300107
0.53683895888280808
0.3928150271626441
0.37397655225946136
0.53447268955860794
0.51918483975833585
0.47862826153243021
0.52817159091088817
0.41414837915456015
0.51831838051131862
0.42234372744705506
0.52042658760209626
0.42962277312880714
0.51433248930760789
0.47935674331080114
0.44590061758780586
0.50095172132549226
0.51361542800756377
0.52120229585485078
0.52599604605691819
0.54416632692982125
0.51717166089279465
0.53389731245662464
0.47811574458457662
0.49318472772410665
0.49576396432525321
0.46776461448572959
0.56602221731182767
0.41934408898927861
0.50406372528083676
0.51335673648392666
0.42320765089683438
0.53732176453039371
0.48016644843047984
0.59352724821512326
0.42266149261380054
0.41402447367255735
0.4016262771312657
0.48164013302231562
0.50245870805270032
0.49322032415668327
0.52742569201107015
0.50724123437156432
0.42374032046519594
0.53848035318782872
0.46980779274445139
0.54110395616096485
0.45939950041265681
0.56722801984053517
0.54112499994617513
0.56918657870680367
0.59169190446550324
0.49159089369379677
0.49061249824399106
0.57400167309449723
0.42769905638845229
0.50319823072054182
0.4593453811415088
0.53817983721299356
0.4599547470684604
0.52070810134888168
0.52363238989589445
0.53444072660530118
0.48353854471887642
0.49614580867493047
0.44526022324713765
0.42485622308756832
0.38717495177890859
0.54580561326138211
0.60818262747551355
0.48659283994873492
0.48553577702543049
0.47577863586597635
0.43504945632507641
0.56812298686981999
0.4530659484654827
0.47634257975653993
0.53978133703199216
0.49718898134417056
0.47271659975441793
0.56152241090517474
0.54820920449841248
0.57239593509413089
0.55835797835967726
0.47988007503796826
0.56639135106470717
0.42208253612824731
0.56107580998660189
0.49816540417758276
0.4993883521040291
0.5569572434240937
0.54424674058128941
0.49753470648024384
0.45247289383870565
0.45651308876484031
0.58355174865105219
0.58348380634234098
0.51133729332423217
0.43230810664297875
0.37951391606223972
0.43050736184922067
0.57664595350548387
0.42232719477238789
0.52503405739398512
0.46423491436670411
0.5123962073499938
0.530538324942466
0.49508477029314973
0.37913021803349334
0.49330060754182298
0.58426291037625622
0.46763389682609235
0.62527478440769302
0.51043679545428089
0.55992886237821171
0.50191599865865155
0.38145847037793845
0.58648072999962242
0.44677240633184556
0.46491555001017187
0.49172950389140185
0.53931607848923935
0.54085297477018657
0.50033433274881733
0.51761078771353286
0.62543246281009102
0.51142187506517056
0.56107146265172647
0.43739858069456666
0.50424883582244218
0.4351522828686048
0.37434377718467249
0.45425370330419207
0.53116247059494859
0.54030480142992021
0.46661737475996207
0.44921417055529933
0.53564387747155984
0.5080063071369102
0.48228312102644638
0.48598875104643985
0.51270301020357567
0.50045125923862965
0.54386348342684732
0.52257457083851011
0.42332700668178824
0.48152909280721007
0.55894836335184017
0.51017243408371971
0.46872834371523542
0.49491098680943546
0.47132472331680531
0.57714359743210031
0.47674840980493594
0.53137851825285509
0.50104759917881736
0.39657895888481448
0.47005891745256634
0.50508491232394614
0.56580721189397432
0.50256461488447102
0.56020575838265441
0.48306652599616273
0.42787229050455072
0.53437835333363559
0.46269286075261529
0.46856442473948945
0.59240285090155986
0.46007765375327198
0.46457080364796749
0.59232500017049072
0.43738490059869922
0.46561417991203663
0.48803592282591812
0.50003987450661891
0.52927663745477371
0.46692373204356291
0.4840605097319291
0.49133265130140386
0.49639251315819249
0.52081367961484704
0.5897719732881227
0.57588912825419303
0.61326469629631863
0.35376292745103793
0.52956400270922732
0.54862498762112089
0.53778451880491362
0.60440913150758857
0.49823958095259008
0.41892089376732938
0.46568647853466966
0.47196352932016816
0.48364337989404294
0.33215295781008408
0.45525867729530395
0.5558150094164952
0.49266724489085567
0.51972310506729291
0.39734689922552846
0.48964208620772315
0.46446339212109783
0.53591181797415599
0.48227097091971605
0.60918302071556474
0.42940867400799076
0.58510614768416969
0.50100847526373227
0.50198591040002138
0.53719983743764299
0.54168412256943566
0.44700698125938754
0.47987874646796036
0.43120917179584439
0.50471910226162131
0.53253816358210737
0.48893766970365099
0.44994817959118527
0.42969282360408023
0.49536906386899099
0.49867626902564188
0.54247888925506016
0.47264734062714103
0.49641279897696311
0.41325985985964692
0.41698659518115866
0.3967897925581525
0.36244178996650589
0.56464285412605164
0.47419294118349437
0.46102228733010781
0.46153377276666901
0.51256211731380108
0.4767042688333224
0.49902941180448979
0.51035106912559081
0.48867854387978671
0.59751483077502965
0.4884199067759048
0.60177236518474586
0.49000421409691397
0.5611811445832926
0.58620518077374995
0.50514311036374304
0.50338632300230823
0.44861056671949173
0.52690624282355925
0.51274469333273121
0.53707951932721343
0.56479239081879107
0.40600867578826083
0.47685677649703251
0.47713302885987097
0.49384548079343599
0.48959502085551448
0.50774053818769782
0.59615230682854925
0.45208705499632174
0.3193915817772392
0.37472069595895729
0.44436256490174136
0.42054636355122199
0.52805919770568377
0.55319676545561491
0.50154104811028832
0.46590435915330525
0.60913357580571592
0.51991860346695362
0.47354227310678193
0.49716895235311831
0.54577596021548191
0.47240136475229094
0.4642279396658891
0.49471688333843267
0.48815085450914891
0.49253566650497921
0.48999499984801359
0.44604488080036808
0.47130053757624996
0.58271185064295261
0.54376699447442789
0.49473171299288365
0.42748077973232507
0.39634260287312817
0.42684373556640848
0.45668531172780791
0.50821663514291204
0.54091027608637088
0.56418496647744465
0.49703641811137061
0.42169502612206489
0.43428793663549353
0.5867078583312042
0.46454158313897514
0.51864676487670369
0.5218954653695228
0.47078681313964615
0.49963719394068529
0.49121244193163516
0.52238838546688382
0.46683597684816641
0.4864858116716691
0.47602551588340836
0.51315811801197719
0.50064412910729894
0.49532877487098542
0.57611131627629431
0.45667384954222651
0.61476467253102873
0.52348235976469559
0.5806426028486692
0.48492074852799361
0.51022720774075203
0.54138811213697025
0.54048082835909983
0.48916057502283061
0.52238876650678523
0.60552135732325729
0.442770014465243
0.46684681869552458
0.52421328809006373
0.44268739251064682
0.37462733138615606
0.39590918772027006
0.51836703960281361
0.54809211975251615
0.56055527835538088
0.41862449362447091
0.6117378973087958
0.54907235980244751
0.4756833975755238
0.46269170313377073
0.42311693790234128
0.46652310107374007
0.58683329387836047
0.41368288730141001
0.50169546498000195
0.47858995568821444
0.43826425186979506
0.51683165204015902
0.38315538515610548
0.50618488127332673
0.51647282387018523
0.44440527989593892
0.59491868538287918
0.47923838042281774
0.53248871016793087
0.44177705209679347
0.47637914637949358
0.52091039288190855
0.51175453122757419
0.50194369213869927
0.48594239444224041
0.48056015883884989
0.29452967853818018
0.33396609329810006
0.487667046924531
0.44667760615921687
0.48895157271014644
0.43266979070712142
0.41936739074109436
0.57925353006681124
0.48331892000707549
0.46668520815874082
0.47984265411677418
0.44745447136540306
0.52318738412509058
0.4559870545451834
0.48143414066080265
0.51450643559849218
0.56250747003785606
0.39280200648068131
0.57230335303280222
0.44310001554109768
0.55562441322935707
0.46857093217846058
0.53445276498321947
0.48735788875369568
0.52656770227539862
0.54152761566383523
0.55850084029472702
0.51855735891867138
0.54149329637415677
0.53456559334824905
0.4654253343023424
0.47294213792236267
0.42839779563867758
0.33828473598998005
0.45506003414169527
0.49610289454342871
0.51071622493314761
0.54844361749031956
0.44216378250596083
0.57721043102835201
0.45177617036937018
0.51935237382053978
0.41414716844808169
0.47242509218492396
0.50713184888649865
0.56664389385859204
0.53062355288329754
0.44575596915351762
0.48060106070264325
0.51005229412573072
0.52131301916397177
0.49649546728574706
0.58357979805833338
0.52130440937762756
0.39944576054872527
0.45866031261312434
0.50934296217577057
0.50953555854633548
0.51135013296275778
0.460904031232862
0.36972992260928156
0.44650181473132849
0.58559159685512641
0.51082855716622433
0.30991226104190756
0.38808096810560072
0.49864493152285572
0.52856621695472528
0.54539173192861468
0.5237620162835338
0.58136606000959046
0.48887100803541583
0.51173424599178419
0.52700935345222943
0.47082754053709014
0.49143645075287051
0.50325412060920538
0.45924179572988871
0.47513274522609622
0.4919946649851738
0.56384098355550005
0.53301805682983561
0.4892888883932533
0.47092889965095425
0.56634852924708523
0.52228099036816122
0.50384245206750511
0.45527074886053187
0.48643662646301333
0.54623997351242737
0.46557581761314265
0.49828168730412087
0.57236646783262501
0.47812725853987759
0.54254483878585447
0.46612906920768232
0.43351669524467185
0.49419297948554231
0.43725961192187807
0.56322986093477545
0.5406094125622517
0.42329297062199345
0.46071248416992061
0.512869548981983
0.5367326245473667
0.51140984125464795
0.49542350124139334
0.41042626640460439
0.54786409355153676
0.48724477316361609
0.51507570707995021
0.49747026461270982
0.47686136091133935
0.45334694084709892
0.54758375230555389
0.51521352625399741
0.49691674882982706
0.38472681123795749
0.52349906873316332
0.43209938898948608
0.47041694242107485
0.47458915944217622
0.59635617887904757
0.4841569871210214
0.49970086611053044
0.50695459961296918
0.57389776454694796
0.51456313917248664
0.39774306607341597
0.46282398046074796
0.444604712888645
0.58668319599863561
0.52295476353922843
0.48196515171833848
0.54031259023341249
0.52996705595409044
0.62346517676111113
0.4364343140373349
0.49711210080139756
0.51045674398935648
0.54404083273513315
0.45603958693318736
0.52165612260625283
0.47587207471799314
0.48545093379949156
0.49624296360112641
0.47862130078661591
0.46938331756335339
0.46026249234382099
0.54746200023205993
0.50638307541020677
0.50906677549886548
0.52304653743016272
0.48086636239052827
0.43796030915845802
0.44997600343869787
0.39845830392478493
0.54111157353271022
0.52374613904212641
0.43011948602830735
0.39058083237820795
0.42624900562371526
0.48348793175788146
0.47721201622115006
0.46589577393313891
0.55019414212518214
0.49971424248631452
0.5064234070529845
0.49442863566623607
0.54294962310245443
0.55659129141407893
0.51213031393298181
0.47289829875169481
0.51640070964638274
0.5102824237030511
0.45595195282102707
0.44282423857838665
0.53336793762915358
0.38738087595594872
0.51273664293252119
0.61709781573240052
0.53362249989137989
0.58672681623627232
0.6783152993445829
0.60833515480091094
0.50763780818618165
0.43560488238073153
0.48129703531261314
0.55381500663153282
0.53803764801442344
0.5646630705976281
0.4736345575084589
0.3959941138091409
0.41663760423742935
0.56551701240701413
0.46056543908570707
0.42438399697423079
0.54067952294440902
0.5588693010130783
0.50807672046712526
0.49317420553308194
0.51619817455359029
0.49922409442516835
0.47534518671038739
0.55064734112705249
0.53092833929023897
0.54806854976478259
0.43328291768183258
0.54769869284102501
0.53233618664766735
0.48275052044396383
0.37652491320053727
0.52750115563296773
0.5008209851733042
0.53285926985205889
0.53787012026577086
0.49934673448410349
0.56955084521782806
0.54546608061980761
0.44733188725670098
0.42496981538167256
0.45582893695791749
0.53325273812578644
0.45970006506907146
0.54075237896390849
0.3903792932806287
0.52046416854883859
0.48377960673414611
0.43877241777090592
0.55075897473672397
0.60164446290674489
0.54422026882509367
0.4876038496264955
0.52330700365726768
0.48251128281024369
0.45568948653233077
0.6653539452278463
0.47991519816586686
0.47139895327225034
0.53412159666371695
0.52849234442239035
0.46488983449224131
0.44796570263713786
0.5088589236265475
0.51583809206347231
0.47856293949833234
0.51735738685897859
0.44936823155567657
0.50786722598563672
0.55553231013294668
0.56800451550653863
0.41274181687020073
0.48128355111540255
0.47206197751909357
0.47497926307254967
0.58012142471968342
0.34600738359021521
0.46557462560070584
0.49131866711021549
0.53996162692826899
0.47659467952105933
0.47030836647060492
0.42960223618389159
0.49963905197865643
0.48446914974887961
0.47939130868463536
0.36921662190865695
0.42597918800184409
0.39371265615682938
0.51984359007090708
0.57170033907967555
0.56420572298127503
0.54253107431989855
0.471549721081234
0.53008593419987926
0.48247540736344458
0.556248375808162
0.53775773292751328
0.4368092588923268
0.56237199555630757
0.51017488104254693
0.5493717172206064
0.52834928584678309
0.48285264124903299
0.44619985621141195
0.38547545144870238
0.49972066326240683
0.49112340839142149
0.35176020616188935
0.45986392911037277
0.41169960218653073
0.38556119251424714
0.40650423718881629
0.39325839678083757
0.47890197710149968
0.4351509407600701
0.46765057086156708
0.36927352637292793
0.42928451206569884
0.39504334862828089
0.42866163317506079
0.47663050072844815
0.48382002220947135
0.37776680580692096
0.39960723247092633
0.41301748850500014
0.3684468428052613
0.33444690504337571
0.50102175011359884
0.38642985764849119
0.51620165231492243
0.40419374968356703
0.47336569411513574
0.38875729906703305
0.43839212015950946
0.4331716543968761
0.38409025672792252
0.48922966544061131
0.37709180933154279
0.41363957533677592
0.4846481643159834
0.34023332701657111
0.32313633751644139
0.32271307156100731
0.31830713979337821
0.36546163995956393
0.37888941215307104
0.28360012531445172
0.3934769488944338
0.48239348614899275
0.34226296502288872
0.24608270327647863
0.27057174355939911
0.25891164069345729
0.28448277304229586
0.28926204858110827
0.38085910793038874
0.24600286317682832
0.3243812236984267
0.38972715896399812
0.29961139832632211
0.518770963615241
0.5332380505240395
0.34104551513265396
0.2966777990101801
0.37792788458495152
0.24302259745158331
0.2992421932065919
0.26170129480008048
0.34333247649662157
0.33192363361585803
0.31114747508839208
0.24453464694466792
0.26591485512347057
0.37836189362154421
0.29528015369897082
0.35428238061528416
0.36475572440642012
0.42933652717783821
0.39591614986949381
0.402160855829442
0.38056899762631347
0.34603256823286971
0.46465741669528687
0.42823231230060871
0.33885129157892141
0.46443586056815089
0.41882638162292607
0.40287216456176023
0.28618997110952976
0.37065533056864403
0.41246239586212535
0.40103463310961307
0.41368130441170342
0.39632779728504042
0.39375463833318192
0.36340580715567317
0.35311832431150397
0.3189613748052702
0.36470167246459068
0.50137210051760162
0.4303830930403254
0.44992340072346271
0.40897536109459659
0.45893491595769176
0.33252530332355223
0.47372035162969339
0.41722099251745948
0.6595130266258965
0.35113398898845677
0.34911373732728557
0.27302027855908967
0.4926914463086885
0.37792023859679597
0.43368081890456273
0.32563205378263166
0.37855871361336196
0.35128983241062256
0.40486845738484878
0.38963744102903741
0.43816416182727519
0.38195518178068966
0.32623661500650369
0.45797612981370162
0.44938679187982145
0.45387819375253086
0.39091796266017287
0.38820720021793165
0.38384904771350542
0.38865151182383961
0.39810373727705572
0.42926669744296952
0.39171196545933057
0.4673444345259623
0.46361687922781619
0.3327538294237718
0.38860536457283795
0.30131905491142125
0.36983661959051428
0.45204606688721638
0.31392358795665498
0.32343699398928805
0.44741789409190053
0.29178500433041688
0.35426655021062381
0.33687451099233245
0.41300956766333918
0.3429623819946529
0.34525994263400328
0.41347400619238461
0.3783924358871088
0.37782524332384515
0.4504718775982377
0.38338403258078529
0.40318865967581041
0.39203304481638535
0.44365643721503939
0.31831555638771863
0.32198060383485483
0.38477000943542405
0.48054405612859064
0.35557354021588311
0.37084190251196103
0.41525002338074357
0.41004075182213873
0.42986986493489704
0.43419560200879564
0.50911859986031338
0.31648567515871623
0.26782691876261017
0.43458045705647419
0.38735558934885328
0.44381640203778183
0.41114944066631437
0.37572645761993434
0.35425623991741068
0.40836124688339864
0.49718435331438027
0.32992036591276214
0.39668272174395108
0.30926755066802725
0.42496249929357899
0.49606150638216173
0.3970751022309178
0.43355206189627077
0.53436588182846823
0.39260706292299269
0.37296554871275284
0.35412565487310516
0.32538018776739197
0.29135186234526927
0.33855591826389053
0.33850369006015391
0.44806943819432121
0.3977154935736617
0.39514620583555904
0.44930892899206049
0.45662817019361646
0.45564433661443582
0.48597008773925804
0.40101268051498434
0.45315351313388974
0.37672700239368628
0.48296119653771158
0.45793876792474753
0.38002380272062258
0.34903616841190394
0.41502938094350356
0.41138226462712185
0.40166260294676781
0.43727631736963724
0.45469391705568901
0.4504637062032828
0.40127302005087079
0.37857842371304734
0.40466128199546392
0.37935423567388132
0.37132949356003492
0.36994666457543784
0.31275302953244838
0.35237886085437309
0.50866922173978035
0.47886794125398796
0.43714732399391532
0.38043512623774267
0.4056039165869727
0.58858404123915919
0.366618494697667
0.3709434143015386
0.36482430814494882
0.35147231767307641
0.43923687253456545
0.48724592172600445
0.32240213881464636
0.35842088442607573
0.48848711095901171
0.43062654374266507
0.48941095835650966
0.48738499333130691
0.3986567313212101
0.46337006764734673
0.51387044311499686
0.34605919164113885
0.39547168691420781
0.38504079770660316
0.41171225901712655
0.47162346349828027
0.38979664864438052
0.71815338673119244
0.50202711065580807
0.31582338280201833
0.3898030365506292
0.41822226145609692
0.40819475855103926
0.49593732661582518
0.35980752093351143
0.33618690860772726
0.36239607604483859
0.42436360158790098
0.54773419568714266
0.43092495526297292
0.42352677519640813
0.42091826868691573
0.32447955123633387
0.33282123776936129
0.35166760857878976
0.40868459269665708
0.37926286016101318
0.31751609160659811
0.53415361343663403
0.39458869867074015
0.36087677888444691
0.38044843256724653
0.37126541069189123
0.43226720218826897
0.45546753842508958
0.55657996497361528
0.40891148928116638
0.46241102528704597
0.42745363615727766
0.40278100762954255
0.41229558983221304
0.34806054528044272
0.3327368676439641
0.40958514439206173
0.41689111709441101
0.49499735006217727
0.50484467250603771
0.3993489070173884
0.59768136595221821
0.43969071188025571
0.47577922031164505
0.45180871346570683
0.3928726962864808
0.51396710188694883
0.45099572541553767
0.31148640404765532
0.33052606464669204
0.51187080412984953
0.58468898003144554
0.4345178945807206
0.37418105984167949
0.403141751889046
0.40184860852789994
0.41461564349386543
0.50501106642796501
0.296843520872343
0.45697967952571966
0.37613815334600303
0.62672091922157047
0.32194618869771335
0.31146905895679999
0.35158067602899223
0.37782504738016509
0.41801591068817567
0.3405280817926048
0.3992725090701475
0.39900074777640043
0.38763984111146821
0.43240404266707144
0.39966211854505956
0.38217073772778021
0.37816242746191797
0.47969427222597433
0.42229750849536318
0.37604340564155542
0.27622486435107474
0.44668062688166932
0.42977187253458188
0.5557092809191827
0.42474438706534201
0.40561397700613033
0.32074573566618558
0.42926644440775497
0.50619155768983304
0.49545188886431368
0.36404118317903295
0.41178385722762229
0.37585017877776616
0.41030661374126826
0.39729076796198798
0.41063796602930891
0.53753382624376356
0.51607132810140799
0.51648239229269866
0.52177217989813551
0.38065544191791589
0.41595070381265664
0.42611216711629429
0.32609830674210954
0.37676008107023695
0.36229731553092942
0.42607456508720959
0.3895252343937618
0.43417925407131835
0.37417669223289413
0.3587732516738899
0.49353995517358684
0.39258892948693697
0.41979909586527631
0.30079131994317926
0.28692913471096865
0.36711437201120378
0.33213233002723963
0.39152434791038948
0.38065502898432813
0.48976900269194573
0.42263518918857362
0.45086002647365903
0.54845309090769034
0.42589968969009123
0.35570935016267646
0.4029266113704626
0.37071444147685534
0.40310565162128659
0.39487024652346409
0.39083884411068309
0.38303174813826313
0.47281033420846735
0.39555055859881616
0.38718825620392261
0.36782908910054157
0.36217249357747988
0.35085216609891962
0.36356001698170975
0.4811226059646197
0.29208058389846475
0.34131246465653764
0.41771903070577915
0.36789779742520529
0.38131939836801065
0.61949574771633198
0.31368954392653509
0.34151508540011644
0.42940075616600298
0.40488665470112467
0.36887416085819158
0.46459861456916696
0.45372478251732251
0.32435538390247426
0.45467224561133024
0.50297820858847153
0.40270409295061593
0.47414042267301387
0.37098292468535127
0.3852922548012927
0.31458801905366485
0.450070846215194
0.41206287343578962
0.36942452801981923
0.44492814041095224
0.37945422887640323
0.43241525966000499
0.30682253964547229
0.31824648267227851
0.55012291494892385
0.44319408620178558
0.32766230330694901
0.36966810913520853
0.40868183869971264
0.38493174992433105
0.46873900926236411
0.37388651997347827
0.39788997952194277
0.28191788596279765
0.25519285956077165
0.35993290852558385
0.3710216012373046
0.36215254336483621
0.50822452249856787
0.35798438251327652
0.43750402888531353
0.43215999762138585
0.47313270199957819
0.36806229004020163
0.49977651916143173
0.40375211871267797
0.43223447403433207
0.51460230959914854
0.43344173287474352
0.44406657623770479
0.39508753988071182
0.49459863071891275
0.51567060369531204
0.36274410391025336
0.41466914856037224
0.45630061871963556
0.37268832506489291
0.35073875835275342
0.34096820119285742
0.47742690627743839
0.41537289801707011
0.46981740480870587
0.38595723459272874
0.43891848970433728
0.36362862174467037
0.336698636555604
0.58509559156936075
0.37461554642170136
0.37201610741440017
0.45585740835457389
0.36949839466669693
0.38873710025809083
0.50327667691247036
0.36086577027060668
0.42224425514419139
0.49868089331481957
0.48889837888933124
0.38734144560061184
0.35823493890761759
0.41207850587627737
0.2751902755412397
0.35408832331845763
0.34478163241827631
0.37057690924113451
0.36783922111216055
0.29049334694339318
0.32769992111705698
0.43095329067957194
0.49051439109319228
0.37227587838689291
0.40637745097468891
0.58640084914406287
0.44019098945995438
0.38541813474562292
0.35008441260509882
0.37932392243670099
0.44145694663790908
0.29182043162589005
0.27727116200455548
0.36595070982723077
0.39265411399138461
0.42270239626429529
0.43637749347733973
0.42697938088040716
0.33550559023948784
0.35559555247923941
0.41752932310581303
0.36828434124876347
0.48141305387180966
0.45367095040319527
0.42427836198316643
0.47059523816690951
0.59197571818351191
0.26243449206520625
0.44393079032455596
0.43862813504262177
0.38705042313095783
0.33253759340704597
0.35144017943124678
0.34479578649567588
0.44692149163292205
0.38308151103622479
0.45924207454841687
0.40917891611591589
0.39642843345528761
0.38676364454868223
0.37565113993058619
0.41607745639106053
0.47184688563239485
0.40273520750762459
0.3547041080480931
0.34405895889530469
0.37835660920062281
0.53417174757724684
0.36225029208376391
0.40613604082136517
0.34519748930686528
0.3975948666256906
0.37110025394006524
0.49691841090865663
0.39413935949222989
0.39979548902443995
0.41530929915387926
0.47853976700590783
0.42001443663523363
0.37461874400130735
0.42807701314470803
0.34688474542572528
0.5152998012457467
0.43166296935800408
0.51140582374330512
0.48428068817725012
0.31375649933909677
0.4161360687647363
0.43282015254649847
0.33622251924110602
0.38825356895373203
0.39996334438777287
0.43102971973601584
0.34897796688733534
0.36934566733049845
0.28547229509750749
0.2718357652395943
0.26879786858084032
0.35311186134150119
0.36779758981846328
0.35864567586778839
0.32473488148549745
0.41340432434941832
0.42795264525851018
0.36182641348478672
0.38694092577220585
0.39464872462305506
0.40104806812245153
0.39386208161988456
0.39707467352371989
0.44821978023722303
0.36079590551004531
0.45522245642426645
0.42711307109705543
0.37437929134815573
0.38241953372716153
0.40779616361193749
0.39419999236007658
0.40717477247671019
0.35138737545604604
0.58194006968963174
0.39950563116678095
0.37605521280783494
0.39394040621016924
0.46810334651909163
0.37074841891719718
0.43737176145692902
0.43745850074686571
0.32736611683281758
0.40396176905448461
0.36163398985972323
0.38675582173658657
0.38365128365258833
0.55104673177325869
0.35473009128067406
0.52158933335451563
0.44246387038068574
0.39831916478950818
0.4606355063123081
0.55860801196379106
0.43676308306391531
0.47747115921016781
0.32834158446041717
0.42763791249763305
0.45161815962612661
0.40916695118511592
0.3726383776034754
0.35565486999262125
0.32009336978560915
0.47051303510427189
0.41715489384126697
0.42787519024530762
0.40791833432553554
0.41959790313245654
0.53968520267952014
0.32150749497299608
0.32611882876594295
0.37912451076863296
0.34491604927786451
0.28427303928074066
0.33890020329962411
0.44196787071378424
0.464371451920153
0.36220298148401314
0.44943477132785686
0.48596615536677601
0.39464822327563315
0.39003607072757096
0.40217142758349322
0.54750293899025781
0.39348178744864809
0.39300829179487129
0.43846956729875475
0.4141192867102032
0.29452360512925763
0.39668029187247134
0.30024723984047608
0.31163354007546645
0.40424987293239473
0.38557247373998099
0.31625305883010829
0.41275394969432344
0.4839105174773104
0.48757709098012925
0.40399738340251756
0.34182536620175469
0.36249816597096957
0.38711437887417249
0.33798845644850423
0.36447536803194741
0.41158117667076316
0.23714622546685193
0.34312066140890662
0.45465742869396469
0.31481479081777985
0.39375218102166742
0.37366212534103144
0.34822284433839062
0.37313438869567772
0.51433010021416248
0.47733597828442742
0.30387970593956232
0.47697144378072159
0.36075617781974001
0.33861868832432679
0.40681972060190547
0.37918267758210383
0.34091475417493999
0.37026020368777773
0.46041271050202143
0.38982237112890106
0.41963251801961127
0.48956422137813083
0.36999678804826691
0.32679349774991945
0.3418927384234014
0.45072005234606377
0.53070937355161429
0.24255514094132052
0.414379683096046
0.39402183217629033
0.37103641262061682
0.36100174929269019
0.36629390596148503
0.30723099940682319
0.41480610149302388
0.56749236403814629
0.37992866149236582
0.33380197098662528
0.44920360017761363
0.32369873914052605
0.35852718720164783
0.43329477516993459
0.38119077373842458
0.34621486425092501
0.37633403464254178
0.3340153673163973
0.47395404575114736
0.53008887358941681
0.57129672120362185
0.40450028294921947
0.3069128924815584
0.42958113498497619
0.42322833439443752
0.35323694702876296
0.43635214180484078
0.39904649702328848
0.32805901604413362
0.48654339107002909
0.41874923204362646
0.41298223512426729
0.50217718733933259
0.33302009681979411
0.40980360310037217
0.34772564154558749
0.48679718182474629
0.31405660143508207
0.40347530937544923
0.44153364364149139
0.4160444732375646
0.38688099754906835
0.46486218147573216
0.46803703012596665
0.51238860751240256
0.46117987617976447
0.5884519625510013
0.34524485942554295
0.45087945323704481
0.42188790512330043
0.47707687915518315
0.26945548866612645
0.41249063121575447
0.44644991098892417
0.41355883848909214
0.40394428024938989
0.48156374263825291
0.34472660394333698
0.48242057410581385
0.48714718615217295
0.61251058669088143
0.36360508471432906
0.39087676341181055
0.37067541168654317
0.46856103761272061
0.43045461742076047
0.37680737538292353
0.39661247024239182
0.24264463137031078
0.25097567030398249
0.33661343441175884
0.35689359972323631
0.45820561429120199
0.44406173890047779
0.45377376874737885
0.42752533604749532
0.25477712311061773
0.39510961615279494
0.56529154766218592
0.38020186338027628
0.39626853824559422
0.3872470865381501
0.32097034388495554
0.55017217943779662
0.38174500808726236
0.4947456965351863
0.48953707278105851
0.40076994902891955
0.3745104167194791
0.37308056611672208
0.37602409352846161
0.33296476142548853
0.322879579599684
0.3797029399458573
0.30518603738421857
0.4832933062441081
0.39684955661821653
0.37708918731322466
0.39259723816037118
0.43258842229367989
0.37444977449106509
0.31556040338402741
0.37318725464027092
0.37341119743444462
0.42565449188410392
0.35895170531409626
0.40361637232732273
0.40410982782594118
0.36593203546559189
0.37645746560898319
0.47847641852486594
0.34090722779360982
0.33609922491700439
0.35215906217963228
0.42274325734534723
0.40079366667224459
0.48180597312896162
0.4532578270050287
0.46242362140855908
0.41970778148824656
0.39758793860552238
0.35910246250891592
0.38744814462558291
0.35539534007261858
0.39280983319058121
0.33043035227408635
0.43403385357677149
0.41001758426986573
0.40737706182841593
0.35220202951926832
0.47507734426026571
0.41203349566614256
0.3518183811615172
0.28736240558540688
0.37691254323278262
0.48302116623600599
0.2793452227114927
0.4180836913570164
0.43755308148756727
0.44602393690365899
0.39576258203932985
0.36434562764875889
0.40181211832411173
0.36503990547553083
0.44576361274500209
0.45245801102782912
0.46966971187048417
0.39505318357394759
0.5008569741489991
0.32154274503300118
0.27786662064609369
0.43029586921039359
0.34227576579669927
0.42385993683300494
0.36825104239526152
0.31706460157343658
0.34947501698769062
0.42602246579372249
0.4782628725097437
0.27467027841782504
0.37401279739942189
0.40806366456964188
0.40018024984600875
0.42993428854941784
0.36879993298715241
0.31733343171866574
0.43301048703157086
0.40675648459658637
0.35246273553900476
0.37311569490973695
0.34612599413888534
0.43348941255441731
0.34906941994123758
0.41850285093237238
0.53611944148353263
0.31359702477251666
0.52477154595759512
0.34976794503919501
0.33849683480790588
0.39839388368651579
0.39244650088184208
0.4672864617077348
0.35954077524056854
0.40060465563951275
0.40649344155039474
0.35062633418905481
0.35300719049200718
0.34715568683327869
0.39596856557567611
0.4063921361075028
0.43835347858961954
0.40576648364672857
0.33752160884734234
0.44331465515487861
0.42604193446205374
0.54122348583357571
0.33027576565382455
0.25350330465766935
0.45018660842106045
0.3451285187262414
0.41198690525447984
0.3174337284181219
0.43835867601045775
0.42544407696451675
0.44221864994945392
0.46863067365386857
0.53922892734920236
0.47676673322676399
0.3744988346480142
0.38810703889024489
0.35146486835128277
0.41794443873197135
0.36637531283321523
0.40240829796330879
0.30725996505097747
0.40598347316989164
0.42014100793149006
0.36559022453763357
0.36891944729364223
0.40365455232305708
0.38969834749516435
0.31654312034627619
0.37138212989721264
0.41667041010568268
0.47628034101143657
0.4883769651866291
0.52787059691258564
0.54310136411275467
0.25849707849220871
0.34511640184121828
0.32945517413886438
0.41921681598115257
0.41414056091950691
0.35661877468390063
0.43674328199010748
0.31594336445602272
0.40119196350129249
0.42643614254361017
0.39717227925287235
0.37216261244914656
0.40080508466492026
0.43235077427240609
0.39979877351695114
0.3480164076876332
0.39678717368997884
0.35500932779535732
0.33858874386679677
0.35996386671727898
0.39626074084978252
0.38461990466464535
0.32974756278292339
0.38880332474790436
0.39981322502259009
0.33151951069124669
0.49002915214113768
0.36272616242266487
0.42320611474742453
0.46311481269508115
0.42309739318388373
0.32974871261781047
0.30693247184096456
0.28608283608998897
0.40053956821671211
0.41793870494904345
0.39802859266870871
0.43171796322436606
0.33921204652139653
0.41303834345946555
0.41658276335991029
0.40900910879244179
0.3521748046809452
0.3651914654675556
0.59805034980119487
0.45112499121974747
0.37351886912133897
0.412876481199899
0.46700196766881474
0.42440749516952492
0.31762280452198555
0.38491649785775983
0.44557859841392738
0.39080220912163882
0.39805365489302658
0.35617424421076083
0.37496390043673933
0.43946768941306685
0.53018428235020565
0.44040286009275786
0.495266867762373
0.30572256471648462
0.38506111246697289
0.35386352021860773
0.2745246871735344
0.2730026627891306
0.40704549379953125
0.39828045239848481
0.43087188576386709
0.35472786730736861
0.48626900978862636
0.56958647840276044
0.41668634610944633
0.42443639343061468
0.41638810307209462
0.53985153776479033
0.37306143913707052
0.33473475525026419
0.46874395614961611
0.60102015223884997
0.32580975206679658
0.3662920954378589
0.40460449042635432
0.63001153787188768
0.42437513282188455
0.3244732133171716
0.41468907733537097
0.57132658900222433
0.32771123799536978
0.50100247754170646
0.38299909014315986
0.40217362054511702
0.44957766706813757
0.38245079750396654
0.38866404463391896
0.32867645544539825
0.28488055743258101
0.29362258547296471
0.33241740512388535
0.42579977876949476
0.44937735607566875
0.42407329281653217
0.29137098475523032
0.40231912361641464
0.40018832762242501
0.29852304959202325
0.45640229945859989
0.45901607090396135
0.40162535803702804
0.52332329263033639
0.61589305165803365
0.475237613248366
0.43382356244131376
0.44383032183914534
0.40512189562183348
0.35200649867918471
0.43971440798226347
0.35599006356287821
0.4368430694082438
0.35757674510569737
0.41332370610480301
0.36844084238764313
0.38809708061872095
0.44997716236327417
0.43448961702142758
0.39026845468856081
0.50056852642096716
0.47182793692356989
0.38034903686761601
0.21106567476071472
0.42049041204817278
0.40853159313660414
0.26274120253588545
0.33359619088466486
0.32123752688170482
0.38381076494021066
0.2920840042598804
0.37124145761147354
0.47697459565601452
0.27095314578838897
0.28399969490741961
0.4991073538035099
0.29646419396283807
0.41574809712499483
0.40787084396054785
0.39808340283253496
0.26957102944477895
0.46309892624447174
0.31700741518268782
0.32395591896519638
0.28146886057698156
0.29017981224481626
0.30543583567613874
0.22520964633582999
0.37942798687742973
0.25351725716582746
0.36743496496334122
0.44159331873637281
0.4300446710811574
0.37259643013001786
0.27676519176093728
