KEYPOINTS_A 2496
1579 16 2.53984 1.74533
692 18 2.53984 -2.44346
1979 19 2.53984 1.74533
1506 20 2.53984 -2.96706
2370 23 2.53984 2.96706
869 25 2.53984 0.872665
1851 26 2.53984 2.96706
1225 38 2.53984 1.74533
1475 39 2.53984 2.79253
1135 52 2.53984 -3.14159
2115 54 2.53984 0
146 60 2.53984 -0.174533
874 62 2.53984 1.74533
507 63 2.53984 -2.96706
2126 71 2.53984 -2.26893
1659 72 2.53984 -1.22173
552 73 2.53984 2.44346
1392 76 2.53984 1.39626
2064 81 2.53984 -1.91986
2158 86 2.53984 -2.44346
1130 93 2.53984 0.174533
458 95 2.53984 -1.91986
614 96 2.53984 2.0944
332 97 2.53984 1.5708
44 98 2.53984 -1.5708
428 100 2.53984 -1.5708
713 102 2.53984 1.5708
1269 102 2.53984 -2.26893
118 103 2.53984 -0.523599
1659 109 2.53984 1.39626
899 115 2.53984 0.523599
2599 116 2.53984 -0.523599
1897 123 2.53984 -0.349066
856 125 2.53984 -0.872665
2204 129 2.53984 -2.44346
851 133 2.53984 -0.872665
1818 133 2.53984 -2.26893
2457 133 2.53984 0.349066
884 135 2.53984 2.0944
147 136 2.53984 -1.39626
1141 139 2.53984 1.39626
2211 140 2.53984 -1.0472
347 145 2.53984 0
1127 147 2.53984 1.74533
1263 154 2.53984 1.0472
1115 155 2.53984 0
2527 157 2.53984 -2.26893
1713 163 2.53984 -1.5708
1116 165 2.53984 -0.174533
224 169 2.53984 -2.79253
316 171 2.53984 -2.96706
803 175 2.53984 0.872665
1934 179 2.53984 2.61799
1909 183 2.53984 -1.0472
1202 184 2.53984 -0.349066
1237 191 2.53984 -1.5708
957 197 2.53984 -1.5708
405 201 2.53984 -0.174533
2487 202 2.53984 2.0944
1722 207 2.53984 -0.349066
2476 208 2.53984 0.698132
13 210 2.53984 -0.174533
2491 212 2.53984 -0.349066
1619 219 2.53984 2.96706
1626 219 2.53984 2.96706
243 220 2.53984 1.74533
165 224 2.53984 -0.872665
2281 225 2.53984 -1.5708
887 226 2.53984 0.872665
1319 227 2.53984 0.174533
917 228 2.53984 -1.0472
2525 232 2.53984 -2.61799
519 241 2.53984 2.96706
1491 242 2.53984 -1.39626
945 243 2.53984 0.349066
1981 246 2.53984 -3.14159
240 248 2.53984 -1.74533
2485 254 2.53984 -1.74533
1908 259 2.53984 -1.0472
1416 263 2.53984 -1.22173
678 266 2.53984 2.44346
1384 274 2.53984 -2.96706
1196 282 2.53984 -1.5708
2328 282 2.53984 -1.91986
1284 288 2.53984 -0.174533
2431 289 2.53984 -1.39626
325 294 2.53984 -2.26893
793 297 2.53984 -1.22173
790 304 2.53984 -1.22173
704 310 2.53984 -2.26893
1014 310 2.53984 2.0944
347 317 2.53984 -1.74533
1871 319 2.53984 0.523599
698 321 2.53984 -2.0944
332 323 2.53984 2.0944
2307 324 2.53984 -2.96706
213 337 2.53984 1.39626
234 343 2.53984 2.79253
2361 350 2.53984 2.96706
1165 356 2.53984 0.872665
2152 360 2.53984 -1.39626
463 361 2.53984 2.79253
1188 362 2.53984 1.0472
2552 362 2.53984 0.698132
1508 363 2.53984 -2.96706
2526 364 2.53984 -2.79253
545 370 2.53984 -0.523599
2015 376 2.53984 -1.39626
977 378 2.53984 1.74533
1787 382 2.53984 1.74533
2442 382 2.53984 -2.44346
1942 384 2.53984 2.79253
2351 384 2.53984 2.44346
575 385 2.53984 -2.44346
803 389 2.53984 2.44346
729 391 2.53984 -3.14159
245 398 2.53984 2.79253
1399 410 2.53984 2.26893
2194 411 2.53984 -2.61799
1006 414 2.53984 2.79253
1394 417 2.53984 2.44346
2509 417 2.53984 1.5708
414 419 2.53984 -1.39626
1235 419 2.53984 -0.698132
2561 420 2.53984 1.5708
1767 426 2.53984 1.5708
1662 430 2.53984 1.74533
414 433 2.53984 1.22173
1408 439 2.53984 -1.0472
1659 439 2.53984 0.698132
1578 454 2.53984 1.5708
1534 460 2.53984 1.5708
2586 460 2.53984 -0.872665
2524 461 2.53984 -0.523599
478 462 2.53984 1.5708
860 464 2.53984 1.39626
1930 468 2.53984 2.96706
968 470 2.53984 1.39626
712 474 2.53984 -0.698132
1347 476 2.53984 -1.5708
1741 481 2.53984 -0.174533
1691 484 2.53984 0.174533
2043 488 2.53984 0.698132
1253 490 2.53984 -1.91986
984 497 2.53984 -2.44346
2187 497 2.53984 -1.91986
374 499 2.53984 -0.698132
1785 500 2.53984 2.0944
1448 506 2.53984 -1.5708
1577 514 2.53984 2.26893
1087 518 2.53984 -1.91986
614 522 2.53984 0.523599
2632 543 2.53984 1.22173
308 544 2.53984 1.0472
2224 566 2.53984 -1.22173
2386 569 2.53984 -1.39626
1174 570 2.53984 1.91986
620 573 2.53984 0.872665
2052 576 2.53984 2.96706
1895 583 2.53984 -2.0944
1001 587 2.53984 -2.61799
686 588 2.53984 -1.74533
1731 596 2.53984 0
412 598 2.53984 -0.872665
857 601 2.53984 0.698132
1758 604 2.53984 -1.74533
2471 608 2.53984 -2.0944
351 610 2.53984 -3.14159
1236 613 2.53984 -2.0944
2270 616 2.53984 1.0472
2627 620 2.53984 1.74533
2272 626 2.53984 -1.22173
2133 627 2.53984 0.872665
885 628 2.53984 -1.39626
1631 629 2.53984 2.0944
2312 631 2.53984 1.5708
58 633 2.53984 2.26893
936 636 2.53984 1.0472
786 638 2.53984 1.5708
2527 640 2.53984 -3.14159
1502 642 2.53984 2.0944
2228 647 2.53984 2.44346
1634 651 2.53984 -2.0944
240 653 2.53984 -2.0944
1462 658 2.53984 1.91986
136 668 2.53984 -0.698132
918 672 2.53984 2.79253
2356 675 2.53984 -1.74533
411 679 2.53984 0.174533
1022 679 2.53984 -2.79253
1343 686 2.53984 -1.39626
893 689 2.53984 2.79253
742 697 2.53984 -1.5708
1067 698 2.53984 -1.91986
1423 702 2.53984 2.61799
661 703 2.53984 0
1196 703 2.53984 1.0472
1379 706 2.53984 -1.22173
946 708 2.53984 0
186 713 2.53984 2.44346
2078 715 2.53984 -1.22173
225 727 2.53984 0.698132
980 730 2.53984 -1.39626
102 731 2.53984 -1.39626
400 739 2.53984 1.91986
2093 742 2.53984 -0.349066
1080 746 2.53984 -0.698132
2225 750 2.53984 -2.96706
1053 752 2.53984 -0.698132
1146 757 2.53984 2.79253
2628 760 2.53984 1.0472
334 762 2.53984 -0.698132
706 763 2.53984 1.74533
491 765 2.53984 0.349066
2417 765 2.53984 1.39626
1685 766 2.53984 0
1993 786 2.53984 -2.79253
2076 787 2.53984 1.91986
2000 788 2.53984 -2.79253
1614 791 2.53984 2.96706
2440 800 2.53984 -0.174533
2491 800 2.53984 1.5708
51 801 2.53984 0
2190 806 2.53984 -0.174533
1516 808 2.53984 1.0472
315 812 2.53984 -0.523599
1142 817 2.53984 -0.349066
2442 818 2.53984 -1.5708
2216 820 2.53984 -3.14159
116 830 2.53984 0.349066
355 830 2.53984 1.22173
1112 832 2.53984 -0.523599
467 833 2.53984 -0.523599
1097 843 2.53984 2.61799
1704 843 2.53984 -0.523599
2391 843 2.53984 0
760 850 2.53984 1.5708
2619 851 2.53984 -2.96706
174 858 2.53984 -2.0944
1165 858 2.53984 -1.0472
87 862 2.53984 -2.96706
2048 865 2.53984 2.79253
1393 866 2.53984 0.698132
1420 876 2.53984 2.79253
2524 891 2.53984 -0.174533
1775 906 2.53984 2.26893
555 910 2.53984 0.174533
2250 914 2.53984 2.96706
849 916 2.53984 2.0944
1269 916 2.53984 -1.74533
734 924 2.53984 -2.96706
2237 928 2.53984 0.174533
1539 935 2.53984 -3.14159
306 938 2.53984 -0.174533
264 944 2.53984 2.0944
84 950 2.53984 -0.872665
1657 951 2.53984 -1.39626
1966 953 2.53984 -1.5708
755 954 2.53984 2.96706
2067 956 2.53984 2.0944
2279 961 2.53984 -1.5708
1564 964 2.53984 1.22173
777 970 2.53984 0
2607 970 2.53984 0.872665
2108 971 2.53984 1.5708
29 975 2.53984 -3.14159
1428 985 2.53984 -1.5708
82 987 2.53984 -1.39626
761 987 2.53984 1.39626
428 990 2.53984 -2.96706
1662 997 2.53984 0.174533
582 999 2.53984 1.5708
1999 999 2.53984 -0.872665
1332 1007 2.53984 0.523599
1476 1007 2.53984 2.61799
440 1018 2.53984 2.96706
70 1022 2.53984 2.96706
991 1024 2.53984 -0.523599
2631 1024 2.53984 -1.74533
282 1027 2.53984 -2.61799
890 1028 2.53984 1.91986
1340 1028 2.53984 0
495 1032 2.53984 1.5708
1367 1036 2.53984 0
2104 1037 2.53984 -2.96706
2363 1039 2.53984 -2.61799
2213 1040 2.53984 0.349066
2237 1041 2.53984 2.0944
1580 1061 2.53984 2.44346
927 1063 2.53984 -0.174533
665 1064 2.53984 -2.61799
1961 1064 2.53984 2.0944
1544 1065 2.53984 -2.79253
2215 1066 2.53984 -0.349066
2556 1067 2.53984 1.74533
429 1068 2.53984 -0.872665
522 1071 2.53984 0.349066
402 1074 2.53984 -2.0944
482 1075 2.53984 1.0472
2611 1079 2.53984 -2.96706
536 1085 2.53984 0.174533
295 1087 2.53984 -3.14159
790 1088 2.53984 1.91986
1741 1090 2.53984 -0.523599
15 1095 2.53984 -1.5708
882 1105 2.53984 -0.349066
1601 1106 2.53984 -2.44346
367 1110 2.53984 -2.79253
1833 1110 2.53984 2.61799
219 1112 2.53984 2.96706
1102 1115 2.53984 0.872665
198 1116 2.53984 -0.349066
1808 1117 2.53984 2.79253
1106 1121 2.53984 0.872665
23 1122 2.53984 -2.79253
969 1126 2.53984 -0.174533
551 1131 2.53984 -1.5708
1776 1136 2.53984 -0.698132
2098 1137 2.53984 2.96706
2261 1139 2.53984 -0.349066
325 1142 2.53984 -0.349066
743 1145 2.53984 -1.5708
181 1146 2.53984 -0.523599
1033 1147 2.53984 -0.523599
789 1150 2.53984 0.174533
2499 1152 2.53984 -1.5708
801 1153 2.53984 -2.96706
2475 1158 2.53984 -0.523599
1462 1162 2.53984 -3.14159
114 1163 2.53984 0
71 1167 2.53984 1.39626
2415 1177 2.53984 -2.96706
1771 1178 2.53984 0.523599
2063 1182 2.53984 -0.698132
1754 1186 2.53984 1.39626
1176 1187 2.53984 -1.0472
565 1190 2.53984 2.26893
1129 1197 2.53984 -2.26893
2264 1199 2.53984 -1.74533
920 1205 2.53984 -1.22173
1955 1205 2.53984 -0.174533
2224 1205 2.53984 -2.79253
1535 1213 2.53984 -1.22173
797 1226 2.53984 1.74533
880 1231 2.53984 -1.39626
1315 1233 2.53984 -1.22173
1895 1233 2.53984 2.79253
755 1237 2.53984 -1.5708
791 1238 2.53984 0
654 1239 2.53984 -1.0472
2157 1243 2.53984 1.74533
194 1245 2.53984 -1.91986
342 1252 2.53984 -1.39626
908 1253 2.53984 -1.22173
1916 1255 2.53984 -1.91986
2090 1257 2.53984 1.39626
176 1258 2.53984 0.698132
2545 1258 2.53984 0.174533
95 1260 2.53984 -0.872665
1717 1260 2.53984 1.39626
475 1265 2.53984 -1.0472
368 1270 2.53984 0
590 1271 2.53984 -0.698132
1568 1273 2.53984 -2.79253
986 1274 2.53984 -0.174533
1539 1274 2.53984 2.26893
1483 1280 2.53984 1.5708
1626 1280 2.53984 -2.0944
151 1281 2.53984 -0.349066
2268 1283 2.53984 0.698132
334 1287 2.53984 2.79253
2171 1287 2.53984 2.0944
1042 1294 2.53984 -1.39626
98 1301 2.53984 2.0944
2021 1304 2.53984 -0.698132
1023 1307 2.53984 -1.22173
478 1308 2.53984 2.0944
472 1314 2.53984 2.0944
2042 1316 2.53984 2.44346
760 1321 2.53984 2.96706
2576 1325 2.53984 -0.174533
320 1329 2.53984 2.96706
2240 1331 2.53984 1.74533
69 1333 2.53984 2.61799
550 1334 2.53984 1.22173
2200 1336 2.53984 0.349066
954 1340 2.53984 -1.39626
1855 1346 2.53984 2.96706
1196 1351 2.53984 -3.14159
798 1354 2.53984 0.872665
1067 1355 2.53984 2.61799
2221 1358 2.53984 -2.61799
263 1366 2.53984 -3.14159
1093 1367 2.53984 2.96706
539 1370 2.53984 -2.79253
609 1371 2.53984 -2.26893
1990 1371 2.53984 0.523599
789 1377 2.53984 2.79253
651 1381 2.53984 -1.22173
2210 1385 2.53984 -1.0472
860 1391 2.53984 2.44346
434 1395 2.53984 1.74533
185 1398 2.53984 -1.0472
961 1409 2.53984 -0.523599
1045 1409 2.53984 -1.22173
233 1410 2.53984 -0.872665
1479 1410 2.53984 2.0944
1041 1419 2.53984 -1.22173
2090 1420 2.53984 2.79253
2201 1420 2.53984 2.96706
109 1421 2.53984 2.44346
398 1424 2.53984 2.0944
863 1426 2.53984 -1.5708
1751 1426 2.53984 -1.74533
913 1427 2.53984 1.39626
458 1452 2.53984 -1.91986
1941 1453 2.53984 -0.872665
2270 1456 2.53984 1.5708
699 1466 2.53984 2.0944
1467 1468 2.53984 -0.872665
2161 1472 2.53984 1.5708
2020 1475 2.53984 2.0944
1890 1478 2.53984 -2.61799
1537 1481 2.53984 1.0472
208 1483 2.53984 2.26893
2257 1483 2.53984 1.91986
518 1486 2.53984 -0.523599
1340 1488 2.53984 -2.79253
528 1491 2.53984 1.0472
973 1491 2.53984 1.5708
1317 1492 2.53984 1.39626
1524 1495 2.53984 1.39626
1904 1497 2.53984 1.22173
822 1508 2.53984 0.174533
405 1513 2.53984 -1.91986
1052 1516 2.53984 0.349066
1976 1517 2.53984 -0.523599
1721 1518 2.53984 1.22173
1774 1523 2.53984 -1.74533
1502 1528 2.53984 1.5708
1533 1531 2.53984 -2.44346
1805 1537 2.53984 1.74533
1094 1540 2.53984 -2.44346
1802 1544 2.53984 1.74533
104 1548 2.53984 0
870 1557 2.53984 2.96706
1643 1561 2.53984 2.26893
73 1562 2.53984 0.523599
528 1564 2.53984 -1.39626
608 1564 2.53984 -2.26893
710 1572 2.53984 0
2081 1574 2.53984 -1.74533
1211 1578 2.53984 0.698132
327 1582 2.53984 1.91986
2490 1585 2.53984 -2.96706
891 1588 2.53984 0
2303 1590 2.53984 2.61799
2442 1590 2.53984 -3.14159
1473 1593 2.53984 -0.174533
2427 1594 2.53984 1.91986
205 1598 2.53984 -1.0472
1069 1605 2.53984 0
1853 1607 2.53984 0.698132
1435 1609 2.53984 1.74533
1329 1611 2.53984 -2.61799
905 1614 2.53984 -0.349066
2380 1625 2.53984 2.96706
561 1629 2.53984 -2.96706
1340 1629 2.53984 -3.14159
212 1635 2.53984 2.26893
1842 1635 2.53984 -2.79253
2269 1635 2.53984 -2.0944
1072 1636 2.53984 0
2417 1636 2.53984 1.5708
1357 1637 2.53984 -1.0472
1020 1647 2.53984 -1.5708
1253 1650 2.53984 2.0944
2090 1655 2.53984 0.872665
2216 1671 2.53984 -2.61799
1200 1674 2.53984 -2.96706
1078 1680 2.53984 1.5708
898 1684 2.53984 0
2096 1684 2.53984 -0.523599
1165 1688 2.53984 -3.14159
2418 1688 2.53984 1.74533
1032 1695 2.53984 0.174533
2258 1697 2.53984 2.0944
537 1699 2.53984 -2.0944
865 1699 2.53984 1.0472
805 1705 2.53984 -3.14159
2215 1705 2.53984 0
1433 1706 2.53984 0.174533
316 1707 2.53984 -0.698132
1395 1718 2.53984 2.96706
1777 1721 2.53984 2.44346
2048 1721 2.53984 -0.698132
1779 1728 2.53984 -3.14159
1772 1730 2.53984 -3.14159
1451 1733 2.53984 -1.74533
632 1734 2.53984 -0.872665
1226 1735 2.53984 0
616 1739 2.53984 -1.0472
122 1741 2.53984 2.26893
2040 1751 2.53984 -1.0472
2084 1760 2.53984 -2.26893
1059 1764 2.53984 -1.91986
389 1767 2.53984 0
1672 1771 2.53984 2.96706
2464 1771 2.53984 2.96706
1609 1774 2.53984 1.22173
2312 1774 2.53984 -2.61799
2509 1781 2.53984 -3.14159
536 1788 2.53984 -2.44346
1617 1789 2.53984 -2.96706
921 1795 2.53984 0.349066
1045 1795 2.53984 -1.39626
2501 1796 2.53984 2.0944
1764 1799 2.53984 2.26893
103 1801 2.53984 -0.349066
625 1805 2.53984 -1.39626
546 1811 2.53984 -2.26893
2447 1811 2.53984 -2.0944
322 1818 2.53984 -3.14159
922 1823 2.53984 1.74533
2475 1823 2.53984 2.0944
2192 1826 2.53984 0.698132
1611 1828 2.53984 1.5708
2590 1828 2.53984 1.5708
1184 1831 2.53984 -1.91986
184 1832 2.53984 -2.96706
675 1837 2.53984 2.61799
463 1842 2.53984 -2.26893
2286 1845 2.53984 -1.74533
2607 1845 2.53984 1.74533
1870 1847 2.53984 2.26893
518 1849 2.53984 1.0472
1694 1852 2.53984 -2.96706
481 1855 2.53984 -0.523599
1881 1857 2.53984 0
1005 1858 2.53984 -2.96706
1012 1859 2.53984 -2.96706
863 1866 2.53984 0
2113 1867 2.53984 0.349066
1102 1871 2.53984 0.174533
1415 1872 2.53984 1.22173
2146 1878 2.53984 2.96706
2366 1886 2.53984 0.523599
1873 1890 2.53984 -2.61799
1040 1899 2.53984 -2.79253
1099 1900 2.53984 -0.174533
935 1901 2.53984 1.39626
227 1902 2.53984 -0.872665
1379 1905 2.53984 2.79253
307 1911 2.53984 0.349066
480 1915 2.53984 -1.39626
1466 1916 2.53984 -0.349066
2038 1919 2.53984 -2.0944
46 1922 2.53984 -2.96706
79 1922 2.53984 2.79253
1654 1922 2.53984 2.79253
814 1930 2.53984 -0.698132
703 1932 2.53984 0.698132
2493 1940 2.53984 -2.79253
512 1944 2.53984 -0.523599
579 1948 2.53984 1.74533
1754 1948 2.53984 -3.14159
1862 1949 2.53984 1.91986
2557 1953 2.53984 0.872665
1109 1955 2.53984 0.174533
2183 1956 2.53984 0.349066
197 1957 2.53984 0
352 1958 2.53984 1.5708
688 1958 2.53984 0
796 1962 2.53984 2.44346
2122 1965 2.53984 -2.79253
292 1970 2.53984 1.5708
1336 1972 2.53984 -1.22173
1778 1974 2.53984 -2.79253
883 14 3.2 -0.872665
1259 17 3.2 1.39626
2482 19 3.2 -0.349066
1343 20 3.2 0
2178 26 3.2 -0.523599
893 40 3.2 -3.14159
2455 41 3.2 -2.96706
30 43 3.2 1.91986
933 46 3.2 0.174533
1934 47 3.2 -1.39626
595 48 3.2 1.74533
1033 48 3.2 0
707 52 3.2 -1.5708
1659 53 3.2 1.5708
265 56 3.2 -1.22173
1285 61 3.2 0.698132
1921 66 3.2 0.174533
1009 73 3.2 0.872665
1380 78 3.2 -2.0944
1464 79 3.2 -2.44346
510 80 3.2 -1.74533
1866 80 3.2 2.61799
165 81 3.2 0.872665
1525 81 3.2 1.0472
379 82 3.2 -0.698132
142 85 3.2 2.61799
853 89 3.2 2.96706
1256 91 3.2 1.74533
958 93 3.2 0.349066
841 96 3.2 -0.349066
683 100 3.2 -0.349066
2184 103 3.2 -2.0944
857 105 3.2 2.96706
1342 107 3.2 2.79253
426 108 3.2 -1.39626
2236 108 3.2 -1.5708
2141 119 3.2 0.349066
805 123 3.2 0.872665
1060 123 3.2 -0.698132
2231 127 3.2 -1.39626
1580 132 3.2 2.26893
2435 132 3.2 -2.26893
1233 139 3.2 1.5708
1574 139 3.2 2.26893
248 142 3.2 -1.39626
2569 143 3.2 0
92 146 3.2 1.91986
245 151 3.2 -1.39626
674 151 3.2 0.523599
1435 151 3.2 0.872665
2232 151 3.2 2.44346
2249 151 3.2 -3.14159
1153 153 3.2 -3.14159
1124 159 3.2 0
2031 172 3.2 -2.96706
1606 173 3.2 -1.74533
2440 173 3.2 2.0944
485 180 3.2 0
2149 181 3.2 -1.22173
2508 184 3.2 -1.74533
1954 185 3.2 1.39626
2607 190 3.2 -1.91986
1905 191 3.2 -1.0472
973 195 3.2 2.26893
1054 195 3.2 -0.872665
600 197 3.2 -0.174533
2463 198 3.2 0.698132
2612 202 3.2 -1.91986
2206 204 3.2 -2.26893
2597 207 3.2 2.79253
1844 208 3.2 -1.91986
780 209 3.2 2.79253
1782 212 3.2 -1.0472
1543 215 3.2 2.79253
1873 216 3.2 -2.44346
581 218 3.2 -0.174533
1978 218 3.2 0.698132
2421 229 3.2 1.0472
2109 244 3.2 2.79253
2164 244 3.2 0.698132
1850 248 3.2 -3.14159
2028 250 3.2 -1.91986
2426 250 3.2 1.5708
344 253 3.2 1.0472
2465 256 3.2 -2.0944
421 260 3.2 0.872665
1946 260 3.2 0.523599
334 261 3.2 -0.523599
2500 262 3.2 0
442 268 3.2 -0.872665
1889 269 3.2 2.96706
991 270 3.2 -2.0944
2479 279 3.2 1.5708
1227 282 3.2 -0.523599
2098 284 3.2 0
1257 289 3.2 -2.79253
497 296 3.2 0.349066
2633 296 3.2 0.872665
2037 308 3.2 -2.79253
2344 309 3.2 1.74533
736 310 3.2 1.22173
924 311 3.2 2.26893
2357 314 3.2 0.349066
2006 315 3.2 -0.872665
1186 319 3.2 -2.0944
1882 320 3.2 -1.22173
1544 326 3.2 -0.872665
1387 328 3.2 -0.872665
154 330 3.2 0.174533
863 333 3.2 -2.79253
1218 335 3.2 -2.79253
2064 335 3.2 -0.523599
2075 336 3.2 -2.96706
1336 343 3.2 1.0472
1061 348 3.2 -0.349066
1774 349 3.2 1.0472
515 354 3.2 -1.22173
1746 354 3.2 -1.5708
1853 354 3.2 0.872665
764 356 3.2 1.5708
1153 358 3.2 -0.872665
1139 359 3.2 0
1711 361 3.2 -0.349066
2590 361 3.2 0.698132
378 363 3.2 -0.872665
406 365 3.2 1.74533
1960 366 3.2 -2.0944
1699 368 3.2 -0.349066
1485 369 3.2 -1.74533
564 370 3.2 -1.74533
2596 370 3.2 0.698132
208 376 3.2 -1.39626
326 377 3.2 1.5708
1690 379 3.2 2.44346
172 381 3.2 0
293 390 3.2 2.26893
2049 393 3.2 0
87 394 3.2 2.61799
1552 396 3.2 0.698132
79 399 3.2 2.61799
1307 401 3.2 -3.14159
874 405 3.2 -2.0944
2065 406 3.2 1.74533
2505 408 3.2 2.0944
2080 410 3.2 -1.5708
1695 418 3.2 -0.698132
1074 419 3.2 -0.698132
2366 425 3.2 2.61799
801 429 3.2 -1.22173
1255 434 3.2 -2.96706
1733 435 3.2 -2.61799
120 438 3.2 -1.39626
1208 445 3.2 2.44346
564 447 3.2 1.22173
2365 449 3.2 2.61799
1731 450 3.2 -2.26893
1464 453 3.2 -2.26893
2495 453 3.2 -0.174533
1738 457 3.2 -2.26893
2263 458 3.2 -2.96706
730 459 3.2 0.698132
1818 461 3.2 -1.91986
1657 467 3.2 -1.5708
2510 467 3.2 -2.0944
635 468 3.2 -2.79253
2407 470 3.2 0.174533
2078 472 3.2 1.0472
1238 474 3.2 -1.0472
479 479 3.2 -3.14159
621 483 3.2 2.79253
2145 489 3.2 2.96706
2321 489 3.2 -0.698132
1928 491 3.2 2.44346
629 493 3.2 2.44346
288 495 3.2 -1.74533
473 495 3.2 -0.698132
2031 496 3.2 1.39626
2268 497 3.2 -1.91986
2287 498 3.2 -3.14159
785 501 3.2 -3.14159
1975 502 3.2 -1.0472
2351 510 3.2 2.0944
2397 510 3.2 1.39626
1157 511 3.2 0.698132
2543 511 3.2 1.39626
1701 513 3.2 0.174533
606 517 3.2 0.523599
1920 520 3.2 -0.349066
922 521 3.2 0
2006 523 3.2 -1.39626
1092 529 3.2 -1.91986
2312 530 3.2 0.349066
2629 535 3.2 1.0472
131 536 3.2 -2.79253
186 539 3.2 2.26893
1624 539 3.2 0
2029 539 3.2 -0.349066
272 541 3.2 2.0944
173 550 3.2 -0.523599
1697 552 3.2 -0.523599
975 554 3.2 -2.44346
1122 563 3.2 0.523599
1707 563 3.2 -0.349066
2278 563 3.2 -2.0944
2514 568 3.2 2.0944
2133 570 3.2 -2.26893
263 571 3.2 -1.5708
530 571 3.2 2.79253
2434 573 3.2 1.39626
1061 578 3.2 -2.0944
1113 582 3.2 -1.91986
2189 582 3.2 -0.174533
780 586 3.2 -1.39626
1040 588 3.2 1.91986
1901 591 3.2 -2.0944
2121 591 3.2 2.79253
130 597 3.2 -3.14159
1807 597 3.2 0.174533
518 601 3.2 1.5708
452 607 3.2 1.39626
1527 607 3.2 -1.74533
1771 608 3.2 0.174533
1375 610 3.2 1.91986
683 611 3.2 -2.79253
1789 611 3.2 1.22173
798 615 3.2 0.698132
1530 615 3.2 -1.74533
2528 619 3.2 0.174533
1120 622 3.2 0
1422 623 3.2 -2.26893
1675 623 3.2 2.61799
1514 624 3.2 -0.523599
694 630 3.2 0.349066
1748 630 3.2 0
1082 633 3.2 -0.698132
1020 634 3.2 1.5708
656 635 3.2 0.698132
2633 640 3.2 -3.14159
1479 641 3.2 1.5708
2426 645 3.2 1.91986
1520 652 3.2 0.698132
1437 653 3.2 1.22173
503 656 3.2 0.523599
618 656 3.2 -0.698132
41 662 3.2 -1.0472
482 671 3.2 -1.5708
2120 674 3.2 -0.698132
888 676 3.2 -0.698132
1527 683 3.2 1.91986
508 685 3.2 0
714 686 3.2 2.79253
1580 689 3.2 -0.174533
317 690 3.2 2.61799
2156 692 3.2 1.22173
489 694 3.2 2.26893
642 702 3.2 -0.872665
2433 702 3.2 0
261 707 3.2 -1.5708
1389 708 3.2 1.5708
1013 720 3.2 1.22173
902 724 3.2 -2.61799
1833 726 3.2 1.22173
710 728 3.2 -0.523599
2058 730 3.2 0.349066
206 733 3.2 1.74533
171 737 3.2 -2.26893
344 740 3.2 -2.44346
2401 742 3.2 -2.44346
64 743 3.2 2.26893
644 744 3.2 1.91986
2220 744 3.2 -2.96706
595 746 3.2 -3.14159
616 746 3.2 1.5708
1321 747 3.2 -2.79253
1460 752 3.2 2.61799
2359 752 3.2 0
35 753 3.2 2.0944
642 755 3.2 1.91986
1069 755 3.2 2.26893
1787 761 3.2 -1.0472
1628 763 3.2 0.523599
1738 763 3.2 -1.91986
1636 770 3.2 0.523599
1007 771 3.2 -0.174533
2538 776 3.2 2.61799
869 778 3.2 -2.96706
1257 780 3.2 1.39626
1436 780 3.2 -2.44346
1947 780 3.2 0.349066
253 782 3.2 2.26893
710 782 3.2 -1.0472
635 787 3.2 -1.5708
1860 788 3.2 -1.22173
1388 794 3.2 1.5708
1775 795 3.2 0.174533
2549 796 3.2 -1.5708
634 801 3.2 -1.5708
1360 803 3.2 2.0944
438 810 3.2 -1.74533
1099 812 3.2 1.5708
2105 817 3.2 -1.91986
2636 819 3.2 0.698132
934 820 3.2 -2.79253
808 824 3.2 -3.14159
1101 824 3.2 1.5708
1612 826 3.2 -0.523599
2536 826 3.2 -2.96706
1378 827 3.2 2.26893
1105 835 3.2 2.61799
1866 837 3.2 -1.22173
168 851 3.2 -2.26893
1985 853 3.2 1.0472
607 855 3.2 1.22173
1591 858 3.2 -1.0472
1311 860 3.2 1.5708
1426 860 3.2 -2.61799
1161 865 3.2 1.0472
1048 867 3.2 1.39626
2084 868 3.2 0
1410 877 3.2 2.79253
2116 877 3.2 0
2193 878 3.2 -0.872665
958 883 3.2 -0.174533
171 884 3.2 -1.74533
2185 885 3.2 -2.44346
2245 885 3.2 -0.349066
2625 885 3.2 0.523599
1101 889 3.2 1.74533
995 894 3.2 -3.14159
1070 894 3.2 -1.91986
2036 894 3.2 2.0944
1787 895 3.2 -1.74533
567 898 3.2 -1.74533
364 900 3.2 0
1695 906 3.2 -1.5708
1717 907 3.2 -3.14159
1998 907 3.2 2.79253
284 909 3.2 2.61799
1812 911 3.2 2.79253
180 912 3.2 -2.44346
991 912 3.2 1.39626
1935 914 3.2 -0.872665
1841 915 3.2 -0.523599
919 917 3.2 2.26893
1586 917 3.2 -1.91986
1516 919 3.2 -1.91986
1488 922 3.2 -0.698132
289 926 3.2 -2.96706
1558 929 3.2 -0.698132
1691 933 3.2 1.22173
2315 934 3.2 -2.79253
2274 935 3.2 -0.698132
1799 939 3.2 -2.44346
1735 947 3.2 -0.349066
1418 952 3.2 -0.523599
2278 952 3.2 -1.5708
1764 953 3.2 0.872665
2102 954 3.2 -0.523599
79 956 3.2 -0.872665
488 960 3.2 -0.523599
2151 960 3.2 -1.22173
472 969 3.2 -1.5708
2043 970 3.2 1.0472
1370 973 3.2 2.61799
2364 973 3.2 -1.39626
726 974 3.2 -1.5708
933 974 3.2 0.872665
980 977 3.2 -1.39626
1996 980 3.2 -2.61799
458 986 3.2 2.96706
976 987 3.2 -1.39626
1351 988 3.2 -1.39626
258 990 3.2 1.5708
1731 991 3.2 -1.91986
1562 992 3.2 -2.44346
2113 992 3.2 0
105 995 3.2 2.61799
1578 997 3.2 0
1518 999 3.2 -1.91986
932 1003 3.2 -2.79253
1403 1010 3.2 -1.22173
2544 1011 3.2 -2.61799
2231 1017 3.2 -1.39626
543 1018 3.2 0.174533
2161 1021 3.2 1.39626
1472 1024 3.2 2.0944
759 1027 3.2 0.872665
1708 1027 3.2 -1.39626
53 1028 3.2 2.96706
1269 1032 3.2 -1.91986
2614 1034 3.2 0.174533
1482 1037 3.2 -1.0472
997 1043 3.2 -2.79253
2509 1044 3.2 1.5708
1549 1045 3.2 -2.61799
2602 1046 3.2 -2.61799
703 1047 3.2 0.698132
1665 1047 3.2 -2.44346
285 1056 3.2 0
708 1061 3.2 2.26893
81 1064 3.2 0.698132
676 1066 3.2 -2.61799
958 1066 3.2 -0.523599
2084 1066 3.2 -2.79253
848 1069 3.2 1.91986
1518 1072 3.2 1.5708
1447 1073 3.2 -0.174533
1340 1079 3.2 2.0944
453 1081 3.2 0.174533
2218 1082 3.2 2.0944
1402 1085 3.2 1.74533
1483 1087 3.2 1.5708
1335 1088 3.2 2.0944
2525 1091 3.2 2.0944
725 1092 3.2 1.5708
1970 1097 3.2 1.0472
738 1098 3.2 2.61799
1622 1099 3.2 -3.14159
57 1101 3.2 2.44346
681 1104 3.2 -3.14159
691 1106 3.2 -3.14159
1908 1106 3.2 1.5708
279 1108 3.2 0.349066
917 1108 3.2 1.22173
989 1112 3.2 -2.44346
1856 1112 3.2 2.61799
1800 1120 3.2 2.79253
1787 1126 3.2 1.22173
1361 1133 3.2 -1.5708
677 1141 3.2 0.872665
316 1143 3.2 -0.174533
778 1147 3.2 0.174533
683 1148 3.2 0.872665
2285 1149 3.2 -2.26893
2488 1153 3.2 -1.74533
2518 1158 3.2 -2.0944
297 1162 3.2 0
1539 1162 3.2 -0.872665
614 1163 3.2 -1.5708
740 1163 3.2 1.74533
549 1165 3.2 2.26893
2316 1171 3.2 -1.5708
1855 1173 3.2 2.96706
2255 1174 3.2 2.96706
1630 1176 3.2 -2.0944
419 1183 3.2 2.0944
1134 1184 3.2 -0.698132
1384 1186 3.2 0.872665
2039 1188 3.2 2.96706
2565 1191 3.2 2.61799
1271 1192 3.2 0.349066
1912 1194 3.2 -2.61799
1094 1202 3.2 0.872665
1068 1203 3.2 -1.5708
718 1207 3.2 -1.74533
1463 1211 3.2 0
2081 1211 3.2 2.79253
2304 1211 3.2 -3.14159
783 1217 3.2 -1.22173
993 1218 3.2 0
2044 1218 3.2 -1.22173
2577 1220 3.2 1.91986
1320 1223 3.2 1.91986
1978 1229 3.2 0.174533
2425 1229 3.2 0.698132
2065 1234 3.2 1.74533
520 1245 3.2 -3.14159
1912 1245 3.2 -1.91986
2443 1245 3.2 -2.26893
115 1246 3.2 2.96706
711 1246 3.2 1.39626
2271 1251 3.2 0.174533
2237 1252 3.2 0
1837 1259 3.2 -1.5708
904 1261 3.2 -1.0472
110 1262 3.2 -1.91986
953 1262 3.2 1.5708
766 1265 3.2 -3.14159
1195 1266 3.2 -1.74533
2320 1267 3.2 1.39626
125 1270 3.2 0.349066
186 1271 3.2 0
652 1275 3.2 1.91986
2177 1278 3.2 2.0944
1553 1280 3.2 0.872665
968 1281 3.2 -2.44346
1007 1281 3.2 -1.74533
1775 1283 3.2 -1.5708
2592 1283 3.2 -0.523599
1599 1284 3.2 -0.349066
2487 1284 3.2 -1.22173
2632 1285 3.2 -2.96706
2380 1292 3.2 2.26893
1295 1302 3.2 1.39626
1953 1306 3.2 0.872665
2108 1306 3.2 1.91986
1049 1308 3.2 -0.523599
1469 1308 3.2 2.0944
2077 1312 3.2 -2.26893
614 1318 3.2 2.44346
280 1321 3.2 0.174533
336 1325 3.2 -0.349066
2425 1326 3.2 -1.0472
297 1327 3.2 0.174533
1250 1327 3.2 1.5708
2159 1327 3.2 -0.698132
1871 1332 3.2 -3.14159
1108 1337 3.2 0.174533
2522 1339 3.2 -1.5708
278 1340 3.2 0
980 1345 3.2 -0.349066
2397 1345 3.2 -0.698132
1953 1348 3.2 -1.0472
2431 1349 3.2 2.26893
2029 1351 3.2 1.91986
474 1352 3.2 -1.74533
428 1353 3.2 -1.74533
853 1357 3.2 -1.74533
2141 1357 3.2 -2.0944
395 1360 3.2 2.0944
2014 1363 3.2 1.74533
1173 1364 3.2 -1.5708
2232 1365 3.2 -2.61799
974 1368 3.2 1.39626
1526 1370 3.2 -1.0472
1040 1374 3.2 2.96706
2057 1375 3.2 1.91986
310 1378 3.2 1.5708
2054 1384 3.2 1.91986
591 1386 3.2 -1.39626
946 1386 3.2 -2.0944
1236 1386 3.2 1.39626
1618 1386 3.2 1.5708
70 1390 3.2 0
2242 1392 3.2 1.5708
1026 1395 3.2 2.0944
1871 1398 3.2 -2.96706
720 1400 3.2 -2.26893
548 1406 3.2 0.174533
2339 1406 3.2 1.0472
1551 1407 3.2 -3.14159
2604 1407 3.2 -0.523599
727 1409 3.2 -2.26893
1614 1417 3.2 2.26893
2268 1419 3.2 0.523599
160 1420 3.2 1.0472
1911 1420 3.2 1.5708
1346 1421 3.2 -2.0944
941 1423 3.2 2.26893
1246 1428 3.2 -2.61799
1008 1430 3.2 -0.523599
1822 1431 3.2 0.698132
1879 1435 3.2 0.523599
2512 1436 3.2 2.26893
571 1439 3.2 1.91986
295 1445 3.2 -3.14159
1167 1447 3.2 -2.79253
1954 1448 3.2 1.22173
2621 1450 3.2 0.872665
245 1451 3.2 -1.74533
2502 1453 3.2 0.349066
1744 1457 3.2 1.74533
2056 1457 3.2 2.61799
1158 1458 3.2 -2.26893
1000 1460 3.2 -1.22173
1868 1462 3.2 -1.74533
1013 1464 3.2 -2.0944
710 1466 3.2 0
152 1470 3.2 2.79253
168 1476 3.2 1.74533
459 1477 3.2 1.39626
479 1478 3.2 0
933 1478 3.2 -0.872665
1150 1491 3.2 2.0944
2269 1492 3.2 -0.523599
1351 1494 3.2 -0.349066
1766 1494 3.2 -1.74533
393 1509 3.2 -0.523599
2051 1509 3.2 2.26893
523 1510 3.2 1.0472
2519 1510 3.2 0.174533
1709 1511 3.2 1.74533
1476 1513 3.2 -1.39626
648 1515 3.2 2.44346
1093 1517 3.2 2.61799
1360 1517 3.2 -1.74533
1161 1519 3.2 2.26893
1907 1521 3.2 -1.74533
554 1523 3.2 -1.5708
2596 1526 3.2 -0.174533
1047 1528 3.2 1.39626
610 1529 3.2 -1.39626
1727 1533 3.2 1.22173
82 1537 3.2 -2.26893
1957 1541 3.2 -1.0472
788 1544 3.2 -1.5708
982 1547 3.2 -0.349066
1574 1547 3.2 -2.61799
1266 1548 3.2 0.174533
2061 1553 3.2 1.5708
2356 1554 3.2 -1.5708
387 1556 3.2 -1.5708
2235 1561 3.2 -0.349066
961 1562 3.2 -0.349066
1385 1562 3.2 0.523599
476 1564 3.2 1.0472
1617 1564 3.2 0.174533
2631 1564 3.2 -2.0944
202 1565 3.2 -2.0944
2348 1570 3.2 1.39626
2567 1572 3.2 -2.0944
2434 1573 3.2 -0.698132
789 1577 3.2 2.26893
2205 1577 3.2 -1.5708
92 1579 3.2 2.26893
2427 1579 3.2 -0.698132
843 1583 3.2 1.39626
242 1585 3.2 1.91986
2348 1586 3.2 1.0472
1163 1587 3.2 -1.74533
409 1588 3.2 -3.14159
1044 1589 3.2 -1.5708
1538 1589 3.2 0.174533
435 1598 3.2 2.61799
688 1613 3.2 -1.74533
1152 1621 3.2 -1.91986
2504 1622 3.2 -1.5708
60 1629 3.2 -0.174533
1376 1629 3.2 2.0944
2019 1629 3.2 -2.44346
830 1630 3.2 -0.174533
885 1638 3.2 1.74533
1515 1642 3.2 -1.74533
540 1646 3.2 -1.5708
1355 1646 3.2 1.5708
949 1649 3.2 -0.349066
1573 1650 3.2 -0.523599
1551 1653 3.2 -0.872665
1612 1659 3.2 0
823 1660 3.2 -2.96706
1240 1662 3.2 2.61799
448 1668 3.2 1.91986
807 1670 3.2 -2.61799
1559 1673 3.2 -0.872665
681 1675 3.2 -0.349066
432 1676 3.2 -1.5708
601 1676 3.2 1.91986
672 1678 3.2 -0.349066
739 1680 3.2 1.74533
1327 1684 3.2 -0.698132
2313 1684 3.2 -1.0472
867 1688 3.2 -1.91986
859 1694 3.2 1.0472
1643 1701 3.2 -1.74533
690 1707 3.2 -0.872665
2616 1708 3.2 -1.74533
2129 1711 3.2 -2.0944
1533 1718 3.2 -1.22173
42 1720 3.2 -2.0944
2083 1723 3.2 -1.91986
207 1726 3.2 2.79253
1793 1726 3.2 1.39626
2244 1727 3.2 1.0472
605 1730 3.2 -0.872665
767 1731 3.2 1.39626
102 1736 3.2 -1.74533
2177 1739 3.2 -0.523599
1699 1743 3.2 1.5708
2271 1746 3.2 2.0944
2623 1748 3.2 0.174533
2252 1751 3.2 -1.91986
1418 1752 3.2 -1.91986
2546 1753 3.2 0.174533
684 1756 3.2 0.349066
1745 1757 3.2 1.5708
74 1765 3.2 -1.39626
210 1770 3.2 -3.14159
769 1772 3.2 0.523599
2197 1780 3.2 0
2324 1781 3.2 -0.698132
2215 1782 3.2 1.74533
1398 1785 3.2 2.44346
1259 1793 3.2 2.61799
643 1798 3.2 -1.0472
2428 1799 3.2 0.174533
722 1806 3.2 1.74533
2118 1806 3.2 -0.698132
2322 1807 3.2 1.0472
358 1808 3.2 -1.5708
252 1814 3.2 1.39626
528 1814 3.2 -2.61799
594 1815 3.2 -1.22173
609 1817 3.2 -1.74533
1264 1817 3.2 2.79253
2546 1823 3.2 0
2176 1828 3.2 2.0944
1271 1830 3.2 -1.22173
681 1831 3.2 -0.872665
2349 1838 3.2 0
2431 1839 3.2 1.91986
2463 1839 3.2 1.22173
602 1844 3.2 -2.79253
1507 1849 3.2 -1.39626
2043 1850 3.2 -2.0944
2269 1850 3.2 0.349066
1681 1856 3.2 -2.79253
2605 1859 3.2 1.91986
253 1868 3.2 -3.14159
1989 1871 3.2 -2.79253
2462 1871 3.2 1.5708
489 1878 3.2 2.0944
1363 1893 3.2 -2.44346
205 1894 3.2 -2.26893
553 1894 3.2 1.5708
2212 1904 3.2 -2.79253
1323 1907 3.2 -2.44346
1782 1907 3.2 2.96706
1874 1915 3.2 0.349066
1779 1917 3.2 -1.0472
1920 1921 3.2 -1.91986
118 1923 3.2 -0.523599
1690 1923 3.2 -0.872665
1616 1924 3.2 2.0944
109 1928 3.2 -0.523599
1605 1934 3.2 -2.96706
1263 1935 3.2 -1.5708
80 1939 3.2 1.39626
2594 1944 3.2 2.79253
869 1945 3.2 2.26893
72 1953 3.2 0.698132
2433 1953 3.2 -0.349066
1277 1956 3.2 -2.79253
1324 1956 3.2 -2.0944
1649 1959 3.2 -1.5708
1448 1960 3.2 -0.174533
584 1966 3.2 -2.44346
2454 1968 3.2 -1.74533
926 1973 3.2 0.174533
2466 1973 3.2 -1.22173
409 1976 3.2 2.26893
1258 18 2.53984 -2.0944
2336 18 2.53984 2.79253
1330 22 2.53984 0
2178 26 2.53984 -0.174533
1756 28 2.53984 0.698132
738 32 2.53984 -2.61799
878 36 2.53984 2.0944
824 40 2.53984 2.61799
2454 42 2.53984 -2.44346
30 44 2.53984 -1.39626
316 44 2.53984 2.0944
646 48 2.53984 -1.74533
934 48 2.53984 2.26893
1874 48 2.53984 2.61799
1432 50 2.53984 0.174533
706 52 2.53984 -3.14159
368 58 2.53984 -0.523599
2236 66 2.53984 0.698132
2130 68 2.53984 -2.26893
2340 68 2.53984 1.74533
1936 72 2.53984 0.349066
236 74 2.53984 -3.14159
2528 74 2.53984 2.44346
2602 74 2.53984 1.22173
1380 76 2.53984 1.5708
1558 78 2.53984 -1.74533
1866 80 2.53984 2.61799
2066 80 2.53984 1.39626
380 82 2.53984 -1.91986
640 82 2.53984 -1.39626
60 84 2.53984 -0.349066
2612 88 2.53984 1.22173
284 90 2.53984 -3.14159
2542 90 2.53984 2.61799
530 92 2.53984 0.174533
958 94 2.53984 2.44346
684 100 2.53984 -2.96706
1104 100 2.53984 2.96706
2482 102 2.53984 1.22173
1342 108 2.53984 2.96706
2236 108 2.53984 -1.39626
1074 116 2.53984 -0.698132
1622 118 2.53984 -1.5708
1926 120 2.53984 2.61799
806 126 2.53984 0.872665
2230 126 2.53984 -1.39626
1450 128 2.53984 -1.91986
1914 128 2.53984 2.61799
1194 130 2.53984 -0.872665
702 132 2.53984 0.174533
292 138 2.53984 1.39626
2158 142 2.53984 2.96706
2570 142 2.53984 0
562 152 2.53984 -1.91986
1474 152 2.53984 1.91986
1516 152 2.53984 -1.74533
2232 152 2.53984 1.5708
1154 154 2.53984 -2.44346
804 156 2.53984 -1.5708
686 160 2.53984 0.523599
994 160 2.53984 2.26893
1114 164 2.53984 0.698132
2496 164 2.53984 -2.0944
368 166 2.53984 1.91986
1044 178 2.53984 2.44346
596 180 2.53984 -3.14159
692 182 2.53984 -1.91986
2508 184 2.53984 -2.0944
1262 186 2.53984 -0.349066
1102 188 2.53984 0
1016 192 2.53984 -0.698132
1520 196 2.53984 1.5708
348 198 2.53984 -2.26893
2464 198 2.53984 0.523599
590 200 2.53984 -0.349066
172 202 2.53984 1.22173
1006 204 2.53984 -0.698132
2056 204 2.53984 2.61799
2596 208 2.53984 2.79253
1450 210 2.53984 2.44346
178 216 2.53984 1.22173
2294 218 2.53984 -2.44346
1420 226 2.53984 -0.349066
502 234 2.53984 -1.5708
2064 238 2.53984 -1.0472
336 240 2.53984 1.0472
704 240 2.53984 -0.872665
1722 244 2.53984 -2.44346
1850 248 2.53984 -2.61799
2142 250 2.53984 2.79253
1298 254 2.53984 -1.91986
1734 254 2.53984 -2.44346
2304 258 2.53984 -1.22173
422 260 2.53984 0.698132
1946 260 2.53984 0
1036 262 2.53984 0
114 266 2.53984 2.26893
2242 270 2.53984 2.79253
1816 272 2.53984 -1.5708
840 278 2.53984 2.96706
1000 280 2.53984 -2.26893
144 286 2.53984 1.5708
2428 288 2.53984 -1.39626
1220 292 2.53984 0
1956 292 2.53984 0.523599
1762 294 2.53984 0.872665
498 296 2.53984 -2.0944
2132 296 2.53984 -2.26893
1624 300 2.53984 -1.39626
2036 308 2.53984 -1.39626
526 310 2.53984 -1.22173
922 310 2.53984 -0.174533
510 314 2.53984 -0.698132
166 316 2.53984 -0.523599
412 316 2.53984 -1.91986
1398 316 2.53984 -0.872665
2520 316 2.53984 -1.39626
1302 320 2.53984 -0.174533
1880 320 2.53984 -1.39626
370 322 2.53984 2.26893
1286 322 2.53984 -0.174533
2024 322 2.53984 -1.74533
524 324 2.53984 -1.22173
1388 328 2.53984 -0.872665
682 330 2.53984 -1.91986
1772 334 2.53984 0.872665
356 336 2.53984 2.26893
734 336 2.53984 0.698132
874 336 2.53984 -2.96706
1190 340 2.53984 1.22173
386 342 2.53984 1.39626
836 342 2.53984 -3.14159
636 346 2.53984 1.74533
88 350 2.53984 2.61799
2556 350 2.53984 -0.349066
1424 352 2.53984 0.523599
2542 354 2.53984 -0.349066
516 356 2.53984 1.74533
2376 356 2.53984 2.79253
1138 360 2.53984 0
236 366 2.53984 -2.79253
404 366 2.53984 -2.61799
678 366 2.53984 1.91986
46 372 2.53984 -2.79253
146 380 2.53984 1.74533
1186 386 2.53984 -1.74533
974 392 2.53984 1.74533
2050 394 2.53984 -2.44346
552 396 2.53984 -1.5708
214 398 2.53984 -1.39626
286 400 2.53984 2.26893
1308 400 2.53984 0.523599
316 402 2.53984 0.698132
1584 404 2.53984 -2.96706
2026 404 2.53984 1.5708
1634 406 2.53984 -0.174533
384 408 2.53984 1.39626
444 408 2.53984 -1.5708
1828 410 2.53984 2.44346
466 412 2.53984 -1.0472
2202 418 2.53984 1.22173
1934 420 2.53984 0.174533
1208 422 2.53984 -0.174533
2106 422 2.53984 2.26893
334 426 2.53984 1.5708
1412 426 2.53984 -1.22173
264 428 2.53984 -2.44346
802 428 2.53984 -1.0472
934 434 2.53984 1.5708
2404 434 2.53984 -1.74533
646 436 2.53984 0.698132
1254 436 2.53984 2.96706
1804 436 2.53984 2.79253
1172 442 2.53984 0.872665
1208 446 2.53984 -0.174533
1730 448 2.53984 -2.26893
1704 450 2.53984 -0.174533
2106 452 2.53984 1.39626
1464 454 2.53984 0.174533
2498 454 2.53984 -0.174533
730 460 2.53984 -0.523599
622 462 2.53984 -2.79253
1504 462 2.53984 1.39626
546 466 2.53984 -1.39626
2244 466 2.53984 1.5708
2078 472 2.53984 0.872665
478 480 2.53984 -0.698132
776 480 2.53984 1.91986
60 486 2.53984 1.0472
120 490 2.53984 -1.0472
1982 490 2.53984 -1.22173
2322 490 2.53984 -3.14159
1100 492 2.53984 -1.22173
2032 496 2.53984 1.0472
2268 496 2.53984 -2.96706
206 498 2.53984 -2.96706
2288 498 2.53984 -3.14159
544 502 2.53984 -0.872665
2202 502 2.53984 0.523599
1758 504 2.53984 -1.5708
1052 506 2.53984 -2.96706
1492 514 2.53984 -1.5708
1702 514 2.53984 -1.39626
1142 516 2.53984 0.349066
922 520 2.53984 0.174533
1596 522 2.53984 -2.0944
110 530 2.53984 -2.79253
1430 532 2.53984 1.91986
132 536 2.53984 -2.79253
1624 538 2.53984 0
1246 542 2.53984 1.22173
1532 542 2.53984 1.91986
458 546 2.53984 -2.44346
914 546 2.53984 -2.79253
1426 548 2.53984 1.91986
1880 558 2.53984 0.174533
60 560 2.53984 1.74533
36 562 2.53984 1.74533
914 568 2.53984 -2.61799
1354 568 2.53984 -1.5708
2514 568 2.53984 2.96706
2104 570 2.53984 2.61799
530 572 2.53984 2.79253
1562 572 2.53984 0.349066
2432 572 2.53984 2.26893
742 582 2.53984 0.349066
2188 582 2.53984 -0.174533
1378 586 2.53984 0.349066
1694 592 2.53984 0
2016 592 2.53984 0.174533
688 596 2.53984 2.96706
1808 596 2.53984 2.61799
2414 596 2.53984 0
334 598 2.53984 0.698132
194 604 2.53984 -1.22173
672 604 2.53984 2.96706
962 604 2.53984 0.349066
1756 604 2.53984 0.174533
1106 606 2.53984 1.5708
70 612 2.53984 -1.5708
1634 612 2.53984 -1.39626
208 614 2.53984 2.26893
114 618 2.53984 -1.39626
776 618 2.53984 -1.5708
2270 620 2.53984 -0.523599
2528 620 2.53984 -1.5708
1414 628 2.53984 -2.0944
2132 628 2.53984 0.523599
2004 638 2.53984 -1.5708
2464 638 2.53984 -0.698132
488 642 2.53984 0.698132
814 642 2.53984 -1.39626
1478 642 2.53984 1.5708
2182 646 2.53984 -3.14159
1820 648 2.53984 -1.5708
1520 652 2.53984 0.872665
924 656 2.53984 1.39626
1020 656 2.53984 1.22173
2486 656 2.53984 0.523599
1190 660 2.53984 2.61799
216 668 2.53984 -0.174533
830 674 2.53984 1.22173
2388 674 2.53984 0
122 676 2.53984 -0.523599
1004 676 2.53984 -2.96706
654 684 2.53984 -1.0472
692 684 2.53984 2.96706
2362 686 2.53984 -2.26893
488 694 2.53984 2.79253
1068 696 2.53984 -1.5708
1924 696 2.53984 1.22173
96 704 2.53984 0.349066
902 706 2.53984 2.96706
1198 706 2.53984 -2.26893
1386 708 2.53984 1.74533
364 712 2.53984 -1.5708
2346 712 2.53984 0.872665
2484 718 2.53984 -1.39626
1012 720 2.53984 1.22173
1514 720 2.53984 -1.39626
1794 722 2.53984 -3.14159
1866 740 2.53984 -0.523599
1938 740 2.53984 0
1960 742 2.53984 0.174533
2266 744 2.53984 -2.26893
1322 746 2.53984 -2.44346
2360 752 2.53984 -3.14159
34 754 2.53984 -1.91986
1812 756 2.53984 -0.349066
2132 760 2.53984 -2.96706
1550 766 2.53984 2.0944
1170 768 2.53984 -1.5708
1006 770 2.53984 -3.14159
1866 772 2.53984 -1.22173
1742 774 2.53984 0.872665
870 778 2.53984 0.872665
796 780 2.53984 0
252 782 2.53984 -0.174533
1526 790 2.53984 -1.22173
30 792 2.53984 0.349066
146 792 2.53984 0.174533
1774 796 2.53984 -2.61799
2548 796 2.53984 1.74533
50 802 2.53984 -2.79253
2354 802 2.53984 1.74533
1516 808 2.53984 -1.22173
1682 810 2.53984 2.96706
1206 812 2.53984 2.26893
1400 814 2.53984 2.61799
2044 816 2.53984 -1.5708
2106 816 2.53984 1.0472
2262 820 2.53984 2.79253
1766 822 2.53984 0.349066
1378 826 2.53984 2.61799
1612 826 2.53984 -0.174533
2332 826 2.53984 -0.174533
2536 826 2.53984 -1.0472
1656 830 2.53984 -2.26893
558 834 2.53984 1.5708
796 836 2.53984 -1.0472
1848 836 2.53984 -1.74533
1864 836 2.53984 -1.5708
864 842 2.53984 0.698132
2234 842 2.53984 -0.349066
506 846 2.53984 -1.39626
1028 846 2.53984 2.61799
1182 848 2.53984 0.349066
1808 848 2.53984 -1.0472
106 856 2.53984 1.74533
1590 858 2.53984 -1.22173
1426 860 2.53984 -2.79253
1942 860 2.53984 -2.79253
2368 866 2.53984 -1.74533
318 872 2.53984 1.91986
1758 876 2.53984 -1.74533
506 878 2.53984 -1.5708
1164 878 2.53984 0.523599
2116 878 2.53984 0
958 882 2.53984 -0.174533
2244 884 2.53984 -2.44346
2624 884 2.53984 -2.61799
2512 888 2.53984 -0.174533
2036 894 2.53984 -1.39626
1786 896 2.53984 2.26893
566 898 2.53984 -1.74533
1380 904 2.53984 -1.74533
1696 906 2.53984 -3.14159
1618 908 2.53984 1.39626
1998 908 2.53984 2.61799
2132 908 2.53984 -1.74533
180 912 2.53984 -1.91986
1798 914 2.53984 2.96706
1840 914 2.53984 -0.523599
824 922 2.53984 2.96706
1862 928 2.53984 -0.174533
1058 932 2.53984 -1.5708
64 934 2.53984 -0.349066
412 936 2.53984 2.44346
246 940 2.53984 -0.872665
792 942 2.53984 0.174533
2116 942 2.53984 -2.79253
2184 944 2.53984 1.0472
2460 946 2.53984 1.39626
2128 950 2.53984 -2.79253
1418 952 2.53984 -0.523599
1372 954 2.53984 -0.872665
1792 954 2.53984 -2.96706
2150 960 2.53984 0.698132
1492 968 2.53984 0.523599
1692 968 2.53984 0
202 970 2.53984 0.174533
306 970 2.53984 -2.26893
958 970 2.53984 0
84 972 2.53984 1.39626
1880 974 2.53984 2.26893
2364 974 2.53984 -1.5708
1514 978 2.53984 0.523599
1804 984 2.53984 0.872665
724 986 2.53984 -1.39626
1172 986 2.53984 0.174533
82 988 2.53984 -1.5708
2404 990 2.53984 1.5708
1562 992 2.53984 1.39626
1730 992 2.53984 1.5708
2234 992 2.53984 -1.39626
106 996 2.53984 0.174533
1408 1000 2.53984 -1.22173
1432 1002 2.53984 -1.5708
930 1004 2.53984 1.0472
1932 1006 2.53984 2.79253
1214 1010 2.53984 1.74533
542 1018 2.53984 0
320 1026 2.53984 2.44346
364 1026 2.53984 1.74533
1710 1026 2.53984 -2.79253
54 1028 2.53984 2.79253
1174 1028 2.53984 1.39626
1628 1030 2.53984 0
1270 1032 2.53984 2.26893
1726 1034 2.53984 -2.79253
162 1036 2.53984 -1.5708
2492 1042 2.53984 1.74533
1548 1044 2.53984 -2.61799
1664 1048 2.53984 1.22173
2228 1050 2.53984 2.26893
524 1054 2.53984 -2.61799
668 1054 2.53984 -2.44346
1134 1056 2.53984 -1.39626
868 1058 2.53984 -0.349066
2322 1058 2.53984 0.174533
1830 1062 2.53984 1.5708
958 1066 2.53984 0.523599
848 1068 2.53984 -0.523599
748 1074 2.53984 0.698132
2182 1078 2.53984 1.91986
454 1080 2.53984 0
982 1080 2.53984 0.349066
1298 1080 2.53984 -0.698132
2622 1082 2.53984 -2.96706
44 1084 2.53984 0.872665
1038 1084 2.53984 0.872665
1402 1084 2.53984 1.74533
2010 1088 2.53984 -1.5708
2524 1090 2.53984 2.44346
1012 1092 2.53984 2.26893
56 1100 2.53984 0.872665
1264 1104 2.53984 2.26893
958 1108 2.53984 -2.0944
886 1110 2.53984 -1.22173
1858 1114 2.53984 2.79253
1798 1122 2.53984 1.0472
2538 1128 2.53984 2.26893
1416 1130 2.53984 -1.5708
378 1132 2.53984 0.872665
132 1134 2.53984 -0.872665
1108 1134 2.53984 2.26893
1362 1134 2.53984 1.39626
1516 1138 2.53984 -1.74533
274 1142 2.53984 -0.872665
2286 1148 2.53984 0.349066
562 1150 2.53984 2.26893
2490 1152 2.53984 -1.5708
2032 1154 2.53984 0
2520 1156 2.53984 -0.174533
298 1160 2.53984 -2.96706
1268 1160 2.53984 -2.26893
2352 1162 2.53984 -1.5708
550 1164 2.53984 2.26893
188 1168 2.53984 -0.872665
1246 1168 2.53984 0
1496 1170 2.53984 1.5708
2316 1170 2.53984 -1.5708
1630 1176 2.53984 -2.0944
1998 1180 2.53984 -2.79253
224 1182 2.53984 -0.872665
1112 1184 2.53984 -1.91986
958 1186 2.53984 -2.44346
174 1188 2.53984 2.0944
2038 1188 2.53984 -3.14159
350 1190 2.53984 2.44346
1640 1190 2.53984 -2.0944
1270 1192 2.53984 0.523599
1070 1202 2.53984 -1.5708
816 1210 2.53984 1.22173
2080 1210 2.53984 2.96706
1104 1212 2.53984 0.698132
782 1216 2.53984 -1.22173
1044 1216 2.53984 -2.96706
1066 1218 2.53984 -1.5708
1558 1222 2.53984 2.0944
98 1230 2.53984 1.5708
1672 1232 2.53984 2.44346
2066 1234 2.53984 1.91986
680 1236 2.53984 -1.74533
782 1236 2.53984 -1.22173
880 1246 2.53984 -1.39626
2442 1246 2.53984 -2.96706
102 1248 2.53984 1.5708
1482 1250 2.53984 -0.523599
1772 1252 2.53984 1.0472
2236 1252 2.53984 -1.91986
338 1262 2.53984 -1.39626
2148 1262 2.53984 -1.22173
126 1270 2.53984 0.349066
186 1270 2.53984 -0.174533
2602 1276 2.53984 -0.523599
58 1278 2.53984 0.523599
1552 1280 2.53984 -0.523599
968 1282 2.53984 -2.26893
1106 1288 2.53984 0.523599
324 1292 2.53984 -0.174533
2380 1292 2.53984 -0.872665
126 1296 2.53984 1.22173
308 1296 2.53984 -0.174533
2568 1304 2.53984 1.74533
1006 1306 2.53984 0.174533
1382 1308 2.53984 2.61799
1470 1308 2.53984 -0.174533
372 1310 2.53984 -1.22173
1130 1310 2.53984 -2.44346
1620 1310 2.53984 -2.0944
2050 1310 2.53984 2.44346
2302 1310 2.53984 2.26893
1310 1312 2.53984 0.523599
2228 1314 2.53984 2.96706
614 1316 2.53984 -3.14159
1282 1318 2.53984 2.26893
2170 1318 2.53984 -0.698132
280 1322 2.53984 0.174533
296 1328 2.53984 0.174533
1250 1328 2.53984 0.174533
1334 1328 2.53984 0.523599
1714 1328 2.53984 2.79253
1272 1332 2.53984 2.26893
886 1336 2.53984 0.174533
1902 1340 2.53984 1.74533
2050 1340 2.53984 2.96706
1502 1344 2.53984 -1.74533
2398 1346 2.53984 -0.698132
428 1354 2.53984 -1.39626
182 1358 2.53984 -2.26893
2142 1358 2.53984 0.523599
262 1364 2.53984 2.96706
1174 1364 2.53984 -0.872665
310 1378 2.53984 1.39626
2352 1382 2.53984 -1.74533
948 1384 2.53984 -2.0944
590 1386 2.53984 -1.39626
1618 1386 2.53984 1.91986
1436 1388 2.53984 0.523599
1026 1396 2.53984 1.91986
1418 1404 2.53984 -2.96706
694 1408 2.53984 -0.349066
926 1408 2.53984 -2.96706
1552 1408 2.53984 -3.14159
2312 1408 2.53984 2.96706
1148 1414 2.53984 -0.872665
1292 1420 2.53984 -0.349066
426 1428 2.53984 -2.79253
1244 1428 2.53984 -2.79253
2012 1428 2.53984 2.96706
1822 1430 2.53984 0.872665
1878 1436 2.53984 0.349066
570 1438 2.53984 1.74533
610 1440 2.53984 -1.74533
60 1442 2.53984 2.96706
2490 1450 2.53984 0.349066
244 1452 2.53984 -1.5708
2006 1452 2.53984 1.22173
570 1454 2.53984 1.74533
322 1456 2.53984 -0.349066
2032 1456 2.53984 2.26893
1542 1458 2.53984 0.523599
2204 1460 2.53984 1.22173
1172 1474 2.53984 2.0944
2210 1474 2.53984 1.22173
2044 1476 2.53984 2.96706
478 1478 2.53984 1.74533
934 1478 2.53984 -1.0472
2402 1478 2.53984 1.5708
1026 1484 2.53984 -2.26893
1522 1484 2.53984 1.22173
36 1488 2.53984 0.523599
258 1490 2.53984 -2.26893
992 1490 2.53984 -1.39626
2268 1492 2.53984 -0.698132
2310 1494 2.53984 -2.44346
2428 1494 2.53984 -0.872665
622 1498 2.53984 0.174533
786 1498 2.53984 -2.79253
1142 1502 2.53984 2.0944
1456 1502 2.53984 2.61799
392 1510 2.53984 -1.0472
1710 1512 2.53984 1.91986
648 1514 2.53984 -0.174533
1020 1514 2.53984 -2.26893
554 1522 2.53984 -1.74533
1048 1524 2.53984 1.39626
610 1528 2.53984 1.74533
1502 1532 2.53984 0
2438 1532 2.53984 -0.698132
1728 1534 2.53984 1.22173
1050 1538 2.53984 1.39626
1956 1540 2.53984 -1.39626
2422 1542 2.53984 -0.698132
788 1544 2.53984 -1.39626
2180 1546 2.53984 0.349066
2282 1546 2.53984 1.22173
1574 1548 2.53984 -2.61799
2128 1548 2.53984 0.523599
388 1556 2.53984 -1.74533
2236 1560 2.53984 2.26893
960 1562 2.53984 -2.44346
1384 1562 2.53984 -2.79253
1690 1562 2.53984 0.698132
1618 1564 2.53984 -1.74533
2348 1570 2.53984 1.5708
1014 1572 2.53984 0
1344 1572 2.53984 -2.26893
1926 1578 2.53984 1.39626
2204 1578 2.53984 -1.5708
22 1580 2.53984 2.0944
242 1584 2.53984 2.26893
2066 1586 2.53984 2.96706
1162 1588 2.53984 1.22173
1892 1610 2.53984 -1.91986
1260 1612 2.53984 0.349066
768 1614 2.53984 -0.698132
906 1614 2.53984 -2.44346
2324 1614 2.53984 -0.698132
1280 1622 2.53984 0.349066
2438 1622 2.53984 0
2504 1622 2.53984 -1.22173
2174 1624 2.53984 1.5708
920 1628 2.53984 -2.44346
60 1630 2.53984 -1.5708
846 1630 2.53984 2.44346
830 1632 2.53984 -0.174533
884 1638 2.53984 1.74533
1388 1638 2.53984 -1.0472
696 1644 2.53984 2.44346
858 1644 2.53984 2.44346
584 1648 2.53984 -2.26893
1572 1650 2.53984 -0.349066
1554 1654 2.53984 -0.349066
86 1658 2.53984 0
824 1658 2.53984 0.698132
1612 1658 2.53984 0.174533
2498 1660 2.53984 -2.61799
236 1670 2.53984 -1.39626
1678 1678 2.53984 -1.91986
720 1680 2.53984 -1.22173
198 1684 2.53984 -0.174533
2096 1684 2.53984 -1.22173
530 1690 2.53984 -2.26893
862 1690 2.53984 1.39626
2340 1692 2.53984 2.96706
882 1702 2.53984 2.79253
1642 1702 2.53984 -1.5708
866 1704 2.53984 1.39626
2366 1708 2.53984 -2.26893
2128 1710 2.53984 -2.0944
2250 1710 2.53984 2.0944
158 1722 2.53984 1.5708
206 1726 2.53984 -0.174533
394 1728 2.53984 -0.872665
930 1728 2.53984 -0.523599
1792 1728 2.53984 1.5708
1328 1730 2.53984 2.79253
1118 1732 2.53984 -2.44346
1450 1732 2.53984 -1.91986
1988 1732 2.53984 2.26893
2098 1734 2.53984 2.44346
236 1736 2.53984 -0.349066
2602 1740 2.53984 2.44346
1128 1744 2.53984 -2.44346
482 1746 2.53984 -2.0944
730 1746 2.53984 1.91986
784 1746 2.53984 -1.0472
1614 1748 2.53984 -2.26893
1178 1754 2.53984 1.22173
342 1756 2.53984 -1.74533
288 1758 2.53984 0.349066
442 1762 2.53984 -3.14159
2158 1762 2.53984 -1.74533
2092 1766 2.53984 -2.44346
2446 1766 2.53984 -2.96706
714 1770 2.53984 1.91986
2464 1770 2.53984 -2.96706
768 1772 2.53984 -2.96706
1952 1772 2.53984 0.349066
130 1776 2.53984 -3.14159
2136 1776 2.53984 -2.26893
1398 1786 2.53984 2.61799
92 1788 2.53984 2.96706
1732 1792 2.53984 1.91986
2284 1792 2.53984 1.5708
518 1794 2.53984 2.79253
644 1798 2.53984 -0.698132
2426 1800 2.53984 -2.26893
2524 1802 2.53984 1.5708
358 1808 2.53984 -1.5708
2404 1814 2.53984 0
528 1816 2.53984 -2.44346
2350 1838 2.53984 0.523599
2464 1838 2.53984 -0.872665
2056 1840 2.53984 0.698132
2432 1840 2.53984 -3.14159
2626 1840 2.53984 1.39626
2096 1842 2.53984 0.523599
868 1850 2.53984 0.174533
2628 1854 2.53984 1.39626
1682 1856 2.53984 -2.79253
516 1864 2.53984 0.174533
124 1870 2.53984 -1.5708
560 1870 2.53984 1.74533
2310 1870 2.53984 0.698132
1032 1880 2.53984 1.22173
1236 1880 2.53984 -3.14159
2246 1880 2.53984 -2.26893
598 1882 2.53984 2.44346
2136 1882 2.53984 2.96706
2388 1882 2.53984 -1.91986
1630 1884 2.53984 1.39626
1940 1884 2.53984 1.39626
1784 1886 2.53984 2.0944
410 1890 2.53984 -1.5708
2628 1896 2.53984 -3.14159
36 1898 2.53984 1.39626
2484 1904 2.53984 -3.14159
160 1906 2.53984 -3.14159
2088 1906 2.53984 -0.698132
1960 1916 2.53984 -2.26893
2312 1916 2.53984 2.96706
2006 1918 2.53984 -1.39626
1230 1920 2.53984 -0.523599
772 1924 2.53984 0.872665
204 1928 2.53984 -1.74533
1336 1928 2.53984 0.174533
332 1934 2.53984 0.349066
1800 1934 2.53984 1.5708
962 1936 2.53984 2.79253
80 1940 2.53984 -2.61799
1292 1940 2.53984 0.523599
148 1942 2.53984 2.61799
2068 1944 2.53984 -2.96706
410 1948 2.53984 -1.0472
808 1950 2.53984 2.26893
1468 1950 2.53984 -0.349066
484 1952 2.53984 -1.39626
1582 1954 2.53984 -0.872665
2338 1956 2.53984 2.61799
998 1964 2.53984 0.174533
778 1968 2.53984 -0.174533
860 1968 2.53984 -1.39626
2322 1968 2.53984 2.61799
1692 1970 2.53984 0
894 20 3.2 2.0944
1016 26 3.2 0
1910 34 3.2 1.5708
1320 54 3.2 -0.349066
220 74 3.2 -3.14159
876 92 3.2 2.96706
1034 112 3.2 -0.872665
198 124 3.2 1.74533
658 130 3.2 -0.698132
936 136 3.2 -2.96706
380 148 3.2 1.91986
396 166 3.2 0.872665
2046 176 3.2 1.0472
2150 182 3.2 -1.91986
1618 184 3.2 -2.26893
810 186 3.2 -1.0472
1388 198 3.2 0.174533
912 200 3.2 -0.174533
800 202 3.2 -1.0472
2280 208 3.2 -2.44346
364 224 3.2 0.872665
2380 230 3.2 -1.39626
88 250 3.2 0.698132
1294 286 3.2 -0.349066
1032 310 3.2 -2.0944
1528 318 3.2 2.61799
2214 340 3.2 1.74533
1782 346 3.2 0.872665
1158 358 3.2 0
2360 362 3.2 2.79253
2206 364 3.2 1.74533
1452 376 3.2 1.74533
1628 376 3.2 1.39626
1940 378 3.2 -2.44346
828 394 3.2 1.39626
1090 406 3.2 -0.698132
988 420 3.2 2.79253
460 430 3.2 -1.0472
1730 444 3.2 -2.0944
1384 480 3.2 -2.79253
2438 480 3.2 -0.698132
626 490 3.2 2.61799
378 502 3.2 0.698132
1904 530 3.2 -0.349066
772 554 3.2 0.174533
620 556 3.2 2.96706
1700 556 3.2 -0.174533
664 570 3.2 2.79253
434 572 3.2 1.74533
1648 572 3.2 1.5708
2364 576 3.2 0.872665
2088 586 3.2 -1.5708
2168 588 3.2 -0.174533
1540 600 3.2 -1.22173
2294 602 3.2 -2.26893
818 624 3.2 -1.39626
1916 632 3.2 -2.61799
716 634 3.2 -2.0944
2618 644 3.2 2.96706
1434 646 3.2 1.0472
504 656 3.2 0.698132
624 664 3.2 2.44346
1448 690 3.2 -1.91986
1716 690 3.2 -3.14159
1228 708 3.2 -2.26893
1208 722 3.2 -2.26893
868 742 3.2 -1.22173
1102 754 3.2 -1.91986
1428 762 3.2 -3.14159
1758 784 3.2 0.698132
1696 786 3.2 2.96706
1270 802 3.2 1.0472
1918 810 3.2 0.523599
1142 822 3.2 -1.5708
1628 824 3.2 -0.174533
2564 834 3.2 -2.26893
230 846 3.2 -1.22173
1670 850 3.2 -2.26893
1104 858 3.2 -2.96706
1896 878 3.2 1.39626
2096 880 3.2 0
1036 890 3.2 2.0944
1856 906 3.2 -0.523599
1238 908 3.2 -2.44346
432 924 3.2 2.61799
884 934 3.2 1.39626
740 956 3.2 1.5708
2576 978 3.2 -1.74533
2366 994 3.2 -1.5708
1596 996 3.2 0.349066
502 1002 3.2 -0.698132
584 1012 3.2 1.0472
772 1034 3.2 0.523599
1938 1038 3.2 -2.44346
454 1052 3.2 1.39626
2558 1054 3.2 1.74533
158 1062 3.2 -1.5708
734 1094 3.2 2.0944
1622 1100 3.2 -3.14159
2232 1102 3.2 -1.39626
352 1106 3.2 -2.79253
1250 1126 3.2 2.26893
1308 1138 3.2 0
1490 1140 3.2 1.39626
1416 1152 3.2 -1.5708
1762 1152 3.2 -0.698132
2588 1158 3.2 0.174533
2610 1160 3.2 0.174533
322 1176 3.2 1.39626
1076 1178 3.2 1.91986
1204 1188 3.2 -3.14159
2318 1188 3.2 -1.5708
568 1194 3.2 -0.698132
166 1200 3.2 2.0944
956 1204 3.2 -1.74533
2006 1212 3.2 1.91986
2214 1224 3.2 -2.0944
1318 1226 3.2 1.74533
1760 1234 3.2 1.0472
1350 1252 3.2 -2.44346
2418 1282 3.2 -1.74533
420 1292 3.2 -1.22173
846 1292 3.2 1.39626
92 1300 3.2 1.22173
2342 1300 3.2 1.74533
170 1308 3.2 0.523599
2018 1322 3.2 1.22173
46 1324 3.2 -2.79253
1182 1332 3.2 1.39626
1696 1334 3.2 2.79253
2108 1336 3.2 2.61799
1394 1338 3.2 -2.44346
808 1340 3.2 -2.79253
1966 1342 3.2 -0.523599
464 1356 3.2 -2.0944
1346 1358 3.2 0.349066
126 1372 3.2 0
1066 1376 3.2 -2.61799
1160 1390 3.2 -0.872665
2160 1396 3.2 -1.5708
1856 1398 3.2 -3.14159
162 1400 3.2 1.22173
1470 1406 3.2 2.44346
166 1418 3.2 1.22173
484 1428 3.2 -2.26893
1260 1432 3.2 -2.79253
918 1440 3.2 2.79253
1032 1444 3.2 -2.26893
1010 1464 3.2 -2.26893
1132 1464 3.2 1.74533
1454 1472 3.2 -1.0472
1628 1476 3.2 0.174533
758 1480 3.2 -1.0472
1904 1480 3.2 -2.79253
1988 1488 3.2 1.5708
62 1492 3.2 0.349066
110 1498 3.2 1.0472
2520 1502 3.2 2.96706
2058 1512 3.2 -1.22173
2230 1514 3.2 2.44346
516 1516 3.2 1.39626
2490 1518 3.2 -2.44346
712 1524 3.2 -1.74533
2010 1528 3.2 0
2380 1536 3.2 -2.79253
1880 1550 3.2 -0.523599
2152 1598 3.2 1.91986
2468 1598 3.2 -2.61799
870 1612 3.2 2.44346
1792 1620 3.2 1.39626
2540 1642 3.2 -1.0472
514 1654 3.2 2.96706
356 1656 3.2 -2.96706
1232 1656 3.2 1.91986
882 1658 3.2 1.74533
2104 1664 3.2 2.44346
590 1672 3.2 1.91986
1290 1674 3.2 0.349066
1362 1678 3.2 1.39626
1138 1688 3.2 0
1862 1692 3.2 1.91986
1394 1724 3.2 2.79253
1868 1726 3.2 -2.0944
48 1734 3.2 0.174533
1732 1734 3.2 -2.26893
2346 1734 3.2 2.96706
688 1740 3.2 -2.79253
1790 1788 3.2 2.79253
1086 1794 3.2 -0.349066
1914 1800 3.2 2.96706
962 1810 3.2 -1.74533
606 1818 3.2 1.74533
1270 1828 3.2 -0.872665
250 1846 3.2 -0.174533
1518 1850 3.2 -1.0472
26 1860 3.2 1.5708
938 1866 3.2 -1.74533
2198 1894 3.2 -2.44346
1916 1922 3.2 1.22173
2360 1922 3.2 -2.79253
298 1932 3.2 -3.14159
556 1952 3.2 2.79253
1800 1952 3.2 1.5708
1536 1964 3.2 -0.698132
32 1970 3.2 -2.44346
742 1970 3.2 -1.0472
1908 32 2.53984 2.79253
760 40 2.53984 0.174533
1348 44 2.53984 0.523599
2476 72 2.53984 -2.44346
2332 100 2.53984 1.39626
1752 108 2.53984 0.174533
2136 108 2.53984 -0.349066
2292 108 2.53984 -1.91986
2416 112 2.53984 -2.61799
1020 132 2.53984 -0.872665
964 140 2.53984 -2.79253
188 144 2.53984 2.0944
1988 176 2.53984 -1.5708
1184 192 2.53984 2.79253
1388 196 2.53984 -2.26893
1304 200 2.53984 1.22173
1152 204 2.53984 2.79253
2160 212 2.53984 2.26893
408 244 2.53984 -1.5708
1084 268 2.53984 -3.14159
2480 268 2.53984 1.5708
1896 284 2.53984 2.96706
1244 296 2.53984 0
2016 300 2.53984 -1.5708
584 332 2.53984 -2.96706
432 348 2.53984 0.872665
2508 352 2.53984 1.91986
2124 356 2.53984 1.39626
2256 356 2.53984 1.5708
1244 360 2.53984 0.523599
824 368 2.53984 1.22173
1864 368 2.53984 -0.698132
760 380 2.53984 -2.96706
872 384 2.53984 -2.0944
2136 388 2.53984 1.39626
1844 392 2.53984 -0.698132
892 408 2.53984 -2.0944
1064 428 2.53984 -0.698132
2300 432 2.53984 -2.44346
2324 452 2.53984 -2.44346
784 456 2.53984 -0.872665
672 516 2.53984 -1.5708
792 560 2.53984 0.174533
356 564 2.53984 -0.872665
1540 600 2.53984 -0.872665
2084 616 2.53984 -1.74533
900 620 2.53984 1.39626
1016 620 2.53984 1.39626
712 632 2.53984 -2.0944
172 656 2.53984 -3.14159
940 656 2.53984 1.39626
1440 668 2.53984 1.0472
2292 668 2.53984 -2.44346
2080 696 2.53984 -0.872665
2608 728 2.53984 -2.61799
748 732 2.53984 -2.96706
940 732 2.53984 0
364 740 2.53984 -1.5708
1780 760 2.53984 -1.22173
1724 780 2.53984 0.698132
1228 788 2.53984 2.26893
2308 836 2.53984 0.523599
2332 852 2.53984 0.523599
2064 864 2.53984 2.44346
712 868 2.53984 0.174533
1320 872 2.53984 1.0472
2180 872 2.53984 -1.74533
1460 888 2.53984 1.91986
2576 900 2.53984 1.0472
1932 916 2.53984 -1.39626
2328 920 2.53984 -1.91986
2136 936 2.53984 0.872665
416 984 2.53984 -3.14159
2136 1000 2.53984 2.96706
504 1004 2.53984 -2.79253
312 1008 2.53984 0
648 1020 2.53984 -1.74533
1584 1020 2.53984 0.698132
1772 1044 2.53984 2.44346
592 1056 2.53984 -2.44346
1564 1056 2.53984 0.872665
356 1072 2.53984 1.74533
1704 1076 2.53984 2.96706
1676 1080 2.53984 2.96706
1128 1084 2.53984 1.39626
2416 1096 2.53984 2.96706
500 1120 2.53984 0.174533
1304 1136 2.53984 2.61799
1496 1140 2.53984 1.5708
1760 1152 2.53984 -0.698132
1912 1156 2.53984 -2.61799
2184 1156 2.53984 -1.5708
428 1168 2.53984 2.44346
1164 1176 2.53984 -0.523599
588 1180 2.53984 -0.523599
856 1204 2.53984 1.0472
328 1208 2.53984 1.5708
680 1216 2.53984 -1.91986
204 1236 2.53984 -2.0944
2416 1248 2.53984 2.96706
488 1256 2.53984 1.5708
1964 1260 2.53984 2.0944
1368 1268 2.53984 -2.44346
2452 1284 2.53984 -2.96706
2576 1284 2.53984 1.91986
848 1292 2.53984 1.0472
784 1296 2.53984 -2.0944
2484 1296 2.53984 -2.96706
744 1324 2.53984 0.698132
1832 1328 2.53984 -2.96706
808 1340 2.53984 -2.0944
1412 1356 2.53984 -2.44346
596 1364 2.53984 -1.74533
860 1380 2.53984 0
556 1392 2.53984 -2.79253
2160 1396 2.53984 -1.5708
1392 1404 2.53984 -3.14159
1116 1408 2.53984 1.22173
1524 1408 2.53984 -3.14159
484 1428 2.53984 -2.26893
1468 1452 2.53984 -0.872665
1212 1500 2.53984 -1.5708
1808 1500 2.53984 -1.5708
744 1504 2.53984 -1.22173
140 1528 2.53984 2.96706
2356 1528 2.53984 -2.79253
260 1564 2.53984 2.44346
1616 1588 2.53984 -1.74533
2512 1592 2.53984 -1.22173
2344 1600 2.53984 1.74533
2556 1616 2.53984 -1.0472
720 1620 2.53984 2.44346
1320 1620 2.53984 -2.61799
1792 1620 2.53984 1.74533
2616 1632 2.53984 1.5708
1872 1644 2.53984 0.174533
2128 1648 2.53984 2.44346
60 1660 2.53984 0
880 1660 2.53984 -1.22173
164 1696 2.53984 -0.174533
588 1696 2.53984 1.74533
1792 1704 2.53984 1.39626
1680 1708 2.53984 -1.91986
1288 1720 2.53984 -1.5708
2376 1724 2.53984 2.96706
688 1740 2.53984 -3.14159
72 1744 2.53984 0.174533
2576 1760 2.53984 -1.91986
964 1772 2.53984 -2.96706
2056 1776 2.53984 2.96706
2404 1780 2.53984 -2.44346
1792 1788 2.53984 2.79253
2584 1788 2.53984 -1.91986
112 1836 2.53984 -1.91986
252 1848 2.53984 -2.96706
1704 1848 2.53984 -3.14159
732 1868 2.53984 2.26893
588 1916 2.53984 -2.44346
852 1924 2.53984 -0.174533
272 1936 2.53984 -3.14159
160 32 3.2 1.0472
2492 44 3.2 -2.61799
808 48 3.2 0.174533
1160 48 3.2 2.79253
204 80 3.2 1.0472
288 100 3.2 1.39626
464 104 3.2 -1.39626
68 156 3.2 1.39626
736 164 3.2 -0.523599
1584 212 3.2 -1.0472
1312 244 3.2 1.22173
1564 260 3.2 -1.0472
2272 264 3.2 2.61799
868 272 3.2 2.96706
1452 300 3.2 0.698132
1712 320 3.2 2.44346
128 336 3.2 2.0944
1500 336 3.2 0.698132
452 376 3.2 0.872665
340 472 3.2 -1.5708
2368 488 3.2 -2.26893
2460 500 3.2 2.0944
1116 504 3.2 -3.14159
1504 632 3.2 1.91986
1576 648 3.2 2.61799
732 660 3.2 -2.0944
872 704 3.2 -1.39626
1152 716 3.2 -2.96706
2416 732 3.2 -1.0472
2208 752 3.2 -2.26893
2232 784 3.2 -2.26893
1476 836 3.2 1.91986
1300 840 3.2 0.872665
892 852 3.2 -1.5708
1136 860 3.2 1.74533
560 872 3.2 1.5708
1128 904 3.2 1.74533
612 928 3.2 -2.0944
1356 952 3.2 -1.0472
916 972 3.2 1.0472
2504 1056 3.2 2.96706
420 1080 3.2 -1.74533
1588 1096 3.2 0.872665
1900 1104 3.2 1.39626
2176 1112 3.2 -1.5708
1064 1140 3.2 -1.91986
980 1200 3.2 -2.0944
724 1236 3.2 -2.44346
1160 1328 3.2 -3.14159
2340 1328 3.2 1.5708
472 1332 3.2 0.349066
456 1400 3.2 -2.26893
2596 1428 3.2 -0.872665
976 1456 3.2 1.0472
752 1460 3.2 -1.22173
2288 1468 3.2 -0.698132
940 1532 3.2 -2.0944
2196 1544 3.2 -1.5708
492 1556 3.2 0.349066
1680 1588 3.2 0.174533
2284 1612 3.2 -2.26893
1128 1632 3.2 1.91986
1348 1640 3.2 -2.61799
1476 1680 3.2 -3.14159
1416 1768 3.2 -2.0944
1100 1812 3.2 2.26893
1664 1844 3.2 -3.14159
484 1860 3.2 0
2532 1868 3.2 2.44346
1332 1888 3.2 -2.61799
1120 1892 3.2 0.698132
2472 1944 3.2 -1.22173
2612 1944 3.2 0.523599
2132 1952 3.2 0.174533
976 1200 2.53984 2.0944
KEYPOINTS_B 2576
37 2 2.53984 -2.44346
1743 8 2.53984 -0.349066
702 10 2.53984 -0.872665
2050 14 2.53984 -2.44346
697 18 2.53984 -0.872665
1664 18 2.53984 -2.26893
2303 18 2.53984 0.349066
730 20 2.53984 2.0944
987 24 2.53984 1.39626
2057 25 2.53984 -1.0472
193 30 2.53984 0
973 32 2.53984 1.74533
2565 35 2.53984 1.74533
1109 39 2.53984 1.0472
961 40 2.53984 0
2373 42 2.53984 -2.26893
1559 48 2.53984 -1.5708
962 50 2.53984 -0.174533
70 54 2.53984 -2.79253
162 56 2.53984 -2.96706
649 60 2.53984 0.872665
1780 64 2.53984 2.61799
1755 68 2.53984 -1.0472
1048 69 2.53984 -0.349066
1083 76 2.53984 -1.5708
803 82 2.53984 -1.5708
251 86 2.53984 -0.174533
2333 87 2.53984 2.0944
1568 92 2.53984 -0.349066
2322 93 2.53984 0.698132
2337 97 2.53984 -0.349066
1465 104 2.53984 2.96706
1472 104 2.53984 2.96706
89 105 2.53984 1.74533
11 109 2.53984 -0.872665
2127 110 2.53984 -1.5708
733 111 2.53984 0.872665
1165 112 2.53984 0.174533
763 113 2.53984 -1.0472
2371 117 2.53984 -2.61799
365 126 2.53984 2.96706
1337 127 2.53984 -1.39626
791 128 2.53984 0.349066
1827 131 2.53984 -3.14159
86 133 2.53984 -1.74533
2331 139 2.53984 -1.74533
2536 139 2.53984 0.174533
1754 144 2.53984 -1.0472
1262 148 2.53984 -1.22173
524 151 2.53984 2.44346
2519 152 2.53984 1.0472
1230 159 2.53984 -2.96706
1042 167 2.53984 -1.5708
2174 167 2.53984 -1.91986
1130 173 2.53984 -0.174533
2277 174 2.53984 -1.39626
171 179 2.53984 -2.26893
639 182 2.53984 -1.22173
636 189 2.53984 -1.22173
550 195 2.53984 -2.26893
860 195 2.53984 2.0944
193 202 2.53984 -1.74533
1717 204 2.53984 0.523599
544 206 2.53984 -2.0944
178 208 2.53984 2.0944
2153 209 2.53984 -2.96706
59 222 2.53984 1.39626
80 228 2.53984 2.79253
2207 235 2.53984 2.96706
1011 241 2.53984 0.872665
1998 245 2.53984 -1.39626
309 246 2.53984 2.79253
1034 247 2.53984 1.0472
2398 247 2.53984 0.698132
1354 248 2.53984 -2.96706
2372 249 2.53984 -2.79253
391 255 2.53984 -0.523599
1861 261 2.53984 -1.39626
823 263 2.53984 1.74533
1633 267 2.53984 1.74533
2288 267 2.53984 -2.44346
1788 269 2.53984 2.79253
2197 269 2.53984 2.44346
421 270 2.53984 -2.44346
649 274 2.53984 2.44346
575 276 2.53984 -3.14159
91 283 2.53984 2.79253
1245 295 2.53984 2.26893
2040 296 2.53984 -2.61799
852 299 2.53984 2.79253
1240 302 2.53984 2.44346
2355 302 2.53984 1.5708
260 304 2.53984 -1.39626
1081 304 2.53984 -0.698132
2407 305 2.53984 1.5708
1613 311 2.53984 1.5708
1508 315 2.53984 1.74533
260 318 2.53984 1.22173
2516 319 2.53984 -1.0472
1254 324 2.53984 -1.0472
1505 324 2.53984 0.698132
1424 339 2.53984 1.5708
1380 345 2.53984 1.5708
2432 345 2.53984 -0.872665
2370 346 2.53984 -0.523599
324 347 2.53984 1.5708
706 349 2.53984 1.39626
1776 353 2.53984 2.96706
814 355 2.53984 1.39626
558 359 2.53984 -0.698132
1193 361 2.53984 -1.5708
1587 366 2.53984 -0.174533
1537 369 2.53984 0.174533
1889 373 2.53984 0.698132
1099 375 2.53984 -1.91986
830 382 2.53984 -2.44346
2033 382 2.53984 -1.91986
220 384 2.53984 -0.698132
1631 385 2.53984 2.0944
1294 391 2.53984 -1.5708
1423 399 2.53984 2.26893
2534 400 2.53984 2.79253
933 403 2.53984 -1.91986
460 407 2.53984 0.523599
2478 428 2.53984 1.22173
154 429 2.53984 1.0472
2578 446 2.53984 -2.44346
2070 451 2.53984 -1.22173
2232 454 2.53984 -1.39626
1020 455 2.53984 1.91986
466 458 2.53984 0.872665
1898 461 2.53984 2.96706
1741 468 2.53984 -2.0944
847 472 2.53984 -2.61799
532 473 2.53984 -1.74533
1577 481 2.53984 0
258 483 2.53984 -0.872665
703 486 2.53984 0.698132
1604 489 2.53984 -1.74533
2317 493 2.53984 -2.0944
197 495 2.53984 -3.14159
1082 498 2.53984 -2.0944
2116 501 2.53984 1.0472
2473 505 2.53984 1.74533
2118 511 2.53984 -1.22173
1979 512 2.53984 0.872665
731 513 2.53984 -1.39626
1477 514 2.53984 2.0944
2158 516 2.53984 1.5708
782 521 2.53984 1.0472
632 523 2.53984 1.5708
2373 525 2.53984 -3.14159
1348 527 2.53984 2.0944
2074 532 2.53984 2.44346
1480 536 2.53984 -2.0944
86 538 2.53984 -2.0944
1308 543 2.53984 1.91986
764 557 2.53984 2.79253
2202 560 2.53984 -1.74533
2596 560 2.53984 1.39626
257 564 2.53984 0.174533
868 564 2.53984 -2.79253
1189 571 2.53984 -1.39626
739 574 2.53984 2.79253
588 582 2.53984 -1.5708
913 583 2.53984 -1.91986
1269 587 2.53984 2.61799
507 588 2.53984 0
1042 588 2.53984 1.0472
1225 591 2.53984 -1.22173
792 593 2.53984 0
32 598 2.53984 2.44346
1924 600 2.53984 -1.22173
71 612 2.53984 0.698132
826 615 2.53984 -1.39626
246 624 2.53984 1.91986
1939 627 2.53984 -0.349066
926 631 2.53984 -0.698132
2071 635 2.53984 -2.96706
899 637 2.53984 -0.698132
992 642 2.53984 2.79253
2474 645 2.53984 1.0472
180 647 2.53984 -0.698132
552 648 2.53984 1.74533
337 650 2.53984 0.349066
2263 650 2.53984 1.39626
1531 651 2.53984 0
1839 671 2.53984 -2.79253
2544 671 2.53984 0.174533
1922 672 2.53984 1.91986
1846 673 2.53984 -2.79253
1460 676 2.53984 2.96706
2286 685 2.53984 -0.174533
2337 685 2.53984 1.5708
2036 691 2.53984 -0.174533
1362 693 2.53984 1.0472
161 697 2.53984 -0.523599
2503 697 2.53984 1.39626
988 702 2.53984 -0.349066
2288 703 2.53984 -1.5708
2062 705 2.53984 -3.14159
201 715 2.53984 1.22173
958 717 2.53984 -0.523599
313 718 2.53984 -0.523599
943 728 2.53984 2.61799
1550 728 2.53984 -0.523599
2237 728 2.53984 0
606 735 2.53984 1.5708
2540 735 2.53984 -1.0472
2465 736 2.53984 -2.96706
20 743 2.53984 -2.0944
1011 743 2.53984 -1.0472
1894 750 2.53984 2.79253
1239 751 2.53984 0.698132
1266 761 2.53984 2.79253
2370 776 2.53984 -0.174533
1621 791 2.53984 2.26893
401 795 2.53984 0.174533
2096 799 2.53984 2.96706
695 801 2.53984 2.0944
1115 801 2.53984 -1.74533
580 809 2.53984 -2.96706
2083 813 2.53984 0.174533
1385 820 2.53984 -3.14159
152 823 2.53984 -0.174533
110 829 2.53984 2.0944
1503 836 2.53984 -1.39626
1812 838 2.53984 -1.5708
601 839 2.53984 2.96706
1913 841 2.53984 2.0944
2125 846 2.53984 -1.5708
1410 849 2.53984 1.22173
623 855 2.53984 0
2453 855 2.53984 0.872665
1954 856 2.53984 1.5708
1274 870 2.53984 -1.5708
607 872 2.53984 1.39626
274 875 2.53984 -2.96706
1508 882 2.53984 0.174533
428 884 2.53984 1.5708
1845 884 2.53984 -0.872665
2605 886 2.53984 2.96706
1178 892 2.53984 0.523599
1322 892 2.53984 2.61799
286 903 2.53984 2.96706
837 909 2.53984 -0.523599
2477 909 2.53984 -1.74533
128 912 2.53984 -2.61799
736 913 2.53984 1.91986
1186 913 2.53984 0
2606 915 2.53984 1.39626
341 917 2.53984 1.5708
1213 921 2.53984 0
1950 922 2.53984 -2.96706
2209 924 2.53984 -2.61799
2059 925 2.53984 0.349066
2083 926 2.53984 2.0944
1426 946 2.53984 2.44346
773 948 2.53984 -0.174533
511 949 2.53984 -2.61799
1807 949 2.53984 2.0944
1390 950 2.53984 -2.79253
2061 951 2.53984 -0.349066
2402 952 2.53984 1.74533
275 953 2.53984 -0.872665
368 956 2.53984 0.349066
248 959 2.53984 -2.0944
328 960 2.53984 1.0472
2457 964 2.53984 -2.96706
382 970 2.53984 0.174533
141 972 2.53984 -3.14159
636 973 2.53984 1.91986
1587 975 2.53984 -0.523599
728 990 2.53984 -0.349066
1447 991 2.53984 -2.44346
213 995 2.53984 -2.79253
1679 995 2.53984 2.61799
65 997 2.53984 2.96706
948 1000 2.53984 0.872665
44 1001 2.53984 -0.349066
1654 1002 2.53984 2.79253
952 1006 2.53984 0.872665
2570 1007 2.53984 -0.698132
815 1011 2.53984 -0.174533
397 1016 2.53984 -1.5708
1622 1021 2.53984 -0.698132
1944 1022 2.53984 2.96706
2107 1024 2.53984 -0.349066
171 1027 2.53984 -0.349066
589 1030 2.53984 -1.5708
27 1031 2.53984 -0.523599
879 1032 2.53984 -0.523599
635 1035 2.53984 0.174533
2345 1037 2.53984 -1.5708
647 1038 2.53984 -2.96706
2321 1043 2.53984 -0.523599
1308 1047 2.53984 -3.14159
2261 1062 2.53984 -2.96706
1617 1063 2.53984 0.523599
1909 1067 2.53984 -0.698132
1600 1071 2.53984 1.39626
1022 1072 2.53984 -1.0472
411 1075 2.53984 2.26893
2488 1080 2.53984 -0.523599
975 1082 2.53984 -2.26893
2110 1084 2.53984 -1.74533
766 1090 2.53984 -1.22173
1801 1090 2.53984 -0.174533
2070 1090 2.53984 -2.79253
1381 1098 2.53984 -1.22173
2541 1102 2.53984 -2.44346
643 1111 2.53984 1.74533
726 1116 2.53984 -1.39626
1161 1118 2.53984 -1.22173
1741 1118 2.53984 2.79253
601 1122 2.53984 -1.5708
637 1123 2.53984 0
500 1124 2.53984 -1.0472
2003 1128 2.53984 1.74533
40 1130 2.53984 -1.91986
2618 1136 2.53984 2.61799
188 1137 2.53984 -1.39626
754 1138 2.53984 -1.22173
1762 1140 2.53984 -1.91986
1936 1142 2.53984 1.39626
22 1143 2.53984 0.698132
2391 1143 2.53984 0.174533
1563 1145 2.53984 1.39626
321 1150 2.53984 -1.0472
214 1155 2.53984 0
436 1156 2.53984 -0.698132
1414 1158 2.53984 -2.79253
832 1159 2.53984 -0.174533
1385 1159 2.53984 2.26893
1329 1165 2.53984 1.5708
1472 1165 2.53984 -2.0944
2114 1168 2.53984 0.698132
180 1172 2.53984 2.79253
2017 1172 2.53984 2.0944
2584 1172 2.53984 2.44346
888 1179 2.53984 -1.39626
1867 1189 2.53984 -0.698132
869 1192 2.53984 -1.22173
324 1193 2.53984 2.0944
318 1199 2.53984 2.0944
1888 1201 2.53984 2.44346
606 1206 2.53984 2.96706
2422 1210 2.53984 -0.174533
166 1214 2.53984 2.96706
2086 1216 2.53984 1.74533
396 1219 2.53984 1.22173
2046 1221 2.53984 0.349066
800 1225 2.53984 -1.39626
1701 1231 2.53984 2.96706
1042 1236 2.53984 -3.14159
644 1239 2.53984 0.872665
913 1240 2.53984 2.61799
2608 1240 2.53984 -2.79253
2067 1243 2.53984 -2.61799
109 1251 2.53984 -3.14159
939 1252 2.53984 2.96706
385 1255 2.53984 -2.79253
455 1256 2.53984 -2.26893
1836 1256 2.53984 0.523599
635 1262 2.53984 2.79253
497 1266 2.53984 -1.22173
2056 1270 2.53984 -1.0472
706 1276 2.53984 2.44346
280 1280 2.53984 1.74533
31 1283 2.53984 -1.0472
2512 1283 2.53984 -0.698132
2506 1289 2.53984 -0.698132
807 1294 2.53984 -0.523599
891 1294 2.53984 -1.22173
79 1295 2.53984 -0.872665
1325 1295 2.53984 2.0944
887 1304 2.53984 -1.22173
1936 1305 2.53984 2.79253
2047 1305 2.53984 2.96706
244 1309 2.53984 2.0944
709 1311 2.53984 -1.5708
1597 1311 2.53984 -1.74533
759 1312 2.53984 1.39626
304 1337 2.53984 -1.91986
1787 1338 2.53984 -0.872665
2116 1341 2.53984 1.5708
545 1351 2.53984 2.0944
1313 1353 2.53984 -0.872665
2007 1357 2.53984 1.5708
1866 1360 2.53984 2.0944
1736 1363 2.53984 -2.61799
1383 1366 2.53984 1.0472
54 1368 2.53984 2.26893
2103 1368 2.53984 1.91986
364 1371 2.53984 -0.523599
1186 1373 2.53984 -2.79253
374 1376 2.53984 1.0472
819 1376 2.53984 1.5708
1163 1377 2.53984 1.39626
1370 1380 2.53984 1.39626
1750 1382 2.53984 1.22173
2620 1390 2.53984 0.872665
668 1393 2.53984 0.174533
251 1398 2.53984 -1.91986
898 1401 2.53984 0.349066
1822 1402 2.53984 -0.523599
1567 1403 2.53984 1.22173
1620 1408 2.53984 -1.74533
1348 1413 2.53984 1.5708
1379 1416 2.53984 -2.44346
1651 1422 2.53984 1.74533
940 1425 2.53984 -2.44346
1648 1429 2.53984 1.74533
716 1442 2.53984 2.96706
1489 1446 2.53984 2.26893
374 1449 2.53984 -1.39626
454 1449 2.53984 -2.26893
2616 1452 2.53984 -1.22173
556 1457 2.53984 0
1927 1459 2.53984 -1.74533
2485 1461 2.53984 -2.0944
1057 1463 2.53984 0.698132
173 1467 2.53984 1.91986
2336 1470 2.53984 -2.96706
737 1473 2.53984 0
2149 1475 2.53984 2.61799
2288 1475 2.53984 -3.14159
1319 1478 2.53984 -0.174533
2273 1479 2.53984 1.91986
51 1483 2.53984 -1.0472
2604 1488 2.53984 -0.872665
915 1490 2.53984 0
1699 1492 2.53984 0.698132
1281 1494 2.53984 1.74533
1175 1496 2.53984 -2.61799
751 1499 2.53984 -0.349066
2226 1510 2.53984 2.96706
2544 1513 2.53984 2.0944
407 1514 2.53984 -2.96706
1186 1514 2.53984 -3.14159
58 1520 2.53984 2.26893
1688 1520 2.53984 -2.79253
2115 1520 2.53984 -2.0944
918 1521 2.53984 0
2263 1521 2.53984 1.5708
1203 1522 2.53984 -1.0472
866 1532 2.53984 -1.5708
2587 1534 2.53984 1.22173
1099 1535 2.53984 2.0944
1936 1540 2.53984 0.872665
2600 1551 2.53984 2.96706
2062 1556 2.53984 -2.61799
1046 1559 2.53984 -2.96706
924 1565 2.53984 1.5708
2623 1566 2.53984 1.22173
744 1569 2.53984 0
1942 1569 2.53984 -0.523599
1011 1573 2.53984 -3.14159
2264 1573 2.53984 1.74533
878 1580 2.53984 0.174533
2104 1582 2.53984 2.0944
383 1584 2.53984 -2.0944
711 1584 2.53984 1.0472
651 1590 2.53984 -3.14159
2061 1590 2.53984 0
1279 1591 2.53984 0.174533
162 1592 2.53984 -0.698132
1241 1603 2.53984 2.96706
1623 1606 2.53984 2.44346
1894 1606 2.53984 -0.698132
1625 1613 2.53984 -3.14159
1618 1615 2.53984 -3.14159
1297 1618 2.53984 -1.74533
478 1619 2.53984 -0.872665
1072 1620 2.53984 0
462 1624 2.53984 -1.0472
1886 1636 2.53984 -1.0472
1930 1645 2.53984 -2.26893
905 1649 2.53984 -1.91986
235 1652 2.53984 0
2551 1655 2.53984 -1.0472
1518 1656 2.53984 2.96706
2310 1656 2.53984 2.96706
1455 1659 2.53984 1.22173
2158 1659 2.53984 -2.61799
2355 1666 2.53984 -3.14159
382 1673 2.53984 -2.44346
1463 1674 2.53984 -2.96706
767 1680 2.53984 0.349066
891 1680 2.53984 -1.39626
2347 1681 2.53984 2.0944
1610 1684 2.53984 2.26893
471 1690 2.53984 -1.39626
392 1696 2.53984 -2.26893
2293 1696 2.53984 -2.0944
168 1703 2.53984 -3.14159
768 1708 2.53984 1.74533
2321 1708 2.53984 2.0944
2038 1711 2.53984 0.698132
1457 1713 2.53984 1.5708
2436 1713 2.53984 1.5708
1030 1716 2.53984 -1.91986
30 1717 2.53984 -2.96706
521 1722 2.53984 2.61799
309 1727 2.53984 -2.26893
2132 1730 2.53984 -1.74533
2453 1730 2.53984 1.74533
1716 1732 2.53984 2.26893
364 1734 2.53984 1.0472
1540 1737 2.53984 -2.96706
2600 1738 2.53984 1.74533
327 1740 2.53984 -0.523599
1727 1742 2.53984 0
851 1743 2.53984 -2.96706
858 1744 2.53984 -2.96706
709 1751 2.53984 0
1959 1752 2.53984 0.349066
948 1756 2.53984 0.174533
1261 1757 2.53984 1.22173
1992 1763 2.53984 2.96706
2212 1771 2.53984 0.523599
1719 1775 2.53984 -2.61799
886 1784 2.53984 -2.79253
945 1785 2.53984 -0.174533
781 1786 2.53984 1.39626
73 1787 2.53984 -0.872665
1225 1790 2.53984 2.79253
2544 1792 2.53984 -0.349066
153 1796 2.53984 0.349066
2495 1798 2.53984 -0.174533
326 1800 2.53984 -1.39626
1312 1801 2.53984 -0.349066
1884 1804 2.53984 -2.0944
1500 1807 2.53984 2.79253
660 1815 2.53984 -0.698132
549 1817 2.53984 0.698132
2339 1825 2.53984 -2.79253
358 1829 2.53984 -0.523599
425 1833 2.53984 1.74533
1600 1833 2.53984 -3.14159
1708 1834 2.53984 1.91986
2403 1838 2.53984 0.872665
955 1840 2.53984 0.174533
2029 1841 2.53984 0.349066
43 1842 2.53984 0
198 1843 2.53984 1.5708
534 1843 2.53984 0
642 1847 2.53984 2.44346
1968 1850 2.53984 -2.79253
138 1855 2.53984 1.5708
1182 1857 2.53984 -1.39626
2439 1863 2.53984 2.79253
830 1868 2.53984 -0.523599
1209 1868 2.53984 0.349066
1187 1876 2.53984 1.5708
761 1878 2.53984 -0.872665
1856 1881 2.53984 -0.349066
586 1883 2.53984 0
281 1884 2.53984 2.0944
1390 1886 2.53984 -0.523599
2174 1887 2.53984 1.22173
985 1891 2.53984 1.5708
1798 1891 2.53984 -2.96706
1990 1894 2.53984 0
573 1896 2.53984 -2.44346
1962 1902 2.53984 2.0944
544 1903 2.53984 2.26893
2266 1903 2.53984 2.79253
2204 1908 2.53984 1.39626
1709 1910 2.53984 2.44346
2089 1910 2.53984 2.61799
1190 1911 2.53984 -0.698132
866 1912 2.53984 -0.349066
565 1913 2.53984 -2.61799
470 1914 2.53984 -2.0944
1740 1915 2.53984 -1.74533
516 1918 2.53984 -0.174533
279 1926 2.53984 2.61799
632 1931 2.53984 1.91986
2298 1934 2.53984 2.0944
609 1935 2.53984 -0.349066
428 1936 2.53984 1.74533
560 1937 2.53984 -0.523599
2029 1940 2.53984 -2.0944
235 1941 2.53984 -0.872665
1824 1944 2.53984 0.174533
461 1947 2.53984 1.39626
2472 1947 2.53984 -1.91986
2483 1949 2.53984 -1.74533
1265 1957 2.53984 1.39626
1799 1957 2.53984 -0.698132
649 1958 2.53984 -2.44346
970 1967 2.53984 -0.174533
2257 1971 2.53984 -1.74533
906 8 3.2 -0.698132
2077 12 3.2 1.5708
1426 17 3.2 2.26893
2281 17 3.2 -2.26893
1079 24 3.2 1.5708
1420 24 3.2 2.26893
94 27 3.2 -1.39626
2415 28 3.2 0
91 36 3.2 -1.39626
520 36 3.2 0.523599
1281 36 3.2 0.872665
2078 36 3.2 2.44346
2095 36 3.2 -3.14159
999 38 3.2 -3.14159
2502 42 3.2 2.79253
970 44 3.2 0
1877 57 3.2 -2.96706
1452 58 3.2 -1.74533
2286 58 3.2 2.0944
331 65 3.2 0
1995 66 3.2 -1.22173
2354 69 3.2 -1.74533
1800 70 3.2 1.39626
2453 75 3.2 -1.91986
1751 76 3.2 -1.0472
819 80 3.2 2.26893
900 80 3.2 -0.872665
446 82 3.2 -0.174533
2309 83 3.2 0.698132
2458 87 3.2 -1.91986
2052 89 3.2 -2.26893
2443 92 3.2 2.79253
1690 93 3.2 -1.91986
626 94 3.2 2.79253
1628 97 3.2 -1.0472
1389 100 3.2 2.79253
1719 101 3.2 -2.44346
427 103 3.2 -0.174533
1824 103 3.2 0.698132
2267 114 3.2 1.0472
1955 129 3.2 2.79253
2010 129 3.2 0.698132
1696 133 3.2 -3.14159
1874 135 3.2 -1.91986
2272 135 3.2 1.5708
190 138 3.2 1.0472
2311 141 3.2 -2.0944
267 145 3.2 0.872665
1792 145 3.2 0.523599
180 146 3.2 -0.523599
2346 147 3.2 0
288 153 3.2 -0.872665
1735 154 3.2 2.96706
837 155 3.2 -2.0944
2325 164 3.2 1.5708
2497 166 3.2 -3.14159
1073 167 3.2 -0.523599
1944 169 3.2 0
1103 174 3.2 -2.79253
343 181 3.2 0.349066
2479 181 3.2 -2.44346
1883 193 3.2 -2.79253
2190 194 3.2 1.74533
2582 194 3.2 -2.96706
582 195 3.2 1.22173
770 196 3.2 2.26893
2203 199 3.2 0.349066
1852 200 3.2 -0.872665
1032 204 3.2 -2.0944
2 205 3.2 2.61799
1728 205 3.2 -1.22173
2522 206 3.2 2.79253
1390 211 3.2 -0.872665
1233 213 3.2 -0.872665
709 218 3.2 -2.79253
1064 220 3.2 -2.79253
1910 220 3.2 -0.523599
1921 221 3.2 -2.96706
1182 228 3.2 1.0472
907 233 3.2 -0.349066
1620 234 3.2 1.0472
361 239 3.2 -1.22173
1592 239 3.2 -1.5708
1699 239 3.2 0.872665
610 241 3.2 1.5708
2486 242 3.2 -2.44346
999 243 3.2 -0.872665
985 244 3.2 0
1557 246 3.2 -0.349066
2436 246 3.2 0.698132
224 248 3.2 -0.872665
252 250 3.2 1.74533
1806 251 3.2 -2.0944
1545 253 3.2 -0.349066
1331 254 3.2 -1.74533
410 255 3.2 -1.74533
2442 255 3.2 0.698132
54 261 3.2 -1.39626
172 262 3.2 1.5708
1536 264 3.2 2.44346
18 266 3.2 0
2609 267 3.2 -1.91986
139 275 3.2 2.26893
1895 278 3.2 0
1398 281 3.2 0.698132
1153 286 3.2 -3.14159
720 290 3.2 -2.0944
1911 291 3.2 1.74533
2351 293 3.2 2.0944
1926 295 3.2 -1.5708
2614 296 3.2 -1.22173
1541 303 3.2 -0.698132
920 304 3.2 -0.698132
2611 305 3.2 -1.22173
2212 310 3.2 2.61799
647 314 3.2 -1.22173
1101 319 3.2 -2.96706
1579 320 3.2 -2.61799
1054 330 3.2 2.44346
410 332 3.2 1.22173
2211 334 3.2 2.61799
1577 335 3.2 -2.26893
1310 338 3.2 -2.26893
2341 338 3.2 -0.174533
1584 342 3.2 -2.26893
2109 343 3.2 -2.96706
576 344 3.2 0.698132
1664 346 3.2 -1.91986
1503 352 3.2 -1.5708
2356 352 3.2 -2.0944
481 353 3.2 -2.79253
2253 355 3.2 0.174533
1924 357 3.2 1.0472
2519 357 3.2 2.61799
1084 359 3.2 -1.0472
325 364 3.2 -3.14159
467 368 3.2 2.79253
1991 374 3.2 2.96706
2167 374 3.2 -0.698132
1774 376 3.2 2.44346
475 378 3.2 2.44346
134 380 3.2 -1.74533
319 380 3.2 -0.698132
1877 381 3.2 1.39626
2114 382 3.2 -1.91986
2133 383 3.2 -3.14159
631 386 3.2 -3.14159
1821 387 3.2 -1.0472
2197 395 3.2 2.0944
2243 395 3.2 1.39626
1003 396 3.2 0.698132
2389 396 3.2 1.39626
1547 398 3.2 0.174533
452 402 3.2 0.523599
1766 405 3.2 -0.349066
768 406 3.2 0
1852 408 3.2 -1.39626
938 414 3.2 -1.91986
2158 415 3.2 0.349066
2475 420 3.2 1.0472
32 424 3.2 2.26893
1470 424 3.2 0
1875 424 3.2 -0.349066
118 426 3.2 2.0944
19 435 3.2 -0.523599
1543 437 3.2 -0.523599
821 439 3.2 -2.44346
968 448 3.2 0.523599
1553 448 3.2 -0.349066
2124 448 3.2 -2.0944
2360 453 3.2 2.0944
1979 455 3.2 -2.26893
109 456 3.2 -1.5708
376 456 3.2 2.79253
2280 458 3.2 1.39626
907 463 3.2 -2.0944
959 467 3.2 -1.91986
2035 467 3.2 -0.174533
626 471 3.2 -1.39626
886 473 3.2 1.91986
1747 476 3.2 -2.0944
1967 476 3.2 2.79253
1653 482 3.2 0.174533
2516 484 3.2 1.39626
364 486 3.2 1.5708
298 492 3.2 1.39626
1373 492 3.2 -1.74533
1617 493 3.2 0.174533
1221 495 3.2 1.91986
529 496 3.2 -2.79253
1635 496 3.2 1.22173
644 500 3.2 0.698132
1376 500 3.2 -1.74533
2374 504 3.2 0.174533
966 507 3.2 0
1268 508 3.2 -2.26893
1521 508 3.2 2.61799
1360 509 3.2 -0.523599
2575 510 3.2 1.91986
540 515 3.2 0.349066
1594 515 3.2 0
928 518 3.2 -0.698132
866 519 3.2 1.5708
502 520 3.2 0.698132
2479 525 3.2 -3.14159
1325 526 3.2 1.5708
2272 530 3.2 1.91986
2570 536 3.2 -2.26893
1366 537 3.2 0.698132
1283 538 3.2 1.22173
349 541 3.2 0.523599
464 541 3.2 -0.698132
328 556 3.2 -1.5708
1966 559 3.2 -0.698132
734 561 3.2 -0.698132
1373 568 3.2 1.91986
354 570 3.2 0
560 571 3.2 2.79253
1426 574 3.2 -0.174533
163 575 3.2 2.61799
2002 577 3.2 1.22173
335 579 3.2 2.26893
2535 584 3.2 -2.96706
488 587 3.2 -0.872665
2279 587 3.2 0
107 592 3.2 -1.5708
1235 593 3.2 1.5708
859 605 3.2 1.22173
748 609 3.2 -2.61799
1679 611 3.2 1.22173
556 613 3.2 -0.523599
1904 615 3.2 0.349066
2631 615 3.2 -0.349066
52 618 3.2 1.74533
17 622 3.2 -2.26893
190 625 3.2 -2.44346
2486 625 3.2 1.74533
2247 627 3.2 -2.44346
2633 628 3.2 -2.79253
490 629 3.2 1.91986
2066 629 3.2 -2.96706
441 631 3.2 -3.14159
462 631 3.2 1.5708
1167 632 3.2 -2.79253
1306 637 3.2 2.61799
2205 637 3.2 0
488 640 3.2 1.91986
915 640 3.2 2.26893
1633 646 3.2 -1.0472
2589 647 3.2 -2.96706
1474 648 3.2 0.523599
1584 648 3.2 -1.91986
2535 652 3.2 -0.523599
1482 655 3.2 0.523599
853 656 3.2 -0.174533
2384 661 3.2 2.61799
715 663 3.2 -2.96706
1103 665 3.2 1.39626
1282 665 3.2 -2.44346
1793 665 3.2 0.349066
99 667 3.2 2.26893
556 667 3.2 -1.0472
481 672 3.2 -1.5708
1706 673 3.2 -1.22173
1234 679 3.2 1.5708
1621 680 3.2 0.174533
2395 681 3.2 -1.5708
480 686 3.2 -1.5708
1206 688 3.2 2.0944
284 695 3.2 -1.74533
945 697 3.2 1.5708
1951 702 3.2 -1.91986
2482 704 3.2 0.698132
780 705 3.2 -2.79253
2601 708 3.2 0.349066
654 709 3.2 -3.14159
947 709 3.2 1.5708
1458 711 3.2 -0.523599
2382 711 3.2 -2.96706
1224 712 3.2 2.26893
951 720 3.2 2.61799
1712 722 3.2 -1.22173
2556 730 3.2 -0.349066
14 736 3.2 -2.26893
1831 738 3.2 1.0472
453 740 3.2 1.22173
1437 743 3.2 -1.0472
1157 745 3.2 1.5708
1272 745 3.2 -2.61799
1007 750 3.2 1.0472
894 752 3.2 1.39626
1930 753 3.2 0
1256 762 3.2 2.79253
1962 762 3.2 0
2039 763 3.2 -0.872665
804 768 3.2 -0.174533
17 769 3.2 -1.74533
2031 770 3.2 -2.44346
2091 770 3.2 -0.349066
2471 770 3.2 0.523599
947 774 3.2 1.74533
841 779 3.2 -3.14159
916 779 3.2 -1.91986
1882 779 3.2 2.0944
1633 780 3.2 -1.74533
413 783 3.2 -1.74533
2505 784 3.2 2.44346
210 785 3.2 0
1541 791 3.2 -1.5708
1563 792 3.2 -3.14159
1844 792 3.2 2.79253
130 794 3.2 2.61799
1658 796 3.2 2.79253
26 797 3.2 -2.44346
837 797 3.2 1.39626
1781 799 3.2 -0.872665
1687 800 3.2 -0.523599
765 802 3.2 2.26893
1432 802 3.2 -1.91986
1362 804 3.2 -1.91986
2543 806 3.2 2.61799
1334 807 3.2 -0.698132
135 811 3.2 -2.96706
1404 814 3.2 -0.698132
1537 818 3.2 1.22173
2161 819 3.2 -2.79253
2120 820 3.2 -0.698132
1645 824 3.2 -2.44346
1581 832 3.2 -0.349066
1264 837 3.2 -0.523599
2124 837 3.2 -1.5708
1610 838 3.2 0.872665
1948 839 3.2 -0.523599
334 845 3.2 -0.523599
1997 845 3.2 -1.22173
318 854 3.2 -1.5708
1889 855 3.2 1.0472
1216 858 3.2 2.61799
2210 858 3.2 -1.39626
572 859 3.2 -1.5708
779 859 3.2 0.872665
826 862 3.2 -1.39626
1842 865 3.2 -2.61799
2559 865 3.2 -3.14159
304 871 3.2 2.96706
822 872 3.2 -1.39626
1197 873 3.2 -1.39626
104 875 3.2 1.5708
1577 876 3.2 -1.91986
1408 877 3.2 -2.44346
1959 877 3.2 0
1424 882 3.2 0
1364 884 3.2 -1.91986
778 888 3.2 -2.79253
1249 895 3.2 -1.22173
2390 896 3.2 -2.61799
2077 902 3.2 -1.39626
389 903 3.2 0.174533
2007 906 3.2 1.39626
1318 909 3.2 2.0944
605 912 3.2 0.872665
1554 912 3.2 -1.39626
1115 917 3.2 -1.91986
2460 919 3.2 0.174533
1328 922 3.2 -1.0472
843 928 3.2 -2.79253
2355 929 3.2 1.5708
1395 930 3.2 -2.61799
2448 931 3.2 -2.61799
549 932 3.2 0.698132
1511 932 3.2 -2.44346
131 941 3.2 0
2520 945 3.2 0.523599
554 946 3.2 2.26893
522 951 3.2 -2.61799
804 951 3.2 -0.523599
1930 951 3.2 -2.79253
694 954 3.2 1.91986
2488 956 3.2 -1.22173
1364 957 3.2 1.5708
1293 958 3.2 -0.174533
1186 964 3.2 2.0944
299 966 3.2 0.174533
2064 967 3.2 2.0944
2501 967 3.2 0.872665
1248 970 3.2 1.74533
1329 972 3.2 1.5708
1181 973 3.2 2.0944
2371 976 3.2 2.0944
571 977 3.2 1.5708
2634 977 3.2 0
1816 982 3.2 1.0472
584 983 3.2 2.61799
1468 984 3.2 -3.14159
2526 988 3.2 -1.39626
527 989 3.2 -3.14159
537 991 3.2 -3.14159
1754 991 3.2 1.5708
125 993 3.2 0.349066
763 993 3.2 1.22173
835 997 3.2 -2.44346
1702 997 3.2 2.61799
1646 1005 3.2 2.79253
1633 1011 3.2 1.22173
1207 1018 3.2 -1.5708
523 1026 3.2 0.872665
162 1028 3.2 -0.174533
624 1032 3.2 0.174533
529 1033 3.2 0.872665
2131 1034 3.2 -2.26893
2334 1038 3.2 -1.74533
2595 1038 3.2 -0.872665
2364 1043 3.2 -2.0944
143 1047 3.2 0
1385 1047 3.2 -0.872665
460 1048 3.2 -1.5708
586 1048 3.2 1.74533
395 1050 3.2 2.26893
2162 1056 3.2 -1.5708
1701 1058 3.2 2.96706
2101 1059 3.2 2.96706
1476 1061 3.2 -2.0944
265 1068 3.2 2.0944
980 1069 3.2 -0.698132
1230 1071 3.2 0.872665
1885 1073 3.2 2.96706
2411 1076 3.2 2.61799
1117 1077 3.2 0.349066
1758 1079 3.2 -2.61799
940 1087 3.2 0.872665
914 1088 3.2 -1.5708
564 1092 3.2 -1.74533
1309 1096 3.2 0
1927 1096 3.2 2.79253
2150 1096 3.2 -3.14159
629 1102 3.2 -1.22173
839 1103 3.2 0
1890 1103 3.2 -1.22173
2423 1105 3.2 1.91986
1166 1108 3.2 1.91986
2487 1108 3.2 1.91986
2516 1110 3.2 -2.26893
1824 1114 3.2 0.174533
2271 1114 3.2 0.698132
1911 1119 3.2 1.74533
366 1130 3.2 -3.14159
1758 1130 3.2 -1.91986
2289 1130 3.2 -2.26893
2588 1130 3.2 0.349066
557 1131 3.2 1.39626
2117 1136 3.2 0.174533
2083 1137 3.2 0
1683 1144 3.2 -1.5708
750 1146 3.2 -1.0472
799 1147 3.2 1.5708
612 1150 3.2 -3.14159
1041 1151 3.2 -1.74533
2166 1152 3.2 1.39626
32 1156 3.2 0
2494 1159 3.2 -2.0944
498 1160 3.2 1.91986
2023 1163 3.2 2.0944
1399 1165 3.2 0.872665
814 1166 3.2 -2.44346
853 1166 3.2 -1.74533
2497 1167 3.2 -2.0944
1621 1168 3.2 -1.5708
2438 1168 3.2 -0.523599
1445 1169 3.2 -0.349066
2333 1169 3.2 -1.22173
2478 1170 3.2 -2.96706
2226 1177 3.2 2.26893
1141 1187 3.2 1.39626
1799 1191 3.2 0.872665
1954 1191 3.2 1.91986
895 1193 3.2 -0.523599
1315 1193 3.2 2.0944
1923 1197 3.2 -2.26893
460 1203 3.2 2.44346
126 1206 3.2 0.174533
182 1210 3.2 -0.349066
2271 1211 3.2 -1.0472
143 1212 3.2 0.174533
1096 1212 3.2 1.5708
2005 1212 3.2 -0.698132
1717 1217 3.2 -3.14159
954 1222 3.2 0.174533
2368 1224 3.2 -1.5708
124 1225 3.2 0
826 1230 3.2 -0.349066
2243 1230 3.2 -0.698132
1799 1233 3.2 -1.0472
2277 1234 3.2 2.26893
1875 1236 3.2 1.91986
320 1237 3.2 -1.74533
274 1238 3.2 -1.74533
699 1242 3.2 -1.74533
1987 1242 3.2 -2.0944
241 1245 3.2 2.0944
1860 1248 3.2 1.74533
1019 1249 3.2 -1.5708
2078 1250 3.2 -2.61799
820 1253 3.2 1.39626
1372 1255 3.2 -1.0472
886 1259 3.2 2.96706
1903 1260 3.2 1.91986
156 1263 3.2 1.5708
1900 1269 3.2 1.91986
437 1271 3.2 -1.39626
792 1271 3.2 -2.0944
1082 1271 3.2 1.39626
1464 1271 3.2 1.5708
2584 1271 3.2 -1.5708
2088 1277 3.2 1.5708
872 1280 3.2 2.0944
1717 1283 3.2 -2.96706
566 1285 3.2 -2.26893
394 1291 3.2 0.174533
2185 1291 3.2 1.0472
1397 1292 3.2 -3.14159
2450 1292 3.2 -0.523599
573 1294 3.2 -2.26893
1460 1302 3.2 2.26893
2114 1304 3.2 0.523599
6 1305 3.2 1.0472
1757 1305 3.2 1.5708
1192 1306 3.2 -2.0944
787 1308 3.2 2.26893
1092 1313 3.2 -2.61799
854 1315 3.2 -0.523599
1668 1316 3.2 0.698132
1725 1320 3.2 0.523599
2358 1321 3.2 2.26893
417 1324 3.2 1.91986
141 1330 3.2 -3.14159
1013 1332 3.2 -2.79253
1800 1333 3.2 1.22173
2467 1335 3.2 0.872665
91 1336 3.2 -1.74533
2348 1338 3.2 0.349066
1590 1342 3.2 1.74533
1902 1342 3.2 2.61799
1004 1343 3.2 -2.26893
846 1345 3.2 -1.22173
1714 1347 3.2 -1.74533
859 1349 3.2 -2.0944
556 1351 3.2 0
14 1361 3.2 1.74533
305 1362 3.2 1.39626
325 1363 3.2 0
779 1363 3.2 -0.872665
996 1376 3.2 2.0944
2115 1377 3.2 -0.523599
1197 1379 3.2 -0.349066
1612 1379 3.2 -1.74533
239 1394 3.2 -0.523599
1897 1394 3.2 2.26893
369 1395 3.2 1.0472
2365 1395 3.2 0.174533
1555 1396 3.2 1.74533
1322 1398 3.2 -1.39626
494 1400 3.2 2.44346
939 1402 3.2 2.61799
1206 1402 3.2 -1.74533
1007 1404 3.2 2.26893
1753 1406 3.2 -1.74533
400 1408 3.2 -1.5708
2442 1411 3.2 -0.174533
893 1413 3.2 1.39626
456 1414 3.2 -1.39626
1573 1418 3.2 1.22173
1803 1426 3.2 -1.0472
634 1429 3.2 -1.5708
828 1432 3.2 -0.349066
1420 1432 3.2 -2.61799
1112 1433 3.2 0.174533
1907 1438 3.2 1.5708
2202 1439 3.2 -1.5708
233 1441 3.2 -1.5708
2081 1446 3.2 -0.349066
807 1447 3.2 -0.349066
1231 1447 3.2 0.523599
322 1449 3.2 1.0472
1463 1449 3.2 0.174533
2477 1449 3.2 -2.0944
48 1450 3.2 -2.0944
2194 1455 3.2 1.39626
2413 1457 3.2 -2.0944
2280 1458 3.2 -0.698132
635 1462 3.2 2.26893
2051 1462 3.2 -1.5708
2273 1464 3.2 -0.698132
2588 1464 3.2 1.5708
689 1468 3.2 1.39626
88 1470 3.2 1.91986
2194 1471 3.2 1.0472
1009 1472 3.2 -1.74533
255 1473 3.2 -3.14159
890 1474 3.2 -1.5708
1384 1474 3.2 0.174533
281 1483 3.2 2.61799
534 1498 3.2 -1.74533
998 1506 3.2 -1.91986
2350 1507 3.2 -1.5708
1222 1514 3.2 2.0944
1865 1514 3.2 -2.44346
676 1515 3.2 -0.174533
2538 1521 3.2 2.0944
2563 1521 3.2 0.872665
731 1523 3.2 1.74533
1361 1527 3.2 -1.74533
386 1531 3.2 -1.5708
1201 1531 3.2 1.5708
795 1534 3.2 -0.349066
1419 1535 3.2 -0.523599
1397 1538 3.2 -0.872665
1458 1544 3.2 0
669 1545 3.2 -2.96706
1086 1547 3.2 2.61799
294 1553 3.2 1.91986
653 1555 3.2 -2.61799
1405 1558 3.2 -0.872665
527 1560 3.2 -0.349066
278 1561 3.2 -1.5708
447 1561 3.2 1.91986
518 1563 3.2 -0.349066
585 1565 3.2 1.74533
1173 1569 3.2 -0.698132
2159 1569 3.2 -1.0472
713 1573 3.2 -1.91986
2507 1578 3.2 2.0944
705 1579 3.2 1.0472
1489 1586 3.2 -1.74533
536 1592 3.2 -0.872665
2462 1593 3.2 -1.74533
1975 1596 3.2 -2.0944
1379 1603 3.2 -1.22173
1929 1608 3.2 -1.91986
53 1611 3.2 2.79253
1639 1611 3.2 1.39626
2090 1612 3.2 1.0472
451 1615 3.2 -0.872665
613 1616 3.2 1.39626
2023 1624 3.2 -0.523599
1545 1628 3.2 1.5708
2117 1631 3.2 2.0944
2469 1633 3.2 0.174533
2098 1636 3.2 -1.91986
1264 1637 3.2 -1.91986
2392 1638 3.2 0.174533
530 1641 3.2 0.349066
1591 1642 3.2 1.5708
2581 1648 3.2 1.74533
56 1655 3.2 -3.14159
615 1657 3.2 0.523599
2580 1657 3.2 -1.39626
2043 1665 3.2 0
2170 1666 3.2 -0.698132
2061 1667 3.2 1.74533
1244 1670 3.2 2.44346
1105 1678 3.2 2.61799
2562 1679 3.2 2.61799
489 1683 3.2 -1.0472
2274 1684 3.2 0.174533
568 1691 3.2 1.74533
1964 1691 3.2 -0.698132
2168 1692 3.2 1.0472
204 1693 3.2 -1.5708
98 1699 3.2 1.39626
374 1699 3.2 -2.61799
440 1700 3.2 -1.22173
455 1702 3.2 -1.74533
1110 1702 3.2 2.79253
2392 1708 3.2 0
2022 1713 3.2 2.0944
1117 1715 3.2 -1.22173
527 1716 3.2 -0.872665
2195 1723 3.2 0
2277 1724 3.2 1.91986
2309 1724 3.2 1.22173
448 1729 3.2 -2.79253
1353 1734 3.2 -1.39626
1889 1735 3.2 -2.0944
2115 1735 3.2 0.349066
1527 1741 3.2 -2.79253
2581 1741 3.2 2.0944
2451 1744 3.2 1.91986
99 1753 3.2 -3.14159
1835 1756 3.2 -2.79253
2308 1756 3.2 1.5708
2617 1760 3.2 -1.22173
335 1763 3.2 2.0944
2530 1775 3.2 -0.349066
1209 1778 3.2 -2.44346
51 1779 3.2 -2.26893
399 1779 3.2 1.5708
2513 1788 3.2 -2.61799
2058 1789 3.2 -2.79253
6 1791 3.2 1.39626
1169 1792 3.2 -2.44346
1628 1792 3.2 2.96706
1720 1800 3.2 0.349066
1625 1802 3.2 -1.0472
1766 1806 3.2 -1.91986
1536 1808 3.2 -0.872665
1462 1809 3.2 2.0944
2511 1818 3.2 -0.698132
1451 1819 3.2 -2.96706
1109 1820 3.2 -1.5708
2440 1829 3.2 2.79253
715 1830 3.2 2.26893
2279 1838 3.2 -0.349066
1123 1841 3.2 -2.79253
1170 1841 3.2 -2.0944
1495 1844 3.2 -1.5708
1294 1845 3.2 -0.174533
2483 1847 3.2 0.349066
2585 1849 3.2 -0.349066
430 1851 3.2 -2.44346
2300 1853 3.2 -1.74533
1624 1859 3.2 1.0472
1374 1860 3.2 -0.698132
255 1861 3.2 2.26893
1092 1862 3.2 -1.22173
1036 1867 3.2 -0.872665
1054 1867 3.2 -1.39626
2420 1867 3.2 1.39626
385 1868 3.2 -1.22173
1343 1869 3.2 -2.96706
1159 1872 3.2 -1.22173
1765 1873 3.2 1.39626
523 1875 3.2 -2.96706
2172 1876 3.2 1.22173
883 1877 3.2 -3.14159
214 1880 3.2 -3.14159
1456 1881 3.2 0
2436 1887 3.2 -1.5708
470 1889 3.2 1.39626
191 1891 3.2 0.523599
1531 1891 3.2 2.26893
1017 1896 3.2 -1.91986
1338 1897 3.2 -1.5708
1817 1897 3.2 -2.44346
2474 1899 3.2 0.872665
630 1904 3.2 2.44346
2617 1906 3.2 -0.698132
1339 1912 3.2 -1.5708
1295 1914 3.2 -3.14159
1678 1921 3.2 -0.174533
490 1923 3.2 -3.14159
1915 1924 3.2 -1.91986
516 1929 3.2 -0.174533
1476 1930 3.2 -1.74533
1741 1931 3.2 2.44346
2403 1931 3.2 -1.5708
2429 1938 3.2 -0.698132
146 1941 3.2 -0.872665
356 1944 3.2 1.22173
511 1951 3.2 -1.39626
1398 1951 3.2 -0.872665
634 1956 3.2 -0.523599
1437 1962 3.2 0.174533
2633 1964 3.2 1.0472
962 1970 3.2 -0.174533
2461 1973 3.2 0.174533
1772 6 2.53984 2.61799
42 10 2.53984 1.74533
652 10 2.53984 0.872665
2536 10 2.53984 1.91986
1760 12 2.53984 2.61799
1296 14 2.53984 -1.91986
548 16 2.53984 0.349066
1040 16 2.53984 0
138 22 2.53984 1.22173
2004 28 2.53984 2.96706
2416 28 2.53984 0.174533
1320 36 2.53984 1.91986
1362 36 2.53984 0.872665
2078 36 2.53984 1.5708
408 38 2.53984 -1.91986
1000 38 2.53984 -2.44346
650 42 2.53984 0.872665
2502 42 2.53984 2.96706
532 44 2.53984 0.523599
840 46 2.53984 0.698132
2342 48 2.53984 -2.0944
214 52 2.53984 1.91986
442 64 2.53984 2.96706
890 64 2.53984 2.44346
538 68 2.53984 -1.91986
2354 68 2.53984 -2.0944
1108 70 2.53984 2.96706
948 74 2.53984 0
862 78 2.53984 -0.698132
1752 78 2.53984 -1.0472
820 80 2.53984 1.0472
1366 80 2.53984 -0.174533
194 82 2.53984 -1.22173
436 84 2.53984 -0.349066
2310 84 2.53984 0.523599
18 86 2.53984 1.22173
852 88 2.53984 -0.698132
2442 92 2.53984 2.79253
2126 94 2.53984 -2.44346
1296 96 2.53984 2.61799
24 100 2.53984 1.22173
1824 102 2.53984 -1.39626
2140 104 2.53984 -2.44346
1266 110 2.53984 -0.349066
348 118 2.53984 -1.5708
550 124 2.53984 1.91986
1910 124 2.53984 -1.22173
1568 128 2.53984 -2.44346
1696 134 2.53984 -2.61799
1988 136 2.53984 2.79253
1144 140 2.53984 -1.91986
1580 140 2.53984 -2.44346
2150 142 2.53984 -1.22173
268 146 2.53984 0.698132
882 146 2.53984 1.5708
1792 146 2.53984 0
836 154 2.53984 -2.26893
2086 154 2.53984 2.79253
1662 156 2.53984 -1.5708
686 162 2.53984 2.96706
846 166 2.53984 -2.26893
2572 166 2.53984 1.22173
1076 168 2.53984 0
2274 174 2.53984 1.74533
1066 176 2.53984 0
1802 176 2.53984 0.698132
1608 178 2.53984 0.698132
1978 180 2.53984 0.174533
344 182 2.53984 -2.0944
1470 184 2.53984 -1.39626
372 194 2.53984 -1.22173
1882 194 2.53984 -1.39626
770 196 2.53984 -1.22173
2582 196 2.53984 -1.91986
258 200 2.53984 -1.91986
356 200 2.53984 -0.698132
1242 200 2.53984 -0.872665
2204 200 2.53984 0.523599
14 202 2.53984 -0.523599
1374 202 2.53984 2.61799
2366 202 2.53984 1.74533
1148 204 2.53984 -0.174533
1726 204 2.53984 -1.39626
216 206 2.53984 2.26893
1870 206 2.53984 -1.74533
1132 208 2.53984 -0.174533
2522 208 2.53984 -0.698132
370 210 2.53984 -1.22173
530 214 2.53984 0.523599
1234 214 2.53984 -0.872665
720 220 2.53984 -2.96706
1616 220 2.53984 0.872665
202 222 2.53984 2.26893
580 222 2.53984 -1.0472
682 226 2.53984 -0.349066
1036 226 2.53984 1.22173
232 228 2.53984 1.74533
482 230 2.53984 1.74533
2402 234 2.53984 -0.349066
1270 238 2.53984 -2.96706
1698 238 2.53984 0.872665
362 240 2.53984 1.74533
2222 240 2.53984 2.79253
2388 240 2.53984 -0.349066
984 244 2.53984 0
2414 246 2.53984 -2.44346
524 250 2.53984 1.91986
82 252 2.53984 -2.79253
250 252 2.53984 -2.61799
2632 258 2.53984 -0.174533
2530 262 2.53984 -2.0944
2610 266 2.53984 -0.174533
1032 272 2.53984 -1.74533
820 276 2.53984 1.74533
1896 278 2.53984 -2.44346
60 282 2.53984 -1.5708
398 282 2.53984 1.91986
132 286 2.53984 2.26893
162 286 2.53984 0.698132
1154 286 2.53984 0.174533
1430 288 2.53984 0.872665
1482 290 2.53984 -2.96706
1872 290 2.53984 -1.39626
230 292 2.53984 1.39626
290 294 2.53984 -1.5708
2524 294 2.53984 -3.14159
1674 296 2.53984 2.44346
312 298 2.53984 -1.0472
2048 302 2.53984 -2.61799
1054 306 2.53984 2.79253
1780 306 2.53984 -2.96706
1952 308 2.53984 2.26893
180 312 2.53984 -1.5708
1258 312 2.53984 -1.0472
110 314 2.53984 -2.26893
648 314 2.53984 -1.0472
780 318 2.53984 1.5708
1100 320 2.53984 2.96706
2250 320 2.53984 -1.74533
492 322 2.53984 0.523599
1650 322 2.53984 2.79253
1018 326 2.53984 -2.96706
1054 330 2.53984 -0.174533
1550 334 2.53984 -1.5708
1952 336 2.53984 -2.0944
1310 338 2.53984 -2.0944
2344 340 2.53984 -0.174533
576 344 2.53984 -0.698132
468 346 2.53984 -2.79253
1350 348 2.53984 0
2590 350 2.53984 2.44346
392 352 2.53984 -1.39626
2092 352 2.53984 1.74533
482 354 2.53984 -2.79253
1924 356 2.53984 0.872665
622 364 2.53984 2.0944
324 366 2.53984 -0.698132
1828 374 2.53984 -1.22173
2168 374 2.53984 1.74533
946 378 2.53984 2.61799
2114 380 2.53984 -3.14159
52 382 2.53984 -2.96706
2134 382 2.53984 -3.14159
224 386 2.53984 1.74533
390 386 2.53984 -0.872665
2048 386 2.53984 0.349066
1604 388 2.53984 1.5708
898 390 2.53984 0.174533
1338 398 2.53984 -1.5708
1548 398 2.53984 0.174533
988 400 2.53984 0.349066
768 406 2.53984 -2.79253
1442 406 2.53984 0.349066
2532 416 2.53984 -1.39626
1276 418 2.53984 1.91986
2576 422 2.53984 1.5708
1470 424 2.53984 0
1092 426 2.53984 1.22173
1378 428 2.53984 -1.39626
304 430 2.53984 -1.74533
760 430 2.53984 0
1272 432 2.53984 1.91986
1726 444 2.53984 0
2578 446 2.53984 1.5708
1200 452 2.53984 1.39626
760 454 2.53984 -2.61799
2360 454 2.53984 2.96706
376 456 2.53984 2.79253
510 456 2.53984 -3.14159
1408 456 2.53984 0.349066
1950 456 2.53984 2.61799
2278 456 2.53984 1.39626
586 468 2.53984 -2.79253
2034 468 2.53984 -0.174533
2492 468 2.53984 -0.698132
626 472 2.53984 -1.22173
1224 472 2.53984 1.5708
1540 476 2.53984 -0.872665
1862 478 2.53984 -3.14159
180 482 2.53984 0.698132
534 482 2.53984 2.96706
1654 482 2.53984 2.61799
2260 482 2.53984 2.96706
40 488 2.53984 -1.22173
808 488 2.53984 0.349066
518 490 2.53984 2.96706
952 490 2.53984 1.5708
1602 490 2.53984 0.174533
54 498 2.53984 2.26893
1480 498 2.53984 -1.39626
624 504 2.53984 -1.5708
2374 504 2.53984 -1.5708
2116 506 2.53984 -0.523599
1594 514 2.53984 1.74533
1978 514 2.53984 0.523599
2526 516 2.53984 0
1850 522 2.53984 1.5708
2310 522 2.53984 -0.698132
660 526 2.53984 -1.39626
1324 526 2.53984 1.5708
334 528 2.53984 0.523599
2026 530 2.53984 0
1666 534 2.53984 -3.14159
1366 536 2.53984 0.872665
770 542 2.53984 1.39626
2332 542 2.53984 0.698132
1036 544 2.53984 2.96706
2514 546 2.53984 2.44346
62 554 2.53984 -0.174533
2218 556 2.53984 0
678 560 2.53984 -1.39626
2234 560 2.53984 0
850 562 2.53984 -2.96706
500 570 2.53984 -1.5708
538 570 2.53984 2.96706
2208 572 2.53984 -2.26893
336 580 2.53984 2.61799
914 582 2.53984 -1.5708
1770 582 2.53984 1.22173
2536 584 2.53984 0
1044 590 2.53984 -2.26893
748 592 2.53984 2.96706
1232 592 2.53984 1.74533
2576 592 2.53984 -1.74533
210 596 2.53984 -1.5708
2190 598 2.53984 0.872665
1360 604 2.53984 -1.5708
2330 604 2.53984 1.5708
858 606 2.53984 1.0472
1640 606 2.53984 2.96706
748 610 2.53984 -2.79253
1712 624 2.53984 -0.523599
2484 624 2.53984 -2.79253
1784 626 2.53984 0.174533
1806 628 2.53984 0.174533
2112 628 2.53984 -2.26893
2574 630 2.53984 -1.22173
1168 632 2.53984 -2.26893
2206 636 2.53984 -3.14159
1658 640 2.53984 -0.349066
1978 644 2.53984 -2.96706
1396 650 2.53984 -1.5708
1016 652 2.53984 -1.5708
2534 652 2.53984 1.0472
852 656 2.53984 2.96706
1712 656 2.53984 -1.22173
1588 658 2.53984 0.872665
716 662 2.53984 0.872665
98 666 2.53984 0
642 666 2.53984 0.523599
1372 674 2.53984 -1.22173
1620 680 2.53984 -2.61799
2394 682 2.53984 1.74533
2200 688 2.53984 2.44346
1362 692 2.53984 -1.22173
1052 696 2.53984 2.44346
1528 696 2.53984 2.96706
1246 700 2.53984 2.79253
1890 702 2.53984 1.39626
1952 702 2.53984 -2.96706
1612 706 2.53984 0.349066
2108 706 2.53984 -3.14159
2600 708 2.53984 -2.0944
1224 712 2.53984 2.79253
1458 712 2.53984 -0.174533
2178 712 2.53984 -0.174533
1502 714 2.53984 -2.26893
404 720 2.53984 1.5708
1694 720 2.53984 -1.74533
642 722 2.53984 -1.0472
1712 722 2.53984 -1.5708
2080 726 2.53984 0
710 728 2.53984 -1.39626
874 730 2.53984 2.61799
2556 730 2.53984 -0.349066
352 732 2.53984 -1.39626
1654 732 2.53984 2.44346
1028 734 2.53984 0.349066
1436 742 2.53984 -1.22173
1788 744 2.53984 -2.79253
2626 744 2.53984 1.39626
1272 746 2.53984 -1.22173
2214 750 2.53984 2.0944
164 756 2.53984 1.91986
1604 760 2.53984 -1.74533
352 762 2.53984 -1.5708
1962 762 2.53984 0
1010 764 2.53984 0.523599
804 766 2.53984 2.96706
2090 770 2.53984 0
2470 770 2.53984 -2.61799
2528 770 2.53984 -0.174533
2358 774 2.53984 -0.174533
1632 780 2.53984 2.26893
1882 780 2.53984 -1.39626
412 784 2.53984 -1.74533
1226 788 2.53984 1.5708
1542 792 2.53984 -3.14159
1844 792 2.53984 2.61799
1978 792 2.53984 -1.74533
1464 794 2.53984 1.39626
26 796 2.53984 0.872665
1644 798 2.53984 2.96706
1686 800 2.53984 -0.523599
670 806 2.53984 2.96706
1708 812 2.53984 -0.174533
904 816 2.53984 0
2496 824 2.53984 0.349066
92 826 2.53984 0.174533
638 826 2.53984 0
1962 826 2.53984 -2.79253
2030 828 2.53984 1.22173
2306 832 2.53984 1.39626
1264 836 2.53984 -0.523599
1638 840 2.53984 -2.96706
2518 842 2.53984 -1.74533
1996 844 2.53984 0.698132
1338 852 2.53984 0.523599
1538 852 2.53984 2.96706
804 854 2.53984 -0.174533
48 856 2.53984 0.174533
152 856 2.53984 -2.26893
1888 856 2.53984 -1.91986
1726 858 2.53984 -0.872665
2210 858 2.53984 -1.5708
2522 858 2.53984 -1.74533
1360 862 2.53984 0.523599
1650 868 2.53984 0.698132
1018 870 2.53984 -3.14159
2250 874 2.53984 -1.39626
1578 876 2.53984 1.5708
2080 876 2.53984 0.174533
1254 884 2.53984 -1.22173
2512 884 2.53984 1.39626
776 888 2.53984 0.872665
1278 888 2.53984 -3.14159
1778 890 2.53984 2.44346
1060 894 2.53984 -3.14159
388 904 2.53984 2.26893
166 910 2.53984 2.44346
210 910 2.53984 -0.174533
1556 912 2.53984 -2.79253
1020 914 2.53984 1.39626
1474 916 2.53984 -0.174533
1116 918 2.53984 -2.0944
1574 918 2.53984 -2.79253
8 922 2.53984 -1.5708
2338 928 2.53984 1.74533
476 930 2.53984 0.523599
1394 930 2.53984 -2.61799
1510 932 2.53984 1.22173
2074 936 2.53984 2.26893
370 938 2.53984 -2.61799
514 940 2.53984 -2.44346
980 942 2.53984 -1.39626
714 944 2.53984 -0.523599
2168 944 2.53984 1.39626
1364 946 2.53984 1.5708
1676 948 2.53984 -1.5708
804 952 2.53984 0.349066
2534 952 2.53984 -2.61799
694 954 2.53984 -0.523599
2490 956 2.53984 0.698132
594 958 2.53984 -2.61799
1144 964 2.53984 0.523599
2028 964 2.53984 2.0944
300 966 2.53984 0
828 966 2.53984 0.349066
884 968 2.53984 0.872665
2468 968 2.53984 -2.96706
1248 970 2.53984 1.74533
1856 972 2.53984 -1.5708
858 976 2.53984 -0.174533
2370 976 2.53984 2.44346
2602 980 2.53984 1.5708
1468 984 2.53984 -3.14159
1110 988 2.53984 2.26893
2526 988 2.53984 1.74533
732 994 2.53984 -1.22173
804 994 2.53984 2.0944
1704 998 2.53984 2.96706
1644 1006 2.53984 2.96706
2384 1012 2.53984 2.26893
1262 1014 2.53984 -1.5708
224 1018 2.53984 1.0472
954 1018 2.53984 2.26893
1208 1018 2.53984 -1.5708
1362 1022 2.53984 -1.74533
120 1026 2.53984 -0.872665
2520 1026 2.53984 2.79253
2130 1034 2.53984 0.523599
408 1036 2.53984 2.26893
530 1036 2.53984 1.0472
2336 1038 2.53984 -1.5708
2594 1038 2.53984 -0.523599
1878 1040 2.53984 0
2366 1042 2.53984 -0.174533
144 1044 2.53984 -3.14159
1114 1044 2.53984 0.872665
460 1048 2.53984 2.44346
2198 1048 2.53984 -1.5708
396 1050 2.53984 2.26893
34 1054 2.53984 1.0472
1092 1054 2.53984 -1.5708
1342 1056 2.53984 1.5708
1476 1060 2.53984 -2.0944
1844 1064 2.53984 -2.96706
70 1066 2.53984 -0.872665
958 1068 2.53984 -1.91986
1230 1070 2.53984 -2.61799
804 1072 2.53984 -2.44346
1884 1072 2.53984 -2.96706
22 1074 2.53984 2.0944
196 1076 2.53984 2.44346
1486 1076 2.53984 -2.0944
1116 1078 2.53984 0.523599
914 1088 2.53984 -1.5708
662 1096 2.53984 1.0472
952 1096 2.53984 0.698132
1926 1096 2.53984 -3.14159
890 1100 2.53984 -2.96706
630 1102 2.53984 -1.22173
2540 1102 2.53984 1.74533
1376 1108 2.53984 -1.0472
1404 1108 2.53984 2.0944
2596 1108 2.53984 -1.0472
1518 1116 2.53984 2.44346
1910 1118 2.53984 -2.26893
526 1122 2.53984 -1.74533
628 1122 2.53984 -0.174533
2524 1124 2.53984 -2.26893
2288 1130 2.53984 -2.96706
2588 1130 2.53984 0.523599
726 1132 2.53984 -1.39626
2118 1134 2.53984 -2.44346
1328 1136 2.53984 -2.96706
1618 1136 2.53984 1.0472
2082 1138 2.53984 2.0944
184 1146 2.53984 -1.39626
1994 1148 2.53984 -1.22173
32 1156 2.53984 -0.174533
2544 1162 2.53984 -2.96706
1398 1164 2.53984 -1.39626
952 1174 2.53984 0.523599
170 1176 2.53984 -0.174533
2226 1178 2.53984 2.26893
154 1182 2.53984 -0.174533
2414 1188 2.53984 1.74533
852 1190 2.53984 0.174533
1228 1192 2.53984 2.61799
1316 1192 2.53984 -2.44346
218 1196 2.53984 -1.22173
1466 1196 2.53984 -2.44346
1896 1196 2.53984 2.44346
2148 1196 2.53984 2.26893
1156 1198 2.53984 0.523599
2074 1198 2.53984 -3.14159
460 1202 2.53984 2.96706
1128 1202 2.53984 2.26893
2016 1202 2.53984 -0.698132
126 1206 2.53984 0.174533
1096 1212 2.53984 0.174533
1560 1212 2.53984 2.79253
1180 1214 2.53984 -1.22173
1118 1216 2.53984 2.26893
732 1220 2.53984 0
2598 1222 2.53984 1.22173
1748 1226 2.53984 -2.0944
1812 1228 2.53984 -0.523599
1348 1230 2.53984 -1.74533
2244 1230 2.53984 -0.698132
274 1238 2.53984 -1.39626
28 1244 2.53984 -2.26893
108 1248 2.53984 -3.14159
1020 1250 2.53984 -0.698132
1372 1256 2.53984 2.96706
156 1262 2.53984 1.5708
2198 1266 2.53984 -2.96706
436 1270 2.53984 -1.39626
1464 1270 2.53984 2.0944
1282 1272 2.53984 -2.79253
2584 1272 2.53984 -1.5708
872 1280 2.53984 1.91986
1264 1288 2.53984 -2.96706
540 1292 2.53984 -0.349066
772 1292 2.53984 -2.96706
1398 1292 2.53984 -3.14159
2158 1292 2.53984 2.79253
2450 1292 2.53984 -1.0472
994 1300 2.53984 -0.872665
1138 1306 2.53984 -0.523599
272 1312 2.53984 -2.79253
1858 1312 2.53984 -0.872665
1090 1314 2.53984 -2.79253
1668 1316 2.53984 0.872665
1724 1320 2.53984 0.174533
418 1324 2.53984 1.74533
456 1324 2.53984 -1.74533
1800 1332 2.53984 -0.349066
2336 1334 2.53984 0.349066
90 1336 2.53984 -1.5708
1852 1336 2.53984 1.22173
416 1340 2.53984 1.74533
1878 1340 2.53984 2.26893
168 1342 2.53984 -0.349066
1388 1342 2.53984 -1.74533
2050 1344 2.53984 1.22173
1018 1358 2.53984 -0.174533
1890 1360 2.53984 0.174533
2056 1360 2.53984 1.22173
324 1364 2.53984 1.74533
780 1364 2.53984 -1.0472
2248 1364 2.53984 -2.61799
872 1368 2.53984 -2.26893
1368 1368 2.53984 1.22173
104 1374 2.53984 -2.44346
838 1376 2.53984 -1.39626
2114 1376 2.53984 -0.698132
2272 1378 2.53984 -2.61799
2156 1380 2.53984 -2.26893
468 1384 2.53984 0.174533
632 1384 2.53984 0
988 1388 2.53984 2.0944
1302 1388 2.53984 -0.523599
240 1396 2.53984 1.74533
1556 1396 2.53984 -0.872665
2536 1398 2.53984 1.39626
494 1400 2.53984 -1.5708
866 1400 2.53984 -2.44346
400 1408 2.53984 -1.74533
894 1410 2.53984 1.39626
456 1414 2.53984 -1.39626
1350 1418 2.53984 -0.174533
1572 1418 2.53984 1.22173
2284 1418 2.53984 -0.698132
1802 1426 2.53984 -1.39626
2268 1428 2.53984 -0.698132
634 1430 2.53984 1.74533
1420 1432 2.53984 -2.61799
1974 1432 2.53984 -2.44346
2026 1432 2.53984 -1.5708
2128 1432 2.53984 1.22173
234 1440 2.53984 1.39626
2202 1440 2.53984 -1.5708
806 1446 2.53984 -2.26893
1536 1446 2.53984 0.523599
2082 1446 2.53984 -0.349066
1230 1448 2.53984 -2.96706
1464 1450 2.53984 -1.74533
1190 1456 2.53984 -2.0944
2194 1456 2.53984 1.5708
2050 1462 2.53984 -1.5708
1772 1464 2.53984 1.39626
2588 1464 2.53984 1.5708
690 1466 2.53984 1.39626
88 1470 2.53984 2.26893
1008 1472 2.53984 -1.74533
1912 1472 2.53984 0.349066
2566 1488 2.53984 0.698132
1738 1496 2.53984 0
752 1498 2.53984 -2.44346
1106 1498 2.53984 0.349066
2170 1498 2.53984 -0.698132
614 1500 2.53984 -0.698132
2350 1506 2.53984 -1.22173
1126 1508 2.53984 0.349066
2020 1508 2.53984 1.5708
2284 1508 2.53984 -0.523599
2630 1508 2.53984 1.5708
766 1512 2.53984 -2.44346
692 1514 2.53984 2.44346
676 1516 2.53984 0
730 1522 2.53984 1.74533
1234 1524 2.53984 -0.872665
542 1530 2.53984 2.44346
704 1530 2.53984 2.44346
430 1534 2.53984 0.174533
1418 1534 2.53984 -0.349066
1400 1538 2.53984 -0.349066
2498 1542 2.53984 0
670 1544 2.53984 0.698132
1458 1544 2.53984 0
2344 1544 2.53984 -2.61799
2618 1554 2.53984 1.22173
82 1556 2.53984 -1.22173
1524 1562 2.53984 -1.74533
566 1566 2.53984 -1.22173
1942 1568 2.53984 -1.22173
44 1570 2.53984 -2.79253
376 1574 2.53984 -2.26893
708 1576 2.53984 1.39626
2186 1578 2.53984 2.96706
2508 1578 2.53984 -0.174533
728 1586 2.53984 2.79253
1488 1586 2.53984 -1.5708
712 1590 2.53984 2.79253
2096 1594 2.53984 2.0944
2212 1594 2.53984 -2.26893
1974 1596 2.53984 -2.0944
2566 1598 2.53984 2.26893
1928 1608 2.53984 2.44346
52 1610 2.53984 0
240 1612 2.53984 2.96706
1638 1612 2.53984 1.5708
776 1614 2.53984 2.79253
1174 1616 2.53984 2.79253
1834 1616 2.53984 -2.26893
964 1618 2.53984 -2.26893
1296 1618 2.53984 -1.91986
1944 1620 2.53984 2.44346
82 1622 2.53984 -0.174533
2448 1624 2.53984 2.44346
328 1630 2.53984 1.74533
576 1630 2.53984 1.91986
632 1630 2.53984 1.91986
974 1630 2.53984 -2.26893
1460 1632 2.53984 -2.44346
1024 1638 2.53984 -2.44346
2486 1638 2.53984 0.174533
188 1640 2.53984 -1.74533
136 1642 2.53984 0.349066
288 1646 2.53984 -0.872665
2004 1648 2.53984 -1.74533
2292 1650 2.53984 -2.96706
1938 1652 2.53984 -2.44346
560 1654 2.53984 1.91986
1798 1656 2.53984 1.0472
2310 1656 2.53984 -2.96706
614 1658 2.53984 -3.14159
1982 1660 2.53984 -2.26893
1244 1670 2.53984 2.61799
1578 1678 2.53984 -1.39626
2130 1678 2.53984 0
362 1680 2.53984 0.349066
490 1682 2.53984 -0.698132
2272 1684 2.53984 -2.26893
2370 1688 2.53984 -1.39626
204 1694 2.53984 -1.5708
374 1700 2.53984 -2.44346
2250 1700 2.53984 2.61799
2522 1722 2.53984 -3.14159
2278 1724 2.53984 1.74533
2310 1724 2.53984 -0.872665
1942 1726 2.53984 0.523599
714 1736 2.53984 0.174533
2114 1736 2.53984 0.523599
2474 1738 2.53984 1.39626
362 1750 2.53984 0.174533
784 1750 2.53984 -1.91986
406 1754 2.53984 1.74533
2156 1756 2.53984 0.523599
444 1766 2.53984 2.44346
878 1766 2.53984 1.22173
1082 1766 2.53984 2.96706
2092 1766 2.53984 -2.26893
2234 1766 2.53984 -1.91986
2542 1766 2.53984 -0.523599
1982 1768 2.53984 2.96706
1476 1770 2.53984 1.74533
1630 1770 2.53984 2.0944
1786 1770 2.53984 1.39626
256 1776 2.53984 -1.5708
2474 1780 2.53984 0.174533
2514 1788 2.53984 2.61799
6 1790 2.53984 1.5708
1934 1790 2.53984 -0.698132
2330 1790 2.53984 -2.79253
1806 1800 2.53984 -0.174533
2158 1800 2.53984 -0.349066
1852 1804 2.53984 -1.39626
1076 1806 2.53984 -0.174533
618 1808 2.53984 0.872665
1302 1808 2.53984 -0.523599
50 1812 2.53984 -1.74533
1182 1812 2.53984 0.174533
144 1816 2.53984 -3.14159
178 1820 2.53984 0.174533
1646 1820 2.53984 1.5708
808 1822 2.53984 2.79253
2018 1822 2.53984 1.0472
1138 1826 2.53984 0.523599
1914 1830 2.53984 -2.96706
256 1834 2.53984 -1.0472
654 1834 2.53984 2.26893
1314 1834 2.53984 -0.349066
330 1838 2.53984 -1.39626
1428 1838 2.53984 -0.698132
2184 1840 2.53984 2.61799
2482 1846 2.53984 0.349066
844 1848 2.53984 1.5708
2586 1848 2.53984 -0.349066
624 1852 2.53984 -0.174533
708 1854 2.53984 -1.39626
1538 1856 2.53984 0
254 1862 2.53984 1.91986
772 1862 2.53984 0
1372 1862 2.53984 -0.698132
1036 1868 2.53984 -1.91986
820 1874 2.53984 -0.523599
1186 1874 2.53984 -1.5708
2172 1874 2.53984 -1.91986
1046 1882 2.53984 -1.91986
1456 1882 2.53984 2.96706
1942 1882 2.53984 -2.44346
2150 1882 2.53984 2.79253
2554 1888 2.53984 2.0944
1532 1892 2.53984 2.44346
926 1894 2.53984 -0.174533
1018 1896 2.53984 0.523599
2474 1898 2.53984 1.39626
1890 1906 2.53984 -0.698132
584 1912 2.53984 -3.14159
2304 1912 2.53984 -0.523599
1174 1916 2.53984 -0.523599
2594 1922 2.53984 -1.22173
1916 1924 2.53984 -2.0944
2446 1930 2.53984 -0.523599
728 1936 2.53984 2.61799
1026 1938 2.53984 1.74533
1884 1938 2.53984 -1.39626
2430 1938 2.53984 -0.523599
2618 1938 2.53984 2.96706
2182 1940 2.53984 -3.14159
480 1942 2.53984 -2.26893
2582 1942 2.53984 0.174533
2404 1944 2.53984 -1.5708
1928 1946 2.53984 1.5708
2476 1948 2.53984 -1.91986
1452 1950 2.53984 1.39626
510 1952 2.53984 0
1266 1958 2.53984 -1.5708
1588 1958 2.53984 -3.14159
1730 1962 2.53984 -0.523599
670 1964 2.53984 -0.523599
902 1964 2.53984 -2.79253
1448 1964 2.53984 1.39626
2634 1964 2.53984 -1.22173
1942 1970 2.53984 1.22173
494 1972 2.53984 2.26893
504 14 3.2 -0.174533
782 22 3.2 -2.96706
2606 28 3.2 -0.523599
226 32 3.2 1.0472
2584 44 3.2 -0.523599
242 50 3.2 1.0472
1892 60 3.2 -2.96706
1996 68 3.2 -1.91986
1464 70 3.2 -2.26893
656 72 3.2 -1.0472
1234 82 3.2 0.174533
758 86 3.2 0
648 88 3.2 -1.0472
1902 88 3.2 1.0472
210 108 3.2 -2.0944
2226 114 3.2 1.5708
180 124 3.2 2.79253
2330 152 3.2 1.74533
1140 170 3.2 -0.349066
878 196 3.2 -2.0944
2060 226 3.2 1.74533
1628 232 3.2 0.872665
1004 244 3.2 0
2052 248 3.2 1.74533
2206 248 3.2 2.79253
1474 260 3.2 1.39626
1298 262 3.2 1.74533
1786 264 3.2 -2.44346
674 280 3.2 1.39626
936 290 3.2 -0.698132
834 306 3.2 2.79253
306 314 3.2 -1.0472
1578 326 3.2 -0.174533
2284 364 3.2 -0.698132
1230 366 3.2 -2.79253
472 374 3.2 2.61799
1880 380 3.2 1.0472
1750 414 3.2 -0.349066
466 440 3.2 0.174533
618 440 3.2 0.174533
1546 442 3.2 -0.174533
280 456 3.2 1.74533
1494 458 3.2 1.5708
2210 460 3.2 -1.5708
2538 466 3.2 2.26893
1934 470 3.2 -1.5708
2014 472 3.2 -0.174533
2602 482 3.2 0.174533
1386 484 3.2 -1.22173
2140 486 3.2 -2.26893
664 510 3.2 -1.39626
1262 512 3.2 2.0944
1762 516 3.2 -2.61799
562 518 3.2 -2.0944
2462 530 3.2 2.96706
1280 532 3.2 1.0472
350 540 3.2 0.523599
470 548 3.2 2.44346
1562 574 3.2 2.96706
1294 576 3.2 -1.91986
1074 592 3.2 -2.26893
1052 608 3.2 -2.26893
714 628 3.2 -1.22173
948 638 3.2 -1.91986
1274 646 3.2 -3.14159
1542 670 3.2 2.96706
1604 670 3.2 0.698132
1116 686 3.2 1.0472
1764 696 3.2 0.523599
988 706 3.2 -1.5708
1474 708 3.2 -0.174533
2410 720 3.2 0.872665
2572 720 3.2 -0.349066
78 732 3.2 -1.0472
1516 736 3.2 -2.26893
950 742 3.2 -2.96706
1742 762 3.2 1.39626
1944 764 3.2 0
882 774 3.2 2.0944
2512 774 3.2 -0.174533
1702 790 3.2 -0.523599
1084 792 3.2 -2.61799
278 810 3.2 2.61799
730 818 3.2 1.39626
258 820 3.2 2.61799
1974 834 3.2 -2.79253
586 842 3.2 1.5708
2422 862 3.2 1.39626
2212 880 3.2 -1.5708
1442 882 3.2 0.349066
348 886 3.2 1.74533
430 896 3.2 1.0472
2552 912 3.2 1.5708
618 920 3.2 0.523599
1784 924 3.2 -2.44346
2606 926 3.2 1.91986
302 936 3.2 1.39626
2546 936 3.2 -2.44346
2404 940 3.2 1.74533
580 980 3.2 2.0944
2078 986 3.2 2.0944
198 990 3.2 -2.79253
1096 1010 3.2 2.26893
1154 1022 3.2 0
1336 1026 3.2 1.39626
1262 1036 3.2 -1.5708
2030 1042 3.2 -1.39626
2434 1044 3.2 0.174533
2456 1044 3.2 0.174533
168 1062 3.2 1.39626
922 1062 3.2 -1.74533
1050 1072 3.2 -3.14159
2164 1074 3.2 -1.5708
414 1078 3.2 -0.698132
2612 1082 3.2 1.0472
12 1086 3.2 2.0944
802 1088 3.2 -1.74533
1852 1098 3.2 1.91986
912 1104 3.2 -1.5708
2058 1110 3.2 -2.0944
1164 1112 3.2 -1.74533
1606 1120 3.2 1.0472
1196 1136 3.2 -2.44346
2606 1144 3.2 2.61799
2264 1168 3.2 -0.174533
266 1178 3.2 1.39626
2188 1184 3.2 1.74533
16 1194 3.2 2.79253
976 1194 3.2 -2.44346
1864 1206 3.2 1.39626
1028 1216 3.2 1.39626
1542 1220 3.2 2.79253
1954 1220 3.2 2.61799
1240 1224 3.2 -2.44346
654 1226 3.2 -2.79253
1896 1226 3.2 -1.5708
310 1240 3.2 -2.0944
1192 1244 3.2 0.349066
914 1260 3.2 -0.174533
1006 1274 3.2 -0.872665
8 1284 3.2 1.22173
1702 1284 3.2 -3.14159
1316 1292 3.2 2.44346
12 1302 3.2 1.22173
328 1312 3.2 -2.26893
1106 1318 3.2 -2.79253
764 1326 3.2 2.79253
878 1330 3.2 -2.26893
856 1348 3.2 2.26893
978 1348 3.2 1.74533
1474 1360 3.2 0.174533
604 1366 3.2 -1.0472
1750 1366 3.2 1.22173
1834 1374 3.2 2.96706
2366 1386 3.2 0.523599
1904 1398 3.2 -1.22173
2076 1398 3.2 -2.0944
362 1400 3.2 1.39626
2336 1404 3.2 0.523599
558 1410 3.2 1.5708
1856 1414 3.2 0.174533
2576 1416 3.2 1.39626
2226 1420 3.2 -2.79253
1728 1436 3.2 2.96706
2514 1452 3.2 -0.698132
860 1458 3.2 0.174533
1998 1484 3.2 1.91986
2314 1484 3.2 -0.523599
716 1498 3.2 2.44346
1638 1506 3.2 -1.39626
2386 1528 3.2 -1.0472
202 1540 3.2 0.523599
360 1540 3.2 0.872665
1078 1542 3.2 1.91986
728 1544 3.2 1.74533
1950 1548 3.2 2.44346
438 1558 3.2 1.91986
1136 1560 3.2 0.349066
1208 1562 3.2 1.39626
984 1574 3.2 0
1708 1576 3.2 1.91986
1240 1608 3.2 2.79253
1620 1610 3.2 2.0944
1714 1610 3.2 -1.74533
1578 1618 3.2 -2.26893
2192 1618 3.2 2.96706
534 1624 3.2 -2.79253
1636 1672 3.2 2.79253
932 1678 3.2 -0.349066
1760 1686 3.2 2.96706
808 1696 3.2 -1.91986
452 1702 3.2 -1.5708
1116 1714 3.2 -0.872665
2472 1724 3.2 1.39626
1902 1726 3.2 0.698132
96 1732 3.2 -2.96706
1364 1734 3.2 -1.0472
1530 1740 3.2 -3.14159
2044 1778 3.2 -2.44346
1764 1806 3.2 1.22173
2206 1806 3.2 -2.79253
1646 1836 3.2 1.5708
402 1838 3.2 2.79253
1382 1850 3.2 -0.872665
588 1854 3.2 -1.0472
2168 1854 3.2 2.61799
1330 1868 3.2 -2.61799
986 1880 3.2 1.91986
564 1886 3.2 -2.44346
132 1894 3.2 0.349066
1584 1912 3.2 -2.79253
1528 1922 3.2 0.872665
1802 1922 3.2 1.5708
516 1926 3.2 -0.174533
368 1934 3.2 -2.26893
902 1936 3.2 -2.61799
618 1948 3.2 1.91986
1434 1954 3.2 -1.91986
984 1972 3.2 -0.174533
2460 1976 3.2 0.174533
864 16 2.53984 -0.523599
808 28 2.53984 -2.79253
36 32 2.53984 2.0944
1836 60 2.53984 -1.5708
1028 76 2.53984 2.79253
1236 84 2.53984 -2.26893
996 88 2.53984 -0.872665
2508 116 2.53984 -0.523599
252 132 2.53984 -1.5708
2476 136 2.53984 -0.523599
928 152 2.53984 0.872665
2328 152 2.53984 1.5708
1740 168 2.53984 0.349066
1088 184 2.53984 0
1860 184 2.53984 -1.5708
428 216 2.53984 0.174533
276 232 2.53984 0.872665
2356 236 2.53984 1.91986
1972 240 2.53984 1.39626
2104 240 2.53984 -1.74533
1092 244 2.53984 0.523599
668 252 2.53984 1.22173
1712 252 2.53984 -0.698132
608 264 2.53984 -2.96706
720 268 2.53984 -2.0944
1692 276 2.53984 -0.698132
1980 276 2.53984 1.39626
2552 288 2.53984 -2.26893
740 296 2.53984 -2.0944
912 312 2.53984 -0.698132
2148 316 2.53984 -2.44346
2168 336 2.53984 -2.44346
632 340 2.53984 -0.872665
520 404 2.53984 1.74533
640 444 2.53984 0.174533
204 452 2.53984 -0.872665
1388 484 2.53984 -0.872665
1932 500 2.53984 -1.5708
748 504 2.53984 1.5708
864 508 2.53984 1.39626
560 516 2.53984 -2.0944
1424 532 2.53984 -0.174533
20 540 2.53984 -0.349066
788 540 2.53984 1.5708
1288 552 2.53984 1.0472
1328 552 2.53984 1.91986
2136 552 2.53984 -2.44346
1928 580 2.53984 -1.0472
2456 612 2.53984 -2.61799
592 616 2.53984 -2.96706
784 616 2.53984 -0.174533
1624 648 2.53984 -1.22173
1568 664 2.53984 -2.96706
1072 672 2.53984 2.26893
2152 720 2.53984 0.523599
2612 732 2.53984 1.74533
2180 736 2.53984 0.523599
1912 748 2.53984 -0.872665
556 752 2.53984 0
1164 756 2.53984 1.0472
2028 756 2.53984 -1.74533
1308 772 2.53984 1.91986
2420 784 2.53984 1.0472
1776 800 2.53984 -1.5708
2172 804 2.53984 -2.0944
1984 820 2.53984 -1.91986
260 868 2.53984 -3.14159
1980 884 2.53984 0
348 888 2.53984 -2.79253
156 892 2.53984 1.91986
496 904 2.53984 1.74533
1620 932 2.53984 2.61799
440 940 2.53984 -2.44346
1408 940 2.53984 0.872665
204 956 2.53984 1.91986
1552 960 2.53984 2.96706
1520 964 2.53984 2.96706
976 968 2.53984 1.39626
2260 980 2.53984 2.96706
344 1004 2.53984 0.174533
1152 1024 2.53984 2.61799
1340 1024 2.53984 1.5708
1608 1036 2.53984 -0.698132
1756 1040 2.53984 1.39626
2028 1040 2.53984 -1.5708
272 1052 2.53984 2.44346
1012 1060 2.53984 -0.349066
436 1064 2.53984 0.872665
2548 1076 2.53984 1.5708
172 1092 2.53984 1.5708
700 1092 2.53984 -1.74533
524 1100 2.53984 -1.91986
572 1120 2.53984 -2.44346
48 1124 2.53984 -2.0944
2260 1132 2.53984 -1.5708
332 1140 2.53984 1.39626
1808 1144 2.53984 2.0944
1216 1152 2.53984 -2.44346
2296 1168 2.53984 -2.96706
2420 1168 2.53984 1.91986
692 1176 2.53984 -2.96706
2328 1180 2.53984 -2.96706
628 1184 2.53984 -2.0944
2516 1208 2.53984 1.22173
592 1212 2.53984 -2.44346
1676 1212 2.53984 -0.174533
1260 1240 2.53984 -2.44346
440 1248 2.53984 1.74533
704 1264 2.53984 -3.14159
400 1276 2.53984 1.39626
2008 1284 2.53984 -1.39626
1240 1288 2.53984 -3.14159
1372 1296 2.53984 -3.14159
328 1312 2.53984 -2.26893
1316 1340 2.53984 -0.872665
1056 1384 2.53984 -1.74533
1652 1384 2.53984 -1.39626
588 1388 2.53984 -1.22173
2120 1408 2.53984 1.22173
2200 1412 2.53984 -2.79253
104 1448 2.53984 2.44346
1464 1476 2.53984 -1.74533
2356 1476 2.53984 -1.22173
2188 1484 2.53984 1.74533
564 1504 2.53984 -3.14159
2400 1504 2.53984 -1.0472
1164 1508 2.53984 -2.61799
2460 1516 2.53984 1.39626
1716 1528 2.53984 2.61799
1972 1532 2.53984 2.44346
1080 1540 2.53984 1.91986
728 1544 2.53984 -1.22173
1320 1564 2.53984 0
436 1580 2.53984 1.74533
1524 1592 2.53984 -1.74533
1132 1604 2.53984 -1.74533
2220 1612 2.53984 2.96706
532 1628 2.53984 -3.14159
2424 1648 2.53984 -1.91986
808 1660 2.53984 -2.96706
1904 1660 2.53984 2.96706
1636 1672 2.53984 2.79253
2432 1676 2.53984 -1.91986
96 1732 2.53984 2.79253
1552 1732 2.53984 -3.14159
580 1756 2.53984 1.74533
436 1800 2.53984 -2.44346
696 1812 2.53984 -0.174533
120 1820 2.53984 -3.14159
1648 1840 2.53984 1.39626
2612 1840 2.53984 -0.349066
328 1860 2.53984 -1.5708
476 1864 2.53984 -1.5708
1868 1876 2.53984 2.96706
244 1916 2.53984 -2.96706
1976 1920 2.53984 -1.0472
316 1940 2.53984 -2.79253
220 1956 2.53984 0.523599
584 52 3.2 -0.523599
1152 84 3.2 1.22173
1428 96 3.2 -1.0472
2008 100 3.2 2.26893
1160 128 3.2 1.22173
1412 144 3.2 -1.0472
2116 148 3.2 2.61799
716 156 3.2 -3.14159
1300 188 3.2 0.698132
1556 204 3.2 2.44346
1348 224 3.2 2.79253
296 260 3.2 0.872665
184 360 3.2 -1.5708
2216 372 3.2 -2.26893
2308 384 3.2 2.0944
960 388 3.2 -3.14159
1348 516 3.2 2.0944
576 544 3.2 -2.0944
720 588 3.2 -1.39626
996 600 3.2 -0.698132
2260 620 3.2 0.174533
208 628 3.2 -1.5708
2052 640 3.2 -2.26893
2076 668 3.2 -2.26893
1324 724 3.2 1.91986
1144 728 3.2 0.872665
740 736 3.2 -1.5708
984 748 3.2 1.74533
408 760 3.2 -1.5708
976 792 3.2 1.74533
460 812 3.2 -1.91986
1204 836 3.2 -1.22173
2620 840 3.2 -1.74533
764 860 3.2 1.0472
1432 904 3.2 0.698132
2352 940 3.2 2.96706
2564 960 3.2 -2.61799
268 964 3.2 -1.74533
1436 980 3.2 0.872665
1748 988 3.2 1.39626
2020 996 3.2 -1.5708
908 1024 3.2 -1.91986
2320 1072 3.2 -1.22173
828 1084 3.2 -2.0944
1008 1212 3.2 -2.44346
2184 1212 3.2 1.74533
320 1216 3.2 -2.44346
300 1284 3.2 -2.26893
964 1292 3.2 -1.91986
2444 1312 3.2 -0.872665
2528 1316 3.2 0
824 1340 3.2 1.0472
596 1344 3.2 -1.22173
2136 1356 3.2 -0.698132
2568 1384 3.2 1.39626
784 1420 3.2 -2.0944
2044 1428 3.2 -1.5708
336 1440 3.2 -3.14159
1528 1472 3.2 0.174533
2132 1496 3.2 -2.26893
976 1520 3.2 -1.5708
1196 1524 3.2 -2.61799
4 1580 3.2 -0.174533
1264 1652 3.2 -2.0944
2248 1664 3.2 1.0472
948 1696 3.2 2.26893
1512 1732 3.2 -3.14159
332 1744 3.2 0
2376 1752 3.2 -1.39626
1180 1772 3.2 -2.61799
968 1780 3.2 0.349066
2320 1828 3.2 -1.22173
2460 1828 3.2 0.523599
1980 1840 3.2 0.349066
392 1904 3.2 -0.872665
196 1908 3.2 -2.26893
128 1952 3.2 -1.91986
692 1956 3.2 2.44346
824 1088 2.53984 -1.5708
2320 1824 2.53984 -1.0472
MATCHES 1591
6 407 0.0780643
7 538 0.144877
32 1 0.126875
33 2 0.0290338
34 3 0
35 4 7.69997e-07
36 5 0
37 6 9.83998e-06
38 7 0
40 8 0
41 9 0
42 10 0
43 11 0
44 13 0
45 14 0
46 15 0
47 16 0
48 17 0
49 18 0
50 19 0
51 20 0
52 21 0
53 22 0
54 23 0
55 24 0
56 25 0
57 26 0
58 27 0
59 28 0
60 29 0
62 30 0
63 31 0
64 32 0
65 33 0
66 34 0.00377385
67 35 0
68 36 0
69 37 0
70 38 0
71 39 0
72 40 0
73 41 0
74 42 0
75 43 0
76 44 0
77 45 0
78 47 0
79 48 0
80 49 0
81 51 0
82 52 0
83 53 0
84 54 0
85 55 0
86 56 0
87 57 0
88 58 0
89 59 0
90 60 0
91 61 0
92 62 0
93 63 0
94 64 0
95 65 0
96 66 0
97 67 0
98 68 0
99 69 0
100 70 0
101 71 0
102 72 0
103 73 0
104 74 0
105 75 0
106 76 0
107 77 0
108 78 0
109 79 0
110 80 0
111 81 0
112 82 0
113 83 0
114 84 0
115 85 0
116 86 0
117 87 0
118 88 0
119 89 0
120 90 0
121 91 0
122 92 0
123 93 0
124 94 0
125 95 0
126 96 0
127 97 0
128 99 0
129 100 0
130 101 0
131 102 0
132 103 0
133 104 0
134 105 0
135 106 0
136 107 0
137 108 0
138 109 0
139 110 0
140 111 0
141 112 0
142 113 0
143 114 0
144 115 0
145 116 0
146 117 0
147 118 0
148 119 0
149 120 0
150 122 0
151 123 0
152 124 0.0814052
153 125 0
154 127 0
155 128 0
156 129 0
157 130 0
158 131 0
159 132 0
160 133 0
161 134 0
162 135 0
163 136 0
164 137 0
165 138 0
166 139 0
167 140 0
168 141 0
169 142 0
170 143 0.00391266
171 144 0
172 145 0
173 146 0
174 147 0
175 148 0
177 149 0
178 150 0
179 151 0
180 152 0
181 153 0
182 154 0
183 155 0
184 156 0
186 157 0
187 158 0
188 160 0
189 161 0
190 162 0
191 163 0
192 164 0
193 165 0
194 166 0
195 167 0
196 168 0
197 169 0
198 170 0
199 171 0
200 172 0
201 173 0
202 174 0
204 175 0
205 176 0
206 177 0
207 178 0
208 179 0
209 180 0
210 181 8.79872e-05
211 182 0
212 183 0
213 184 0
214 185 0
215 186 0
216 187 0
217 189 0
218 190 0
219 191 0
220 192 0
221 193 0
223 194 0
224 195 0
225 196 0
226 198 0
227 199 0
228 200 0
230 201 0
231 202 0
232 203 0
233 204 0
234 205 0
235 206 0
236 207 0
237 209 0
238 210 0
239 211 0
240 415 0.121953
241 212 0
242 213 0
243 214 0
244 215 0
245 216 0
246 217 0
247 218 0
248 219 0
249 220 0
250 221 0
251 222 0
252 223 0
253 224 0
254 225 0
256 226 0
257 227 0
258 228 0
259 229 0
260 230 0
261 231 0
262 232 0
263 233 0
264 234 0
265 388 0.0678284
266 235 0
268 236 0
269 237 0
270 238 0
271 239 0
272 240 0
273 242 0
274 243 0
275 244 0
276 267 0.157022
277 245 0
278 246 0.045697
279 247 0
280 248 0
281 249 0
282 251 0
283 252 0
284 253 0
285 254 0
286 255 0
287 256 0
288 257 0
289 258 0
290 259 0
291 260 0
292 261 0
293 262 0
294 263 0
295 264 0
296 265 0
297 266 0
298 267 0
299 268 0
300 269 0
301 270 0
302 271 0
303 272 0
305 273 0
306 274 0
307 275 0
308 276 0
309 277 0
310 278 0
311 279 0
312 280 0
313 281 0
315 283 0
316 284 0
317 285 0
318 286 0
319 287 0
320 288 0
321 289 0
322 290 0
323 291 0
324 292 0
325 293 0
326 294 0
327 295 0
328 296 0
331 297 0
332 298 0
333 299 0
334 300 0
335 301 0
336 302 0
337 304 0
338 305 0
339 306 0
340 307 0
341 308 0
342 309 0
343 311 0
344 312 0
345 313 0
346 314 0
347 315 0
348 316 0
349 317 0
350 318 0
351 319 0
352 321 0
353 322 0
354 323 0
355 324 0
356 325 0
357 326 0
359 327 0
360 328 0
361 329 0
362 330 0
363 331 0
364 332 0
365 333 0
366 334 0
367 335 0
369 336 0
370 337 0
371 338 0
372 340 0
374 341 0
375 342 0
376 343 0
377 344 0
378 345 0
379 346 0
380 347 0
381 348 0
382 349 0
384 350 0
385 351 0
386 352 0
387 353 0
388 354 0
389 355 0
390 356 0
391 358 0
392 359 0
393 360 0
394 361 0
395 362 0
396 363 0
397 364 0
398 365 0
399 366 0
400 367 0
401 368 0
402 369 0
403 372 0
404 373 0
405 374 0
406 375 0
407 376 0
408 377 0
409 378 0
411 379 0
412 380 0
413 381 0
414 382 0
415 383 0
416 384 0
417 385 0
418 386 0
419 387 0
420 388 0
421 389 0
422 390 0
423 391 0
424 392 0
425 393 0
426 394 0
427 395 0
428 396 0
429 397 0
430 398 0
431 399 0
432 400 0
433 402 0
434 403 0
435 404 0
436 405 0
437 406 0
438 407 0
439 408 0
440 409 0
441 410 0
442 411 0
443 412 0
445 413 0
446 414 0
448 415 0
449 416 0
450 418 0
451 419 0
452 421 0
453 422 0
454 423 0
455 424 0
456 425 0
457 426 0
458 427 0
459 428 0
460 429 0
461 431 0
462 432 0
463 433 0
464 434 0
465 435 0
466 436 0
467 438 0
468 439 0
469 440 0
470 441 0
471 442 0
472 443 0
473 444 0
474 445 0
475 446 0
476 448 0
477 449 0
478 451 0
479 452 0
480 453 0
481 455 0
482 456 0
483 457 0
484 458 0
485 459 0
486 460 0
487 461 0
488 462 0
489 463 0
490 464 0
491 465 0
492 466 0
493 467 0
494 468 0
495 469 0
496 470 0
497 471 0
498 472 0
499 473 0
500 474 0
501 475 0
503 476 0
504 477 0
505 478 0
506 479 0
507 481 0
508 482 0
509 483 0
510 484 0
511 485 0
512 486 0
513 487 0
514 488 0
515 489 0
516 490 0
517 491 0
519 492 0
520 493 0
521 494 0
522 495 0
523 496 0
524 497 0
525 498 0
526 499 0
527 500 0
528 501 0
529 502 0
530 503 0
531 504 0
532 505 0
533 506 0
534 507 0
535 508 0
536 509 0
537 511 0
538 512 0
539 513 0
540 514 0
541 515 0
542 516 0
543 517 0
544 518 0
545 519 0
546 520 0
547 521 0
548 522 0
549 523 0
550 524 0
551 525 0
552 526 0
553 528 0
554 530 0
555 531 0
556 532 0
559 533 0
560 534 0
561 535 0
562 536 0
563 537 0
564 538 0
565 539 0
566 540 0
567 541 0
568 542 0
569 543 0
570 544 0
571 545 0
572 546 0
573 547 4.4259e-06
574 548 0.00146647
575 549 0
588 2283 0.116788
589 692 0.104498
592 1300 0.11221
593 760 0.0418471
599 1107 0.0968694
614 1030 0.278685
616 594 0.0858836
617 1193 0.100809
618 596 1.29335e-05
619 597 2.66195e-06
620 598 0
621 599 0
622 600 0
623 601 0
625 602 0
626 603 0
627 604 0
628 605 0
629 606 0
630 607 0
631 609 0
632 610 0
633 611 0
634 612 0
635 613 0
636 614 0
637 615 0
638 616 0
639 617 0
640 618 0
641 619 0
642 620 0
643 621 0
644 622 0
645 623 0
646 624 0
647 625 0
648 626 0
649 627 0
650 628 0
651 629 0
652 630 0
653 631 0
654 632 0
655 633 0
656 634 0
657 635 0
658 636 0
659 637 0
660 638 0
661 639 0
662 640 0
663 641 0
664 642 0
665 643 0
666 644 0
667 645 0
668 646 0
669 647 0
670 648 0
671 650 0
672 651 0
673 652 0
674 653 0
676 655 0
677 656 0
678 658 0
679 659 0
680 660 0
681 661 0
682 662 0
683 664 0
684 666 0
685 667 0
687 668 0
688 669 0
689 670 0
690 671 0
691 672 0
692 673 0
693 674 0
694 675 0
695 676 0
696 677 0
697 678 0
698 680 0
699 681 0
700 682 0
701 683 0
702 684 0
703 685 0
704 686 0
705 687 0
706 688 0
707 689 0
708 690 0
709 691 0
710 692 0
711 693 0
712 694 1.66491e-05
713 696 0
714 697 0
716 698 0
717 1133 0.233832
718 699 0
719 700 0
720 701 0
721 702 0
722 703 0
723 705 0
724 706 0
725 708 0
726 709 0
727 710 0
728 711 0
730 712 0
731 713 0
732 714 0
733 715 0
734 716 0
735 717 0
736 718 0
737 719 0
738 720 0
739 721 0
740 722 0
741 723 0
742 724 0
743 725 0
744 726 0
745 728 0
746 729 0
747 730 0
748 731 0
749 732 0
750 733 0
751 734 0
752 735 0
753 736 0
754 737 0
755 738 0
756 739 0
757 740 0
758 741 0
759 742 0
760 743 0
761 744 0
762 745 0
763 746 0
764 747 0
765 748 0
766 749 0
767 750 0
768 751 0
769 752 0
770 753 0.0284771
771 699 0.0947071
772 754 0
773 755 0
774 756 0
775 757 0
776 758 1.6389e-09
777 759 0
778 760 0
779 761 0
780 762 0
781 763 0
782 764 0
783 765 0
784 766 0
785 767 0
786 768 0
787 769 0
788 770 0
789 771 0
790 772 0
791 773 0
792 774 0
793 775 0
795 776 0
796 778 0
797 779 0
798 780 0
799 781 0
800 782 0
801 783 0
802 784 0
803 785 0
804 786 0
805 787 0
806 788 0
807 789 0
808 790 0
809 791 0
810 793 0
811 794 0
812 795 0
813 796 0
814 797 0
815 798 0.244761
816 799 0
817 800 0
818 802 0
819 803 0
820 804 0
821 805 0
823 806 0
824 807 0
825 808 0
826 809 0
827 810 0
828 811 0
829 812 0
830 813 0
831 814 0
832 815 0
833 817 0
834 818 0
835 819 0
836 820 0
837 821 0
838 822 0
839 823 0
840 824 0
841 825 0
842 827 0
843 828 2.88826e-07
844 829 0
845 831 0
847 833 0
848 834 0
849 835 0
850 836 0
851 837 0
852 838 0
853 839 0
855 840 0
856 841 0
857 842 0
858 844 0
859 845 0
860 847 0
861 848 0
862 849 0
863 850 0
864 851 0
865 852 0
866 853 0
867 854 0
868 855 0
869 856 0
870 857 0
871 858 0
872 859 0
873 860 0
874 861 0
875 862 0
876 863 0
877 864 0
878 865 0
880 867 0
881 869 0
882 870 0
883 871 0
884 872 0
885 873 0
886 874 0
887 875 0
888 877 0.000208058
889 878 0
890 879 0
891 880 0
892 881 0
893 882 0
894 883 0
895 884 0
896 885 0
897 886 0
898 887 0
899 888 0
900 889 0
901 890 0
902 891 0
903 892 0
904 893 0.000750684
905 894 0
906 895 0
907 896 0
908 897 0
909 898 0
910 899 0
911 901 0
912 902 0
913 903 0
914 904 0
915 905 0
916 906 0
917 907 0
918 908 0
919 909 0
920 910 0
921 911 0
922 912 0
923 913 0
924 915 0
925 916 0
926 917 0
927 918 0
928 919 0
929 920 0
930 921 0
931 922 0
932 923 0
933 924 0
934 925 0
935 926 0
937 927 0
938 928 0
939 929 0
940 930 0
941 931 0
942 932 0
943 933 0
944 934 0
945 935 0
946 936 0
947 938 0
948 939 0
949 940 0
950 941 0
951 942 0
952 943 0
953 944 0
955 945 0
956 946 0
957 947 0
958 948 0
959 949 0
960 950 0
961 951 0
962 952 0
963 953 0
964 954 0
965 955 0
966 902 0.107574
967 956 0
968 957 0
969 958 0
970 959 0
971 960 0
972 961 0
973 962 0
974 963 0
975 964 0
976 965 0
977 967 0
979 968 0
980 969 0
981 970 0
982 971 0
983 973 0
984 974 0
985 975 0
986 976 0
987 977 0
988 979 0
989 980 0
990 981 0
991 982 0
992 983 0
993 985 0
994 986 0
995 987 0
997 989 0
998 990 0
999 991 0
1000 992 0
1001 993 0
1002 994 0
1003 995 0
1004 996 0
1005 997 0
1006 998 0
1007 999 0
1008 1000 0
1009 1001 0
1010 1002 0
1011 1003 0
1012 1004 0
1013 1006 0
1014 1007 0
1015 1008 0
1016 1009 0
1017 1010 0
1018 1011 0
1019 1012 0
1020 1013 0
1021 1014 0
1022 1015 0
1023 1016 0
1024 1017 0
1025 1018 0
1026 1019 0
1027 1020 0
1028 1021 0
1029 1022 0
1030 1023 0
1031 1024 0
1032 1025 0
1033 1026 0
1034 1027 0
1035 1028 0
1036 1029 0
1037 1030 0
1038 1031 0
1039 1032 0
1040 1033 0
1041 1036 0
1042 1037 0
1043 1038 0
1044 1039 0
1045 1040 0
1046 1041 0
1048 1043 0
1049 1044 0
1050 1045 0
1051 1046 0
1052 1047 0
1054 1048 0
1055 1049 0
1056 1050 0
1057 1051 0
1059 1052 0
1060 1054 0
1061 1055 0
1062 1056 0
1063 1057 0
1064 1058 0
1065 1060 0
1066 1061 0
1067 1062 0
1068 1063 0
1070 1065 0
1071 1066 0
1072 1067 0
1073 1068 0
1074 1069 0
1075 1070 0
1076 1071 0
1077 1072 0
1078 1073 0
1079 1074 0
1080 1075 0
1081 1076 0
1082 1077 0
1083 1078 0
1084 1079 0
1085 1080 0
1086 1081 0
1087 1082 0
1088 1083 0
1089 1084 0
1090 1085 0
1091 1086 0
1092 1087 0
1093 1088 0
1094 1089 0
1095 1090 0
1096 1091 0
1097 1092 0
1098 1093 0
1099 1094 0
1100 1095 0
1101 1096 0
1102 1097 0
1103 1098 0
1104 1099 0
1105 1100 0
1106 1101 0
1107 1102 0
1108 1103 0
1109 1104 0
1110 1105 0
1112 1107 0
1113 1108 0
1114 1109 0
1115 1110 0
1116 1111 0
1117 1112 0
1118 1113 0
1119 1114 0
1120 1115 0
1121 1116 0
1122 1117 0
1123 1118 0.279845
1124 1119 0
1125 1120 0
1126 1121 0
1127 1122 0
1128 1123 0
1129 1124 0
1130 1125 0
1131 1126 0
1132 1127 0
1133 1128 0
1134 1129 0
1135 1130 0
1136 1131 0
1137 1132 0
1138 1133 0
1139 1134 0
1140 1135 0
1141 1136 0
1142 1137 0
1143 1138 0
1144 1139 0
1145 1140 0
1147 1141 0.0146489
1148 1142 0
1149 1143 0
1150 1144 0
1151 1145 0
1152 1146 0
1153 1147 0
1154 1148 0
1155 1149 0
1156 1150 0
1157 1151 0
1158 1152 0
1159 1153 0
1160 1154 0
1161 1155 0
1162 1156 0
1163 1157 0
1164 1158 0
1165 1159 0
1166 1160 0
1167 1161 0
1168 1162 0
1169 1163 0
1170 1164 0
1172 1165 0
1173 1166 0
1174 1167 0
1175 1168 0
1176 1169 0
1177 1170 0
1178 1171 0
1179 1172 0
1180 1173 0
1181 1174 0
1182 1175 0
1183 1176 0
1184 1177 0
1185 1178 0.129343
1186 1179 0
1187 1180 0
1188 1181 0
1189 1182 0
1190 1183 0
1191 1184 0
1193 1185 0
1194 1187 0
1195 1188 0
1196 1189 0
1197 1190 0
1198 1191 0
1199 1192 0
1200 1193 0
1201 1194 0
1202 1195 0
1203 1196 0
1204 1197 0
1206 1198 0
1207 1199 0
1208 1200 0
1209 1203 0
1210 1204 0
1211 1205 0
1212 1206 0
1213 1207 0
1214 1208 0
1215 1209 0
1216 1210 0
1217 1211 0
1218 1212 0
1219 1213 0
1220 1214 0
1221 1215 0
1222 1216 0
1223 1217 0
1224 1218 0
1225 1219 0
1226 1220 0
1227 1221 0
1228 1222 0
1229 1223 0
1230 1225 0
1231 1226 0
1232 1227 0
1233 1228 0
1234 1229 0
1235 1230 0
1237 1231 0
1238 1232 0
1239 1233 0
1240 1234 0
1241 1235 0
1242 1236 0
1244 1237 0
1245 1238 0
1246 1239 0
1247 1240 3.52899e-05
1248 1241 0
1249 1242 0
1250 1243 0
1251 1244 0
1252 1245 0
1254 1247 0
1255 1248 0
1256 1250 0
1257 1251 0
1258 1252 0
1259 1253 0
1260 1254 0
1261 1256 0
1262 1257 0
1263 1258 0
1264 1259 0
1265 1260 0
1266 1261 0
1267 1262 0
1268 1263 0
1269 1264 0
1270 1265 0
1271 1266 0
1272 1267 0
1273 1268 0
1274 1269 0
1275 1270 0
1276 1271 0
1277 1272 0
1278 1273 0
1279 1274 0
1280 1275 0
1281 1276 0
1282 1277 0
1283 1278 0
1284 1280 0
1285 1281 0
1286 1282 0
1287 1283 0
1288 1285 0
1289 1287 0
1290 1288 0
1291 1289 0
1292 1291 0
1293 1293 0
1294 1294 0
1295 1295 0
1296 1296 0
1297 1297 0
1299 1298 0
1300 1299 0
1302 1301 0
1303 1302 0
1305 1303 0
1306 1304 0
1308 1305 0
1309 1306 0
1310 1307 0
1311 1308 0
1312 1309 0
1313 1312 0.000191064
1314 1313 0.0190848
1360 1844 0.0724504
1361 371 0.199581
1365 1363 0.301483
1369 1368 0.136693
1373 1640 0.140544
1374 1372 0.186094
1375 1374 0.187171
1377 1377 0.168579
1381 1380 0.212142
1382 1382 0.184358
1385 1384 0.205945
1387 1386 0.263065
1391 1393 0.123538
1392 1392 0.233522
1396 1396 0.175826
1398 1399 0.219671
1399 1401 0.229729
1406 1407 0.187078
1407 1408 0.145021
1408 1409 0.135565
1409 1410 0.172193
1410 1411 0.218587
1411 1412 0.164544
1412 1414 0.187953
1416 1417 0.200826
1417 1418 0.217345
1418 1419 0.232001
1421 1423 0.154384
1424 1427 0.28967
1426 1428 0.133883
1427 1430 0.174593
1428 1429 0.253694
1430 1434 0.221689
1435 1440 0.143048
1436 1441 0.18298
1437 1442 0.166375
1438 1444 0.23695
1439 1443 0.226142
1440 1446 0.177552
1444 1451 0.205017
1447 1454 0.159497
1450 1456 0.11281
1452 1457 0.212964
1454 1462 0.250961
1455 1460 0.20137
1456 1461 0.116282
1457 1463 0.158428
1458 1466 0.310613
1459 1467 0.2067
1460 1465 0.116239
1465 1473 0.195189
1468 1476 0.208455
1470 1477 0.224266
1475 1483 0.208079
1476 1485 0.20447
1477 1486 0.303639
1481 1490 0.166486
1485 1494 0.256928
1489 1496 0.204563
1490 1499 0.183764
1492 1501 0.221606
1497 1505 0.17415
1499 1507 0.147677
1503 1513 0.179073
1504 1515 0.215027
1508 1516 0.221209
1514 1521 0.202985
1519 1527 0.170233
1521 1529 0.246204
1536 1544 0.225151
1539 1549 0.134121
1541 1548 0.139691
1544 1552 0.208649
1548 1559 0.162766
1551 1558 0.1616
1552 1562 0.206851
1553 1564 0.215841
1554 1563 0.167136
1555 1566 0.239814
1556 1565 0.205078
1559 1567 0.168074
1562 1571 0.208349
1565 1573 0.178856
1568 1579 0.281505
1570 1578 0.183273
1571 1580 0.0621831
1573 1582 0.221733
1574 1583 0.149256
1578 1587 0.166541
1582 1591 0.172469
1584 1593 0.162847
1585 1594 0.21429
1590 1600 0.201565
1591 1599 0.270546
1592 1601 0.182645
1601 1613 0.151261
1602 1614 0.175244
1606 1618 0.174371
1612 1625 0.175472
1616 1629 0.200638
1619 1630 0.202605
1620 1631 0.173137
1623 1633 0.149713
1624 1635 0.277905
1632 1643 0.237844
1633 1644 0.19852
1635 1645 0.199739
1638 1647 0.12588
1639 1649 0.262536
1643 1652 0.258756
1644 1656 0.157729
1654 1666 0.221237
1655 1665 0.156171
1658 1669 0.231237
1660 1673 0.198404
1661 1672 0.216691
1662 1674 0.216197
1667 1678 0.213592
1669 1681 0.186791
1670 1682 0.160368
1671 1683 0.155249
1672 1684 0.10004
1678 1689 0.243877
1684 1693 0.18741
1685 1695 0.183358
1694 1705 0.202634
1704 1711 0.192493
1710 1718 0.181479
1719 1726 0.181829
1720 1728 0.277438
1722 1730 0.207556
1723 1731 0.161303
1724 1732 0.235728
1725 1733 0.227432
1730 1740 0.137512
1734 1746 0.143763
1736 1748 0.192308
1738 1747 0.234322
1740 1750 0.164634
1741 1752 0.231694
1744 1755 0.145745
1746 1757 0.17973
1749 1761 0.184489
1750 1762 0.2006
1755 1766 0.192877
1756 1767 0.151598
1758 1770 0.155258
1759 1772 0.234598
1760 1774 0.158894
1761 1775 0.259932
1765 1780 0.233464
1768 1783 0.164351
1770 1784 0.189746
1772 1786 0.171773
1773 1787 0.163412
1774 1789 0.199631
1777 1792 0.135819
1779 1794 0.19609
1785 1799 0.200644
1786 2236 0.177843
1787 1803 0.169154
1789 1805 0.203249
1791 1807 0.301136
1793 1812 0.188358
1794 1810 0.193415
1802 1819 0.182448
1808 1823 0.171609
1811 1825 0.204029
1812 1826 0.235792
1813 1827 0.20111
1817 2246 0.193323
1819 1832 0.222421
1820 1833 0.165281
1821 1834 0.142408
1824 1837 0.236513
1826 1839 0.154317
1828 1840 0.146691
1830 1841 0.183374
1831 1843 0.222816
1832 415 0.0986264
1836 1849 0.160495
1841 1853 0.377548
1845 1857 0.169518
1848 1861 0.203114
1849 1862 0.163765
1851 1864 0.202227
1852 1865 0.234967
1854 1868 0.152747
1856 1870 0.182816
1857 1872 0.110692
1864 1878 0.175516
1866 1880 0.161158
1867 1881 0.217254
1868 1883 0.127837
1869 1882 0.146561
1873 1888 0.21054
1875 1889 0.206862
1879 1893 0.271061
1882 1895 0.212496
1883 1896 0.151283
1886 1899 0.211657
1888 1901 0.226557
1895 1909 0.287343
1898 1913 0.217079
1902 1915 0.18384
1904 881 0.285768
1906 1917 0.161949
1910 1923 0.211103
1913 1927 0.226732
1914 1929 0.192099
1917 1931 0.18501
1918 1930 0.18399
1924 1940 0.161683
1926 1939 0.22376
1927 1941 0.198549
1928 1944 0.234378
1931 1945 0.17605
1934 1949 0.128196
1936 1951 0.229237
1938 1953 0.182704
1939 1954 0.223292
1941 1956 0.225187
1942 1957 0.216386
1944 1959 0.215822
1949 1965 0.175148
1953 1969 0.216743
1954 1970 0.194145
1955 1972 0.132537
1958 1976 0.231774
1960 1975 0.235682
1965 1982 0.157315
1966 1984 0.174594
1968 1987 0.244777
1970 1988 0.201074
1972 1990 0.160994
1978 201 0.103873
1980 2423 0.214924
1982 2001 0.188946
1984 2002 0.182568
1986 2006 0.187501
1989 1676 0.21018
1990 2008 0.213706
1991 2009 0.195261
1993 271 0.185701
1996 2013 0.259121
1997 2014 0.217448
1999 1508 0.117116
2001 2017 0.207833
2008 2023 0.173835
2011 2026 0.213419
2012 483 0.168885
2015 2031 0.164157
2019 2036 0.160814
2020 2034 0.198966
2022 360 0.0944148
2023 2038 0.224189
2036 2053 0.201782
2038 2056 0.259194
2043 2060 0.161592
2044 2061 0.144647
2045 2062 0.166054
2046 2063 0.11424
2070 2127 0.268964
2077 2504 0.153506
2078 2136 0.142559
2079 2137 0.187326
2080 1438 0.305108
2081 2138 0.17041
2083 2140 0.193332
2084 2142 0.166956
2085 2141 0.195549
2086 2144 0.200622
2087 2143 0.154859
2088 2145 0.165411
2089 2146 0.272103
2091 2148 0.152188
2092 2149 0.17133
2095 2151 0.160133
2096 2153 0.148292
2099 2157 0.174965
2101 2158 0.133408
2106 2163 0.161185
2112 2171 0.186958
2114 2173 0.251483
2117 2177 0.190917
2119 2178 0.173858
2123 2182 0.151029
2124 2184 0.192134
2125 2183 0.150642
2126 2185 0.163337
2128 2187 0.184175
2129 2188 0.197635
2133 2193 0.183205
2136 2196 0.162583
2137 2198 0.207922
2139 2200 0.195458
2140 2201 0.206415
2141 2204 0.194339
2144 2207 0.11195
2152 2217 0.231485
2155 2219 0.191847
2157 2221 0.146915
2158 2222 0.191379
2161 2225 0.155631
2162 2226 0.183628
2163 2227 0.170122
2167 2231 0.168387
2169 2234 0.156726
2170 2235 0.166566
2173 2239 0.160124
2174 2240 0.132493
2179 2244 0.151149
2183 2248 0.181824
2186 2251 0.122257
2188 1847 0.246663
2189 2254 0.147152
2195 2259 0.153413
2197 2260 0.123205
2202 2265 0.212028
2204 2267 0.19168
2207 2269 0.141483
2216 1183 0.140064
2219 2280 0.164323
2229 2292 0.171858
2230 2293 0.174533
2231 2294 0.243568
2232 2295 0.168775
2233 2296 0.208601
2239 2302 0.146568
2240 2303 0.164934
2241 2304 0.169139
2242 2305 0.152314
2243 2306 0.178404
2247 2310 0.188257
2249 2314 0.158214
2256 2320 0.109953
2257 2319 0.191479
2273 2341 0.17761
2286 2354 0.259488
2290 2358 0.166213
2291 2359 0.184048
2292 2360 0.267775
2294 2362 0.20981
2296 2363 0.32131
2300 2369 0.320091
2301 2370 0.172236
2302 1366 0.146995
2305 2374 0.293699
2309 2378 0.176531
2312 2382 0.14351
2316 2387 0.213206
2319 2389 0.282359
2322 2392 0.237149
2323 2394 0.272073
2328 2399 0.182022
2330 2401 0.175107
2333 2404 0.22079
2338 2530 0.37014
2340 2410 0.213357
2341 2411 0.258523
2343 2413 0.227702
2344 2414 0.24863
2349 2419 0.224302
2350 2420 0.243727
2352 2422 0.147276
2357 2427 0.214613
2358 2429 0.209784
2362 2434 0.157211
2363 2435 0.185986
2364 2436 0.230486
2365 2437 0.190239
2372 2444 0.213667
2380 2451 0.248058
2384 2455 0.158977
2386 2457 0.255679
2389 2460 0.24735
2390 2461 0.228067
2397 2467 0.208273
2399 2469 0.214332
2401 2471 0.215745
2409 2477 0.250015
2410 2478 0.159643
2418 2484 0.200208
2430 2498 0.180099
2433 2502 0.156597
2441 2509 0.197477
2447 2514 0.208174
2465 2536 0.146876
2466 2537 0.191936
2467 2539 0.181194
2472 2543 0.248759
2474 2547 0.231302
2475 2548 0.173311
2483 2557 0.163371
